  1.263374753977446e+09 -1.043868805794462e+06 -1.373346469754065e+06
  1.260726646247858e+09 -1.984125105297558e+06 -2.070154957894185e+06
  1.262914783495346e+09 -9.652364065882920e+05 -2.168600140669284e+06
  1.264160375590734e+09  5.142909660323205e+05 -2.343967283318073e+06
  1.260974291455968e+09  1.054993311412620e+06 -7.278913894536889e+05
  1.263626535439961e+09  1.738650856918133e+05 -1.633517904841338e+05
  1.262029490423305e+09  5.487925356321669e+05 -1.833663646701712e+06
  1.261151235475948e+09 -1.643770365124415e+05 -2.061296789598857e+06
  1.261382219329528e+09  1.223920832815847e+06  1.412067254590564e+06
  1.262904826563542e+09 -1.064661027488141e+06  2.903314139186668e+06
  1.264132042410883e+09  2.623628788072363e+06  1.143831117332552e+06
  1.265830606025743e+09 -3.312325756642204e+06  1.577633109562350e+06
  1.263760250066017e+09 -8.987370820578226e+05  3.590927234848321e+06
  1.260389957431809e+09 -2.045654618561126e+05  3.911914410165451e+06
  1.262525632712559e+09 -3.180563684705499e+06  2.521579304119931e+06
  1.265653492596685e+09  7.769427155525747e+05  8.108124266951371e+05
  1.264438838911417e+09 -7.720489720078277e+05  7.948995693104325e+05
  1.262882799771015e+09 -1.242560197204256e+06  2.541874472381544e+06
  1.262657055430290e+09 -3.066867867636000e+06  2.606750146083705e+06
  1.264832234544105e+09 -3.501325012024050e+04  2.204529562803209e+06
  1.262499200589186e+09  1.889865909330284e+06  2.720851179425924e+06
  1.262309764107912e+09  7.224702081870951e+05  2.675629264518966e+05
  1.267231278537324e+09  1.354658619696494e+06 -2.428694435066309e+06
  1.266487997661277e+09 -6.783390326755744e+05 -2.354921543464499e+06
  1.267347019532288e+09 -4.814181192926251e+05 -1.577271588611330e+06
  1.264814329370769e+09 -1.089826236955248e+06 -3.692788002644025e+04
  1.259521766939296e+09  9.923237137716995e+05  6.436426629660809e+05
  1.263909117255694e+09 -4.269925600482848e+06 -6.863609235539923e+05
  1.263318562041381e+09  8.937068169986466e+05 -3.065130098672670e+05
  1.260858884841309e+09  1.615895299457468e+06 -2.446871526792207e+05
  1.263214610175407e+09 -3.123717530373268e+06 -1.898176870085584e+06
  1.261717057692818e+09 -1.753389149550815e+06 -1.135581807758399e+06
  1.264975994152933e+09  5.779953672865486e+05 -4.378240097179700e+06
  1.265423582844845e+09 -6.663554041833397e+05 -4.848190371484614e+06
  1.263917839996698e+09 -2.068736471995384e+06 -1.932790481590122e+06
  1.261367934619758e+09  3.000032726975191e+05 -4.397526100115222e+05
  1.264803109085201e+09  2.961362710772267e+06 -2.046570860858374e+06
  1.258872761495185e+09  3.259077998826451e+06 -4.551336708289252e+06
  1.261237848241591e+09  7.863595499007918e+05 -4.401946190779923e+06
  1.264462803306892e+09 -1.956629903500106e+06 -2.623967060032883e+04
  1.262170846910762e+09 -2.814916348060861e+04  2.251547127588999e+06
  1.263200112604768e+09 -1.211703047149316e+06 -1.851352022940101e+05
  1.262251716656158e+09 -1.109877986449780e+06 -1.490772930183256e+06
  1.260014120709380e+09 -4.890530922621205e+06  6.377101692988324e+05
  1.260770531356841e+09 -4.831155067580758e+04  2.237328666850920e+06
  1.262760513026711e+09  2.582618600156414e+05  1.130140533135449e+06
  1.261932153107219e+09 -8.688506415711523e+05  5.400656489101142e+05
  1.261250767886225e+09 -1.572687487518301e+06 -9.385752569953391e+05
  1.263596018484329e+09  3.701481094211631e+04 -3.171020124707918e+06
  1.262793939606426e+09  1.680166642596530e+06 -2.647173129375198e+06
  1.263416916462348e+09 -2.486292787919399e+05  7.569838881554062e+05
  1.268270564012286e+09  3.151446955197508e+06  2.641917350907582e+06
  1.263899157159227e+09  1.393641350490002e+06  1.173832598779298e+06
  1.263942724244931e+09  4.261281108738512e+06 -1.474414104430738e+06
  1.266262907598224e+09  4.627413210869709e+05 -3.449743667047025e+06
  1.266344381028846e+09 -3.414397692712579e+06 -1.968646024739149e+06
  1.260472562571210e+09  8.886100049512628e+05  1.642060279635625e+06
  1.265852037439657e+09 -4.115645429409919e+05  2.476222390816947e+06
  1.259216151018122e+09 -1.102725916300580e+05 -8.153853287225164e+05
  1.263781838767265e+09 -3.305562060987093e+06 -3.166018416966845e+06
  1.262982846783778e+09  1.199184549489063e+06 -1.489002388897630e+06
  1.264157735114830e+09 -1.935130291252202e+06  2.737417889181047e+05
  1.262205485312738e+09  8.111851659679017e+05 -1.293679418141017e+06
  1.268726268362771e+09 -1.493186958571328e+06 -2.781584016079480e+06
  1.259915195948843e+09 -1.108335336981125e+06  2.451280082664052e+06
  1.262212636301289e+09  3.464267872123830e+06  1.948378619254175e+06
  1.264547377340988e+09 -2.276934816966762e+06  5.450384576704708e+05
  1.261130460597351e+09  3.233639534138884e+06 -1.479115400099842e+06
  1.262549276851079e+09  6.788179835878826e+05 -2.237799497251811e+06
  1.261845747096334e+09  1.149976764992838e+06  5.570006481957831e+04
  1.260376681273551e+09 -2.192558856555183e+05  1.804486421721034e+06
  1.261002160843614e+09 -7.505603494319792e+05  1.430488524090517e+06
  1.262245678472732e+09  9.283726710166142e+05 -3.828646550522051e+05
  1.262610378848388e+09  2.750160387984336e+05 -2.089908637555062e+06
  1.267364568956873e+09  1.301353473698923e+06 -9.339960445217269e+05
  1.260499076416309e+09 -2.942918418975395e+06  9.237461485862602e+05
  1.262729763962332e+09  3.816947380349053e+06  1.204892023706032e+06
  1.261628401520113e+09 -2.612411940318870e+06  1.205404541235970e+06
  1.260561421106481e+09  3.805572897896802e+05  1.365384260719726e+06
  1.261951093407008e+09 -2.446634980286927e+06  1.821727189324743e+06
  1.263411947477296e+09 -4.476501827500160e+05 -3.520952540066167e+06
  1.262453709559149e+09  3.219617549527720e+06 -1.676226836893040e+06
  1.263922672299309e+09 -2.137058472193597e+06  5.580699437031852e+05
  1.264262661546275e+09  3.848951923422306e+05  5.232677726459739e+05
  1.261856806967607e+09  1.788217604153992e+06 -6.110056516440009e+05
  1.264646706327964e+09 -2.736869286040962e+04 -8.457434903885743e+05
  1.264125733588033e+09  1.023785791451014e+06 -3.879078445650905e+05
  1.262226307068497e+09  3.793132879399590e+06 -7.904733346152673e+05
  1.267149961141849e+09  7.947024534538678e+05 -8.229883945888811e+05
  1.260447304600605e+09  1.807534543684683e+06  9.953329253790011e+05
  1.261167099731882e+09  1.375107569681367e+06  2.304774775056315e+06
  1.263575125154358e+09 -3.826792960303413e+06  2.497799676118487e+06
  1.261501277038999e+09  2.887062920505931e+06  2.439350787022540e+06
  1.262288640101767e+09 -1.239825891329243e+06  1.866713495753988e+06
  1.261352830348774e+09 -2.220852769801884e+05 -4.943047814737435e+04
  1.263376261628694e+09 -2.085227610759872e+06 -2.660759611228855e+06
  1.260648471011287e+09 -5.916719803211704e+04  5.102917677649645e+06
  1.260473809361788e+09  1.819189109036031e+06  3.592832765772433e+06
  1.260654099949409e+09 -1.007236591905290e+06 -2.487665463822276e+05
  1.262009999568597e+09  5.072122295234185e+05 -9.375103218472130e+05
  1.263287869058608e+09  1.374094828660107e+06 -9.775385034530205e+05
  1.262661664717718e+09  2.694751432326253e+06 -1.930608790655109e+06
  1.258815956500875e+09  1.304308758174499e+06 -2.976926275166230e+06
  1.262715491700114e+09  1.215904263263195e+06 -2.778697262615588e+06
  1.261602393904440e+09  2.393655161042472e+05 -8.970348112799370e+05
  1.264512585509365e+09  4.329118270464530e+06 -1.125265175704140e+06
  1.260415896362944e+09  2.182594069164576e+06 -9.039596432550370e+05
  1.263765457377562e+09 -2.413957696100587e+06 -6.797901573942314e+04
  1.263138308514519e+09  1.173234106531842e+06 -2.482598382739997e+06
  1.261696645175459e+09 -8.130921037294619e+05 -4.897380430772415e+06
  1.260982086619720e+09  3.455941739717546e+05 -3.142760123312286e+06
  1.266131090482967e+09 -2.489147693528095e+06  1.617941623623754e+06
  1.262985261333980e+09 -1.143797683602373e+06 -1.336785295368420e+05
  1.265726504637848e+09 -1.540095258707110e+05  1.642832685651171e+06
  1.260422787463475e+09 -1.009500169226077e+06  2.142017936652298e+06
  1.259694908188404e+09  9.227530794048834e+05  9.821742239222584e+05
  1.263456549421206e+09  1.704858772514280e+05 -2.255427958903360e+05
  1.264588068134206e+09  1.960973751983237e+06  1.501730397296724e+06
  1.262276372916911e+09  1.212612350219043e+06  2.614911402627726e+06
  1.261835638070697e+09 -5.263779661360797e+06  1.455814910050137e+05
  1.264358267384448e+09 -1.727722315522513e+06 -1.860817778369449e+06
  1.263279661336424e+09  4.788782081229766e+06 -1.622506554533462e+06
  1.264604223446550e+09  2.427680163359158e+06  6.127620651060104e+05
  1.261755106024754e+09  5.673431785142028e+05  2.703624189545394e+06
  1.263643633516984e+09  1.745956210216672e+06  4.963162571751887e+05
  1.264026181992625e+09  8.867528845455125e+04 -3.495973113347176e+06
  1.258435395248919e+09 -5.512251599632357e+05 -4.368989411604947e+06
  1.262794603521587e+09 -1.283955404225467e+06 -2.580484173382298e+06
  1.263861520603667e+09 -1.625571000682268e+06 -1.700863827479310e+06
  1.264158396273337e+09 -1.149919005637695e+06 -1.086564351515105e+06
  1.263955443709278e+09  1.281862485129220e+06 -1.170593513902844e+06
  1.266020077093563e+09  8.482256291901567e+05 -9.243306599763840e+05
  1.261231945211865e+09  1.008005771257296e+06  5.651647756739239e+04
  1.263769930166901e+09  9.537570840185260e+05  4.800538273505074e+05
  1.261796949515721e+09  1.761324722495340e+06  6.807704904622587e+05
  1.263804191900914e+09 -6.311302240258428e+06  8.695097332885405e+05
  1.266319804230031e+09 -3.525952105205502e+06  1.234399346261819e+06
  1.260507937559405e+09  3.814182111577657e+06  1.492449129927488e+06
  1.265268021770578e+09 -1.689191637001196e+05  1.716405011227927e+06
  1.260192865829456e+09  1.420332614440737e+06  2.794521790979345e+06
  1.263052829555898e+09  2.095380670094096e+06  4.007320452012798e+06
  1.259332529027887e+09  4.172616749820260e+05  4.500476731895198e+06
  1.261428188867160e+09 -7.198517916967580e+05  3.589230819019703e+06
  1.261097924580671e+09  1.327393869081148e+06  2.870690532211412e+05
  1.263915126269682e+09  1.430156461855137e+05 -2.123751062416253e+06
  1.262094409137317e+09 -9.081720579738950e+05 -1.973798924463352e+06
  1.262838362171556e+09  2.135311022495617e+06  4.282452695426341e+05
  1.262211079683178e+09  2.726527265874932e+06  1.603095365024943e+06
  1.263567973564956e+09  3.352075746647624e+06  2.123842879646764e+06
  1.260834681228481e+09  3.525531422593976e+06  2.957520035263857e+06
  1.258792076455417e+09 -1.047954116915688e+06  2.486823382673427e+06
  1.264442707835890e+09 -2.917850124534580e+06  1.446172533897008e+06
  1.259839057901543e+09 -3.578286145128710e+06  2.342945397640578e+04
  1.260836200284629e+09  1.783205510767285e+06 -2.869244801490975e+05
  1.261573194162435e+09 -5.669007430171020e+05  6.111652559690678e+05
  1.264562635995218e+09 -9.511226766937410e+05  3.589646990171261e+05
  1.264774482931626e+09  8.926471919990607e+05 -1.129228611679154e+06
  1.262697116555196e+09 -1.786922617824303e+06 -1.476257310092497e+06
  1.261310589639971e+09 -1.651233653320427e+05 -8.908754230777734e+05
  1.263061656054735e+09  2.381659483308722e+06 -1.099120773865590e+06
  1.264151921691744e+09  2.809571735319871e+06 -1.171245380547860e+06
  1.262716298229599e+09 -3.962384763862933e+05  7.021312031807154e+05
  1.262499642358681e+09  4.184674994895469e+05 -5.523908983172541e+05
  1.262111454421133e+09  3.101612651309886e+06 -2.452896890108922e+06
  1.263378667773564e+09  2.789408770053571e+06 -1.250843823710640e+06
  1.262877414559185e+09  2.392914761246426e+06  1.099927983276925e+06
  1.261622152129287e+09 -2.712240072964154e+06  1.552893696600051e+06
  1.263281651408631e+09 -7.176317605357943e+05  9.880203808960704e+05
  1.261589153366438e+09 -1.330072760705663e+06  1.375964649780444e+06
  1.259643518780288e+09 -4.361669064343199e+05  1.476331865791213e+06
  1.263971401180552e+09  1.585577850262674e+06  2.126020551549742e+06
  1.264227234371340e+09  3.022658553861943e+05  3.489880377283117e+06
  1.263759138748649e+09  1.079423854694187e+06  1.657912683744496e+06
  1.262669802521883e+09 -2.043953381549674e+06 -1.337909224453193e+05
  1.264188345402286e+09 -2.498573298585176e+06 -4.405644130407800e+05
  1.264499210159717e+09  2.698749047237913e+06 -1.871856931814687e+06
  1.261977091809923e+09  3.734396774192778e+06 -5.651640845668879e+05
  1.265500354392485e+09  8.058143792200615e+03 -1.293698957910179e+06
  1.266268166851790e+09  1.256540065585343e+06 -9.700614660837906e+05
  1.262678562457349e+09  1.843822986985798e+06  4.885485109986262e+05
  1.259951192271108e+09  1.354341759316587e+06  9.734770779111400e+05
  1.266981031738906e+09  6.553523387614693e+04  1.930241959283270e+06
  1.261950833692721e+09 -1.635712661071636e+06  2.960776983281081e+06
  1.265951525321900e+09  3.438135105615247e+05  2.277369369824256e+06
  1.261354580873159e+09  1.642282256323293e+05  2.723077205799881e+06
  1.263195881018131e+09 -1.175829658416542e+06  2.834996196674851e+06
  1.263666957448211e+09  1.008186122438070e+06  1.841716662048323e+06
  1.266017660411169e+09  4.025720168080917e+06  2.167723663721355e+05
  1.260550768280485e+09  2.102620991458976e+06 -1.038053672954226e+06
  1.262204735227232e+09 -1.663560776794384e+06  6.754279813692695e+05
  1.261862171730238e+09 -2.922792807681179e+06  1.591213234711035e+06
  1.261348618738780e+09  2.870007303782052e+06  3.873245135336267e+05
  1.264665105285499e+09  1.583013246901390e+06  1.877881981031820e+06
  1.265660178208318e+09  1.055737021995719e+06  2.806781978139057e+05
  1.262635809229777e+09  2.432632212162935e+06  1.488044839674161e+06
  1.266008255577733e+09  7.712138114877547e+05  2.803370177421878e+06
  1.262541069824216e+09  1.358062629756198e+06  1.674219351931842e+06
  1.263030416327691e+09  2.959855946676232e+06  9.678559791321191e+05
  1.262842252595837e+09 -1.229378150878490e+06  1.613082301928080e+03
  1.260729293494367e+09  1.874180961315232e+06 -1.633549166987706e+06
  1.263448867303160e+09  1.488150731542949e+06 -1.431580687488918e+06
  1.263163743575148e+09 -7.810470841610100e+05 -1.466239347145186e+06
  1.262146085749833e+09  1.096678977022122e+03 -3.561268238380325e+06
  1.263619046045865e+09  4.445925948677002e+06 -4.990800989998523e+06
  1.260644212175125e+09  1.517333004613358e+06 -3.800242183506850e+06
  1.260691679982402e+09 -1.072567727622208e+06 -1.564432197289162e+06
  1.260664938388543e+09 -2.656986516239229e+06  1.649767845662311e+03
  1.265965713415979e+09  8.816217782679033e+05  1.853435260460371e+06
  1.261801849380778e+09 -6.623252247305032e+05 -2.524801374536222e+06
  1.265944384905744e+09  1.308268976344391e+06 -4.195698202023921e+06
  1.263948454609242e+09  1.698170393088279e+06 -4.052619694259763e+06
  1.265940480483639e+09 -7.112684710318901e+05 -1.567113169011852e+06
  1.268289729850596e+09 -5.767171776274465e+05  1.249639642766822e+06
  1.259799037398806e+09  3.800756992904961e+06  2.369492111305783e+06
  1.264460645019176e+09  6.808169164743026e+05  2.490674372871934e+06
  1.262980147066439e+09  2.454315709678565e+06  8.261837810896112e+05
  1.266422200230130e+09  3.229151381700538e+06 -4.781701137582530e+05
  1.261061761417720e+09 -3.792918233529640e+05  3.660791529077929e+05
  1.262676288759566e+09  6.479327115321103e+04  2.219986877556790e+05
  1.266827464000445e+09  4.174557582958619e+06  2.750753060655295e+05
  1.261022552280457e+09  5.994036471238745e+05  4.953305335102294e+04
  1.265387624747338e+09  2.035003480515340e+05 -1.193991872604821e+06
  1.260028037397846e+09 -3.762886933589784e+06 -3.753005883737782e+04
  1.265575581525672e+09 -2.643762003536564e+06  3.869740762796940e+04
  1.260817799498953e+09 -1.127771694723129e+06 -2.462626431519000e+06
  1.262816061655802e+09 -6.908577690030127e+05 -2.474294224670281e+06
  1.264378269348117e+09  5.191605237547660e+05 -4.533742917882204e+06
  1.263129140848576e+09 -1.817061987505512e+06 -4.458922738644624e+06
  1.261099717563477e+09 -1.278185987135317e+06 -4.757673863048963e+05
  1.263252413906775e+09  5.211234410622795e+05  9.682527544097764e+05
  1.264684853730375e+09  1.478405974620435e+06 -3.294465423760687e+05
  1.261916397524430e+09  2.487000935617524e+06  9.732682418168029e+05
  1.261266695754514e+09  3.757602526857419e+06  1.268783466946762e+06
  1.262492405390409e+09 -1.596401733298185e+06 -5.108253729476541e+05
  1.262715277933723e+09  3.884990490433555e+05 -2.198096966747797e+06
  1.262649537398251e+09  3.359066855788862e+05 -3.378953312076858e+06
  1.258176566073750e+09 -1.407846624403213e+06 -2.048670706693367e+06
  1.262026784279760e+09 -1.405969593704442e+06  1.101564045734968e+06
  1.262861189742958e+09 -2.510232923015211e+06  2.253162928262647e+06
  1.265006084493996e+09 -3.096276267483941e+06 -7.464939499347867e+05
  1.265184174677435e+09 -8.827388549357590e+05 -2.574617106805377e+05
  1.263426857115066e+09 -2.459671288564417e+06  8.733533929060806e+05
  1.263917046781713e+09 -2.939872602410868e+05  2.004769734465685e+06
  1.261289204741375e+09 -8.240276517800712e+05  2.264627224704903e+06
  1.263588113655218e+09  5.746489488026015e+05  1.413051106944435e+06
  1.262007291995300e+09 -2.038575105827014e+05  5.397056310827045e+05
  1.264498082601939e+09 -3.326307896156233e+05  9.516889573097203e+05
  1.262241886653694e+09  1.359689281601678e+06  1.537569482488236e+06
  1.267443976321076e+09  3.463972763150549e+06  3.193474420201372e+05
  1.262902695571487e+09 -1.994673251706843e+06 -1.778312191096342e+06
  1.261837927457066e+09  1.613035253312733e+06 -9.151220937067119e+05
  1.264622358019710e+09 -3.469519321343599e+06  2.465126775716865e+06
  1.261897462422613e+09 -2.993158568646464e+06  3.379583270645241e+06
  1.263006279069828e+09 -2.759668032546192e+06  6.136455332840185e+05
  1.261681911636375e+09 -1.772261484099714e+06 -9.805415866204321e+05
  1.261639001830074e+09  8.781532087535132e+04 -6.004007287099476e+05
  1.260840825429928e+09  1.257013851661820e+06 -1.081084205640136e+06
  1.261518714927644e+09 -5.308180205344810e+05 -1.939571848459525e+06
  1.262332781334286e+09 -1.639316713232257e+06 -2.523706638437878e+06
  1.264214845531916e+09 -2.164671731214959e+06 -1.051565577346457e+06
  1.261750280179443e+09  2.807232766269925e+06  2.775349609290991e+05
  1.264068733093771e+09  1.106015152613800e+06 -4.911375375271246e+05
  1.262293412622179e+09  2.775215741468053e+06 -4.382212147838428e+05
  1.263574136198995e+09  1.310580639380996e+06  3.676631757133437e+05
  1.261878724136423e+09  4.656081232317438e+05 -2.272234043212914e+05
  1.261442934776130e+09  8.546724887441234e+05 -1.464351553194848e+05
  1.263743663683980e+09 -7.166134376106097e+05 -1.043798400644855e+06
  1.266103125161412e+09 -1.062875300167536e+06 -1.409443834786828e+06
  1.265624132486638e+09 -2.999686284287972e+05  6.380720664796348e+05
  1.261270993099787e+09  4.756807705164140e+05 -2.966423711664773e+05
  1.262292907239971e+09  1.766807291524848e+06 -1.597110637565139e+06
  1.263062423389776e+09 -3.591859485783058e+05 -1.028404325092532e+06
  1.263197655309350e+09  1.149782869650078e+06  2.073713785341114e+05
  1.263300250328334e+09 -2.032835278610646e+06 -2.276333911854209e+05
  1.263225760183547e+09 -2.410705898866279e+06 -9.349492862273952e+05
  1.266048645317837e+09  2.987981086690929e+05 -2.904397566229731e+06
  1.263261146727280e+09  2.124103811679288e+06 -4.000120008867606e+06
  1.261483291366882e+09  2.384872337840034e+06 -4.281635397962206e+05
  1.265783495316512e+09  8.261056225762223e+05  1.504184714800049e+06
  1.263291571302578e+09  1.897494026377528e+06 -1.681635449767892e+06
  1.264047104594416e+09 -8.469088002068202e+05 -3.712515728044377e+06
  1.265717835792048e+09  1.267848746544941e+06 -2.792337446631187e+06
  1.259334087417391e+09  4.516946091706625e+05 -1.076027792321459e+06
  1.262248397940808e+09  7.260406818367366e+05  1.404693404150906e+06
  1.262018625324910e+09 -3.090138888982911e+06  3.275653639736503e+06
  1.261788728804474e+09  4.346247370069625e+06  2.039791763556599e+06
  1.263728680079656e+09  2.547091982842894e+06 -1.987410607169557e+05
  1.264391848682831e+09  7.527624249236170e+05 -3.454619172037547e+05
  1.263981662529326e+09  5.573628575972941e+05  2.523378894913594e+05
  1.261505608869557e+09 -4.053737096617603e+06 -1.664251276052692e+05
  1.266150427935087e+09 -1.048274800170680e+06 -2.681613287688021e+06
  1.261551372557564e+09  1.803930146560553e+06 -3.358110720882684e+06
  1.264143518714552e+09  3.371988822822860e+06 -1.349718184582371e+06
  1.261292291608792e+09  1.662913961444139e+06 -4.012608119776439e+05
  1.263786217313077e+09 -1.173950104142091e+06 -5.668042513009736e+05
  1.264934618354464e+09  2.185917488148764e+06  5.685670696399689e+05
  1.264608141461655e+09 -2.573673923734859e+06  2.639485474503030e+05
  1.262789732150281e+09  8.394438264832137e+05 -9.821739108511317e+04
  1.264304702688714e+09 -9.359611404172804e+05  1.464550939629878e+06
  1.259556605641577e+09  2.025269623219047e+06  1.981479825259350e+06
  1.262342462946238e+09 -4.306550756862307e+06  4.454083312527533e+04
  1.265412596517248e+09  4.597815890868093e+06 -2.455173704401388e+06
  1.262111523851424e+09  2.780742604963296e+06 -2.709519602675989e+06
  1.264655920613741e+09  2.284772713258270e+06 -1.353136255495739e+06
  1.261883268087876e+09 -1.650827435499736e+06 -2.649602601638416e+06
  1.262209680802991e+09 -2.782333025857171e+06 -2.045150375375339e+06
  1.262881850372174e+09 -1.543632550581520e+05 -8.903539419376645e+05
  1.268851174893506e+09  2.882965007429698e+05  1.957749785931154e+06
  1.262521807200929e+09  1.067950984764974e+06  4.355891845888678e+06
  1.265932964192832e+09 -6.578234796700317e+05  2.362060364046917e+06
  1.268621244469303e+09 -4.026736173924064e+05 -1.026902331424805e+06
  1.265167166815620e+09  9.776381758268374e+05 -1.880368419078074e+06
  1.261722515344602e+09 -1.249112245287959e+06 -1.899824062793256e+06
  1.265497776567018e+09  9.402974369465279e+05  2.648070332573634e+04
  1.261583447267506e+09 -2.435999574841627e+06  3.467294573708405e+06
  1.262218518987191e+09  9.700235262220708e+05  4.376108228175154e+06
  1.263140430087957e+09 -2.032220967354235e+06  2.485449767831501e+06
  1.263414226029650e+09  1.490696298297446e+06  8.778465791908344e+05
  1.261971339737794e+09  2.127025574690586e+06 -5.399393352992260e+05
  1.261901522253713e+09  4.504013651989851e+05 -2.372712951881393e+06
  1.260330652974561e+09 -3.286583779295015e+06  2.731526890612674e+06
  1.264644882299470e+09  1.075578195367392e+06  2.622852959408111e+06
  1.261774868532968e+09 -7.647757778631365e+05 -7.163508583019574e+05
  1.260810751197973e+09 -1.177326110927677e+06 -3.077095060639919e+06
  1.264909031794811e+09 -3.584732268809476e+06 -5.976570937646431e+05
  1.260568991466548e+09 -3.346352435758790e+06  1.445222612421925e+06
  1.262686226496187e+09  1.504830494318030e+06  1.808722477675425e+06
  1.261979710819124e+09 -3.460253956869146e+05  1.255708959248277e+06
  1.262377840964408e+09  2.278657510146165e+06  1.547161322282030e+06
  1.262737667982538e+09  6.149674942332898e+05  1.302594154908128e+06
  1.265573537287378e+09 -2.581021192104003e+06 -2.245547393264161e+06
  1.260108636452578e+09 -6.745304580778446e+05 -3.386468956240023e+06
  1.262583002720103e+09 -7.993303488171207e+04 -2.319529339766260e+06
  1.259881829509154e+09 -1.003310942660679e+05 -3.455370352625185e+06
  1.261063537672023e+09  1.090698999285570e+06 -2.772389544898946e+06
  1.260837553606928e+09 -6.169514446927630e+05  7.284921440922865e+05
  1.261978737001236e+09 -2.946491721978772e+06 -5.863841602758459e+05
  1.261905645849106e+09  9.652015767110195e+05 -5.065945902931963e+05
  1.264628155396796e+09 -2.064531282672492e+06  2.411726979593939e+06
  1.262296540891664e+09  1.056086179079502e+06  1.344596214212609e+06
  1.263175343960681e+09 -2.506371656287136e+06 -3.659420160464764e+05
  1.263020948382448e+09 -1.682397461550275e+06  1.734581474125539e+06
  1.264438670821708e+09  1.306563848251942e+06  1.479921408754613e+06
  1.263351259620922e+09 -1.830172896133905e+06  3.392783156260423e+04
  1.264299391140836e+09  2.638694614251312e+06  1.211298050499038e+06
  1.261279791339360e+09  3.420228752453970e+05  1.065052626807835e+06
  1.262067694875015e+09 -6.664831755995170e+05 -1.388343843468557e+06
  1.261238679317449e+09 -3.339605784782404e+06 -2.378284276839267e+06
  1.263207264097373e+09 -3.792148022225252e+04 -1.459415815147916e+06
  1.259946683564275e+09  1.138055587507647e+06 -2.008985420451815e+06
  1.260036026791261e+09  1.056452368120812e+06 -1.700947604696335e+06
  1.264291190813389e+09  4.885599047931647e+05  3.176191400875367e+05
  1.262438581501422e+09  3.623861299776197e+05  2.331967679047517e+06
  1.261058170474725e+09 -1.573275509917602e+06  3.194341330388471e+05
  1.261026417134004e+09 -3.028070276354378e+06 -1.426244357495005e+06
  1.263108913798901e+09  1.860164512532396e+06 -1.441364532373124e+04
  1.262588292192239e+09  9.419311203343302e+05  2.816070095208259e+06
  1.265916221184633e+09  1.761704180743603e+06  2.481750611059324e+06
  1.258827818043009e+09  2.002725220138188e+06  1.071030958000836e+06
  1.262182280730302e+09 -1.202424878995273e+06  5.770903741012316e+05
  1.262034338652839e+09 -1.564850152795094e+06 -2.730588784951832e+05
  1.265535689407865e+09  1.808387353698007e+06  4.281765868561482e+05
  1.262288110278067e+09  2.184930858422824e+06  9.517826513755072e+05
  1.263934207072663e+09 -3.043398736693131e+06 -8.156944622045817e+05
  1.263099569654416e+09  6.444091070196996e+05 -1.778440120133838e+06
  1.261833645564816e+09  2.736190183210177e+06 -1.069194577421003e+06
  1.262245417029288e+09  2.215659018133998e+06 -1.106490683555043e+05
  1.262401172007341e+09  2.197235305634572e+06  1.675309939045935e+06
  1.262181556740222e+09  2.806384436708204e+06  4.660598714181318e+06
  1.261999252259138e+09 -4.142837800454907e+05  5.633088606801262e+06
  1.258978280075533e+09 -2.923278572673983e+06  3.721880898849647e+06
  1.262128969035594e+09 -4.747698500518427e+05  1.040597035881350e+06
  1.263528693484275e+09  2.143766342278103e+05 -8.301521456010020e+05
  1.262116073514192e+09  2.187924545845321e+06 -5.174574251272554e+05
  1.265172715875279e+09  3.772790712321800e+06  1.892957730521438e+05
  1.262586053679158e+09  8.435845871849265e+05  2.083438542019501e+05
  1.265583763030340e+09 -2.349335562811258e+06  5.159715519790779e+05
  1.265164555195526e+09  2.075239409654567e+06 -4.491725678682951e+05
  1.265863157834735e+09  1.114547910914989e+06 -1.536122241502456e+06
  1.264711466875497e+09 -5.868776492510646e+05 -9.160419277879510e+05
  1.262979041431326e+09 -3.997861300077678e+05 -1.464163132055493e+05
  1.263769572789123e+09  3.170259343530804e+06 -2.491560980905537e+05
  1.257398237735740e+09  2.898582314011704e+06 -9.089190057103360e+05
  1.265162164832083e+09  2.210162880069633e+06  9.159357540330938e+05
  1.260881209474937e+09  1.455423438642682e+06 -3.492431772483716e+06
  1.261974550508271e+09  2.670234302078688e+06 -1.003276198018581e+06
  1.262919534317044e+09 -1.912228407753372e+06  3.529701316386046e+06
  1.265557544919489e+09 -1.995915134981531e+06  1.912720416319383e+06
  1.260326217517503e+09 -1.641462098927482e+06 -1.288222677039846e+06
  1.262474995745737e+09  2.821562625410936e+06 -2.157877276305756e+06
  1.262402988219678e+09  4.013389511077167e+06 -2.828463652435191e+06
  1.262594339791089e+09  6.692657704786748e+05 -4.205400592378085e+06
  1.267402955347149e+09  2.327829233994996e+06 -3.405513815487516e+06
  1.260173308639756e+09  3.183674128046362e+05 -7.029462876692065e+05
  1.262852012470039e+09 -1.151313065811440e+06 -2.573734921137683e+05
  1.261704405095906e+09 -2.054951073863046e+06 -2.201998034703187e+05
  1.264584276382706e+09 -1.959004571286129e+06  6.710050546968626e+04
  1.263076369627084e+09  2.883219992960363e+06 -2.854826704557103e+05
  1.261556549670097e+09  2.157810889819335e+06  1.582069668222123e+06
  1.262306976631599e+09  2.432891177535023e+06  5.693284924960318e+05
  1.263694826702603e+09  7.972712684938332e+04  2.903735609365650e+04
  1.261370476851687e+09  3.387985239062152e+06  1.607133406485057e+06
  1.262286646723280e+09 -9.108230413604870e+05  3.392594028409688e+05
  1.258736411549733e+09  4.090509793550592e+05  5.018303244909726e+04
  1.262803345466208e+09 -1.049065404763386e+06  2.637994354896516e+06
  1.261537660436809e+09  3.884719333478305e+06  3.543176679408992e+06
  1.262635886193532e+09  2.379773201564490e+06  1.040423913696581e+06
  1.266297821149374e+09  1.696853800986304e+06 -1.101160541965196e+06
  1.263945534744150e+09  3.984693846930177e+06  5.598852225328578e+05
  1.259825559917570e+09 -8.401351461919653e+05  7.867268379720729e+05
  1.260828796757582e+09 -1.630338381784481e+06 -3.980067304678300e+05
  1.264667657751512e+09 -1.399920099214165e+06 -4.527206093571868e+05
  1.265718102151927e+09  2.527268586778891e+05 -2.211418556074081e+06
  1.260522241982074e+09  3.259161827364094e+06 -2.753471825100966e+06
  1.261935193875143e+09  2.244614043477724e+05 -2.111677238340228e+06
  1.261314497909491e+09  3.589503151947396e+06 -1.794369254712900e+06
  1.263441368079408e+09  1.156914657677608e+06 -1.118663109576741e+06
  1.260533040567498e+09  6.091165019976826e+05 -1.848494472146873e+06
  1.260671177138067e+09 -8.698403173462478e+05 -2.898275159750803e+05
  1.266719440724220e+09  2.368176755095972e+06 -1.586242736215485e+04
  1.262098173476774e+09 -9.064415499966339e+05 -9.859249452695175e+04
  1.262625126348937e+09  1.835023922411577e+06  6.052047115830149e+05
  1.260950112881042e+09  9.980477393630029e+05  1.366785954227023e+06
  1.263194007355749e+09  4.612573339258350e+06  4.379432707405792e+05
  1.259613320112688e+09  2.303532635094313e+06 -7.134130458907888e+05
  1.258504158858322e+09 -5.949072799417441e+04  8.054405279102597e+05
  1.263379249340601e+09 -2.262687312028922e+06  1.012269565159505e+06
  1.262918031449232e+09  2.481576774915575e+06  1.206518598136895e+05
  1.260040853845347e+09  2.102503470884977e+06  5.142211945261019e+05
  1.263891805062931e+09  2.252375880217736e+06  1.006723004232673e+06
  1.263515648199061e+09 -4.346081562599525e+05  1.619262253702380e+06
  1.265365370337833e+09  1.847687113779422e+06  1.180436326872224e+06
  1.261000506923482e+09  1.439286397503246e+06 -2.726240408689389e+05
  1.263459758867772e+09 -1.480793785398335e+06  3.790904130230425e+05
  1.264807972980188e+09 -1.058605655086879e+06  1.244448661691389e+06
  1.264856620742155e+09  3.626012898349799e+05 -5.921729820940387e+05
  1.260693881046429e+09 -2.527751184592524e+06 -3.815861826409952e+05
  1.266150925547783e+09 -1.972584505274826e+06  1.271681885563738e+06
  1.263292336184700e+09  1.120173165704817e+06  2.196830344160122e+06
  1.264268872394751e+09  3.356408405822467e+06  3.258168059647994e+06
  1.260248545245102e+09  1.265209495642070e+05  5.071911345201734e+06
  1.263240740311664e+09  3.182499947146913e+06  3.912209821221780e+06
  1.264669241309161e+09 -1.437689007853331e+06 -1.069502395843835e+06
  1.263808042565905e+09  2.199151477104002e+06 -1.659004054362636e+06
  1.259761112436026e+09  3.673105597099137e+06  1.777556888137040e+06
  1.263570538621192e+09 -5.505590965331782e+05  3.379459811753792e+06
  1.265018774049131e+09  2.381575798460728e+06  3.709773626076641e+06
  1.263286130009795e+09  2.021929618728359e+05  2.327375291159024e+06
  1.263891898917434e+09 -8.704579782035961e+05  3.520384640433636e+05
  1.264721928265006e+09  2.300019454526387e+05  4.096249413066450e+05
  1.264817713229514e+09 -1.026770049027522e+06 -7.446670729003665e+05
  1.265767344873627e+09 -1.616510553507249e+06 -1.856293287180900e+06
  1.262606770726588e+09 -5.752880619508545e+05 -1.250674974369848e+06
  1.264524883459643e+09 -3.660853680837314e+06 -6.586782552584445e+05
  1.263821967360900e+09  1.262021900298374e+06  1.027044245011048e+06
  1.258967175756303e+09  2.891462552637275e+05  2.783900777564027e+06
  1.262928945853229e+09 -1.075478289131901e+06  1.088770395458344e+06
  1.262151135195220e+09  4.966477289942620e+06 -7.998151513352753e+05
  1.260871915924543e+09 -3.063468123026994e+05 -7.437786143889603e+05
  1.265423028873326e+09  3.018090572189142e+05 -2.003854832714526e+06
  1.261120501031009e+09  3.690638852046584e+06 -4.155644678884919e+06
  1.261458530525865e+09 -1.503656752141473e+06 -3.629333715971975e+06
  1.263361738389264e+09  3.122850738532118e+06 -9.456997607088562e+05
  1.264583800812985e+09  7.749081005358702e+05  3.818375268509758e+05
  1.263328721303714e+09 -2.183941422491042e+06 -3.270073998622307e+06
  1.266027120586187e+09  1.499854416675493e+06 -3.219061898304173e+06
  1.264404608819726e+09 -1.359149161851681e+06  1.179649736677606e+05
  1.264580625262928e+09 -1.822730472794943e+06  6.197143408975733e+05
  1.264864667666725e+09  1.888596952426529e+06 -1.180389251844180e+06
  1.258464093135130e+09 -2.091731762925074e+06 -1.020212404583022e+06
  1.264161503169807e+09  2.295172053423331e+06 -1.570797987327145e+06
  1.262830435409575e+09 -1.174345133597223e+06 -2.301892434545432e+06
  1.268014884553076e+09 -1.318010831629744e+05 -1.228606683881377e+06
  1.262320192552477e+09  3.551091273899586e+06 -7.209788573201312e+05
  1.264557213575522e+09  8.777826677157963e+04  4.229503315734207e+05
  1.266374703264638e+09 -2.435474546921893e+06  1.225547784743610e+06
  1.259690087316579e+09  6.821629702840529e+05  4.903729174305220e+05
  1.268252755037643e+09 -7.398315323138377e+03  1.471665734560065e+06
  1.260443519387739e+09  1.130145060998814e+06  2.948168462920959e+06
  1.267892979129170e+09  8.654797717472904e+05  6.748064984682488e+05
  1.258831895644193e+09 -1.085440565951474e+06  4.436039728207364e+05
  1.263501201295172e+09  2.159303842651561e+06  9.663529604361989e+05
  1.262406908509537e+09 -1.672844024725338e+06  1.546653459697665e+06
  1.263549744738622e+09 -1.683605292409586e+06  1.968147015630852e+05
  1.260132990848042e+09  1.095245337438271e+06 -6.518624812262105e+05
  1.262998291623651e+09 -1.233743039416005e+06  7.988221053285528e+05
  1.264055011619509e+09  2.509550278990622e+06  8.563378818683162e+05
  1.262651352337195e+09 -1.123175811173348e+06 -2.853076343118488e+05
  1.263027403003166e+09  2.007341343796740e+05 -1.332617252863595e+06
  1.260675870609504e+09  1.650788325571095e+06 -7.289485308480903e+05
  1.263016991085460e+09 -3.439848610674749e+05 -3.690250862480215e+05
  1.261928922682287e+09 -3.920351011105143e+06 -1.431137881079650e+06
  1.260051936781471e+09  1.511911742001699e+05  2.445239931905707e+05
  1.262178256094090e+09  1.066339307599070e+06  3.372438539177939e+06
  1.263391387010459e+09  6.404064865450038e+05  3.023334983167262e+06
  1.264144510031705e+09 -2.472346455311589e+05  8.719152101406145e+05
  1.264244644131066e+09  8.526983613666663e+05  9.367777023579110e+04
  1.261433388704456e+09  1.443608797942002e+06 -3.399358166145457e+06
  1.263037859281712e+09 -1.080663498903354e+06 -3.987964003442578e+06
  1.259030481647275e+09 -2.723090143686524e+06 -1.451375497896605e+06
  1.266197087935370e+09  2.296633929724854e+06  1.708636497722816e+06
  1.263233073966786e+09 -1.106708321132369e+06  2.661102588067471e+06
  1.265892852615767e+09  2.593925795060518e+06  1.397936262754519e+06
  1.263810292307834e+09  6.283964402067635e+05  7.906866152136534e+05
  1.267107825275501e+09  1.896075519086976e+05  5.792918730088763e+05
  1.265127891750095e+09  4.747489202378772e+05 -3.581211590991331e+05
  1.261569728395549e+09 -1.596507609696372e+06 -1.179885195571854e+06
  1.261973004163640e+09 -2.080788729547220e+06 -5.166657955496133e+05
  1.264496382263214e+09  8.953576531989237e+05  7.343404748901026e+05
  1.261841914159021e+09 -4.388288359490114e+05  1.345989699536316e+05
  1.262099642605973e+09  9.750333690701345e+05 -3.217401231309269e+05
  1.260188920772148e+09 -2.449400886121072e+05  1.163426001922010e+06
  1.262919557309707e+09  2.266893260460187e+06  6.700477492605314e+05
  1.264213483658162e+09 -8.935124743369613e+05 -5.147920947113974e+05
  1.261446722456121e+09 -2.430085540066878e+06 -1.588352740045153e+06
  1.262354759819107e+09 -9.006620202421464e+05 -3.423929295102894e+06
  1.264868386405050e+09  1.431558068850653e+06 -3.188447022340121e+06
  1.265280082909032e+09  2.212087100693493e+06  5.634334376095491e+04
  1.264036228892239e+09  1.391696273991150e+06  2.048096680840972e+06
  1.263359730279277e+09 -1.960667106808546e+06  1.779786452493181e+06
  1.262246029159909e+09 -2.398951148211121e+06  6.413552871764938e+05
  1.263890700533470e+09 -6.178359614096039e+05  3.303577849742803e+05
  1.263341726252357e+09 -6.824749818352017e+05  1.349867077832656e+05
  1.264253465763786e+09  1.386708295384285e+06  2.413310849949191e+05
  1.266818951052358e+09  2.308945847616749e+05 -5.965397734725752e+05
  1.262717461677817e+09 -8.663138877958024e+05 -4.209331400669180e+05
  1.260290193490846e+09  8.479435717694546e+05  2.387900893561106e+06
  1.261929511425010e+09  1.672451112391658e+05  2.460883646421881e+06
  1.261086666450985e+09  4.751858274233945e+06  6.329555765967797e+05
  1.261441183810379e+09  8.768592333919792e+05  2.051504043629558e+06
  1.261777653363750e+09 -1.522628481408802e+05  1.830235329511659e+06
  1.263176246625996e+09 -2.260010477415363e+06  1.509399173212248e+05
  1.264240880082547e+09  8.988205317161205e+05  8.984733761032575e+05
  1.260135708379708e+09  3.228415527915160e+06  2.831873434815394e+06
  1.265238068275689e+09  1.551838869864817e+06  1.573341937222601e+06
  1.261360369666633e+09 -1.864726546889683e+06 -1.252363935797831e+06
  1.262096768889408e+09  8.023954737301362e+05 -2.110673588335667e+06
  1.267196787726743e+09  1.031859950791709e+06 -6.961758519936155e+05
  1.260528829708350e+09 -2.730819854131864e+06  2.957691403199713e+05
  1.261946380869614e+09  7.133089124394245e+05  1.914484135781343e+05
  1.261570656788221e+09  1.915777413714841e+06 -1.673160865974259e+06
  1.262483658571701e+09 -1.986641575044512e+06 -2.684196795078071e+06
  1.264529114470766e+09 -2.262716181275299e+06 -1.604419034619344e+06
  1.265206740784030e+09 -5.556266133198754e+05 -7.505073556513231e+05
  1.265580409063071e+09  2.620524514714542e+06  1.089819234547426e+06
  1.258251393131454e+09  1.398367539422637e+06 -4.701178804169146e+05
  1.266919266387771e+09  1.665213374866488e+05 -2.345450083767690e+06
  1.263397612105678e+09 -2.572268975771658e+06 -2.785303945656179e+06
  1.263528220068330e+09 -1.095321854468242e+05 -2.723962757255221e+06
  1.264241898733058e+09  4.102258148657915e+06 -2.672132071440519e+06
  1.265178666836781e+09  1.225750224992637e+06 -5.120816764486333e+05
  1.263346701870262e+09 -2.708316164679804e+06  2.783548511678156e+06
  1.264297640449510e+09  7.591654961719905e+04  2.533682674144528e+06
  1.260764018998107e+09 -1.007423814614247e+06  9.750930555780408e+05
  1.264501692761259e+09 -3.325812953225763e+06  2.786627796879540e+06
  1.262717760643731e+09  5.380160122592585e+05  2.923773110049777e+06
  1.262594256186865e+09  1.615636801139825e+06  8.327145980196195e+05
  1.263650856191046e+09  1.004697055027337e+05  5.195389147503773e+05
  1.263257357282588e+09 -2.881405430520421e+06  2.676393749703566e+05
  1.266995748389934e+09  1.540192650085406e+06  6.545894665480034e+05
  1.262924706932507e+09 -2.178929836120574e+06 -4.743947591019546e+05
  1.262483044471459e+09  1.639771460500047e+06 -2.217352508347441e+06
  1.262444599464665e+09  1.508203857687599e+06 -1.855430494954875e+06
  1.267152593384324e+09 -1.638212191950293e+06  6.305027733273321e+05
  1.262952576807982e+09 -1.927385824212211e+06 -9.240292637037288e+05
  1.267788138669028e+09  5.479134135546228e+05 -4.416992789343534e+06
  1.267370718357427e+09 -7.186958396304474e+05 -5.122288212923169e+06
  1.262531318897071e+09 -3.970746224176077e+06 -4.360775502744820e+06
  1.263948225690777e+09 -1.095572610564401e+06 -2.641625602601589e+06
  1.263714306309464e+09 -2.363067269250785e+06 -1.908212668519500e+06
  1.262488460176009e+09 -3.082457927128802e+06 -2.055402857010125e+06
  1.261444576123180e+09  3.969242420152421e+05  2.633955687629292e+05
  1.262251434332891e+09 -9.757374697838150e+05  3.195894173698703e+06
  1.264201642634170e+09 -6.289475236386441e+05  4.333298189949390e+06
  1.262156814662428e+09 -6.371365996470908e+03  3.287415780953752e+06
  1.258987019549071e+09  1.477423608728119e+06  1.086275701273478e+06
  1.261622365778088e+09 -1.983418512446600e+06  8.914490658304461e+05
  1.266970793992474e+09  8.162239687575796e+04  1.741401812655298e+05
  1.261566482273092e+09  1.542322650476211e+06  2.018933279432848e+06
  1.262893842758609e+09 -1.137363436605799e+06  1.121207574695048e+06
  1.268639645835755e+09 -1.287910199547558e+06 -6.883660332366908e+05
  1.261924917154263e+09 -1.299551871049932e+06  1.020298428615443e+05
  1.265057752457441e+09 -1.930856270904955e+06  3.035786848904270e+05
  1.262892627389738e+09 -2.256950154349167e+06 -2.285998492562736e+05
  1.261859194695761e+09 -1.900597920159454e+06 -1.071370083608169e+06
  1.262398824064827e+09  5.479613631789258e+04 -2.474881484220012e+06
  1.264061209866901e+09 -1.960245924385807e+06 -1.102406123804494e+06
  1.259632648593308e+09 -3.381562765396698e+05  1.305666766658538e+06
  1.262527351058675e+09 -1.256115003551497e+06 -1.488958019865677e+04
  1.259183084320163e+09 -3.919008629284261e+06 -3.321385960404657e+06
  1.260589585526454e+09 -1.152394733238923e+06 -3.486007480227301e+06
  1.261884159223365e+09 -2.577568404286009e+05  1.727446574795053e+05
  1.261362410325413e+09  2.418833991026643e+06  3.762393422736025e+05
  1.262456673546881e+09 -1.528117225106240e+06 -2.869389144320149e+05
  1.264723695393977e+09 -3.084590770423293e+06  3.066820407627473e+06
  1.263075212593753e+09  8.913571558928589e+04  5.127122262425453e+06
  1.261148968431403e+09  1.078346442211390e+06  3.273923049992250e+06
  1.264536208515895e+09 -4.627704965825017e+05  1.848984295139620e+06
  1.264505652497393e+09 -6.659893633874485e+05 -2.967904396214701e+05
  1.265337637987381e+09  1.277902721731073e+05 -2.517741162235026e+06
  1.261160090674389e+09 -2.865805649081821e+06 -1.878127034912257e+06
  1.264487885661436e+09  1.263022207770912e+06  6.543395670121887e+05
  1.262192903920937e+09 -9.652134015281210e+05  2.470218169721542e+06
  1.260283819594900e+09 -1.915081969716946e+06  3.290710263478993e+06
  1.264963992626577e+09 -2.264231633393496e+06  3.870992188056675e+06
  1.260611542943284e+09 -3.118174798088229e+06  1.634426175646559e+06
  1.261547515548343e+09 -3.782935875685429e+06 -6.861541969373480e+05
  1.264527288212325e+09 -8.380685961596351e+04  4.462189991651062e+05
  1.261622590912717e+09  1.089855100965654e+06 -3.173183321860936e+06
  1.260657302293992e+09 -1.921098668263891e+06 -1.618213334006253e+06
  1.264603125184933e+09 -4.384738194758854e+06 -4.968568619623978e+05
  1.263988382476891e+09  5.106598493824261e+05  3.576240256420481e+05
  1.263492981999987e+09  3.305202499032250e+06 -1.135725424564577e+06
  1.265129127567872e+09 -1.081816544553156e+06 -2.699710948405746e+06
  1.262394979086180e+09  1.317780557530025e+05 -3.722096000787436e+06
  1.261413722698425e+09  9.759438276551107e+05 -3.625156749925758e+06
  1.262959226187371e+09 -3.813990962563857e+06 -2.822688937424368e+05
  1.263870002227534e+09 -3.023814039734480e+05  1.556187781852470e+06
  1.264097285751314e+09 -2.570644869979961e+06  3.166417800740445e+05
  1.261751728259394e+09 -8.258214332458167e+05 -2.549598888757051e+06
  1.263759913255494e+09 -1.650214621128274e+06 -1.542560988863666e+06
  1.260857064541010e+09  1.551781325136319e+06  2.838190159450378e+06
  1.260650032224197e+09 -2.454598329786718e+06  1.215984842240080e+06
  1.260638772375861e+09  3.870917757223329e+05 -3.079386915317188e+06
  1.260961311459849e+09 -2.705826844029196e+06 -1.676337528853935e+06
  1.260091306636384e+09 -3.172037023350730e+06  5.473835431347985e+05
  1.258543953068429e+09 -2.173223834738460e+06  6.888869713772829e+05
  1.265311252377491e+09  2.414135970132791e+05 -9.309720184587149e+05
  1.264217300953313e+09  3.477596358002777e+06 -5.125217631333190e+05
  1.263078531809122e+09 -5.809716217203652e+05  5.263982066672676e+05
  1.264697602982589e+09  4.361315665842453e+05 -1.616997040317497e+06
  1.264243396391724e+09  1.675109288958041e+06 -2.983944228082211e+06
  1.264270396085830e+09 -2.519631608031150e+06 -2.086535982678100e+06
  1.264586838700626e+09 -2.103460416898113e+05 -2.963789521421710e+06
  1.264708287275820e+09 -1.467428526434158e+06 -2.464837126408757e+06
  1.265706779884987e+09  9.991190790627447e+05 -9.930045712259558e+05
  1.262463463790215e+09  1.589701315236355e+06 -1.263584757672579e+06
  1.262208014126004e+09  1.610394387473264e+06 -6.461101833241857e+05
  1.259652742808793e+09  6.201773237625448e+05 -7.218172311890135e+05
  1.265967527560338e+09  1.294041662874929e+06 -2.209705686165854e+06
  1.259513003475168e+09 -1.986064189616103e+06  1.380045076705540e+06
  1.261442594625061e+09 -3.080577466022436e+06  1.315929861319367e+06
  1.263325575344228e+09 -1.445569343423800e+06  2.120901912261977e+06
  1.263141842619502e+09  1.484107237627706e+06  3.218174660439475e+06
  1.262516970568189e+09  2.422378136621683e+06  2.456359400497014e+06
  1.263953120069676e+09  1.072799021164407e+06 -3.376815807808354e+04
  1.263804843049436e+09 -5.748415355124430e+05 -2.225629115738770e+06
  1.260729663333849e+09  1.168681950027416e+06 -2.385181205088756e+06
  1.266627295878406e+09 -8.233124778016692e+05 -2.084397404670846e+06
  1.260394770494555e+09  9.726010282461807e+05 -1.948140265405240e+06
  1.260566041741686e+09  2.559362491395468e+06 -4.980265662017788e+05
  1.265234777207338e+09 -8.158127457440516e+04  6.462226398905001e+05
  1.263451039595168e+09  1.674213010570982e+06  3.285090581380064e+05
  1.265287447174390e+09 -2.646979017545722e+06 -1.689430276001910e+05
  1.261971982532135e+09  1.916654873572368e+06  5.462123834063695e+05
  1.264481055618761e+09  2.616828320488322e+06  1.379680238918702e+06
  1.264885151697517e+09  1.722813095207586e+06  1.031078720907278e+06
  1.262835704676088e+09 -7.919311678922337e+05  1.079132289172966e+06
  1.261649523622044e+09 -7.293083898448859e+05  3.136250801083835e+05
  1.260015141291325e+09  2.440984182921187e+06 -1.998086964055329e+06
  1.263426308701612e+09  2.943010702363463e+06 -3.326771781554642e+06
  1.263269926009325e+09  2.660137782169486e+05 -1.743202732296678e+06
  1.264321247054274e+09 -1.628476151484395e+06  1.508626103368577e+06
  1.267231446782915e+09  1.364406704447670e+06  2.751446181497315e+06
  1.264805844588727e+09  2.574790205179251e+06  1.586104205150834e+06
  1.261530152134045e+09  2.305070664655658e+06 -2.249956537930658e+05
  1.260517501404965e+09  3.048045723057155e+06 -1.220432501045265e+06
  1.264262041543431e+09 -3.770933506088786e+05 -2.378133685526482e+06
  1.267462171096559e+09  1.540409518934332e+06 -3.469107481493475e+06
  1.260298229765605e+09 -2.699087827931285e+06 -1.113859572166558e+06
  1.263688682142909e+09  3.670122333442234e+04  1.179411847119655e+06
  1.260946032409924e+09  1.978687273673450e+06  1.230234329728272e+06
  1.261660363522290e+09  3.844451292224915e+06  1.821839052768640e+05
  1.260669619625530e+09  5.416932663323842e+05 -1.576674660787822e+06
  1.261724968009949e+09  2.496496376962725e+05  8.321831430980702e+05
  1.267193168815653e+09  1.163970603263859e+06  3.085479285766809e+06
  1.261197031549286e+09  3.677794483029651e+06  9.782029513310060e+05
  1.263056869333500e+09 -1.746115281425856e+06 -5.382230368648077e+05
  1.261956727176669e+09 -1.706850137563157e+06 -1.302232569028779e+05
  1.264037391704920e+09  2.545783438736268e+06  4.753487458110136e+05
  1.260567399742190e+09  5.515074865611094e+06  1.880572961573497e+06
  1.259414766907776e+09  2.999427021212264e+06  7.726000044330172e+05
  1.262288599400425e+09  4.039156669014364e+05 -3.194511716190029e+06
  1.261443656588871e+09  1.486528306627515e+06 -3.901310060797159e+06
  1.258873380489782e+09  1.129196431206015e+06 -2.579285877097015e+06
  1.265211534833370e+09 -2.497490803282292e+05 -2.322675483020779e+06
  1.263200429225551e+09 -1.531292287071641e+06 -1.223888917612655e+06
  1.265625234351631e+09  8.398186203638103e+05  7.506883989358458e+05
  1.259618859685007e+09  2.017083089255840e+06 -7.999042102553404e+05
  1.261744759751798e+09  1.557990814969176e+05  5.419252417570031e+05
  1.264052610660751e+09 -6.729848752916422e+05  1.685367381497369e+06
  1.264539047931824e+09  1.109411874816390e+05  3.657522776021834e+05
  1.260576467273695e+09  2.153658219282848e+06 -2.001746883999214e+06
  1.264711967408900e+09 -1.702198209821453e+06 -1.512081522232118e+06
  1.266599481464746e+09 -1.088943125861118e+06  3.362229906747902e+05
  1.263664327915647e+09  2.931661381115033e+06 -2.791364520288013e+05
  1.261288935675675e+09  3.866688975856414e+06 -1.065513542319134e+06
  1.263223303712477e+09  1.513881057149932e+06 -1.161961119181902e+06
  1.262846024334631e+09 -1.432480339264413e+06 -2.067009804933148e+06
  1.262026728527572e+09  1.374876076766232e+06 -1.770865156607014e+06
  1.264477828967225e+09 -9.149877618785331e+05  6.073783523213677e+05
  1.263681171684839e+09 -5.597420285611181e+05  2.110744358968099e+06
  1.262863258493851e+09 -1.163847420105482e+06  2.516209133140118e+06
  1.263363613634425e+09 -4.278054210968098e+05  9.166257878502905e+05
  1.261961455012109e+09  3.668980188152139e+05 -2.071617914935556e+06
  1.265374967697648e+09 -2.846403293929697e+05  5.416728733761654e+05
  1.263998299420528e+09 -1.649254992439060e+06 -7.623020680394012e+05
  1.265285618901411e+09  3.334912829412445e+05 -1.546244664458540e+06
  1.264306152181403e+09  5.079936671241389e+05  1.604595567622438e+06
  1.264419846768871e+09 -1.175678110205685e+06  2.770726824015764e+06
  1.265913163516672e+09  5.920122867655387e+03  3.964483223876777e+05
  1.260584843682616e+09  2.630360059928542e+06 -1.384355137925938e+06
  1.262951024807311e+09  1.629898615782592e+06 -2.043813011909120e+06
  1.263009149050461e+09 -1.518918334079943e+05 -2.168772032833554e+06
  1.261704361580363e+09 -8.085242294117521e+05 -5.706808889094966e+05
  1.265328564358139e+09  5.307332248458588e+05  2.707266539169563e+05
  1.263753837370424e+09 -8.307924512437592e+05 -7.331861886857747e+05
  1.262641660670404e+09 -7.874364992284470e+05 -1.661220328180969e+05
  1.265573051427948e+09  5.315643922345394e+05 -3.644693073448720e+05
  1.263459327658971e+09 -1.187716714170245e+06 -2.862657973087871e+06
  1.263947170383302e+09 -2.413173803030342e+04  3.151381928589889e+06
  1.264239503672776e+09  1.428304871659102e+05  3.433222379251303e+06
  1.263165668601666e+09 -3.408795247268343e+05  1.699875729750736e+06
  1.260981493285044e+09 -6.462498292612508e+05  1.957257015284004e+05
  1.262564840622359e+09  1.002939913633853e+06  6.695951227098566e+05
  1.258905277477910e+09 -9.712359928467439e+05  3.493783613544478e+06
  1.263176562329414e+09 -1.896783874096645e+05  4.146066283255721e+06
  1.259716364415514e+09  2.227924544936500e+06  1.131430282771438e+06
  1.266402120437142e+09 -8.223716056425549e+04 -3.067791723052144e+06
  1.261741986372327e+09 -3.118892580541450e+05 -4.083838092953823e+06
  1.264283540298123e+09  2.773113130453192e+05 -2.184119476877303e+06
  1.263462250390982e+09  3.499812919454243e+05 -5.242246799288428e+05
  1.259991920920728e+09 -8.859799910962399e+05 -2.266269400389596e+05
  1.267347242994184e+09 -6.858756657308779e+03 -6.447503445011568e+05
  1.261086397257494e+09  1.549150401559413e+06 -8.830998822767588e+05
  1.269440517292926e+09  4.861840827551412e+05  3.039321823468579e+05
  1.260616895194990e+09 -1.436388483430641e+06  1.832013396948008e+06
  1.263310540618871e+09 -1.777769314817140e+05  1.994202490525909e+06
  1.261953618700900e+09  1.062046736290460e+06  1.784012427452406e+06
  1.263446233999668e+09 -3.338749761303338e+06  2.120615098775631e+06
  1.261508009672197e+09  2.021105400938874e+06  1.335756021170028e+06
  1.265001365305706e+09 -6.800854352530888e+05 -6.663493483914916e+05
  1.263869795421861e+09 -1.006810184544425e+06 -9.225037942668897e+05
  1.264321102341104e+09  1.178380454401812e+06 -7.721061287116858e+05
  1.262628980655221e+09 -2.488796074960207e+06  5.088096423574744e+05
  1.262229079358745e+09 -1.051521107341096e+06  2.165543292524986e+06
  1.263245698360054e+09 -2.874212972893133e+05 -8.421020412850124e+05
  1.260200551900886e+09  1.686129991440360e+06 -4.253457282081327e+06
  1.264261833030043e+09 -2.922192413555739e+06 -2.714171080048051e+06
  1.263913734204852e+09  1.920269695063468e+05 -7.484574314426468e+05
  1.263602267481520e+09  5.039711603705410e+05 -5.069416639464573e+05
  1.264901145483292e+09  2.416855164734533e+06  6.348822171812945e+05
  1.261090600313063e+09 -1.218949029856442e+06  3.696536340163054e+05
  1.260895568764195e+09 -1.659097513072303e+06 -1.866573186190082e+06
  1.261020411305999e+09 -1.244061323261901e+06 -7.463211554709816e+05
  1.258021757502578e+09 -2.794817405086675e+06  8.006995729943473e+05
  1.266160475910810e+09  2.341603527603208e+06  1.609785741522242e+06
  1.263383947061823e+09  1.078730629313083e+06  1.474732057480518e+06
  1.264843008705410e+09 -1.604010195972492e+05  1.702905308581942e+06
  1.264601096419682e+09 -9.182031156533184e+05  1.385990165537811e+06
  1.264480274648852e+09 -4.885386179208149e+06 -7.001800416656128e+05
  1.263734736446156e+09 -2.332761246344186e+06 -1.522164902682393e+06
  1.263352906408863e+09 -3.188030854465220e+05  1.944595102694817e+03
  1.263653060037588e+09  2.840522564294127e+06  1.712250522384842e+06
  1.262551687783791e+09 -2.014325053534052e+06  1.931652947854763e+06
  1.263277890679661e+09  7.638490084118029e+05  2.665024964446556e+06
  1.262223341945820e+09  7.902851117360884e+05  2.819534574154010e+06
  1.260689769395602e+09  2.353460354037242e+06  2.339016410123083e+06
  1.265645456599427e+09  1.290243434264813e+06 -2.446726565823793e+06
  1.266926867920700e+09 -3.208776038179492e+05 -1.161670430916519e+06
  1.261924705553085e+09 -3.087054227191448e+06 -1.604320213998046e+06
  1.259887094429008e+09  2.476426910649164e+06 -2.760501090520710e+06
  1.267408269756033e+09 -1.199367012517249e+06 -1.358229283348348e+06
  1.265093297434064e+09 -1.876366045995951e+06  8.052911339154250e+05
  1.266525650799741e+09 -1.737071205537705e+06  6.949678126919863e+05
  1.264180633070049e+09 -2.425856072771243e+06  1.674464192490604e+06
  1.262924996926960e+09  3.305775574602730e+06  2.425638777560506e+06
  1.266993027850332e+09  1.496265917585351e+06  9.558261514963137e+05
  1.262123218903800e+09 -1.713334745468215e+06  1.069171851369739e+05
  1.262216339112232e+09 -2.911658096375896e+06 -4.401836890991360e+05
  1.266445072480928e+09  2.317419234540668e+06 -5.708927604914147e+05
  1.261689193883387e+09 -9.631141580131504e+04  4.155143216069152e+05
  1.261934837221274e+09  1.553220968220629e+06 -1.597457961330709e+06
  1.261159427249092e+09 -6.307208302282034e+05 -3.838843598575755e+06
  1.260398403259095e+09  3.683660451662958e+05 -8.832451254503757e+05
  1.261055956181211e+09 -1.746831974814268e+06  6.071383505795506e+05
  1.261425133621617e+09 -4.057625375654051e+06  1.099204194164248e+06
  1.261500787961721e+09  9.675277617847401e+05 -1.107024050722318e+06
  1.265221105177119e+09 -1.151873844626956e+06 -1.759784099211873e+06
  1.259545730770247e+09 -3.315092448733705e+06 -1.091734453673830e+06
  1.263356752182968e+09 -2.958794138388460e+06 -3.094472962925178e+06
  1.262432447146175e+09 -2.015060253899051e+06 -5.109996997636582e+06
  1.263870995055766e+09  1.778184944808524e+06 -1.711219988326080e+06
  1.263647226355891e+09 -1.696545059497329e+06  6.008957380768289e+05
  1.261499448361695e+09 -1.535830881651089e+05 -3.514405720198650e+05
  1.262156142504028e+09  6.587620474668858e+05  3.196662269106644e+04
  1.261800273572542e+09 -7.000366935058883e+05 -1.380377136035031e+04
  1.263383418711507e+09 -1.545126333353490e+06  8.399361552789485e+05
  1.265390387451500e+09 -6.807866754151514e+04  2.598275700890113e+06
  1.264555110917997e+09  3.334718969260701e+06  1.112332011167450e+06
  1.267721777772491e+09  1.065457232887027e+06  1.943206002396916e+06
  1.259545842016999e+09 -7.505028840170309e+05 -7.135945951174605e+05
  1.264490046333883e+09 -2.032770524551749e+06 -2.334735619783279e+06
  1.264134370773887e+09  2.781947510177349e+05 -1.178218209609129e+06
  1.265665514019416e+09  3.815936383275582e+05 -7.647490777010317e+05
  1.263493455706107e+09 -2.326219497888888e+06 -3.149699283664766e+06
  1.265201069970868e+09 -2.012213444168426e+06 -4.485117294421670e+06
  1.263222800587249e+09  1.091979991916613e+06 -2.754418927870262e+06
  1.260396745508652e+09  1.513386591509940e+05  7.820115857301964e+05
  1.260323685642837e+09 -1.490639195902507e+06  2.038243776379451e+06
  1.264913083602798e+09  1.628709001560991e+06 -1.363411730802032e+05
  1.262928240102815e+09  2.335386983408015e+06 -4.499979355244329e+05
  1.263726816178177e+09 -2.811255835663357e+06  9.963561553688804e+05
  1.261925179391972e+09 -1.942667494992738e+06  3.998567019759813e+05
  1.265693584034571e+09 -1.297773892158201e+06  8.092511166288629e+05
  1.266960542476831e+09  4.793083915499435e+06  2.617710168569113e+06
  1.262549891590443e+09  2.588302210330040e+05  1.351843578673405e+06
  1.264556733688604e+09  8.932119978377995e+05  4.317659870656703e+05
  1.262268665361801e+09  7.102824615851429e+05  2.892574686252603e+05
  1.265375859456171e+09  1.663553009079623e+06  3.936428131512918e+05
  1.264371747481855e+09  1.241526991806846e+06  1.349317169597139e+06
  1.268148013809528e+09  5.007580317776410e+05  1.219922092356293e+06
  1.262573326550483e+09 -9.326854436436654e+05 -4.775129356740951e+05
  1.261642376036706e+09  1.659034647644415e+06 -1.282122052896161e+06
  1.262988842890626e+09 -1.049940812059427e+06 -9.358472982694623e+05
  1.263281269452994e+09  1.501590623899343e+06 -8.560746684558733e+05
  1.261078157709947e+09  8.819327725869397e+05 -6.208330487534644e+05
  1.264240227008516e+09  1.076363253043503e+06  2.115029124220017e+06
  1.260383995510139e+09 -1.547853174806114e+06  3.724021742274305e+06
  1.265131125382418e+09  1.621872549298090e+05  1.300268178748364e+06
  1.261432587123869e+09 -1.069155328792804e+06  5.350815271280148e+05
  1.262539852904434e+09  3.003557631804626e+06  1.892896729411613e+06
  1.262513601529325e+09 -2.136378755925691e+06 -7.384686644669678e+05
  1.268300817185412e+09  3.513456164367170e+05 -3.766857982861000e+06
  1.264131581309373e+09  2.947998135249467e+06 -1.986634449114380e+06
  1.263476447813465e+09  2.009163052008766e+06 -5.814577172731616e+05
  1.267961209471667e+09 -1.532304102155293e+06 -8.360954819854993e+05
  1.262498214109839e+09  1.496289092117293e+06 -2.762954923734228e+05
  1.265550848220826e+09  8.307061897870649e+05  7.601091075212808e+04
  1.262084623607553e+09  6.086571633685690e+05  2.006702043919300e+05
  1.260680757621065e+09 -1.778926283394409e+06  7.499281308001495e+05
  1.261777365170595e+09  1.248771541244977e+06  1.364023156347665e+06
  1.261390035446495e+09 -1.213486860022672e+06  2.078899637232513e+06
  1.259811462097020e+09  5.980957012642706e+05  2.507421507602705e+06
  1.263891643569185e+09  2.954645190821256e+05  1.047760462688004e+06
  1.260419184394361e+09  1.701136572090561e+06 -1.075816084215852e+06
  1.260028412545033e+09  1.031406858824145e+06 -3.470145957275402e+05
  1.263510048224578e+09  2.504998310083196e+06  1.672698358559622e+06
  1.261102269710284e+09 -6.211642131978298e+05 -3.828618612077025e+05
  1.262334091244157e+09 -1.632240567626850e+06 -1.289157744785592e+06
  1.264180282733988e+09  1.916351208136145e+06  7.890425923278439e+05
  1.262942702387125e+09  5.339517047000837e+05  1.328907238435493e+06
  1.257939443836363e+09 -2.556018894641686e+06  5.137622159603630e+05
  1.266311447579004e+09 -4.863926388115686e+05  6.779264723445337e+05
  1.263480247532474e+09  4.016895546780467e+06  1.373232846685649e+06
  1.266921447329494e+09  1.637010861464159e+06  2.397299639239338e+06
  1.262350160278475e+09 -1.562495673447077e+06  2.242376548210800e+06
  1.266297882047879e+09 -1.956857785693278e+05  1.281375270999098e+06
  1.262161004662942e+09 -2.656516713190676e+06  2.518617476874847e+06
  1.262199311567340e+09  1.234139113465729e+06  2.747439646474479e+06
  1.265933057705132e+09  6.663058237036283e+04  1.051296389447660e+06
  1.263030269616329e+09 -1.176451006082710e+06  6.018597159218531e+05
  1.264967357143528e+09  1.201496748795970e+06  2.032816893605561e+06
  1.263066417446438e+09  2.371214078798677e+06  2.392632863276140e+06
  1.260072728136190e+09  3.807879809546914e+06  2.443035058002731e+05
  1.260323410370122e+09 -6.191811938645163e+05  6.825528961646727e+05
  1.265455528403461e+09 -2.968795203580885e+05  3.722128800732853e+05
  1.262831710557769e+09 -6.268934604321831e+05  2.236415860943961e+05
  1.264476791125804e+09 -9.042177929257116e+05 -5.546856268126788e+05
  1.262925029655998e+09 -1.109162104859924e+06 -2.495146629934926e+06
  1.263852021592835e+09  4.210157758932376e+06 -3.298630958366014e+06
  1.261630791345813e+09  1.591425603149473e+06 -1.432668768501444e+06
  1.264334346697490e+09  6.428235170714371e+04  1.905059842363836e+06
  1.262113541250529e+09  2.451831353992258e+05  3.905167671362642e+06
  1.262303509722875e+09 -2.194010850301706e+06  2.133046926287040e+06
  1.259432640329513e+09  1.878699328395095e+06 -1.972121293545179e+06
  1.262916485185251e+09  3.039034985791164e+05 -4.444019805650070e+06
  1.261262849427883e+09 -2.895404485339173e+06 -5.349025452860076e+06
  1.260282485473264e+09 -1.626459667976615e+05 -4.439576512630895e+06
  1.262563782991660e+09  4.369480455520978e+05 -1.644689757715488e+06
  1.263431658644282e+09  5.951904642699696e+06 -8.485600207671076e+05
  1.262324353289842e+09  1.164327221777400e+06 -2.338977375754126e+06
  1.260135787288062e+09 -7.619458759111222e+05 -1.140118634981975e+05
  1.265603771454779e+09  4.645791172546188e+05  1.048246817888731e+06
  1.265570355399722e+09 -1.018403104865069e+06 -1.137296246896864e+06
  1.264777666496851e+09  6.851898525951123e+05 -1.859223672363886e+06
  1.261162049458004e+09  1.326296392417126e+06  6.569200814188051e+04
  1.263928046095340e+09  7.413248837612323e+05  2.814567337492377e+06
  1.261792119458591e+09  9.683752122001897e+05  4.310229475844130e+06
  1.263279784430884e+09  1.254772127453034e+06  2.749136725326451e+06
  1.263851894786561e+09 -4.218183751891938e+05  7.595781228986515e+05
  1.263530768396432e+09  2.208205907211336e+06 -1.200061386135097e+05
  1.262246785617117e+09  1.963575977823648e+06 -7.591524382188462e+05
  1.261697961006786e+09 -1.584359124928319e+05 -1.195120713674254e+05
  1.261291330787029e+09 -1.014167404531542e+06 -1.784223912655496e+05
  1.263432134943817e+09  5.197920332790586e+05 -7.617497637176048e+04
  1.260129221701815e+09  4.377828449069468e+06 -2.410252467727702e+06
  1.263116072937626e+09  1.605264034092135e+06 -3.362119985472709e+06
  1.262538378597025e+09  1.168214025639102e+06 -2.122059147973657e+05
  1.262044862739933e+09  1.405768025957388e+06  2.762819841832320e+06
  1.264506067874854e+09 -2.019473234890909e+06  2.654830662714654e+06
  1.264355572272193e+09  8.079061992808625e+05  8.045322692559458e+05
  1.263812474283126e+09  9.038167425603958e+04 -6.208776948113666e+05
  1.260225121100119e+09  1.636693472876964e+06 -1.049067164265099e+05
  1.265336358454341e+09  2.656782674870433e+05 -1.365532247243598e+06
  1.264481254184493e+09  1.571318336691059e+05 -3.453506826733490e+06
  1.261237716772039e+09  1.377252154989412e+06 -2.350114685446652e+06
  1.265312437872509e+09  1.806863953083528e+06 -1.227348640947826e+06
  1.261197124284735e+09  1.590888583917993e+06  5.670955499150860e+04
  1.265756725030392e+09  2.883376167415109e+06  7.110416182280530e+05
  1.263763789562671e+09 -1.535254438428910e+06 -9.371100748985349e+05
  1.265517659482689e+09  2.300889686324226e+06 -1.315064426954618e+06
  1.265718200452567e+09  3.136323397880816e+06  2.032568646674301e+06
  1.260867958644347e+09  1.730805205803174e+06  8.070789286910580e+04
  1.262110801928430e+09  3.437572038241188e+06  1.267525033771952e+06
  1.262968697715280e+09  6.589227199611611e+05  1.622866106854271e+06
  1.264796113672792e+09 -1.886290249323913e+06 -2.807368883997702e+05
  1.265384967382259e+09 -2.082460541301953e+06 -3.342033952942134e+05
  1.264966676250049e+09 -1.212843987747881e+04  5.804131687791441e+05
  1.264566044406892e+09  1.821886521597331e+06  8.375505170152696e+05
  1.264830354844517e+09  3.406306408897941e+05 -1.234549539010200e+06
  1.264003399891857e+09 -8.685392401926147e+05 -1.424650782573597e+06
  1.260020961652699e+09  6.332662645518242e+05  2.211959726565104e+06
  1.264538175816197e+09  1.339640147144451e+06  3.504201170893332e+06
  1.268322945607708e+09 -4.912341047035019e+05  1.702358165111729e+06
  1.260009174457533e+09  3.798698156078478e+06  1.727077034785643e+06
  1.265210322663146e+09 -2.756711522793859e+05  2.498245232284909e+06
  1.263533218300215e+09  1.793471450456859e+06  2.764235001227523e+06
  1.262125432196555e+09  3.454733722066629e+06 -2.052530482365364e+06
  1.263009605071176e+09  5.971677243389965e+05 -4.823734169428388e+06
  1.262837752263451e+09  2.374575566164237e+06 -3.650137378490212e+06
  1.264032183922259e+09 -6.961718028451964e+05 -3.726043569451929e+06
  1.261870184377917e+09 -3.772628505915529e+05 -2.702006723033058e+06
  1.264237791830313e+09 -3.358892222482837e+06 -6.121724223856325e+05
  1.261319596379825e+09 -1.505525435084413e+06 -1.072284948192209e+06
  1.263361068894412e+09  3.520875435848351e+05 -1.655728584511222e+06
  1.261953989502572e+09  4.819894568085192e+05 -1.594551653359968e+06
  1.260390411733949e+09 -6.864228484240295e+05 -3.913017793554846e+05
  1.261621741987747e+09 -1.351536164753119e+06 -3.654489598370772e+05
  1.264360893422175e+09  1.424927907010261e+06 -2.159235753315574e+06
  1.260819217721848e+09 -1.984390596946898e+06 -2.331830255572775e+06
  1.265544352715047e+09  2.585041292215072e+06 -1.528740827917434e+06
  1.261432114186553e+09  1.416624574759255e+06  8.238706719466613e+04
  1.265634151208477e+09  1.451364529609728e+06  1.210553772708198e+06
  1.258708029151390e+09  2.852114726217852e+06  2.098927183583325e+06
  1.261208215195147e+09  1.230009796008888e+06  1.321545279906341e+06
  1.263540971760818e+09  7.514893711306914e+05 -1.309757827641548e+06
  1.263106955802788e+09 -2.705287212016698e+05 -1.803416851086862e+06
  1.262264715452155e+09 -8.059483341389836e+05 -1.363715049676758e+05
  1.264986593580328e+09 -1.299811725734658e+06  5.062988135839627e+05
  1.268535509625376e+09 -1.692386486728952e+06  4.015506658167563e+05
  1.264071046058474e+09 -4.501754576514447e+05  1.064179963769168e+06
  1.263101605711107e+09  2.057881777422620e+06  1.249975715549556e+05
  1.262466988122690e+09  2.410080063735220e+05 -5.287402369841025e+05
  1.260329361424410e+09 -2.616337281861825e+06  1.282577250080005e+06
  1.262088725570859e+09  1.477054736668911e+06  2.472425995623344e+06
  1.267499200194827e+09 -4.019548942704394e+06  5.668769006078577e+05
  1.264165169660546e+09  8.592643250740160e+05 -2.475290798900343e+05
  1.262180772668458e+09  1.129745454917199e+06 -3.613156527871324e+04
  1.262068996301046e+09  2.009316743933433e+06  2.079047888335460e+05
  1.263145906083680e+09  7.180107341307637e+05 -7.820842223898863e+05
  1.265666154333232e+09  3.169118918360066e+06 -1.845035967969620e+06
  1.263395054305562e+09  1.214583581172606e+06 -2.312327700530301e+06
  1.263108358776431e+09  9.537456193602521e+05 -3.246336986212295e+06
  1.265618528995279e+09 -9.471158842637425e+05 -3.732128428807382e+06
  1.263430698655118e+09 -4.758181477407161e+05 -1.599004277810740e+06
  1.265538036735077e+09 -1.875784039374257e+06  4.753562639370406e+05
  1.262600764082907e+09  6.984798404282168e+05  6.730882378592538e+05
  1.263678043577505e+09  4.034770825943321e+06  5.165452503374463e+04
  1.263738663633440e+09  3.753209193790257e+06 -1.591283724280580e+06
  1.263294108014924e+09 -1.745805226111593e+06 -1.723107637707183e+06
  1.264690615110425e+09  5.295152532663001e+05 -1.526720867044405e+06
  1.265083086578367e+09 -3.822822830405788e+06 -1.435903344611021e+06
  1.264882284223620e+09 -1.983824308012619e+05 -3.553353749996523e+04
  1.266939467231885e+09 -2.975762039825181e+04  7.902095163243708e+05
  1.264689923880638e+09  2.143060478977282e+06  5.024960942088183e+05
  1.262681195226347e+09  1.128751262205405e+06  1.807280316313130e+06
  1.262904027517717e+09  2.192709877371192e+05  1.693640303138149e+06
  1.261040154899333e+09  5.142562175226123e+05 -1.120244815252748e+05
  1.260549852366243e+09  9.836256188410320e+05 -2.636873311348875e+05
  1.263076679199884e+09  1.489992425384063e+06 -2.111907134075951e+06
  1.262055161442723e+09 -8.218485686215160e+05 -2.632825119543847e+06
  1.264284224058007e+09 -2.738546194270338e+06 -7.003661004536131e+05
  1.258230313293191e+09 -3.385041436271416e+04  5.734427852578973e+05
  1.264087843807851e+09  2.597185051475990e+06  1.773545746540326e+06
  1.259877679626169e+09  5.413085259274458e+06  1.899411301376041e+06
  1.262407732200578e+09  3.097724023170517e+05  3.751173318190575e+06
  1.261132048478844e+09 -2.644128927605463e+05  3.316712002362205e+06
  1.261445634365084e+09  4.483779094340303e+04 -1.162832755433339e+06
  1.264006886679668e+09 -9.530110963280079e+05 -2.158324050281313e+06
  1.262953426246198e+09 -3.116560697255889e+05 -2.421145021529830e+06
  1.264940023916189e+09  2.677141121972746e+06 -1.604646003147319e+06
  1.264667848613922e+09  3.168195914145933e+06  1.697369876413358e+06
  1.262137677887368e+09 -1.470099253675868e+06 -1.229985595082689e+06
  1.264952333223957e+09 -8.322349593011333e+05 -2.969156617988394e+06
  1.264412027469496e+09  1.300607004013366e+06 -1.107882403363448e+06
  1.261305750257485e+09  1.216725040410766e+06  2.177216494531254e+05
  1.268938914688504e+09 -6.541532112457175e+05 -1.059695763271831e+06
  1.263139087804550e+09 -1.518200020340492e+06  1.165208051210004e+05
  1.264374069315654e+09 -1.437687781746637e+06  2.736825944160487e+06
  1.261240976627829e+09  1.291571531598030e+06  1.090062345271819e+06
  1.266998040581939e+09  3.972694928747416e+06 -2.770689687114627e+05
  1.262457386439162e+09 -1.847061036950508e+05  1.276971437137257e+06
  1.260432532147151e+09 -1.526658705345479e+06  3.890307763712350e+05
  1.265344235860738e+09  2.879219888896730e+06 -3.032019156870109e+05
  1.265368502030802e+09 -1.469727285542311e+06  1.171742582981959e+05
  1.261960112291863e+09  6.240747207843907e+05  1.473521225608737e+05
  1.265115793826292e+09  6.297439035254413e+05  1.705241453881737e+06
  1.261863746941068e+09  2.670844458180141e+06 -1.345054391037008e+06
  1.261891331544878e+09  7.036826911298039e+05  2.324904980323766e+05
  1.259641875515066e+09 -1.053947968227812e+06  2.538587998428966e+06
  1.259681168273062e+09  2.099208889309582e+06  1.713553578945404e+06
  1.262108345645053e+09 -6.944071882022389e+05 -4.749742500271232e+04
  1.262809714080967e+09 -6.767578999855359e+05 -1.214025048807728e+05
  1.264643945163901e+09 -5.261997578188583e+05  4.335538322585388e+05
  1.266268889330062e+09 -1.244391027746132e+06  6.000617106315066e+05
  1.261976901395432e+09  2.686659242611947e+06  4.688307760343707e+05
  1.262880413284683e+09  3.046508567369561e+06  2.745082877340526e+05
  1.264982044248343e+09 -1.373634774849459e+06  6.753225502992491e+04
  1.267087419265984e+09 -3.594579987533568e+06 -6.364587689390312e+04
  1.261457470967842e+09  3.452055026583039e+06  1.010686895696453e+06
  1.262825724589845e+09 -4.200644685809292e+05  2.087734469540873e+06
  1.261172674459130e+09  2.007381623962435e+06  2.206697860901167e+06
  1.261723708304506e+09 -2.079843990163925e+06  6.100376391997843e+05
  1.268378247205725e+09  1.515489248093703e+06  3.079403168544087e+06
  1.268222748134755e+09 -1.233091246640558e+06  2.482802708224980e+06
  1.261935338276472e+09  2.373226063086609e+06 -1.510051222134810e+06
  1.259888921504379e+09 -6.337477137228927e+05 -3.155373791262342e+06
  1.266585902039846e+09 -9.179539523680756e+04  6.382241091453203e+05
  1.260682088487015e+09  1.245110015443088e+06  4.798839101196056e+06
  1.266199475582033e+09 -7.158349770919106e+05  1.445166719097636e+06
  1.263806039504121e+09  2.256761624771108e+06 -1.562436371077033e+06
  1.263518042341237e+09 -9.426849209460414e+05  2.583487934816686e+06
  1.266849400913471e+09  8.759598179713928e+05  4.814038229847472e+06
  1.260427965706332e+09 -2.022774154953423e+06  2.259505172558571e+06
  1.261821846554781e+09  2.483483160025371e+06  1.822509308595959e+06
  1.265739718924381e+09 -1.712824158989578e+06  1.781226075884443e+06
  1.259884501195941e+09  2.830757199707814e+06 -1.600459186233289e+04
  1.264801168241961e+09 -3.354790373100720e+06  9.815227246820851e+04
  1.261242528170872e+09  1.207262852212409e+06  1.190739636718741e+06
  1.259881255456588e+09  2.609038796680382e+06 -2.641332476242045e+06
  1.262513766709599e+09  1.340576835805721e+05 -2.038001663275000e+06
  1.263520037844163e+09  3.430568541803335e+06 -1.693168498323882e+06
  1.262313639147743e+09 -3.511504643169343e+06  1.459483732606281e+05
  1.265573283370370e+09 -5.923106287361084e+05  1.723347687113226e+06
  1.261201633041852e+09  1.619268756227583e+06  1.015838523100701e+04
  1.260002014065755e+09 -3.696791512769704e+05 -9.530408933452222e+05
  1.262829028986083e+09  2.424726235307474e+05  4.997239912482852e+05
  1.265756517037346e+09 -1.692729005696152e+06  4.045719879374835e+05
  1.261525129434190e+09  2.371911137331984e+06  7.440409994748652e+05
  1.261394902088874e+09 -3.296241818074512e+05  1.153860702611920e+06
  1.262038910350681e+09  3.891420360755297e+06 -7.341119342361428e+05
  1.263934807733987e+09 -1.581657809220316e+05 -8.379316688096168e+05
  1.262094779832339e+09  1.066263609189459e+06  6.717566692291413e+05
  1.264927390522302e+09 -3.429600119614498e+06  1.557782600881733e+05
  1.264588228289371e+09  2.444098750929107e+06 -1.987429719904609e+06
  1.265759744028326e+09  2.971980680144862e+06 -2.533554974789594e+06
  1.260805255954554e+09 -3.004726139286399e+05 -1.652434531571899e+06
  1.262505537096247e+09  3.573462025299911e+06 -1.206301098297318e+06
  1.262892642155326e+09 -2.700252545847657e+06 -1.589971789969011e+06
  1.266877753402710e+09 -1.665010661695129e+06 -1.837401924444261e+06
  1.262042482521699e+09  2.461641484022953e+06 -2.121354430500979e+06
  1.265457048063806e+09  1.501626805002654e+06  3.995282475901397e+05
  1.263555622156539e+09 -1.284839842286659e+06  2.533833881773514e+06
  1.258520182558516e+09  7.080900209086733e+05  3.619474445718117e+05
  1.260561426367706e+09  2.690136116242111e+06 -1.230774555923059e+06
  1.266314618325029e+09 -1.336046503575178e+06  9.932987702833773e+05
  1.261713378025475e+09  3.314784416060757e+06  3.430604693176388e+06
  1.264116571432604e+09  1.114467713028514e+06  2.903645069887427e+06
  1.262266739914985e+09  4.065004719685894e+05  3.736555764916397e+06
  1.266777730361661e+09 -2.052240919859966e+06  4.013574979080176e+06
  1.264801068836332e+09  4.260471461370829e+06 -1.172251801770274e+04
  1.261206137136088e+09  1.437436790791142e+06  3.966488513111313e+06
  1.266364512806333e+09 -1.459431150822849e+06  4.586868084590859e+06
  1.263806724157930e+09  3.035970215505195e+06  1.103790148473639e+06
  1.263839442337795e+09  2.327879699510699e+05  1.076319700429983e+06
  1.263931823942150e+09 -4.935748456350093e+05  1.449004930856368e+06
  1.267203936479238e+09  1.805635933728453e+06 -1.029432081343720e+06
  1.260451933985634e+09  1.674589867748120e+06 -1.794921785054908e+06
  1.262729593182344e+09 -1.281894719204623e+05 -1.620066030298668e+05
  1.261808257271761e+09  1.873189788440616e+06 -8.400014056785232e+05
  1.263100300611651e+09 -1.552603778498848e+06 -2.797281182998423e+06
  1.260803738402858e+09 -1.116848533353800e+06 -1.239400951825274e+06
  1.265461504642854e+09 -9.063993660490392e+05  1.181143587471544e+06
  1.262543121853953e+09  1.555551659507900e+06  1.411556733788638e+06
  1.263638266116818e+09  1.725567053082327e+06  1.474542917515496e+06
  1.261272251583310e+09 -1.419636720100343e+06  7.785422772653779e+05
  1.263021116010032e+09  3.325319658693229e+06  5.049040383013316e+05
  1.262900994618587e+09  1.147203025601155e+06  1.507053923377808e+06
  1.266906313442172e+09 -6.556913421565057e+05  1.667367574786487e+06
  1.265352219046134e+09  3.384860160197597e+06 -5.010246458063255e+05
  1.262231058121010e+09  4.273503411781037e+05  2.133315276769785e+05
  1.264525176897105e+09  1.533566556336528e+06  1.729295074191938e+06
  1.261830916861581e+09 -3.718735219868641e+05  3.424355152395258e+05
  1.263190327948347e+09  1.560056179355178e+04  2.864622413840471e+04
  1.263228782328005e+09  2.136303922181244e+06  1.436807461790914e+06
  1.261303908943753e+09  1.753292068329604e+06 -1.017835526731064e+05
  1.262710149015376e+09 -3.675599953902459e+06 -2.022517481276489e+06
  1.259305961809238e+09  6.247913231263707e+05  5.063509284603439e+05
  1.262004071001569e+09 -1.428477017333278e+06  3.375124859643833e+06
  1.266169893703033e+09 -4.169140401623845e+05  3.259384175582974e+06
  1.263521901412535e+09  7.208964900067935e+05  2.326919816273020e+06
  1.261275958077599e+09 -2.722234572628110e+06  1.412229268664071e+06
  1.263809062177299e+09  1.684634885831461e+06  5.006821218023201e+05
  1.260517545953993e+09  2.479929419570037e+06 -9.330997773309486e+05
  1.261359995698708e+09  2.428508981941327e+06 -2.584577074438381e+06
  1.263814468345605e+09  3.557999637489767e+06 -1.557669644248928e+06
  1.262037035043993e+09 -1.438069158219213e+06  1.463040177345157e+06
  1.260711269862622e+09  1.185709245328199e+06  2.207764801508251e+06
  1.266207400291982e+09 -1.759697108806639e+06 -7.814564937542343e+05
  1.264408342066241e+09 -2.751417423774734e+06 -2.906848355101433e+06
  1.265268771166194e+09  1.655174873867635e+06 -7.758379221020739e+05
  1.264311628556574e+09  4.188852107780736e+05 -6.277150311370972e+05
  1.265980764375489e+09 -5.474715389007224e+05 -5.695525602077711e+05
  1.264119479110673e+09 -3.605571144359491e+05  1.353885839701880e+06
  1.262714379275912e+09  2.882248845739866e+06  4.373430685441730e+05
  1.264002777896259e+09 -3.108121899283867e+06 -8.021178452261043e+05
  1.264991269646570e+09 -2.792149716684614e+06 -7.865137964672828e+05
  1.263177975129007e+09 -1.945393953126630e+06 -7.934794052990137e+05
  1.261106977766397e+09  1.790178274674759e+06 -4.617248160525139e+05
  1.262161402267482e+09  1.728919084882014e+06  8.740199774380379e+05
  1.259250986062487e+09  3.962722592751638e+06  6.563211326308537e+05
  1.264467570349092e+09 -5.090428055818868e+05  1.126467483488311e+05
  1.260736239428856e+09 -1.609092114722792e+06 -2.204559612175523e+05
  1.263011096755411e+09  2.031084184780834e+05 -1.819178263235551e+06
  1.262661609428892e+09 -1.472162411221511e+06 -2.815952895933294e+06
  1.262892744258663e+09 -4.385005572147860e+06 -1.337102312314241e+06
  1.263448122002918e+09 -1.234864522059542e+06  9.827177190514251e+05
  1.265851012253940e+09 -7.822517072403845e+05  9.616706519950683e+05
  1.262349128993232e+09  1.795517629232130e+06  5.518499987793271e+05
  1.258474039346293e+09 -1.682274783458713e+06  8.681602926971777e+05
  1.259090260222002e+09  4.500123227227040e+06  1.813057262613893e+06
  1.262960044686390e+09 -1.327626124765468e+06  2.665044212195861e+06
  1.262603488802072e+09 -4.278609962957915e+06  9.286091527980419e+05
  1.261198795352041e+09  1.438803277102254e+06 -1.613700246385859e+06
  1.264748683185736e+09  2.257587182716105e+06 -1.184585347981076e+06
  1.264657024265587e+09 -1.555754998402275e+06  1.476190702365813e+05
  1.264644142016470e+09  1.253411467479863e+06 -2.584039796095700e+05
  1.262752524829963e+09 -3.142697042052349e+06  9.508375383808409e+03
  1.264621329415818e+09 -3.832403491326661e+05  8.285826758314417e+05
  1.265946566153905e+09  8.102212998637400e+05  1.632638443319543e+06
  1.263971465224318e+09 -9.088968755770496e+05  1.290077518083990e+06
  1.260162281055592e+09 -1.875660006231694e+06  1.081493243599704e+06
  1.264529209307018e+09 -1.529393290589678e+06  2.530054580652849e+06
  1.263292479268877e+09  1.388822775043476e+06  1.324429285829839e+06
  1.263024980898945e+09  1.013764495922619e+06 -2.665102671471955e+06
  1.264146583939462e+09 -1.627840116248260e+06 -1.765665882084381e+06
  1.261776424008039e+09  3.804247967414401e+06  8.214869360144282e+05
  1.260257798087790e+09  2.195547632461363e+05 -6.267582513024012e+04
  1.263405166589186e+09 -1.534265966501722e+06 -1.244960557326197e+06
  1.258823631677571e+09  2.441034723458678e+06 -9.342620306463053e+05
  1.261531459435807e+09  1.021864108206985e+06  1.313501783356127e+05
  1.262785074194322e+09 -4.525725509421719e+06  4.110226130754482e+06
  1.264048305821141e+09 -2.619763439449384e+05  2.820174639052428e+06
  1.260798277858641e+09 -1.841493419427855e+06  1.272333278212070e+06
  1.263136524559015e+09  3.613241553620252e+05  6.471575279569393e+05
  1.265296162724841e+09  1.248471935543537e+06 -5.718715209952790e+05
  1.262983515937407e+09 -1.941024103927316e+06  7.086290424665064e+05
  1.265292302269607e+09  7.845548298664712e+05  1.457655717931062e+06
  1.261818461495697e+09  6.615860964158108e+04  3.687925959651824e+05
  1.265464149462327e+09  4.483710280274120e+06  6.349541822960305e+05
  1.266244169740168e+09 -1.963429012198068e+06  2.321151688375837e+05
  1.261042217904205e+09 -2.546539814696493e+06 -5.246987780331987e+05
  1.264810347831101e+09  1.675023424465810e+06 -1.596295746850280e+06
  1.262506394220633e+09 -4.548835176608355e+05 -9.085079664432476e+05
  1.264280188204110e+09  1.690304697921509e+06  5.518521059865567e+05
  1.264605746755905e+09 -1.471536196497488e+05 -2.965117032198502e+05
  1.265285807626480e+09  1.672218512995022e+06  1.441154007087232e+06
  1.263781823224402e+09 -4.147716633140700e+06  3.040862159255651e+06
  1.260413248439030e+09  1.826991999123450e+05  1.348943940679025e+06
  1.264430765613729e+09 -2.650379273777332e+06 -2.051233087668179e+05
  1.260826406520569e+09  3.187243539727564e+05 -1.598323375511680e+06
  1.265479139301041e+09  9.342216201411816e+05 -1.528446862991333e+06
  1.264714947978405e+09 -7.445683595743740e+05  4.487635729646578e+04
  1.266622686348668e+09  4.451756434819565e+05  1.008876750214991e+06
  1.261792057973442e+09  8.778151643211758e+05  1.150413888719287e+06
  1.264198530113338e+09  3.875069598238657e+06  1.369399249278743e+06
  1.265833274825925e+09 -5.086359357743785e+06  8.198012734090352e+05
  1.261456843127025e+09 -2.488259419431563e+06 -7.357914843707848e+05
  1.264075100022598e+09 -1.169686674680992e+06 -4.095351652722312e+05
  1.266692061334632e+09  6.912058646757270e+05  1.375914099813298e+06
  1.260142154157601e+09  8.502420508062086e+05  1.987429675165823e+06
  1.263719187730326e+09 -2.861763874625907e+06  1.201208204362388e+06
  1.263551935754209e+09  4.227904931210017e+06  2.183292212310209e+06
  1.262793975634697e+09 -1.363052072846151e+06 -2.347966417508480e+06
  1.263689707465877e+09  7.163639943934642e+03 -1.607851602985241e+06
  1.261426432941404e+09 -2.820775549580194e+06 -2.993590651972446e+05
  1.263564628119319e+09 -3.325005021779667e+05  1.360863374493557e+06
  1.259745122038436e+09  1.249441235903133e+06  3.520571955657835e+06
  1.263964558330010e+09  1.293848650026108e+06  3.248602669958502e+06
  1.260048120949245e+09  1.483499522101415e+05  2.929974326276716e+06
  1.262857975065183e+09  2.409697106021325e+06  2.063341928284072e+06
  1.262765823556096e+09  1.655169272302237e+06  2.134350442959294e+06
  1.262458879262580e+09 -3.689726983851242e+06  4.012575579915722e+06
  1.261574779858455e+09  5.658240528372816e+05  3.506942466455297e+06
  1.267126355342075e+09 -2.227326648545868e+06  1.090682594779400e+06
  1.263900281615221e+09  2.218012813069099e+05 -1.753050986683231e+06
  1.265591810702357e+09 -4.585453873234825e+05 -1.924655422720335e+06
  1.259210999616684e+09 -2.034290956161030e+06  8.070199659709533e+05
  1.265359705985530e+09  3.437479339992824e+06  2.549235662069973e+05
  1.260606307353948e+09 -1.835283084019620e+05 -1.862433840363480e+06
  1.262804467510725e+09  1.188487922957033e+06 -2.002462562958103e+06
  1.261698778530113e+09  2.099235511252410e+05 -1.101884161738636e+06
  1.263029146075639e+09 -6.711767769475312e+05 -8.522575140241752e+05
  1.265092660533381e+09 -1.621296552645856e+05 -1.207113297390862e+06
  1.265184014799121e+09  1.352818384228224e+06  7.674487589103490e+05
  1.266044271828421e+09 -1.106496547773271e+06  6.841396676712204e+04
  1.264029698203611e+09  2.348632248289317e+06 -2.219837879324317e+06
  1.263808912785681e+09  1.426793472498503e+06 -7.931861597739507e+05
  1.260784542820936e+09 -3.419135392142939e+05  9.256961499336902e+05
  1.260245073001433e+09  1.598916996748666e+06  2.011944059582896e+06
  1.262725384011097e+09 -4.343332085251169e+06  7.773686486635925e+05
  1.266157454849254e+09 -1.416356326742450e+06 -1.407108856560714e+06
  1.264022362667418e+09 -1.009645163075230e+06 -1.093733572556349e+06
  1.264827983269845e+09 -1.337707787180542e+06  3.826416727909793e+05
  1.263254462318633e+09  1.497323523483409e+06 -2.109486453297312e+05
  1.264169671907501e+09 -7.274857319238796e+05 -3.734483803126783e+06
  1.264901459265528e+09  3.190733947764126e+06 -3.630734911603658e+06
  1.264172412513279e+09  1.425779555646746e+06 -4.346164139097145e+06
  1.263404042944798e+09 -2.334686331386298e+05 -3.895478143407993e+05
  1.264911740704592e+09 -3.116135622288566e+06  3.527024951986025e+06
  1.264078827962946e+09  3.230186745822059e+06  2.776378409247730e+06
  1.263274925766451e+09 -1.888886933162792e+06  1.648709587144790e+06
  1.264551963631816e+09  7.712493709415867e+05 -2.982149617487006e+04
  1.264420780625066e+09  1.704186697092881e+06 -1.151929858601232e+06
  1.263632391988876e+09 -7.723185991499568e+05  9.602309985281861e+05
  1.264000149464823e+09 -6.818699107154352e+05  2.598139558938975e+06
  1.264678527254980e+09 -6.482003835299129e+06  1.617733081919509e+06
  1.263689707969862e+09 -4.132127831949805e+05  9.960241470902034e+05
  1.265670906956012e+09 -8.190205385643670e+05  7.987596405653283e+04
  1.267283351141302e+09 -3.216280258858445e+05 -2.490398648869969e+06
  1.264502724644634e+09 -2.726310474754847e+04 -4.337192436165401e+06
  1.262192882780606e+09 -2.438225121864803e+06 -1.843019929953122e+06
  1.265044124853633e+09  3.635409915976436e+06 -7.902394103970481e+05
  1.260957607743414e+09 -2.666874295351817e+04 -4.217227662860887e+05
  1.262180663987258e+09 -1.056227061789196e+06 -1.736228429532854e+05
  1.264617835238529e+09 -2.778858267862068e+06  5.468132480835465e+05
  1.264028833928646e+09  3.396655316533097e+06 -6.011573637491086e+04
  1.264458476764623e+09 -7.905212265355182e+05 -9.908021074958364e+05
  1.260353377785716e+09  1.333681136159046e+06 -5.216153362425449e+05
  1.261610569692561e+09  1.813775886162654e+05  7.453929513090407e+04
  1.259654919948389e+09 -3.480945606640483e+06 -1.564314597747029e+05
  1.262099057553272e+09 -1.969866857958726e+06 -3.790931402686178e+05
  1.261232242598462e+09 -3.170327219338459e+06 -1.005971631909293e+06
  1.262088289386119e+09 -4.815682732577415e+05 -2.717203680449023e+06
  1.262116492351426e+09 -1.119104776622234e+05 -3.342767996190266e+06
  1.263513380670058e+09  1.353735711211756e+06 -1.557583854344989e+06
  1.261224617843165e+09 -3.485273655141872e+06 -1.237308521741692e+06
  1.266469690644346e+09 -1.776063679745360e+06 -1.269233830920717e+06
  1.262293323732473e+09  1.061459506845898e+06 -2.076791307659711e+06
  1.264864906562638e+09 -2.124471128974572e+05 -9.782675576226795e+05
  1.264205917517854e+09 -1.048955531607247e+06  6.577853524827026e+05
  1.261321836276335e+09 -7.800528117393132e+05  1.854199653079267e+05
  1.270265431015283e+09 -1.204440775910561e+06 -2.768796331291189e+06
  1.264259063873784e+09 -1.043734738186596e+05 -3.967826469275194e+06
  1.263403585989765e+09  2.571994086017957e+06 -3.121098192621868e+06
  1.263059459159972e+09 -1.327584141759703e+06 -3.629402860149763e+06
  1.269907639537683e+09 -2.105960743742808e+06 -3.097449771054293e+06
  1.260956424258614e+09 -2.582793868672545e+06 -1.228966069635147e+06
  1.262574302153472e+09  9.941843392274018e+05 -6.516832371179798e+05
  1.262282626301981e+09 -2.294371819955911e+06 -1.374479405854682e+06
  1.264729404000260e+09  1.165076752021719e+06 -2.603842890038177e+06
  1.261355648551026e+09 -4.131161762377354e+05 -2.583177916537616e+06
  1.263480713884733e+09 -4.583267670481029e+06 -1.184057767389329e+06
  1.262322731044673e+09  7.700850995519152e+05  2.422365540886506e+06
  1.261946498210905e+09 -1.592295880388593e+06 -2.795823181147657e+05
  1.260037209058040e+09  9.588520296016762e+05 -5.661295160889255e+05
  1.263447418792024e+09  7.393631206589100e+05  6.286335086400037e+04
  1.260876510176555e+09 -3.216851125320023e+05  1.792036494091703e+06
  1.262922456887743e+09 -1.519929964491709e+06  2.644694504286735e+06
  1.266768270516389e+09  1.300400370145859e+05  4.644542814652256e+05
  1.265833996274709e+09  2.892267071572102e+06 -1.618062619030732e+05
  1.264211531758652e+09 -2.194818589582031e+05  1.024148227999442e+06
  1.264079458719590e+09  7.781964583452905e+05  1.871537637596108e+06
  1.263382441914397e+09 -3.367604433622139e+06  2.640802917198467e+06
  1.266297707537681e+09  1.841619237238481e+06  1.520248390189720e+06
  1.263362235313547e+09 -2.585663457617917e+06  2.074589232856051e+05
  1.261816994794659e+09  3.063258333627226e+06  1.022973844569546e+06
  1.259769658273329e+09 -2.407319346442821e+06  3.099228025893286e+06
  1.262911365010751e+09 -9.122921321653993e+05  4.403435747243001e+06
  1.269354272068821e+09  2.052359497670079e+06 -6.646172783308960e+05
  1.267427946384268e+09 -2.663627562170516e+06 -2.390366785280405e+05
  1.262042814648462e+09 -1.953318276954778e+06 -3.586644808778565e+05
  1.261272692306561e+09  8.815565755584968e+05 -2.282972225122006e+06
  1.262297397266671e+09 -1.827863485910265e+06 -1.511875866179546e+06
  1.258600690078818e+09  2.226274930883076e+06  8.152901519566390e+04
  1.263700416629084e+09  3.892786704215448e+05 -1.577910487497605e+05
  1.263124862723177e+09  1.632872074304464e+06  2.642438051925023e+05
  1.262334716890530e+09  1.703671620532677e+06  2.679692285505614e+06
  1.264801522458248e+09  1.498498634923554e+06  3.357697795771213e+06
  1.260607370434826e+09  1.201243110308789e+06 -4.456360534873568e+05
  1.261713443244846e+09 -1.152840438490830e+06 -2.732969556354756e+06
  1.263745650161080e+09 -1.020252274332106e+05 -2.355177731871979e+06
  1.259507651963563e+09  6.243952822584249e+05 -2.330432765010521e+06
  1.266453076857429e+09  2.006419034099907e+06 -4.403653466310354e+05
  1.262493980371590e+09 -4.978822260357504e+04  6.275050882325618e+05
  1.261838251622229e+09  2.080189399208674e+06 -1.539192815859866e+06
  1.263627372148761e+09 -5.537345815647825e+05 -3.455098013937362e+06
  1.264284154748661e+09  8.029828355370781e+05 -3.113464889536195e+06
  1.263778749164644e+09  2.718618082814537e+06 -1.262916722548988e+06
  1.262492864027921e+09 -1.918130669292247e+06  7.125975062079139e+05
  1.262696288860528e+09  2.081875615553521e+06  1.964413861736104e+06
  1.261482472363972e+09  7.869373321448279e+05 -2.490687418515120e+05
  1.262530149820876e+09  2.246567890832584e+06 -1.583757904215408e+06
  1.264447250420811e+09  1.378404876936483e+06 -6.392978831061262e+05
  1.262168094496960e+09  2.641472398903620e+06 -2.435189072028884e+06
  1.261070231615222e+09 -1.316911194156675e+05 -3.710106606247612e+06
  1.262300482531572e+09 -1.816318197942098e+06 -1.420602169620922e+06
  1.264545175964118e+09 -1.217378675001668e+06  9.480903400240463e+05
  1.261358410859587e+09  3.440800227333070e+05  1.648752534868287e+06
  1.262595201735595e+09  3.723851249892804e+05 -8.311254265582412e+05
  1.263730422716316e+09 -4.717934750914606e+05 -1.877171031181659e+06
  1.262534313241518e+09  1.410700207650173e+06 -2.090960008982799e+05
  1.258388010734609e+09  1.537549492773063e+06  9.092688225803599e+05
  1.263837078055596e+09  2.686207966870635e+06  1.938548942132459e+06
  1.260673144833141e+09  2.622960888411289e+06  1.558032284756675e+06
  1.267153136011109e+09 -2.582355760093049e+06  5.321763715563812e+05
  1.263373531151169e+09  2.912283558140570e+06 -3.660671985908190e+05
  1.265845623931452e+09  2.073010675462684e+06 -5.526168381072495e+05
  1.262422407334148e+09 -1.302828559556846e+06  1.742107737812120e+06
  1.259609949983706e+09  6.520122070592886e+05  3.730623076083723e+06
  1.260795252608478e+09  8.049750398152915e+04  2.762047246030428e+06
  1.263856892518692e+09 -1.064515828828131e+06  5.283591129191616e+05
  1.262548836481802e+09 -1.936330251093035e+06  1.597035232926590e+05
  1.262014274207458e+09 -2.388067149851971e+06  5.958072033611333e+05
  1.261629064044813e+09  8.299924116854382e+05 -1.093057838889834e+06
  1.265601799482161e+09 -1.538928863887112e+05 -2.256375607915844e+06
  1.262252969318822e+09 -1.998714651467474e+06 -1.364608317858348e+06
  1.262185871202012e+09 -2.253677008928072e+05  1.633659693351998e+06
  1.266810008620373e+09  3.887997969386183e+05 -6.599216014802716e+05
  1.265249998591592e+09  1.118755607098853e+06 -2.235542135948749e+06
  1.260686947333516e+09  7.561574030608541e+05 -5.584128590015275e+05
  1.263487390438290e+09 -3.593527752330696e+06  9.738065333444148e+05
  1.265065538642067e+09  9.520407453217848e+05 -2.208753331483020e+05
  1.260310840906581e+09  3.133722361718505e+06 -8.634355270114902e+05
  1.263380488178050e+09 -1.938450472994702e+06  1.799765764004312e+05
  1.261851498288038e+09  2.491372890401854e+06 -1.277636340244578e+05
  1.261707470404581e+09 -7.193410818697338e+05  1.058887808779076e+06
  1.262240294450799e+09 -8.155904513289903e+05  3.797543182781262e+06
  1.263725298975004e+09 -1.700939454422977e+06  4.486610245967076e+06
  1.265545864011813e+09 -2.107474636287959e+06  3.449085210309528e+06
  1.260108101679028e+09  1.581291399762121e+05  1.484521313601305e+06
  1.261590938049183e+09  5.829953087738124e+05 -6.915259096074314e+05
  1.260437613555031e+09 -1.847931765514529e+06  1.650412620770575e+05
  1.262932135221582e+09 -1.710294327797306e+06  3.164022290519273e+06
  1.263576090374579e+09 -1.325058364742853e+06  4.272197240277749e+06
  1.263909223627707e+09 -1.825353616380252e+06  2.836861905994873e+06
  1.263042834033975e+09 -1.255183545372189e+06 -6.493556298580660e+05
  1.263337315272470e+09 -2.638450500691843e+06 -1.354806343722699e+06
  1.260794167178820e+09 -1.635298045532011e+06  5.019410309715843e+05
  1.261857461405260e+09  6.565543952894300e+05  9.538247097849512e+05
  1.264832373355169e+09 -9.341280727409642e+05  1.247462007634408e+06
  1.262033197152911e+09  1.448176323795444e+06  2.732969810753206e+06
  1.263597096908012e+09  2.087988805943591e+06  2.563736747975582e+06
  1.258992315549364e+09 -1.465728540435003e+06  2.207006720209431e+06
  1.262970537069909e+09  8.921987451474238e+05  3.009089969872088e+06
  1.264822574371874e+09 -1.005233524306128e+06  1.621278736328247e+06
  1.264517918434654e+09 -3.500012683109826e+06 -1.078614541634669e+06
  1.263062133634103e+09 -6.270456690527801e+05  3.916905154708510e+05
  1.263017991917729e+09  1.949824830866768e+06  2.686391520099287e+06
  1.260148158564157e+09  6.330721991934915e+05  2.622742733944434e+06
  1.260387764764391e+09 -2.829830218603638e+06  1.894907560186947e+06
  1.264018024564934e+09 -2.592957917556562e+06 -1.329692307164175e+06
  1.262419344922033e+09 -1.941609897430078e+06 -4.209896884662877e+06
  1.264089704496243e+09  2.784621169533855e+05 -3.874731362471658e+06
  1.264708295212480e+09 -2.797389502679494e+06 -2.420204344537312e+06
  1.266043592006248e+09 -1.448280733359912e+06 -7.118085537201272e+05
  1.262611122198607e+09 -1.485775989421241e+06  1.299162547451214e+06
  1.265198442735967e+09 -2.776998055117393e+06  1.823353002996939e+06
  1.265424079840767e+09  3.213792581520844e+06  1.255570221385068e+06
  1.263873163715643e+09 -1.450801885225375e+06  1.058377663856314e+06
  1.261538610554882e+09  3.885436601960073e+06  7.879707152411623e+05
  1.261793183442556e+09  8.578355659892960e+05 -6.227600750739234e+05
  1.263177870541962e+09 -2.375905783017436e+06 -1.038626302456980e+06
  1.260398278971254e+09 -2.218222326615755e+06  1.382711049428793e+06
  1.262882722959958e+09  2.412061684515675e+06  2.779308639189654e+06
  1.264890882224501e+09  4.123078284428544e+06  2.596304044731681e+06
  1.260307168408034e+09 -3.616118452459372e+06  2.022799646762838e+06
  1.264488936277734e+09 -1.321481240915978e+06  7.443047596621405e+05
  1.261173361432959e+09 -1.049624463828134e+06 -1.386157086499113e+06
  1.261959136104848e+09  5.730242952051064e+05 -8.036388555420951e+05
  1.262993020699102e+09 -3.118710464041440e+06  1.149970584659944e+06
  1.264127936921300e+09  1.208791175409789e+05  3.014145422931119e+06
  1.265058640511348e+09 -1.135860462824299e+06  1.694507296634937e+06
  1.266523808948328e+09 -3.121014935703971e+06 -8.260764209054717e+05
  1.262013263242821e+09  2.784582386905440e+06  7.020208567617395e+05
  1.259277973255417e+09  2.496724600177976e+05  1.937256080938851e+06
  1.259491819809869e+09  3.139337970946698e+06 -1.291384388296770e+06
  1.264645863858893e+09  1.595872275239745e+06 -4.805808615682516e+06
  1.261669384656589e+09  2.004853494801905e+06 -5.646043152355596e+06
  1.260357467744508e+09 -9.573351585618594e+05 -2.734308816700132e+06
  1.265421042348209e+09  2.843646286819903e+05  1.876463841764619e+06
  1.265310315417985e+09  5.130934553604018e+06  2.926033133879990e+05
  1.263790206311237e+09 -8.286818797314017e+05 -3.288437678708513e+05
  1.263718388021860e+09 -9.522369123598598e+05  2.608864601198520e+05
  1.264529616684109e+09 -1.181164087508502e+06 -5.726566314737537e+05
  1.265052764649854e+09 -1.546515793702735e+06 -1.343467645486107e+06
  1.263261399099504e+09 -2.576181020039754e+06 -1.669645691059456e+06
  1.260641475701438e+09  1.006110862756952e+06 -8.203712243252287e+05
  1.265597164309402e+09 -8.252743891402415e+05  1.792631454132148e+06
  1.265736806945932e+09 -2.023270311644894e+06  2.906211227861262e+06
  1.262326552469894e+09  2.991442436247373e+06  2.343682443215219e+06
  1.262054507550365e+09 -5.258384360731926e+05  1.382667349259857e+06
  1.261448018451765e+09  1.702213237128308e+06  7.484358181805019e+05
  1.259093413145099e+09  6.368550026687868e+05  4.581833117233912e+05
  1.264905174692562e+09  1.666768145453697e+05  7.554855166352578e+05
  1.258045063679484e+09  5.991991745753301e+03  2.643905814621122e+06
  1.262100536755325e+09 -1.562748427759678e+04  2.711529465401415e+06
  1.264620605529235e+09  4.139911454001159e+06 -1.800054742993457e+06
  1.262745459832851e+09  5.741729417500459e+05 -1.442683178010373e+06
  1.263061608816032e+09 -5.207120599845343e+04 -2.379256895934981e+06
  1.263777791329331e+09 -5.868093054768387e+05 -1.459142070208360e+06
  1.265329993899407e+09  7.172706544958132e+05  1.508113916901780e+06
  1.262427663125580e+09 -1.379929062868392e+06  2.597289170115301e+06
  1.267205530859812e+09 -5.461977859390619e+05  1.070309612621198e+06
  1.263905796712750e+09 -9.158302706852158e+05 -3.996954731251924e+05
  1.265424333505439e+09 -3.017507225574027e+06  1.238167486779197e+06
  1.263673324154421e+09  1.270967537255316e+06  1.914224753166802e+06
  1.259264238868366e+09 -3.063153881247204e+06 -5.997790992341763e+05
  1.265564288048385e+09  3.149980721782768e+06 -2.600381492266582e+06
  1.265352274934731e+09 -1.503851672276789e+05 -3.640460888795470e+06
  1.262789375291331e+09 -2.876274109523053e+06 -2.965384208120401e+06
  1.263464213673224e+09 -8.978273377246110e+04 -1.521847627656266e+06
  1.263247353843399e+09  1.818318826543015e+05 -1.769035739862763e+06
  1.262734312105021e+09  2.978479053366018e+06 -8.101171466482944e+05
  1.262923648009961e+09 -3.336927308620267e+05 -2.533736352942013e+05
  1.265323943251379e+09  1.162577359796240e+06  1.496821499547719e+06
  1.260997771969831e+09  1.598972358537056e+06  1.226032807736374e+06
  1.265023280859025e+09  3.313815864113187e+06  1.739682615463934e+06
  1.263338372863051e+09 -3.341285471673424e+05  3.029772821761679e+06
  1.267228124650453e+09 -1.592289638730811e+06  2.590229369435145e+06
  1.261799976834403e+09 -8.318329208188830e+04  1.997616370941550e+06
  1.263514327289896e+09 -3.472068733189134e+06  7.141000114006444e+05
  1.267853324711755e+09 -1.411177501375766e+06 -1.671378370714524e+06
  1.264830948334298e+09 -1.802271850278785e+06 -1.886359593530254e+06
  1.263519603546435e+09  2.695945965393811e+06 -2.689321038976972e+05
  1.265164260095492e+09  5.308888229201313e+05  6.230355136560511e+05
  1.261784974694304e+09 -2.004941713804559e+06 -5.198360272192165e+05
  1.260788468307226e+09  2.428968246807202e+06 -1.864541380439993e+06
  1.262163720746240e+09  4.198084873117359e+04 -9.370509744295736e+05
  1.262355723427061e+09  9.813214032259969e+05 -9.710020315019612e+05
  1.262279036687001e+09  1.185185232834644e+06 -1.644217308215983e+06
  1.260320908713749e+09  1.151950477586504e+06 -2.021878077970134e+06
  1.265288450798982e+09  1.675297048938260e+06  6.118784699379720e+05
  1.258725458805977e+09  1.953104817964521e+06  2.301629966473348e+06
  1.263402715225369e+09  3.254930474598681e+05 -6.230412763730669e+04
  1.261077957137809e+09 -1.513794002929877e+06 -3.816341404915445e+06
  1.262468987659332e+09  9.189703486618041e+05 -2.992108891019024e+06
  1.265258777218860e+09 -2.663126145881358e+06  2.211294071376016e+06
  1.264169305998068e+09 -9.484687027350466e+05  3.880620254351458e+06
  1.260292771649448e+09  8.186599251664024e+05  3.095689991658096e+06
  1.265138181333326e+09 -9.890331834197110e+05  2.480692809855854e+06
  1.265069708650481e+09 -8.434298399914023e+05  1.825372790870138e+06
  1.264937683387541e+09 -4.386863390204473e+05  1.508125007057906e+06
  1.260815128031148e+09  4.924575532476565e+06 -6.151768185959173e+05
  1.267176038063837e+09  4.533273283200864e+05 -1.773097726936261e+06
  1.263148060904635e+09 -1.837421786091246e+06 -1.120911018412145e+06
  1.263693939339616e+09  2.944277381385155e+06 -3.993045647236810e+06
  1.260344671164904e+09  6.302471242291810e+05 -3.777690515223709e+06
  1.264625113843357e+09 -1.244607500127233e+05 -1.017500227581166e+06
  1.265103827025320e+09 -2.346441458069839e+05  8.699286590668975e+05
  1.262715432231053e+09 -8.184459204327106e+05 -4.007141807966306e+05
  1.262578435876873e+09 -1.617244957307491e+06 -2.957798467752637e+05
  1.263950625363595e+09  1.666625544198509e+06  1.008642406014945e+06
  1.263315546048417e+09 -2.950484320201715e+06 -1.325365354368389e+06
  1.262528972959698e+09  7.690755309200619e+04 -1.666718449113105e+06
  1.261028740660513e+09  1.213020342037843e+06  4.104948142559656e+05
  1.262783221347035e+09 -9.569719208582107e+05 -6.733166396192951e+05
  1.264467043865556e+09 -3.157914791136203e+06 -1.837697497927384e+06
  1.263854775398828e+09  8.075281224650665e+05 -1.674043648127919e+06
  1.266171230824690e+09  3.460705887961046e+06 -1.692593247088669e+05
  1.263997916587432e+09  3.620243637694041e+05  1.170416302364924e+06
  1.261793596397654e+09 -2.444315866281087e+06  2.077436892074559e+06
  1.263987353233671e+09  1.038552311373321e+06  3.350744051403667e+06
  1.264723518877945e+09  8.379915678016118e+05  3.557128676989748e+06
  1.264896273391613e+09 -1.662826613404058e+06  1.788145492700145e+06
  1.263523518560210e+09 -1.206888528181695e+06  7.678568325624070e+05
  1.266361675657604e+09 -3.633015064895010e+05 -1.380869725869166e+06
  1.262931551134423e+09 -2.478132032974681e+06 -4.324560209090525e+06
  1.266172896156750e+09 -7.776954924956189e+05 -3.582247748317682e+06
  1.264500020138646e+09 -3.917342363325575e+06 -3.576610409032183e+05
  1.263610451914948e+09 -1.150225700596514e+06  1.985754885515220e+06
  1.265171705587139e+09 -2.234578389190245e+05  1.856489864084821e+06
  1.264222668129646e+09  2.672565666859373e+06  6.263665830871118e+05
  1.263058376916116e+09  7.106705672407555e+05  7.054186640528718e+05
  1.263421446011102e+09  3.120412603793661e+05  1.320121777870123e+06
  1.265779882992269e+09  7.444146046665405e+05  7.712509210200896e+05
  1.263860186675566e+09 -5.256309478606719e+05  9.453452843999695e+05
  1.263033711477591e+09 -8.776267326340972e+05  1.549872252806427e+06
  1.266191790704478e+09 -1.478944287800814e+06  1.494379181649217e+05
  1.260179961575983e+09  1.507770391725068e+06 -7.014230630808304e+05
  1.262265157334027e+09 -1.337471945088742e+06  1.334329350612043e+05
  1.265250534030157e+09 -6.436622166899416e+05  1.203632586167157e+06
  1.263143363071736e+09  2.037467450650737e+06  7.202299834313369e+05
  1.261692613341553e+09 -3.138489387432315e+06 -1.577321955100975e+06
  1.262315765585832e+09 -3.505941209212735e+06 -4.346513957731823e+06
  1.260673561509376e+09 -2.766455108050288e+06 -5.347516272369900e+06
  1.261153993072895e+09 -1.205313609599530e+06 -2.132333608893455e+06
  1.264503483182635e+09 -1.535874011358401e+06  5.429437655005492e+05
  1.262807808783390e+09  2.894159817678904e+06  6.066428701056703e+04
  1.262559889584503e+09  4.180026173284783e+06  8.883300988163990e+05
  1.263426370934913e+09  2.755555312919993e+05  3.349341358762691e+06
  1.262314537782515e+09  3.666347477397748e+04  4.157899261945345e+06
  1.261323829649956e+09 -2.087856628119070e+06  2.782157758879503e+06
  1.264854689798697e+09 -3.471476234726659e+05  1.087788719291146e+05
  1.264072479664934e+09 -1.264685573776588e+06 -1.801687139546101e+06
  1.262061472430026e+09 -1.368483273138992e+05 -2.951257489136063e+06
  1.261990612088377e+09 -7.293711272462274e+04 -2.066620063065279e+06
  1.265215446203251e+09  1.350341563595733e+05 -1.557759212257840e+06
  1.266779974791512e+09  3.220659519663772e+06 -1.293117748687839e+06
  1.262882067037030e+09 -1.875076068603690e+06 -1.667727514443136e+06
  1.260716668416247e+09 -3.963553350613388e+06 -1.809459113680525e+06
  1.262867944127150e+09  7.122968656355815e+05  5.530116857654878e+05
  1.268853835197860e+09  2.340359093722067e+04  1.503957154212189e+06
  1.261933131230517e+09 -1.142751354241943e+06 -3.347446831765531e+05
  1.263124125962282e+09  1.320350286551804e+06 -4.860011342400289e+05
  1.260318204201180e+09  2.042078885483104e+06  3.757310006755409e+05
  1.264159395092339e+09  1.515033042180379e+06 -6.531434819801641e+05
  1.261700357097685e+09  1.266076640552053e+06 -2.335323172695515e+06
  1.263738054183646e+09 -2.104823154362593e+06 -1.203218986350525e+06
  1.261714914794019e+09  3.233540436717964e+05  9.356861254213062e+05
  1.261572273094862e+09 -1.842223454178439e+06  1.268914676854601e+06
  1.262414412804664e+09 -2.290061143773479e+06  3.144135381901697e+05
  1.263505606700368e+09  6.339230773085948e+04 -2.082096568426575e+06
  1.260539441088260e+09 -5.329217540952825e+05 -2.237007011159280e+06
  1.262980146666357e+09  3.642233156009804e+06 -1.960598936006727e+06
  1.266832969052541e+09 -3.039428715229671e+05 -3.011043471189728e+06
  1.264978601812025e+09 -2.552621868131387e+06 -2.057733617445027e+06
  1.268546800165038e+09  1.916665107400500e+06 -5.947645985793794e+04
  1.265844148044668e+09  5.946127969322988e+04  1.456400540005167e+06
  1.263126948767276e+09  3.590154634640273e+05  1.880401623352565e+06
  1.265117258078350e+09  3.927034693446025e+05  2.795463073858747e+06
  1.264554929906794e+09  1.366433567168078e+05  4.453912583370255e+06
  1.263183795436499e+09  1.100220225461919e+06  3.191707610650900e+06
  1.259600522908094e+09  2.443941655582278e+06  1.934244469505494e+06
  1.262075143252226e+09 -2.024658497843370e+05  1.599074618140443e+06
  1.266314796307228e+09  3.683798685232967e+05  1.149706302478134e+05
  1.264622631974409e+09  1.135502683932478e+06 -1.969237020417147e+06
  1.263418851397791e+09  3.145738870879264e+06 -2.965608875323566e+06
  1.262678755827542e+09  2.482180994209289e+06 -2.612808630887788e+06
  1.259354377767338e+09  8.821417741299185e+05 -8.510187211057035e+05
  1.263295340139500e+09 -2.614122587865015e+06  2.063857084063493e+06
  1.263065827900821e+09 -4.009246615682148e+05  2.000490938630463e+06
  1.265007945678864e+09  1.820717242691892e+05  2.644318422429611e+06
  1.260868553512015e+09  5.128949024901023e+05  3.835385958908754e+06
  1.265464001536920e+09  1.567338164069355e+06  1.326376811130501e+05
  1.260480108766234e+09 -2.301602496851210e+06 -1.801951681532289e+06
  1.262665657434669e+09 -2.867328467214070e+06  1.479331239095334e+06
  1.261786452710776e+09  7.047976033431339e+05  2.132806220525115e+06
  1.259998901564797e+09 -2.841805454160856e+06 -8.551685699969010e+05
  1.265388946895535e+09 -3.248031143122628e+06 -1.982691823873489e+06
  1.261308005376659e+09  2.930473799883178e+06 -4.005475589236212e+05
  1.264909922248880e+09  8.957281668256763e+05 -2.982581454805955e+06
  1.263797741853299e+09  1.100757740177443e+06 -2.003695371459895e+06
  1.262072734305632e+09  2.630143411012448e+06 -1.695675837077764e+05
  1.263165785623833e+09  3.299480136727461e+06 -9.875146494113470e+05
  1.260871047574907e+09  1.397935896085815e+05 -2.020775745668699e+06
  1.261973834673253e+09 -1.315142547650275e+06 -1.858557935499360e+06
  1.264924520599652e+09 -1.889331678893889e+06 -2.466212897628711e+06
  1.263583821979164e+09 -8.460913218502861e+05 -4.318585126841468e+06
  1.261529086057465e+09  2.940012563173423e+05 -4.074824488324229e+06
  1.262795478402752e+09 -2.507103764443912e+06 -2.286036443926210e+06
  1.261941446981849e+09 -4.144948349647027e+06 -1.227837835531456e+06
  1.263674188729963e+09 -9.646146243445314e+05 -3.784715415892811e+05
  1.262553085135230e+09  1.281266323100147e+06 -1.764808858027592e+05
  1.262952747033844e+09 -3.193369525581375e+06 -2.433812207143100e+06
  1.262220636576600e+09 -1.949450017994766e+06 -3.449821116635990e+06
  1.263138343608888e+09  1.710141019378159e+06 -2.301428732235021e+06
  1.260943609988122e+09  1.280758300575347e+06 -1.315409578609086e+06
  1.258384368209635e+09  1.092781833286162e+06 -1.975635072169552e+06
  1.266443771933016e+09  1.630131375364319e+06 -3.262449317672286e+06
  1.260131056703076e+09  1.324837563327342e+06 -9.437905515490674e+05
  1.265850447680721e+09  2.245219411050914e+06  1.827555455538701e+06
  1.264625291763650e+09 -5.465255195587080e+05  8.537602993328476e+05
  1.265402162550754e+09 -2.029484956852189e+06  3.759445054809535e+05
  1.261946555427249e+09  3.909249643899382e+05  4.046492363318382e+04
  1.261780488795599e+09  2.555886886792446e+06  5.439988857166958e+05
  1.261859164113104e+09 -9.912377526644042e+05  1.705818240820026e+06
  1.260495519144830e+09 -1.330710055069742e+05 -3.190572742512798e+05
  1.262923255676218e+09  7.369602511648106e+05 -2.406099891095145e+06
  1.260134472041111e+09  1.294200154828571e+06 -2.309382325093082e+06
  1.262847927310495e+09 -4.147165150588186e+05 -1.373782661157547e+06
  1.263888317839161e+09 -3.697051192555435e+04 -4.263003590420004e+05
  1.260436477968239e+09  4.652216142429304e+05 -7.858352957478347e+05
  1.264386296877868e+09  1.366489039998127e+06  9.367312079511203e+05
  1.265432210775785e+09 -5.631766263984728e+05  1.413645261257584e+06
  1.265319528018967e+09 -3.295675847076475e+05 -1.242112604556268e+06
  1.259906987467908e+09 -1.568055383139582e+06  2.205108305460743e+05
  1.264323602355518e+09  3.856591038111711e+06  3.437932703257853e+06
  1.264529971391088e+09 -8.320249202021781e+05  2.774029230634760e+06
  1.261181851893725e+09 -1.609741042062928e+06  1.330298045873700e+06
  1.262212622420684e+09  6.876299368293397e+05  2.268913476710716e+06
  1.261589451974590e+09  5.925887892699324e+06  3.360919171586192e+06
  1.259688746489765e+09  1.334837657643543e+06  9.272459097932016e+05
  1.263718056758075e+09  2.446186904133089e+06 -8.006210222185468e+05
  1.262398730746266e+09  1.062206104164031e+06 -3.107138203742393e+04
  1.264640031841024e+09  1.546353996042743e+06 -1.154962983637464e+06
  1.258057394784325e+09  3.257430154888381e+05 -1.238602673867873e+06
  1.261118439990934e+09 -1.631161493487457e+05 -5.314601988191403e+05
  1.261494852770481e+09  2.281066476651089e+05 -9.979463335990321e+05
  1.261888645122295e+09  1.083500975569026e+06 -1.724000941742610e+06
  1.262335078108960e+09 -7.267051796186215e+05 -1.223446093943492e+06
  1.262912719345869e+09 -2.481826590139976e+06 -1.210134942494227e+06
  1.264931044743760e+09 -2.329105855779302e+06  2.188946196514376e+05
  1.261734652690687e+09  2.575383816420012e+06 -1.606978404897547e+06
  1.261110942448462e+09 -8.461308522056532e+05 -5.239915868217816e+06
  1.262779445822961e+09 -7.602070622158718e+05 -4.160639360981176e+06
  1.265303133480513e+09 -3.679060255227713e+05 -9.246788358157310e+05
  1.262649022552337e+09  5.376867148895647e+06  5.475948123597839e+05
  1.262362597882030e+09  1.770639891196641e+06  8.627796815453992e+05
  1.259982258512025e+09  6.095547499448145e+05  5.097310535452480e+05
  1.261459315370692e+09  1.864644665172280e+06  4.292684444507754e+05
  1.263178382398549e+09  6.523619135450780e+05  6.629117622129968e+05
  1.262477305859796e+09  4.246161322889063e+05  1.262711276343557e+06
  1.262665373781254e+09  7.981143224389973e+05  2.736485633453848e+05
  1.260561952833610e+09  1.476141178413396e+06 -2.093480682666503e+06
  1.261806234522876e+09 -4.132462570774886e+05  4.638988523515547e+05
  1.260255876976307e+09  1.688144031684787e+06  3.025893194449601e+06
  1.263965271372577e+09 -4.872060310734355e+06  4.729146927456139e+04
  1.263811773338091e+09 -1.085852295667039e+06 -1.206962151831241e+06
  1.264844098906540e+09  1.788781539359635e+05 -3.074884025802175e+05
  1.263184285160545e+09 -2.549056208950292e+05 -8.184863736953586e+04
  1.265103807761770e+09  7.367026736572192e+05  2.985083602340601e+04
  1.261964932486877e+09 -5.941054265022270e+05 -6.262111948866965e+05
  1.265868168186820e+09  1.161140443346959e+06  7.180785454726525e+05
  1.265739411851758e+09  1.378149424714964e+06  9.147929313031717e+05
  1.262278175969967e+09 -1.322345498931236e+06 -8.819059345423905e+05
  1.261042421100750e+09  1.254526649000168e+06  1.341301428473214e+06
  1.260760172535595e+09 -1.632266784302984e+06  3.009276425740805e+06
  1.261082735354134e+09  1.777195506541919e+06  1.243478713838898e+06
  1.261012646401550e+09  2.455584199565353e+06 -1.921445141200110e+04
  1.265718576575484e+09  1.082455954893177e+06 -1.550656943649903e+06
  1.264895715459480e+09 -1.351609985666813e+06  2.468380865728038e+06
  1.262701285826002e+09  2.144221151902971e+06  1.385104412180558e+04
  1.264527538588681e+09 -3.852112522824557e+06 -2.546797450679555e+06
  1.261662676189620e+09 -1.234014185845387e+06 -2.073363089164319e+06
  1.262627169271941e+09 -6.793346526673376e+05 -1.754738194951416e+06
  1.263210085993487e+09 -1.867128733024969e+06 -2.268713396634578e+06
  1.264824069757238e+09  6.355632687956705e+05 -2.232720835504101e+06
  1.265005333984821e+09 -1.189533119714730e+06 -2.445090334671410e+06
  1.265518799356125e+09 -2.158400569968091e+06 -2.497220320487751e+06
  1.262051752241760e+09  1.247008741519476e+06 -6.540436878313164e+05
  1.263612619051544e+09 -1.957779659415090e+06  8.707003356941610e+05
  1.259812150058794e+09 -5.905377304808935e+05  1.674236191677980e+06
  1.263720247696459e+09 -2.168454899952144e+06  1.875164958368635e+06
  1.262297779506576e+09  1.989129404485797e+06  9.809175077397900e+04
  1.262194904547228e+09  1.293307079467892e+06 -1.105403175277459e+06
  1.264504171530778e+09  1.918870544565276e+05  7.323977046179883e+05
  1.264304922973698e+09 -6.192012861120097e+05  9.042987603260052e+05
  1.261903766937467e+09  1.880549903175066e+06  2.151571468615252e+06
  1.263888408136112e+09 -1.497776641054313e+06  1.711740051308921e+06
  1.264959545150496e+09 -2.569362362193082e+06  8.379138546386957e+05
  1.263919944611606e+09  6.634838302262650e+05 -6.982636223849980e+04
  1.261910182172340e+09 -2.469712777847759e+06 -1.664884462429824e+05
  1.261352931270807e+09 -1.336254983367732e+06  1.122874698910246e+06
  1.264251074504010e+09 -2.332410381634300e+06  6.960957896649045e+05
  1.264754365216436e+09 -3.004422446070407e+06 -1.083537226490368e+06
  1.261704458876180e+09  1.489344688490351e+06 -3.253196064674845e+06
  1.260476378024517e+09 -2.939543631680539e+05 -4.140362100720400e+06
  1.261874153807846e+09 -7.836500757498320e+05 -2.780920885529716e+06
  1.262002564515642e+09 -4.155550936139108e+05 -1.137765489650780e+06
  1.265221718115980e+09  1.194437207498133e+06 -3.028039322019898e+04
  1.259582706732754e+09 -4.010542736466224e+05  9.637083976892362e+05
  1.263421575191079e+09  1.087413850710688e+06  8.164354058833509e+05
  1.264567621115492e+09 -3.871384661272437e+05  1.827256080659209e+06
  1.260507490178303e+09  2.889249343388216e+06  3.537046627295071e+05
  1.264894617887541e+09 -2.666089843952616e+06  4.294424427096408e+05
  1.262572257778047e+09 -1.804003011730368e+06 -1.161694445830208e+06
  1.264165228922956e+09  1.598907984249783e+06 -3.275100075470063e+06
  1.262908464443170e+09  6.922757231354195e+05 -1.767550392724019e+06
  1.266894287506585e+09 -3.636724390834526e+06  1.276908082219330e+06
  1.263662737125867e+09 -1.772211350889442e+06  2.725592771533920e+06
  1.263518189237549e+09 -2.064114135941588e+06  3.802127221456585e+06
  1.262773154867603e+09  5.041966116470274e+05  2.911814578142559e+06
  1.259471055493111e+09  2.709501074832285e+06  2.791855338309868e+05
  1.264808190555582e+09 -3.303008900877024e+05 -8.449663906867958e+05
  1.263456387080543e+09  1.164146327946150e+06 -1.661890126846617e+05
  1.263223612255756e+09 -1.148402472190807e+06  5.605320208022865e+05
  1.263208457703818e+09  1.223624944855067e+06  1.616577773281224e+06
  1.262924809314132e+09  1.418425845901941e+06  3.012775242035348e+06
  1.264119258606857e+09  4.907555840345258e+05 -6.733550365495393e+05
  1.261740355123025e+09  3.499859700525591e+06 -1.048496318851711e+06
  1.264327473965447e+09 -2.666850916291009e+06 -1.071948050129938e+06
  1.265380968860650e+09 -2.251671289271425e+06 -3.346634211667242e+06
  1.265030276030501e+09  1.830286887669419e+06 -2.825130827221392e+06
  1.265079030201642e+09  6.552227965161322e+05  3.668306049498988e+05
  1.267183899531304e+09 -3.641479189022511e+06  9.733293281457128e+05
  1.261454064741746e+09 -2.602937112656638e+05 -1.099577778445752e+05
  1.264484302512406e+09  1.043208639677041e+06 -1.618639290720452e+06
  1.267345017804803e+09 -7.782075795951824e+05 -9.997355817120509e+05
  1.266566350488297e+09  2.688507010562351e+06  1.399512135884191e+06
  1.264667169273901e+09 -5.457433921751181e+05  2.636893768513906e+06
  1.264201837830132e+09  2.186406701512242e+06  1.430475120892691e+06
  1.263711517708238e+09 -3.085490992297918e+06  5.949283188446680e+04
  1.262371012917538e+09  2.480922441316725e+06  3.671308399340854e+05
  1.261888710947725e+09  2.447079208865513e+06  4.229809049640314e+05
  1.262366601686755e+09  6.845335784206444e+05 -2.998702545523503e+06
  1.261563533773540e+09  2.484569519641424e+06 -3.397626928559450e+06
  1.262706058704571e+09  4.616066949579270e+05 -2.136487659256884e+06
  1.264815355967179e+09 -3.937045647723577e+06 -9.999922444379596e+05
  1.259949391570282e+09  1.448474150954579e+06 -1.842741004646057e+06
  1.261534610176469e+09 -2.437086672858859e+06 -2.628754209332886e+06
  1.263264220030044e+09 -2.190559862949674e+06 -3.373412265410711e+06
  1.260774330709967e+09  6.896242150699132e+05 -3.841699120466172e+06
  1.266234886691884e+09  3.779193516423508e+06 -2.782559658674308e+06
  1.264635614083529e+09 -1.065228973660920e+06 -1.858783404777154e+06
  1.259076918516969e+09  8.222006209537510e+05 -9.369434918516775e+05
  1.263701090277555e+09  1.124134782364561e+05  1.457840048075807e+05
  1.262801743170704e+09  1.632758003743101e+06  1.668427229189692e+06
  1.262672776156551e+09  5.234649157656822e+02  1.209130042752638e+06
  1.264843465606704e+09  1.515239144615341e+06 -2.908851059567442e+05
  1.267487860945676e+09  2.304712790443468e+06 -1.321362642117825e+06
  1.263256775964209e+09 -4.887379911061949e+05  1.483280872511116e+06
  1.260424048996759e+09  3.151651067850095e+05  2.384476668576805e+06
  1.262505908263929e+09  2.323564987821372e+06  4.427149390680027e+06
  1.264917137942305e+09 -3.480012222974495e+06  5.633361162012969e+06
  1.264427550197382e+09  1.354728981379678e+06  3.656469705216203e+06
  1.262670618464194e+09 -3.026065771463646e+06  8.584516487693554e+04
  1.262082173287604e+09 -5.551329194690583e+05 -7.169698153728752e+05
  1.265104249198089e+09 -7.289594069813746e+05  1.376412068640830e+06
  1.261093278465160e+09  3.414728840071874e+06  1.289362094232389e+06
  1.266188350953951e+09 -3.518850894923960e+05 -1.269205319857598e+06
  1.261520260520607e+09 -3.345483518290499e+05 -1.865251308059897e+06
  1.262510927641172e+09  6.784255681654456e+05 -2.348651702201135e+05
  1.260785278731372e+09  1.296691575803750e+06  1.178679237022797e+06
  1.261865827092811e+09  2.280315770659540e+06  1.458941275485729e+06
  1.266256745829268e+09 -8.543178626402834e+05  1.357252456809465e+06
  1.262638696086319e+09  1.244338926065441e+06  1.375006783524135e+06
  1.261301913631402e+09 -1.782126302104020e+06  1.452897830373354e+06
  1.263082331767323e+09 -1.116578743043041e+06 -9.339585965874456e+05
  1.264023105922830e+09  1.160953181240878e+06 -1.697100266538529e+06
  1.263348544059543e+09 -1.858913403745092e+06 -1.061784827617024e+06
  1.260766494779168e+09  8.183317477597619e+05 -2.451970884151399e+05
  1.267681056441949e+09 -2.846536874545299e+06  8.177669002137072e+05
  1.262655454686172e+09  1.181623735022630e+06  1.411095539543410e+06
  1.264546400303928e+09 -2.391572393744795e+06 -5.778158479609140e+05
  1.264624931811387e+09  2.913417177544257e+06 -2.979111852685343e+06
  1.263430894647403e+09  1.082922366520791e+06 -1.943589028296000e+06
  1.265636694020204e+09 -4.674334328911063e+05  1.065167412255076e+06
  1.263390155893777e+09 -3.477412601597475e+05  1.031777353362724e+06
  1.264050492178846e+09  3.363294502307513e+06 -1.031472982781660e+04
  1.261920621231771e+09 -5.802341262306891e+05  1.674638025652818e+06
  1.264245459977768e+09 -1.870449643097756e+06  3.114278450625868e+06
  1.262439018498819e+09  1.528736664162058e+06  3.104681316561996e+06
  1.264364397587088e+09 -1.394481128882344e+06 -2.246453578391942e+06
  1.265752792102490e+09 -2.619071382180258e+06  5.133064598030373e+05
  1.258603640525522e+09 -6.229245896963126e+05  5.647978535999689e+05
  1.260777687317218e+09  2.728712821287668e+04 -9.180425903076262e+05
  1.264993677223731e+09 -2.553239387971357e+06 -1.402482076171379e+06
  1.263831351571009e+09 -2.573775812499672e+06 -3.830306958913358e+05
  1.259914574565220e+09  2.413169570356841e+05  7.740132208434124e+05
  1.262526968698132e+09 -1.643201038143074e+05  2.740018495171782e+05
  1.262684958632161e+09  2.713623183541606e+06 -1.158294118797745e+06
  1.262021879339486e+09  1.793057299881247e+06 -1.678367524052551e+06
  1.263848530936531e+09 -1.757030279732676e+06 -1.377560282643178e+06
  1.263063103291704e+09  1.048872965057170e+06 -3.085683027303256e+05
  1.262301549309575e+09  3.498579133004214e+06  2.539598486620316e+06
  1.267138156123059e+09 -4.683372204738277e+05  2.828287637627567e+06
  1.263237480734341e+09 -9.204309238347472e+05 -1.487828853300108e+06
  1.263717958101126e+09  3.651851550750809e+05 -4.121796182206271e+06
  1.263075594668056e+09  5.708484696378500e+05 -8.753592079379829e+05
  1.265640713293372e+09 -2.274859194965896e+06  1.858507272040283e+06
  1.261966373406914e+09 -3.328492033725217e+05  3.307064408409226e+06
  1.262632411288774e+09  1.184034403179698e+06  2.361085994987901e+06
  1.265754810963738e+09 -2.948472463310906e+06  6.596422963329942e+05
  1.262250141646844e+09 -2.364585873842360e+06 -1.652705086343985e+06
  1.260035381021881e+09 -1.737395874073135e+06 -4.790883163166996e+06
  1.257928853558660e+09  1.708780268486409e+06 -4.664073666496605e+06
  1.260131683457147e+09  1.981949038075814e+06 -2.533558724466929e+06
  1.265666363956167e+09  2.860645210964644e+06 -3.201044272923036e+06
  1.265688782606897e+09 -1.076865723325229e+06 -3.185455847971376e+06
  1.265045256015046e+09  3.758114147096294e+06 -2.564894630427386e+06
  1.258733422903793e+09  2.118385821372425e+06 -1.998242370335362e+06
  1.263372455300473e+09  2.464956829692908e+06  1.125626133152361e+06
  1.261183309766732e+09  8.335326146318729e+05  1.652858730234517e+06
  1.264641465888782e+09 -8.483900049116986e+05 -1.026435622891962e+06
  1.262954531308758e+09  6.298403111482322e+05  4.664644762466780e+05
  1.262726244822324e+09  3.259529407553161e+05  3.207003503853514e+06
  1.263796677498779e+09  2.101023605802826e+06  1.776930657139988e+06
  1.260370652481407e+09  1.456157144199377e+06 -1.040217111789493e+06
  1.261200058190785e+09  4.701286756253292e+05 -6.904031610049072e+05
  1.264270548934399e+09 -3.013436736723865e+06  5.189288652568631e+05
  1.264336385445837e+09 -8.841896225535827e+05  2.400232181024411e+05
  1.264875348296416e+09  1.488728697561689e+06 -9.164312935698034e+04
  1.267162280778691e+09  1.349526154728554e+06 -2.335502679493966e+06
  1.268224549340492e+09  4.618091622392392e+06 -4.280345010454995e+06
  1.265989982461546e+09  9.226370563548570e+05 -2.146190757887562e+06
  1.264832413118994e+09  5.862009996089821e+05 -3.928366379871821e+05
  1.264631102946334e+09  1.000013575585931e+06  2.350188054827076e+05
  1.264832453111643e+09  1.063573501907313e+06  7.019607617039563e+05
  1.262372427738268e+09 -1.397706055520503e+05 -1.144445693893254e+06
  1.260074771647783e+09  1.302488179939277e+06 -2.220956376533223e+06
  1.263587515154652e+09 -1.249550385323317e+06 -2.151837053153384e+05
  1.261409517560818e+09 -1.327245185955293e+06  7.473998653482078e+05
  1.264712368650646e+09 -4.934205103886543e+05  1.117911222438400e+06
  1.262066398421820e+09 -2.750709008325276e+06 -2.736663477864576e+05
  1.259795737292624e+09 -2.503912158374988e+06 -2.883798611350186e+06
  1.265653367446459e+09 -4.214385586541382e+05 -3.817211271168255e+06
  1.263832592492621e+09 -1.736940018499076e+06 -2.909627532316685e+06
  1.264481122257426e+09  8.264846662847485e+05 -4.505187982750994e+05
  1.260765443224893e+09  1.638816656069701e+06  9.326039753105559e+05
  1.265603534971752e+09  3.131271891442619e+06 -4.196384239987439e+05
  1.260029748556696e+09 -5.650070259372452e+05 -1.589495136209128e+06
  1.264102492699859e+09 -1.698629618506882e+06  2.642224750476750e+04
  1.262672616995936e+09 -3.977856473134233e+06  2.233710314237872e+06
  1.260883059669837e+09 -1.946490936568639e+06  2.346718797300856e+06
  1.263395837196025e+09 -3.202238931748113e+05  7.977051274273879e+05
  1.261024285045696e+09 -1.440844849887486e+06 -6.756804147010706e+05
  1.263763431800737e+09 -4.548117340977292e+05 -2.454602066437942e+06
  1.262981807333906e+09 -1.880576115591944e+06 -3.448337065248675e+06
  1.260811736743895e+09  7.790833411118940e+05 -7.449319392914947e+05
  1.262041955598251e+09 -3.133213622432092e+06  1.404521673998423e+06
  1.264351069315983e+09 -1.827901951855170e+06  2.092195838980029e+06
  1.262491978494853e+09 -1.317783049458663e+06  1.099374114247840e+06
  1.264960798879668e+09 -2.830310902298734e+05  4.785702206128155e+05
  1.263214822527200e+09 -3.900308563484269e+04  9.891202688832401e+05
  1.262022996937597e+09  1.270984675740170e+05  7.846286026379074e+05
  1.265396312062850e+09  2.862714884067958e+06  8.714065809126856e+04
  1.262220734091679e+09 -9.393217892712001e+05 -6.014092306356783e+05
  1.263661559544128e+09  5.595732809687766e+05 -6.836810119210661e+05
  1.262507975575225e+09 -7.094599890743816e+06  5.057186704314750e+04
  1.263381116506321e+09 -4.973135522405802e+05 -2.891927222876867e+05
  1.262185150491336e+09  5.186124387514655e+05 -1.600704253332068e+05
  1.264773322027659e+09  1.176795653321831e+06  2.860069518148756e+05
  1.261646875938177e+09  5.790040889232324e+05  3.817075290697456e+05
  1.261993419569335e+09 -8.862976737142163e+05  2.798863276650638e+05
  1.266326384291724e+09  3.578894650044098e+06  8.379702445561807e+05
  1.261921777676060e+09  5.493599594241022e+05 -1.540500579147120e+05
  1.263495967796613e+09  8.638308882528982e+05 -1.749761019387145e+06
  1.263847960918950e+09 -1.872442922841663e+06  2.231847262999887e+05
  1.262843471852583e+09 -1.565587666750440e+06  2.071438600163172e+06
  1.263252649534347e+09 -1.646124930099738e+06  2.168303743767036e+06
  1.262950043974222e+09 -1.809043842057015e+06  2.694622615115684e+06
  1.262949460931709e+09  1.335173181765172e+06  1.584036764322025e+06
  1.259162963271229e+09 -3.800225634656294e+04  2.327012091263713e+05
  1.261435051568248e+09  5.342179721190236e+05 -1.312449313334627e+06
  1.259908481348659e+09 -5.519065892489344e+06 -3.321460474680821e+06
  1.264291171362333e+09  2.612956635598940e+06 -1.162248515508136e+06
  1.263679019881891e+09  1.281680150069680e+06  3.185947062962727e+06
  1.260081821978440e+09  1.524300950904082e+06  2.706502091627842e+06
  1.265144667026222e+09  1.609825737480007e+06  2.413340532025680e+06
  1.263859612865906e+09 -4.327796076286916e+05  3.114302352968360e+06
  1.265450087940309e+09  3.437522263884783e+06  2.701106400224695e+06
  1.262670350646574e+09  3.046659290901243e+06  2.809727089332609e+05
  1.264710835969888e+09 -9.429643797400747e+05 -2.392791424072984e+06
  1.263632455732168e+09 -9.857601014022966e+05 -1.556217178821557e+05
  1.262057320676548e+09 -2.903580069255052e+06  3.544179255572096e+06
  1.260081502092571e+09 -1.684053542319189e+06  1.196853260180416e+06
  1.261156390686963e+09 -1.741650418916817e+06 -1.790848517209905e+06
  1.260987052733557e+09 -1.609376027510805e+05 -1.110079554495308e+06
  1.264440415722609e+09  1.773510572624099e+06 -1.422903047481268e+06
  1.263240474990434e+09 -1.228670113631923e+06 -1.531024782975857e+06
  1.262802916255564e+09 -1.914411368676602e+06  8.959285449287811e+05
  1.260204916703603e+09  2.900643419042125e+06  2.873913286006211e+06
  1.261614881358716e+09 -2.444035475145080e+05  1.798892535772634e+06
  1.262999932936053e+09 -2.338692961080176e+06  1.077588727025694e+06
  1.260982843487066e+09  1.828147738743084e+06  6.642082000770797e+05
  1.264427084758363e+09 -2.222703438570030e+06 -1.151775974323944e+05
  1.263013003988425e+09  4.774162751441551e+05  3.535214916159166e+04
  1.265701484673431e+09  1.392979247414734e+06  1.618770266993609e+06
  1.260635033041110e+09 -4.132461018630153e+06  2.082116561883318e+06
  1.262753248049551e+09  7.133600470434726e+05  1.742475951677440e+06
  1.262368989571111e+09 -3.945350778049549e+06  7.349082735264617e+05
  1.265846717743657e+09 -1.814720022289328e+05  1.207024425897848e+06
  1.264234227300437e+09 -1.792931877976704e+06  1.376274450621936e+05
  1.262275455114428e+09 -6.311561975885442e+05 -2.992377341130059e+06
  1.261947911450376e+09  1.809660728186921e+06 -2.774075147917315e+06
  1.258511216902816e+09 -1.163845587079098e+06 -1.004619894232828e+06
  1.263346895164980e+09 -7.269518053070724e+05 -1.923827518791990e+06
  1.261210752864012e+09  1.836335108334502e+06 -3.059820886515453e+06
  1.261211653559975e+09 -1.930480714823510e+06 -2.608470702692705e+06
  1.262547276691622e+09 -4.858868978303378e+06 -1.048435664949655e+06
  1.262346441826174e+09  1.413393008721996e+06  1.569451596787561e+06
  1.261888898402273e+09 -2.962580710432360e+06  4.032790250989172e+06
  1.262190300103840e+09 -3.797805440454878e+05  6.509803661230763e+06
  1.264198848493939e+09  7.903873906313065e+05  6.195410797973239e+06
  1.266051326332017e+09 -9.714461263035054e+05  4.688219406797875e+06
  1.264625784290811e+09  1.091500458325255e+06  2.275955920354224e+06
  1.264524173936531e+09 -1.792970435109817e+06  1.606656380437398e+05
  1.262681315065033e+09 -2.109896786079083e+06  2.178816829999097e+05
  1.265757949115308e+09 -1.293813542765324e+06  1.847405846533386e+06
  1.267072276621585e+09  1.463406916439367e+06  3.017745583652749e+06
  1.262040595753839e+09  1.853238477003530e+05  1.044420742430924e+06
  1.262042045172243e+09 -2.092017922663563e+06 -1.473821751052056e+06
  1.259229568877064e+09 -1.832038972408115e+05  5.835402180270790e+05
  1.263790788141821e+09  3.411556839082272e+05  2.788626158498095e+06
  1.262797293420580e+09 -2.133800721699523e+06  2.827944044798182e+06
  1.265256819945457e+09 -3.293487525032418e+06  2.176862511233338e+06
  1.263206658311305e+09  1.927839421099280e+06  1.484031685750399e+05
  1.262709508996094e+09  5.648910147147228e+05  4.732899801744377e+05
  1.263959758466213e+09 -9.366924894221137e+04  1.825197226907327e+06
  1.262815752542690e+09  1.289142474668693e+06  2.624427456649006e+06
  1.263364003558350e+09  8.731860172331014e+05  2.396059933044620e+06
  1.264864087578498e+09 -5.300261420886477e+05  2.615301458763083e+06
  1.263146522564980e+09  7.309434828291493e+05  3.596915917957464e+06
  1.264286212967174e+09 -4.540218678478129e+06  2.029356787208920e+06
  1.265566666513928e+09 -1.385608013161038e+05 -2.131374583839211e+05
  1.262649906444488e+09  1.577908225183615e+06 -1.049502632205242e+05
  1.264994469240530e+09 -9.893800611327193e+05  1.130391165953811e+06
  1.261949260367005e+09 -4.477147540822569e+06  1.480095648714358e+06
  1.262551413422060e+09  4.006454007812166e+05  1.999667056795080e+06
  1.264991781406628e+09 -6.405332764018020e+05  3.415386203571687e+06
  1.265591699863610e+09 -1.419249534958304e+06  3.027288951474010e+06
  1.263606054345453e+09 -1.323622468401238e+06  1.377878690461915e+06
  1.261938139077488e+09  8.232619433254803e+05 -4.449868690954484e+06
  1.261280029293671e+09  1.172929308167607e+06 -3.130965759336221e+06
  1.264770065190115e+09 -1.678329595509023e+06 -8.496455675742995e+05
  1.263058406030811e+09  3.285619200577251e+05  1.321905699715959e+06
  1.262795444742150e+09 -1.046058118802218e+06  1.861210958516330e+06
  1.259323982484984e+09 -1.301526595005464e+06  2.659031338141973e+05
  1.263096919091248e+09  7.825877745256835e+04 -4.118643808274313e+05
  1.260780077770382e+09 -3.280377081338167e+06 -1.009139051681207e+06
  1.264309228370872e+09 -1.071469219321348e+06 -2.118441847370016e+06
  1.262108197387244e+09 -3.890144725100636e+05 -1.113661457997094e+06
  1.261352902886738e+09 -2.883778490586437e+06  1.605283429058803e+06
  1.262021209931410e+09 -3.941916451208653e+06  1.648005231212605e+06
  1.263484694716999e+09  1.950418730167665e+06 -7.418150558201204e+05
  1.265441873812469e+09  1.367896937559125e+06  7.521142893590758e+05
  1.260159405883200e+09 -1.333228959127274e+06  3.018580324018785e+06
  1.261275196179990e+09 -2.036807265244491e+06 -8.207229160401765e+05
  1.264120510004336e+09  4.567690514195323e+05 -1.918889876889482e+06
  1.260418357607417e+09 -1.787514437382028e+06 -6.039790613807573e+05
  1.262499207694253e+09 -2.727674563738812e+06  1.936566341369015e+05
  1.263242238100197e+09 -1.478675395228448e+06 -5.847392586997545e+05
  1.263753510562046e+09 -3.586235675683165e+05 -1.444484282683181e+05
  1.263818489673603e+09 -1.009118550080093e+06  2.683409709647282e+06
  1.266261462126998e+09 -2.792014079826978e+06  2.853280825228154e+06
  1.260780139677202e+09 -2.837096553698573e+06  9.559026633255053e+05
  1.261539566225967e+09 -9.838303860666995e+05  1.092596084776138e+06
  1.263682075035993e+09 -9.116068353537585e+05  3.258195304006489e+06
  1.262568295251937e+09 -3.658294015090968e+06  3.793100183525638e+06
  1.262126914102220e+09 -2.193153057886187e+06  1.975367235657586e+06
  1.261697767713122e+09  3.799919792170079e+06  1.323023753185487e+06
  1.263720401021023e+09  2.251611761167123e+06  2.542303368817552e+05
  1.263589076432436e+09 -2.284166621415041e+06 -2.021543698114937e+06
  1.264058114696042e+09 -2.162439092829066e+06 -2.767611451858074e+06
  1.265493952755433e+09  1.254416721317662e+06  6.130020035411114e+05
  1.259359283706233e+09 -1.734520989656357e+06  1.492426726900959e+06
  1.263539215802927e+09 -1.472467600591730e+06  6.645055793918128e+05
  1.268239241002083e+09 -3.036056807572003e+06 -5.849212444901468e+05
  1.264564299690876e+09  3.176929412522777e+05 -1.107707005443183e+06
  1.266901170109884e+09 -1.666240710588439e+06 -1.373151479390287e+04
  1.264974508730080e+09 -4.857463464141886e+06  1.332530829708075e+06
  1.261935024214918e+09 -3.315080814320350e+06  3.216263579087994e+06
  1.265057141743814e+09  3.691119993032858e+05  3.313955145198852e+06
  1.264894241431898e+09 -1.328676881482212e+06  7.560057343453257e+05
  1.265638626198125e+09 -1.083207805958510e+06 -5.399838438542200e+05
  1.264523324359940e+09 -2.781782376666103e+06 -6.771548293289929e+05
  1.264018879731360e+09  3.436144700697066e+06 -1.420376746927714e+05
  1.266345539891798e+09  7.542367859146168e+05  8.968822881413909e+04
  1.264958439106163e+09 -1.762029954130855e+06 -7.875876703202133e+05
  1.261835721616426e+09 -2.143323911595288e+06 -9.318993170064518e+05
  1.263612566296098e+09 -9.892549187282094e+05  9.685591265221313e+05
  1.262874323567651e+09 -2.520580544924541e+06  5.204317316731080e+05
  1.265776491426374e+09 -1.246147524397494e+06  1.870791981405357e+06
  1.262212319838229e+09 -4.047797889812974e+06  2.773380389839893e+06
  1.260682914757459e+09 -5.612977638002911e+03  1.944783113055398e+06
  1.259110070185671e+09 -2.632043842714260e+06 -7.441120047534598e+05
  1.264503795453877e+09 -2.342663342645615e+06 -2.574426211324050e+06
  1.261098935913305e+09 -2.641803289740062e+06 -9.141038699201862e+05
  1.264679136491807e+09  3.058626768943194e+05  3.457696239031067e+05
  1.263427304611746e+09 -2.029601078904321e+06  8.547449019102927e+04
  1.261365826056393e+09  1.797034105687859e+06  8.859564176029169e+05
  1.264373367376452e+09 -3.380820689161596e+06  1.923644365047381e+06
  1.260418634636929e+09  2.086766656400280e+06  1.277833297957923e+06
  1.259646762907658e+09 -2.082578064364138e+06  2.287688651568133e+05
  1.265124136759778e+09 -4.164548768919533e+05  5.062863778147812e+05
  1.263717668784862e+09 -2.254193756048085e+06  1.352069759702826e+06
  1.263751678243712e+09 -1.142657337946592e+06 -9.360891334076995e+05
  1.259011202012112e+09 -3.740957032245014e+06  4.997290747170537e+05
  1.264084376389345e+09 -2.237465462184245e+06  2.634031010993744e+05
  1.263089646695903e+09 -2.194137008848324e+06 -2.701854935596015e+05
  1.264026890974806e+09  7.964025165852158e+05  1.430857346801254e+06
  1.266355065366116e+09 -3.575255497521982e+06  2.738187934786882e+06
  1.263628117078096e+09  2.049461905729836e+06  3.023867063841647e+06
  1.264087823770749e+09 -1.450735450529587e+06  2.532827014327948e+06
  1.260553431384417e+09 -1.589188047506886e+06 -8.177566048929202e+05
  1.265606666090761e+09 -3.674442747145495e+06 -3.398453565520354e+06
  1.261596221846636e+09  1.791695404460733e+06 -1.926589225114330e+06
  1.262875158835275e+09 -1.163986284679840e+06 -1.251771632488905e+06
  1.258350010054865e+09  5.411968786126273e+05 -2.236433709615627e+06
  1.261679885868353e+09 -3.025257014356192e+06 -2.507083606034247e+06
  1.265347173233747e+09  9.349390641424829e+05 -2.701600375187463e+06
  1.263812810821719e+09 -1.142527994892527e+06 -2.243591262703153e+06
  1.261122200517776e+09  1.842907199486217e+04  2.575530598313944e+06
  1.264270623997712e+09 -9.167711456496273e+05  2.806132754872915e+06
  1.261559885871907e+09 -1.344660323863976e+06  4.651042388140776e+06
  1.262847404566779e+09  3.731199421129461e+05  3.737502310757193e+06
  1.258308421588703e+09  2.072088230954463e+06  1.653423491458615e+06
  1.264307742925617e+09 -3.797298964746933e+06  1.547663172775874e+06
  1.262333008432017e+09  1.546556317661462e+06  1.013195398060410e+06
  1.263542537654601e+09 -2.513771815022480e+05  3.457376647262049e+05
  1.265820414566004e+09 -1.199770630924645e+06 -8.713872720636365e+05
  1.263414903759426e+09 -3.339133276222133e+06 -2.257579810002175e+06
  1.265911747257900e+09 -1.317892922409761e+05 -1.638926090158057e+06
  1.262232603508846e+09  5.323241877470649e+04 -7.905791935932459e+05
  1.264561223141549e+09  1.316677061486920e+05 -1.060904324362150e+06
  1.261621737258242e+09  2.891102579357382e+04 -5.524293348290180e+05
  1.263824779288551e+09  1.759334785613867e+06  1.862742740002826e+06
  1.261639595198627e+09 -2.548843499153697e+06  3.348269364685079e+06
  1.263785591238174e+09 -1.836690646968844e+06 -1.102472165283835e+06
  1.264913660163581e+09  2.320698886156277e+06 -9.874755759452673e+05
  1.261252166560220e+09  9.897085203649602e+05 -1.791284730114402e+06
  1.259152229312907e+09 -1.374221182862990e+06 -1.049462818888829e+06
  1.264467499040705e+09  2.213142192472719e+06  8.111986758210169e+05
  1.264948882930089e+09 -2.309999873215414e+06  2.319278142681704e+06
  1.261886145606547e+09 -2.692726672703949e+06  3.317140609794854e+06
  1.263146544882104e+09 -1.028387255537487e+06  3.260662578423649e+06
  1.264730918250845e+09  1.255946494213485e+06  2.163934760534421e+06
  1.262895110736126e+09 -2.111676178987987e+06  1.331489937414727e+06
  1.262601716614474e+09 -6.831136869868520e+04 -3.779188441446318e+05
  1.261942746352370e+09 -1.466337888534426e+06 -1.811026533937148e+06
  1.262808210595558e+09  5.137930420904030e+05 -6.296949688728106e+05
  1.266990349808585e+09  1.327814852035426e+06  1.094069489530552e+06
  1.263427008737048e+09 -2.530748232583082e+05  3.589444650034717e+05
  1.266725362273047e+09 -2.608832234137350e+06 -1.407687416540337e+06
  1.264151419987966e+09 -2.091769905940878e+06 -1.226413453833065e+06
  1.267255266550972e+09  1.751983203686732e+06 -1.522835516750838e+06
  1.262655863105523e+09  1.595931977349813e+06 -1.873646567109156e+06
  1.265122414839043e+09 -9.386423425308634e+05 -1.152117883294960e+05
  1.261836379861819e+09  1.663307083507066e+06  1.301505919702744e+06
  1.262748306028640e+09 -5.798372825537329e+05  6.719519326613180e+05
  1.262429684264709e+09 -6.357089839726742e+06  1.371096941989045e+06
  1.259053365366564e+09 -1.534510812398558e+06  1.759891502768996e+06
  1.260616625566131e+09  2.082573790150404e+06  5.698567221637582e+03
  1.263216462605140e+09 -2.448812756224369e+06 -2.456998542898712e+06
  1.266672501734807e+09  3.050646080133586e+06 -3.288303820538389e+06
  1.266135486379200e+09 -1.778894431846876e+06 -3.167022941009682e+06
  1.260515891965923e+09  9.856154896545687e+05 -2.643216457259049e+06
  1.263221680736195e+09 -2.189820210740880e+05 -8.574951215766444e+05
  1.261250949681324e+09 -2.244801724155121e+06 -4.163815437820374e+05
  1.265942568872438e+09 -5.664034169675005e+05 -1.081939938471334e+06
  1.265031365925838e+09 -1.187123529643884e+06  1.529160327435851e+06
  1.264225021650560e+09 -8.645194656411963e+04  1.711488977188482e+06
  1.263786660546840e+09  3.083998081761120e+05 -1.642771236297099e+06
  1.259497015755742e+09 -3.920299215138168e+04 -2.839642954897092e+06
  1.262811894672971e+09 -6.706457587412465e+04 -2.133516646955526e+06
  1.265395215520658e+09 -6.378084776782310e+04 -4.855211775781012e+05
  1.262964948116333e+09 -6.060094876747401e+06  6.186379443908143e+05
  1.263488103500506e+09  1.014152338968363e+05  1.669758410455212e+06
  1.262158523986729e+09  2.047079852192822e+06  3.335462783033511e+06
  1.268294603140474e+09  2.266923646809254e+04  3.434517909401373e+06
  1.266303866240913e+09  2.498957892989694e+06  2.124144580712452e+06
  1.263678679819430e+09 -1.989902777994086e+06  3.959225380723485e+05
  1.265075195535835e+09 -6.859732068367815e+04 -2.258065294410601e+05
  1.264016444646314e+09 -1.327946879374528e+06 -4.701445811642610e+05
  1.265205775302181e+09 -1.301375926899322e+06 -1.610271650423075e+06
  1.260794829162054e+09 -1.244038872024927e+06 -1.421339549025476e+06
  1.262502717237530e+09 -2.861316403741546e+06  5.555213595466461e+06
  1.261504342747160e+09 -1.513259573448905e+06  3.484900412134997e+06
  1.265254661118194e+09 -1.699249427194029e+06  3.546715335345515e+06
  1.260960396540481e+09 -6.944702356949999e+05  4.375841254341016e+06
  1.260629988121950e+09 -1.971610277308369e+06  1.795425948288297e+06
  1.262847515535646e+09 -7.198851317534365e+05 -3.051058535472659e+05
  1.264961503514774e+09  4.703048647976968e+06 -4.430555760649778e+04
  1.262099501902096e+09 -4.815161726927669e+05  8.655286314735537e+05
  1.263744993328785e+09  3.807837471854652e+05  8.789176039655447e+05
  1.263928597215169e+09  1.853824680189129e+06 -9.282250819999272e+05
  1.262120572822908e+09  7.666044716211729e+05 -1.108275616694795e+06
  1.264728200800546e+09  2.418615096522810e+05  1.454035560081435e+06
  1.264605265892191e+09 -9.577206385067191e+05  2.312074242079086e+05
  1.263357684288629e+09  3.285873803511819e+06 -3.564850161970877e+06
  1.263439921744223e+09  1.568433729916296e+06 -1.671158145869996e+06
  1.262235767684649e+09 -2.168478012392637e+05  3.801615826590095e+06
  1.261645599352557e+09 -1.929653249441040e+06 -1.102640618624340e+06
  1.261726893361953e+09 -1.249925572883358e+06 -1.256145571111795e+06
  1.263562375474583e+09 -2.080310808884943e+06 -1.521601615025417e+06
  1.263395578710296e+09  1.956503119783356e+06 -3.443065990557465e+05
  1.266238595000669e+09 -2.274303399916832e+06  2.067969764870387e+06
  1.264669617513914e+09 -1.296867180646553e+06  2.326481344089064e+06
  1.263622234846088e+09  2.784411492281760e+06  1.488533727338836e+06
  1.262267267637804e+09 -1.582190269376642e+06 -1.639800942591232e+05
  1.265354218653321e+09 -1.568103172206739e+06 -2.011152350889104e+06
  1.266025889742557e+09  2.503531575001006e+06 -4.508307588815468e+05
  1.260813749217636e+09 -7.711086849603874e+05  6.000929621271652e+05
  1.262268364511347e+09  7.040765119496307e+05 -5.811707789299607e+05
  1.264909412103396e+09 -6.668304435539715e+05 -2.674041250793547e+06
  1.262602965827906e+09  9.132442838850862e+05 -3.483958782183177e+06
  1.261687488250902e+09  6.105877033897571e+05 -1.052436006321630e+06
  1.263874446191133e+09 -4.872796140695639e+05 -2.513641469846934e+05
  1.264204547955626e+09  1.839608892352723e+06  1.316744642467540e+06
  1.263160393835961e+09  3.552023350597753e+05 -1.508838070975395e+06
  1.264142401640641e+09 -1.175900892577269e+06 -3.022969629388544e+06
  1.263043857150134e+09  3.051171153041038e+06 -3.940315335476977e+05
  1.262632423796359e+09 -9.002496131472789e+05  1.465433734110248e+06
  1.263375715873323e+09 -2.180823499276511e+06  1.842227512633163e+06
  1.262682239040492e+09  1.827800688142577e+06  2.185522230639103e+06
  1.264273831096735e+09 -2.744801484938932e+05  1.605245209101695e+05
  1.262096909475806e+09  5.475813502134872e+05 -2.026258973635013e+06
  1.263168650219219e+09  1.251449956840393e+06 -1.527421387108126e+06
  1.259414736065724e+09 -6.578460958449850e+05 -1.788390242405034e+06
  1.261231672261476e+09  2.654410425361954e+05 -3.684124212358048e+06
  1.262118096974095e+09 -2.084466292987461e+06 -3.250152781894993e+06
  1.262370535733492e+09 -1.723384447167673e+05 -3.511067618465076e+05
  1.266527772572437e+09 -7.605802421084510e+05  1.622532475899970e+06
  1.261829347667605e+09 -6.987914104386953e+05  1.965231388084240e+06
  1.263013556747839e+09  2.353698934004549e+06 -1.357243986529233e+06
  1.264391847236724e+09  9.517834235161176e+05 -1.468274909698372e+06
  1.265601113349229e+09 -7.695861862965846e+05 -2.147272901554804e+06
  1.264331688247070e+09  2.110229823527357e+06 -2.958855958749070e+05
  1.261858086789016e+09  5.966057830922119e+04  6.362028436019316e+05
  1.262248503162680e+09 -1.203426139850184e+06 -8.537192829541811e+05
  1.260250568266951e+09  2.830119419595806e+06 -7.609071213885256e+05
  1.260774405069958e+09 -1.756401539095523e+06 -1.854475048187785e+04
  1.262610292464607e+09  3.286877792358479e+05  1.031818824619091e+06
  1.262970056224852e+09 -2.770303422139616e+05  3.750654117859961e+05
  1.263835006606049e+09 -4.204555560466232e+05 -4.618228033851950e+05
  1.264767970222807e+09 -2.029253505066720e+06 -3.740346363644872e+05
  1.260606173278220e+09 -1.729289591705234e+06 -9.500525232919836e+05
  1.263689744659340e+09 -1.857908644145586e+06 -9.453089805518897e+05
  1.262312100253494e+09  1.674092815429389e+06 -8.408331295208691e+05
  1.262998644709247e+09  3.849793491606736e+05 -1.269408053311709e+06
  1.262590494374920e+09  1.129918347153628e+06 -3.228455882679998e+06
  1.267236591641079e+09  5.819670110476833e+05 -2.148457033869632e+06
  1.263925148759124e+09  5.846379242802327e+05  2.497701624785076e+06
  1.265374153585725e+09  1.596472602804764e+06  3.037638637825629e+06
  1.262575801536144e+09 -1.424127537216594e+06  1.662352406532682e+06
  1.262793427635831e+09  7.433019537301991e+05  1.151573972095974e+06
  1.262498675239514e+09  1.346265021325624e+06  1.093864972817052e+06
  1.266631617792131e+09 -1.728613669120021e+06  1.198292227644719e+06
  1.265212751933948e+09 -7.432039284185339e+05  8.140865936648498e+05
  1.265164178230765e+09  7.036547653404985e+05 -9.853670213623263e+03
  1.263571377803924e+09 -6.719428551118042e+05 -1.549104968052134e+05
  1.257398443549000e+09 -3.090381730104143e+06  1.931588070961744e+06
  1.262737031180270e+09 -1.142843735893560e+06  2.840164139747620e+06
  1.262602705727994e+09 -2.066735964342823e+06  7.817135727188902e+05
  1.261825834795787e+09  1.492394016104346e+06 -3.533025146038975e+05
  1.265842200442872e+09 -7.100604798377190e+05 -7.709949337051646e+05
  1.260874142541729e+09  1.870871200549489e+06 -1.954921585953891e+06
  1.261297192509000e+09 -1.574110968618243e+06 -2.309587319231200e+06
  1.262575583917477e+09  2.630427227595831e+06 -1.839368315079516e+06
  1.261667775857146e+09  1.069662952888684e+06  1.809722185243492e+05
  1.265965879291648e+09 -1.553222936748631e+06  1.761499255748786e+06
  1.265012892543566e+09  1.526637695230221e+06  2.174308917104673e+06
  1.266983661587848e+09 -3.007191574068558e+04  2.283507795338283e+06
  1.264207168009909e+09 -6.540353559171975e+05  3.068939852942951e+06
  1.265146692852004e+09  1.795976010291110e+05  4.440173452699704e+06
  1.266723536336257e+09 -6.252694822128965e+05  3.939149232310034e+06
  1.261414544508042e+09  5.338806774316630e+05  1.199119332362541e+06
  1.263087467735418e+09 -1.161507670003551e+06 -1.855946470745845e+06
  1.258514548287191e+09 -2.366405438462779e+06 -3.556546795463159e+06
  1.265921974379124e+09 -1.982495706172939e+05 -2.464506742635212e+06
  1.262971975221579e+09 -9.092624383807853e+05 -1.217307995086464e+06
  1.264492597821948e+09 -3.189401592852009e+06 -1.617174543704156e+06
  1.261653424137787e+09  1.566310954591176e+06 -1.962352370257215e+06
  1.262892061542990e+09 -2.731989910005158e+06 -1.674917048235008e+06
  1.262367128415263e+09  3.111078099911079e+06 -1.348769778288521e+06
  1.265371033835465e+09 -1.016937255291359e+06  1.400774638527046e+06
  1.263046301262332e+09  7.040353154838883e+04  2.846738970863443e+06
  1.266155001335014e+09 -6.624001235633856e+04  2.217967562833997e+06
  1.263952377843550e+09  1.174373130284937e+06  1.511882126908057e+06
  1.262963531534872e+09 -1.531267582127159e+06  1.592551245927156e+06
  1.266469208708987e+09  3.604716335571555e+05  1.987453602374204e+06
  1.262215351461308e+09 -3.939992675286936e+06  1.846627516957427e+06
  1.263540899561613e+09  1.257187869771768e+06 -1.274481888197905e+06
  1.261976049011221e+09  1.133435150370009e+06 -4.966213284837089e+06
  1.263840712193074e+09  5.195937550878329e+05 -3.566003510773321e+06
  1.263562803394285e+09  9.663295647632198e+05  4.055587811198687e+05
  1.264641632064559e+09 -1.419229722543609e+05  8.362819059336847e+05
  1.264034344058350e+09 -1.402646543742594e+06 -1.791600353731898e+06
  1.261959486877410e+09 -1.594419674007624e+05 -3.660544979621239e+05
  1.263360243364136e+09 -1.116076835256949e+06  2.066791752713272e+06
  1.264878120044341e+09  1.088254849694866e+06  3.140290255081442e+06
  1.261283995474556e+09  2.580433028547750e+05  3.259462475317939e+06
  1.261500366831614e+09  1.061868142787159e+06  2.002836614304069e+06
  1.261160920842528e+09 -1.431173231611959e+06  2.651943135368310e+05
  1.263158823576123e+09  3.081298929654025e+06 -1.411418056445125e+06
  1.260223149497602e+09 -1.283956746839128e+06  5.731475804414978e+05
  1.264775852361394e+09  7.754576630129705e+05  4.877539665791229e+06
  1.262986754974363e+09 -3.497269703054013e+06  5.075608249641022e+06
  1.263948910784120e+09  1.674277774489884e+06  2.437806453726469e+06
  1.261449635775191e+09  4.869309053404399e+05  7.466706280675390e+05
  1.262489972928654e+09  4.678312976776402e+06  1.882524261473161e+05
  1.263558044815513e+09  1.599084837610924e+06  9.749797203001783e+05
  1.259398704073180e+09  4.512614595152729e+04  4.742863553480418e+05
  1.257647993676336e+09  2.137390262318525e+06 -1.618315504025695e+06
  1.262512475537464e+09 -2.847354934135520e+05  2.035764133055582e+06
  1.262989451053756e+09 -7.461919575869240e+05  2.513593452852898e+06
  1.260398953550329e+09 -5.325463652556600e+05  2.820229910235784e+06
  1.264749176140543e+09  3.257526970182467e+06  1.316005018377798e+05
  1.263946063194486e+09  1.376547092650925e+06  8.060232292887785e+05
  1.264404618838909e+09 -5.375652944321440e+05  3.671598233909505e+06
  1.264910378646389e+09  3.290700526838324e+06  3.393847360440341e+06
  1.259077862824275e+09 -1.157331853180323e+06  2.536711872949219e+06
  1.260981976947506e+09  2.294364966359599e+06  1.175570844088720e+06
  1.263298209692056e+09 -2.503782817169849e+04 -1.566358332832797e+06
  1.262920656647075e+09  2.262403996517145e+06 -1.997875743469589e+06
  1.259928944168511e+09 -2.436822555261647e+05 -3.099539325992928e+05
  1.264463996077082e+09  3.468955969740422e+06  8.472107841417610e+05
  1.263090401291155e+09  2.931683369241947e+06  7.881636214129727e+05
  1.262520632458757e+09 -1.867833000115251e+06  2.542658086967798e+06
  1.263666147625424e+09  3.700329539417407e+06  3.858073187217425e+06
  1.264822207570214e+09  1.152550649309859e+06 -3.119980602195105e+05
  1.259716057720007e+09  8.197004304784058e+05 -4.120143979074556e+04
  1.260797608439924e+09 -4.130783450823550e+05  2.173899206296599e+05
  1.268606750072071e+09  1.181416401660212e+06 -1.055469857126385e+05
  1.262149788771204e+09  1.435946725791697e+06  2.204045132317421e+06
  1.265043627052331e+09 -8.498682112817655e+05  7.515735027999608e+05
  1.262218510310590e+09  1.648828257424683e+06 -3.281242975980083e+06
  1.262679047463713e+09 -4.223272364993130e+05 -3.236551335824249e+06
  1.264602734616070e+09  2.078065649969075e+06 -4.214347021250238e+06
  1.262889858568500e+09  9.258413058270973e+05 -4.532462513172757e+06
  1.264334503541607e+09  2.315316977539634e+06 -3.644960521372319e+05
  1.262677016911062e+09  1.892885923123555e+06  2.157747661059744e+06
  1.263847067467804e+09  1.256515894486253e+06  1.078032092615117e+06
  1.267473224370679e+09  3.523856983147208e+06 -1.092307969920673e+06
  1.264395339074591e+09 -1.520681937044946e+06 -2.305182553550115e+06
  1.261914615187513e+09  2.954864004880163e+06 -8.790504370136084e+05
  1.262649569412186e+09  1.177776202225416e+06  1.968398065985857e+06
  1.265604120732288e+09  2.279653738864169e+06  2.444243052861673e+06
  1.263295904841915e+09 -8.559585384414139e+05  8.034054108420024e+05
  1.260586834913276e+09 -1.324840030304292e+06 -2.669602926624434e+05
  1.262671108148929e+09 -2.171098952303902e+05 -1.780336981643199e+06
  1.263348383851046e+09 -4.820181221046834e+05  1.379126252094403e+06
  1.263892785157192e+09 -2.964217188357398e+05  6.042519663832339e+06
  1.263705460245237e+09  1.222377790758864e+06  4.764480923713559e+06
  1.263457281616704e+09 -1.017476201910808e+06  1.610028207701287e+06
  1.262027599532122e+09  2.360578468727967e+05  1.763548619890903e+06
  1.264613434587611e+09  1.674376269888858e+06  1.622947717211783e+06
  1.263841760753358e+09  3.413336655780774e+06 -1.085315644338575e+06
  1.260278865250040e+09 -8.236424569585588e+04 -2.542254503191354e+06
  1.259104123054106e+09  2.600817566555860e+06 -1.332203811972900e+06
  1.262954079394369e+09  2.163451528958844e+06 -3.444406591363978e+05
  1.260664649256017e+09  2.308053802569625e+06 -2.866521779840856e+05
  1.262092470519323e+09  6.236818754238295e+05 -1.706249632341655e+06
  1.261450226697238e+09  6.428032170324427e+05 -1.634360576541776e+06
  1.261539927200170e+09 -1.725958651698163e+06 -1.587842405520699e+06
  1.263052988911153e+09 -2.535266989303024e+06 -2.573646101199042e+06
  1.262766249988630e+09 -2.515484586069668e+06 -1.254863918924352e+06
  1.266747964129658e+09  1.342848108273523e+06 -8.524435099254072e+05
  1.264811804863733e+09 -2.764447756244668e+06 -2.219470413391473e+06
  1.262319912569768e+09 -1.590100059961473e+05 -1.455002236190425e+06
  1.263279352659883e+09 -1.433826539629058e+06  1.334794232994871e+06
  1.261790727708926e+09  5.687680133908456e+05  1.946970088936626e+06
  1.262249442421051e+09  1.415322851517760e+06  4.440348075537768e+04
  1.262194040774273e+09  2.116769482029541e+06 -4.094666494820099e+05
  1.261912611518741e+09 -9.335581567276604e+05 -4.212166006497245e+05
  1.263735801374026e+09  4.254189284832803e+05 -2.574424805342986e+06
  1.263870406780464e+09  2.257198824998986e+06 -2.218434501382587e+06
  1.266255180746651e+09  2.944462964879067e+06 -4.765059687159722e+05
  1.259928058781265e+09  1.249233016902423e+06 -1.464816753171567e+06
  1.265545253939660e+09  1.900986143596344e+06 -7.110756250250279e+05
  1.259671607020906e+09 -3.125188745990470e+06  2.677746806144759e+05
  1.261429488542133e+09 -2.703691876406763e+06 -1.793374795722333e+06
  1.255123430719219e+09 -2.577042423636704e+06 -4.568629890850963e+06
  1.259768222864027e+09  2.034230456143953e+06 -3.404729482646322e+06
  1.262596037150649e+09 -3.425103522251810e+06 -5.541727163249876e+05
  1.263704445242013e+09 -1.497596400725444e+06 -5.823929961080581e+05
  1.264601826865640e+09 -8.261540022273558e+05 -9.031465361789564e+05
  1.264350957825199e+09  1.664255456884338e+06 -2.156599116729463e+05
  1.264572724827710e+09  1.167698819904880e+06 -5.367620089272804e+05
  1.262032956319786e+09  1.705440518283912e+06 -5.634526878764494e+05
  1.264271941706251e+09 -1.727214505884415e+05  1.899727025247738e+06
  1.261344457237996e+09 -1.617199507467534e+06  3.541227831552325e+06
  1.264285567183118e+09 -7.256769963653270e+05  9.799119761499171e+05
  1.262800121916342e+09  2.572287963698423e+06 -1.150656555941106e+06
  1.263488795650467e+09  1.960716573268623e+06  7.749737229120813e+04
  1.264101211916632e+09  3.642600601363307e+06 -1.576539903769936e+06
  1.266218907241447e+09 -4.543458444737640e+06 -6.644596691400636e+05
  1.259327353647925e+09 -8.858495071075406e+05  1.171384265060099e+06
  1.263689956276541e+09 -2.594017567062050e+06  5.429951985029692e+05
  1.263909052537914e+09  9.945356174445471e+05  6.371117217344787e+05
  1.264512465684143e+09 -1.149436609345246e+06  2.561072176927022e+06
  1.263892486184633e+09 -1.267964539386244e+06  3.685378889874949e+06
  1.265285608784900e+09 -2.959143243962223e+06  1.974639024464548e+06
  1.264798316018132e+09  3.416353493828495e+06  1.224965911007148e+06
  1.263201253990912e+09 -1.715579081318475e+06  4.496730460363028e+06
  1.263315549229975e+09  2.355727718313636e+06  4.768888752063793e+06
  1.262628900167817e+09 -8.008748387306337e+05 -1.629777937856431e+05
  1.263935333763086e+09 -6.144278339616654e+05 -1.951242606198746e+06
  1.262606259573159e+09 -1.575744004101441e+06 -4.552199081395285e+05
  1.266006346928634e+09  1.537829931958274e+06  4.103298317125223e+05
  1.264786280703020e+09  1.651488780709362e+06 -2.506900276022059e+06
  1.266380096048631e+09  1.359503428792270e+06 -6.089704218006557e+05
  1.263219572322244e+09 -4.108460370922201e+06 -4.356972289951064e+05
  1.264499174207753e+09 -1.317921170776603e+06 -2.794986305533852e+06
  1.258694927793649e+09 -3.136974071502388e+06 -4.454020756567980e+06
  1.264225573413309e+09 -8.122092271866808e+05 -2.817159522781729e+06
  1.264621490943420e+09  1.170535167062709e+06 -1.254578855541649e+06
  1.262585025372401e+09  3.623252416470321e+04  1.217328571175189e+06
  1.263340451089788e+09 -2.182790918369694e+06  3.959548130406747e+06
  1.263381501655631e+09  4.688936348195462e+06  4.645064267359520e+06
  1.263769120645878e+09 -3.584604187713582e+06  3.997123877189020e+06
  1.263222590086213e+09  1.649651313827093e+06  1.399731671539200e+06
  1.264679403477198e+09 -2.734566248610458e+06 -8.461828196321703e+05
  1.263741353703515e+09  3.111218381150446e+06 -1.009350038313585e+06
  1.262045388404462e+09 -8.228664803513803e+05 -3.739266259602389e+06
  1.266041445619754e+09  1.118863503691938e+06 -5.311632410409812e+06
  1.265504996545814e+09 -4.041397189352480e+05 -2.270049206639606e+06
  1.265788298521937e+09 -6.309030793139634e+05  5.870340224868865e+05
  1.265342057001797e+09 -1.987877956781759e+06  6.073326239761867e+05
  1.260075953431624e+09 -2.307428946748595e+06 -4.198988049603722e+05
  1.263688451819131e+09 -2.400610150931060e+06  3.163073726598686e+05
  1.263550395174540e+09 -1.103895534793786e+06  5.909002439499402e+05
  1.262630067324933e+09  3.390496122917846e+06  2.144736714041666e+06
  1.262178857029737e+09  1.713690181693756e+06  4.252621227059369e+06
  1.260026065523372e+09  1.412840908938097e+06  3.420681408842813e+06
  1.263750005647848e+09  3.418223690296512e+06  2.212030970671488e+05
  1.263834057321655e+09 -8.177766696198052e+05 -1.879650503587048e+06
  1.261297478264731e+09  7.094728391329844e+05 -1.399560958538912e+06
  1.265422282912412e+09 -2.624003289534661e+06  9.338019320110010e+04
  1.263124602906329e+09  5.248629784293918e+06 -2.904513980157798e+05
  1.264238879841673e+09  3.240824735414041e+05 -1.839143399034784e+06
  1.263099016665900e+09  3.883432678437581e+05 -2.948252225589207e+06
  1.263785745396269e+09 -2.912614886521810e+06 -5.711689496605378e+05
  1.263665398405405e+09  6.173024076719477e+05 -1.368478376658583e+06
  1.264203270490281e+09 -5.342945560138925e+05 -7.025813603752401e+05
  1.261606199241225e+09  2.318844295063529e+06  1.414713619384849e+05
  1.262787214773600e+09  8.233763876746141e+05  6.401858834939793e+05
  1.260515252052949e+09  3.646771658522804e+06  4.543531884875989e+05
  1.265974158124485e+09  1.710293462409183e+06 -1.524401011858772e+06
  1.260710270917886e+09  4.997130134330865e+04 -2.800079865159038e+06
  1.264700054793900e+09  1.068615609039416e+06 -2.418204202667015e+06
  1.265002698792103e+09  3.671676435271495e+04 -3.163354537882593e+06
  1.263135334704070e+09 -4.572547018137170e+06 -4.530614930599151e+06
  1.265225532491922e+09 -3.517362688483619e+05 -2.414556628573543e+06
  1.265641989840123e+09 -1.969172643659595e+06  1.685590704503492e+05
  1.263656665614070e+09  1.366570552713618e+05 -4.784431831189494e+05
  1.264349763320123e+09 -7.184563537459844e+05 -1.113309797594532e+06
  1.262333161339163e+09 -4.696767029072036e+06 -4.224472578442916e+05
  1.264119432470875e+09 -7.049629998682080e+05 -2.019019072188936e+06
  1.262398491642092e+09  3.138274878892510e+05 -3.895323559245756e+06
  1.263971184679373e+09 -1.083357155988802e+06 -3.707518822617785e+06
  1.265247022846389e+09  2.884790572828269e+06 -2.425142573433483e+05
  1.264255369862072e+09  1.238944014462158e+06  3.598353241345477e+06
  1.263620637360833e+09  4.852780752604501e+06  3.843960866731639e+06
  1.263156268527877e+09  2.959039007825780e+06  2.406049015525978e+06
  1.263470146514913e+09 -1.691377332912271e+06  1.893636584744724e+06
  1.266704834470923e+09 -6.356189218546520e+05  1.046237221481229e+06
  1.263757508849150e+09 -7.535633219792094e+05  3.799858878447119e+05
  1.261206839605833e+09 -3.684184011876204e+06 -8.245738801817875e+03
  1.262311252162320e+09  6.299800929636105e+05 -2.221089134712087e+06
  1.265609221938921e+09  1.881258599709442e+05 -2.946340571562814e+06
  1.261409068098509e+09  3.034260239942640e+05 -1.171153749725795e+06
  1.262736456094301e+09  2.075101292571588e+05 -3.745167443602659e+04
  1.260858422850729e+09 -2.650053951205131e+06 -2.554390395489906e+05
  1.263807983803792e+09  1.294250845118910e+06  7.368599251941880e+05
  1.261948884896045e+09  1.170183328598418e+06  3.923122770760842e+06
  1.262986735452693e+09 -1.567294077937602e+06  6.431378842631840e+06
  1.261150855129143e+09  4.483877464540164e+05  4.285862506452816e+06
  1.263298282910879e+09  4.624512376212333e+05  1.726903485674786e+06
  1.263992591602002e+09  4.386914485283716e+06 -1.114332857847687e+06
  1.265214865570173e+09  3.778156503478160e+06 -1.304915605601779e+06
  1.263215081454339e+09 -1.091149380181377e+06  2.396843571775069e+06
  1.260215578168769e+09 -1.937999957098895e+05 -4.679403764760680e+04
  1.262484472370811e+09 -2.050200774327757e+06 -3.720172788139586e+06
  1.261285017673370e+09 -3.428743871020682e+06 -1.774534182564340e+06
  1.259173740761602e+09  2.829947080016451e+06 -8.632620221889340e+05
  1.263952865041308e+09  1.851096146540803e+05 -9.887039411957408e+05
  1.259390609597815e+09 -2.162323079187458e+06  4.017358941859801e+04
  1.267851872699753e+09 -3.612559604690548e+05  4.725393976997461e+05
  1.264136566237430e+09 -1.386488731372474e+06  3.044991139614437e+05
  1.260753039017133e+09  7.532425424785538e+05 -1.571143712180928e+06
  1.265108020561697e+09  4.061645418760480e+05 -3.523532437470083e+05
  1.265131939401994e+09 -2.712391961528615e+06  1.379625879232580e+05
  1.265090448173427e+09  9.852860893536637e+05  1.106982199123766e+06
  1.259105792516484e+09 -6.680246856995056e+05  1.222022895141765e+06
  1.263078217762559e+09  2.704236580202979e+06  5.739697550587123e+04
  1.259869996548665e+09  1.734328051267555e+06 -2.499137226794885e+05
  1.262715300424205e+09 -8.784743281342131e+05 -2.541611291902712e+06
  1.264521754684199e+09 -1.704239998964877e+06 -3.846289766447900e+06
  1.262811322414662e+09 -1.475051989288975e+06  3.111978296486228e+05
  1.263514102999710e+09 -3.123773841676983e+06  3.186422403381651e+06
  1.264201406725429e+09  2.049976131903596e+06  1.434076135068819e+06
  1.261523484896927e+09  1.293956610007223e+04 -7.198370748797685e+05
  1.266097873258136e+09 -3.999517560818482e+06 -1.073532588972055e+06
  1.260920932096120e+09 -1.952380715197218e+06 -1.083748799642274e+06
  1.263301181718640e+09 -1.627069000131274e+06 -1.866681204108871e+06
  1.263969102219205e+09 -5.298664197609359e+05  1.051716194170963e+05
  1.267447941382932e+09 -1.900249674428053e+06  7.071417480410693e+05
  1.265897079148675e+09 -2.611046966150810e+06  5.693587596611331e+05
  1.264318293509192e+09  2.513958044656178e+06  5.848095689011174e+05
  1.263119379556658e+09 -1.618110569831982e+06 -9.465067248572360e+05
  1.262154564998007e+09  5.254456120741850e+05 -2.934886784617577e+06
  1.263498232113446e+09 -1.557547311487630e+06 -3.430542526078241e+06
  1.264608462486933e+09 -3.639996588509248e+05 -1.387428780687692e+06
  1.264047662851470e+09 -3.355661128722386e+06  8.169718857291443e+05
  1.266456831571026e+09 -4.918450642968327e+04  1.595247793946841e+05
  1.263800323155574e+09 -1.370251834768101e+06 -7.915294102637658e+05
  1.260051198937656e+09 -1.347153339151468e+05 -2.348400170174445e+05
  1.263478046113222e+09 -1.835958837050928e+06 -6.573304061356883e+05
  1.263714844013292e+09 -1.193623602427994e+05 -3.175251821792065e+05
  1.263544725447084e+09 -2.400642544180732e+06  2.838107113057409e+05
  1.265953408619561e+09 -1.495286031711932e+06 -6.273914230545971e+05
  1.260403326900390e+09 -1.886162855419143e+06 -5.675057379768710e+05
  1.259458791312364e+09 -1.867667785968046e+06 -3.846912165783004e+06
  1.263807305829084e+09  6.470126038480161e+05 -3.520682266785588e+06
  1.260158061130648e+09  1.635911287094790e+06 -9.443000392345823e+05
  1.265747407108236e+09  9.842330374591103e+05 -2.013787803605259e+05
  1.263170828547295e+09 -3.748686607482679e+05 -1.301382722180336e+06
  1.267751874341271e+09 -2.017027543286703e+06 -2.371253995425531e+05
  1.264755193872548e+09  3.096974491766411e+05  1.385176022769398e+06
  1.263319917170140e+09 -8.531708815821277e+05  5.391339037244897e+05
  1.265512196999403e+09 -5.819027113084779e+05 -1.776006483977841e+06
  1.260151835806842e+09 -2.255431487068121e+06 -1.686958558806871e+06
  1.262439703672493e+09  1.456964404881390e+06  2.466337494204391e+05
  1.260661477783877e+09 -3.171990244814225e+06  1.658407908615874e+05
  1.264109581108768e+09  4.379623110463222e+06  5.365069539792940e+04
  1.260623853781403e+09  4.060086488992766e+05  2.887452404261183e+06
  1.264148282213676e+09 -1.865416673660459e+06  3.561917298963176e+06
  1.262216421275297e+09 -2.867997010925397e+06 -8.085129531592554e+05
  1.261637241361072e+09 -1.726999902598912e+05 -4.131645685516885e+05
  1.261850079409683e+09  2.234157130282235e+06  2.027527804855393e+06
  1.265037595999165e+09  4.342322602823384e+05 -3.781284211745476e+05
  1.261645929752523e+09  2.886435815329476e+06 -4.481752969501974e+06
  1.266017761952153e+09  6.634663100469724e+05 -5.141892218713798e+06
  1.266391338035707e+09  5.343084045341234e+05 -3.935965086819336e+06
  1.262232064278727e+09 -8.506979047642223e+05 -2.132066924816632e+06
  1.264520304821660e+09  1.808456512057185e+06 -5.469259919252448e+05
  1.261209434526107e+09 -1.743595827403141e+06  1.074249633561110e+06
  1.262953394149114e+09 -3.150733666302244e+06  1.415165543612529e+06
  1.259852588512301e+09  4.644281076818511e+06 -4.355927442560300e+05
  1.265871475369196e+09 -1.170922153663984e+06 -7.955192805889297e+05
  1.261968423667015e+09  4.586351555174666e+06  1.117794742576992e+06
  1.263951244418070e+09  4.516078494521497e+05  3.793150023198729e+06
  1.266326328384243e+09 -6.592528835329734e+05  2.975967591046766e+06
  1.262193227563337e+09 -5.306225091656176e+05  1.478715154766578e+06
  1.265126193692535e+09  1.508011269803125e+05  1.622379542576870e+06
  1.264727545229262e+09  1.851000869873443e+05 -2.440004764956769e+05
  1.261215979013102e+09 -9.336707949630362e+04 -1.178411171980768e+06
  1.260083945956170e+09  3.382169067794171e+06  1.672017678861939e+05
  1.264796180127274e+09  4.152750704368406e+05 -7.080186155239411e+04
  1.261337235473569e+09  1.903001550392604e+06 -8.606230001823031e+05
  1.262684919861452e+09 -1.864222589130498e+06  1.796816223055247e+05
  1.265200225148845e+09  2.684136024190197e+06  8.673576421615288e+05
  1.262900466663750e+09 -5.799705710814610e+05  4.408673718242248e+05
  1.264496097463276e+09 -9.702873532097244e+05  4.833289541828937e+05
  1.260383892797828e+09  2.728564433413305e+06  7.507552020451983e+05
  1.262728238003745e+09  3.673971544901180e+05 -1.451225225747093e+05
  1.259969631466953e+09  2.295552868721538e+06 -4.960658928110354e+05
  1.258675696943305e+09 -1.981297381732605e+06 -8.378594495878417e+03
  1.258637690968321e+09  1.617859833622831e+06  4.900741128402621e+05
  1.261143044118187e+09  1.907937796534508e+06 -2.357812827583226e+06
  1.264030934498006e+09 -3.331086763924487e+05 -1.079773997901957e+06
  1.261579527593700e+09 -3.084904568818659e+05 -2.736381243925874e+06
  1.262795470208633e+09 -3.656007619278383e+05 -3.316587495730027e+06
  1.264240470304784e+09  1.652704085794806e+06 -1.021732230551446e+06
  1.263327322065061e+09 -2.013177228701930e+06 -7.448543343630149e+05
  1.261501645367325e+09 -2.049603919368931e+05 -1.149921917740407e+06
  1.261002046612925e+09 -2.825511332114627e+06  2.202176481081892e+05
  1.261802549290060e+09  1.977304133557022e+06 -4.177197782356668e+05
  1.262531089174455e+09  1.106757416442246e+06 -1.577087171619750e+06
  1.259881493904351e+09 -1.817197166224996e+05  5.363134697409205e+05
  1.260245657151774e+09 -1.036119138953956e+06  2.029653751856335e+06
  1.267315235144437e+09 -1.358734991671158e+06  2.298988895715611e+06
  1.262897951466087e+09  1.804608897319654e+06  2.435377688466367e+06
  1.260616720217070e+09 -3.779169676031147e+05  8.278293087123806e+05
  1.262408169417817e+09  1.986123045063484e+06 -1.987382412684687e+06
  1.263755997514890e+09  7.197013532289832e+05  8.617256847106905e+05
  1.262018396277655e+09  5.745426879739239e+05 -2.376561624022045e+06
  1.260531440148848e+09  7.231022866531955e+05 -3.457644958975586e+06
  1.265803251918214e+09 -8.619943287429403e+04 -2.106803124607254e+06
  1.261461266804074e+09 -2.771403429005097e+06 -1.442633616447215e+05
  1.262746203152279e+09 -3.163983925852600e+06  6.880334112945492e+05
  1.261385014948847e+09 -2.038802033917235e+06  9.411530752842712e+05
  1.260719775197759e+09 -1.669883781063080e+06  2.105451012425579e+06
  1.263223999790950e+09  5.603762225857810e+05  3.155954911844828e+04
  1.260235428943671e+09  6.369808796382640e+05 -4.112095025362377e+06
  1.263210275480980e+09 -2.374899697301974e+06 -4.225549282662713e+06
  1.263081594363060e+09  2.191799174388649e+05 -1.977602609643320e+06
  1.263264536018916e+09 -1.797512865376404e+06 -2.172953407034479e+05
  1.265921868924377e+09  1.444290948296066e+06  1.050000690556635e+06
  1.261980433544137e+09  1.775281647415195e+06  2.715445558730023e+06
  1.262857955000014e+09  1.098632647902245e+06  3.234708193213994e+06
  1.261348674676188e+09 -6.946934035763304e+05  4.708096141749735e+05
  1.265777887440752e+09 -4.704382457612753e+05  1.541160358967685e+06
  1.260818786325103e+09  2.698217572604069e+06  5.813154268255731e+05
  1.262479983711866e+09 -6.331850726120736e+05 -4.883077871569701e+05
  1.265038290008140e+09 -3.992463260155119e+06 -2.020137876463871e+06
  1.267957921924164e+09 -1.121641022902071e+06 -1.707543477136743e+06
  1.262079834802818e+09 -4.620626994900045e+04 -1.038802856150213e+05
  1.262436782784889e+09  2.413250531310790e+06 -9.521820662262011e+05
  1.264139754705457e+09  1.346707067787554e+06 -5.738394494936577e+05
  1.262723443247030e+09 -1.044618500580859e+06  7.784207230360261e+05
  1.263871635437355e+09 -3.987668482578137e+06 -6.827495029314724e+05
  1.262430252030103e+09  2.292898521990146e+06 -2.554416087177514e+06
  1.262451289714059e+09  2.064831787319195e+05 -2.385192761260631e+06
  1.262125317547895e+09 -5.945066846755890e+05  2.034562451827244e+05
  1.263568929073675e+09  1.670253818664373e+06  1.671785866120336e+06
  1.261630355252711e+09 -6.999144993030955e+05  1.375231218677124e+05
  1.259000387224863e+09  8.807200127373110e+05  3.536671347760831e+06
  1.264086450845469e+09 -2.087674937859800e+06  2.301569399031804e+06
  1.259032824597486e+09  3.557925929947066e+06  9.454854563061399e+05
  1.264930685675909e+09 -1.803576318850227e+06  1.464592197979099e+06
  1.262738395913492e+09 -3.997732995912065e+06  2.981123081865383e+06
  1.264179180642711e+09  8.730941280025740e+05  2.039722254045484e+06
  1.263517692294678e+09  2.649230751745306e+06 -1.088587229331174e+06
  1.262957769871765e+09  3.864146500940942e+06 -2.380166274881034e+06
  1.265681752402918e+09  2.241583529290497e+06 -4.196147007306357e+05
  1.260904654791282e+09 -6.407452881234970e+05  1.739758473501188e+06
  1.262403621155574e+09 -3.973601855216546e+06 -2.455599891046608e+05
  1.260457708062859e+09  3.112345779925816e+06 -3.227005021521270e+06
  1.266793744778441e+09  1.438194751443200e+06 -2.773175581463127e+06
  1.263780495700703e+09 -1.951398068326775e+06 -1.170205870627588e+06
  1.262817726784132e+09  1.779184649846378e+06 -8.550022768536658e+04
  1.264924153570608e+09 -2.461196379672372e+06  2.082577000088074e+06
  1.261104339987276e+09  1.888294878509741e+06  2.658762632295616e+06
  1.263878920286500e+09 -1.249112432012711e+06  4.166166427159748e+06
  1.261912060359317e+09 -4.200377101155906e+04  2.976100212807497e+06
  1.259420950696172e+09 -2.852562598543575e+06  1.356542387716993e+06
  1.255279382027134e+09 -3.369028088015241e+06  1.544279639883074e+06
  1.259112734538325e+09  5.519902470147770e+05  1.441556191477068e+06
  1.262940248703254e+09  1.277380256273678e+06  1.812013968697645e+06
  1.262168302892985e+09  1.781438725741735e+06  3.716719073134236e+06
  1.263441333363164e+09  2.264745719020604e+06  2.618960995883261e+06
  1.265236595649770e+09  2.126602099481855e+06 -1.128020713204718e+06
  1.262308472503749e+09 -3.244868373445379e+06 -4.361088903902819e+06
  1.263493043977052e+09  4.695362425503522e+06 -4.403163439659166e+06
  1.261744784984007e+09  1.453975263998277e+06  2.327240752688858e+05
  1.262474401016404e+09 -6.438606312888731e+05  3.709988758639934e+06
  1.263044650326111e+09  2.327602529059703e+06  2.327240467371302e+06
  1.262956433710637e+09 -3.728816579623755e+06  9.492044030407559e+05
  1.264049592802923e+09  1.038656891204201e+06 -1.047059675184480e+06
  1.264918902564402e+09  1.979133209906987e+05  1.312688575289209e+05
  1.265856431646959e+09 -3.358580578181299e+06 -5.509232462570167e+05
  1.260872905588180e+09 -2.537216221239564e+06  1.819495502770839e+05
  1.263677182076256e+09 -1.329942431274358e+06  2.592858553579520e+06
  1.263925752007593e+09  6.279699174038098e+05  2.611925592839925e+06
  1.265139751144323e+09 -1.454483628284215e+05  9.556171695869878e+05
  1.263224839716225e+09  1.028748984658006e+06 -1.523578201901192e+06
  1.264493935807157e+09  3.233147306275398e+06 -3.028511896890120e+06
  1.264201777048911e+09  3.056485936892611e+06 -1.781246414776051e+06
  1.261848121835608e+09 -4.187190865597331e+05 -1.086822888103065e+05
  1.267187821086926e+09  4.636035002418574e+06 -2.993365470446934e+05
  1.261964067262795e+09  2.992162651852623e+04 -1.405031265063951e+06
  1.263824965963824e+09 -2.270273650617041e+05 -2.166463724711488e+06
  1.263558181899983e+09  8.594266269325801e+05 -2.325704138992869e+06
  1.263322827183370e+09 -5.067668263835726e+06 -2.071955900245260e+06
  1.262904475631582e+09  2.247124277450724e+05 -2.250491364905773e+06
  1.261820625949055e+09  1.182430726980974e+06  5.476447529126298e+04
  1.265500507118701e+09 -3.023390151717932e+06  2.093503894757964e+05
  1.261586218112227e+09 -6.893725783771661e+04  5.993700071886824e+05
  1.259033676383955e+09 -1.418611545338567e+06  2.179766362021798e+05
  1.263015881717048e+09  1.163339762325142e+06 -1.346290755968230e+06
  1.263110256609579e+09  2.281885940566424e+06 -2.426793388999533e+06
  1.265398360900507e+09  1.672533559393194e+06 -1.950856158049024e+06
  1.264078698143414e+09  2.497775386916609e+06  1.423905562201907e+06
  1.265787370496399e+09  1.817407324419697e+06  5.265583374518713e+06
  1.261571848533316e+09  1.527303561575390e+06  4.232862831642165e+06
  1.262820393669223e+09  2.992717679723578e+06  1.762731715355409e+06
  1.263183884193255e+09 -3.201970982047383e+06  2.752248915884395e+06
  1.264024090997668e+09 -2.850060036702415e+05  2.451513083851078e+06
  1.262605323999047e+09 -2.536975271548847e+06 -1.660904642462561e+06
  1.263352704430017e+09 -4.465762538666807e+06 -4.338660803149095e+06
  1.265098471651650e+09 -1.960548208071930e+06 -7.605438152005887e+05
  1.267745058805654e+09  1.156401002515143e+06  2.385885506882071e+06
  1.267106402742198e+09 -1.112956488563289e+06  1.584126361459180e+06
  1.261969354423125e+09  8.095077587163838e+05 -4.845867778684425e+05
  1.266442142890925e+09 -1.411488514746011e+06  1.524349970664907e+06
  1.262225384047902e+09  1.868605961614374e+06  3.453440935159821e+06
  1.260741527354601e+09  2.728989172689712e+06  1.595750905725124e+06
  1.260905408752226e+09  1.687200938339902e+06  1.007812356422364e+06
  1.261489893969738e+09  1.887930024006003e+06  4.657888786185447e+05
  1.260090936531737e+09  5.376510612057121e+05 -1.798591758074482e+06
  1.263954650811850e+09 -1.608332068389513e+06 -1.934104616138236e+06
  1.258609947271437e+09  1.099590279389209e+06  1.979409560935653e+05
  1.265833409236964e+09 -4.758267399042040e+06  8.489905897487323e+05
  1.264408122493217e+09  4.776087914331239e+05 -4.732020833967258e+05
  1.263463199131566e+09 -3.039516505792442e+06 -1.867949610074747e+06
  1.264388302480640e+09 -4.191253461240360e+06 -2.832290470415906e+06
  1.266691325250157e+09  3.446124174293860e+06  2.474374385669925e+06
  1.265579816556926e+09  1.303702955610127e+06  2.927381278185640e+02
  1.262420878746391e+09 -3.656841833011663e+05 -2.061760524355586e+06
  1.263715030925457e+09 -1.793239419011094e+06 -1.405025033479844e+06
  1.264812462588907e+09 -6.188840401809681e+05  1.233249948699150e+06
  1.262188496333499e+09  9.581020000419428e+05  2.254019648121729e+06
  1.263548241976303e+09 -4.237485906746395e+06 -1.010891895207918e+06
  1.260828992152668e+09  4.427581614646835e+05 -3.386639243461840e+06
  1.260162928269202e+09  2.612009681359667e+06 -3.443943673906348e+06
  1.265128900942862e+09  5.554007214946919e+05 -2.081268820941115e+06
  1.261747044041184e+09 -2.456123675575826e+06 -1.112924528772655e+05
  1.265851438491240e+09 -1.050405248896754e+04  6.970727476711291e+05
  1.264153263312395e+09 -1.082077753118824e+06  8.854104439551348e+05
  1.263288822705906e+09 -1.564017764327275e+05 -1.624689492651378e+06
  1.265877198478890e+09  1.397285793129618e+06 -3.587787172036489e+06
  1.263238319674278e+09 -3.361765968335952e+06 -7.640348344548489e+04
  1.265579520237782e+09  1.028223669823374e+06 -3.008522828743428e+05
  1.262843482865371e+09  8.280434931052247e+05 -2.908814596253894e+06
  1.261407396400858e+09  9.414827507052091e+05 -2.578302258920101e+06
  1.265942623772459e+09 -2.678315279281484e+06 -1.683642191228151e+06
  1.262879040272250e+09 -5.938323284275963e+05 -1.837441767304407e+06
  1.260765529955751e+09  1.447769134404653e+06 -2.732081351533632e+05
  1.261820295060995e+09 -3.490048952815607e+06  2.426729283480093e+06
  1.264102036468911e+09  1.884341282642163e+06  1.238443930458798e+06
  1.264183909623876e+09  2.129630535270933e+06 -5.990819349691833e+05
  1.264270459409508e+09 -1.043196142365476e+06 -3.639720397335179e+05
  1.263180402291468e+09 -2.464407003801431e+06 -1.882800811494116e+06
  1.264508861311376e+09  9.282714479090947e+05 -1.164951077505654e+06
  1.263768330356231e+09 -4.290271664270026e+05  1.390112342259502e+06
  1.260949854528736e+09 -1.818414628712746e+05  1.970902637671165e+06
  1.263361670703593e+09  1.990742998268205e+06  2.761829235400375e+06
  1.262877150208295e+09 -1.229651498172217e+06  2.565433277321700e+06
  1.262213301784495e+09 -2.024951640336412e+06 -2.268658901808210e+06
  1.261755671756984e+09 -6.853399177974870e+04 -1.852671646966532e+06
  1.261665318586717e+09 -3.315630328962471e+05 -4.410988402853379e+05
  1.261363006493500e+09 -9.083210462021155e+05 -8.147957011627832e+05
  1.265489521031153e+09 -1.004297563830607e+06 -1.053405838442945e+06
  1.263013274785195e+09  1.795195950894891e+05  3.350226817850695e+05
  1.263858708244264e+09 -1.295841336119946e+06  1.458996848575920e+06
  1.263088157369635e+09  6.057554269130940e+05  9.528411555322468e+05
  1.260018428791688e+09 -7.103129724791553e+05 -1.005738428387728e+06
  1.261856051333396e+09 -1.882294228677941e+06  9.211292899460532e+02
  1.263560484877645e+09 -7.969965462974857e+05  2.708028347614655e+06
  1.258819035222643e+09  6.846047609905575e+05  1.576508678636311e+06
  1.263696381948513e+09  1.817906323719649e+06  3.546144504810451e+04
  1.259965408216275e+09  7.512451779018755e+05 -7.838880249013312e+04
  1.264550621343807e+09  2.165457813297861e+06  4.419086310757797e+05
  1.265281010300485e+09 -1.513614289897808e+04 -2.439442312354570e+05
  1.259564356378959e+09 -2.522447367969003e+06 -2.490590578579423e+06
  1.264914275481184e+09  6.609571778272381e+05  7.686420570232179e+05
  1.264879402457253e+09 -1.111151051216695e+04  1.428278866319094e+06
  1.264500800219316e+09  1.109848999685918e+06 -1.272831314361325e+06
  1.261663343320866e+09 -1.529544117817744e+06 -1.918022065827286e+06
  1.263704860594473e+09 -1.128095859346519e+06 -1.533628068933507e+06
  1.263729719436749e+09 -8.052478457061474e+05 -9.055369846195519e+05
  1.264507933145591e+09 -5.242423496915756e+05  1.005316285195394e+05
  1.264093688280935e+09 -1.980842943102751e+06  1.016913812604501e+06
  1.263517924806069e+09 -1.270369288498258e+06 -3.018497215313993e+05
  1.263806618741498e+09 -1.391513678397740e+06 -2.347878412262209e+06
  1.263826606784389e+09 -1.502591142305156e+06 -2.517168171048086e+06
  1.263596068522552e+09  3.989650608391207e+06 -1.509820628976388e+05
  1.265002580308443e+09  2.434530234003163e+06  1.111534941996096e+06
  1.261713446172418e+09 -5.888493996990018e+04 -4.472828693110863e+05
  1.263859106893527e+09  3.204412885044186e+06 -2.170331646240226e+06
  1.263392703077985e+09  2.256812651163375e+05  6.051410217188669e+05
  1.265188919582301e+09  2.168545266694054e+06 -1.518710372580297e+06
  1.266178028782067e+09  8.732450854373915e+04 -3.096583408746725e+06
  1.264050784616343e+09  1.265668743677425e+06  1.025065906057009e+05
  1.263495956931745e+09 -4.173875140776454e+06  3.025918903492716e+06
  1.263159371721642e+09 -2.569312960761335e+06  3.329512000614281e+06
  1.264528747697011e+09 -1.236245293231010e+06  2.193037833276668e+06
  1.261318790171167e+09  4.052054498006039e+05  5.063294574404698e+05
  1.262036376568719e+09 -8.818587427631168e+05  1.935719947429301e+05
  1.265166560684856e+09 -1.107755632341577e+06  4.236513528553168e+05
  1.263719153247593e+09 -2.858729307105555e+06 -1.102446115961384e+06
  1.263851566808064e+09 -3.235736190237050e+06 -2.851006109672268e+06
  1.262613359904577e+09  3.445425123760809e+06 -2.933713760141588e+06
  1.263302089702399e+09  1.079358184795272e+06 -2.294832194338907e+06
  1.263500747191055e+09 -2.676234047060011e+06 -1.066565423236134e+06
  1.264801304068188e+09  2.543878307629966e+06  1.209103202207406e+05
  1.261111908124257e+09  1.741928144051953e+06  1.040632784855358e+06
  1.261450163177584e+09  2.046024463158577e+06 -7.664299652349873e+05
  1.261986198709891e+09 -5.391193210291481e+05 -2.230936590227487e+06
  1.261162820066239e+09 -8.270100484512961e+05 -1.371114161390500e+06
  1.264846678741227e+09 -4.941424700151200e+06  7.226349385837967e+05
  1.262616071259700e+09 -4.146071095330424e+06  6.549971313431710e+05
  1.264791651777927e+09 -1.590651428801378e+05 -1.324637642602667e+06
  1.264029874720049e+09  1.938070229440942e+06 -2.081362923799071e+06
  1.261213704368941e+09  7.883806599330429e+05 -8.268291156363052e+05
  1.265322181458987e+09 -8.626002149916920e+05  2.661710957860176e+06
  1.262998233287433e+09 -3.784284029420040e+06  5.931871959261530e+06
  1.261938051011369e+09 -1.526959478334749e+06  4.261633233319823e+06
  1.264685921634840e+09  7.281626558434821e+05  6.396742546220120e+05
  1.263769498208012e+09 -5.044979380754090e+05 -5.038781120768173e+05
  1.260390607339690e+09 -1.834944104662576e+06 -5.214292635138552e+05
  1.261695647616888e+09 -1.150402155230140e+06  5.754251653220525e+05
  1.262682432814249e+09  2.406593398235047e+06  4.188992297552407e+05
  1.259392811501748e+09  2.935412764325819e+06 -3.408487460013537e+05
  1.261859877394699e+09  3.162658470203335e+05 -1.093650251102661e+06
  1.262863513667003e+09 -7.293800511054855e+05 -7.679838448445421e+05
  1.263008980472556e+09 -2.658530245504484e+06 -1.956631427872633e+06
  1.265577938215856e+09 -2.748553612404813e+06 -2.776118001968952e+06
  1.264966720884012e+09  1.871225668596100e+06 -2.270075410158811e+06
  1.262567124806329e+09  2.495402905666932e+06 -4.076322574865434e+06
  1.261700096384808e+09  1.052177894805228e+06 -4.188096681174136e+06
  1.260861265928946e+09 -1.311142304876400e+06 -6.049008417639792e+05
  1.263112786364995e+09 -4.194625125036207e+06  1.950016866849559e+06
  1.260826364348140e+09 -2.814407952267912e+04  2.855483216908887e+06
  1.265431135699711e+09 -1.256596501081055e+06  2.405706512076712e+06
  1.263182333873999e+09  5.216493114188106e+05  6.787512636150188e+05
  1.265023369514644e+09 -8.227237643337946e+05 -6.834553070037561e+05
  1.267476278594406e+09 -9.877161407887829e+05 -3.853469397097894e+05
  1.262808545163991e+09  2.732514551459957e+06  4.112019148682702e+05
  1.263742058242336e+09  5.834864034973956e+06  1.381754953882608e+06
  1.264230035008998e+09  2.583874521707427e+05  2.199067979507685e+06
  1.262081484208743e+09  1.476460715511861e+06  5.189621455506294e+05
  1.259736320257019e+09 -1.378745138586852e+06 -1.732988995154976e+06
  1.266227532638072e+09 -5.582808687819135e+05 -2.171038090137369e+06
  1.260467620349453e+09  2.879654341612604e+06 -3.147853849156919e+05
  1.264764666498724e+09  1.749489314854691e+06  5.326945058390773e+05
  1.265409934371188e+09 -6.151065222571626e+05  2.848013209114863e+05
  1.262103286010794e+09 -1.448429383541693e+06  6.405739545812954e+05
  1.262231564251879e+09 -3.576492480129955e+06  4.094208066983400e+05
  1.257940155313081e+09 -1.777869417607886e+06  1.156738545610599e+06
  1.262184364777442e+09 -1.972507994436484e+05  2.165370287743300e+06
  1.259464383872100e+09  1.288874253873800e+06  1.433714094250476e+06
  1.260261109861946e+09 -5.722194506675648e+05  1.278693211181601e+06
  1.262406599961724e+09  1.257574614645742e+06  1.207381031263725e+06
  1.261236719838296e+09  1.476905305835551e+06 -2.042907678292032e+06
  1.263728418036433e+09  5.668263890135979e+06 -1.994920306604925e+06
  1.262368808727154e+09 -1.438428619813849e+06 -1.868666388889850e+06
  1.260927994736106e+09  4.485881571640173e+05 -1.633136978350411e+06
  1.263797981190722e+09 -1.201077121942118e+06 -1.237310331185222e+06
  1.263823598216696e+09 -4.491557553605672e+05 -8.349159393194211e+05
  1.259051074440078e+09  1.706826857790024e+06 -8.617915507292550e+04
  1.263551454247334e+09 -5.655695046699839e+02  9.259931215887542e+05
  1.262741221289477e+09 -2.593856762708497e+06  1.077227537644061e+06
  1.262221718891059e+09  1.938409757704442e+05  6.328177204191638e+05
  1.257905965923707e+09 -1.798434860062401e+06 -2.033411156441774e+05
  1.263433354594615e+09 -3.260388168685063e+06 -3.550548148805140e+05
  1.267664089650269e+09  8.648436027808497e+05 -1.699333690295673e+05
  1.262247414270775e+09  3.186541110411473e+04  1.267169389469300e+06
  1.261261493886818e+09  1.244459313682899e+06  1.694920808387171e+06
  1.262771859910233e+09  1.967770072575735e+06 -8.441418844039047e+05
  1.265468008761311e+09 -5.281060020706296e+05  1.098461033872939e+06
  1.265783383746893e+09  1.164366445004177e+06 -9.297917324641463e+05
  1.263035563722796e+09 -2.942301059223204e+06 -2.275059139513487e+06
  1.263910895104385e+09 -1.396715167749221e+06 -1.914999592972790e+05
  1.262929217395936e+09  3.954207947727026e+05  8.457838331747755e+05
  1.263811490178073e+09 -7.384455673453151e+05 -8.811992790803226e+05
  1.260565725865059e+09 -2.567582426858072e+05 -1.761727697166043e+06
  1.259018087314740e+09 -1.242374075340175e+06 -1.826038290139743e+06
  1.262034918350135e+09 -3.531493219522782e+06 -9.537865844612328e+05
  1.259783742685701e+09  7.305756101297040e+04 -1.786030782977110e+06
  1.264149683326687e+09 -2.817463029030361e+05 -4.848170572002557e+06
  1.264761899205093e+09 -1.655788235128032e+06 -4.720885486096358e+06
  1.264656620996478e+09  1.647173181092426e+06 -2.001240965898861e+06
  1.262839582799169e+09 -3.114962039542975e+05 -6.432582125966644e+05
  1.262594924793164e+09  1.404694510576131e+06 -2.337435099695634e+05
  1.264179292311508e+09  1.546889812114804e+06  8.492201406887810e+05
  1.263707049044047e+09 -2.198394370725937e+06 -1.049608585746376e+06
  1.263149432980971e+09 -8.187284769980725e+05  1.438402922998219e+06
  1.262958327944387e+09 -3.151034285209282e+06  2.413856483973918e+06
  1.263941220649818e+09 -1.672706436243129e+06  5.138258224495301e+05
  1.266761965138870e+09  1.900370223762874e+06 -2.167925609151150e+06
  1.266261686303538e+09 -4.707206576927794e+05 -2.828280131604657e+06
  1.261049772734016e+09 -1.204199863904072e+06 -9.387368660661450e+05
  1.260873378124435e+09 -1.348523862582398e+06  7.311422279217610e+05
  1.263194397728366e+09 -2.602942382182635e+06  8.759365514040127e+05
  1.262630987330422e+09 -1.313290274584871e+06 -9.110444688080399e+05
  1.260688954572849e+09  1.912417551695808e+06 -4.729662524368620e+06
  1.263643955837362e+09 -1.113680607473904e+05 -6.290746587401905e+06
  1.262739439716519e+09  4.889858660971710e+06 -3.772780488985332e+06
  1.264358368187924e+09  5.153637022438120e+05 -2.368222486628642e+06
  1.265046914524971e+09  5.064327541989161e+04 -2.121806620529233e+06
  1.263357052155626e+09 -1.111144999578138e+05 -1.775804958395353e+06
  1.257953345535846e+09 -1.302821774665425e+06 -3.359099938110945e+06
  1.264375082897814e+09 -7.195888974639833e+05  4.227597303245261e+05
  1.258274970801851e+09 -7.041104574112920e+04 -2.727755025891820e+03
  1.263972554767118e+09 -1.481546864750409e+06 -2.804202352151561e+06
  1.263403771856943e+09 -1.077233284899749e+06 -1.708543460149864e+06
  1.263733555253275e+09 -3.704873877423967e+05  3.204937607065027e+05
  1.260977438028816e+09  7.880799889480858e+04  1.925924467316897e+06
  1.264373031864155e+09 -1.543286787655766e+06  1.008791026754043e+06
  1.265709451723598e+09 -4.728315016095309e+05 -9.724197964456308e+05
  1.263246055675660e+09 -9.090344744355674e+05 -4.527277305360393e+05
  1.261877995897001e+09  3.100423543328626e+06  9.854199008132393e+05
  1.260074233676453e+09  4.059968024732838e+05  1.116628984463153e+06
  1.267010876277611e+09  4.727407322668467e+06 -8.713890851560262e+05
  1.262911962738655e+09 -1.459453764808469e+06 -1.685668030786638e+06
  1.263390828413559e+09 -1.559822829016126e+06 -7.483600577949145e+05
  1.263404718439057e+09  2.768124753593794e+05 -2.677271113327330e+06
  1.262809330631226e+09 -1.249455003118327e+05 -3.523206013033553e+06
  1.264108212013525e+09 -1.705278007976668e+06 -1.525025507705403e+06
  1.264574295688996e+09  3.390574421792039e+06 -1.420254059790891e+06
  1.261041865429506e+09 -7.727794823524358e+05 -1.572037353898102e+06
  1.262127180292613e+09 -1.667971484880012e+06 -9.561654827636967e+05
  1.259489715204307e+09 -4.986753273948168e+05 -1.176202052217652e+06
  1.262474974635857e+09  2.708077699126105e+05 -7.460324983536249e+05
  1.261440040671334e+09 -2.638939370966868e+06 -1.550536090986392e+06
  1.263914682860643e+09  6.258805639171919e+05 -2.137239104632751e+06
  1.264493870577981e+09 -7.808811817569901e+04 -5.309400956926695e+05
  1.262657520229318e+09 -1.115957006507430e+06 -4.174122095031216e+04
  1.263949971754077e+09  9.219308169139326e+05 -1.453223028408499e+06
  1.260829869302030e+09  4.256552604616380e+05 -2.285138603576473e+05
  1.263890943605503e+09 -3.265401846433510e+06  1.859915255644592e+06
  1.261040259104552e+09 -2.496663678643459e+06  1.384371473694389e+06
  1.264089309556488e+09  3.247425461332012e+05 -1.720731892923425e+06
  1.262914902635474e+09 -9.355438167526600e+05  1.437269725289145e+06
  1.264933635205134e+09 -2.354260278346353e+06 -2.746315319503272e+05
  1.262083157391491e+09  1.244520385135040e+06 -8.997882655348303e+05
  1.261695861538713e+09  5.867215815948537e+05 -3.145238608372805e+05
  1.263069661832294e+09  6.083020144710237e+05 -7.889893165969495e+05
  1.264256071679175e+09 -8.461109994273414e+05 -3.861492762348276e+06
  1.263849021773599e+09 -5.767805143889331e+05 -3.443727955739233e+06
  1.261818664858711e+09 -2.369845658125593e+06 -2.308047632754431e+04
  1.263460665635350e+09 -5.764611749066623e+05  3.873673894515622e+04
  1.261909446546866e+09 -7.855770839972019e+05 -1.220103964278105e+06
  1.259206270287926e+09 -4.123737990263227e+06 -1.342756051949258e+06
  1.268341643592951e+09  8.892541266127103e+05  9.428641619599401e+04
  1.262506710269511e+09 -7.092201021182286e+05  1.291465208685266e+06
  1.266307815812327e+09 -2.977255682476022e+06  2.694421201409434e+05
  1.263558856770995e+09  3.438794545151403e+05  6.848702476109266e+05
  1.262691449666903e+09 -1.780219667886055e+06  2.307184390115901e+06
  1.261473237125105e+09  9.464884027482476e+02 -8.557986586802006e+05
  1.258658512617512e+09 -1.449079623993860e+06 -2.146745509194646e+05
  1.263500709198364e+09 -2.145958588081775e+06  1.771554054025278e+06
  1.263434243910485e+09  1.799771986511426e+06 -7.252267317737447e+05
  1.261068934668463e+09  4.005822301826608e+05 -1.152087307589771e+06
  1.262342204765536e+09 -1.174709690126509e+04 -3.703702766314912e+05
  1.262853917570902e+09 -5.854568881944055e+05 -1.891769389041503e+06
  1.265830476040166e+09 -1.269333646267258e+06 -2.376103856175436e+06
  1.262209921786598e+09 -2.160700468897778e+06 -2.559004797607015e+06
  1.265602174641531e+09 -8.895281135594505e+05 -2.292051976343594e+06
  1.261986489383807e+09 -1.795077785499408e+06 -9.193328923829771e+05
  1.265205449576441e+09 -1.018064833232473e+06  9.438451229361151e+05
  1.259738113105021e+09  3.399435027157237e+05  1.183465095590889e+06
  1.265768981628479e+09 -4.031834644528587e+06 -5.726750138628311e+05
  1.263309681343703e+09  3.405657130005795e+06  1.888602676482568e+04
  1.261569416666888e+09 -2.332851191110720e+06  1.203169413849796e+06
  1.264209659041803e+09  2.994211716630609e+06 -5.584483692539278e+05
  1.267006089965560e+09  5.738983377576127e+05 -6.287898849659339e+05
  1.267378066068619e+09 -2.519951583452576e+06 -7.614154951585504e+05
  1.262444216509814e+09  8.481585158789004e+05  2.014379782029345e+05
  1.265835461265591e+09 -5.066263825307776e+05  2.462366868488322e+06
  1.263245364508258e+09  7.291788281849266e+05  4.104400114800902e+05
  1.261387716850928e+09 -2.380930633927168e+06 -9.359110644241053e+05
  1.260400404327833e+09 -1.200392461599640e+06  1.636899869167684e+06
  1.262524536416512e+09 -4.008790227536531e+05  1.846855290057529e+06
  1.260481639267312e+09  4.132920518639655e+05 -4.642639735495879e+05
  1.265675658832774e+09 -5.817688128017682e+05 -1.886259884656311e+06
  1.259058092976729e+09 -1.817983910627626e+06 -2.404478241626978e+05
  1.266711957746748e+09 -3.119374797958255e+05  2.871331519969166e+06
  1.264164416830596e+09 -2.843015915620558e+06  4.574426369649176e+06
  1.265027723006210e+09  2.554436196453023e+06  4.591445269219685e+06
  1.264289439294242e+09 -4.097609482629973e+06  2.140261588420885e+06
  1.265971819106687e+09  1.462012703358041e+06 -1.206955443490128e+06
  1.266207351052619e+09  7.165480852471063e+05 -5.470501060685688e+05
  1.262974034857881e+09 -1.106063868553892e+06  1.954929978342636e+06
  1.265496595903047e+09 -9.002254769085138e+04  3.646227672499419e+06
  1.263145978759674e+09 -3.240161147238122e+06  4.488251050251622e+06
  1.264576785717561e+09 -2.672450102707765e+05  3.832095165332799e+06
  1.260431502914983e+09  1.272280559493192e+06  1.792899021007370e+06
  1.263492785016442e+09  2.614263379378803e+06  5.953809947053462e+05
  1.259584727088185e+09 -1.631489023026067e+06  1.670228088768714e+06
  1.264501907361543e+09  2.461376188688533e+06  4.231204401154114e+06
  1.261236869921407e+09 -2.950843469986216e+06  2.460043576240277e+06
  1.266155211058974e+09  1.240086811441113e+06 -6.008794244186542e+05
  1.262533414705184e+09 -1.764908386840167e+06  1.498431106728886e+06
  1.264189784107266e+09  3.308110775100816e+06  1.700153481178147e+06
  1.266852544965333e+09 -2.706755248677449e+06  1.256550076390080e+06
  1.262784954669042e+09 -4.475473584325073e+04  1.057245269855784e+06
  1.263702435930563e+09  3.772787209447416e+05 -1.666548613230642e+06
  1.261806904611904e+09  7.091225187942348e+05 -6.657319264340710e+05
  1.261814797183757e+09 -9.334501681954142e+05  1.098636320344348e+06
  1.264793231882869e+09 -2.546519176249476e+05  2.497626074197379e+06
  1.263379151425456e+09 -3.325021510230947e+06  1.763129023899887e+06
  1.258138240174177e+09  3.550062118862764e+05  1.593250936408150e+06
  1.260697649972950e+09 -9.052062072537404e+05  1.323826978735418e+06
  1.262550940636907e+09  2.352642864913956e+06  1.584073326751977e+06
  1.262252684569415e+09  5.242765964193807e+05  6.313864210962272e+05
  1.266436214212309e+09  1.175666848216443e+06 -2.487914148250500e+06
  1.263868569039123e+09 -1.435364828759254e+06 -3.005228633033481e+06
  1.265095222782073e+09  1.379438384066109e+05 -2.115046819652135e+06
  1.263579637975096e+09 -1.101339459230989e+06 -1.728177833035394e+06
  1.263451182136562e+09  1.835534265419057e+06 -1.162957129647708e+06
  1.264200314849935e+09 -2.639738039604194e+06 -2.085058664583086e+06
  1.267198507880013e+09 -1.498891834027649e+06 -2.911335313177952e+06
  1.263638561561303e+09  2.605525333313452e+05  1.141891362525817e+06
  1.263183131482956e+09  2.003496912425783e+06  2.188915323012915e+06
  1.261441359108543e+09 -4.660973902370920e+05  1.308093745953846e+06
  1.264202579314903e+09  8.897917354953560e+05  9.736691307808398e+05
  1.265268753170611e+09 -4.663069978764679e+05  1.196419005933707e+06
  1.261387420737734e+09  1.043781812893659e+06  1.131035892346699e+06
  1.259002446789343e+09 -2.398343932079475e+05  2.246236766666416e+06
  1.262464311157257e+09 -9.910449411814532e+05  2.798710851754604e+06
  1.263011605260707e+09 -1.743106628182868e+05  2.261871459806602e+06
  1.262398966741430e+09  6.332242347798592e+05  1.638622111008862e+06
  1.263413047720976e+09 -1.106691767101088e+06  8.900273217108495e+05
  1.263144223586115e+09  9.963388592502882e+05  1.096952531836696e+06
  1.262942459895668e+09 -1.236982341803960e+05  9.834412548989829e+05
  1.260317784721272e+09  1.584766704804112e+05  3.257326596543866e+05
  1.262968597385179e+09 -1.612620960908342e+06 -1.907813242058704e+05
  1.264567463359480e+09 -3.096699121107785e+06 -3.164389071057963e+05
  1.260186955712012e+09  6.211047441585141e+05 -2.625685690807045e+06
  1.264723465194717e+09  2.556800195870801e+06 -7.823651035980028e+05
  1.264133719416295e+09  1.594809698969178e+06  2.054313395387149e+06
  1.261540391110527e+09 -2.563100513925678e+05  2.647342382042073e+06
  1.264841278493432e+09  1.320847492047071e+06  4.634615137855675e+06
  1.264886167825372e+09 -1.036417638356648e+06  4.727127894148040e+06
  1.265411548433666e+09  3.849292194570453e+05  3.754121398828854e+04
  1.265262059113076e+09 -4.136166530269512e+06 -2.486696220286435e+06
  1.263806845418047e+09 -3.595870810716149e+06 -1.173015158041666e+06
  1.264588569247008e+09  9.580593562706092e+05  1.414409697663572e+06
  1.263495047226936e+09  1.062680094730621e+06  4.552650845158881e+06
  1.264193609388098e+09  3.333317703486955e+06  5.379035247884357e+06
  1.261861609894522e+09  5.089878788996913e+04  1.673364704935205e+06
  1.261443121448162e+09 -2.476311518780502e+06 -1.477056067815486e+06
  1.262834120335773e+09 -6.870170918014186e+05 -9.368755636149037e+05
  1.263539253482546e+09 -2.110309804106192e+06 -1.204888945176237e+06
  1.261397465365313e+09  9.935928678909715e+05  8.378990785868706e+05
  1.262683312098596e+09  1.323821414844214e+05  1.097465144112878e+06
  1.264501409628089e+09  4.065099840444355e+06  3.333194815415424e+05
  1.263120134696454e+09 -1.474854139604011e+06  9.274168973498733e+05
  1.265379301750162e+09  1.408275963796565e+06  1.531562492703924e+06
  1.262192571193922e+09 -2.719480624546987e+06  4.979508006893484e+05
  1.263994773903168e+09 -1.634323524093410e+06  1.682312790915235e+06
  1.261397836126137e+09 -3.202170884793370e+06  2.812362066850604e+06
  1.262307970113299e+09 -3.313467659272770e+06  1.238793602769206e+06
  1.261992904995472e+09  4.461887827169037e+05  9.365108572039282e+05
  1.265046102537778e+09  1.648616696489648e+06  7.359214667766378e+04
  1.265208092811767e+09  1.277272122299228e+06 -1.855650054997395e+06
  1.260103012518545e+09 -9.880370362950617e+05 -1.635175599296727e+06
  1.262914395320935e+09 -3.565460261020511e+06 -6.695941918614149e+05
  1.262969814369900e+09 -7.422533670408921e+05 -3.068779121773213e+04
  1.262938396036630e+09 -1.560643790098070e+06  2.851546833315563e+05
  1.262979965633397e+09  2.058173319706183e+06 -3.034432601065518e+06
  1.264605314282329e+09 -1.376522813484692e+06 -2.597475450542775e+06
  1.261697166038398e+09  3.802989844798699e+06 -2.045729740184551e+06
  1.260304148839404e+09 -1.423970927817251e+06 -5.278613446999660e+05
  1.262901155347176e+09 -1.083216785886494e+05  1.530311578936224e+06
  1.263742972025462e+09 -5.117615536874648e+05  2.517190250238666e+06
  1.263081847101969e+09 -1.780037572849494e+06  1.602252270358805e+06
  1.262372219220692e+09  3.821589955423588e+05  1.276294475536460e+06
  1.260019185070587e+09 -3.136099177590488e+06  3.776785295617693e+05
  1.262748904430085e+09  5.877176571092658e+05 -3.033588955234176e+06
  1.264979229786404e+09  4.217157829524649e+04 -3.709656859507297e+06
  1.264441437822144e+09 -2.127922365392842e+06 -2.290688807699913e+06
  1.264571131322300e+09 -7.678558517743534e+05 -2.316271715747624e+06
  1.263562828940003e+09 -8.304073727055546e+04 -6.154654942466135e+05
  1.262983127255716e+09 -4.185110630630570e+05  1.122085221712952e+06
  1.260437108072537e+09 -9.143629002442635e+05 -1.202167989285511e+06
  1.261883064319359e+09 -1.277856104838261e+05 -2.455447144986241e+04
  1.260772595796017e+09  4.089945376237575e+04 -6.592269824105621e+05
  1.260979663196021e+09  1.934664041878159e+06 -1.659223933155124e+06
  1.263431678679384e+09  2.379524693825126e+06 -2.750997348042786e+06
  1.265662976527130e+09 -1.860129183184982e+06 -2.232615891053250e+06
  1.264125657676320e+09  2.299559728168334e+05 -8.398257291686194e+05
  1.261372548426319e+09  8.606134041311028e+05  2.925184836487172e+05
  1.262615567241952e+09  2.176426598410914e+06  4.836395741968235e+05
  1.260593078268893e+09 -2.425385837372143e+06 -1.447472558968662e+06
  1.260631374510950e+09  1.365598402788964e+06 -2.417229796285876e+06
  1.263441315178253e+09 -5.977808529030626e+04 -1.508465062280474e+06
  1.262807063593067e+09 -2.628850013229101e+06 -2.478362349638051e+06
  1.263998612574453e+09  1.380501115629026e+06 -2.772362557252183e+06
  1.261634432619386e+09  1.664627891911545e+06  7.435975651247251e+05
  1.263019056811416e+09  2.180570287697328e+05  2.614338495863626e+06
  1.266671267179378e+09 -1.272650806828036e+06  1.180567571577100e+06
  1.263789945875708e+09 -1.933537921133040e+06 -1.579318024876796e+05
  1.262053891871231e+09 -1.004184264035407e+06 -7.659431727996417e+05
  1.262779903505263e+09  1.860036896288348e+06 -4.354867257590552e+05
  1.263612686258727e+09  5.090840295435099e+06  1.083765285479667e+06
  1.261017556969703e+09 -7.340398816063113e+05  1.834614455874899e+06
  1.264610095541858e+09 -1.255845591485006e+06 -6.223352041676013e+05
  1.261371578855627e+09  2.336376965623960e+06 -2.316218216748212e+06
  1.266757521934646e+09  9.691882028978136e+05 -1.146670173772349e+06
  1.264519354618088e+09  6.580339430911797e+05 -3.328479667966476e+05
  1.263966152107308e+09  2.141816064084554e+06  3.071636398683360e+03
  1.263047939566168e+09 -9.491233107016606e+05  1.020946036988079e+06
  1.258352982642964e+09 -4.153473672500943e+06  2.288563190478780e+06
  1.262157224028219e+09  4.365737469833616e+06  2.553483543142371e+06
  1.262129897458337e+09  1.084074213641447e+06 -3.617098804328062e+05
  1.262503306244035e+09  1.068086757481585e+06 -3.099085392407953e+06
  1.265142025478763e+09 -3.110231442665392e+06 -1.411267749379427e+06
  1.261635448478664e+09  7.257165900376104e+05 -1.531911086344929e+06
  1.264871272561804e+09 -1.279090675519858e+06  9.315490348338325e+05
  1.260477232890492e+09  1.936990582877073e+06  2.662056893570716e+06
  1.259983575499814e+09  1.973647192162644e+06  2.620054895114047e+06
  1.260659893664671e+09  1.113237830923018e+06  1.371513167516381e+06
  1.266016731112025e+09 -6.750671116561036e+05  1.679693700196247e+06
  1.261935984700390e+09  2.092170926175284e+06  2.744011206424437e+06
  1.264094159540110e+09 -1.079878801633461e+05  1.218267905131166e+06
  1.261715492739813e+09  1.219846621464831e+06 -1.661963103710779e+06
  1.265059934018806e+09  2.924643259513843e+06 -2.374189443150794e+06
  1.258107399098314e+09 -1.818313316350977e+06 -6.703995469146330e+05
  1.265652266265692e+09 -4.730832627492310e+06  9.444425831295194e+05
  1.264042547108108e+09  5.093960302484269e+06  7.820370499483871e+05
  1.260853121838581e+09  2.638588352490330e+06  2.040679013521479e+06
  1.264799142129434e+09  1.586680596546340e+06  1.969676572201154e+06
  1.263830795551112e+09 -3.349214852613817e+06 -1.395476536084914e+06
  1.266302957982837e+09  2.785499536430880e+06  1.870441577621082e+06
  1.266627970479514e+09  1.017222540597558e+06 -4.290007328749746e+05
  1.261598676671579e+09  9.469682093549814e+05 -8.583662393017237e+05
  1.261865907604144e+09 -3.516356394429844e+05 -3.867499472168250e+05
  1.261399690581008e+09  6.560849872154477e+05  1.111559548916186e+06
  1.264642284571193e+09 -5.940359103650433e+05  3.231813326595287e+06
  1.261652748565120e+09  2.225251413438655e+06  3.438008016409472e+06
  1.261282892017817e+09  9.642217179852697e+05  2.999642794802099e+06
  1.261575749155437e+09  3.077659411322715e+05  2.575431130753560e+06
  1.261693294492243e+09  3.212566003718189e+06 -4.379905705438126e+05
  1.265136441690667e+09 -1.826383412450548e+06 -2.575252160351402e+06
  1.264496538402906e+09 -3.142314985891283e+06 -1.544681519700369e+06
  1.264846668388085e+09  1.282818431937205e+06  7.696936162818028e+05
  1.260429856171725e+09  3.791815820022368e+06  1.812122709017853e+06
  1.266278923043038e+09  1.698643033062998e+05  2.107341333503155e+06
  1.263934783945406e+09 -3.300855307847633e+06  3.193700763751652e+06
  1.262978613175143e+09  4.731760795645822e+05 -1.806038100361790e+06
  1.263522780887059e+09  1.268487329452254e+06 -6.753054523529726e+04
  1.263378420586912e+09  7.789512720776759e+05 -5.603526932227364e+05
  1.262332604544131e+09 -1.039598219535229e+06 -5.172151013422210e+04
  1.267640961895005e+09  4.241570660878349e+05  4.378379705419788e+05
  1.264576999066019e+09 -2.478562618884112e+06 -1.679194700073751e+06
  1.263066437047468e+09  2.062464045338640e+06 -2.750418032114745e+06
  1.261541529567838e+09  1.089916629084844e+06 -4.248747176012163e+05
  1.260961363041515e+09  1.297983111379924e+06  8.481276939037701e+05
  1.263125769176129e+09  2.870215521532135e+06  3.036181780284102e+05
  1.260404420433425e+09 -2.545089107433631e+06  5.703527226025963e+05
  1.263128071507716e+09 -2.394590658321082e+06  3.920385756378631e+05
  1.259699956694686e+09 -2.655009180692168e+06 -5.472465824919957e+05
  1.263391243355215e+09  1.887475567733744e+06 -4.058410483651808e+05
  1.266100043089553e+09 -2.816273722514765e+05 -1.390493722439672e+06
  1.263375014809933e+09 -2.071007453368880e+06 -3.264724975838314e+06
  1.259024367137511e+09 -2.983403469977689e+06 -6.193661526601769e+05
  1.261952141203505e+09  4.797292213410668e+05 -1.116073574349699e+06
  1.259470995670168e+09  1.991355138182940e+06 -2.532391151557039e+06
  1.261504562446663e+09 -1.208744417188067e+06 -2.440503406072227e+06
  1.262576504049664e+09  1.088873894894348e+06  3.049320935807789e+05
  1.263956455006213e+09 -2.895421718413770e+06  2.561008320360011e+06
  1.262030309637272e+09 -7.441501481523759e+05  2.463381164247966e+06
  1.264123440645615e+09  7.563337316116069e+04  8.177993877234027e+05
  1.265207006732491e+09  1.800750133091242e+06 -1.697983016649249e+06
  1.263114551707529e+09  7.449899666543386e+05 -2.029875829279828e+06
  1.262693280694640e+09 -3.141120497271204e+06  1.468751052759742e+05
  1.261853638782685e+09 -2.482954297266302e+06  1.434640437419911e+06
  1.265346498441891e+09 -3.254870975789033e+06  1.451474066895379e+06
  1.263203321730285e+09 -1.096246946987959e+05  1.531426047752548e+06
  1.265595222488328e+09  1.770062047956951e+06  9.845237942891683e+05
  1.263666629128832e+09  3.327948333304246e+05 -2.569754801303991e+05
  1.263252235215751e+09 -2.828671805073641e+06 -2.753035691356116e+06
  1.265662987738356e+09 -8.933870088743051e+05  3.336440711425417e+05
  1.264031507633390e+09  7.605691940631588e+05  1.946370423357450e+06
  1.262629752545010e+09 -1.788955808308030e+06  4.527506521254072e+05
  1.266259540585531e+09  1.139276629263375e+06  1.677222681382367e+05
  1.260072055619775e+09 -1.732980802439058e+06  1.091808367442418e+06
  1.262336163241627e+09 -1.850537713689338e+06  1.132144606024428e+06
  1.262586167493815e+09  6.619813109229963e+05  1.090389607430889e+06
  1.263732760516656e+09  1.083632660557498e+05  1.988818160343582e+06
  1.264152184337159e+09 -1.750405068411759e+06  1.386017217553826e+06
  1.263123851707994e+09 -1.319168103815495e+06  5.387321652454465e+05
  1.264272035814406e+09 -2.730366852236621e+06  2.264409113687953e+06
  1.262487128910422e+09 -4.863281167000852e+06  1.197035792381741e+06
  1.263890013392909e+09 -2.057196157558725e+06 -1.046944226866042e+06
  1.262129992646313e+09  2.307190329345057e+06 -8.573592549257858e+05
  1.263360458032384e+09  1.982118163489049e+06 -2.211646333306549e+06
  1.261433115355051e+09 -6.863949537822637e+05  2.985929474293657e+05
  1.263510121372633e+09 -1.726001462910993e+06 -2.994170118151198e+06
  1.261175131177963e+09 -2.458154227275627e+06 -3.810186907358922e+06
  1.262815921353297e+09 -2.294735951851421e+06 -7.999870930874062e+05
  1.261681232161297e+09 -5.017754366695671e+04  1.996404594715859e+06
  1.262873699276162e+09 -1.090949971266615e+06  1.802761381621824e+06
  1.261613579256471e+09  1.597843961171797e+06  6.065845332344210e+05
  1.261594166742071e+09  1.537267194830510e+06  2.176982341714378e+05
  1.261195573984972e+09 -8.583842409907625e+04  1.451589168941029e+06
  1.261104077459450e+09 -1.113314519153717e+05  1.877113677452447e+06
  1.259828660442522e+09  8.646031222727547e+05 -2.820611013316421e+04
  1.267172557796119e+09 -2.085756375866294e+06  5.437921125940881e+05
  1.262746570285115e+09 -6.942234913941935e+06  2.423080327529315e+06
  1.266334373340058e+09 -3.175158569367473e+06  1.684251569880575e+06
  1.261849423297446e+09 -1.417179710804396e+05  1.537324831461239e+06
  1.264103417321721e+09  2.790115318682055e+06  2.143723621336685e+06
  1.262451547577380e+09 -4.160847835556374e+04  3.299884045095117e+05
  1.259232305265796e+09  7.576387245920269e+05 -9.719171345009620e+05
  1.260861096766785e+09 -3.780390133505746e+06 -9.259736664859874e+05
  1.267433392666401e+09 -3.759734374627006e+05 -8.314903141001343e+05
  1.262804537007890e+09 -1.906963718067497e+06 -9.595893221596810e+05
  1.262038149564299e+09 -1.241361505033472e+06 -1.096216994076567e+06
  1.264776147555749e+09  3.194617149292739e+06 -1.466454093111133e+06
  1.264489528077929e+09  9.333564344510298e+05 -6.037416693750352e+05
  1.261595355489076e+09  1.823658611103835e+06 -4.265591254180508e+05
  1.262402424478041e+09  1.524376467238985e+06 -1.266945683209286e+06
  1.262971252796849e+09 -2.999001541414288e+05 -1.825157228185249e+06
  1.265209862709354e+09 -1.323394527940970e+06 -1.482045799641868e+06
  1.261928636543337e+09 -5.473637955540769e+06 -9.565199242135023e+05
  1.265623427341887e+09 -9.311977655287730e+05 -5.084076512878103e+05
  1.261992690928667e+09 -2.173341254604335e+06  1.329957021122678e+06
  1.260252801850973e+09  1.234988111785601e+06  1.860457312249124e+06
  1.261822818406053e+09  6.782649039204074e+05  2.149735320304192e+05
  1.264024221343680e+09  2.090809026398130e+06 -2.538404553444193e+06
  1.266570188259062e+09 -2.680831853078853e+06 -3.904546177309314e+06
  1.259447450711896e+09  1.172768078764500e+06 -3.086689904019818e+06
  1.261661903932161e+09 -2.236859316359238e+06 -2.729169703592731e+06
  1.262565454482510e+09 -8.115337154294513e+05 -3.031910478935697e+06
  1.264037841253092e+09  2.642442822004107e+06 -2.627408708010770e+06
  1.261963209807052e+09  1.029794827049631e+06 -2.736004427129790e+06
  1.261628594912852e+09  4.321802261862389e+05 -2.147431162844138e+06
  1.261675924608901e+09  1.765733344710658e+06 -6.517527604063920e+04
  1.264269405407428e+09 -3.068630053745126e+06  1.412042545851358e+06
  1.259055175222635e+09  2.268232687960215e+05  2.435378597507668e+06
  1.266034767668616e+09 -3.027264031361326e+06  2.000820050372721e+06
  1.263524609135687e+09  2.236136294642020e+06 -4.060854637804307e+05
  1.263684885955623e+09 -2.525699192015979e+06 -5.905651866297084e+05
  1.264195014388186e+09 -3.661233477063827e+05  1.057606695709636e+06
  1.262871236855092e+09 -2.765810443981803e+05 -2.091310346061458e+05
  1.265477626264851e+09 -3.273588143064902e+06  1.336263348377377e+06
  1.265506581381411e+09  7.054169900962920e+05  3.221689737240791e+05
  1.265478108325151e+09 -2.240063421285427e+06 -4.995317386842334e+05
  1.261585768449389e+09  7.293939325958285e+05  1.640530429256469e+06
  1.263533069483917e+09 -4.756083611127570e+06  2.158069263825312e+06
  1.261808388352937e+09 -1.890579909504069e+06  2.078198575281986e+06
  1.266543875275778e+09  6.266825433934231e+05  1.849893982749653e+06
  1.262579949692437e+09  2.221916439729830e+06  3.789351041318465e+05
  1.265047008287510e+09  2.677682016511125e+05  5.238425197979386e+05
  1.261338276768969e+09  2.574768943727853e+06  8.562663678630476e+05
  1.265486260832736e+09  1.273469184370382e+06 -9.016994576969196e+05
  1.264089318003124e+09  1.007416091179013e+05 -3.545270583697191e+06
  1.264071470086708e+09 -7.278640362550142e+05 -3.141439155201220e+06
  1.265467293739974e+09 -3.432794457929868e+06 -9.579568173383967e+05
  1.262234458968585e+09  2.837463862908443e+05 -7.616577485515857e+05
  1.262544925663010e+09 -2.203376944284650e+06 -2.606648170444972e+06
  1.261819022351148e+09 -1.675875998137100e+06 -3.719290619176166e+06
  1.263592284691049e+09  2.766421230729815e+06 -3.618451780528829e+06
  1.262346993892174e+09 -4.187073739807854e+05 -1.444031599780064e+06
  1.265353310114968e+09 -1.443722440361340e+05  1.483793212558127e+06
  1.257773672815048e+09 -2.798314899032274e+06  2.754618090036630e+06
  1.262142549304159e+09 -3.896041599826154e+06  2.905656351056929e+06
  1.261680009811772e+09 -5.646274892220271e+05  2.530283199878556e+06
  1.262295438877038e+09 -1.240471228180857e+05  2.022568182399482e+06
  1.266540901099684e+09 -3.275211184525007e+05  6.188969844021379e+05
  1.263604815398908e+09  1.250130036956193e+06 -1.195688475717797e+06
  1.262034794048114e+09  5.030644036875589e+05 -1.827896611406061e+06
  1.263411574682559e+09 -1.126117932078367e+06 -1.209672252680120e+05
  1.266246851423828e+09 -1.160194080774378e+06  1.589488947876808e+06
  1.264300975141516e+09 -2.368750911907885e+06  2.417467973952948e+05
  1.268622758109503e+09  1.351025358414525e+06 -1.390059500380998e+06
  1.264500732306248e+09 -1.121584004381137e+06  3.302193024493976e+06
  1.264331650052207e+09 -1.189812492301871e+06  3.218143689194900e+06
  1.262079762930294e+09  7.559458224444287e+05  9.797305779506196e+05
  1.265121416950277e+09  1.300419049573920e+06 -5.577946765799233e+05
  1.263639314328239e+09  3.938157134872302e+04 -6.131349859621709e+05
  1.262561715735534e+09 -5.609847067164633e+05 -5.244209682481252e+05
  1.256540131232225e+09 -5.334913567875724e+06 -3.496467409083276e+04
  1.260316110380941e+09  4.777662512137450e+05 -7.580784342731315e+05
  1.264142900200795e+09 -3.718212383812503e+06 -1.593833964390144e+06
  1.262126264577939e+09 -7.479365219844447e+03 -7.793947090153248e+05
  1.261470406363738e+09  1.435046229484481e+06 -3.592950906190470e+05
  1.265251413293879e+09  2.984212562004871e+05 -6.758889402816556e+05
  1.263292618508369e+09 -2.374840967587882e+06  6.895358363544951e+05
  1.260205743202631e+09  5.095716987444626e+05  2.835381909250508e+06
  1.264917062679918e+09 -1.705992544478878e+06  2.987186416141744e+06
  1.262864115079302e+09  1.014154904792042e+06  2.599469269830748e+06
  1.261321146473188e+09  2.254017249684896e+06  9.155688506280580e+05
  1.263581381211223e+09 -8.279158573201108e+05  9.093404587273530e+05
  1.261772414774310e+09 -2.656862336211964e+06  1.684282878010540e+06
  1.261005216826757e+09 -7.844685386135451e+05  1.781413725823929e+06
  1.265093952892322e+09  1.501584995734209e+06  1.546988921746071e+06
  1.264775746000669e+09 -4.867616085444277e+05  1.454623336338342e+06
  1.263501040571964e+09 -4.259448256287078e+06  1.967771930237596e+05
  1.263514001681689e+09  3.385183690362448e+06 -4.878697449257947e+03
  1.264735827236537e+09 -4.961679136024401e+06  1.057160583614012e+06
  1.264037014791501e+09 -5.638445428059063e+05  1.496524930371835e+06
  1.262961005459848e+09  2.273522678177272e+06  1.794756843255071e+06
  1.262437869597117e+09 -1.155128138881279e+06  1.380646860800507e+06
  1.260377586312660e+09 -2.721744946294486e+05  9.339083311455813e+05
  1.261939524283565e+09  1.856530158104438e+05  4.642570031186429e+05
  1.261174151099218e+09 -1.675452801811855e+06  8.872871165719703e+05
  1.260465113517369e+09  1.720726637374421e+06  1.534803100264595e+06
  1.261450351163482e+09  3.795099745875586e+06  4.370165843545695e+05
  1.259640413852826e+09 -1.066144947582369e+06  1.080457736708863e+06
  1.262391016382597e+09 -2.186205280100186e+06  1.257860800936548e+06
  1.261137273966681e+09 -2.625111798061532e+06 -1.182331345763342e+06
  1.265552625323389e+09  1.159634333441150e+06 -3.134548593366323e+06
  1.261513217593962e+09  2.908039310890709e+05 -2.760747759747052e+06
  1.261870578934082e+09 -1.378729485994129e+06 -2.280143065386997e+06
  1.261622354364037e+09  3.159033072051141e+06 -2.126592913814942e+06
  1.263963627434948e+09 -2.046994269532619e+06 -2.830029053423106e+06
  1.259362369027170e+09 -1.698653127547967e+05 -1.583807115012811e+06
  1.265679853235039e+09  2.472442208065960e+06  7.165183558842908e+05
  1.263922788694131e+09 -1.871247402864845e+06  8.582734814165999e+05
  1.260082824672445e+09  3.304158933508362e+06 -7.190557817003371e+05
  1.263844565994173e+09  2.372513200240660e+05 -2.336468778559556e+06
  1.262059805973953e+09  8.434018963131706e+05 -2.389355983493512e+06
  1.263970696226177e+09  2.660497478616973e+06 -8.905200414227872e+05
  1.265639357173176e+09  2.266101924061941e+06 -8.314371303324657e+05
  1.263939398303289e+09 -2.405175117738926e+06 -1.612670607060062e+06
  1.262018885485587e+09  5.481800875007154e+05 -2.812859276226731e+06
  1.260667592336857e+09 -1.343884465609173e+06 -1.945577046590037e+06
  1.263700560774690e+09  8.256371971162041e+05 -4.724680191348719e+05
  1.265109644167522e+09  2.139642874776245e+06  1.087234607843615e+06
  1.263542242616815e+09  1.493268938247035e+06  9.658664045203894e+05
  1.259609807477333e+09 -1.034887532120219e+06 -1.029767277204540e+06
  1.258901603229832e+09  2.407951772426357e+06 -3.196518171364315e+06
  1.259937701657984e+09  1.958111061405247e+06 -3.426417039559348e+06
  1.262188941883800e+09  3.009423753038631e+03 -5.318850079421350e+04
  1.265762080786668e+09  6.854359243043098e+05  2.350190733638737e+06
  1.263064199121179e+09  5.321860924436025e+06  2.415105502068193e+06
  1.261722572544929e+09  1.175565239104778e+06  8.032103032436392e+05
  1.262219261771581e+09  1.764810396121220e+06 -2.597014770711060e+06
  1.261725505466445e+09  4.521295454302695e+06 -2.808717636285748e+06
  1.263137502973004e+09  1.849722627034820e+06  2.422416664343824e+06
  1.261454524789597e+09 -2.996572510798157e+06  2.637353300745465e+06
  1.261449854460386e+09  2.489297612559374e+06  2.188918547905901e+06
  1.264358020648664e+09  1.410808693277769e+05  1.826106036903522e+06
  1.264081288453278e+09  1.708027325728097e+06 -7.309360232115902e+05
  1.264741674115348e+09 -2.811995706348384e+05 -4.373087445845273e+06
  1.260544423340608e+09  1.248930774865207e+06 -3.040606015733881e+06
  1.263013234875955e+09 -2.826125369803252e+06  6.537370282095356e+05
  1.260721389896142e+09  2.153779794093519e+06  1.562887419910059e+06
  1.261093772206460e+09  2.807692437374526e+06  2.584585281411346e+06
  1.264523186214402e+09 -1.165074830578412e+06  3.551499888050001e+06
  1.263190013265336e+09  2.377384347708154e+06  3.053722361914339e+06
  1.264861291729036e+09  3.871805157883573e+06  2.953410849633552e+06
  1.260990770397436e+09  6.840877407552437e+05  3.282679140254592e+06
  1.261864655351322e+09  1.518563473984445e+06  2.590606988592235e+06
  1.267378146915795e+09  5.010844805627080e+06  1.833102615897793e+06
  1.263774304542828e+09  2.914360396460661e+06 -3.463004596171668e+03
  1.262027035071219e+09 -1.737883544864211e+06  1.704812026006486e+06
  1.260867985168977e+09  5.323752945098079e+06  1.830351679719165e+06
  1.263342193255408e+09 -5.533266243420553e+04  9.453455219362649e+05
  1.262651241336302e+09  9.239104215397995e+05 -2.855147676462233e+05
  1.260182834913388e+09 -1.006711300304047e+06 -5.921148476275379e+05
  1.262990520870584e+09 -1.288162030763832e+06 -3.102852445315645e+05
  1.266318137173442e+09  9.566547141027183e+04 -8.104921563777771e+05
  1.263475040422455e+09  8.536469043808810e+05 -2.356552021432121e+06
  1.264699274662524e+09  2.517732977236363e+06 -1.313106670930915e+06
  1.265799252322753e+09  4.532167524056855e+05  1.299936665735966e+06
  1.261303376183888e+09 -3.830487461006851e+04  1.229870358248140e+06
  1.263444200887836e+09 -2.723239756657860e+05  1.807766075974130e+06
  1.263878415750350e+09  5.605455739330475e+05  2.899771995806983e+06
  1.263485654714120e+09  1.832366656991345e+06  6.275105085471674e+05
  1.265016299565472e+09  2.812918947753745e+06 -1.454336335292670e+06
  1.262569409738154e+09  3.229962980144920e+06 -3.443371372696230e+05
  1.265993941381923e+09  1.495393154452562e+06  2.603757650793905e+05
  1.259584600445386e+09  6.261376521217563e+06  6.667400874820310e+05
  1.260812168312197e+09 -1.429744426255024e+06 -6.655255147607309e+05
  1.258559874044493e+09  5.961210059787321e+03 -2.139794179017005e+06
  1.265272064272719e+09  1.769809540548145e+06 -3.874818627034149e+06
  1.267185247500874e+09 -4.604809926089844e+05 -3.307354508465723e+06
  1.262186670064881e+09  9.535505668303468e+05  2.449610732237782e+05
  1.259540701961263e+09  1.690503621369161e+06  1.685850968286594e+06
  1.268069072671164e+09  2.139410722142001e+06  1.801879669343839e+06
  1.261202988082917e+09  1.164496453286634e+06  2.394041333868922e+06
  1.264048287876862e+09 -2.981208495174513e+06 -1.520535050791041e+05
  1.260911093315947e+09 -2.372406640607447e+06 -3.634996282973698e+06
  1.259945352393906e+09  4.739285754757112e+05 -1.770730430485716e+06
  1.264685351729465e+09  1.072441003916430e+06  1.649773601242043e+05
  1.263191299578906e+09 -1.008823461389931e+06 -3.589607882520282e+05
  1.263095047080091e+09  1.796010755344006e+06  5.585360185255135e+05
  1.262750991911775e+09  2.248607028822262e+06  1.494990504547463e+06
  1.260283191302373e+09  3.495272765484728e+06  1.077637648888515e+06
  1.260192084660362e+09 -9.712984029038905e+05  5.675583570675931e+05
  1.259987228996232e+09  4.824467530959138e+05 -1.224130482477826e+05
  1.263607463594368e+09  2.008736792936555e+06 -5.142808316784670e+05
  1.263757178000248e+09  1.105063399493730e+06 -3.822087092218487e+05
  1.265065512610533e+09 -6.794151835195298e+05  5.964340613403160e+05
  1.261172692737093e+09  1.133480822406430e+05 -4.013293103198987e+05
  1.261634769947389e+09  5.330330558186390e+05 -1.988880163664130e+06
  1.262657186241283e+09  5.650983351736192e+05 -4.097395001178622e+05
  1.262851697202205e+09 -3.147650080611196e+06  3.433570342331187e+05
  1.263187612110495e+09 -2.866748684991746e+06 -5.968813672936644e+05
  1.259242586077552e+09  3.248044194316855e+05  2.527674353958371e+05
  1.266156760468759e+09  3.813166377124495e+05 -9.951260534873644e+05
  1.262832151899143e+09 -4.393689151586752e+06 -2.023470718515441e+06
  1.259794060412720e+09  1.335065868478951e+06 -3.497590277721240e+06
  1.264022341401859e+09  2.113680729872092e+06 -1.662261283829914e+06
  1.261682468927181e+09  1.254062522147798e+06 -5.496612521731555e+05
  1.263088527301090e+09  4.037777782608352e+05  1.658588356179354e+05
  1.265760253005037e+09  3.943472802126902e+04  9.166800763542585e+05
  1.265071643941547e+09  1.654640052157730e+06  2.541378279307749e+05
  1.265212461588033e+09  1.698804479721638e+06 -1.091400989325512e+06
  1.261453100506306e+09 -5.852841440005826e+05 -7.625925154788323e+05
  1.261826867536957e+09 -1.618243948964542e+06 -5.414118151061588e+05
  1.264135312441880e+09 -1.190450442961457e+06 -2.060919305098800e+06
  1.263161123136463e+09  3.951647677960466e+05 -1.497683054237234e+06
  1.259971394991910e+09 -1.679153868836062e+06 -2.076648342958530e+05
  1.259936029021058e+09 -2.656455735954328e+06 -1.368931005378300e+06
  1.262556484627129e+09  1.145113431681660e+06 -1.511658798858555e+06
  1.264943988174579e+09  1.277114228174562e+06 -5.458545048123414e+05
  1.262567090811436e+09 -4.012831463384802e+06 -2.390752748385773e+06
  1.260336317592555e+09  1.562835607320225e+06  1.648788869070482e+05
  1.261098885583029e+09  2.629928733030948e+06 -7.653247043703845e+05
  1.261539811963803e+09  6.167425124894100e+05  6.833200102277442e+05
  1.261404288010920e+09 -7.899632896123002e+05  1.160341108563212e+06
  1.262872417559696e+09 -7.166914307433236e+05  1.727153552645535e+06
  1.263518879857583e+09  3.443210419638311e+06  2.168292948833840e+06
  1.264185676741158e+09  3.222085067282670e+06  1.607573262443211e+06
  1.261634902028097e+09 -5.187716039023387e+05  2.226183692767272e+06
  1.265725973406451e+09 -1.657536683426373e+06  1.203174383195496e+06
  1.262135089399291e+09 -1.630515103457086e+05 -6.874488702143733e+05
  1.262144459873256e+09  6.400019453130695e+05  1.394491413975013e+05
  1.263673728324367e+09  3.072575082106958e+05 -5.222974749299521e+05
  1.263682274384811e+09 -1.568876207917291e+06 -1.112570923885896e+06
  1.263485189999440e+09  7.615692155953704e+05 -3.021168265863311e+05
  1.265571818545449e+09  1.616152123458474e+05  1.330605663706023e+06
  1.263110307918915e+09 -1.585038355262636e+06  2.465954102573569e+06
  1.262953619128157e+09 -3.770680393644357e+05  2.517368973826759e+06
  1.263514371280210e+09  3.034703505917410e+06  2.069932041429208e+06
  1.264054924738380e+09  3.084696859901997e+05  1.035181652792494e+06
  1.263909594946174e+09 -2.767366689699401e+06  1.568587325253247e+06
  1.264934856754865e+09 -1.236906600656115e+06  1.900396896876459e+06
  1.262209820473062e+09  4.473847312787419e+06  1.457613299320708e+06
  1.265955190543174e+09  1.659835091351822e+05  1.361403951927147e+06
  1.261502368864085e+09 -1.737238321090450e+06 -2.400434204557103e+05
  1.263126892808413e+09 -1.245149581539225e+05  1.429304641031707e+04
  1.264799438760418e+09  1.304415602381819e+06  1.045469885527656e+06
  1.263421172372292e+09  8.073809002194128e+05 -2.015244937290920e+06
  1.264934413134126e+09  1.166754856267500e+06 -2.185592361029406e+06
  1.263164523953209e+09 -4.610029516326213e+05 -7.780979694639667e+05
  1.263370595223868e+09  5.347978115341354e+05 -1.409672027650981e+06
  1.264003277281018e+09 -2.935057844544550e+06 -1.203415932136168e+05
  1.259927971460275e+09 -2.855310391887585e+05  1.608665279468643e+06
  1.259678987553604e+09 -1.261382755158158e+06  2.830087262055739e+05
  1.264601485812973e+09  5.028950916380401e+06 -1.816171763580872e+06
  1.262882316967989e+09 -1.094415647386258e+06 -3.619166723107221e+05
  1.264218091765940e+09 -2.347197127156620e+06  1.392658740126450e+06
  1.260994534700028e+09  6.826855273217522e+04  1.930338691058944e+05
  1.264493214006817e+09  3.721006653156514e+06  2.925318587589065e+05
  1.262137895839935e+09 -2.189697187786981e+06  2.163568599959652e+06
  1.263059458565249e+09 -1.219120838383180e+06  7.226869832900231e+05
  1.259277670589654e+09 -1.173775369280446e+06 -2.331806380116853e+05
  1.261575243529146e+09 -6.299979650752620e+05  8.626867301698832e+05
  1.262349452994853e+09  9.072724815456506e+05  1.329534241106121e+06
  1.264682219871117e+09  2.712234446060133e+05 -2.128670345101859e+05
  1.263174221918633e+09  1.131927741184867e+06 -7.012999601123647e+05
  1.264118408369669e+09  2.503017634199056e+06  1.810315995988439e+05
  1.263370684774250e+09 -2.938306085099283e+06 -3.788175420392642e+05
  1.265236736944729e+09 -6.721459766850335e+04  8.713735100507876e+05
  1.263832278676355e+09  4.973066995585633e+05 -1.085882825376555e+05
  1.260272247582721e+09  3.636985568009920e+06  2.515580110496812e+05
  1.263373636071961e+09 -3.333895232999307e+06  3.233780134267618e+05
  1.265996396503365e+09 -4.165475288047710e+05 -1.647731941559998e+06
  1.264109439244986e+09  2.249791856102144e+06 -1.690256734140418e+06
  1.263154967971840e+09  4.972797596168527e+05  7.901116649283275e+05
  1.265128961032848e+09 -8.783301249807416e+05  9.732077480146702e+05
  1.263416529215392e+09 -3.000428216987083e+05  1.553438274111126e+06
  1.264007263869944e+09 -2.854737818766603e+06  2.796306704701607e+06
  1.261238206957486e+09 -2.499933074115917e+06  2.529658589395133e+06
  1.262173012681772e+09  2.089527887637207e+06  3.979365250021135e+06
  1.262972035129616e+09 -8.694453447249020e+03  4.335318707369585e+06
  1.264694219986196e+09  2.261508835780141e+06  1.666735994736643e+06
  1.261416979483984e+09  2.459192801577856e+06 -5.564548743637960e+05
  1.260145755163198e+09 -8.832813002882026e+05 -9.743395028227088e+05
  1.260703581387901e+09 -1.422732339216300e+06 -2.900892395290234e+05
  1.261778354435693e+09  1.603358599517731e+06  4.078495642743509e+05
  1.263155164559952e+09 -1.505991295670296e+06 -2.048469474363775e+06
  1.265169319288927e+09 -2.744622916347795e+06 -1.279584976069210e+06
  1.258810011151762e+09 -9.227043066325985e+05  1.536395784416580e+06
  1.262217560374556e+09  1.753934111201322e+06 -1.012091918425171e+05
  1.262037916190707e+09 -3.932696224906430e+06 -1.506251366007434e+06
  1.263286227223131e+09 -1.016383647599953e+06 -5.848070419699623e+05
  1.264061384147488e+09  3.043152622690906e+05  4.825754502762708e+05
  1.261135987272375e+09  2.455880284654496e+05  1.590920615618975e+06
  1.262759410818542e+09 -6.729031892824708e+05  2.534925423782641e+06
  1.261629602059548e+09  3.681500906316715e+06  2.286615209141529e+06
  1.258128492795104e+09  1.149827237516858e+06  2.218399950674825e+06
  1.264925249559553e+09  1.325960870169459e+06  1.234256578242231e+06
  1.264197428776115e+09  9.651183262365268e+05 -6.418094635601363e+05
  1.261270785630429e+09 -1.403204649206401e+06 -1.024393613003243e+06
  1.264020205258812e+09 -2.120699021182475e+06 -4.611916082491365e+04
  1.261231734633145e+09  2.815511451096660e+06  3.193420339747141e+06
  1.265110293621174e+09 -1.232316099914920e+06  1.414365329005492e+06
  1.265469520340691e+09  2.928654243934229e+06 -3.620361562834304e+06
  1.264282940952007e+09 -2.875714330900558e+04 -3.853607570516942e+06
  1.262827132633435e+09  3.831538839698034e+06  1.005241733155307e+06
  1.262080676078581e+09 -2.823359954109597e+06  2.741583258895134e+06
  1.262000220941894e+09 -4.419599521565917e+05  8.004896478975089e+05
  1.267014453081758e+09  1.213388109679241e+06  6.225762787026559e+05
  1.263263115560073e+09 -1.419317043810476e+06  9.525261993884849e+05
  1.264414232941078e+09 -1.237359311463277e+06 -6.634396585811900e+05
  1.261482286660248e+09  9.566341718686139e+04  3.128574779716393e+05
  1.264716333791764e+09  3.400208535886293e+06  2.681480252664061e+06
  1.265037589381076e+09  2.372417927881319e+06  1.261134699590007e+06
  1.264513717131557e+09 -4.228506558748335e+06 -1.362810193196604e+06
  1.262166832021770e+09 -1.665165444699957e+06 -8.059682249647058e+05
  1.264505515295601e+09 -2.494157701059679e+06  1.519192612977532e+06
  1.261763849276888e+09  2.136797924237319e+06  1.555524262434328e+06
  1.262552234034357e+09 -1.826153602086661e+06  2.986985957571818e+06
  1.264451115937051e+09  9.297825213455290e+05  6.602001638597692e+05
  1.262858024645915e+09 -2.300188505029661e+05 -1.366971314784424e+06
  1.266396107028026e+09  4.814277248794006e+06 -7.479777239705279e+05
  1.259979457270646e+09 -2.218524078991574e+06  7.363293001663112e+05
  1.264364146361543e+09 -7.856260660492805e+05  5.680912670315508e+05
  1.263892343812575e+09  1.551358129132955e+06 -7.653926528504522e+05
  1.261279820033060e+09  9.511289553835227e+05 -3.607064467332965e+05
  1.264886465417748e+09 -2.967869287199328e+06  3.182926095085555e+06
  1.263044343367682e+09 -1.777194202716257e+06  2.675116200991007e+06
  1.259753486014254e+09  8.765003787841740e+05 -6.735951351987974e+05
  1.263802471976833e+09  1.590360372561524e+06 -6.327615335066688e+05
  1.266237221631215e+09 -3.629866802998605e+06 -1.751955452883865e+06
  1.263416496350474e+09  2.240407996345572e+06 -3.881584631676703e+06
  1.264233984971715e+09 -2.934521873492235e+06 -2.512425238676665e+06
  1.262199539785217e+09  1.176913818627763e+06 -7.578627984055062e+04
  1.262705488513524e+09 -1.669914468773835e+06 -1.189910887270529e+06
  1.261965128307177e+09 -8.575196292291258e+05 -3.108695402304434e+05
  1.262249717491262e+09  7.490137452063080e+05 -2.276274310208445e+06
  1.264439149502073e+09  3.697745024512255e+06 -3.510783621281430e+06
  1.264496363574655e+09  1.228791492128512e+04 -1.384284058574242e+06
  1.259025774661563e+09 -1.915407447229155e+06  5.195910959288452e+04
  1.260992715587525e+09 -1.853671884682534e+06  1.164064121604680e+06
  1.261360132419848e+09  2.535305154350009e+06  4.522644023928420e+05
  1.260075734890755e+09 -1.801542979700455e+06 -1.908978007790946e+06
  1.262498442550679e+09 -5.385781379519601e+05 -3.129171717895218e+05
  1.266094237164315e+09 -8.170785597084978e+05  1.029714036393593e+06
  1.263768958501572e+09  1.000562372635887e+06  1.027943597451168e+06
  1.262844060084165e+09 -2.184328350551180e+06  3.226744261702336e+06
  1.265789612794583e+09  4.871622810984995e+06  4.898688980679450e+06
  1.261580868390774e+09 -6.169603160117820e+05  3.559424321117167e+06
  1.261508245892987e+09  9.186489061312943e+05  1.656797533608581e+06
  1.262675674755096e+09 -1.083000577850539e+05  5.181073230350951e+05
  1.260512143023580e+09 -1.744466425761577e+06  5.236506575037789e+05
  1.262510826268669e+09  1.675900933340735e+06  1.387621101784343e+06
  1.262938337668997e+09  3.646868246167217e+06  3.567551498237228e+05
  1.261532197590477e+09  1.396509112979025e+06  4.661248958231566e+05
  1.261991269813747e+09 -1.971797157499192e+06  1.471726689797397e+06
  1.261374065565543e+09 -5.063307454076776e+06  2.399364047852039e+06
  1.264479738870725e+09  1.104752466140088e+06  2.425583292575690e+06
  1.262784650484563e+09  4.820189866679897e+05  1.247992981611540e+06
  1.261682553623010e+09  8.170092961134863e+05  2.839647571971701e+06
  1.260093965725483e+09 -1.678532209486139e+06  5.823920414452517e+06
  1.259854468995095e+09  1.478033329303199e+06  4.614839365245944e+06
  1.263671221224364e+09  5.094808896398867e+05  1.454996310821861e+06
  1.261716017220663e+09  2.609716703230532e+06 -4.477180888725858e+05
  1.259771374984798e+09  3.212268147693077e+06  1.431550962738869e+05
  1.264806221350635e+09 -3.952526316809868e+05 -9.805555871113376e+05
  1.259677676802115e+09  1.940746713766929e+06 -1.142203985138188e+06
  1.260558786549961e+09 -1.223042693684181e+06  1.220581858222021e+06
  1.262516226408026e+09  3.205920394389470e+06  2.529030735400642e+06
  1.264227580243513e+09  2.988927807586571e+06  6.644844487578706e+05
  1.263993551236301e+09  1.719031726761148e+06 -5.538647904063393e+05
  1.261576211534547e+09 -1.175018988574929e+06  1.158242103987968e+06
  1.262168579595448e+09 -2.288539651040389e+06  2.993128374393823e+06
  1.263294997206582e+09 -8.666091697903721e+04  2.575055934457871e+06
  1.260817417233527e+09  9.763009456808090e+05  1.877031750058008e+06
  1.263115978653082e+09 -1.319429379107396e+06  1.531490506988415e+06
  1.263233850344890e+09 -1.128887156550954e+06  1.300139782137757e+05
  1.261271235703996e+09  6.871497890767268e+05 -1.343879102430303e+06
  1.264656801511720e+09  1.095277630188781e+06 -1.121738208433392e+06
  1.259368897125339e+09 -1.284424800591310e+06 -1.071967886560386e+05
  1.265542726068968e+09  3.344746846307276e+06  6.825520127840980e+03
  1.265524172098865e+09  6.257261150697866e+05  2.590250761299828e+04
  1.261033791962577e+09  1.753914724373129e+06 -1.453288418145048e+06
  1.261567822856259e+09 -4.185174946328310e+05 -3.114605431847938e+06
  1.262756921177181e+09  5.260134999141250e+06 -2.081679926160263e+06
  1.265874621770325e+09  3.717154071820353e+05 -1.415031628003404e+05
  1.266178000456132e+09  1.118940762701098e+06 -1.326691800323852e+06
  1.264284901037439e+09 -7.316498925955079e+05 -1.415331082011618e+06
  1.260569022144644e+09 -7.277689572311076e+05  9.912364063264751e+05
  1.260382958675492e+09 -3.843077879695854e+05  7.680772722257741e+05
  1.259972174918105e+09  7.108058790909563e+05 -1.476212646370352e+06
  1.261561242671226e+09 -2.055358497855509e+06 -2.659383655247844e+06
  1.266186604529599e+09  5.409101236526072e+05 -1.005469149126216e+06
  1.264464176583549e+09  1.036577223593875e+06  6.499041481027796e+05
  1.261752964381065e+09  3.934062569072731e+05  8.777578163759199e+05
  1.261157198099374e+09 -2.002057376101901e+06  1.619234155333105e+06
  1.262076166897143e+09  4.075347295715649e+05  1.206642468790588e+06
  1.264863631206827e+09  3.169782531825706e+06  1.984639632344216e+06
  1.260301584124646e+09  1.197560354683963e+06  1.843590228681148e+06
  1.262485786559049e+09  8.923289926004091e+05  1.426958170828911e+06
  1.263895512342636e+09  4.588138149282636e+06  9.365850591179964e+05
  1.261402732216200e+09 -1.090555347110445e+06  3.792650835907854e+05
  1.265238433838207e+09  1.142602540764212e+06  1.316976347338567e+06
  1.263747536355247e+09  1.685119890794766e+05  3.472536102790113e+06
  1.263754078996359e+09 -1.453848989572318e+06  2.157367485400390e+06
  1.260212090179232e+09  1.122902841389123e+06 -9.174307073927994e+05
  1.261984449581801e+09  1.133380700735634e+06 -7.514008552691534e+05
  1.262958251170212e+09 -9.912965061286618e+05 -9.381850876395138e+04
  1.262313944209947e+09  1.931858194892923e+06  5.747012975987782e+05
  1.264237283406796e+09  2.004129666108446e+06  9.080458942100694e+05
  1.262539267488669e+09  2.296833079536510e+06 -2.079001898721379e+06
  1.263690103413085e+09 -7.920428107555130e+05 -3.331012395871706e+06
  1.266824269247515e+09 -5.368823964422666e+05 -1.696343924122105e+05
  1.264404289035939e+09  2.324736689266209e+06  5.597207317491331e+06
  1.263785719100302e+09  2.409831254989343e+06  4.063737482811283e+06
  1.260433702987463e+09 -3.115028032235068e+04  1.034937849002137e+06
  1.262362069673851e+09  2.118556449354663e+06 -1.219212289647313e+06
  1.262911941501995e+09 -8.056450453032115e+05 -3.222306997725945e+06
  1.259472081112875e+09  1.635869296943210e+06 -2.049955863142870e+06
  1.262508585079204e+09  1.760289253293069e+06  1.073753380794648e+06
  1.263348223585083e+09 -1.720721582954284e+03  1.279557380596826e+06
  1.263535956021111e+09  2.724708181529318e+06  3.804897861853038e+05
  1.263112726862358e+09  1.185269896683391e+06  6.799275836743562e+05
  1.263770415606323e+09 -1.248677629163428e+06  2.560627238113466e+06
  1.262578009990750e+09  1.658394180849290e+06  3.233818008101759e+06
  1.263713872573681e+09 -7.164861031946656e+04  1.128368406587334e+06
  1.263413492884227e+09  2.373894549869082e+06 -2.303759694091543e+05
  1.263064833642039e+09 -2.193225708781143e+06  4.939760332160242e+05
  1.263207422868561e+09 -3.729590301375265e+05  3.289556680678375e+06
  1.262949976119681e+09 -2.115896355264360e+04 -2.247849926209257e+06
  1.266481153344987e+09  1.486372243615538e+06  5.553118047951842e+05
  1.260082445476133e+09 -2.401521095604477e+06  2.536484129445836e+06
  1.263855936492144e+09 -9.781391658100697e+05 -6.445579613844282e+03
  1.257534670359009e+09 -1.085950018987960e+06 -1.579327358939891e+06
  1.262083670537522e+09  2.003711359943313e+06 -1.147743667995584e+06
  1.269307138986913e+09  1.611990426232517e+06 -4.190748533087707e+05
  1.261627570123338e+09  7.271943966492235e+05  7.628096684074720e+05
  1.260302398598722e+09  2.857699743790580e+06  8.542512922508628e+05
  1.266930620998631e+09  7.170487196519613e+05 -5.949341341644078e+05
  1.266104452470575e+09 -4.024007477569914e+05 -7.486367044931826e+05
  1.262125288126815e+09  1.016500503642408e+06  1.078876553963134e+06
  1.261192892438186e+09 -1.475249949224014e+06  9.291575652492859e+05
  1.260424477815412e+09  8.207231201148944e+05 -9.627387513760638e+05
  1.260833332535163e+09 -3.100884999219445e+06 -2.491622236288834e+06
  1.262144952969546e+09 -1.332505542773113e+06 -2.851753986310494e+06
  1.260836040221303e+09 -2.022536591889093e+05 -1.235822148948170e+06
  1.261186621407455e+09 -3.474010974078953e+05 -2.625714751667979e+06
  1.261464248824651e+09 -5.640205068371183e+05 -3.723473903708691e+06
  1.262929783993860e+09 -1.351923612677809e+06 -2.943792048620733e+06
  1.261171730625443e+09 -2.139533872139443e+06 -3.984578657763207e+05
  1.263014534981214e+09  2.876899247365849e+05  2.664587881035072e+06
  1.262130283216736e+09 -3.314841512289573e+06  3.082098111121320e+06
  1.264668223429118e+09  1.251610343739456e+05  1.091325757280064e+06
  1.261233634160771e+09  2.232166202813460e+06 -2.069202075624115e+05
  1.261430493270583e+09  9.908526263961073e+05  5.064357846588742e+05
  1.260983787900004e+09  1.034471907271636e+06  1.781960639372725e+06
  1.263151275334727e+09  1.010051821493563e+06  7.606268937564068e+05
  1.263555982057488e+09  1.126377990025729e+05 -9.960929193034064e+05
  1.258963154193366e+09  7.690742052535133e+05 -8.114813261305569e+05
  1.263987610718186e+09 -1.053531050318066e+06 -8.759936270504833e+05
  1.262451699243953e+09 -5.722927415517976e+05 -1.214690112165477e+06
  1.262029079093288e+09  1.399307284758368e+06 -4.028108389820152e+06
  1.261522010625543e+09 -1.295071146778987e+05 -5.894432365557679e+06
  1.262127740649781e+09  2.640101718592179e+06 -3.042815172461159e+06
  1.265968838391832e+09  1.776433857583000e+05  6.037708674240946e+05
  1.263860191418165e+09 -1.659565330022403e+06  1.166481498487735e+06
  1.265344616965087e+09 -1.425798318117808e+06 -2.753612230470640e+05
  1.263736490513024e+09 -6.729194803573733e+06 -4.555766819758812e+04
  1.262186509976418e+09 -1.665597142452540e+06 -2.149550867849023e+06
  1.264557053199810e+09  2.135134659830553e+06 -3.975459136384882e+06
  1.262191085209905e+09  2.643275314843537e+06 -1.795858618811255e+06
  1.264554882480946e+09  9.521944493135156e+05  5.077863458554194e+05
  1.260322210261892e+09  1.473291996130726e+06  7.960308642819873e+05
  1.263273392372161e+09  6.405649868443009e+05 -3.276896226669468e+05
  1.263324958067364e+09 -3.589767759181216e+05 -7.483590446722700e+04
  1.261638229863975e+09  1.077343864020500e+06  2.664326998478724e+06
  1.262302163807699e+09  9.449811004761357e+05  1.709202101317843e+06
  1.260099228228228e+09  2.553066555072660e+06 -6.176122105405554e+05
  1.260812895860558e+09  3.198463612765247e+05  1.199288864801310e+06
  1.261350808960441e+09  3.059062658210442e+06  4.898750825984261e+05
  1.262134174751675e+09 -2.846579556911803e+05 -2.800220091848280e+05
  1.262847806103202e+09  1.522537195547119e+06  6.546630582679932e+05
  1.263082637185056e+09 -8.658242190916461e+05  5.827738422154210e+04
  1.264240645468931e+09 -4.063979018506249e+06  1.053239998109367e+06
  1.262224380113097e+09 -2.870417072146797e+06  3.116891688443979e+06
  1.264648670131917e+09  2.860133731544616e+06  1.800488080377576e+06
  1.263934539908324e+09  1.950891804417006e+06 -2.966431024852744e+05
  1.259780675539604e+09  1.300662409094165e+06 -7.213720208222547e+05
  1.264027632076117e+09  7.178850249637492e+05  2.750428296212982e+05
  1.263246908722934e+09  8.329304793980338e+05  1.702979999541684e+06
  1.264626113359126e+09 -1.828578870027295e+06  2.025507256182607e+06
  1.263792990078796e+09  1.076246115320705e+06  1.189707934460825e+06
  1.262890781257933e+09  4.638093899417058e+05 -5.463729896081516e+05
  1.262674738360238e+09  1.584762753622992e+06  4.555561915305303e+04
  1.261661140644866e+09  8.377855452100529e+05 -3.451938379829898e+06
  1.264471773345987e+09  2.216530856330192e+06 -4.120281998206962e+06
  1.265884594902916e+09 -1.232897511646265e+06 -9.248309322779935e+05
  1.265592364673789e+09  2.799257271989621e+06  1.755099440623669e+06
  1.264486741216753e+09 -2.497063524014454e+05  2.102787358679584e+06
  1.268265312124827e+09 -9.457909615799354e+05  5.893956986477415e+05
  1.258756210721605e+09 -2.112080147790191e+06  9.437275704908320e+05
  1.262498173292281e+09  1.174549458351261e+06  1.982303348682743e+06
  1.263423542217954e+09  7.975473114707900e+05  1.727358652499643e+05
  1.264304390309985e+09  7.512608473995978e+05 -1.681867156820821e+06
  1.264570657369481e+09 -1.345098099480699e+06 -1.318117121931593e+06
  1.265657427974420e+09  2.730848337449518e+05  9.408898059268498e+05
  1.261370034855221e+09 -1.057827271582273e+06  1.894815460834090e+06
  1.262987228521224e+09 -1.072205368157250e+06 -1.652465116613966e+05
  1.260927676687001e+09 -3.513916048162110e+05 -7.333157487005845e+04
  1.258662110428557e+09 -1.883847082728065e+05 -1.834625967021608e+06
  1.265900534986817e+09  1.619651987170820e+05 -1.594789498020441e+06
  1.263493772413857e+09  2.049800240172248e+06  1.249437393518298e+06
  1.264915184413469e+09 -9.893910969454816e+05  2.820603304165892e+06
  1.262148455938896e+09  9.606115517104755e+05  1.555292143899152e+06
  1.267108339531210e+09  9.107434525361684e+05  2.399434473869981e+06
  1.263991098472466e+09  5.826970840825335e+05  1.977734718173053e+06
  1.262909440436472e+09 -2.224844134529541e+06  2.833343517210963e+05
  1.262899747295359e+09  6.369475557127072e+05  2.259071794013045e+05
  1.262352147627745e+09  2.736423683075242e+06 -7.678309831501899e+05
  1.263975227692635e+09 -7.914252020650590e+05 -2.723283175201519e+06
  1.261786426757422e+09  5.750333762150375e+05 -3.959499948013490e+05
  1.263528810034351e+09 -2.124823561107582e+06  4.758933363607595e+06
  1.261951236242801e+09  1.068545006258549e+04  4.455250600688390e+06
  1.266322290287246e+09 -1.601049417093196e+06  5.192563191027752e+05
  1.264688164958355e+09 -2.291368211754641e+06 -1.471400278994875e+06
  1.262473014668817e+09 -1.730687186393069e+06 -1.342499344322218e+06
  1.260453884901549e+09 -1.234593369524083e+06  1.423652687180056e+05
  1.265144116457695e+09  2.245334635000450e+06  8.965759802869709e+05
  1.264950763845555e+09  3.167306959343224e+05  4.227287511749461e+05
  1.263051199555345e+09 -7.967198066674692e+05 -8.633251166170733e+05
  1.266546320050864e+09  3.912881835812515e+05 -8.205156591677999e+05
  1.263013040447532e+09  5.995336477250255e+05  4.325216563961300e+05
  1.262325423292821e+09 -2.427682737275883e+06  9.694929210726304e+05
  1.266210115391048e+09  1.910989723340201e+06 -6.726185999819357e+04
  1.262101981049697e+09  3.291820961286080e+06 -1.655314874737804e+06
  1.263677199006185e+09 -1.798859276619628e+05  1.103552445321297e+04
  1.262500283638378e+09  3.780202199047141e+06  2.132271782338444e+06
  1.263793326772687e+09 -1.765005925626265e+06  1.268084019606991e+06
  1.258858506972863e+09 -1.723496804022435e+06 -7.194906433090697e+05
  1.259752179402504e+09 -5.384987835128177e+05 -2.814224024343092e+06
  1.264407791631007e+09 -4.192621805757125e+06 -2.950630710626562e+06
  1.263130931257746e+09 -1.691587640118811e+05  1.702653851099035e+06
  1.262905345581166e+09 -1.167568977691181e+06  1.572073892172887e+05
  1.263684023528294e+09  3.160376315766779e+06 -7.511953398722456e+05
  1.263198428060715e+09  5.990516837868324e+05 -1.969347319260204e+06
  1.263403696030995e+09  3.138477090389195e+05 -1.510261337690285e+06
  1.264135142475070e+09 -1.495347150469239e+06 -2.284331485309083e+05
  1.262601344207854e+09 -3.024287805144771e+05  1.118565677857568e+06
  1.263978144793503e+09 -6.492988704265541e+05  1.708417090139209e+06
  1.260999300455601e+09  1.050743151067111e+05  7.534627089077183e+05
  1.262832828515949e+09  1.432078073374710e+06  4.168415112408010e+05
  1.260245269461972e+09  1.088039934613317e+06  2.725775384991478e+05
  1.262033873008909e+09  4.610754917388260e+06  3.364096392419440e+05
  1.263631589830277e+09  8.835866690090651e+05  1.004265116457048e+06
  1.263053016258190e+09 -3.938397609688498e+06  6.681159192175299e+05
  1.262630478448857e+09 -1.580762794532378e+06  1.959908958351838e+06
  1.263518862530816e+09 -3.147261830346455e+06  3.460766092345567e+06
  1.262087579381194e+09  1.156380962082990e+06  2.538092945374774e+06
  1.265949857392452e+09 -1.293278631953103e+06 -1.013851060656542e+06
  1.262084289504070e+09  1.068749022419860e+06 -2.948816966503258e+06
  1.262778441812961e+09  1.796587383208236e+06 -8.128869816047169e+05
  1.262729891768712e+09  3.029594403880815e+06  1.410864170250231e+06
  1.263216283882945e+09  2.225097016313259e+06  3.160947126547882e+05
  1.260400990918225e+09 -2.407597336996603e+06 -1.339939374042831e+06
  1.263649069768655e+09  5.565520226971275e+05 -2.186623349399541e+06
  1.262861158789212e+09 -3.714000152096585e+06 -2.016554995478366e+06
  1.265629492506882e+09 -3.256947716122617e+06 -1.736328341624999e+06
  1.262008534225708e+09  1.516255517591824e+06 -8.158618056045239e+05
  1.264001294680696e+09 -3.562655176022501e+06 -1.669792083720061e+06
  1.264000797953875e+09 -2.442236674875052e+05 -4.425146907701295e+06
  1.264505873062844e+09  5.389025486114142e+05 -3.389720408222194e+06
  1.260898457917692e+09 -6.362759530750674e+05  9.135641212516627e+05
  1.266219530387411e+09  2.317976529461217e+06  3.809308700121313e+06
  1.260862001039054e+09  2.210987188877146e+06 -1.862778983778071e+06
  1.262055013131346e+09 -2.740490870242593e+06 -1.745489768204436e+06
  1.264330708744139e+09  2.047864190296655e+06 -3.861701247555997e+05
  1.265631418978656e+09  2.268194645441006e+06  9.963210743263194e+05
  1.265321698802463e+09  1.661457734183949e+06  1.533522586360542e+06
  1.262392818360278e+09 -6.902632141368745e+05 -2.866603671304092e+05
  1.265381511889541e+09 -1.553712114798676e+06 -1.201473174811003e+06
  1.267303198031641e+09 -1.188904060847028e+06 -2.623474660710607e+06
  1.261619382985420e+09 -8.066931254116166e+05 -5.355366654655285e+06
  1.264608735937718e+09 -2.855239295253091e+06 -5.716939462507825e+06
  1.261915093416983e+09 -2.452845512388714e+06 -2.120231123321044e+06
  1.261603294320930e+09 -4.445382576381402e+06  1.621733389478893e+06
  1.266035404495704e+09 -3.834649926468826e+04  1.416560581271538e+06
  1.264893924637027e+09 -2.653137819255976e+04 -7.616974136133224e+05
  1.263509482972888e+09 -1.271056727652036e+06 -9.933450353923504e+05
  1.258543124063487e+09  2.169690596990401e+06 -4.530747207184377e+05
  1.261019435247925e+09  2.450203879060302e+06  7.310322228297284e+05
  1.261509827955837e+09 -1.510853434143281e+05  3.525709462172191e+06
  1.262101225219265e+09  1.437505833693583e+06  8.261708567687296e+05
  1.259975107400720e+09  1.953300246963566e+06 -7.786761619773719e+05
  1.265312997963438e+09  1.043422843408705e+06 -3.147090858669557e+05
  1.262978813098966e+09 -1.184690330349984e+06  1.305669836517281e+06
  1.261529815481749e+09  3.143097437421323e+05  3.869595965659340e+06
  1.263678973457445e+09 -2.583089070177158e+06  4.331722153224956e+06
  1.259853447145053e+09  2.131369742098883e+06  1.842810880831735e+06
  1.259015668325252e+09 -1.991000836056774e+06 -1.103222477628165e+06
  1.263379892292020e+09 -2.774012025742397e+06 -1.588285204618916e+06
  1.267075693343760e+09 -1.705234548744117e+06 -8.959223962839032e+05
  1.262398619487789e+09  1.295349643903525e+06  4.003521148472917e+05
  1.263657146928055e+09  2.021072103211782e+06  1.005128074542216e+06
  1.264113517755071e+09 -1.640557698342132e+06 -1.544911150061098e+06
  1.259062401900773e+09  8.428663264794566e+05 -3.168351890178528e+06
  1.263199468976380e+09 -4.818053442168158e+05  3.083983030654157e+06
  1.262394129030561e+09  2.651333957285619e+06  4.265628466560080e+05
  1.261706194726177e+09  9.255725060339988e+04 -2.154133351956965e+06
  1.263991550802625e+09  2.376013784116698e+06 -3.039599699660865e+06
  1.261993166601240e+09  8.804345103965753e+05 -1.911876079317701e+06
  1.260451391663346e+09  1.323698328673275e+04 -1.582160214214755e+06
  1.263111410530939e+09  2.265649302677104e+06 -1.208395383138034e+06
  1.262827495977172e+09 -2.684812524119421e+06  6.835414756512863e+05
  1.264292895129664e+09  1.240118095325289e+06  2.933898633801437e+06
  1.261739390207882e+09 -1.634503823354228e+06  3.870126365733930e+06
  1.259542858951465e+09 -3.349437332663031e+05  9.229268644398850e+05
  1.260734186351607e+09 -4.449682102046292e+05 -3.352181069751272e+06
  1.260899221943274e+09  1.424084117342654e+05 -5.162084257138430e+06
  1.262404260808924e+09  3.905974955284211e+06 -5.024184345937314e+06
  1.263001319562936e+09 -1.351283001024582e+05 -2.211514329644351e+06
  1.264543845098600e+09  6.885848277055529e+05  2.310699769220564e+06
  1.265418828058815e+09 -2.809584963167126e+06  4.436272090526091e+06
  1.263373301823636e+09  6.086955263628641e+05  2.747095360308633e+06
  1.261769738496844e+09 -4.849059396764532e+05  2.877408039600498e+06
  1.265053552037830e+09  2.007644406582691e+06  3.719360982531135e+06
  1.263344840119841e+09 -2.888845990095775e+05  1.369888936858146e+06
  1.264358249761125e+09 -4.436752518538872e+05  4.405404886338220e+05
  1.262256124406294e+09  2.101569308622551e+06  2.104660940250231e+06
  1.263455430302906e+09 -1.760942372832943e+06 -7.669850721583399e+04
  1.261386894282577e+09 -3.909109630116025e+05 -2.852510394294804e+06
  1.263565820501825e+09 -7.173188117541018e+05 -1.201908681347262e+06
  1.263695903304971e+09  4.278965853204556e+05  8.374447001532245e+05
  1.264665008256861e+09 -2.279459917088842e+06  9.373966982492125e+05
  1.262374681605540e+09 -6.624777757525849e+05  6.063350689842023e+05
  1.263880692171398e+09  1.981421650234195e+06 -3.238970278434851e+05
  1.258098877356918e+09  4.200694511278326e+05  1.184902499755349e+06
  1.262994118845304e+09  2.288598097963731e+06  4.322512568517415e+06
  1.263122103632520e+09 -8.707131187208251e+05  2.998427066156773e+05
  1.259787856723339e+09 -1.976874937471115e+06 -1.403451204815493e+06
  1.262816365400357e+09 -1.162274595030908e+06 -7.616836701249916e+05
  1.264733750751332e+09 -3.207203273727908e+04  1.051262864377617e+06
  1.266107948783377e+09 -9.348531445435754e+05  4.858906694397447e+03
  1.267845662973910e+09  1.387720818546591e+05 -1.683480376231157e+06
  1.265619202953871e+09 -7.663664047306123e+05 -1.568123472905688e+06
  1.264034768407447e+09  1.246249629129915e+06 -7.189395548492357e+05
  1.264077024005210e+09 -8.557122832651042e+05 -6.343797714562918e+05
  1.261214330261649e+09 -4.032959255054797e+04 -3.124373635105669e+05
  1.264172197613576e+09  1.036422408431877e+06 -7.887791668575301e+05
  1.266204539066761e+09 -2.940614894366959e+06 -2.904403592629452e+06
  1.262566464407596e+09  1.006998511793885e+06 -2.408441428461864e+06
  1.263451779194383e+09 -3.797452764367403e+05 -1.133823465044158e+05
  1.261681326815279e+09 -5.099804503163835e+05  8.944434639916625e+05
  1.262978188577674e+09  1.652603314687164e+06  1.122569141659189e+06
  1.263949853113934e+09  1.393185603220751e+06 -2.795131365066272e+06
  1.259032928140767e+09 -2.641619813103620e+05  1.010255995286128e+05
  1.262184260247672e+09 -1.027451241726738e+06  1.400112059494926e+06
  1.262436173304995e+09 -3.646763124937229e+05  1.779674013321743e+06
  1.261576548244291e+09  1.020463735587924e+06  1.854648884999339e+06
  1.262494939441752e+09  5.867956660243627e+05  1.318118598801864e+06
  1.265953420337376e+09 -2.575244568770360e+06  1.140664342875454e+06
  1.262253418675216e+09  5.213243622895858e+06  9.257677628159203e+04
  1.261126742447521e+09 -2.154623824334451e+05 -8.211244252601070e+05
  1.262348419373751e+09  4.843658946430171e+05 -4.117787461954743e+05
  1.260565298287815e+09 -5.537226223934318e+05 -1.855235181902631e+06
  1.260769606340572e+09 -1.553445261534777e+06 -3.673735745044985e+06
  1.262437932150050e+09  1.961408327290245e+06 -1.627264804133945e+06
  1.261619089099934e+09 -2.595345749717581e+05  1.489818493036585e+06
  1.264072585038566e+09 -5.014487650803570e+04  1.196165370553821e+06
  1.264866535016409e+09  2.387215406491832e+05 -2.202864108168889e+06
  1.263069168876730e+09  7.672239998312399e+05  1.713580721184825e+06
  1.265279991703345e+09  2.923352896374299e+06 -3.771468406575852e+05
  1.262241668802913e+09 -9.614164998291347e+05 -3.090449330796134e+05
  1.262634641018378e+09  3.834735714880495e+05  1.373445698852547e+06
  1.262708907509731e+09  9.428685310750622e+05  1.542126868950733e+05
  1.262157260302382e+09 -9.082113578404821e+04 -2.136250237214410e+06
  1.262350480349609e+09 -2.197280117933682e+06 -1.566044766808613e+06
  1.260892358226990e+09  4.669692620368634e+06 -1.283305207342771e+06
  1.263285703744501e+09  2.170714718821737e+05 -3.139624655534706e+06
  1.262480935039619e+09  8.947766252150228e+05 -3.855454996834900e+06
  1.260910391181349e+09 -1.866095513023495e+05 -3.629428287474832e+06
  1.261377752035228e+09  1.375149181028768e+05 -2.498485507938480e+06
  1.264920433206081e+09  3.644890491906573e+06 -1.630667969320717e+06
  1.262637136633802e+09 -2.089750710089440e+05 -8.865324192306359e+05
  1.261592966070510e+09  1.990543080034897e+06  2.195403491223610e+05
  1.263775077491895e+09  4.042289499238462e+05  1.476252655350808e+06
  1.263239985820273e+09  4.694048569592421e+05  2.061232419742542e+06
  1.266176307285555e+09  2.875338256031699e+06 -5.330907981345856e+05
  1.261663396563874e+09 -2.044207839332156e+06 -8.826614273053787e+05
  1.265401697209257e+09 -2.459515129772009e+05  1.021619421801677e+06
  1.257187750093635e+09 -1.651621688317901e+06 -2.751487763889094e+05
  1.260555639443730e+09  2.698609294667711e+05 -2.814586679209782e+06
  1.267060578279978e+09 -2.589478199733771e+06 -3.234167285061719e+06
  1.263676487222045e+09  3.051191518900805e+06 -1.226021530102869e+06
  1.262249688277996e+09 -1.818402023523243e+06  8.136598393315140e+05
  1.263751236620999e+09 -2.444784105264860e+06 -8.178596788653436e+05
  1.268010449954370e+09  2.964585553438614e+06 -2.377484442634224e+06
  1.262599348949472e+09  1.520935402128639e+06 -2.418058526529881e+06
  1.260734586359929e+09  2.936005196609922e+06 -1.763826213901190e+06
  1.260235521734005e+09 -7.248468208030965e+05  7.536809077423518e+05
  1.259941019215171e+09  2.699435476436247e+06  2.179383912295318e+06
  1.264104395393485e+09  2.794488878142101e+05  2.555304909375881e+06
  1.261918661641115e+09  1.733805270015228e+06  1.230655808128149e+06
  1.262297510999718e+09  1.390143038980075e+06 -1.999553458264871e+05
  1.262471903811236e+09 -1.972964558248871e+06 -1.630096872988088e+06
  1.264311711960627e+09 -3.437275460798959e+05 -1.485256513591537e+06
  1.262152809880543e+09 -2.105396627914433e+06 -7.897010303549154e+05
  1.261061263723671e+09  5.708414949317640e+05 -1.104994592717155e+06
  1.259208397246079e+09 -2.944759214687412e+06 -1.711476525839125e+06
  1.262751082795792e+09  3.107919206591167e+06 -1.443570958557369e+06
  1.260471637386523e+09 -3.358913311283099e+06 -1.336618447278861e+06
  1.262195085983404e+09 -4.995553114439710e+06 -7.907955328275333e+04
  1.261738395279289e+09  1.773884192529622e+06 -6.073126632733870e+05
  1.264258465534354e+09 -7.443964296797939e+05 -1.931750737089867e+06
  1.263301013806687e+09 -1.854283915086313e+05 -7.832560322273996e+05
  1.261495835423829e+09 -2.691003009774858e+05 -6.170752487583704e+05
  1.264680209157169e+09  4.201132134620078e+05 -1.416791064079255e+06
  1.261404244523949e+09  2.001306606297001e+06 -1.829138780884709e+05
  1.265077578976954e+09  1.086146798057551e+06  1.624344113178174e+06
  1.261570896399253e+09  2.012915880783160e+06  2.288033181741152e+06
  1.263709362773248e+09 -2.564380696397827e+06  2.155599226587721e+06
  1.266694489045034e+09 -6.346827846253047e+05  2.615173283681167e+06
  1.263615601040373e+09 -2.744597871479890e+06  2.579921342354466e+06
  1.264478357200298e+09  2.148487420211969e+06  2.293321086499573e+06
  1.263173102151186e+09 -1.777507180603235e+06  2.268625918419597e+06
  1.263109715583608e+09  1.394077887105180e+06  2.156541220079259e+06
  1.263018143532083e+09 -1.830472887673516e+06  1.032113127767280e+06
  1.260757335231094e+09 -3.665610773821907e+06 -3.862660038914500e+05
  1.264284511022355e+09  8.205341193079611e+04  2.022001388480447e+05
  1.262672304581589e+09 -2.701118009539807e+06  2.391951561993606e+06
  1.264625887138983e+09  7.208492572005559e+04  3.678606486471021e+06
  1.263452879296550e+09  9.026889951962213e+05  2.212592629326744e+06
  1.261459655505699e+09 -1.510802808405640e+06 -4.706686195961593e+05
  1.263052286238227e+09  3.176501941986061e+06 -5.006052253996248e+05
  1.261397036340318e+09 -1.262276542017481e+06  8.630397211729302e+05
  1.261571818481303e+09  3.857369538690604e+06 -8.473202792143074e+05
  1.261838912161907e+09 -2.849818355382149e+06 -2.308197520375323e+06
  1.261637873880705e+09 -1.042322386302983e+06 -3.863013325091072e+06
  1.260793192402657e+09 -1.552320826754257e+06 -3.153505991420264e+06
  1.263550202227898e+09  2.612316672601022e+06 -2.040789904693570e+06
  1.263682361920470e+09 -1.103103334211706e+06  4.580131810347239e+05
  1.266602264237798e+09 -1.329666912260605e+06  2.096238697576623e+06
  1.263303026536837e+09 -1.717703959454357e+06 -4.597050488126439e+05
  1.264576910176627e+09 -1.557352429878300e+06 -1.457208397626795e+06
  1.258584417647989e+09  9.379483221408920e+05 -7.125927980767100e+04
  1.264071340065745e+09 -1.828668889757672e+06  6.042277095761767e+04
  1.263924164106391e+09  2.625338427517882e+06  1.330888794544275e+06
  1.263634865269760e+09  1.168847765201771e+05  2.838961695289324e+06
  1.262271237796337e+09 -2.357512023427297e+06  2.974116539803277e+06
  1.262975693821295e+09  1.830763115022056e+06  2.846099138940828e+06
  1.261922959894229e+09 -1.938879870128692e+06 -2.488181809700522e+06
  1.263441501981672e+09  3.441425444130041e+06 -4.087084876557507e+06
  1.261685538081444e+09 -1.688333208337035e+06 -6.752268138573836e+06
  1.267493952999375e+09  2.281536250301365e+05 -4.169887304868361e+06
  1.266106296747137e+09  7.235020374190416e+05 -8.641663909080210e+05
  1.264745636598627e+09 -4.312264137850964e+05 -1.164807973511192e+06
  1.264309285365153e+09 -2.088278240277525e+06 -1.055740081177016e+06
  1.260076187656947e+09 -1.638261995544706e+06  3.973669926532179e+04
  1.262894816306244e+09 -1.863051597830168e+06 -5.029142247783919e+05
  1.261528147681540e+09 -2.203937594410903e+05 -9.348101107485709e+05
  1.264425496692309e+09  3.976450955420535e+04  1.236752220905055e+06
  1.263410470616624e+09 -1.312426933991889e+06  2.561758401157083e+06
  1.267236604856215e+09  2.998514915978458e+06  1.324897133018841e+06
  1.260663367558801e+09 -3.568210809436452e+04  1.054349082167806e+06
  1.260754429185122e+09 -2.010373683213418e+06 -7.281464003025488e+05
  1.263110522925978e+09  2.211794755514517e+06 -3.129021608420115e+06
  1.260787035432109e+09 -5.491602953156183e+05  1.850846695618467e+06
  1.264530006425789e+09  8.609321404028581e+05  7.521935323986592e+05
  1.263892369017350e+09 -1.055849450709517e+06 -5.802381091079023e+05
  1.265478570700965e+09  1.161807925749624e+06 -2.302881226672390e+06
  1.266160936273508e+09 -2.398710260618589e+04 -4.422155948429152e+06
  1.265641568839436e+09 -2.330244968398174e+06 -2.026738996221630e+06
  1.264624970653270e+09 -2.273628519650248e+06  4.892134741669489e+05
  1.261511757143331e+09  2.139579544496370e+06 -2.314162542693003e+05
  1.266499759312747e+09 -2.799628288088343e+05 -9.869434421750298e+05
  1.261364621759125e+09 -1.472690949932395e+05 -2.097146677852520e+06
  1.263025605750707e+09 -1.046989311028309e+06 -2.320561191905768e+06
  1.262057304351373e+09  2.013086484748222e+05 -1.941386702705663e+06
  1.263028815836748e+09  1.217866238566017e+06 -6.336123660624081e+05
  1.260590321814100e+09  1.014444729047101e+06  1.119826028009337e+06
  1.263762314972708e+09 -1.423957091537517e+05 -1.801769357130348e+05
  1.265868583944864e+09  2.304494424767194e+06 -5.607752629539557e+04
  1.263054934057065e+09 -2.761606453910732e+03  1.023773918454483e+06
  1.258920417850106e+09 -1.015688678499701e+06  2.369813101138631e+06
  1.264068255162026e+09 -1.712179702743013e+06  2.009451169651921e+06
  1.265626349313096e+09  1.138177693586587e+06  1.079858338452376e+06
  1.262828366316801e+09 -6.307488362795103e+04 -9.923464544719956e+05
  1.266339807985740e+09 -1.829511784974211e+05 -1.970473954467016e+06
  1.263874147748649e+09 -1.306028604502902e+06 -4.722896126078016e+05
  1.264016355672307e+09  5.276967228282468e+06 -1.015880143056249e+06
  1.264389910029359e+09  2.621332024031398e+05 -1.536387895437420e+06
  1.261990881927223e+09  5.473352921645829e+04 -6.964146311228976e+05
  1.265277959762875e+09 -1.089270890623658e+06 -1.113587296738821e+06
  1.264169383073645e+09  1.384093636990161e+06 -1.971697593019458e+06
  1.260948972533106e+09 -1.117629163379071e+06 -1.297497629718287e+06
  1.259400940086533e+09  2.499893953870082e+06  7.058625430056930e+05
  1.261112401128098e+09 -9.839614331499020e+05  1.163156503571852e+06
  1.265979612864150e+09  8.673626565026802e+05  2.832050417742827e+05
  1.260876432883707e+09  2.560345011777086e+05  7.180081224382800e+05
  1.262303319540966e+09 -7.516052918906921e+05  1.072007259804438e+06
  1.262406771529269e+09 -1.153301753801340e+06  2.380225607710363e+06
  1.265847645387567e+09  1.107184783599667e+06  1.100064465676242e+06
  1.262949199136639e+09  2.200600904026186e+06 -7.962261575707722e+05
  1.265118662485170e+09  2.763859943176326e+06 -9.040415755463946e+05
  1.263752378241958e+09 -1.755054675184563e+06  3.107651155062175e+05
  1.261389627360630e+09  3.549681337966318e+06  1.238273679794498e+06
  1.261677205015886e+09 -1.877001121050476e+06  1.811289495958114e+06
  1.261218047769081e+09 -1.421485853345574e+06  9.076043534472639e+05
  1.261326832066293e+09  8.866832239591189e+05 -3.321200078111590e+05
  1.266513158231803e+09 -1.441033739901645e+05 -1.036857627332913e+06
  1.261755782502760e+09 -1.174694787862029e+06 -1.155209320463974e+06
  1.263352615020691e+09  2.770963313019105e+06 -1.368118910519741e+06
  1.262848039119263e+09 -1.707194607974154e+06 -9.178144591062494e+05
  1.264912051504385e+09  1.171598900977678e+06  1.009986751336282e+06
  1.264722845135150e+09 -1.988615299756699e+06  1.169084861500890e+06
  1.264031063103947e+09 -3.888550000820506e+05 -2.993461678277312e+05
  1.261322610500464e+09 -2.283224454052242e+06 -1.307490609392193e+06
  1.263188023560227e+09  2.509844026171347e+05 -7.482442833571862e+05
  1.261529057935679e+09 -4.683184635057580e+05 -4.665304322092783e+05
  1.264080610309311e+09  2.157960827464766e+06  6.604803330021122e+05
  1.261292193035649e+09 -1.386051130109747e+06  1.985058138316921e+06
  1.259868126771672e+09  2.631473875445226e+06  9.471993958907129e+05
  1.261912095801362e+09 -1.779863454871854e+06 -1.539572991232491e+06
  1.266083069348639e+09 -9.628355066163755e+05 -2.341129102098361e+06
  1.263237778129552e+09 -1.646412645172338e+06 -2.203429426614902e+06
  1.264406293023187e+09 -1.252298407876477e+06 -1.762349673539553e+06
  1.263253551864152e+09  1.540626794719690e+06 -1.906958950626362e+05
  1.262503606544986e+09 -1.822461522828633e+06  2.558091412233926e+06
  1.261243014399753e+09  1.951443740627979e+06  2.507274711921011e+06
  1.266697866924189e+09  1.251459114412900e+06  9.389964429233901e+05
  1.262165269690537e+09 -1.528583637794652e+06 -1.304283395706716e+06
  1.261356887573543e+09 -1.005088830514823e+06 -1.099368132109400e+06
  1.262936363156561e+09 -1.142993483105781e+06 -2.614005041949778e+06
  1.264536103877635e+09 -9.823313376157618e+05 -3.655664165009288e+06
  1.263620242243503e+09 -4.304349477879008e+05 -1.983367717145448e+06
  1.263266954549547e+09  2.900475564859371e+06 -2.419991090908555e+06
  1.266560888973715e+09 -4.338772927758936e+06 -2.911259169226454e+06
  1.268231308482060e+09  2.185154908304982e+06 -7.119922628224064e+05
  1.265556655574172e+09 -1.113309532445485e+06 -2.672667410791654e+04
  1.265768053936962e+09 -1.334559422436787e+06 -4.630870912714497e+05
  1.260656752544739e+09 -2.517120384784120e+06 -1.004550610343513e+06
  1.264457367918540e+09 -1.248173743462070e+06 -1.710923929953864e+06
  1.265638451009065e+09  2.518238335428128e+06 -1.699826732344653e+06
  1.262074519948517e+09  6.219518780156573e+05 -3.143651641186780e+05
  1.263498681761179e+09 -2.109028999027296e+05  1.781178150107396e+06
  1.258826228900266e+09  1.591861525640471e+06  6.125506454760425e+05
  1.263667059894920e+09 -2.876185266573634e+06  2.429796196415049e+06
  1.264351757658454e+09 -1.435340362474512e+06 -5.356886042637774e+04
  1.262577964305948e+09 -2.517990381159215e+05 -6.904412230614368e+05
  1.261408815802510e+09 -1.069981431129007e+06  1.817144877284754e+06
  1.264669465230899e+09  7.934676255694233e+05  1.162738219671959e+06
  1.259828338707202e+09  3.477070142125765e+06 -2.825416032755247e+04
  1.260967149602601e+09 -1.023579772796376e+06  3.389917459833079e+05
  1.264164171056372e+09  7.734206892831740e+04 -2.683898074408880e+06
  1.260728647550170e+09 -2.011628818553266e+05 -4.840665338976194e+06
  1.260734051203191e+09 -1.066564694472487e+06 -1.469560309870712e+06
  1.261954916459945e+09 -1.408006609714981e+06  2.956623661177086e+06
  1.264865393870090e+09  2.192167158573432e+05  2.095915393917659e+06
  1.260465229817105e+09  2.068856714078206e+06 -1.682260935783480e+06
  1.261914404804071e+09  3.672660471695539e+06 -1.922196783103437e+06
  1.262268522812303e+09 -1.771429136712001e+06  6.376639643512403e+05
  1.258284785653377e+09 -9.126931168289979e+05  2.556864206711270e+06
  1.264999749478473e+09 -3.348275561739399e+06 -1.852616449662673e+06
  1.262412144130311e+09 -2.028639038577251e+06  2.840723115870318e+05
  1.263318489303133e+09  1.052860002696268e+06  2.162837692832927e+06
  1.266272845415690e+09 -9.620993217751228e+05  2.819415638295054e+06
  1.263738520098446e+09  3.162670794609217e+05  1.953709634527233e+06
  1.262369716650449e+09  2.701164549011418e+06  9.903965303316985e+05
  1.265024603242620e+09  1.847384428870024e+06 -2.576201183089952e+05
  1.265818793177586e+09 -6.807865231450783e+05  3.762872413924393e+05
  1.263023614436880e+09  1.534388209757744e+05  3.485524527181264e+06
  1.262961665576458e+09  6.318730731280628e+05  3.610369947909941e+06
  1.258337877113407e+09  7.871560564969678e+04  1.041682302685186e+06
  1.262939781435329e+09  4.576856844791873e+04 -9.499743504472789e+05
  1.262783715216336e+09 -1.546869835787275e+06 -5.499546625097594e+05
  1.263020562985056e+09  2.240271679398961e+06  1.073062021930825e+06
  1.262873192715356e+09 -1.224476588461311e+06 -4.592690884042721e+05
  1.269605235075882e+09 -4.027759818750676e+06 -2.679335502659167e+06
  1.262247555995327e+09 -1.987406854104331e+06 -4.668327182662414e+05
  1.263106243843269e+09 -2.064139400654983e+06  1.069586777820762e+06
  1.264856777641518e+09  2.332604763551650e+06 -1.671150337759277e+05
  1.263815998094790e+09 -2.625060369539300e+06  2.730450961677527e+05
  1.262849125055357e+09 -3.568198109582709e+06  5.516965701584325e+05
  1.263581482040210e+09  3.798298713591446e+06 -5.211409481607210e+05
  1.261025590534657e+09  8.516895220795861e+05  1.018053605071958e+05
  1.262536592938091e+09 -4.215258096830645e+05  1.040302782182976e+06
  1.261680801674604e+09  1.842488862189037e+05 -3.789826442204631e+05
  1.263686139279638e+09  6.773807431288061e+05 -1.202612246323723e+06
  1.267514082656514e+09  1.038169658234272e+06 -3.959217095635467e+05
  1.263537924073298e+09 -4.190722657341833e+04 -3.494435190706957e+05
  1.262916878323518e+09 -3.537923584113547e+06  1.578214943439889e+04
  1.263125020660443e+09 -1.296941115281442e+06  1.498265519251222e+05
  1.259328429456044e+09 -2.055703100762017e+06 -1.147270211501716e+06
  1.261467186057804e+09 -3.273609763751408e+06 -2.346402731770024e+06
  1.263362578016755e+09 -1.777160818600985e+06 -1.297685150261972e+06
  1.261386568677059e+09 -2.205074179698952e+06  2.557306541410999e+06
  1.263734083401479e+09  2.542954435870420e+06  3.518771280795137e+06
  1.266342053691692e+09 -1.332615200256851e+06  3.468033583705161e+05
  1.263403208908072e+09 -5.417466012399323e+06 -2.767465235808207e+05
  1.267400594747453e+09  5.159601748243291e+06 -3.166209913720671e+05
  1.265474988072259e+09  2.379466797310315e+06 -2.207249259886819e+05
  1.263417687871746e+09  5.367631388035102e+04  1.776738920241823e+06
  1.266500868828812e+09  1.835279201870519e+04  8.456600894396724e+05
  1.261545810006980e+09 -1.820397272393103e+06  1.339256412775429e+05
  1.263696808754400e+09  8.033137237241986e+04  2.677839650282516e+06
  1.264521491089987e+09 -6.060256463480589e+05  3.064729440827943e+06
  1.260199493736385e+09 -2.942786463900755e+06  1.637492860568980e+06
  1.264469026077981e+09 -2.191539667131142e+06  8.502976003086660e+05
  1.261391003112684e+09 -1.516894781492649e+06  1.644397019026608e+05
  1.263462335317258e+09  7.706615337670627e+05 -1.364133527909480e+06
  1.261179425715037e+09 -1.596858018974933e+06  2.673443475340025e+06
  1.258746029988660e+09 -1.500889617658191e+06  3.102429124835155e+06
  1.261867285143970e+09  1.032936483865896e+06  8.509177358211614e+05
  1.261131513766588e+09  1.042449167877895e+06 -1.641284386666711e+06
  1.263032374041306e+09 -3.733417366509194e+06 -2.064552985773703e+06
  1.260551828231029e+09  3.829092110497739e+06  2.376640233978156e+05
  1.262878970069104e+09  3.442579111067254e+06  1.292800198506382e+06
  1.261620344206977e+09  8.867003719850652e+05  7.636918773592477e+05
  1.262164235056966e+09 -1.372533706712053e+06  1.206199935762356e+06
  1.263164618977797e+09 -2.559896373786934e+06  1.237485302850859e+06
  1.260124987946452e+09 -1.374913825850235e+02 -1.000741981246850e+05
  1.261400104988660e+09 -2.833477671580448e+05 -2.493892539034272e+06
  1.262828882453668e+09 -2.538588509339785e+06 -3.910390007870242e+06
  1.260910189959785e+09 -1.056728114020848e+06 -2.862351325734789e+06
  1.261490585959033e+09  2.105091177112073e+05 -1.359639001634213e+05
  1.265964105656504e+09  1.996059436622859e+06  1.468638176491244e+06
  1.261270893139112e+09 -8.408896991324681e+05  4.071445577514059e+05
  1.266415402791248e+09  4.411901240841686e+05  9.997090401767604e+05
  1.262281810225653e+09 -8.549220947809427e+05  1.179376936425277e+06
  1.261417850938322e+09  9.459826456006634e+05  2.789811255129175e+05
  1.263176494370827e+09 -3.896271210914187e+05 -1.501787130333013e+06
  1.264919317658818e+09  1.350192448558377e+06 -2.489660454522394e+06
  1.262166073837300e+09  9.463461437621342e+05 -2.019119756188467e+06
  1.261375622434744e+09  1.010010962796630e+06 -4.096293332097664e+05
  1.262944585261349e+09 -3.114757972170655e+06  5.761953401764557e+05
  1.262007755382511e+09  1.547497383142565e+05  8.445721066748025e+04
  1.262388675532283e+09  6.451581341638413e+05  9.590840401982866e+05
  1.260157033946366e+09  1.388570353230837e+06  1.427568126010840e+06
  1.265003162194458e+09 -2.058508575611196e+06  1.381881195329734e+06
  1.263071457785102e+09  2.368289833523277e+04  1.667290418933238e+06
  1.260095036272958e+09 -9.101187914507173e+04  8.307543256856609e+05
  1.263603964377382e+09 -1.104124128933402e+05  2.548133754755731e+05
  1.264805794895981e+09 -4.375455526449704e+05  1.507966185935633e+06
  1.265407103364546e+09  1.943997905777929e+06  9.787302882992448e+05
  1.263831738701752e+09 -9.769960703589150e+05 -2.365629813956952e+04
  1.265504319158687e+09  2.599686689305870e+06 -2.030870803380752e+06
  1.260351151768912e+09  1.019018309594192e+06 -1.300613080791490e+06
  1.263166506857486e+09 -6.109616564823026e+05  1.878933523608792e+06
  1.263568436664427e+09  1.746530068254334e+05  2.478082138518155e+06
  1.264278354657328e+09  6.669329016985028e+05  1.488894743854478e+06
  1.263919373123063e+09 -2.416786783859469e+06  5.540864902497642e+05
  1.260728664330453e+09  2.738032537688366e+06  2.768506570096692e+05
  1.266371788682028e+09  5.824093052315108e+05  1.777614128588323e+06
  1.262324860349635e+09 -3.935648373528470e+05  1.884027240352064e+06
  1.260858297849441e+09 -1.281164790387616e+06  6.794835472985849e+05
  1.258124044262074e+09  7.206231865867619e+04  2.208406266069465e+05
  1.261000048929135e+09 -1.037510995791327e+06 -2.825596335048550e+05
  1.264009277055889e+09 -2.836477838355877e+06  6.929972018031770e+05
  1.263468997116535e+09 -6.336648205278441e+04 -3.445171404892331e+05
  1.263277306376998e+09  2.566113103442808e+06 -3.836373655916211e+06
  1.262979419298011e+09  3.063154772775685e+05 -3.715802616781978e+06
  1.263913972400024e+09  4.012203521739759e+06 -1.750535262113028e+06
  1.263503014942601e+09  6.376534960253914e+05  5.427531192631942e+05
  1.259857236469609e+09 -1.007352036962547e+06  1.583272526892652e+06
  1.257696478256822e+09  2.420446240576809e+06  1.634935362986990e+05
  1.263164250268491e+09 -6.116605458515277e+04  3.922467916664552e+05
  1.258228976476303e+09 -1.953113598190538e+06  7.819717551161470e+05
  1.262112359574817e+09  9.632108067662328e+05  7.080243995025138e+05
  1.262343819557233e+09  3.765021487145845e+05  4.725570434152109e+05
  1.264137856113085e+09 -3.288189931686902e+06 -8.628285557704349e+05
  1.263231493523437e+09  1.414191770970187e+06 -1.612974211590944e+06
  1.263923436542690e+09  8.800456794939142e+05 -1.150059784699482e+06
  1.263777314667389e+09 -6.872812657767824e+05 -1.287726200346225e+05
  1.261687042326959e+09 -5.149086242348282e+06  1.074962405634380e+06
  1.264309663437655e+09  1.803872498414317e+06  1.557872630896663e+06
  1.263467265762236e+09  1.073861791428714e+06  3.586283800775159e+06
  1.264071889397900e+09  1.133305323854449e+06  3.073049874796232e+06
  1.262961857300985e+09  1.361499622241979e+06  9.733749025798808e+05
  1.263162965525338e+09  1.490763800849008e+06 -3.316240901354238e+05
  1.263338282150033e+09 -1.128373737785952e+06 -5.447102694356260e+05
  1.263485117699808e+09  2.933102132830285e+06  5.031422067311017e+05
  1.263805181196342e+09 -5.804977783418293e+05  1.030489962082065e+05
  1.261490559498007e+09 -4.453846898206566e+06 -5.553517414285555e+05
  1.261172534734546e+09 -1.255440999648135e+06  4.045846723352139e+04
  1.264169194889767e+09  2.593877844373370e+05  1.147460380964930e+06
  1.263956745363164e+09 -2.162212188873637e+06  3.121710505644913e+06
  1.265141711515444e+09  3.833261026172750e+06  2.500527031513019e+06
  1.262755656336221e+09  9.650978296480414e+05  2.613233928641195e+05
  1.263653648247100e+09  1.314580590022383e+05 -3.859419425115016e+05
  1.263412327638505e+09 -3.777237188202281e+06 -3.235544504294597e+04
  1.262505946987307e+09  2.684479516883320e+06  3.327675051903588e+06
  1.264745040986974e+09 -2.009746437040907e+06  2.586436850881446e+06
  1.265086464910961e+09  1.758634290397553e+06  1.357076196637236e+06
  1.260983840018562e+09 -1.077579413100932e+06  7.965321946110443e+04
  1.259631481518423e+09  1.973182528127110e+06  2.353278146021004e+05
  1.265671944320274e+09 -1.965781646155873e+05  1.684249454203720e+06
  1.262510995661745e+09  1.041698656054461e+06 -1.371620321599918e+04
  1.267995953121018e+09  3.484599551198818e+05 -2.398544634936168e+06
  1.262806954470076e+09 -4.733855548516078e+06 -1.553119255968221e+06
  1.263343747574051e+09 -2.731335092613637e+04 -1.056158951085386e+06
  1.260633488513643e+09  1.804823239613515e+05 -2.588216843694792e+06
  1.265399916191113e+09 -4.748428119865534e+05 -3.508298144244871e+06
  1.263036738621348e+09  1.863880006851303e+06 -2.542224593912658e+06
  1.260661615715147e+09 -4.219985035943758e+05 -1.267131647649475e+06
  1.259990560731729e+09  5.735265907262540e+05 -1.883902800345504e+06
  1.261703874026711e+09 -2.537074084093963e+05  2.186932193747316e+05
  1.262727198791579e+09  6.200484528649680e+05 -2.710052286272489e+06
  1.265779167654543e+09 -2.785944165886457e+06 -4.642663381435918e+05
  1.259904478992517e+09  2.350415234627691e+06  2.820349420324490e+06
  1.267366683648127e+09 -1.012859670293545e+06  3.344681206452900e+06
  1.263628694845976e+09  1.490581130285106e+06 -1.046452647427098e+06
  1.263127010568646e+09  9.002103910957758e+05 -2.747316199797423e+06
  1.261854996527839e+09 -5.094064615507933e+05 -4.251042160691995e+05
  1.262341488788138e+09 -9.275306698327314e+04  1.424427759423087e+05
  1.263384132080380e+09 -1.738181553085682e+06 -1.030532048461395e+06
  1.262681117399109e+09  9.916605221697822e+05 -1.796246809131311e+06
  1.263578013630617e+09 -1.601630068767452e+05  8.749128310176684e+04
  1.262439452594192e+09 -4.760215738571974e+05  1.134888811526437e+06
  1.263928659976074e+09 -1.546037379655967e+06 -8.788268631830130e+05
  1.261075785183395e+09 -1.209595007813381e+05 -1.533510788008198e+06
  1.259782594293753e+09  5.688027982700369e+05 -1.235735152036731e+06
  1.264276635079648e+09 -1.739417726598476e+05 -2.499535168866650e+06
  1.262201983571070e+09 -7.716269154384773e+05  8.605932233515021e+05
  1.264780986999355e+09 -7.434784302538985e+05 -1.714312054117050e+05
  1.264349895004083e+09  3.555323003857354e+06 -2.244530906411400e+06
  1.265448327095653e+09 -1.022346552061439e+06 -4.995625611759435e+06
  1.269214921903668e+09  1.284645693733665e+06 -4.437036065916663e+06
  1.262345116045066e+09 -1.164895320595824e+06 -1.571993868433482e+06
  1.264365697580204e+09 -1.206716664909744e+06  1.241380637184474e+05
  1.261607718652254e+09 -1.020698967056426e+06  7.639846594537016e+05
  1.265547088106007e+09 -1.857976460907510e+05  1.328482948987074e+05
  1.260223196807416e+09  1.702283103374166e+06 -8.316476480353686e+05
  1.260967845027918e+09 -4.869580739735126e+05 -7.242012507193536e+04
  1.264577664807301e+09  4.876901630191364e+05  1.028140401539082e+06
  1.261999690645600e+09 -2.548194805276066e+06  1.087201335466134e+06
  1.262154457967696e+09  1.464534618447246e+06  1.123446426991486e+06
  1.260295024512679e+09 -7.357876954574494e+05  2.143098117576879e+06
  1.266765187816214e+09 -9.000145971352386e+05  2.249018783267332e+06
  1.263791818645334e+09  6.405413631726312e+05 -2.975473843721733e+06
  1.259818471884643e+09  5.110956483122412e+05 -9.983905525414080e+05
  1.263743043160940e+09  2.042947241182404e+06 -4.947381693938333e+05
  1.263924693829850e+09 -1.324548286950302e+06 -1.751537523132612e+06
  1.263006062381860e+09  7.188327053518476e+05 -3.051694794073910e+05
  1.263766067546518e+09 -1.713299158010365e+06  2.605184493255693e+06
  1.265922316005061e+09  3.523246467218789e+05  3.902566317366461e+06
  1.264409558007310e+09 -6.404753183419508e+05  3.531980707544989e+06
  1.261397247454729e+09  7.880483742238502e+05  1.735464253607112e+06
  1.262472268406294e+09 -6.810485833063738e+05  7.643949168077370e+04
  1.263512454807326e+09  1.200686624653456e+06 -1.454252567172481e+06
  1.263887498145694e+09  2.601102734180166e+06 -1.434235155429358e+06
  1.258379041092497e+09 -1.430322702829342e+06  7.314501980873239e+05
  1.260936773422009e+09  4.450757310831827e+05  4.127536685541261e+05
  1.262962641170147e+09 -1.151364789934216e+06 -2.425664979671150e+06
  1.265369241463418e+09  7.116676115487786e+05 -3.728013400238220e+06
  1.261014587143507e+09 -1.767250797274035e+05  4.734582230449935e+05
  1.263451400775649e+09  3.385104873184353e+05  1.413008797477310e+06
  1.262826135855304e+09 -1.837982147657815e+06 -4.085962832360377e+04
  1.263977354425971e+09 -3.590442183998260e+05 -1.430486515191999e+06
  1.263351318333550e+09 -2.314910840180162e+05 -1.571580332068020e+06
  1.263192451997689e+09  9.673888439984729e+05 -1.698087741292092e+06
  1.263786709146438e+09  1.745458381161987e+06 -1.208783002874891e+06
  1.260189950206981e+09  6.925466493929124e+05  2.277243342938844e+05
  1.264754017574526e+09 -6.103533372862393e+04  3.962101010864176e+05
  1.260403797704002e+09 -2.388559030670290e+06  8.553697268367716e+04
  1.262577495188811e+09  1.508822493305048e+06 -1.633963247559731e+06
  1.266847404151957e+09  1.906170497130126e+06 -3.622831443378050e+06
  1.260174015778218e+09  4.087571359683573e+05 -2.142756319520596e+06
  1.264919054470750e+09 -1.759142484792694e+06 -6.344178399991326e+05
  1.261575588379943e+09  7.390342119201232e+05 -2.396718592227704e+05
  1.264750839716975e+09  1.063683902917293e+06 -3.083926300327964e+05
