  1.264704471814552e+09 -1.108627657256135e+06  6.975782036000042e+05
  1.265341456365535e+09  3.226757364452236e+05  1.156596105406048e+06
  1.266275111274515e+09 -1.916633044329399e+06  2.455553408235196e+06
  1.264478181459785e+09 -2.738536570913579e+06  2.977203538759743e+06
  1.260070448308311e+09 -7.242258210221000e+05  5.280035971617636e+05
  1.263562605121732e+09  3.505428652527706e+06 -2.896500491295225e+06
  1.264264605113418e+09  2.139620768107566e+06 -4.985551000032211e+06
  1.260682012139849e+09 -1.228753220810207e+06 -4.636712341240138e+06
  1.262733594878179e+09  2.696954230772017e+06 -2.271546483494806e+06
  1.263951251995727e+09 -7.164147337331964e+05 -1.581668126496987e+06
  1.263133737470071e+09 -1.897628969939846e+06 -1.280551018481942e+06
  1.263799629741770e+09 -5.812769726929233e+05  2.406113862673033e+05
  1.260756584401327e+09  1.607809906625418e+06  4.734833311365892e+05
  1.262191025067413e+09 -2.296290413920395e+05 -3.715633597310020e+05
  1.263867749274363e+09 -9.947149780461872e+05 -6.111978506084951e+05
  1.261114545380469e+09  2.240952039266328e+06  1.178054758450300e+05
  1.262875561664632e+09 -1.143499486252616e+06 -9.160163380839564e+05
  1.261796414679949e+09 -1.716028410000627e+06 -4.716529405597422e+05
  1.262689053074955e+09  1.343666091503476e+06  6.639362368668125e+05
  1.265485348176636e+09 -3.573817511642151e+06  8.632524901289472e+05
  1.262228319636417e+09 -5.629863300729638e+05  5.032301628322211e+05
  1.261488243565886e+09  4.441483272776583e+06 -9.326397537892414e+04
  1.261614328413534e+09 -6.144738153192914e+05  1.693179247893528e+06
  1.259721544694383e+09 -9.889241909472751e+05  2.817406466664716e+06
  1.261311117382184e+09  2.747379536430041e+06 -1.023957697599576e+06
  1.263074656041200e+09  1.618118239190907e+06 -4.190616429354025e+06
  1.262045800265633e+09 -1.845757345929530e+06 -4.375009210561616e+06
  1.261855966574510e+09  2.024633462855215e+06 -4.278107557098444e+06
  1.261096171776088e+09 -1.519280795171324e+06 -3.138440655456053e+06
  1.264610361513284e+09 -4.003193589900493e+06 -1.885333644872519e+06
  1.263771218632405e+09 -1.914034269184807e+06  9.535677598372800e+04
  1.260702034667683e+09  5.800328811890307e+06  7.405941123457190e+05
  1.265443103210726e+09  2.050705541068913e+06 -2.860141724277920e+06
  1.257388551765323e+09 -1.047684320690608e+06 -2.915646184477524e+06
  1.261257122965154e+09  1.179126356595641e+06  2.370328480716485e+05
  1.264125757481762e+09 -1.565881019391471e+06  2.210574625532132e+06
  1.267745250973240e+09 -2.451378918353431e+06  2.167597711508985e+06
  1.266879424942325e+09  4.420302936990678e+06  1.958286751593813e+06
  1.264021973794841e+09 -9.448490050498219e+05  1.504036179427264e+06
  1.262296521675994e+09 -1.266018951897708e+06  2.917134147659007e+06
  1.262534984964504e+09  3.709921271072468e+06  2.642589294297264e+06
  1.263682878838069e+09 -1.429028448760053e+05  2.012008451073418e+05
  1.263640083247748e+09 -9.556162723905534e+05  1.306214557242914e+06
  1.262709363067641e+09  1.779299288478785e+06  3.285350217077730e+06
  1.265313264771968e+09 -1.213108490381964e+06  1.099973318918580e+06
  1.263625617272134e+09 -3.708098341857095e+06 -1.267090117378840e+06
  1.262019549560544e+09 -7.784976442887044e+05 -1.439599608513738e+06
  1.262447888718976e+09  4.184563999017559e+06 -1.732107708437301e+06
  1.260993715200432e+09  3.164487661712379e+06 -1.134900813875362e+06
  1.261073137105440e+09  1.077350689604190e+06 -1.982108235290381e+06
  1.266337098241429e+09 -2.225229057139849e+05 -3.006392190903052e+05
  1.268242828527613e+09  1.175054296415336e+06  2.090043791309250e+06
  1.263391755263769e+09 -4.575988203700214e+06  2.016137529305106e+06
  1.263976047942438e+09  2.439822671027815e+06  1.397598879941659e+06
  1.263578839107145e+09  9.929119172798077e+05  1.214311458929475e+06
  1.262307510754903e+09 -9.465163427606924e+04  2.501168412054736e+05
  1.267490589349220e+09  2.319675976913283e+06  3.991848196953841e+05
  1.260046106993685e+09 -2.587387529878925e+06  9.708583515813202e+05
  1.261635762608353e+09  2.306934257493134e+05  3.249068010923097e+05
  1.260804887913834e+09  1.768440854766060e+05  2.807072842931193e+05
  1.263852851867749e+09  1.180055341142995e+06  2.044672512145349e+05
  1.264644320490217e+09 -2.367015279100344e+06  1.263191193515428e+06
  1.265158386532900e+09  2.953180999742459e+06  2.807765587363581e+06
  1.265776315986304e+09  5.124145106289367e+05  1.260825308080254e+06
  1.259393949952976e+09  2.107097527835415e+06 -2.518751832031234e+06
  1.264449246002030e+09  9.627878753437515e+05 -3.323449492753970e+06
  1.260193621250214e+09  4.571347442246687e+05  4.895098835928917e+05
  1.265503155883274e+09  8.991816720696725e+05  2.641144968606714e+06
  1.264669559185883e+09 -3.129989344034399e+06  1.969339151323249e+05
  1.262257726154298e+09  7.600470265752729e+04 -3.785983666765236e+06
  1.263043012246538e+09  2.804413238996665e+06 -4.612972196454958e+06
  1.262971075287089e+09  1.188913387089156e+06 -1.646663586489711e+06
  1.264335802436014e+09 -3.715152432613214e+05 -1.113200511357359e+06
  1.264679292560571e+09 -3.417826659920340e+06 -3.333747549232247e+06
  1.262047276569314e+09  1.660507081585272e+06 -2.228122934316731e+06
  1.264741521266237e+09 -1.130403813989132e+06 -2.856879507154846e+05
  1.264011533984543e+09 -4.659219320263644e+05  3.550626693376121e+05
  1.265401590785816e+09 -1.433113310485772e+06  1.016254295350043e+06
  1.264633691189879e+09  2.728841646333107e+06 -3.940794063647673e+04
  1.261109781830488e+09 -1.195505546178149e+05 -7.528159647335566e+05
  1.261177295875445e+09  1.722109788535970e+06  1.736367731324238e+06
  1.262642569822087e+09 -1.340844013134273e+06  1.742363828865334e+06
  1.260756259458838e+09  1.981017197961585e+06 -2.363060435562267e+05
  1.261064217002940e+09  3.073529425556953e+05 -1.903700372859155e+06
  1.263252419586153e+09 -3.416898750814346e+05 -2.406571024310303e+06
  1.266140494812338e+09 -1.300785862344171e+06 -1.872132947776696e+06
  1.262906991688214e+09  3.520986606937055e+06 -1.454400004043004e+06
  1.267318798301048e+09 -4.693600463186944e+05 -1.419352085825895e+06
  1.262513115823860e+09  3.966637114873558e+04 -9.082701118378029e+05
  1.262217988940647e+09 -2.934924644057795e+06  3.117740757887962e+04
  1.265955017170161e+09  1.570737120994512e+06  1.217448229929009e+06
  1.264906007383899e+09 -9.309849391928612e+05  2.019126899485890e+06
  1.259965870854223e+09 -3.917172132920148e+06  2.641427244912548e+06
  1.263236108626873e+09 -7.211507597401879e+05  1.992984802724376e+06
  1.265078399239958e+09  1.680368393292264e+05 -5.740595170965389e+04
  1.263219624323395e+09 -9.022613210832598e+05 -5.817746148365428e+04
  1.263356802783024e+09  1.480142984821096e+06  2.747381857325394e+06
  1.264967129175385e+09  4.387318224818050e+04  3.552040920163339e+06
  1.262667605690269e+09  2.982952167952298e+06  3.980510733028240e+06
  1.261314302742923e+09  7.010865181107891e+05  3.087029655686824e+06
  1.264407017736554e+09  6.681833180630991e+05  4.545865337322617e+04
  1.260499003149005e+09  3.507014243374928e+04 -6.889839703078491e+05
  1.262560949936567e+09  9.762165613209371e+05  4.568696420521723e+05
  1.261916955175323e+09 -2.549653157486115e+06  1.183068641755939e+06
  1.260514497946313e+09  2.086589259290267e+06  9.640920237248103e+05
  1.261364337219694e+09 -1.123343428835746e+06 -3.902457053042623e+05
  1.262908919592331e+09  1.485271746722195e+06 -1.573235439845437e+06
  1.259665117111266e+09  1.425096552624396e+06 -1.650542449063839e+06
  1.264218230856839e+09 -3.265704676487019e+06  2.155528682922529e+05
  1.262612286287014e+09 -1.468464858827121e+06  1.675299989609103e+06
  1.266951801729802e+09  5.259692281769612e+05  2.268590620580258e+06
  1.263321418142133e+09  5.110042847630760e+05  2.337553875991821e+06
  1.263571448592668e+09  2.759272217858405e+05 -5.792525684725243e+05
  1.262669282876253e+09  2.797261904415497e+06  1.060420803847794e+06
  1.261909702719954e+09  2.071016005256917e+06  7.983343991677666e+05
  1.260847181597272e+09 -1.936321384457887e+05  1.110761708147117e+06
  1.262625649760501e+09  7.149333441353700e+05  2.293213032953626e+06
  1.263750372454467e+09  2.059006563816484e+06 -3.986905867760349e+05
  1.263376890447323e+09 -8.076407737515121e+05 -1.762000709852933e+06
  1.260198628519139e+09 -2.328175566659532e+06  5.326758169545848e+05
  1.262341151864264e+09  2.840539107137034e+06  2.179235053324078e+06
  1.269005494875011e+09  1.179115949749102e+06  2.401724994083927e+06
  1.264080934364692e+09  2.975951206586615e+05  1.997433997903151e+06
  1.263375431870792e+09  1.837955443969555e+06  1.438719010578499e+06
  1.263858521655724e+09  1.239729981303891e+06  3.431749667862779e+03
  1.264397783460683e+09 -1.218103127531943e+06 -2.057187988849107e+06
  1.265108103756692e+09  2.054050245029840e+06 -3.287576297874216e+06
  1.263317906332180e+09  8.743046816070932e+05 -2.445605101171114e+06
  1.262087481316583e+09 -9.044644551037598e+05 -8.470267307935612e+05
  1.263283325677932e+09  2.647792948116574e+06 -1.895014869170685e+06
  1.260727151554518e+09  1.419531683855741e+06 -1.874725140475587e+06
  1.265021639613258e+09 -1.176590809447167e+06 -1.646627345729525e+05
  1.262250355976960e+09 -9.959629303519032e+05 -9.826423187008768e+04
  1.263330362586422e+09  2.180576806555554e+06  3.538215511464757e+05
  1.265557020392407e+09  8.176260714794204e+05  2.300710260479420e+06
  1.261525104664173e+09 -2.142621903410858e+06  2.310945267806110e+06
  1.264328410966295e+09  1.290212808667100e+06  5.604501938937926e+05
  1.262578105857049e+09  1.455766245174087e+06  1.778342908997137e+06
  1.260245640733455e+09 -3.156290990278998e+06  4.597624514852373e+06
  1.265226698230204e+09  1.163124016482409e+06  3.015447805667668e+06
  1.261550963044976e+09  2.068662992171760e+06  7.646678904311056e+05
  1.263624333407983e+09  4.317951403858528e+05  1.659729221637119e+06
  1.265895008156292e+09  2.369321117949474e+06  1.234043222881400e+06
  1.260833175537677e+09 -2.441564401453884e+06 -4.211291721109360e+05
  1.261171761397502e+09  7.750782543620153e+03  2.025197736595489e+06
  1.263860419024227e+09  1.565184837929160e+06  5.802384656833749e+05
  1.261920815936493e+09  1.974211372923754e+06 -3.210543038378245e+05
  1.257694180057148e+09  2.607009017302237e+05  3.005440134390527e+05
  1.259789304839679e+09 -2.216524552655833e+06  1.934071092928990e+06
  1.264167443886845e+09  1.511282304282562e+06  1.539323127319009e+06
  1.264524546616275e+09  2.821173479686509e+06 -2.441235251609974e+06
  1.260492571779688e+09 -2.022469578915525e+06 -2.862101796710356e+06
  1.264136734148123e+09  7.336522317886535e+05  1.063487778452966e+06
  1.266104867312699e+09 -7.730943608453962e+05  1.959074494200532e+06
  1.261269219847813e+09 -4.757837026273116e+06  7.507895795721835e+05
  1.261810613040306e+09  1.701663461204957e+06  2.490020527493871e+06
  1.264736465776787e+09  1.503862763802084e+06  3.432293661970153e+06
  1.264685375635470e+09  3.503439752380709e+05  1.407538096228708e+05
  1.261798110608114e+09  3.810391616773748e+06 -2.645435148426121e+06
  1.263435529616230e+09 -3.712918923453974e+06 -3.497374954049250e+05
  1.264488730635385e+09  4.319521792262415e+05  1.511553059690865e+06
  1.262499851007024e+09 -1.223551171553566e+04  1.830016274690904e+06
  1.263658876011709e+09  1.295693081883555e+06 -1.353873990548499e+06
  1.267872188955413e+09  1.438247935918930e+06 -4.488009079538311e+06
  1.264928741207077e+09 -2.643959681985761e+06 -3.717007825384066e+06
  1.262189757393489e+09  7.206780644562186e+05 -9.329017194429960e+05
  1.261931220509415e+09  1.297308472745488e+06  1.207156793833073e+06
  1.265515669368055e+09 -4.923639662496776e+05  8.175771363266023e+05
  1.263642966885387e+09  6.469983853663137e+05 -1.449847214041414e+06
  1.265000412489279e+09 -2.555816866645842e+06 -3.330086208571197e+06
  1.262360120733573e+09 -3.473087301960325e+06 -2.050792193437675e+06
  1.264175501277324e+09  1.569892860072393e+06  1.431200670815233e+06
  1.264923792591070e+09  2.362604009102803e+06  2.126192421135218e+06
  1.258453809135511e+09  4.982390155440584e+05  1.497651010038685e+06
  1.262503906606261e+09  4.854110372948265e+06  1.935782555495305e+06
  1.263754516652814e+09 -1.861192924664371e+06  1.383715522424733e+06
  1.264698247725441e+09  1.440627629798637e+06 -2.580889740243095e+06
  1.263084746757656e+09 -1.308614102002572e+06 -4.348393038819883e+06
  1.263355741619172e+09 -8.389437770512718e+05 -2.606158757510198e+06
  1.263499335707062e+09  4.156969403134398e+05  1.367635995419343e+05
  1.264530140719141e+09 -2.272527052094417e+06  1.431559850105764e+06
  1.261506499545894e+09  1.549701222030123e+05  5.960249143495725e+05
  1.261410616457175e+09 -1.503658094075064e+06 -3.135486980975649e+03
  1.260677222578285e+09  1.479028333543153e+06 -1.229429803419983e+06
  1.260926141974156e+09 -1.084088273647909e+06 -1.290775993058589e+06
  1.260699280205492e+09 -1.190255664086355e+06  1.009149193440250e+06
  1.263588166301835e+09 -1.739857209152617e+06  3.822444687344705e+06
  1.266498169076537e+09  1.615681321564742e+06  3.848089283225873e+06
  1.263504011205686e+09  1.752828654741728e+06  1.520905799841846e+05
  1.262971075948773e+09  6.626719773952978e+05 -1.023316286378484e+06
  1.260394638213480e+09  4.048048442306533e+06  2.673693134982614e+06
  1.264302487034263e+09  2.781243237459025e+04  2.609940412685698e+06
  1.266813707571894e+09  2.460467550811586e+06 -1.244335247100627e+06
  1.259007579111860e+09 -1.750345897277649e+06 -2.436942274481648e+06
  1.263581037815376e+09 -1.522116868423053e+06 -3.640304852571664e+06
  1.262247433871279e+09  8.854652545746323e+04 -3.850210070779833e+06
  1.264467809369639e+09 -7.742900203737074e+05 -1.084885246936305e+06
  1.262523291231369e+09  2.701247574590726e+05  1.853854065044796e+06
  1.266159026139372e+09 -1.376758296331832e+06  1.658642827931062e+06
  1.263092271670159e+09  1.275358208498887e+06  1.503765139387123e+06
  1.265902721162528e+09 -1.969750705366654e+06  2.053250561228093e+06
  1.262698439413225e+09 -3.173559277478365e+05  1.830528620933707e+06
  1.263651288283733e+09  3.276413980124053e+02  4.185263694697483e+06
  1.265704190428341e+09  1.915902917300720e+06  3.393341421932187e+06
  1.263052755612536e+09  1.687500896954293e+06 -1.648471321874658e+05
  1.263718166793438e+09 -2.900823081617360e+06 -1.736783527970243e+06
  1.263191294825683e+09  2.429311255662261e+06 -2.858939295363804e+06
  1.260137849088929e+09  5.318141645954459e+05 -1.653708064369302e+06
  1.263014155810886e+09  1.345824659531876e+06  6.797754853304283e+04
  1.262722145363334e+09 -1.415889196639446e+06  1.934070106414652e+06
  1.258980220126644e+09 -1.267460200438995e+06  1.815719261850736e+06
  1.264761720534648e+09  4.446040649346317e+05  9.809582387706609e+05
  1.262251574680336e+09 -2.837501715513234e+06  1.446479311351580e+06
  1.262560450300349e+09  1.148109186913026e+06 -1.847812685237676e+05
  1.261576040887146e+09 -6.202427493158493e+05 -1.788828314772136e+06
  1.263399234646672e+09  6.697604325753625e+04  1.913533747844570e+05
  1.262397881536668e+09 -1.479065998093236e+06  1.322169945715887e+06
  1.262360993972257e+09 -1.396047123392655e+06 -2.687959204705567e+05
  1.263893217239620e+09  4.250068266126169e+05 -1.189613232448241e+06
  1.261140599077286e+09  2.427847355824499e+05 -3.545791657030440e+05
  1.265980936622891e+09  2.153634672521652e+06  1.186333005684768e+06
  1.267775069167510e+09 -5.023851928631974e+06  9.840272994015560e+05
  1.260690672730985e+09  1.490038711888506e+04 -8.894394183663346e+05
  1.264538536979298e+09  6.770255472833056e+05 -1.311454557123856e+06
  1.261441537262672e+09  9.556693265759395e+05  2.552616653315882e+06
  1.260801937990770e+09  2.700645034122089e+04  1.700521982167034e+06
  1.265959027503691e+09 -1.870186185494282e+06  1.284787392265225e+06
  1.263477434618344e+09 -2.205175754124380e+05  2.726088417469784e+06
  1.264204242559916e+09 -4.721138585650944e+06  2.492389481484527e+05
  1.259953405894409e+09  2.847094224718692e+06 -3.264755575253147e+06
  1.261648047276581e+09 -8.403461979244780e+05 -2.825823460796232e+06
  1.262107212911249e+09 -2.600807187403204e+05 -1.016361815337293e+06
  1.263114838034777e+09 -1.032653272799071e+06 -5.036195044567644e+05
  1.262346470965631e+09 -2.393098013321216e+06 -3.775828055207087e+05
  1.262925281387647e+09  2.103992482208046e+05 -8.089143963801032e+05
  1.263265918172708e+09 -2.047294631312008e+06 -1.573601513070659e+06
  1.263154096576024e+09  2.145676717219088e+06 -1.904827905737350e+06
  1.266894042766115e+09 -6.058171250118711e+05 -4.915037697601455e+05
  1.263437527034401e+09 -2.046360095291665e+06 -9.160407623201030e+05
  1.263571456794241e+09  2.409618984340175e+06 -5.753879566536866e+05
  1.264140501358927e+09  6.597147403241654e+05 -3.212129576579918e+06
  1.266183030638608e+09  1.535448752638342e+06 -5.199012335498117e+06
  1.262773887668673e+09 -3.015481848176002e+06 -4.108193560695026e+06
  1.263409513046185e+09 -1.410422819470245e+06 -1.139373292563409e+06
  1.259022040346615e+09 -2.680477598725206e+06  6.054511253013676e+05
  1.264029045253455e+09  3.601392029122944e+06 -1.655999204334593e+05
  1.262686271415009e+09  1.084175041902071e+06 -1.133596508076559e+06
  1.263168264107342e+09 -1.117643682690060e+06  2.078128668630599e+06
  1.264645854305024e+09  9.389977820639792e+05  3.442645523375972e+06
  1.263185580359571e+09 -3.126517096585743e+06 -1.157065503146349e+05
  1.261385338058104e+09 -3.066987293027160e+05 -3.887240569459209e+05
  1.264290272429116e+09 -2.574237354494869e+06  1.657028393028606e+06
  1.261610898906927e+09  2.533860937757564e+06  2.051378792923762e+06
  1.263847992611314e+09  2.904387129010322e+06  2.850685415751619e+06
  1.263166329437892e+09 -2.046593357672682e+06  3.054283223053976e+06
  1.267705479196821e+09  2.178939851998636e+06  3.449645837572159e+05
  1.261676782704961e+09 -2.848267011864759e+05 -1.580329643711988e+06
  1.262908414794143e+09 -2.303077025529777e+06 -1.347333502026489e+06
  1.263876371016334e+09  7.543975969991075e+05  9.619538637324380e+05
  1.261037535536278e+09 -1.204685046879771e+06  3.374358584815640e+06
  1.261936992345110e+09 -1.285870375371662e+06  2.179076190379957e+06
  1.262894276238319e+09  2.409253798885797e+06  1.875664391661332e+05
  1.267005602819785e+09 -4.202368463116296e+04 -1.613496484255460e+06
  1.261787106771578e+09 -1.166766348314256e+05 -4.037953577719461e+06
  1.262069711945584e+09  2.342006476595811e+06 -2.683232257947677e+06
  1.262409246514212e+09 -1.463294976855698e+06  3.804561344159050e+05
  1.260910259541474e+09 -2.134804941287788e+06  7.844777681178204e+04
  1.264144710706934e+09  1.458525425186960e+06 -2.888010610885134e+06
  1.262077340364129e+09 -9.865766528542335e+05 -3.706540360962073e+06
  1.263234615091351e+09 -3.559716478890086e+05 -8.470932322201417e+05
  1.263861605001910e+09 -1.587928927379831e+06  1.091689889090060e+06
  1.262057137225482e+09  1.815732948600909e+06 -9.442126240874571e+04
  1.264035834027643e+09  8.181793623344642e+05  3.474707258661625e+05
  1.259991848547351e+09 -1.322311104099376e+06  9.238428273101151e+05
  1.263980386898409e+09  1.424908700524125e+06  1.535746245816971e+06
  1.267151630158525e+09  5.025735649437620e+05  1.883162329247206e+06
  1.259178484143903e+09  1.471421265457149e+06  1.804460209354791e+05
  1.261532918709723e+09  2.122090249619551e+06  9.942095631290588e+04
  1.263192565141311e+09  7.621847612182945e+05  6.648179866809016e+05
  1.263729144837555e+09 -8.593336762184154e+05  6.010959469869708e+04
  1.260715540293989e+09  2.117685549729387e+06 -6.395747082050066e+05
  1.264154092209820e+09 -1.313514891636543e+06 -1.376205574156520e+06
  1.262382188613027e+09 -1.753800988269974e+06 -3.167299605744657e+06
  1.262520392938880e+09  1.756453401495799e+06 -3.961342015802382e+06
  1.263161119470495e+09  6.107874358645582e+03 -2.096578294010943e+06
  1.263337285337921e+09 -1.327461773806340e+06 -1.520375248295251e+06
  1.263461654085367e+09 -2.539792656407597e+06 -2.075538740934280e+06
  1.261386403536862e+09  2.552863412160104e+06 -1.359123238909227e+06
  1.260499501644001e+09  1.507983207170945e+06  1.934495019472108e+06
  1.259439906670380e+09 -3.685742173090458e+05  2.822713796020071e+06
  1.264807163738188e+09 -9.701611146228323e+05  1.588280672776594e+06
  1.262728392611650e+09  2.143455175061447e+06  2.903694203356873e+05
  1.264719133430714e+09  3.532382318359205e+05  7.030142979311540e+05
  1.266732849510880e+09  3.131564178047242e+06  2.572388388876097e+06
  1.262610591739491e+09  9.451691620868098e+05  1.074450972543068e+06
  1.261179117544827e+09  2.374746262993711e+06 -5.223810648945232e+05
  1.262344495643703e+09  3.950456751185242e+05  1.470783592036024e+06
  1.264123600444641e+09  1.712973136516906e+06  2.539751085607121e+06
  1.263981039108101e+09  3.438314444687600e+06  1.603803725597857e+06
  1.264082940235740e+09  3.651352560101348e+05  1.442844003296043e+05
  1.262413197835025e+09  1.505891820190166e+06  5.383408502273201e+05
  1.265929346409233e+09 -3.233601165661937e+06  4.236478751284467e+05
  1.264207412968278e+09 -3.155666211032875e+06 -8.432786651001759e+05
  1.263479040037247e+09  2.149460481314679e+06 -2.008834359194056e+05
  1.263311647745543e+09  6.933503349890995e+05  1.672014046116586e+06
  1.263007886488001e+09 -1.473432790561640e+06  2.418135575715466e+06
  1.264650681530812e+09 -1.262759843372633e+06  1.672294664320963e+06
  1.265960894123798e+09  1.378019431828323e+06  3.543393329539993e+05
  1.261895483030700e+09 -7.687559989874470e+05  7.487159283839713e+04
  1.263833004957146e+09  2.931727148187852e+06  1.329690471494859e+05
  1.263913513729707e+09  1.714754488260128e+05 -6.856314564794673e+05
  1.261703279239571e+09  3.903442427451653e+06 -7.896476451655958e+05
  1.268083352055878e+09 -8.968026389119313e+05 -1.682876953782299e+06
  1.261966848136446e+09  2.999001012047118e+06 -3.768998475546298e+06
  1.262118988074626e+09  4.030774909651097e+06 -2.510199117092730e+06
  1.261087477679213e+09 -1.410730030069335e+06  1.061635914499743e+06
  1.264245773678232e+09  2.146880964786769e+06  1.957408339594985e+06
  1.262774113520838e+09 -3.225900412188536e+06 -4.421888611825532e+03
  1.264398606265119e+09 -1.674422182505645e+06 -1.799636662950095e+06
  1.263281264864847e+09  1.955264106872184e+06 -7.057674084291322e+05
  1.262871971917870e+09  8.793721903010029e+05  3.225506127062853e+06
  1.262897787981750e+09 -1.224975555651321e+06  7.087125378090981e+05
  1.261717162036208e+09 -1.196557020230375e+06 -2.037810309549995e+06
  1.263638921682504e+09  4.344647177565479e+05 -1.414328836815003e+06
  1.266021484791619e+09 -8.293028392324045e+05 -7.176377945255891e+05
  1.260859022641854e+09  1.249790212163946e+06 -4.479176242364677e+05
  1.262764958742211e+09 -5.479956736913116e+05 -1.808184164698108e+05
  1.263380788058932e+09  2.430911459892389e+06  1.038145578058279e+06
  1.264774026472568e+09 -7.009147300804479e+05  1.146509207050098e+06
  1.263837717091801e+09  2.885765739274842e+06  7.898917311627548e+05
  1.260149966567325e+09  1.058788446049484e+06  7.206584329941897e+05
  1.267741919301349e+09 -1.372554846976951e+06  1.978237088687690e+05
  1.262657432606342e+09  1.687587771812594e+06 -3.415587170468236e+05
  1.263619206129684e+09 -6.837024453694562e+05 -1.064088681087897e+06
  1.267282415654767e+09 -1.223754289010877e+06 -1.377689315531302e+06
  1.261210347136900e+09  1.097051814615199e+06  6.289208002237653e+05
  1.261693489851394e+09  1.988895215546255e+06 -1.060135417142030e+05
  1.262573212250658e+09 -8.720146736363214e+05 -5.167432534683564e+05
  1.261696766090877e+09 -2.215056580262892e+06  1.066834654630200e+06
  1.262473337152918e+09  1.260037256930995e+06  1.930392234775342e+06
  1.262645358992472e+09 -7.017760684295432e+05  2.541231548168377e+05
  1.264883260858708e+09  1.299583720471429e+06 -1.366280762240092e+06
  1.262947235222084e+09 -9.267044943227174e+05 -5.768714232260105e+05
  1.265690908097178e+09  9.075963965522873e+05  1.468020650296441e+06
  1.262757110009706e+09 -9.032299767941249e+05  3.460528218517140e+06
  1.262026680264970e+09  9.738277983781202e+05  2.656217087606981e+06
  1.265112972515112e+09  1.230496308016642e+06 -5.483186176589939e+05
  1.263071332676575e+09 -9.169704936316432e+05 -5.329241189656755e+05
  1.259566569459482e+09  9.192598726867157e+05  1.452151194551972e+06
  1.263150321908004e+09  1.552304849723214e+06  2.955030568120953e+06
  1.265980234449134e+09 -2.093884691038395e+06  3.198456964735368e+06
  1.261291968021994e+09  3.232318533452125e+05  1.607178198525452e+06
  1.265266687848622e+09  2.342252783736000e+06  4.169386738521439e+05
  1.263259105859467e+09 -8.657542433145173e+05  9.009700491768260e+05
  1.260152960470570e+09 -1.530289391488757e+06  2.105211591736142e+06
  1.261068859392387e+09 -2.721357214568180e+05  3.956833863369606e+06
  1.263080767731834e+09 -8.055152120486579e+05  3.731704063933775e+06
  1.259782208848281e+09  1.601861225408156e+06  1.715083316456837e+06
  1.260420290406790e+09 -7.812124004938919e+05  1.101815323229584e+06
  1.260343953248061e+09  2.999118758993443e+05  1.085759947244975e+06
  1.259426307725306e+09 -1.293874365340447e+06  1.071071703206519e+06
  1.260490886033398e+09 -1.741313075957946e+06 -3.602975733512628e+05
  1.263242903434906e+09 -7.924634106404311e+04 -9.612215734771120e+05
  1.260069869321372e+09  6.989039102426557e+05  3.840970992679776e+05
  1.262255043257990e+09  1.131231678339140e+06  7.518423944213034e+05
  1.263602191551232e+09  1.445197479688197e+05  1.115236792067959e+06
  1.267734496571830e+09 -1.908953191718616e+06  2.139291282345167e+06
  1.265215566366045e+09 -1.165252323450549e+06  1.558969965014078e+06
  1.263236617644666e+09  5.322609838943245e+05 -7.693088042941686e+05
  1.260241762379118e+09  1.002159189320682e+05  1.192025528472682e+06
  1.262306306152958e+09 -8.875783740372309e+05  2.006841277707805e+06
  1.260884716340771e+09 -1.617553718242589e+06 -9.229580803864086e+05
  1.261022431812510e+09 -1.565614424554912e+06 -1.241594345572558e+06
  1.263774107807731e+09  6.587096465442905e+05  8.903558952769944e+05
  1.262365437566607e+09 -5.858915464108100e+05  1.079519590847645e+06
  1.259393598125218e+09  1.062781248229830e+05 -3.633943717206179e+05
  1.263787411645702e+09  1.629069822931463e+05 -1.252224502854318e+06
  1.266040515569505e+09 -1.011858965143563e+06 -1.523266854927005e+06
  1.261879105294783e+09 -2.360181469256554e+06 -1.473732315484155e+06
  1.262288891032372e+09  2.939976279892704e+06 -1.581513005046471e+06
  1.261514646257264e+09  1.134504429094646e+06 -2.631864279789212e+06
  1.265380865165740e+09 -2.421163583903672e+06 -1.511357512788544e+06
  1.266190647266676e+09 -1.255555381605499e+06  1.116331332883432e+06
  1.264219553968686e+09 -1.743754622594514e+06  6.540763545655271e+05
  1.261970648466846e+09 -2.704513950350118e+06  1.433683697949928e+05
  1.262630638039644e+09  4.115634908419828e+05 -2.342946287109501e+06
  1.262924191645983e+09 -1.547580632881354e+06 -4.421000019014577e+06
  1.262904775088337e+09  6.166851705651341e+05 -2.494511503048194e+06
  1.263121902504399e+09  2.122371318836514e+05 -1.038460776738260e+06
  1.263971124142960e+09  1.195877843278790e+06  4.501628085294383e+04
  1.264406808503981e+09 -2.153840828424540e+06  8.264337971681780e+05
  1.261253553470474e+09 -2.363557681460042e+04 -9.348901450515343e+05
  1.263162090862074e+09  7.659809694451145e+05 -1.446102995562694e+06
  1.263681174020906e+09 -7.538128386307755e+05  1.284471577358099e+06
  1.263722611949595e+09 -8.951265107446919e+05  1.920509233152117e+06
  1.265322793829309e+09  9.551099215291468e+05  4.103455131120596e+05
  1.260163504628540e+09  1.068446729309235e+06  2.755889966864713e+05
  1.266304368576143e+09 -1.985409836557953e+06  1.161459355620856e+06
  1.262016083541255e+09  6.508947271825303e+05 -6.639770603634701e+05
  1.260673109680365e+09 -1.732059995541803e+06 -1.532585246611109e+06
  1.261444361799652e+09 -2.712940530217292e+06 -1.752030293351283e+05
  1.262289821574567e+09  1.123535540625168e+06 -3.192417476770130e+04
  1.262239550857873e+09 -7.372956211996481e+05  7.347032209261627e+05
  1.257838565547369e+09  1.950708588372746e+06  6.100665622519236e+05
  1.264363008499682e+09  2.876905385832993e+06  8.960510366446136e+05
  1.266770301666172e+09  2.320266742699777e+06  7.023256810954658e+05
  1.262107627180728e+09 -2.614914290619258e+06 -4.672339637150466e+05
  1.260366906773445e+09 -1.256152715775245e+06 -1.095392529836313e+06
  1.262018829340558e+09  2.115434006554781e+05 -2.558807183161138e+06
  1.264035261248156e+09 -2.834453907879391e+06 -2.340350349382900e+06
  1.261959120088286e+09  2.738642795214424e+04 -2.092154666779121e+05
  1.261214344468149e+09 -2.326209434257011e+06 -8.887864690314882e+04
  1.263713710294449e+09  1.101294514694305e+06  4.384291468274296e+05
  1.263513237396450e+09 -1.011980063996177e+06 -6.104321148220402e+05
  1.263057418948102e+09  1.306730093023452e+06 -1.834227030444660e+06
  1.263508949276881e+09 -1.772959625337054e+06 -3.209176965705294e+05
  1.266536111089490e+09 -1.232339974592155e+06  1.582298144552427e+06
  1.263349309267269e+09 -2.977824996714272e+05  2.986324088788578e+06
  1.263221954236223e+09  1.619052124330641e+06  5.169753138579333e+05
  1.264592354766540e+09  9.776923037507418e+05 -1.944900036384335e+06
  1.264373983386379e+09  4.024656089294050e+06  1.804224054812250e+05
  1.261579083963482e+09  1.319622164868916e+06  3.384998525123001e+06
  1.261017540327390e+09 -1.175382275910821e+06  2.305455767064922e+06
  1.262993085881415e+09 -2.263709577781055e+06  2.134742929234557e+05
  1.261113899741827e+09  2.205988268532790e+05  1.563154531287334e+06
  1.264906251627602e+09 -1.657721618963594e+06  2.693137265669996e+06
  1.261594172192620e+09 -1.211793618938655e+06  1.246091376183117e+06
  1.265935232197875e+09 -3.733903988397745e+06 -1.337979526800296e+06
  1.262385455012868e+09  4.874998887216307e+05 -2.681708311556186e+06
  1.261434109479638e+09  6.408833624547523e+05 -1.995840591306470e+06
  1.262549498018903e+09  2.421847195385063e+05 -1.303263170086313e+04
  1.263362594127170e+09  1.002588741926062e+05  7.004425771571998e+05
  1.262864737277485e+09 -1.368129039292263e+06 -1.525891044498297e+06
  1.263449444733137e+09 -2.357104783579880e+06 -8.730835574387799e+05
  1.262071675983480e+09  1.957219482456429e+06  1.298546939159757e+06
  1.263991192385868e+09 -1.060839746149800e+06  2.406250383666219e+06
  1.261900222454049e+09  3.118537505233036e+06  1.026340554156103e+06
  1.261409697444243e+09  4.140440628925347e+04 -1.955144535185180e+06
  1.260515022375789e+09 -1.181175189903445e+06 -2.081489718280397e+06
  1.262640483304159e+09 -1.069560906422317e+06 -8.281414133035599e+05
  1.262287232576681e+09  3.356132317443662e+05  1.635011677646436e+05
  1.261566608838159e+09  3.454168503386346e+05  2.401532739546696e+06
  1.263475407270526e+09 -1.590227616614571e+06  3.354497382076154e+06
  1.266218108601155e+09 -3.983788370742565e+06  1.916184690384135e+06
  1.264471499288656e+09  2.683161350029257e+04  5.340229055978516e+05
  1.263772280709890e+09  2.094057376980559e+06  6.476843163528366e+05
  1.260731336130804e+09  3.986056763291025e+05  1.125329810313196e+06
  1.263712895446487e+09  7.682063819172125e+05  1.795753722665040e+05
  1.266008219912007e+09 -2.439154953460434e+05  1.211558836196281e+06
  1.259825541859162e+09 -3.760269379436711e+05  2.547880297285729e+06
  1.263468319428850e+09 -3.436074554598387e+05  1.430866762444501e+06
  1.260122721500705e+09 -2.001312170207207e+06 -5.999036562963848e+05
  1.263101416766102e+09 -1.158719943562998e+05 -1.411666621106581e+06
  1.263301349071126e+09  2.120904557631491e+05 -1.631877266614661e+06
  1.264033144645149e+09 -1.909782384260678e+06 -2.701490160039643e+06
  1.262748104489072e+09 -1.255822462632132e+05 -1.290582201352565e+06
  1.264358214880274e+09 -1.514883789612056e+05  1.813356955189675e+06
  1.260967913504988e+09 -1.532567991222453e+06  1.001249151615283e+06
  1.263627671860617e+09 -2.409087331020410e+06 -1.886528047091374e+06
  1.265152460737355e+09 -2.960251602096527e+06 -2.701106409368254e+06
  1.261242732546427e+09 -4.529319401857863e+05 -1.669508851985298e+06
  1.261035405574600e+09 -2.763098019591641e+05  8.491171856698557e+05
  1.264289554267892e+09  6.481505047741260e+05  1.432186023144907e+06
  1.259348438805288e+09 -3.791736401066271e+05  4.399779581310824e+04
  1.262046486738300e+09  1.889333556479827e+06 -6.783055551136365e+05
  1.262590828296857e+09  3.367588534637290e+05  5.105434678770648e+05
  1.259298690939303e+09 -2.246741148582452e+06 -1.029134375380105e+06
  1.264260703844762e+09 -1.449048747406104e+06  9.413177502402567e+05
  1.262824732293811e+09 -2.225138358805086e+06  1.051606283909941e+06
  1.263075661173648e+09  2.151084341838271e+06 -1.427521532521511e+06
  1.261574704921404e+09 -9.695622508468661e+05  1.627498249813878e+05
  1.264198996047784e+09 -8.950374946642349e+05  1.388612919428939e+06
  1.262528639935211e+09 -1.138223775924840e+06 -5.135607882176880e+05
  1.262763143877066e+09 -3.724903023314112e+06 -4.992377938225836e+05
  1.263012336094727e+09 -1.896432383346404e+06  1.357954305011724e+06
  1.260670883706322e+09 -2.985029241692322e+06  1.343197768227999e+06
  1.261988984610192e+09  2.337319362424958e+05  2.445043731353807e+05
  1.265817236606993e+09 -2.315949688126935e+06 -1.804457862726212e+04
  1.263024107177557e+09  1.218838576782515e+06 -1.479686541697940e+06
  1.264470048991539e+09 -1.000106613548603e+06 -3.122740474172630e+06
  1.263721312462293e+09  7.391229816945696e+05  1.135809851074907e+06
  1.261122780682030e+09  2.018406707350269e+05  2.185611131357404e+05
  1.264525452802698e+09 -2.085046762951907e+06  1.687537438780146e+06
  1.261629394877171e+09 -2.162974850393280e+06  3.811665345601471e+06
  1.265347339178574e+09 -4.242327640622558e+06  3.036476479011198e+06
  1.260375001943435e+09  3.882640496266937e+06  4.860491351288789e+05
  1.261037150751106e+09  3.698405727953772e+05  7.821084431346825e+05
  1.262354924561437e+09 -8.863578705154521e+05  2.010272162531827e+06
  1.262936256427143e+09  6.767939519110182e+04  6.457230907963922e+05
  1.263605122025130e+09 -1.793959294329981e+06 -2.535606603635984e+06
  1.264840367550220e+09  5.156240288621242e+05 -2.848038323552584e+06
  1.261957991151189e+09 -2.274093287068835e+06  4.890741563226026e+05
  1.261932350869174e+09  7.640747377303399e+05  2.147505584612527e+06
  1.266249544720770e+09 -1.837201494498482e+06  2.141153695996199e+05
  1.263958534582330e+09  1.709533271158076e+06 -7.543979381648025e+05
  1.263597949213460e+09 -1.540660612659342e+06  1.138593947007714e+06
  1.263629360982041e+09 -8.378148423071674e+05 -2.907546141243379e+06
  1.266195914090003e+09 -3.584332789867292e+05 -1.352078927591793e+06
  1.262870195115844e+09 -1.332489271829996e+06  1.097050776255471e+05
  1.266618651237668e+09 -2.432707052080929e+06  2.685857837220390e+06
  1.260110542775124e+09 -4.894335914365362e+06  3.613425653672087e+06
  1.265197372731624e+09  3.477834119032282e+06  2.605755524771843e+06
  1.261371144651606e+09  4.936004952807515e+04  4.160913777607642e+05
  1.264748283558548e+09  8.523755368338958e+05 -1.508553263011914e+06
  1.263456013415692e+09  1.755541096030589e+06 -3.855382162415879e+05
  1.264068835224816e+09  2.225542070418271e+05  1.981344891494536e+06
  1.262621201346633e+09  5.946529884125767e+05  1.297552987448089e+06
  1.265648438224704e+09  6.316867743406416e+04 -2.079548958863837e+06
  1.262932304107423e+09 -3.633871722994777e+05 -4.680997749166708e+06
  1.264270787718225e+09 -9.306999861931462e+05 -3.894186335588844e+06
  1.263891874662788e+09  1.394116893301485e+04 -2.966004849412716e+06
  1.266000297919873e+09 -7.373873458484216e+05 -3.941902627985686e+06
  1.258147218774780e+09 -2.658359711588704e+06  3.228033757967990e+06
  1.260007299439487e+09  3.787926462665125e+06  3.761720907138113e+06
  1.262921261921075e+09 -1.475953787063905e+06  9.101919050962731e+05
  1.260610913664086e+09 -3.091645091499431e+06 -1.134049138893954e+06
  1.264054059609025e+09 -4.878473585296259e+04 -9.125674213081534e+04
  1.262088687628280e+09 -1.005408321682700e+06  2.032034364194466e+05
  1.265611324431758e+09  1.650491251523645e+06 -5.913816528488080e+05
  1.260797371139149e+09 -3.360659608955209e+05  6.172757422140368e+05
  1.260512047063914e+09  2.763937613396497e+06  1.572344648218855e+06
  1.261359685626538e+09  9.337551786040494e+05  1.411764028918771e+06
  1.260197904050665e+09  2.352605690405493e+06  5.533956299139254e+05
  1.263819062471831e+09 -2.150186501404232e+05 -1.091143543264017e+06
  1.264213145911085e+09 -1.101458466501445e+06 -2.275394181459165e+06
  1.263182892789701e+09 -1.490667538979148e+06 -2.690161768916849e+06
  1.264324431377324e+09  1.961556363956261e+06 -7.028867004709631e+05
  1.263411468527341e+09 -2.767926585720369e+06  1.524437000671498e+06
  1.264606958928050e+09 -2.430695277437056e+06  2.417761541942989e+06
  1.258121186857600e+09  3.814968681093800e+06  1.620710851049900e+06
  1.264652330939812e+09 -2.636344726533463e+06  7.541209731221877e+05
  1.267486675327839e+09 -2.078195113123201e+06  2.492534033586326e+05
  1.260508895234690e+09  3.570277260227764e+06 -2.993719237135883e+06
  1.263577430303857e+09 -1.883364436486421e+06 -3.057426254462013e+06
  1.262069273349399e+09 -1.592916384430163e+05  5.392267539955964e+05
  1.264557748172536e+09 -3.860639818419282e+05  2.128162960603759e+05
  1.260864614387092e+09  1.997644774115677e+06 -1.792198281208536e+06
  1.264030768470370e+09 -1.913321429088778e+05 -2.472803817802722e+06
  1.261814762532171e+09  3.695744099254703e+06 -1.148387162352236e+06
  1.259465297404798e+09  1.969501405037273e+06  6.660766750281285e+05
  1.265457392862201e+09  1.217744947584305e+06 -7.216200565679823e+05
  1.263302090434870e+09  5.949191638520311e+05 -2.399747080803615e+06
  1.263701094943240e+09  2.564946197421435e+06 -9.933866969053015e+05
  1.263297896417761e+09 -2.823304695444634e+06  1.242917762463164e+06
  1.258222458668274e+09 -4.184036609510198e+05 -1.185058781296414e+06
  1.261254081564633e+09  8.315802288992468e+05 -5.612893207704331e+05
  1.265877196900906e+09 -2.994392259001106e+06  4.700784440432517e+05
  1.261893738402446e+09 -9.986115052500193e+05 -4.170855733792355e+05
  1.262610491460628e+09  4.016451804579259e+06 -1.221934177495243e+06
  1.264835708308546e+09 -2.791694871890155e+05 -1.065076525667645e+06
  1.263151620461665e+09 -1.556128292405593e+06 -1.465849978656791e+05
  1.261804602281115e+09  8.634766483003731e+05  8.457701939558527e+05
  1.264224212590193e+09 -2.155373221866559e+06  2.220538412976623e+06
  1.262849558842690e+09 -7.863859439130136e+05  3.343401188556741e+06
  1.264476775517198e+09  3.985303801515722e+06  1.707463359840071e+06
  1.265147443958037e+09  2.143534198236139e+06 -6.293836162415601e+05
  1.259719161160271e+09  3.301866143889525e+06 -8.469390317127143e+05
  1.263161404723274e+09 -7.770969492161102e+05 -2.376113349650486e+06
  1.265197735771678e+09  1.445315129976146e+06 -3.001037442367456e+06
  1.262099174250419e+09 -2.366483041628083e+06 -1.143697210680627e+06
  1.263044304607589e+09  1.395408548318623e+06 -2.711352628666517e+06
  1.264821306892593e+09 -1.298939882250120e+06 -1.332448552790284e+04
  1.261726231531792e+09 -4.632786753406071e+05  1.753206270394921e+06
  1.263485929176869e+09 -2.137074516283675e+06  1.756331236827840e+06
  1.262066852149804e+09  1.704230958210473e+06  1.587808245587913e+06
  1.263085144828921e+09  1.418407816284437e+06  1.360164091194835e+06
  1.264576638562152e+09 -7.360447748028347e+05  1.457424521889829e+06
  1.262850997311443e+09  1.308443532412778e+06  5.867005856134619e+05
  1.265863818507695e+09 -3.683750497448674e+06 -1.483722853938074e+06
  1.259494022864504e+09 -2.514152277407954e+06 -2.625620861636867e+06
  1.261746990983212e+09  2.705129750655527e+06 -1.308918934304709e+06
  1.262347952740299e+09  2.316843093155089e+06  3.885257104359459e+04
  1.264867172002396e+09  2.443986151114714e+06 -9.725145685511446e+05
  1.261538105518429e+09 -4.788198780601844e+05 -1.857191737685010e+06
  1.261857325706559e+09 -5.017631385246275e+05 -1.804730078381166e+06
  1.261721873809195e+09 -2.362555734224352e+06 -2.728711425799625e+06
  1.267122610006908e+09  1.196811730274044e+06 -1.858088375400908e+06
  1.261941267770453e+09 -2.006901512251887e+06  4.717634230102763e+05
  1.262203653341823e+09 -9.678194893182870e+05  1.089618008660005e+06
  1.261875355737001e+09 -1.919901536036402e+06 -1.066470979429276e+06
  1.265630801377097e+09 -1.194867905249984e+06 -2.127917927364436e+06
  1.262259424146382e+09  9.825460034376673e+05 -6.183361620475410e+05
  1.262567308707014e+09  1.449827338000607e+05  1.276375702744973e+06
  1.263290990194306e+09  9.450045109084033e+05  9.700048887447400e+05
  1.264883105607628e+09  1.325709045238612e+06 -1.179666254845986e+06
  1.261438264021376e+09 -1.973710972108013e+06 -5.092573091529817e+05
  1.260512191259984e+09  2.900234726376211e+06  1.033750352114302e+06
  1.265014614547265e+09  2.795787554630576e+06 -2.406859918651104e+06
  1.262184800793571e+09  1.555622692919411e+05 -5.095005490770229e+06
  1.261390708752985e+09  1.973871290362387e+06 -2.745887856346521e+06
  1.264027327644743e+09 -3.255154212115029e+06 -6.451928480251080e+05
  1.264821086058862e+09 -4.884309742304239e+05 -1.601082919015341e+06
  1.264138854010437e+09  1.391883578471125e+06 -1.908959275653119e+05
  1.263549824604323e+09 -7.762606167799151e+05 -1.224664904186337e+06
  1.262077136109451e+09 -1.850343495139461e+06 -1.301318016518554e+06
  1.263810034137835e+09 -8.197681787130458e+04 -4.620555004818011e+05
  1.262428995651481e+09 -2.443857111519414e+06 -1.613517204586200e+06
  1.263603788313671e+09 -1.590527269449173e+06 -3.202270058006138e+06
  1.261316848950835e+09  1.002796165192716e+06 -3.818513386615028e+06
  1.264837711242254e+09  1.130421825950812e+06 -3.120148287719989e+06
  1.262412115174672e+09  4.442393940947155e+06  4.249860412808998e+05
  1.262460578276384e+09  3.470455798255650e+05  1.559984812266726e+06
  1.262415232995307e+09  4.645013300370277e+06  4.356877011234341e+05
  1.260909903621565e+09  9.484030512671544e+05  2.156118017039491e+06
  1.261840759927702e+09 -2.159525962048384e+06  2.379582424996400e+06
  1.263469113250751e+09  2.480678555807847e+06  1.125574408459499e+06
  1.263475650803220e+09 -2.048085726958107e+06  1.763096572502585e+06
  1.260821111260078e+09  3.836767870740111e+06  1.246569717247489e+06
  1.263564098906486e+09  4.873074184818859e+05  2.441557480718301e+06
  1.260469889627873e+09  2.214885806863575e+05  2.990895125905138e+06
  1.259293361640848e+09 -7.883640433245306e+05  1.370806665206298e+06
  1.258838266272646e+09  4.120897673971721e+05 -2.296034939321586e+05
  1.261900143305464e+09 -7.755156716795808e+05  5.171992335962321e+05
  1.258738695966000e+09 -1.106775425646076e+06  4.685373427129562e+05
  1.259130207353143e+09  6.853746444915837e+05 -8.848213100447778e+05
  1.262065914311834e+09  9.298337344164666e+05  4.114793128028381e+05
  1.259109674789723e+09  1.822169464939122e+06  4.225623733317921e+05
  1.262015581481698e+09  1.053764420147066e+06 -9.397980317704742e+05
  1.263253135461608e+09  4.020976196348499e+06  2.885176519098488e+04
  1.262823517672593e+09 -1.208359615552708e+06  7.649635836444092e+05
  1.263607787779045e+09 -3.638802841046548e+06 -1.061651496521959e+05
  1.264404252426223e+09  2.561822297311105e+06 -1.461699320174963e+06
  1.266591166279237e+09 -8.099795414475501e+04 -2.546354528168433e+06
  1.265943951921702e+09  5.009237759486279e+06 -7.611379890097990e+05
  1.264062592629155e+09 -1.729461174020433e+06  1.142406744153862e+06
  1.262722278488795e+09 -2.059275446819292e+06  9.079779266377594e+05
  1.261911729952101e+09 -3.987920034951848e+04 -5.067366822215304e+05
  1.262727538652736e+09 -2.280787207057790e+06 -2.267451736248478e+06
  1.259277872579169e+09  1.348579803753435e+06 -3.215555955426987e+06
  1.264774652613173e+09  2.920940402463796e+06 -1.935343117395810e+06
  1.262035800521433e+09  1.218051256745845e+06  2.972898807121483e+05
  1.263927296838305e+09  9.714016644395301e+05  2.540531111008699e+05
  1.264183214800434e+09  2.239262383434579e+05  2.345992365883286e+05
  1.266088556703815e+09  2.601055257791248e+06  1.457350436289083e+06
  1.261379534146582e+09  5.048190004940628e+05  6.067122570304528e+05
  1.263710807817659e+09 -1.886030108589518e+06  1.164888096293124e+06
  1.260356542545550e+09 -3.094292347247394e+06  2.630300472712235e+06
  1.265150213702109e+09  3.763890105945360e+06  1.647623203356731e+06
  1.267409985702173e+09 -9.887893706332853e+05  5.365201812989521e+05
  1.263223770191188e+09  2.883926683923951e+06  4.964382148136119e+05
  1.262457313305260e+09 -2.324244607141143e+06  6.756138246000719e+05
  1.265000763784622e+09 -5.043780635469593e+06 -9.125042283532472e+04
  1.264281258290442e+09 -1.429961362965511e+06 -2.147030340837468e+05
  1.262782681396837e+09 -4.193264817294093e+06  9.898972281557989e+05
  1.261613753354594e+09  1.170510327438496e+06  5.826974380683596e+04
  1.263256726265068e+09  2.695742962988354e+06 -2.116970024304031e+06
  1.263205386896991e+09  2.001899909692295e+06 -6.238603537380270e+05
  1.261409346195282e+09  1.429074347709876e+06  2.992024194686218e+06
  1.262067199813310e+09 -2.252374081318049e+05  2.158651403967361e+06
  1.265750595782054e+09  3.184495566098567e+06 -1.920017715291929e+06
  1.263450447193600e+09 -3.951983119022452e+05 -1.217949174151585e+06
  1.265901148040636e+09 -4.778850736637106e+05  2.294016555680374e+06
  1.262433184258884e+09 -4.235862365969621e+06  3.156764841186514e+06
  1.266980999844907e+09  3.555496484064159e+06  1.627819168248709e+06
  1.260125289805197e+09 -1.365521243594707e+05  1.057589027921746e+06
  1.264082909496767e+09 -2.368141623475797e+05  1.274857295170406e+06
  1.260554754604842e+09 -4.806744297110143e+05  3.528888030979239e+05
  1.262257402525811e+09 -2.477964306629101e+06 -3.627233033595730e+05
  1.262648834324236e+09 -2.392167345885325e+06 -3.780506707895415e+05
  1.262439732514828e+09 -3.929839288732252e+06  9.883538324955073e+05
  1.265164319993100e+09 -6.063354808140179e+04  1.149596417493702e+06
  1.264332285656127e+09 -1.614807289246205e+06 -2.185658196803680e+06
  1.261536957771428e+09  1.076951537951716e+05 -3.091531193976127e+06
  1.260609321529809e+09  2.786997169990077e+05 -9.654240135677296e+05
  1.261305390798524e+09 -1.185526918635692e+06  7.936689412966935e+05
  1.265339627458861e+09  2.400906150801523e+05  2.082309105585350e+06
  1.262177048386936e+09  1.447549119506958e+06  1.864236000120007e+06
  1.261459163568386e+09  1.772532729564848e+06  1.574813634532549e+06
  1.260069727059571e+09 -3.859082123201646e+06  1.437349422450866e+06
  1.261921939571202e+09  6.956930743726596e+05 -3.043065539784563e+05
  1.264698659016220e+09  1.129572198789013e+06 -2.257810653148058e+05
  1.264893327983034e+09 -1.950986845125592e+06  1.075012149474685e+06
  1.264457185604717e+09  1.287036547250981e+06 -1.226112440153420e+06
  1.262324198477467e+09  1.059657183089979e+06  3.941484119419564e+05
  1.264013171365040e+09 -4.239533201149618e+05  1.144738590062181e+06
  1.261064672011232e+09 -4.231959528179528e+06  3.128546642491377e+06
  1.265541887144044e+09  7.512328958306646e+05  2.422754848642346e+06
  1.261725435855354e+09 -3.736400243340929e+06 -8.379393429263710e+05
  1.260014043925591e+09 -6.741779502636010e+05  5.329054528516127e+05
  1.263722207678405e+09 -2.782709598196190e+05  2.743295033866130e+06
  1.261632886561461e+09 -2.370784249650973e+05  1.535922424229714e+06
  1.264760814537544e+09 -1.091984709624964e+06 -6.712339965299601e+05
  1.261250570258631e+09  4.241232411848779e+05 -6.773241933996633e+05
  1.265124127525481e+09  2.565741988527075e+06 -1.020146712865584e+05
  1.262302286853309e+09 -5.494087551811998e+05 -1.849444581619510e+06
  1.264508319590735e+09 -1.786994482050032e+06 -1.896503830975789e+06
  1.261779646484726e+09 -2.911339418334512e+05  9.701690568027197e+04
  1.261803052089615e+09 -2.100366453638019e+05 -7.778412402877123e+05
  1.264121240297594e+09  1.456506355994894e+06  1.371601503434104e+06
  1.261971211639578e+09  9.030587470710243e+05 -2.919214713560882e+05
  1.261926519593406e+09  2.695862675448193e+05 -2.346992110712729e+06
  1.262761983174271e+09 -3.931995553024971e+06 -2.054286868005538e+06
  1.261404889922822e+09  2.273727352018966e+06 -6.103883624666382e+05
  1.261678786118826e+09 -2.685541211899784e+06 -1.021858151873636e+06
  1.258569307843182e+09  1.223884858875859e+06 -1.646220708978924e+06
  1.265346506921862e+09 -2.369370953283487e+05 -1.343155681030089e+06
  1.263099230369334e+09  1.210146812536454e+06 -7.249836960772186e+05
  1.263205620401911e+09  1.312367130910143e+06  1.115985930758485e+06
  1.264425366303322e+09 -7.990587942588769e+05  1.925425299388203e+06
  1.264791751798145e+09  2.314619630188868e+06  7.059975687355134e+05
  1.262049108211164e+09 -4.313354552881946e+05 -9.803762851812455e+05
  1.264810637101628e+09 -2.032650712515621e+06 -1.547477990587041e+06
  1.261487268282743e+09 -2.078104541995944e+06 -6.738996337006430e+05
  1.261997531069762e+09  1.836424075207834e+06  7.508826690636191e+05
  1.264107019561228e+09  1.586473846442750e+06 -3.627680649131306e+06
  1.262700356351152e+09 -1.300257809272542e+06 -4.247205287965127e+06
  1.262767199490249e+09  9.538106724924413e+05 -1.080381804753629e+06
  1.259700530884546e+09 -3.671128058059316e+06 -9.409967808747730e+05
  1.261793975931619e+09  2.544965516613307e+04 -2.527884179912092e+06
  1.264768053555836e+09 -9.922756648728536e+05 -1.247136542686401e+06
  1.260921142585662e+09  2.036675400220792e+06  2.550862655334960e+06
  1.265176021844310e+09 -8.406200107338328e+05  3.869504925317370e+06
  1.262111984988754e+09  1.104025090662293e+06  2.969333204481238e+06
  1.259898224391641e+09  1.758816345650174e+06  3.217156282126497e+06
  1.260827823970540e+09 -1.085848386281851e+04  2.034775560843399e+06
  1.264491238787118e+09  7.366899065226261e+05 -8.743669939397435e+05
  1.261394216027081e+09 -6.562106707148625e+05 -1.189628438730798e+06
  1.259230946466577e+09 -3.332099285530998e+06  6.853581501377348e+05
  1.262406920198668e+09 -3.201756824148886e+06  1.868995617164654e+06
  1.262678985884341e+09  1.349687646577761e+06  5.360782131821023e+05
  1.262832165865388e+09  1.039055728470618e+06  4.960102300217138e+05
  1.263713302684397e+09 -2.462275103382945e+06  1.255755401083011e+06
  1.262514487304013e+09  1.920757041574666e+06 -1.030927033511050e+06
  1.264580304190847e+09 -3.410122077953877e+06 -1.178797578637813e+06
  1.262828249215076e+09 -3.755217681878410e+06 -9.277986567636478e+05
  1.263262763758500e+09  8.952701746278364e+05 -1.419482524548216e+06
  1.262817425888145e+09  9.842999460392278e+05 -6.962915752810863e+04
  1.264357819116348e+09 -1.734958517859545e+06  2.442491703967861e+05
  1.265471457979272e+09  1.192668549178938e+06  7.109273157141323e+05
  1.264857627459470e+09 -5.951419087855038e+05  2.192605464005939e+06
  1.261315868679384e+09  8.621406593493305e+04  2.159836280614966e+06
  1.260044365490319e+09 -1.511308323590551e+06  4.176727466129567e+05
  1.259765933414654e+09 -5.274731178479256e+05 -5.945211010279957e+05
  1.265683007211518e+09 -3.603309428086827e+06  4.084144689441622e+05
  1.264693872059111e+09 -3.242359640235942e+06 -1.159993547934014e+05
  1.262366877676514e+09  3.722267588763753e+05 -1.292518625129073e+06
  1.264817103881146e+09 -2.191702110377606e+03  1.652471491937910e+06
  1.260571743196870e+09 -3.865338235964059e+05  1.260387392970006e+06
  1.262291313897517e+09 -1.198332413549766e+06  6.005758578259347e+05
  1.259697432222682e+09 -1.511855730013196e+06  4.634553580547142e+04
  1.263749514129550e+09 -4.919758200589748e+06 -5.391248658040934e+05
  1.261882452260283e+09  2.792238576878062e+06 -4.846590001318081e+05
  1.262400761097078e+09 -5.478548486238942e+05 -7.006965320618753e+05
  1.262386250452227e+09 -9.627482229919006e+05 -1.012225484924782e+06
  1.265246725539320e+09  1.426682952632976e+06 -7.019624129715690e+05
  1.263648689164810e+09  2.693151778011901e+05 -1.337807384675273e+06
  1.265365161017266e+09  2.182442003878400e+05 -1.439650814660586e+06
  1.263445616730232e+09 -1.984298787779475e+06  1.314819549497085e+05
  1.260816126056552e+09 -1.334028406978333e+06  7.411540516243805e+05
  1.263775785240370e+09 -2.359794173276639e+06  8.353784535159414e+05
  1.263296722584115e+09 -3.405122375445553e+06  1.358004027457708e+06
  1.261600159202778e+09 -3.515697811465388e+05  1.531869335840290e+06
  1.263175622644453e+09 -1.487593469427290e+06  9.105178973635895e+05
  1.265033778055032e+09  1.519866602446286e+06  3.570591973931367e+05
  1.263574712510850e+09 -3.133295868716911e+06 -2.232230236630134e+05
  1.265510017812185e+09 -1.356285924887098e+06  1.446574043910010e+06
  1.261337846320438e+09 -3.612388863088995e+06  1.134618123012223e+06
  1.263764692488548e+09  1.890120214277001e+06  6.146510413168925e+05
  1.262428839109245e+09  9.987188103009597e+04 -8.048477907653956e+04
  1.265730696396053e+09  4.186769421224251e+05 -1.714865617629698e+06
  1.263839910113127e+09  1.627332212868670e+06 -1.224957957847783e+06
  1.264142314588463e+09  2.148132808149487e+06  2.302167849955735e+05
  1.263694240502477e+09  1.210020518497819e+06  1.372083972237493e+06
  1.267109409752600e+09 -1.568369956252375e+06  2.902806245391159e+06
  1.262753221498203e+09 -1.648365186275459e+06  2.854479583813203e+06
  1.264484279603312e+09 -3.075863238630917e+06 -1.197231912155089e+06
  1.262820679183307e+09 -1.799261915978177e+06 -3.908457533567156e+06
  1.263776745952713e+09 -1.854833898326244e+06 -1.804633500949296e+06
  1.258116130459242e+09  5.676475956586642e+05 -1.511780460020830e+06
  1.260287477147704e+09  2.534110582031423e+06 -2.036578695473191e+06
  1.265294932502986e+09 -4.646038863127379e+06 -2.659087735364194e+06
  1.263708461570416e+09 -2.063094455713076e+06 -1.885412534443185e+06
  1.264093934913098e+09  7.527666595879389e+04  7.695182976344537e+05
  1.262377854792005e+09 -4.096426046160250e+05  2.548156942836097e+06
  1.262779089598327e+09  1.329442174627438e+06  1.927243337561216e+06
  1.257843517340884e+09 -9.578328099059653e+05  1.807110847137461e+06
  1.260274547324514e+09 -1.737020606320805e+05  1.305045105451391e+06
  1.263287162257735e+09  8.889752008350167e+05 -6.108590338571133e+05
  1.261575593749038e+09  1.862133714647242e+06 -9.063712262705077e+05
  1.264628585284111e+09 -1.460255939740715e+06  1.066534721171603e+05
  1.265969779855287e+09  4.976808976761316e+05 -2.372193978403132e+05
  1.261182397840161e+09 -5.140928716607321e+05  1.283319945039882e+05
  1.264574645898637e+09  2.856600529332071e+06  5.111258820372534e+05
  1.263021509388687e+09 -1.367680142926741e+06 -8.589291896329648e+05
  1.263758191599814e+09 -3.026454232587973e+06 -5.088805605585123e+06
  1.260219197837719e+09  4.720512899307542e+06 -4.721337435116083e+06
  1.261858718214969e+09 -3.575302037976099e+06 -2.254479079356304e+06
  1.267219230853287e+09 -1.912787953364959e+06  5.633385324687541e+05
  1.263064777750431e+09 -1.308445953969697e+06  1.177960248335880e+06
  1.264985498076968e+09 -2.224464389525661e+06 -2.118096314113696e+06
  1.261140322153730e+09  3.774169297261897e+06 -3.738180200652516e+06
  1.263392709022516e+09 -3.305882673349204e+06 -2.416812030980996e+06
  1.261687737809662e+09  4.743522029062429e+05 -1.400548619991848e+05
  1.263917676121531e+09  3.645874365757327e+05  1.243560484148930e+06
  1.262082223025017e+09  2.542607433171778e+06  1.453889207560840e+06
  1.258256621664546e+09 -2.943443637897752e+06  1.868507900547187e+06
  1.264749949152047e+09  1.717544058479431e+06  1.853201733202505e+06
  1.262575591765043e+09  7.375892265437687e+05  6.297257911279786e+05
  1.261653284116936e+09  1.481319950345189e+06 -8.136006791757437e+05
  1.262647527536765e+09 -3.832044240566882e+06 -2.598956165750595e+06
  1.259973173017391e+09 -6.367090263491018e+06  2.039755671184470e+06
  1.260021327450694e+09  3.498242191158169e+06 -1.190198354422880e+06
  1.265818674488305e+09 -1.382937451140609e+06 -2.301311148205846e+06
  1.264132151472442e+09 -2.655752888917705e+06 -2.332253101955521e+06
  1.263654560460289e+09 -9.313500855968413e+05 -7.292664157435735e+05
  1.263668813442101e+09 -1.045903896370631e+06  1.885267289721058e+06
  1.265079769205315e+09  3.580756460787063e+06  2.081812849539262e+06
  1.261237812472533e+09 -8.633631512934021e+05  8.666618838104049e+05
  1.265938095364358e+09 -1.586774918853808e+06  6.671467463313113e+05
  1.263545721077131e+09 -8.181102513010211e+05  1.730246477927389e+05
  1.263322432964231e+09  7.613289581599119e+05  8.556040846160752e+05
  1.264475717809867e+09 -2.281208366540364e+06  1.622917376895091e+06
  1.259622134939732e+09  3.064672740900535e+06  1.696231343740064e+06
  1.260946196714556e+09  1.407110048687899e+06  1.060158069808742e+06
  1.263048253743936e+09  7.916214709457163e+05 -9.304685663325776e+04
  1.260915830425689e+09 -1.663366111158355e+06  2.131348463180141e+06
  1.261129958917171e+09 -5.082871040075131e+06 -1.673825322735108e+06
  1.264048457624366e+09  1.975028416008074e+05 -1.207508717751388e+06
  1.259197434855420e+09  8.571381202211248e+05 -1.944719633162582e+06
  1.262755556206310e+09 -1.922280011477066e+06 -4.775963016052420e+05
  1.261532466502591e+09 -9.764191486033321e+05  2.902164154987517e+06
  1.261479569206092e+09  1.579294977923995e+05  3.105212506367745e+06
  1.263551838384333e+09  1.280212014826059e+06  2.460289083540359e+06
  1.265872721559005e+09  1.968550013819766e+06  3.440290583890062e+06
  1.265472784248872e+09 -2.779463283264867e+06  3.218942792136876e+06
  1.258475384009680e+09  7.644769697162826e+05  1.722273499398819e+06
  1.262111518373151e+09 -1.521417314580276e+06  5.850155445393428e+05
  1.263228311676732e+09 -2.208789777931857e+05  6.024256815183496e+05
  1.266742743388834e+09  1.329134343205513e+06 -2.856572755107868e+05
  1.260445618642379e+09  2.893903295426681e+06 -1.947624406097576e+06
  1.261631818500612e+09  1.400786473400954e+06 -3.021256982776389e+06
  1.262263701161166e+09 -1.853263341299294e+06 -2.996520484700467e+06
  1.266472591852804e+09 -2.736704755132189e+06  3.317330988464988e+06
  1.262092839994966e+09 -1.802338308712362e+06  8.216442780795285e+05
  1.262399358816169e+09  1.052445980587088e+06 -1.628854308919339e+06
  1.261830663880898e+09 -5.873001439826728e+05 -7.177325116146847e+05
  1.263477067106497e+09 -8.450751677721670e+05  7.091989969133215e+05
  1.263464535644449e+09 -1.973558145470244e+05  3.938745551308233e+04
  1.262812640612878e+09  2.095103041532639e+05 -1.026571246200374e+06
  1.262243894131381e+09  5.931934188160803e+05  1.111956894494464e+06
  1.260538764517088e+09 -4.619713950153895e+06  2.163605155297820e+06
  1.261314573003634e+09  1.242340211125393e+06 -1.784168293323522e+06
  1.261411255585330e+09 -1.324218537868093e+06 -3.441633323547153e+06
  1.265604893393804e+09  1.178800685851702e+06 -1.741845246010922e+06
  1.263865711308495e+09 -2.393667650802747e+06 -1.915786404915039e+06
  1.261970979353198e+09  3.525359392845741e+06 -1.260806387349085e+06
  1.260824497041280e+09  5.354049559712380e+05  1.795790850708656e+06
  1.264382194862936e+09 -3.245424279677634e+06  3.504644518014404e+06
  1.266231723640249e+09 -2.224929541192417e+06 -9.366871324121293e+05
  1.262150203785460e+09 -2.312636073115894e+06 -1.268307069430583e+06
  1.262450398297370e+09  1.806217907542409e+04 -1.984206426994100e+05
  1.265665602345531e+09 -1.127096545863102e+06  1.348305354580094e+04
  1.260144217872070e+09  5.848406998320813e+05  2.373023078555090e+05
  1.262766039306243e+09 -2.389664039219317e+06  8.904432429503161e+05
  1.261943264223225e+09  4.510545789007496e+05  1.868766424628136e+05
  1.265988731656087e+09 -6.319348887203527e+05 -1.477409481308992e+06
  1.261865461346582e+09 -2.625025204990792e+06 -1.163164326345531e+06
  1.263492203033939e+09  1.275821336930641e+06  2.440969406645684e+06
  1.264158212585835e+09 -1.666012611281093e+06  5.511760932569640e+06
  1.261824842985164e+09  1.485396201277559e+04  2.702231977302672e+06
  1.264725652566556e+09 -2.394307437494883e+06 -1.029649430951625e+06
  1.263740438845994e+09 -4.627101417939155e+04 -7.023288371811536e+05
  1.262900251841999e+09 -1.814313560913322e+06 -9.915937429037814e+04
  1.262215143756308e+09 -3.647661964888221e+05 -9.022331633722477e+04
  1.262348186114878e+09 -1.485752171761533e+06 -9.863093479302919e+05
  1.262036826364236e+09 -2.075244676481643e+06 -5.559768154209702e+05
  1.261209941249490e+09 -4.993681970702022e+05  4.159376736226659e+05
  1.260331112948204e+09 -2.313813663794519e+06 -6.431724325151354e+05
  1.263252675714171e+09  1.348350963439534e+05 -2.425883324802897e+06
  1.259625406885680e+09 -3.470400006724862e+06 -6.244626625943637e+05
  1.259039328542737e+09  2.474176765380821e+05 -6.547910389218328e+04
  1.263785751478653e+09 -6.992157907057367e+05 -3.656719644805457e+06
  1.258517320619772e+09  1.959850349390357e+06 -3.775447778918489e+06
  1.262838911457488e+09  1.714277044540507e+06 -6.598246879606906e+05
  1.264670035755876e+09 -3.866626248177684e+06  1.729388452544608e+06
  1.265718066015400e+09 -1.737791141659159e+06  2.573069364410641e+06
  1.265471911459317e+09  7.623711885043012e+05  2.450913907029173e+06
  1.265615025060778e+09 -2.325989613942019e+06  2.922627398518836e+06
  1.265875919008424e+09 -1.404774232590197e+06  1.856549036199367e+06
  1.264714964695450e+09  3.506707215643179e+05 -1.558710057808057e+05
  1.265087145110140e+09 -1.626403334003526e+06 -1.729818027998383e+06
  1.266121478255613e+09 -5.922509128148179e+05 -1.218546315150824e+06
  1.262008016401237e+09 -9.213190257146652e+05 -1.661146867479589e+06
  1.264151270391490e+09 -1.374579589698594e+06  9.112105684619469e+05
  1.260921197278312e+09  8.526126983319409e+01  1.977178985172909e+06
  1.263625856371753e+09 -2.572230723331986e+06 -8.463789931158510e+05
  1.263294241250157e+09  1.714477731964779e+06 -4.374597697509326e+06
  1.267152326676120e+09 -9.782897917568748e+05 -4.624150554754816e+06
  1.263403562054185e+09  4.478721096450227e+06 -1.816185586823019e+06
  1.267866135923760e+09  1.566462665447596e+06 -1.331005921410427e+06
  1.261472832231189e+09 -4.735171696021530e+06 -1.120085443723728e+06
  1.263772008399374e+09 -1.390926067628539e+06  2.936570206760077e+05
  1.260832925423037e+09  1.352590056175777e+06  1.298426068538163e+06
  1.264023730692754e+09 -1.645052936688659e+06  1.249702993779520e+06
  1.265037341877948e+09  6.484040709259908e+05 -7.592494052973435e+05
  1.264828321777955e+09 -1.122567341622469e+06 -2.619966773603542e+06
  1.261215968378459e+09 -1.663121260713710e+06  2.987165525628286e+06
  1.266342772011450e+09  7.688227782936189e+05  2.643075406666634e+06
  1.264151758502025e+09  1.464281910216360e+05 -8.404749430418897e+05
  1.265261999579910e+09  4.541739440852411e+05 -1.003231583345101e+06
  1.259852506762976e+09  1.220682535437655e+06  1.048088210659056e+06
  1.261533991544124e+09 -2.093538172489228e+06  1.520807576749948e+06
  1.262624065988111e+09  3.556824127429053e+06  1.238153403053768e+06
  1.262848378459854e+09 -6.529357827627388e+05  4.203333034062163e+05
  1.264276985941858e+09  5.383228303314365e+06  4.091004442724133e+05
  1.264171163573995e+09  1.307377915475834e+06  1.078560446651502e+06
  1.262198577249865e+09 -1.436736781420180e+06  1.352678089249314e+06
  1.265794068709147e+09 -1.797814157074222e+05  1.782465443880815e+06
  1.264956518844877e+09  3.517028471687260e+05  1.548747575589682e+06
  1.265146560142479e+09 -1.213150737154498e+06  3.046959671015766e+06
  1.263244429109643e+09  2.900610746356624e+05  3.863082450631081e+06
  1.264983422900431e+09 -6.456083163547114e+04  2.117570491015501e+06
  1.259415729238232e+09  1.686215613354377e+05  4.560152453008533e+05
  1.263262675128061e+09  3.270710589863918e+05  1.055096629577244e+06
  1.263659820331837e+09  8.060319050319490e+05  9.043685415451108e+05
  1.264726194322420e+09  1.340174480391346e+06  5.572747825970016e+05
  1.264489241101859e+09  3.643891604431845e+05 -2.074372029969385e+05
  1.262086533782818e+09 -1.047562525018817e+04 -2.660949783745486e+06
  1.263244631162778e+09  2.101878071375517e+06 -2.866719683037288e+06
  1.261617919959279e+09  1.448623031387974e+06 -9.923820533100253e+05
  1.262531850308983e+09  2.135800713324777e+06  1.595468188280360e+05
  1.266429832293564e+09  6.748481522155049e+05 -6.798327350984906e+05
  1.264013757153925e+09  1.594396847489402e+06 -2.412837548607352e+06
  1.262699328387260e+09  9.564214124084439e+04 -2.237491216221386e+06
  1.260642389104556e+09 -6.762333470390012e+05 -6.121795655747945e+05
  1.264107492215177e+09 -1.123059742754268e+06  1.778358850855875e+06
  1.264543079122878e+09 -7.466636545631239e+05  1.602169276904466e+06
  1.264395891036842e+09  1.055878088326602e+06  2.028514077071371e+05
  1.263337220638321e+09 -3.536846001014528e+05  2.845005651913818e+05
  1.261926102329764e+09  1.611245134221867e+05  4.768301915931668e+05
  1.265346457440069e+09 -6.443868123536850e+05 -7.429666922280751e+05
  1.262171281288361e+09  6.487900921763342e+05 -1.403078913755162e+06
  1.264626512130454e+09 -2.267762562629830e+06 -8.333523778645205e+05
  1.261409828848510e+09  8.150946077644752e+05  1.758934548761282e+06
  1.260868391208887e+09 -8.012022422658742e+04  1.693889442102351e+06
  1.266023133421282e+09  1.235353603631998e+06  3.688401317006326e+04
  1.263298922063491e+09 -3.372795678426847e+06 -1.102982850768279e+06
  1.264351508336997e+09  1.158124555750839e+06 -9.204461460359849e+05
  1.260284221663147e+09  2.946141366756508e+05  2.103078763986262e+06
  1.262530392429996e+09 -1.399233910712023e+06  2.549308194917981e+06
  1.264749945796848e+09 -9.414924444774847e+05  8.551683316113420e+05
  1.264810655697914e+09 -6.236532248980938e+05  5.482887249747363e+05
  1.261587290389023e+09 -1.429626111404369e+05 -1.566399283022251e+06
  1.260598635706297e+09  6.727207010276071e+05 -2.355784714617278e+06
  1.266194882250681e+09 -1.639803257648976e+06 -1.504914390795595e+06
  1.263004798399108e+09  1.350869589867388e+06 -2.854820606607449e+06
  1.264284031130229e+09 -1.012778307650160e+06 -1.785065173422786e+06
  1.263085227426039e+09  8.414499264712259e+04  1.835759995075357e+05
  1.262467863575411e+09 -4.104055556222818e+06  3.996443140723024e+05
  1.263147909640244e+09  8.634377051504649e+03 -6.584288699161205e+04
  1.256746061952385e+09 -1.120230056643893e+06  1.645790387965779e+06
  1.264900454139546e+09 -2.267111522581355e+06  2.623437074193331e+06
  1.262783567070354e+09 -5.071124675298415e+06  1.709960287966106e+06
  1.262924319009926e+09  8.503798893839064e+05  2.681701221574128e+06
  1.265287469562906e+09 -1.550793454577022e+06  3.251419235045401e+06
  1.263905384302222e+09 -1.447213055582325e+06 -6.921658343405686e+05
  1.258839942740587e+09  5.159284387006233e+05 -4.282796398990797e+06
  1.263574841269944e+09  1.487859272460160e+06 -3.377214900941901e+06
  1.262483504478208e+09  4.127256649803329e+04 -8.369685181975894e+05
  1.260738783273887e+09  3.116553279024120e+05  9.839967724933801e+04
  1.262757016465759e+09  2.962985053132657e+05 -1.740024728468284e+06
  1.263759760762821e+09  1.842392914753692e+06 -9.690886250767977e+05
  1.261410847854423e+09  1.514334307849220e+06 -2.176559862603459e+05
  1.261890165380052e+09  7.041684477890360e+05  6.612244888102863e+05
  1.261368410068648e+09 -4.043830194672785e+06  5.322458404572092e+05
  1.262872238018094e+09  1.007296763970531e+06  6.932883867260333e+05
  1.258918287716037e+09 -2.173281125527828e+05  5.322628240126935e+05
  1.265042192714212e+09 -2.795890662710321e+06 -1.365835386456698e+06
  1.262771879585720e+09 -2.526243529754264e+06 -1.112564602342031e+06
  1.261140350802818e+09  1.035315055967584e+06  2.282653645872959e+06
  1.260564235691575e+09 -3.547110542268595e+06  1.093295550438412e+06
  1.264516153332907e+09 -3.388937585016475e+05 -4.825967672795068e+06
  1.262109970470767e+09  1.066388155666277e+06 -5.839264100127861e+06
  1.262084175976106e+09  3.000431375247560e+06 -1.893286566789318e+06
  1.261876273853673e+09  2.670298949789855e+05 -1.088628466247389e+06
  1.265542758441313e+09 -7.788232582425363e+05 -2.423321938828522e+06
  1.263874017865036e+09  4.497385749545163e+05  4.226432759094928e+04
  1.263939118712297e+09  1.919960315374165e+06  1.114536221429029e+06
  1.265677478583666e+09  1.540839719831693e+06  1.163210316003086e+06
  1.265160075149047e+09  6.830411321391701e+03  1.135702664439650e+06
  1.260640266041044e+09 -2.518224274790817e+06  2.604816601335093e+06
  1.261897881284640e+09  3.241614493500023e+05  2.451063208588424e+06
  1.262287244250826e+09  2.022097498340390e+06 -3.340630379879056e+05
  1.265711898940099e+09 -9.254902463078429e+04 -1.211122793126999e+06
  1.265723472309814e+09  1.535720414007186e+06  1.328663422371181e+06
  1.264177644558577e+09  1.924473437469896e+06  2.326015622012529e+06
  1.261811957310919e+09 -4.247867133075140e+06  9.579011614179774e+05
  1.261223483725555e+09 -7.109779812644554e+05 -1.150773341018454e+05
  1.259005773812556e+09  8.263065714140106e+05  8.572370830197796e+05
  1.265363301586174e+09  7.980887164924575e+05  2.413949606068200e+06
  1.264396356102079e+09  1.360086145325283e+06  2.821879632300891e+06
  1.261223226439073e+09 -2.043750215287495e+06  1.326842310742744e+06
  1.265545904749722e+09 -8.812725204208677e+05 -3.174593968549632e+05
  1.262070980798437e+09  1.595083841327233e+06 -4.740613357156282e+04
  1.261362307053284e+09 -2.710118242666329e+06  2.974410404544732e+06
  1.259082071364927e+09 -1.026199119041061e+06  4.665598129546382e+06
  1.261646881142911e+09  1.220872974930936e+04  2.143378761933180e+06
  1.264020369182169e+09 -1.097933029609606e+06 -8.078819172998864e+05
  1.263153149436626e+09  1.248542807125915e+06  8.238277194824751e+05
  1.262442095430682e+09  1.898115371159152e+06  5.116730692088428e+06
  1.267508003592127e+09  9.484576789765164e+05  5.166857487006216e+06
  1.262145329651025e+09  3.411257512119711e+05  2.008498011419023e+06
  1.264171958798721e+09  2.631584796579205e+04  1.721161547083224e+06
  1.265998578397431e+09 -8.057007433924724e+05  3.038430893263956e+06
  1.260072616590945e+09 -3.055165552521462e+04  2.451175481157152e+06
  1.263230649638846e+09 -1.650179129294983e+06  1.087531321481077e+05
  1.262530102503519e+09  2.438106905060636e+06 -3.670726903434828e+05
  1.262577987748190e+09 -3.216909815279652e+05  5.135565064124426e+05
  1.265659018069517e+09  3.584217985697280e+05 -2.035503527711460e+06
  1.263777028887634e+09  9.111641165869476e+05  1.451974385310658e+06
  1.262075827405759e+09 -4.882313639718812e+06  6.428586330016293e+05
  1.265080672192613e+09 -1.933433571354222e+06 -1.004992228464589e+06
  1.260078517557725e+09  1.312814828860225e+06  2.573542261281172e+05
  1.261394110754002e+09  2.137273005104113e+05  2.705512731722454e+06
  1.263737261887282e+09 -3.486139221429511e+05  2.404182011816566e+06
  1.263894137370511e+09  1.616019052060360e+06  2.416736292764994e+05
  1.263015713987000e+09 -2.136675069273272e+06 -1.437608066373357e+06
  1.263627397501226e+09 -5.516244041343520e+05 -1.542772082547032e+06
  1.263473441949631e+09  2.353958476587455e+06 -1.272078987845381e+06
  1.265460820501342e+09 -4.211209734904878e+05 -1.729992149402377e+06
  1.262678837797027e+09 -2.938586043301155e+05  4.293047886655276e+05
  1.263869171044482e+09 -1.497221577469417e+06  3.374535372257821e+06
  1.260855693069081e+09  3.260195996174519e+06  7.105306326890974e+05
  1.264184757151051e+09  1.430703736459151e+06 -3.796899947784423e+06
  1.260099115588617e+09 -1.120833684071617e+05 -1.023940441672872e+06
  1.261761636836270e+09  9.418613522212745e+05 -3.927967734068482e+05
  1.265564450150914e+09 -3.562482885262190e+04 -6.495994277102777e+05
  1.266918951371905e+09 -1.303886234299937e+06  8.477129459056468e+04
  1.263656601526233e+09 -8.578182949117552e+05  8.929219713382300e+05
  1.264542223303765e+09 -1.770978857156294e+06  7.044258936484372e+05
  1.262342089700555e+09 -1.928223931957300e+06  1.240331158492835e+05
  1.257563326294778e+09  2.893038992708520e+06 -7.777032743912677e+05
  1.262842952844562e+09 -1.790040356871900e+05  5.796451930187084e+04
  1.266054442800618e+09  6.061673242604458e+05  1.550333528109823e+06
  1.261505603810905e+09 -2.592798169466299e+06  1.519989075234869e+06
  1.265669109848217e+09 -1.737252292665020e+06  1.438334402700064e+06
  1.267722025307534e+09 -1.316110106600452e+06  8.507029954562454e+05
  1.261442326973066e+09 -1.265203056289413e+06  1.126132098564381e+06
  1.264383083722041e+09 -8.888087745683492e+05  1.788158790741747e+06
  1.260755964918473e+09  2.087776886995436e+06 -1.732665712759554e+05
  1.262876167486946e+09 -3.428685980157288e+06 -1.915075510293344e+06
  1.262862831507347e+09  2.732919174810851e+06 -1.940910906292238e+06
  1.260720502324579e+09 -1.167766730030900e+06 -2.722701212673750e+06
  1.265568696639042e+09 -1.950155448246373e+06 -1.842014981382353e+06
  1.262675568253301e+09 -2.356134889676035e+05  3.819275102468377e+05
  1.262614259305943e+09 -2.472368865899296e+06  4.927849574667462e+05
  1.262652116222154e+09 -2.707258472594304e+06 -8.084609940355197e+05
  1.262750786292991e+09  9.887078498361970e+05 -1.563755651608591e+06
  1.262473971490630e+09  5.447986448695681e+05 -8.675138599379873e+04
  1.262526190177159e+09 -7.164196276810084e+04  1.551469872506659e+06
  1.263879162128603e+09 -2.216819238783204e+06  1.433823495561315e+06
  1.261401872119829e+09 -4.730322605829791e+05  6.539482878932243e+05
  1.265747226497516e+09 -1.267484668189211e+06 -2.288856747830478e+05
  1.260782415719215e+09 -4.862715032480982e+05 -1.117500706399654e+06
  1.260595595928554e+09 -1.935577880031414e+06 -1.470083109087949e+06
  1.262085455614021e+09  2.069344432956752e+06 -1.650227753244935e+06
  1.260442205689750e+09 -4.217199134699868e+06  9.659100790364619e+05
  1.261193060403064e+09  3.595138671300256e+06  2.024017741789265e+06
  1.265019612784156e+09 -1.116175413897003e+06  1.255519158956997e+06
  1.265935766585230e+09 -4.959571920938158e+05 -5.256471451191985e+05
  1.262890951998971e+09 -1.508910606481965e+06 -1.644958685352814e+06
  1.262295799974880e+09 -2.906232762868257e+06 -1.050128728576982e+06
  1.264004130137604e+09 -1.838549000732653e+06  7.765507912142389e+05
  1.261234988958681e+09 -2.423894325944088e+06  1.108188503139246e+06
  1.267170460473087e+09  1.172669441790544e+06 -5.229418907147757e+05
  1.265234037532267e+09 -2.315212402614198e+06 -2.453881993131574e+06
  1.261920151860196e+09  9.024136098027488e+05 -2.653845542134756e+06
  1.263905140275306e+09  6.487389510400086e+05  1.668716893928730e+05
  1.259870628659246e+09 -2.281515922572080e+06  1.906386503854024e+06
  1.262378779442673e+09 -2.555114781085358e+06  5.621326863742007e+05
  1.262044710631961e+09 -2.844921065403649e+06  3.888967141306690e+05
  1.262066729299779e+09 -4.292602787738264e+05  6.399643751244746e+05
  1.260020256192342e+09 -1.153070857960892e+06 -3.452329703069656e+06
  1.261760844560293e+09  1.284616287832332e+06 -2.192182859578156e+06
  1.258482476945398e+09 -1.440654344542803e+06 -2.361035721457082e+06
  1.262953308551778e+09 -7.291526980534666e+05 -2.594199794684120e+06
  1.261996945620940e+09 -2.583435820148505e+06 -2.944594068873186e+06
  1.261185168022682e+09 -1.838646260693974e+06 -1.668155128187896e+04
  1.262112959541193e+09  1.979652241263169e+05  2.822880692583905e+06
  1.267010855431896e+09 -2.403776720133953e+06  1.937054423132787e+06
  1.265672984941172e+09  3.877108806002985e+05  2.621956217115931e+06
  1.259645902726807e+09 -2.910852123125631e+06  2.900583947991712e+06
  1.262858605310462e+09  1.501974087587233e+06  9.793284824787534e+05
  1.265097862007198e+09  7.066755450324920e+05 -6.955285167087126e+05
  1.266590872499172e+09 -3.642440503349488e+06 -1.578266526035096e+06
  1.260507186627164e+09 -4.326340457553357e+06 -7.036599179088323e+05
  1.262393330992815e+09 -1.476889220772412e+06 -1.662644819732069e+06
  1.261983220965625e+09 -2.010186320828744e+06 -4.210091177951880e+06
  1.262092775652678e+09 -5.670526386868794e+05  3.150171498920037e+06
  1.261303782779388e+09  7.368199661110003e+05  1.125085388284868e+06
  1.260859299194179e+09 -2.975573080889248e+06  3.779274398865714e+05
  1.262528981354084e+09  5.171656929266397e+05 -2.385369697106828e+05
  1.261304672068182e+09 -3.129812809723902e+06 -1.050656885771720e+06
  1.261620032135798e+09 -1.135092280350358e+06 -1.274085142465623e+06
  1.262808463293743e+09  1.454957457672407e+06 -5.317779394608480e+05
  1.262071561932539e+09 -8.947301316588562e+05  1.905072232859227e+05
  1.257975605866940e+09  1.026641813196189e+06 -1.840397808509936e+05
  1.261736211870617e+09  6.714349960914897e+05 -1.366270413947853e+06
  1.262552696730580e+09 -1.343284208161389e+06 -1.928949389082924e+06
  1.267694373372467e+09  5.704695545211162e+05 -1.576015676145134e+06
  1.264125902609902e+09 -4.899626219004922e+06 -8.614387304018189e+05
  1.263424803334737e+09 -4.104643007735778e+06 -4.995352901822465e+04
  1.261437199713502e+09 -8.719502549832765e+04  6.680666443406796e+04
  1.262606527375198e+09 -1.138771506675904e+06  2.227311997388087e+06
  1.265518652329920e+09  1.582767515501790e+05  1.092428824226703e+06
  1.262087891080337e+09  7.242906789749776e+05  2.470062355074535e+06
  1.262038384097013e+09 -3.294295625147806e+06  3.535642217213439e+05
  1.264587717890800e+09  6.186588838866735e+05 -2.375957134672209e+06
  1.261397185526054e+09 -9.028413091850191e+05 -1.509963300236203e+06
  1.263452641384732e+09 -2.256819852898137e+06 -1.126937908971426e+06
  1.264799213401990e+09  2.060617373494046e+06 -2.004741099514577e+06
  1.266271261475887e+09 -2.094735888490396e+06 -2.156241871115183e+06
  1.262979851195862e+09  1.442407328920845e+06 -3.187990848850268e+06
  1.263684560103252e+09  4.253833401371365e+06 -2.677775725156338e+06
  1.265934768962291e+09 -1.993213192034722e+06 -2.469052280441311e+04
  1.264261209579357e+09 -7.414781963658291e+05  1.819905577300160e+06
  1.266497569558840e+09 -1.227955393623380e+06  1.758054054471348e+06
  1.263853894208379e+09 -3.724982417396245e+06 -5.731913534805485e+05
  1.263507480818220e+09  1.546311192637925e+06 -1.526642248784414e+06
  1.261025198213234e+09 -2.719682179965251e+05 -4.298448587498985e+05
  1.263358000216575e+09  2.875977246055944e+06  9.476843663539977e+05
  1.263765102256701e+09  1.696344506984513e+06  1.421927910218422e+06
  1.264354294127966e+09 -1.437064495189809e+06 -1.991888324436001e+06
  1.264855831802155e+09 -1.828817484599639e+06 -6.326625759959422e+06
  1.266195385593347e+09  1.145642111097550e+06 -4.896019201331248e+06
  1.263430070696677e+09 -2.233810352159050e+06 -2.079276174068167e+05
  1.261692475425419e+09 -1.882299670957727e+03  3.710463157491025e+06
  1.261962859420689e+09 -1.523500125851753e+06  2.476376156979556e+06
  1.259487653725124e+09  9.452721175082612e+05 -1.354858896310647e+06
  1.263266089906617e+09  3.909840033675114e+06 -1.268164703015529e+06
  1.264331486292514e+09 -1.648525915432710e+05 -3.814883969044463e+05
  1.265389564181901e+09 -1.317516502665472e+06 -1.841706100831671e+06
  1.264447592648878e+09  4.258513688348640e+06 -3.266008681241268e+06
  1.265223919415418e+09 -1.784993203139071e+06 -3.219224541590339e+06
  1.267041355532269e+09  1.842667779101564e+06 -2.249892751277524e+06
  1.265456174826906e+09  3.407724170135785e+05 -5.166640720508580e+05
  1.264029333372845e+09  3.013731880814976e+06 -2.868225490114386e+06
  1.266482416682888e+09  2.918709432763660e+06 -1.849290977003352e+06
  1.262725566626038e+09 -7.823503984542403e+04 -1.315277137770781e+06
  1.265288514015676e+09 -2.024366201758693e+06 -5.649290163309432e+05
  1.263308707577033e+09 -4.583605705971145e+05  1.746379460363425e+06
  1.262216369183971e+09 -9.488478842242585e+05  7.856188899041294e+05
  1.263985268990803e+09 -2.356401934541137e+06 -7.754644525099869e+05
  1.264635150317239e+09  8.211602937826567e+03  2.523518789795624e+05
  1.263105330801058e+09  7.373745947394208e+05  6.565727336438268e+05
  1.267896271860840e+09  1.173138309912475e+06 -1.405844918839899e+05
  1.261193530074021e+09 -1.040988410218169e+06 -9.871009837539468e+04
  1.263786048903502e+09 -9.459955349294278e+05  6.711205274355193e+05
  1.261699107721981e+09  5.028403353689755e+06  1.165208854069178e+05
  1.263714825423154e+09  1.007451866941396e+06  3.675294039891934e+05
  1.261993411532717e+09  1.373188798964855e+06  8.887293712814713e+05
  1.265275784068247e+09  5.613563563722851e+05 -1.171290943165131e+06
  1.261958671466291e+09  2.175372071387900e+06  1.895997764092288e+03
  1.266575131207507e+09  8.663531085698328e+05 -3.253787958755130e+06
  1.264772268029177e+09  3.382582999640114e+05 -3.115477869742510e+06
  1.263500778770887e+09 -5.795297347833383e+05  5.385845979823866e+05
  1.261385706818099e+09 -3.054749400703105e+06  3.829847404672620e+06
  1.260704742578628e+09 -3.080765976434064e+05  4.529311948988631e+06
  1.263864936193953e+09 -1.874125614371686e+05  1.679844917004560e+06
  1.265766954270421e+09 -8.343574222209792e+05 -2.385674901062259e+04
  1.263340638124732e+09  3.869095718197684e+05  5.961021120427063e+05
  1.262039432052866e+09  6.839725562634768e+05  6.311740518471994e+04
  1.263829189560983e+09 -1.132293357983533e+06  1.511273414602103e+06
  1.264893937192112e+09 -2.676556045145998e+05  4.174550407445671e+06
  1.264030982469011e+09  1.360622771693939e+06  2.469674622211376e+06
  1.264685499781686e+09  2.870987301097159e+06 -1.011436246482604e+06
  1.265711650025215e+09  2.529297657695477e+06 -1.213833869131987e+06
  1.262998300356311e+09 -4.158933684974742e+05  7.428433240700986e+05
  1.260197958804658e+09  2.259484510888519e+06  3.528962571218992e+06
  1.265330428716481e+09  1.564773921830421e+05  1.907975345051448e+06
  1.264876958189804e+09  1.357767076351999e+06  6.430346157421229e+05
  1.263717985428839e+09 -1.233464647284213e+06  1.384932369144065e+06
  1.266627464661579e+09 -4.019868552936761e+06  8.249238577399391e+04
  1.261035354934928e+09  1.387763359823232e+06 -1.215821728990632e+06
  1.264371637539768e+09  1.578158237841441e+06  3.684500114582833e+05
  1.263444111425883e+09 -9.126362949837229e+05  1.659157518727518e+06
  1.262616251270753e+09  6.696857539102469e+05  2.898348159490269e+05
  1.265540394884181e+09  2.035520383379245e+06 -2.291460754958224e+06
  1.264145509718080e+09  9.944446516386289e+05 -4.051093608723892e+06
  1.264754166743695e+09  1.447917477363241e+06 -2.977406813892796e+06
  1.263198875633627e+09 -1.640226565966734e+06 -1.536438739986705e+06
  1.265612568937066e+09  1.820596152534769e+06 -2.463388004133367e+06
  1.263344812182580e+09  3.940063562635422e+06 -2.379129705602176e+06
  1.261470606390126e+09 -1.566503204897395e+04  9.421244148835582e+05
  1.263427789450880e+09  1.772737454570119e+06  2.112529268376304e+06
  1.263045930078856e+09  9.311299279712861e+05 -7.565688904109879e+05
  1.261985571365888e+09  7.018420196119741e+05 -2.699943668223513e+06
  1.264377249780770e+09 -1.906889635762528e+06 -8.095906782463798e+04
  1.261499671750355e+09 -2.350510690598269e+06  1.328000808961792e+06
  1.262093824752957e+09  2.497261139222506e+06 -1.666852272587415e+05
  1.263674934290094e+09 -9.003592189620300e+05  3.342387605259673e+05
  1.265355467233237e+09  1.025517763963850e+06  1.120067314686323e+06
  1.262820496711442e+09  5.084728511246369e+05 -3.004227321148599e+05
  1.264695115604520e+09 -1.349320848580224e+05 -6.012286028060780e+05
  1.262131846422015e+09  1.406285661302730e+05  1.137402733956013e+06
  1.259406118500048e+09  7.782348882685526e+05 -3.752305053737538e+05
  1.264084931569204e+09  3.281761506839119e+05 -1.934421219264474e+06
  1.263412253981448e+09 -4.756598575460339e+05  1.522692027878928e+06
  1.261297820938545e+09  5.495836260930779e+06  3.380489246662164e+06
  1.263010599965189e+09  1.653374020877711e+06  2.695786149987496e+06
  1.266063009045481e+09  2.125092537399906e+06 -2.079902725739544e+06
  1.263432412451754e+09  4.510118929865747e+05 -1.926174851792733e+06
  1.265755445802607e+09 -2.704990385596594e+06 -2.393481619161691e+06
  1.263154745278306e+09 -9.885788655770357e+05 -2.911264661800730e+06
  1.263759198779998e+09 -1.964519350443903e+06 -1.341686250427613e+06
  1.265315095668810e+09  1.485344409031840e+06  3.309531126793993e+05
  1.259697433067807e+09 -1.373835407946368e+06 -9.068505706111821e+05
  1.264735970541299e+09  9.149640828430518e+05 -1.231870895432236e+06
  1.264493578381666e+09  9.633834032439439e+05 -7.001292992467224e+05
  1.263832352218261e+09 -3.456596931766089e+06 -4.656078849826257e+05
  1.262493480382604e+09 -1.215515172506970e+06  2.701261151058372e+06
  1.264262807017895e+09 -1.389396068605701e+06  4.734250242604740e+06
  1.259323529931771e+09  2.898462346172722e+06  1.420393826678621e+06
  1.263084226002644e+09 -1.439470338631022e+06 -2.437005696493686e+06
  1.262277723957981e+09  4.600576747599009e+06 -2.849604432427056e+06
  1.261921523940266e+09  6.511375417297194e+04 -2.243279284658097e+06
  1.262601736581865e+09  2.911757035700456e+06 -1.495898668071663e+06
  1.263660941927097e+09 -8.915395299149791e+05  1.809973905230227e+06
  1.262353033181390e+09 -2.933309591296714e+06  2.474384613592016e+06
  1.261174725736977e+09 -1.805409501696530e+06  1.049332155739513e+06
  1.260810303732887e+09 -2.977584523780701e+06  1.222689508305576e+06
  1.260279788831765e+09  2.169948906967128e+05  1.189621811870656e+06
  1.259363197007998e+09  5.251369961223501e+05  7.074988673498139e+05
  1.261982664535254e+09 -9.151540335959534e+05  7.016252965369386e+05
  1.263978082655950e+09  2.219531519572170e+06  1.827564958896986e+05
  1.263341685200737e+09 -3.664608015246517e+06  1.038039962249889e+06
  1.261350930994367e+09 -2.254851616576080e+05  1.757601162778215e+06
  1.264594641132448e+09 -1.013996684555667e+06  1.357487905189824e+06
  1.264040865564909e+09  3.725875555182543e+06  7.048396322116036e+05
  1.264604661938922e+09 -7.614059000243822e+05 -1.145515986196326e+06
  1.261303463361558e+09  1.821567248606715e+06 -2.432628910639652e+06
  1.265241900024848e+09 -1.372946473265250e+06 -2.879322349204684e+06
  1.264105235095517e+09  2.163445115612718e+06  4.698579313610367e+06
  1.262555366799598e+09 -2.660413544356505e+06  3.699290917746861e+06
  1.264392993292078e+09  1.433108188113473e+06  8.382212633038574e+05
  1.264724370471173e+09 -2.344400886741858e+06 -2.120022929304176e+05
  1.260435641415991e+09 -2.494273864012951e+06  2.279629334883442e+06
  1.260976160165129e+09 -9.818883468034720e+05  4.253175788048388e+06
  1.259863799337668e+09  2.555369276681844e+05  1.967744716908912e+06
  1.266365139886418e+09 -5.451706307005372e+05 -1.905605833428927e+06
  1.263349316316884e+09  2.658435045185854e+06 -2.994062639470473e+06
  1.262599003878065e+09 -1.231447751705280e+06 -8.203796290306116e+05
  1.263415382309169e+09  2.690690296235660e+04  1.628549966625259e+06
  1.262892849165352e+09  7.428473271828805e+05  1.116461763328583e+06
  1.261044811993077e+09  1.322042914838994e+06 -8.857326727897967e+05
  1.265201254912254e+09  8.700777219339925e+05 -1.028650522114813e+06
  1.263357834654291e+09 -2.579301034442643e+05 -4.675375520210271e+04
  1.261788162083512e+09  3.027090895832006e+05  2.383885336251492e+06
  1.263474483329776e+09  8.811967427434393e+05 -4.210330024682737e+05
  1.265515511143863e+09 -1.096535316904751e+06 -2.037824847627380e+06
  1.260589561116794e+09  3.271324861657145e+06 -1.195418874209314e+06
  1.261643892233177e+09 -7.703804213923542e+04  7.874554308732634e+04
  1.262109525619411e+09 -3.933071487926037e+06  1.577334382534926e+05
  1.263917311593556e+09 -9.260980660086609e+05  2.791049981419597e+05
  1.261784026110672e+09 -1.329594994469155e+06  1.064409227056904e+06
  1.263752016384312e+09  2.548121214245988e+06  2.276050946292145e+06
  1.267237388498288e+09  4.178931047228599e+06 -1.157231310321647e+04
  1.262595534946668e+09  1.025308635413507e+06 -4.406523934124314e+06
  1.263253810418993e+09 -2.621114594468818e+05 -5.167750478122801e+06
  1.264796221789575e+09  9.292127152404471e+05 -2.930601170440731e+06
  1.260599262097052e+09 -2.906496760101418e+06 -6.351884241230780e+05
  1.263190858284392e+09  9.936467744439109e+05 -1.701313229146368e+05
  1.262314676399297e+09 -1.320612194347567e+06 -4.361920459207962e+05
  1.264222491304381e+09  2.593112317802507e+06  2.661673149465561e+05
  1.266635742049890e+09  5.824314505156165e+05  8.307235375563562e+05
  1.261492802049758e+09  1.171961371143219e+06  1.074814280849102e+06
  1.260748900489833e+09  1.708744631804306e+06  1.508706341708648e+06
  1.264792759808986e+09  1.171097731326055e+06  2.689953157526036e+06
  1.258825980313913e+09 -4.007902746735920e+06  5.260578987355227e+06
  1.260042654814634e+09 -9.405694446029862e+05  3.127502998181514e+06
  1.263396551814178e+09 -1.860709501482328e+06 -2.919051530533985e+06
  1.262918353904397e+09  3.919477930335948e+06 -5.589416707801619e+06
  1.261104298582549e+09  2.855628675082138e+06 -3.332649789962248e+06
  1.262160130989060e+09  9.900177176878507e+05 -3.174822687027278e+05
  1.260627274845055e+09 -7.345724009711971e+05  2.151118548870931e+05
  1.261426429162960e+09 -7.573032644278004e+05  5.742969147702755e+05
  1.262702445700577e+09 -3.201362325942368e+06  4.635372335441390e+05
  1.264638802996149e+09 -8.034467548579238e+05  1.092585096775074e+05
  1.261281097731421e+09 -1.241911211071290e+06 -2.175671075685908e+05
  1.263007443647085e+09  2.617459953266363e+06  1.404626424874878e+05
  1.262356245116831e+09  3.020659762121689e+06  8.589992247587566e+05
  1.262407531799029e+09 -1.190798469565876e+06  1.977873039138786e+06
  1.263395151826979e+09 -7.901726772265391e+05  1.732297059191822e+06
  1.265274637744943e+09 -8.413904315724582e+05  1.393958019971907e+06
  1.264548610799477e+09  1.996794591819079e+06  5.147762431410084e+05
  1.263870216785576e+09 -4.506564730046636e+05 -3.461139613003253e+04
  1.263018979257498e+09 -1.849897930407371e+06  2.291812944433171e+06
  1.261314311067121e+09 -2.343177011982654e+06  3.901863939597577e+06
  1.266255364518051e+09  5.808486699941459e+05  1.898007769310320e+06
  1.264434593096676e+09  2.223007760475016e+06  1.518692023947943e+05
  1.260637924801414e+09 -2.350694282122600e+05  4.988200208246912e+04
  1.265675961760590e+09  3.040795981334159e+06  5.721227643918698e+05
  1.267366468735991e+09 -1.303011166749080e+06  6.076294464772887e+05
  1.262812613557196e+09  8.170264056155013e+05  7.140202512943377e+05
  1.264294038760308e+09 -2.529950560158337e+06  8.371109189195895e+05
  1.260552801016214e+09  1.118802108749913e+06  1.134197876547873e+05
  1.261766574761456e+09  2.250742548706826e+06 -9.030719767234515e+05
  1.264212566593682e+09 -2.897851981608442e+06 -1.691999822394031e+06
  1.262542455441233e+09 -6.391228159533041e+05 -1.053284437265823e+06
  1.263525330860705e+09  2.192612121271252e+05  1.032897639321994e+06
  1.262606709094595e+09  6.479642560475765e+05  3.544594616870066e+06
  1.259618478940457e+09 -1.894534772645348e+06  3.319468858378004e+06
  1.262598338202850e+09 -2.978937277338567e+06  1.876853775338124e+06
  1.263668778538035e+09 -4.295254405184095e+06  1.997901882191119e+06
  1.262775433268999e+09 -7.046959544741001e+05  1.117753086357716e+06
  1.261855801375589e+09 -5.804631105554455e+05 -2.444960458651448e+06
  1.264285690247894e+09  1.078274679725357e+06 -3.440687705783325e+06
  1.262290872388667e+09  2.460319956439068e+06 -7.261280411124029e+05
  1.266825527295847e+09 -2.538876251029662e+06  1.605280308712509e+06
  1.260461526004503e+09  8.781691574992503e+05  1.288294360169132e+06
  1.261137988885716e+09 -1.155607096937302e+06 -1.224756305982274e+06
  1.263419061610284e+09  1.749871714156479e+06 -1.252793056380657e+06
  1.261170864054965e+09  2.037811150511195e+06 -1.387067800460812e+06
  1.264723377171805e+09 -1.700726615362406e+06 -6.254772237676471e+05
  1.263789176955276e+09  9.924365830060467e+04  2.107106352037231e+05
  1.263084322655985e+09 -4.373303505944835e+05  1.937832493892499e+06
  1.261822672244206e+09 -1.931345557749303e+04  2.491789332814713e+06
  1.261545753129814e+09  3.466378674094556e+05  2.971178061332126e+06
  1.262713892779216e+09  1.614445178321543e+05  3.129819236987432e+06
  1.262425093014786e+09 -2.750918091940179e+06  2.480665902319826e+06
  1.265245694842793e+09 -6.450508122637448e+05  1.379715927566566e+06
  1.264594106761855e+09 -2.994273711509269e+06 -4.797495350173328e+05
  1.263132059945246e+09  6.293621557242572e+05 -1.571032330455802e+06
  1.262525077912024e+09  1.565131840717600e+06 -9.520670453132783e+05
  1.261304264114070e+09 -8.249626477645328e+05  6.686326624235689e+05
  1.262129632268247e+09  8.183608741542650e+04  2.700441166010799e+05
  1.262514390874016e+09  1.260685299001511e+06 -1.841527473647989e+06
  1.262303396714285e+09  1.160152133917522e+06 -2.521386579615401e+06
  1.259612873476712e+09  3.130557576262556e+06  4.205111071095457e+06
  1.261445857489240e+09  1.454087847668527e+06  3.203647746804539e+06
  1.260034925952377e+09  2.332392258969661e+05  2.179555592448963e+05
  1.262239450499566e+09 -9.587770716228804e+05 -4.545654169995196e+05
  1.263101533994038e+09  1.817193025183870e+05 -1.268048281320286e+06
  1.261082758696421e+09  1.465621636504881e+05 -2.334523001204430e+06
  1.263369818532813e+09  5.823695599567721e+05 -1.189590566948931e+06
  1.265944573999252e+09 -3.517117681142998e+06  1.499207183068916e+05
  1.265590480160530e+09 -6.229939042587448e+05  1.561238874854398e+06
  1.261611935064746e+09 -1.688641880941910e+06  6.799070139507975e+05
  1.263754868786312e+09  1.698660934995905e+06 -1.750384182916312e+06
  1.266073649015028e+09 -1.800376899674130e+06 -5.125262398660750e+05
  1.263446042579886e+09  3.859127657963143e+06 -3.526137483289305e+05
  1.261671870154924e+09 -2.172931849308523e+06 -1.753774354610380e+06
  1.262227411727549e+09  1.862297302960701e+06 -1.209607157153080e+06
  1.261492405952460e+09 -1.891603134533769e+04  1.235975102144959e+06
  1.258646422953978e+09  1.847212640556554e+06 -7.184194132279920e+05
  1.261919065492093e+09  2.160972249226444e+06  9.741329072401725e+05
  1.260043773040690e+09  3.944973923514644e+04  3.144405059275676e+06
  1.262394267701530e+09 -2.008558251938068e+06  2.209204310927666e+06
  1.261333215413625e+09  6.222525682384046e+05  1.301684076837942e+06
  1.258921508038765e+09 -9.606614316378761e+05  2.164757810076489e+06
  1.263582143031368e+09 -2.241002678567909e+06  3.033600912885686e+06
  1.263503947140111e+09 -4.130684258051494e+06  3.030151967089819e+06
  1.261012195499677e+09 -1.053486742621816e+05  1.180513538761670e+06
  1.259951053033410e+09 -6.966879891577561e+05  6.026821737098835e+05
  1.261859657073731e+09  3.254907534116932e+06  1.027669082422381e+06
  1.266088079426367e+09 -1.877295842238895e+06  2.005922993737878e+05
  1.262403301214461e+09  4.923249020198143e+06  7.458199092939519e+05
  1.263010030148276e+09 -1.041125738698241e+06  1.696676898717038e+06
  1.263697115536700e+09  1.467086359047227e+06  4.529525862149142e+05
  1.264385795299727e+09  6.772798100788676e+04 -7.099726146710990e+05
  1.264200122355099e+09  9.947065289301283e+05  4.881886420326626e+05
  1.264049909846042e+09  2.317682452028283e+05 -2.772465009211413e+06
  1.261930497157793e+09  1.853877859700158e+06 -5.202374200405641e+06
  1.262544691089880e+09 -1.671396746090099e+06 -3.540033969402498e+06
  1.265735829325490e+09 -5.948360312377943e+05 -1.023424931650260e+06
  1.264378069659982e+09 -2.205988914634090e+05 -8.690658842372857e+05
  1.266389835247566e+09 -1.482675743853837e+06 -6.504261850507907e+05
  1.264360681952915e+09 -6.144493059546371e+05 -5.538006052745753e+05
  1.265107895591594e+09  5.839437563827930e+05 -1.157855100824794e+06
  1.263102260552336e+09 -6.907677834853888e+05  6.667396282875384e+05
  1.264928040502918e+09  1.311369469002232e+06  1.751569108503202e+06
  1.265866300424687e+09  6.028370220099217e+05 -4.719087054055933e+05
  1.266002585924326e+09  2.457658866397699e+06 -1.553386079835923e+06
  1.264328711852862e+09  1.154215935969050e+06 -3.518033357860497e+05
  1.261334397420707e+09  1.057697094835296e+06 -1.125834358281106e+05
  1.261980561373106e+09 -4.450108581263162e+05  4.320456979697864e+05
  1.263022630745364e+09  3.244893588290146e+06  1.777164662724617e+06
  1.262867139618761e+09 -8.958060340586177e+05  4.045236054235981e+06
  1.264585265319275e+09  3.347840090974891e+06  3.265544922081989e+06
  1.265495527677605e+09 -2.111955320170992e+05  7.823350929627456e+05
  1.265010919781247e+09 -1.531761639654465e+06 -1.391960100458201e+06
  1.266092832001801e+09 -4.545404865551385e+05 -9.714817914996350e+05
  1.263182374273681e+09  2.299316469827041e+06  2.236258608286385e+05
  1.262606773593910e+09  1.365158243553448e+06  3.893180750463200e+06
  1.260586322163420e+09  1.333504093953907e+06  6.616480479176488e+06
  1.264165833107358e+09 -1.625788738376835e+06  3.644432255043657e+06
  1.261473713946906e+09 -1.331655820335964e+06 -1.714077252414149e+05
  1.264723600720474e+09  2.109615108275887e+05 -2.143786197089677e+06
  1.263412663995130e+09 -5.272751472657868e+05 -3.366105307773465e+06
  1.263032121284963e+09  2.098535600825470e+05 -3.207045005221612e+06
  1.266775617359167e+09  7.027020267630531e+05 -2.415960849003511e+06
  1.264295761603983e+09 -2.337305115990468e+06 -1.505489216560700e+06
  1.263312988624705e+09  3.606840146344629e+06 -5.825881422142101e+05
  1.266445696223482e+09  5.150333439943315e+05 -2.368688987884875e+06
  1.264151925964890e+09  2.162747119069855e+06 -2.336492371718223e+06
  1.264369614395432e+09 -3.420082488411108e+05 -1.740762210377182e+06
  1.264496535287205e+09 -1.280868939703388e+06 -2.387863578832788e+05
  1.262275711334835e+09  1.599907031874061e+05 -3.270096879181338e+05
  1.264445521456233e+09  2.886965970668575e+06 -9.450523157289051e+05
  1.260813513196959e+09  3.066565166285492e+06  4.502768979718526e+05
  1.262494685109811e+09  7.895591702996324e+05  9.029396454236840e+05
  1.267185541284901e+09 -1.826528232674354e+06  3.890323928410863e+05
  1.260965385004481e+09 -1.107171925757758e+06  8.909261481670816e+05
  1.265816246568449e+09  1.163437837459193e+06 -1.060244258423534e+06
  1.260820222174846e+09 -1.636952107536540e+06 -1.611131418212042e+06
  1.263718243485321e+09 -1.769862246394379e+06  2.249664648897949e+06
  1.262286430014110e+09 -9.032831291610086e+05  4.690363740005703e+06
  1.263120436989386e+09 -9.966036772767948e+05  3.177910132733050e+06
  1.263476905460053e+09  1.196512941031670e+06  9.625808418377445e+05
  1.265391350535991e+09  3.548777986711311e+06 -5.541337164454393e+04
  1.264204784360089e+09 -5.241709580885345e+05 -5.664717408980546e+05
  1.260915677797912e+09 -1.019149268044262e+06 -1.103505543809348e+06
  1.262854615056335e+09  1.241314801784155e+05 -1.288640053884243e+06
  1.262514285448142e+09  3.051904482060642e+06 -1.003266845937013e+06
  1.264509840563043e+09  1.397537257441179e+06  4.700194525563900e+05
  1.266393187938810e+09  3.758681973206336e+06 -1.000922862254476e+06
  1.260211908916352e+09 -1.469906628478527e+06 -2.799481957667533e+06
  1.263105703249296e+09 -2.898509100722361e+05  5.262911979976171e+05
  1.263343653420528e+09 -1.666625731282314e+06  2.451437804845818e+06
  1.264268804303392e+09  2.486702335098959e+06  1.208947225701567e+06
  1.263084421134424e+09 -6.964342525725461e+05  6.545714797988815e+05
  1.265275185987534e+09  4.131723462791564e+05  1.327352324039490e+06
  1.266408473951909e+09 -2.221750125418787e+06  3.559989794142692e+06
  1.262740989203369e+09  1.787827293385110e+06  3.544523496640482e+06
  1.262820997111826e+09  1.337922458790593e+05 -1.594284311436029e+06
  1.266336653753512e+09  4.448070369803410e+06 -9.254639764860738e+05
  1.264291897067147e+09 -2.808810807372327e+06 -5.598730137472830e+05
  1.263634254863100e+09 -1.790748795427652e+06  3.930352443230158e+04
  1.266731265602806e+09  1.543346677696431e+06  1.246561808037339e+05
  1.262107264737497e+09  4.075127159904390e+06 -9.652482696151040e+05
  1.264696083353840e+09  2.040929556100327e+06  3.187938143018363e+05
  1.264708048408150e+09  2.273925353555606e+06  2.380418939251030e+06
  1.261347123834426e+09 -2.805052332607097e+06  1.284981204745566e+06
  1.263795304732891e+09 -1.876338926114145e+05 -8.980383062870277e+05
  1.261228949437726e+09 -1.156608259103129e+06 -2.810538344350879e+05
  1.266170928549577e+09  2.712318842006545e+06  1.016247903843280e+06
  1.263342157819439e+09  9.815685047269240e+05  2.171229360502631e+06
  1.263438759123096e+09  2.896705465056961e+06  2.052778329715375e+06
  1.262236228453097e+09 -9.863553029856372e+05 -1.392476172515302e+06
  1.259701641772654e+09 -7.662611933968368e+05 -2.628024916635986e+06
  1.262412610920252e+09 -3.045763793383597e+05  1.833012395697759e+06
  1.262959929310248e+09  2.075077626193931e+06  2.165056166130548e+06
  1.260174941739599e+09 -3.207124498439909e+06 -3.535012022139607e+05
  1.264521949839890e+09 -3.634770407839513e+06 -2.705843558174610e+05
  1.261292753338342e+09 -8.831919327083579e+05  1.095155254605047e+06
  1.263546190288007e+09  9.208952498365667e+05  4.240175465983587e+05
  1.263975190417834e+09  2.514760365306345e+06  4.797161384792252e+05
  1.263942745844760e+09  2.126034608797256e+06 -4.496047158382734e+04
  1.261266105578136e+09 -2.310085335182788e+06 -1.930093722571057e+06
  1.265499295090722e+09 -2.371971488614460e+06 -2.505785090176016e+06
  1.265361848660372e+09  1.358728965227593e+06 -5.871577470438596e+05
  1.260108810578575e+09  3.533950780344527e+06  1.568607525596541e+05
  1.260812375950180e+09  1.333013192899643e+06 -8.597643429685317e+05
  1.262101249325621e+09  2.444147884475044e+06 -1.120812490238621e+06
  1.263203194619452e+09  1.043417926299232e+06 -4.488168224632649e+05
  1.264363567192582e+09 -3.823735363058561e+06  4.247578940486608e+05
  1.263775908878986e+09 -1.118823099083875e+06 -2.616584999943565e+06
  1.261058220815673e+09  1.724817206903933e+05 -6.888198057103474e+05
  1.263121474130410e+09 -1.888697031220088e+06 -2.091890575550994e+04
  1.263301933387674e+09 -3.828801185378239e+06 -5.473107125174502e+05
  1.266280097832545e+09 -1.385857198448514e+06 -2.246161568299292e+06
  1.266946364890174e+09 -3.622005341403938e+05 -3.403276769647308e+06
  1.263239940466464e+09  1.824434040908559e+06 -4.257147402325070e+06
  1.265211819069743e+09  7.644907655205636e+05 -3.647976289107157e+06
  1.265672982908915e+09 -9.212597630365980e+05 -1.998417850184701e+06
  1.265350330207191e+09 -3.377235262151715e+06 -2.411472847548908e+06
  1.259234079101968e+09  1.532845809545381e+06 -2.262676883881526e+06
  1.264564503880016e+09  1.671057768785525e+06 -3.102531164332249e+06
  1.259736162999172e+09 -4.961031012135534e+05 -5.606735401068388e+06
  1.262635707621948e+09 -6.405001570290574e+05 -3.786561179006954e+06
  1.262764690638546e+09  1.152324381650683e+06 -1.254153714268033e+06
  1.263564675382628e+09 -1.390360752847109e+06 -2.674847957855430e+06
  1.264652504704740e+09 -7.088217974601917e+05 -3.322358322406791e+06
  1.265021030982972e+09 -6.307023681710330e+05 -4.878941860922370e+06
  1.265648194422450e+09 -2.116111810919545e+05 -5.035648449436950e+06
  1.260423792262099e+09 -9.797327080337680e+04 -2.103065113155440e+06
  1.258835081875823e+09 -1.798636545662219e+05 -1.174254467457370e+06
  1.261094165687275e+09  6.237982809826555e+05 -2.907275647593667e+05
  1.261242199366600e+09  1.518607591187489e+06  1.949388063558868e+06
  1.262145137373371e+09 -1.289784056461802e+06  2.051859975436930e+06
  1.263713387606164e+09  6.593082130590994e+04  1.832810803031997e+06
  1.260953968604737e+09 -3.153900154177003e+06  1.838702060193484e+06
  1.261565083583501e+09  1.784631899966956e+06  1.175699632447886e+06
  1.263578783191192e+09  2.702164331702986e+05  2.205727709870128e+06
  1.264875304133204e+09 -3.946535217465434e+05  3.317445688753536e+06
  1.262565721908942e+09 -4.438049837768311e+06  3.715034238569531e+06
  1.260671800550352e+09 -3.527058229892189e+05  2.330095873322199e+06
  1.261865121451088e+09  8.092156518955575e+05 -1.465410623421049e+06
  1.265586419461896e+09  1.610547362722402e+06  2.370290595044470e+06
  1.262931608206454e+09 -1.075279324656985e+06  2.031855551663612e+06
  1.260137415151279e+09  9.809628745060210e+04  3.187057017271139e+06
  1.263637841335285e+09  1.246639168404148e+06  3.385734344455725e+06
  1.262609832998746e+09 -2.506700514988130e+06  1.792920731399325e+06
  1.260529854154199e+09 -1.124580572959596e+05  1.766349127269453e+06
  1.260030105787054e+09  1.957978125743695e+06  3.019171337749717e+06
  1.265219081976889e+09 -1.119355690847923e+05  2.420777932253094e+06
  1.263027691312660e+09 -8.285958939986250e+05  9.686049172085436e+05
  1.261085144198621e+09 -2.739372116853007e+06  6.355006363261172e+05
  1.263309681329267e+09  2.005642014545640e+06  8.537385431507463e+05
  1.263501422056598e+09  1.478320258192791e+06  7.023032746791004e+05
  1.263412611935876e+09  1.306384734835220e+06 -3.196676928816492e+05
  1.265076240386474e+09 -4.186838165936978e+06 -1.678596335610234e+06
  1.262576825355617e+09 -1.575102774464515e+06 -7.438064730140261e+05
  1.263241272233268e+09 -9.479706494867684e+05  1.864384444891039e+06
  1.259321211178335e+09  4.099314418070213e+06  1.991982610785780e+06
  1.264531369297990e+09 -1.509281245719153e+05  7.411902184638674e+05
  1.260858770501649e+09 -1.284725724933350e+06 -2.120103186256679e+06
  1.262399130558865e+09 -1.242424488414944e+06 -1.708051504320852e+06
  1.263744944557544e+09 -1.903357145686110e+06  9.780512969457018e+05
  1.263211410923721e+09  3.478954098662282e+05 -8.452046366606036e+05
  1.260948724825271e+09  3.015661650755676e+06 -3.172409273275138e+06
  1.265623542954399e+09  2.729436353029424e+06 -5.213509853856405e+05
  1.265117489082389e+09 -1.027160404082779e+06  1.313008339946116e+06
  1.263831528599387e+09 -2.048531341005018e+06 -4.781206963015212e+05
  1.263127300328700e+09 -2.964420838938297e+05  1.239274939379423e+05
  1.263303689692980e+09  2.792659341399161e+06  6.455953025660174e+05
  1.263119791319895e+09  1.404273050602346e+06 -2.323439919731374e+06
  1.261824549145147e+09 -1.310452471150597e+06 -3.162354396301741e+06
  1.262537378876988e+09 -1.449818456496972e+06  6.309057863796821e+05
  1.265255641368662e+09 -2.538272833213611e+06  2.750219846672876e+06
  1.264788443099098e+09  3.824643014019986e+06  7.707511340630769e+05
  1.260099133300731e+09  3.675560293075437e+05 -6.912258055606608e+04
  1.263774988136107e+09 -1.542601388840612e+06  1.877619132072096e+05
  1.261637784005335e+09 -2.366960334394415e+06  4.724782262267268e+04
  1.261121154128900e+09  1.620923260158875e+06 -2.496424609931335e+05
  1.262390415750945e+09  1.633385127760274e+06  8.349314639095053e+05
  1.263651501995687e+09  1.985363011188400e+06  1.540974462316572e+06
  1.263951081757072e+09  1.898523436154624e+06  1.656494331447342e+06
  1.262675560969299e+09  9.318266526766192e+05  1.440746422478392e+06
  1.261542864931745e+09  1.326457068355074e+05 -8.544689958365906e+05
  1.259398523925645e+09 -1.865175231640738e+06 -3.776783930143727e+06
  1.260674125979589e+09  3.735207595435048e+06 -3.411135279901908e+06
  1.263339434027303e+09 -1.860977654179174e+04 -8.099440216629218e+05
  1.264480912941573e+09  1.017450096395573e+06  4.016767147251954e+05
  1.263375576661760e+09 -1.532303829850947e+06  1.029519087238382e+06
  1.263281465657746e+09 -9.403366949848863e+05  1.527759130094286e+06
  1.264577162287373e+09  2.280319423013993e+06  2.641424293949000e+06
  1.262982908840032e+09 -3.745286626896447e+06  4.117547084613196e+06
  1.263057812320930e+09 -3.013888052987466e+05  3.788930647845429e+06
  1.260302113932535e+09 -4.892950601084384e+05  3.363479912328259e+06
  1.265587451171268e+09 -1.975856450595498e+06  1.690581492941783e+06
  1.263143177428278e+09 -6.870186396795528e+05  2.351876288973319e+05
  1.263135333353671e+09  4.333791507198161e+05  9.122510133260710e+05
  1.262951362813953e+09  4.879689260032643e+05  1.251103108456494e+06
  1.266392797746365e+09 -2.165110135221676e+06  1.128127757659934e+06
  1.262693937031206e+09 -1.210872897766685e+06  5.240982400255832e+05
  1.262107735080980e+09 -1.712190698439797e+06  1.878446337571632e+05
  1.265841680854701e+09  1.449748266112146e+06  1.396607338177381e+06
  1.265765764810204e+09 -1.203353814154494e+06  1.459711263348882e+06
  1.261227226026315e+09 -1.474642847497905e+05  6.826577897664192e+05
  1.263466903301548e+09  1.244345974739386e+06  5.878572279000669e+05
  1.261638312168118e+09  1.742457950234036e+06  8.260472284642560e+05
  1.261748608111921e+09  8.400673573654784e+05  4.026746445205392e+06
  1.264903187917661e+09 -2.376970978093851e+06  3.627967205728518e+06
  1.264963962197019e+09  7.056649277976728e+05  2.957382800496101e+06
  1.263073854067659e+09  1.185365896199302e+06  5.661611533973154e+05
  1.263515123596663e+09 -3.947563784751700e+06  1.452068525460196e+06
  1.260488247424089e+09 -1.529229059419004e+06  4.364766908393040e+06
  1.263394752975202e+09  1.107435362203576e+06  3.262027590208332e+06
  1.263498854490634e+09  4.876075268930750e+05 -1.002759947391620e+06
  1.263726564387885e+09 -2.969515796569823e+06 -2.301819735599988e+06
  1.261059250670865e+09  5.322346618378824e+05 -6.757329346171955e+05
  1.263182259664397e+09 -2.386133041425710e+06 -3.282024377292059e+06
  1.260777640145506e+09  2.583271914112506e+06 -4.667340579312824e+06
  1.264641105569040e+09 -2.013461122325964e+06  1.089015810431220e+06
  1.261706111311806e+09 -1.663373337530740e+06  2.589862707913737e+06
  1.261557658414534e+09 -1.499228033138483e+06  1.994960997293138e+06
  1.264032280795049e+09  6.989332306756610e+05  4.395433542090680e+06
  1.265455780740041e+09 -1.029463545225658e+05 -2.388575503623254e+06
  1.267042439770720e+09 -3.973473844960529e+05 -5.698631542822565e+05
  1.263712195255743e+09  3.240041004897299e+06  1.005896450795702e+06
  1.259270121491928e+09  1.654611913390499e+06  6.331739902840268e+05
  1.263756351463156e+09 -1.602770638064974e+06  1.022797237902832e+05
  1.262449730343644e+09 -1.777877222009253e+06  4.387741097342367e+05
  1.262015558782535e+09 -2.683824773455041e+06 -5.137776720379253e+05
  1.263469773971007e+09 -1.782834295527173e+06 -1.077761166482757e+06
  1.263939581006209e+09 -1.629118009229562e+06 -1.345310573160004e+06
  1.262921742099028e+09  1.164880421829073e+06 -2.901589117368025e+06
  1.263404665966032e+09 -8.739906284466870e+05 -3.015704008605360e+06
  1.261771096431315e+09  2.238366994901044e+06 -1.768559570689699e+06
  1.262100869064828e+09 -1.156808704019412e+06 -1.018886543538691e+06
  1.260928757308502e+09 -3.592627929583381e+06 -1.091386347922446e+06
  1.262516856792449e+09 -1.531447664192364e+06 -1.746434666345632e+06
  1.263119127808944e+09 -1.781847971812637e+06 -2.583301536000592e+06
  1.261033133369611e+09 -5.570495571447988e+05  8.054962746273690e+05
  1.261850887673203e+09  1.656232453269660e+06  1.771876624886464e+06
  1.260931554295179e+09  2.280463888775041e+06  1.650288985265865e+05
  1.262113159835443e+09  2.037004425145305e+06 -1.458503896608371e+06
  1.261626929760630e+09  2.082788573036458e+05 -1.003403731454183e+06
  1.261536635104990e+09 -6.711610758036976e+05  3.195723235603287e+05
  1.264927407937428e+09 -4.231279206175357e+06  1.379239801880941e+06
  1.264506762072142e+09 -2.418670658735388e+06  1.587467528518997e+06
  1.265248729871738e+09  9.713599546404689e+04  4.904798706653032e+06
  1.263816190744025e+09  1.952021245377775e+06  7.072982674120523e+06
  1.264151130241987e+09 -1.342893169094635e+06  3.927976516207747e+06
  1.265276322623398e+09 -1.798159668247103e+05  1.503677556864355e+06
  1.264527146918446e+09 -6.134673430589791e+05  1.301472032670495e+06
  1.263027875376473e+09 -1.995998131372889e+06  1.488592634557630e+06
  1.261647917705363e+09 -6.918071030919664e+05 -8.737047793864460e+05
  1.262264859121708e+09  4.238759360939184e+05 -1.678761726173114e+06
  1.260719415164500e+09 -1.002022948724869e+06  1.484818366178375e+05
  1.261952669194914e+09  2.717821811125158e+06  1.894643574333631e+05
  1.262846541838672e+09  5.209521291729884e+05 -7.600501822103781e+05
  1.263587424323335e+09  2.240701518307081e+06 -1.597451199480828e+06
  1.263525621829527e+09  2.061013260211988e+05 -3.659155584076357e+05
  1.259034155605217e+09 -4.869406428388662e+05 -5.653980043639356e+05
  1.264456423072069e+09 -9.625735430307264e+05 -2.249736878425857e+06
  1.265087979795708e+09  1.059332245845697e+06 -9.298158351982393e+05
  1.263655680789129e+09  1.912494641116612e+05  9.650313074116453e+05
  1.259687911781183e+09  3.902487666497279e+06  2.537948321631527e+06
  1.260060800265626e+09 -2.943234903916938e+06  2.170585001745075e+06
  1.265639241108004e+09 -1.734639599983864e+06 -1.092250580886754e+06
  1.262864103771854e+09 -1.119404864301609e+06 -2.888702162095633e+06
  1.263613858663474e+09 -1.244654387400084e+06 -2.140780445988579e+06
  1.265073653083803e+09  1.842505632845277e+03 -1.821529676601466e+06
  1.266241142561978e+09  2.134667369045769e+06 -1.203552925114011e+06
  1.263852395606075e+09 -6.698540007242662e+05  1.171681336489380e+06
  1.263317815478695e+09  1.747848180083446e+06  2.822865858729766e+04
  1.262231237573623e+09  9.571947566563375e+05 -1.015298271938494e+06
  1.261926697701516e+09  3.911351910144789e+03 -1.553727767121075e+06
  1.264799393427650e+09  2.505206412009334e+06 -1.638952325720124e+06
  1.263288472057012e+09 -2.750943931015461e+06 -7.756205009809934e+05
  1.265265500913942e+09  1.904344193187444e+06  1.702542463444789e+06
  1.259868912082050e+09  2.585384532169267e+06  3.653485721506752e+06
  1.265673166115823e+09 -8.710637399693106e+05  2.881152495555790e+06
  1.262166477035672e+09  3.764665743140991e+06 -6.897334239260509e+05
  1.266779021737678e+09 -7.898445179489735e+05 -3.510895028876773e+06
  1.266668219709571e+09 -1.112225189974194e+06 -2.401448348961961e+06
  1.264503034171050e+09  1.232323535640533e+06  8.345432206702942e+03
  1.264828457127162e+09 -3.133320586564352e+06  2.811822332814939e+05
  1.260179300108740e+09  1.096609769091918e+06 -4.205757525447931e+05
  1.263982407534684e+09  1.792924843065323e+06  6.356337762304436e+05
  1.261696633287783e+09  2.408342011470041e+05  3.606161783589332e+06
  1.262196322681816e+09 -4.173794916003186e+05  2.438846733574998e+06
  1.265013667067297e+09  1.286364943546967e+06  4.655332048587553e+04
  1.264064971655139e+09 -1.579253694042066e+06 -1.193974802222420e+05
  1.260974621495984e+09  3.162367907758388e+06 -2.960561207340716e+05
  1.264858474216195e+09 -1.668941419478492e+06  1.626825276407859e+06
  1.261864053329038e+09  3.487002417597099e+05  3.509206431289909e+06
  1.265663654368983e+09  3.268377084899850e+06  6.438829005548711e+05
  1.259919999685039e+09 -1.621745723763851e+06 -9.414673903514741e+05
  1.264215677117054e+09  1.608361005234000e+06  6.399262698468461e+05
  1.260060747644824e+09 -6.328451232302327e+05  5.254126789297175e+05
  1.264155461407365e+09  1.080167846502093e+06 -3.034733203677087e+05
  1.263297339442568e+09  9.637907820417148e+05  1.164498657934527e+06
  1.262417977106281e+09 -4.068624664273647e+06  1.842742963047716e+06
  1.264433163435882e+09  1.568831061720698e+06  3.777774876710209e+05
  1.260980440602019e+09  1.349918133753016e+06  1.222733505971098e+06
  1.263148357783576e+09  2.752958752719776e+05 -1.793851754669378e+06
  1.265945966339619e+09 -1.397751850207066e+06  1.786172707183016e+06
  1.264065104542078e+09  2.110251542330175e+06  1.828536594887216e+06
  1.261629321062919e+09  1.695922608241361e+06  1.184685949716932e+06
  1.263841273242400e+09 -4.385182074345159e+04  1.592442937166262e+06
  1.261158048809841e+09  9.014760622196643e+05  1.904822161965303e+06
  1.263624612016300e+09 -1.405806118352674e+06  1.281440270283524e+06
  1.262834896566860e+09  4.088311125583862e+06 -9.132915614070365e+04
  1.262080951610815e+09 -1.307980146832912e+06 -1.288868175915229e+06
  1.266635375479760e+09 -9.567458107457571e+05 -2.469118024846574e+06
  1.262019955053090e+09 -2.247162172022793e+06 -3.729677501846902e+06
  1.266742157861026e+09  1.909728052121130e+06 -3.315619119123810e+06
  1.259881694252488e+09 -1.254958908587575e+06 -8.484199700779398e+05
  1.262269307429697e+09 -2.077941335408069e+06  8.551012978303158e+05
  1.263148067316992e+09  2.207213266232637e+06 -6.455940112376823e+05
  1.261731890127767e+09 -4.472537429460185e+04 -3.458707427994156e+06
  1.263646844939684e+09 -1.050785092387051e+06  5.695499786839189e+05
  1.263314513358105e+09 -3.176553415071517e+05  1.209921787537369e+06
  1.263657375594462e+09  1.875920227833683e+06  4.310383067500255e+05
  1.260926260230324e+09  2.959755201066583e+06 -5.721772599713497e+05
  1.262146098477880e+09 -2.214376658851292e+06  8.957240314271215e+05
  1.262930994934309e+09  2.529135413443557e+06  1.553969994460783e+06
  1.264099993508893e+09 -7.220054845015573e+05 -5.627771794950932e+05
  1.264598550230298e+09  8.842096589155016e+05 -4.202049875887847e+05
  1.260081409850948e+09 -3.473663475444550e+05  1.163953188202359e+06
  1.263409360938964e+09 -3.769375842690853e+06  2.232180812816991e+06
  1.262991699779644e+09  2.005151155031604e+05  3.483071898937213e+06
  1.264754489546225e+09  6.177731163746424e+05  3.682852443030431e+06
  1.261931811314020e+09  1.159844917326069e+05  3.454854505497083e+06
  1.264189687424652e+09 -1.341565582921208e+05  1.164678716082884e+06
  1.264850075184076e+09  2.515819391969962e+06 -1.676726685636238e+06
  1.263317159691225e+09 -1.949909554139095e+06 -1.092533462001127e+06
  1.265442171479236e+09 -1.610587931560242e+06 -1.734487860096628e+06
  1.264232151266048e+09 -2.361816289997410e+05 -1.350578566866786e+06
  1.262333276786794e+09 -1.254553960284288e+06 -9.110766767273645e+05
  1.263791298912081e+09  1.617403295127911e+06 -1.626093107888628e+06
  1.264242846948421e+09 -5.377865296222264e+05 -1.901180772477964e+06
  1.263524359772768e+09  2.923216780774910e+06 -7.085474278033975e+05
  1.265429360156780e+09  1.138992827349767e+06 -6.080179118199025e+05
  1.264512466481248e+09 -3.407574552299530e+06 -8.393664778298115e+05
  1.260767450132075e+09 -1.376839449725345e+06 -2.701863451788343e+06
  1.261491867315896e+09 -5.598432220200360e+06 -3.570223801406417e+06
  1.259849230709012e+09  3.488103269922146e+06 -8.591640063102080e+05
  1.265881480741179e+09 -1.442060326791867e+06 -2.554148102323549e+05
  1.262944693584460e+09  2.996580007812846e+04 -2.208872358808397e+06
  1.263277837469326e+09  5.862775051753930e+05 -3.913810953975220e+06
  1.262453481605238e+09  1.027162674693646e+06 -4.657120197511463e+06
  1.260054121155578e+09 -2.083083011592468e+06 -3.317748089537004e+06
  1.263572348276113e+09 -2.441678098641144e+06 -3.996245700966929e+06
  1.262335402067862e+09 -1.573939847504297e+06 -7.921068594670857e+05
  1.262348860673733e+09 -1.336741284398158e+06  5.960117640594665e+05
  1.264661553663008e+09  1.387281499118468e+06  8.590892427696346e+05
  1.262347954475716e+09  2.115084542378760e+06 -3.756907572452942e+05
  1.264592718634908e+09  4.475889895157367e+05 -4.707615327097691e+05
  1.263349824672044e+09  3.001771454992073e+06  1.383141545473849e+06
  1.263526350804462e+09 -3.970003780942402e+06 -1.443065943810036e+05
  1.261006980718383e+09 -4.634386485517434e+05 -3.258027748418285e+06
  1.264935153428178e+09 -5.160032077566464e+06 -3.163944469899641e+06
  1.265927640582203e+09  3.247244777406364e+06 -1.667081432801735e+06
  1.262682150231767e+09 -2.164735731117820e+06 -1.522297198261147e+06
  1.259316198739657e+09 -7.755407666545466e+05 -1.462388837254976e+06
  1.262040541271036e+09  4.578449489501239e+05 -1.650986051306612e+06
  1.264527921930899e+09  8.294285837617831e+05 -3.371393588310383e+06
  1.262823427829485e+09 -8.662529322211692e+05 -5.266361292206446e+06
  1.261339595173920e+09 -2.284350623582746e+06  7.144262293555435e+05
  1.262225140713115e+09 -2.182684835394941e+06  1.593993497120500e+06
  1.260742666871016e+09  2.046780309338759e+06 -3.085680219426195e+05
  1.263354024839441e+09  3.346953975493861e+05 -1.235556561648618e+06
  1.267160638616567e+09  1.741391703133558e+06 -3.349123339872045e+05
  1.265985388453787e+09 -2.732147230158146e+06 -1.472911284138313e+05
  1.262518030888301e+09  3.014946005162433e+06  2.689406843090694e+05
  1.263437495303516e+09 -1.360064189959840e+06  1.164997477032809e+06
  1.264035443618453e+09  2.032913386858421e+06  1.949981299409330e+05
  1.264307610243989e+09 -2.818460465944045e+06 -2.410613953276505e+06
  1.260532357294090e+09  8.253983716863627e+05 -2.504772581647727e+06
  1.261846348522940e+09 -5.103660143452567e+05 -1.609542323926670e+06
  1.261021558664263e+09  1.523216838626039e+06 -2.022554383361385e+06
  1.263505848956687e+09 -1.323974439022817e+06 -6.235555871237440e+05
  1.264722808952167e+09  1.434099866758497e+06  1.685236475658113e+06
  1.262694218835899e+09  2.897759277757899e+05  9.603627785618666e+05
  1.267609501384285e+09  5.388662209879467e+05 -1.907894906657313e+06
  1.265355297775871e+09 -2.313939940275169e+06 -2.205342342008062e+06
  1.266158544824205e+09  3.534002922753612e+06 -6.348121672302727e+05
  1.262983120762101e+09 -1.682582666967255e+06 -1.111272002391089e+06
  1.259057701119881e+09  1.447020811186021e+06 -1.974085107599821e+06
  1.262324161217730e+09 -2.644156693143249e+06 -5.492078339342547e+05
  1.262434254352035e+09  7.464039471277155e+05  5.720003368161167e+05
  1.262393094898877e+09  3.797904718445750e+05  7.702158533519360e+05
  1.263689747871193e+09  7.443654778250109e+05  7.276199030308898e+05
  1.257409694436993e+09 -1.778635159202603e+05 -6.412937736692845e+05
  1.263783720416180e+09  3.652481954799793e+05 -5.730439253173245e+05
  1.262006299414741e+09  1.714169268338983e+06  1.073831662703386e+05
  1.266121440187741e+09  3.087767411426613e+06 -8.785321115106447e+05
  1.261740431219861e+09 -2.255221965860110e+06 -8.964053748785984e+05
  1.261545740440225e+09 -4.852779843795937e+05 -4.874405862051710e+05
  1.259922186921326e+09  2.079441309380757e+06 -6.302662574136723e+05
  1.265408654344285e+09 -6.292024126681255e+04 -7.647474507298021e+05
  1.264469004415946e+09 -1.405333773263300e+06  1.405913232415727e+06
  1.259908223880222e+09  1.598078521686538e+06  3.801367975598386e+06
  1.262893249897819e+09 -1.282137344772893e+06  3.674301559460483e+06
  1.263344145535405e+09  1.932514782923206e+06  1.057059888340435e+06
  1.260000104507781e+09  8.151139591477757e+05 -9.803355402410035e+05
  1.262061454991147e+09 -4.002258127688547e+05 -2.342119288275855e+06
  1.265697415270257e+09  3.484632011095557e+05 -1.980758686885145e+06
  1.262683445864357e+09  8.642300162103532e+05  1.699742561250466e+06
  1.261896415950097e+09  1.038509972168433e+06  3.146508934565256e+06
  1.263109241632470e+09  1.861548267330419e+06  1.873807803895044e+06
  1.263496515316703e+09  1.260623479339139e+06  1.907350017177519e+06
  1.265530466339851e+09  2.189583063822289e+05  2.397135281506469e+06
  1.264694056049416e+09 -5.677601053444418e+05  2.583973316545239e+06
  1.263452410148585e+09 -1.426331424214371e+06  1.495784821720083e+06
  1.263667903330031e+09  2.283533006323010e+06 -5.389212397330422e+05
  1.259013331555432e+09 -1.651485022830118e+06  1.763113552295236e+06
  1.262856021792503e+09  1.405745202622560e+05  1.865933498943652e+06
  1.261532734535255e+09  2.161858565763015e+05  1.716089717291753e+06
  1.262193231515417e+09  7.194554668316691e+05  1.244223723354105e+06
  1.265073915908370e+09  1.577638613195103e+06  6.786675568691551e+05
  1.260603743859182e+09  3.961010751809154e+06  1.605843007259116e+06
  1.260778895012375e+09 -1.956198132071850e+05  1.652153161866270e+06
  1.264670292818156e+09  1.335596081663090e+06  4.053924062680693e+05
  1.264328513220097e+09  2.531158274933898e+06 -7.432586598999148e+05
  1.262612359126486e+09 -1.049636001396680e+06 -1.862709586558609e+06
  1.263481271246452e+09  3.242667490992180e+06 -5.017149189288802e+05
  1.264482571475061e+09  4.880349714561482e+05  8.850014105062864e+05
  1.264185929109562e+09 -3.797828987297792e+06 -4.274138743077829e+05
  1.262010708149418e+09  1.835841276234459e+05 -3.443986385744071e+05
  1.263083332035086e+09  1.919638610703775e+06  1.014927825763264e+06
  1.266400064560398e+09 -3.557901934245226e+05  1.353278539750125e+06
  1.264716714345416e+09  8.805014496862469e+05  6.185846234307695e+05
  1.260021154036030e+09 -1.712309868286934e+06 -1.198989613785570e+06
  1.265356071169384e+09  5.914570087844949e+05 -1.390319346309538e+06
  1.260019005266586e+09 -3.814914518036488e+05 -1.498135315884498e+06
  1.263914302103299e+09  8.570198327747566e+05 -1.955689700074485e+06
  1.265826312530007e+09  2.716475031872574e+06  6.413526574952994e+04
  1.263952444994923e+09 -1.162176070201173e+06  3.444556619478819e+06
  1.264497887151725e+09  1.338979407941792e+06  3.576013399463218e+06
  1.262552674178824e+09  7.711140871244865e+05  4.434435105104067e+05
  1.262965484800613e+09 -2.605844367414778e+06 -2.311404070275378e+06
  1.260706002118542e+09  1.484397216900228e+06 -2.562997555920164e+06
  1.264584534652745e+09  1.179729184948134e+06 -1.056347124292567e+06
  1.262629558614182e+09 -3.007971557980791e+06 -1.795869986649930e+06
  1.262978291923793e+09 -6.252302835162650e+05 -2.831547073492847e+06
  1.264627368345678e+09  3.915461463623540e+06 -2.065369775853295e+06
  1.264614066437384e+09 -1.008550447231375e+06 -7.387078868565732e+03
  1.264436804041039e+09 -9.077926969887387e+05 -4.806285988020645e+06
  1.263597757878123e+09 -2.897902113698646e+06 -1.449742515147946e+06
  1.263547989556547e+09  2.751269307186286e+05 -1.291076599375281e+06
  1.258917582843190e+09  1.232275389535178e+05 -2.846723325119257e+06
  1.264038635703191e+09 -1.935787324255237e+06 -1.616784276811030e+06
  1.263798965069754e+09 -1.146509263830629e+06  4.309353914442357e+05
  1.264644071909590e+09  3.480490986147110e+05 -8.991847335380563e+05
  1.260448694222628e+09 -1.981663765467883e+06 -2.665172115641837e+06
  1.264647136003786e+09 -1.592105097202552e+06  3.783422610280998e+05
  1.264958657149411e+09  2.875669435330846e+05  2.755038019973727e+06
  1.262888525569223e+09  4.777610403722672e+05  7.678003274226616e+05
  1.265899003877017e+09  5.540167914770505e+05  6.563210427122456e+05
  1.265437673337999e+09 -1.282265497147187e+05  1.570898692420780e+06
  1.262066584689172e+09 -2.629532242762577e+06  1.044339459778367e+06
  1.263770998864062e+09 -3.688460640561575e+06 -1.008556275731318e+06
  1.262037803358832e+09  9.988271808492374e+05 -4.829842550604224e+06
  1.261687679246387e+09 -5.548016270087981e+05 -7.112231947548205e+06
  1.263065045270843e+09 -2.406857006877589e+06 -3.362017263035013e+06
  1.265485668557080e+09  1.216228808213895e+06 -1.358682115169244e+06
  1.262743176673232e+09  4.458262303569871e+05  5.179321788203070e+05
  1.262643139352091e+09 -8.668848004742374e+05  1.080237091052019e+06
  1.264085587307172e+09 -3.308405752646383e+05  4.165237825775304e+04
  1.266628076730430e+09 -1.355822963832767e+06 -1.612021384967029e+06
  1.261989531160212e+09 -1.434861447771458e+06 -2.821987718166743e+06
  1.265386170057894e+09 -3.494614434227833e+05 -1.010513109207193e+06
  1.259622121296402e+09  1.390038432572128e+06  6.129555453272996e+05
  1.263072325415667e+09 -8.830122288331618e+05  1.418357209553385e+05
  1.260910232011220e+09 -5.624869195277488e+05 -1.100043432476544e+06
  1.263113208534291e+09  4.541049147002030e+06 -8.983382438015214e+05
  1.262386271755301e+09 -2.741572772412763e+06  7.452046150358455e+05
  1.261948179566258e+09 -4.113477866851767e+06 -1.951700177170048e+06
  1.264981220668162e+09  1.538109326614249e+06 -7.355110469619090e+06
  1.266057901927714e+09  1.973788685210797e+05 -3.025774600051779e+06
  1.265780492851110e+09  9.347786995072807e+05 -1.954238452951750e+06
  1.264102523786758e+09  9.877354622237224e+05 -2.074292801014635e+05
  1.259473127251638e+09 -9.020948761460825e+04  9.596924203917379e+05
  1.262764680477325e+09  7.496225549654757e+05 -5.950455688259576e+05
  1.261444425994265e+09 -6.786277530484624e+05 -7.136968898348589e+05
  1.261087332752311e+09 -2.999839813696508e+06  1.935290448513609e+06
  1.263494592864916e+09  8.844536771228262e+05  3.377394205180840e+06
  1.266120394188654e+09  1.279789432029896e+06  3.932074726418795e+06
  1.262019044730781e+09 -7.694437372261434e+05  5.008529688966621e+06
  1.262475641388128e+09 -3.088455187927906e+05  4.111620696991603e+06
  1.263113032473523e+09  3.292266585282927e+05  1.050768105783366e+06
  1.262468664384477e+09  4.353804382865284e+06  1.429323416622753e+05
  1.262156973916811e+09 -9.370039720306015e+05  1.206400693194913e+06
  1.262409416568418e+09 -3.511736815582857e+06  1.239069711405738e+06
  1.263376072527531e+09  2.085284559780975e+06 -1.402111294717879e+06
  1.261365140642333e+09  1.090453866308263e+06 -2.464749246944113e+06
  1.261648483448797e+09  2.666065693842708e+06 -1.848462337803973e+06
  1.260020077218375e+09  1.687054108401125e+06 -9.344368987959623e+05
  1.263306114947681e+09  1.126858447003680e+05  1.656272507522600e+06
  1.260882816389562e+09  1.506218007698818e+06  2.755456385544848e+06
  1.262931810344784e+09 -6.250219273814420e+05  1.349501949354904e+05
  1.266224049250558e+09 -4.114988666422126e+06 -1.128439593212428e+06
  1.263601126382231e+09  2.067183085387738e+06 -7.928998535356920e+05
  1.264725391200798e+09  9.997062695938938e+05 -1.405535372656813e+05
  1.264648936161693e+09 -3.435424501541233e+06  8.820442948272922e+05
  1.263489509695836e+09  2.138715754395006e+06  5.820322545497804e+05
  1.264236967684346e+09  8.094409736029163e+05 -5.997596670575612e+05
  1.266320023403915e+09  2.809069797678189e+06 -1.138899678002239e+06
  1.264907850208197e+09  5.376115189562232e+05 -1.146087900569236e+06
  1.260798485652843e+09 -1.600777823479464e+06 -2.365243209045605e+06
  1.263247313111338e+09  1.042237174130868e+06 -3.120890761490491e+06
  1.264364774184936e+09  1.958302720750134e+06  1.779378757613726e+05
  1.261196413160487e+09  2.313786456665456e+06  2.238705446915884e+05
  1.264817998548382e+09  1.175744864051526e+06 -2.844843590936834e+06
  1.265191148989253e+09 -2.368662438361829e+06 -3.054932206084538e+06
  1.263158014613017e+09  9.937095225474132e+05 -1.924134255820690e+06
  1.261972353499622e+09  1.417248563598442e+06 -5.172609089376534e+05
  1.264146598999433e+09 -1.946971395454329e+06 -4.797509721315194e+05
  1.265111360672221e+09 -9.108159189970940e+05 -3.565716659403781e+06
  1.262110658411081e+09 -2.460068281479111e+06 -3.377655578228529e+06
  1.262413525939667e+09 -1.706163061322248e+06 -1.270319065270089e+05
  1.261040024105485e+09  3.873181786758195e+06 -1.157769072046439e+06
  1.265578057382710e+09 -1.056106984525631e+06 -4.092105446486354e+06
  1.265690927140123e+09  1.820584865371882e+06 -3.142831288352788e+06
  1.265013877335405e+09 -1.143311546854443e+06 -2.343651306061153e+06
  1.263723768008143e+09 -4.184429117790489e+05 -3.732876387844081e+06
  1.264384396673470e+09 -1.498985222632459e+06 -3.005095380791448e+06
  1.263063988445932e+09  2.630535014675533e+06  2.668177948092668e+06
  1.261459914848425e+09  8.265956054755838e+05  4.305492079552157e+06
  1.263811864359772e+09  6.443269589009810e+05  4.613001660947044e+06
  1.263325102361763e+09 -4.302289128584499e+06  1.783167993937500e+06
  1.262187080664199e+09  6.546621423844310e+05 -1.244529920480964e+06
  1.261076361546402e+09  7.031553708763700e+04 -1.351058921212467e+06
  1.264155709250349e+09 -5.226104019351318e+05  5.337298055264035e+05
  1.257273471711759e+09 -1.680649092953275e+06  2.042984301547951e+06
  1.263806217130898e+09 -3.155836348750598e+06  1.648668979875077e+06
  1.262173068678134e+09 -1.386312765698108e+05  7.196796890932103e+05
  1.266868754230368e+09  2.727244594877187e+06  1.464178264478051e+06
  1.266357704437555e+09  6.322228082606408e+05  3.235557924454134e+06
  1.261821908677407e+09  7.369469302955540e+05  4.102087552510227e+06
  1.260822797966424e+09 -1.066290033054043e+06  2.735497603354393e+06
  1.262000471844211e+09 -2.366094956611918e+05 -5.962061897543857e+05
  1.260470643996389e+09 -3.381185286794424e+06 -2.822125695335870e+05
  1.261365161332987e+09  1.923140159939362e+06 -3.634562761270573e+05
  1.262554403795579e+09  7.864648234932551e+05 -4.514179742265941e+05
  1.265723555314052e+09  1.404675793060664e+06 -1.498800574106880e+06
  1.261795269888917e+09 -2.575165989183313e+06 -3.067686025729650e+05
  1.259578550475513e+09  1.941100424418177e+06  1.138417873458554e+06
  1.263344273122878e+09 -3.473153224986311e+06  2.579954882365441e+05
  1.261622663604783e+09  7.751578567422112e+04 -3.636037182719473e+05
  1.265545273674982e+09  1.754057390496748e+06 -2.954479471777473e+06
  1.260884988862939e+09 -2.888712138490720e+06 -3.699829112888102e+06
  1.264766152517236e+09 -2.232382278275284e+06 -3.956552459041319e+05
  1.262580618453591e+09  5.376130826361116e+05  1.744451785318772e+06
  1.262356639326758e+09  1.670804140699746e+06  1.002594410973061e+06
  1.262411616547575e+09  1.404771572226254e+06 -8.891613364712350e+05
  1.264164181859922e+09 -3.649450520584686e+04 -8.280949492480983e+05
  1.262290283633897e+09 -1.835915496280747e+06 -8.831681133089898e+05
  1.262908966223317e+09 -2.920604095664844e+06 -1.139323127878263e+06
  1.262191950848052e+09  1.121511159056980e+06  1.962605569578300e+06
  1.265316186717325e+09  1.477603041560966e+06  1.353496491270070e+06
  1.262623770461099e+09  2.772413170483469e+06  2.093331412498971e+05
  1.261018307101813e+09 -4.824755944711670e+05 -1.087233356478533e+06
  1.261924252515370e+09  1.247014917027449e+06 -1.015425538340243e+06
  1.261417151751383e+09 -1.583569638874550e+06  6.512158158795525e+05
  1.262420148046925e+09 -4.186240220342209e+05  2.819489179238383e+06
  1.265994159662350e+09  3.318689074957867e+06  3.739706565913110e+06
  1.262461108201969e+09 -3.823260529084572e+06  3.780907427805418e+06
  1.265113589011164e+09 -2.386863290183302e+06  3.936435315170465e+06
  1.261435511100799e+09 -8.987585029648307e+05  1.830060112510330e+06
  1.265138430144172e+09 -2.483681993187896e+06 -2.439479606175526e+06
  1.260983576860723e+09  1.813528486568405e+05 -2.182876831139900e+06
  1.261533876998127e+09 -1.975446053397815e+06  1.176318839594522e+06
  1.264019721620624e+09 -3.913163690601151e+06  2.265711707727244e+06
  1.262090115974137e+09 -1.818772212241696e+06  2.339344703454969e+06
  1.264305955350637e+09 -6.766717632573741e+05 -8.928617681122916e+05
  1.263578597015982e+09  3.953893461905511e+05  2.510618996833476e+05
  1.263910207575294e+09  5.141058086553611e+06  4.030643358607125e+05
  1.261178588788423e+09 -1.071006247065841e+06  6.461150967223917e+05
  1.263394813720547e+09  2.153543801990431e+05 -5.638524538798480e+05
  1.262801130503995e+09  2.487230046638493e+06 -1.480379342783957e+06
  1.263047978434686e+09 -1.541343747016970e+06 -1.677973611715586e+06
  1.262693684653301e+09  1.574850022554979e+06  1.661650195714037e+05
  1.261311838850189e+09 -1.933124246988803e+06  4.259344560977603e+06
  1.263678783187310e+09  2.753668024680007e+05  5.236466424719849e+06
  1.264344887645034e+09 -1.612382392963577e+06  3.746661167202805e+06
  1.265756100831725e+09 -4.894864486515962e+06  4.686365394726479e+06
  1.261279255579761e+09 -2.118385261585723e+06  3.981748038902275e+06
  1.260907429974772e+09 -1.947786142669151e+06  7.643010948072560e+04
  1.262737994824806e+09 -3.826273687666933e+06 -3.801711195141793e+06
  1.263925242216955e+09  8.107242690396961e+02 -4.127805528025968e+06
  1.266613320380406e+09 -2.593222963218900e+06 -2.454258029570453e+06
  1.261663193137836e+09 -2.875717840834465e+05 -5.921178739787554e+05
  1.260663669870062e+09  5.888218225502200e+06  2.413854208421377e+05
  1.262468117286285e+09 -1.534215334533471e+06  1.211729765186165e+06
  1.262195306855675e+09  7.739657883060735e+05  6.470593270071275e+05
  1.263222060961865e+09  1.608782896720568e+06 -3.219809747277205e+06
  1.266264824002953e+09 -2.721521679228833e+05 -4.455846480880994e+06
  1.262927587599320e+09 -5.390391421474568e+05 -1.756010270086042e+06
  1.261349873244681e+09 -8.247169565467443e+05 -5.882992157679570e+05
  1.263866216498658e+09  7.139292605490524e+05 -2.977385210029177e+05
  1.260847337175630e+09 -1.038092268154530e+06  7.261916030460140e+05
  1.265122103101009e+09 -2.246192944233757e+06  1.176479927865700e+06
  1.263622498503454e+09 -1.488841367316074e+06  6.750407142202817e+05
  1.263464131444057e+09  1.148692325838085e+06  8.517111594423949e+05
  1.262851757982334e+09 -2.228998716284027e+06  6.121954857026638e+05
  1.261349793704730e+09  1.807619269028194e+06 -1.970775615551728e+06
  1.264093059115369e+09 -2.193452381286523e+06  2.415093555819975e+06
  1.262414624499692e+09  7.455665067222163e+05  1.117818065091106e+06
  1.263941989010293e+09  4.056786560825993e+06 -3.221615202200704e+05
  1.264975941820714e+09  3.099742882023135e+05  2.808491229316575e+05
  1.262900572804275e+09 -1.316122000143496e+06  2.226514476574886e+05
  1.264911625768029e+09 -3.118868497184508e+05 -2.483270532173545e+05
  1.262129166617739e+09  1.441652510752867e+06 -1.358365567588073e+06
  1.263353040047451e+09 -4.882627683143290e+05 -2.582166553032486e+06
  1.261585616683361e+09 -1.485997770672432e+06 -1.375186102988464e+06
  1.264870530176837e+09  2.683473979526153e+05  8.556462799864139e+05
  1.265086781837161e+09  7.726467326566577e+05  1.629300999978967e+06
  1.263215967468796e+09  1.273375145813855e+05  1.805337037303044e+06
  1.260040665055676e+09 -7.582337294809114e+05 -7.117875190286504e+05
  1.261472162156447e+09  1.773913262581153e+06 -2.819392801093950e+06
  1.262225514526614e+09  7.520709465102735e+04 -1.191321944535332e+06
  1.261333198491564e+09  2.993314009954669e+06  8.984592511273276e+05
  1.262138622344296e+09 -7.860140255549949e+05 -9.311796795410323e+05
  1.264249865109845e+09  1.809257810330519e+06  6.102342334725013e+05
  1.263156606745526e+09  3.800518799953590e+06  1.866360966040540e+06
  1.263506424133816e+09  1.705991710988002e+06  4.517816059055399e+05
  1.266856557832479e+09 -3.230654576581595e+06  4.805871230270023e+05
  1.262387407927776e+09 -7.856449514785712e+05  1.747925025167903e+06
  1.263950217013600e+09  2.167026828957552e+06  5.631730403209445e+05
  1.263483314852421e+09  4.223164484124852e+05 -1.201831610678855e+06
  1.263454211821074e+09 -1.035596643056376e+06 -1.470215492297254e+06
  1.263891688571290e+09  1.489064857192885e+06 -3.464399696844701e+06
  1.262505239471738e+09  3.295001861610671e+06 -5.657123592533485e+06
  1.262094525376729e+09  1.673937189644655e+06 -3.964237745822065e+06
  1.263767027617491e+09 -6.299893500038617e+05 -2.552097543306403e+06
  1.265585700139240e+09 -7.280867738835150e+05 -1.875719949787244e+06
  1.265454428498797e+09  2.038536504611771e+06  5.010388784554817e+05
  1.261959583466827e+09  4.787346314502830e+06  4.967918387520525e+05
  1.267228917435246e+09  1.303343493443465e+06  1.335059729532852e+06
  1.264630723833661e+09  1.527064355909956e+06  8.950015189037612e+05
  1.263886570744821e+09  4.545682755690232e+06 -2.451369114411002e+06
  1.265709162209656e+09  1.809727664094890e+06 -1.245052470979589e+06
  1.260738804052216e+09 -1.349891778345553e+06  3.903515273984672e+06
  1.260575503622408e+09 -1.312876036248317e+06  3.998833432730025e+06
  1.261972605153002e+09  1.208030739962520e+06  2.199272417789835e+06
  1.261073244375911e+09 -1.703379607450702e+05  9.956625852858045e+05
  1.263324016776297e+09 -4.249740445514641e+05 -9.790971337771914e+05
  1.257792892173409e+09  1.466337597267854e+06 -1.370771915581793e+06
  1.265224031206169e+09  3.181772885186396e+06 -2.469180535145144e+06
  1.260723749397743e+09  2.925905695796322e+06 -1.377308205102610e+06
  1.266818858023741e+09 -5.855444704929105e+04  2.904606972977724e+06
  1.262628124421123e+09 -3.021822936151375e+06  3.010888928025072e+06
  1.261512323954259e+09  1.435314216192375e+06 -4.492629538121163e+05
  1.261515548167497e+09  4.486290405756459e+06 -9.137092161395096e+05
  1.261293617525490e+09  1.205069679567682e+06 -7.399342080745306e+05
  1.263570833226606e+09  7.843074618949307e+05  2.052199503551824e+06
  1.263409631837409e+09  2.181221293044074e+06  2.006669821421676e+06
  1.263289438357431e+09  6.169159964611398e+05  6.996158853199175e+05
  1.262055138061625e+09  1.620273332617212e+06 -1.159334800507163e+06
  1.260178425366973e+09  1.459518597716241e+05 -2.242857037065748e+06
  1.265471889911365e+09  8.980324498233984e+05 -2.332729003477138e+06
  1.265635421998554e+09 -5.323947247170382e+05 -6.995028843368327e+05
  1.260251522493942e+09  8.794107605100002e+05 -3.282977201194724e+04
  1.263799587212715e+09  1.327767795046642e+06 -1.352653194035200e+06
  1.263891998704902e+09  5.314718033524541e+05 -6.852588153451902e+04
  1.263636556733831e+09  2.316680941570300e+06  1.194935862040575e+06
  1.265557626938389e+09  1.550750117136202e+06  1.871371050480709e+05
  1.263863304451805e+09 -2.012844501077730e+06 -1.251727705478456e+04
  1.263675913330369e+09 -2.088725008366775e+06 -6.566161914578532e+05
  1.262188200068867e+09  2.727551105593606e+06 -2.435383789012589e+06
  1.261240357196636e+09 -1.995996938094520e+06  3.597937461451885e+06
  1.263563404774725e+09 -5.019560267569467e+05  3.579423301434238e+06
  1.262625631838148e+09 -2.417465886311053e+06  2.503821195262245e+06
  1.262495539252674e+09 -7.842093987647053e+05  1.073630106632996e+06
  1.265669365329813e+09  1.516642056902529e+06 -4.222085637008956e+05
  1.258089190253441e+09  8.310990225537701e+05 -1.884532386888930e+06
  1.261199640167147e+09  3.574938877651308e+06 -1.758325517076130e+06
  1.262032691053002e+09  2.019797067837706e+05 -1.488648967974501e+06
  1.265827860994480e+09  1.329143605280239e+06 -2.073328434299520e+06
  1.261017767957493e+09  9.975997427133624e+05 -1.174407712885343e+06
  1.263641012074474e+09  3.684249631085595e+05  2.634408105253199e+05
  1.264249541831336e+09  8.695266382007939e+05  4.638034497044814e+05
  1.264257023416189e+09  7.406685905242482e+05 -1.468356199710096e+05
  1.263558561169253e+09 -1.068478717068400e+06 -6.156172853731783e+05
  1.263852062137182e+09 -4.599549981684849e+06  2.496017723987032e+05
  1.264909914569791e+09  2.706156433378571e+06  2.260452599942577e+06
  1.264051192504127e+09 -2.505279640798995e+06 -1.532479168672901e+06
  1.259713379911775e+09 -1.566208774111190e+06 -3.914982719137646e+05
  1.265174768382432e+09 -3.020636797685990e+06  1.411195360207968e+06
  1.260558152200031e+09 -1.208763794659023e+06 -3.675068316743268e+05
  1.264705583258339e+09 -8.899669746901861e+05 -1.745933858176604e+06
  1.266826217608220e+09 -6.874486956192448e+05  5.995858819859496e+05
  1.264639475999331e+09  3.781170999852590e+06  2.121548488883870e+06
  1.264072996073190e+09 -7.569838177358016e+05 -1.233669008462249e+05
  1.260453929116890e+09 -8.662936513170088e+05 -2.670732772530801e+06
  1.264459553932611e+09 -3.726518699540588e+05 -1.162631337064562e+06
  1.260641275385592e+09  1.417601564680227e+06  1.261248185784727e+06
  1.266306752560474e+09  3.859259121124674e+05  1.575137736337143e+06
  1.260056058868615e+09 -2.443908700291828e+06  1.586361129429670e+06
  1.262916698531925e+09 -2.172580511129518e+06  1.194069745110498e+06
  1.264426316640572e+09 -4.226642126081138e+06 -3.419853699531540e+04
  1.263910131413992e+09  2.148188304859534e+06 -9.267811940047067e+05
  1.263854497238084e+09 -2.814308125628066e+05  1.155352092033911e+06
  1.263270692258698e+09 -6.026824706891963e+05  9.498463492811131e+05
  1.263302749932861e+09 -4.387396238326562e+06  1.670722824265496e+06
  1.261475392395378e+09  1.637792420477212e+06  2.200881719453430e+06
  1.260842848779035e+09  9.301473186897152e+05  1.055804617639292e+06
  1.262677619423181e+09  7.630383052947002e+05 -3.011056256681819e+05
  1.264745850877655e+09  2.686272157434768e+05  6.130152792374779e+05
  1.259891350471816e+09  1.800390157298285e+06  2.240344789164832e+06
  1.264148271353041e+09  2.826446824262118e+06  2.883552579382678e+06
  1.264959607480333e+09  8.004048043455452e+05  5.893575281335191e+05
  1.261160451377587e+09  5.676604493871661e+06 -1.196250474168032e+06
  1.264552509894018e+09 -2.020412044896743e+06  4.794412932357274e+04
  1.265891504762305e+09 -1.305464373391683e+06  1.267044638802166e+06
  1.265015976703930e+09  2.490962182497424e+06  1.878220703627952e+06
  1.265176517520206e+09 -5.410566045843102e+05  2.478450463512814e+06
  1.263016094051722e+09  7.710048872073887e+06  2.322202427390893e+06
  1.261677236979119e+09  7.465518396812235e+05  1.552054284743045e+06
  1.260634383491079e+09 -1.114155864566397e+06 -6.792094593774545e+05
  1.262868681587241e+09 -2.385386838909474e+06 -8.240527007757919e+05
  1.263204503921112e+09  2.474420896776666e+06 -5.919530100805946e+05
  1.260524232461590e+09  5.420642210721751e+05 -8.754770782864315e+04
  1.263254886405549e+09  1.222151010479011e+06 -4.219532637492371e+05
  1.269026886644511e+09  3.116284574364378e+06 -2.105877903467326e+06
  1.261123409365328e+09  7.885506002471732e+05 -2.756548676263358e+06
  1.265400988525442e+09  7.033664282478106e+05 -4.605010217300747e+05
  1.261212613153724e+09 -2.051881101558110e+06  1.965790111802667e+06
  1.263217542972666e+09  3.713286465959371e+06  5.314690307907667e+05
  1.262335872578487e+09 -2.566894939762442e+06 -8.768843038413810e+05
  1.261899921423875e+09 -2.570834980479510e+06  6.927520867914008e+05
  1.262750982270704e+09  4.112312960334313e+06  3.550629974914940e+06
  1.261340516179083e+09 -1.171902067410118e+06  5.491519200568998e+06
  1.265407412671007e+09  5.700140362595038e+06  4.599943895686476e+06
  1.262438910721306e+09  1.849077427704268e+06  2.078228078010267e+06
  1.263300043799052e+09  1.166736134532637e+06  7.365180695382622e+04
  1.262388160895275e+09  3.617443900933873e+05 -1.742231349730508e+06
  1.261143725114248e+09  3.912701394214672e+06 -9.871647762032615e+05
  1.260268175378437e+09  1.977109937158244e+04 -9.961971223882854e+04
  1.260264856635165e+09  6.030715080212217e+04 -1.890340923155603e+06
  1.263008042609727e+09  3.699119971249221e+06 -3.086758922430348e+06
  1.261909658557992e+09 -2.642095860407599e+04  8.551366182475560e+04
  1.265515578182665e+09 -6.563958116562199e+05  9.118537328498804e+05
  1.262892393234083e+09 -1.439082682998019e+06 -2.098669617378646e+06
  1.262891244581828e+09  3.436304733073176e+06 -3.111548414728278e+06
  1.262843008898462e+09 -3.125942829641561e+06 -2.480291599922227e+06
  1.264605843486558e+09 -1.686450351143228e+06 -1.066907748920706e+06
  1.263319499754162e+09  5.313806775310568e+06  4.944364063500411e+05
  1.262648331651260e+09 -2.359072433191648e+06  2.023715377598846e+05
  1.261265300528449e+09  9.638646462240946e+05  8.882522421015231e+05
  1.263018770851805e+09  3.409134996094062e+06  1.897425878926799e+06
  1.261812298938869e+09  2.548399928837218e+06  1.107450777704027e+05
  1.260031666906579e+09 -1.952707643559573e+05 -9.960560499595490e+05
  1.264017876162663e+09  4.915383320185367e+06 -7.525765671845564e+05
  1.262326440577138e+09 -9.489485096524523e+05 -1.216487277185733e+06
  1.262959598856093e+09  9.571140206866901e+05 -1.984321403562089e+06
  1.265842813300004e+09  3.520230256216778e+06  5.673359621343277e+05
  1.263164378675046e+09  6.507424330484693e+04  3.281918352959461e+06
  1.265601696555302e+09  3.218434486161554e+05  1.530039085368724e+06
  1.265466919305921e+09 -6.675206909166789e+04 -2.600795801313856e+03
  1.264571928796361e+09  2.704948260931974e+06  1.148319391653185e+06
  1.262585114882279e+09 -7.751996016319650e+05  1.265405625374012e+06
  1.263981102003603e+09 -1.376094105979138e+06  3.323835224344437e+05
  1.264624420010646e+09  2.764124700994851e+06  1.374622264867645e+06
  1.260638517177029e+09 -3.051360894810442e+06  1.355184787279051e+06
  1.264102793553121e+09 -1.028170343959236e+06  1.324952746227608e+06
  1.262754753107727e+09  1.682835124018608e+06  2.715343301219170e+06
  1.262168801684033e+09  2.678006608672923e+06  5.027943200636549e+05
  1.264094642006703e+09 -9.774514366691358e+05 -1.391677688236173e+06
  1.263296061193422e+09  5.368091274573080e+06 -1.536082227715760e+06
  1.260220495900126e+09 -1.084112037553650e+06  9.498138125382604e+05
  1.263898285013800e+09  2.489970111157487e+06  2.099197702367026e+06
  1.263947854790889e+09  3.022631774613856e+06 -1.831896572501621e+05
  1.264274201783565e+09  4.536725165508608e+05 -2.631055187315214e+06
  1.261305519377899e+09  1.473279511406800e+06 -3.966268133784191e+06
  1.264156037672710e+09 -9.771655707505757e+05 -9.203743968278305e+05
  1.263027661628254e+09  6.399074267520821e+05  3.064620574784399e+06
  1.264434966019982e+09 -5.184476901831279e+05  8.855326394171475e+05
  1.263933872508907e+09 -1.884561691707759e+06 -2.045086790668909e+06
  1.263290471810862e+09 -1.634993930814974e+06  8.254412631511232e+05
  1.261512790012080e+09 -2.918912822246348e+06  3.866204541377032e+06
  1.260706298773435e+09 -2.361632746231803e+06  3.784305846838676e+06
  1.262305054002294e+09 -1.945523953269917e+06  5.843577810658553e+05
  1.262807506478339e+09  2.102123865413211e+06 -7.760179797213231e+05
  1.265792918395168e+09 -1.910949879324203e+06  5.016208033626216e+05
  1.265824214728198e+09  3.431227451095541e+06  1.400219631776701e+06
  1.262057781543011e+09 -1.098276713777372e+06 -9.005551199320178e+05
  1.260445398067284e+09  2.387179648850828e+05 -3.150369260863203e+06
  1.263752109653759e+09  1.317333955482822e+06 -2.488170941836091e+06
  1.260452497432476e+09 -2.432546853100302e+05 -1.818632191927905e+06
  1.264267153063020e+09  1.799910528032240e+06 -4.236539148281794e+03
  1.263653112620669e+09 -1.182136042954484e+06  1.979941467475150e+06
  1.264776719091967e+09 -1.664963849317329e+06  5.167225298717029e+05
  1.265527107345056e+09 -3.439791815286552e+06  7.397024340085313e+04
  1.259625340291237e+09 -1.976874272830683e+06 -7.362143733428434e+05
  1.256716050018401e+09 -1.898599669660150e+06 -2.758666030166700e+06
  1.263400458462602e+09 -6.043713471792543e+05 -1.005900140305879e+06
  1.258194956642763e+09 -2.970953176705572e+06  1.517178119760401e+06
  1.262038938409756e+09 -2.190254414323471e+06 -4.414149848837664e+05
  1.264496986815107e+09  1.162110425535600e+06 -1.789392869188784e+06
  1.263638057036299e+09 -1.185344053306496e+06 -2.799328076382974e+06
  1.259309518077513e+09 -7.765603254506970e+04 -1.910545700515639e+06
  1.260487954182704e+09 -3.275323453545630e+06 -5.610604215471941e+05
  1.263644548252892e+09 -1.958267271823771e+06 -2.007136286964260e+06
  1.263151925718329e+09  2.501342898914842e+06 -3.378950477100946e+06
  1.265793935614653e+09 -2.103362872426059e+06 -4.166449527059260e+06
  1.263200468177999e+09 -2.093899542154805e+05 -2.848316586529528e+06
  1.263594755198915e+09 -1.198173609239350e+06  1.597598439356690e+06
  1.265716009796657e+09 -1.585134036966624e+06  3.632167788034900e+06
  1.262001557708251e+09 -2.100545907142576e+06  1.522570722101022e+06
  1.263922142471680e+09 -1.524915321621853e+06  4.098186443225402e+04
  1.264910114498667e+09 -7.938130764954461e+03  8.325645357426575e+05
  1.260706277418649e+09  1.563097033878535e+06  1.183037178901831e+06
  1.266378552635652e+09 -4.859568675887869e+05  7.479069714519624e+05
  1.262510254757131e+09 -3.086810540054105e+05  1.423165459583363e+05
  1.263274958589219e+09  1.459629607368496e+06 -2.306944640440613e+05
  1.261722102022367e+09 -1.395995669477715e+05  5.113347178465634e+04
  1.262891771613013e+09 -8.104971269323560e+04 -1.123881920131566e+06
  1.260340027019196e+09 -3.538923834887700e+06 -7.771552517952218e+05
  1.262329619335190e+09 -1.989101047414667e+06  1.202680087986005e+05
  1.262770362155253e+09  4.705164385263376e+06  2.132727723127499e+06
  1.264779674920271e+09 -1.298115706084422e+06  4.055957348384844e+06
  1.263126781280781e+09 -6.812500031708510e+05  2.567754941529646e+06
  1.261796337126054e+09 -1.975251529862765e+06  2.383086869076152e+06
  1.258781899854122e+09  6.406492336496157e+05  1.903319153190573e+06
  1.261409251225420e+09  4.250639155422914e+05 -1.698419376825226e+06
  1.262610167054107e+09 -1.136762324956374e+06 -1.254128374258016e+06
  1.262464629202508e+09  1.031369124137427e+06  1.239780196497950e+06
  1.264469992548927e+09  6.349447495894996e+05  1.308011979365503e+06
  1.262276398569723e+09  3.582002067812973e+05  1.327883527145971e+06
  1.263249853943230e+09  3.257011147831683e+06 -1.914604692138723e+06
  1.266019430250425e+09  3.797554984855890e+06 -3.181254930211805e+06
  1.263041671179302e+09  8.692235446845589e+04 -3.132087220358660e+06
  1.260906671768505e+09  1.380945081612784e+05 -1.177755497002617e+06
  1.264764498749857e+09 -1.788552509732215e+06  4.409279829197777e+05
  1.263872276963279e+09 -1.851418118187312e+06  3.850616076661556e+05
  1.261736657715197e+09  3.657268468964899e+06 -5.411087064155033e+05
  1.260741751508347e+09 -1.852176806270107e+05 -1.439699444736720e+06
  1.261712119106473e+09  1.007367514024823e+06 -5.659722291232049e+05
  1.264408936885411e+09 -1.167956345760664e+06  6.725291377498755e+05
  1.263339240927153e+09  1.035370298033132e+06 -2.645200537918027e+05
  1.264952611909507e+09 -7.213408448558631e+05 -2.373685790316141e+06
  1.262755600832030e+09 -1.658088934200742e+06 -3.560601013423756e+06
  1.258778068157395e+09  1.600178413413573e+06 -2.575055726718385e+06
  1.263860634318623e+09  3.315341278442997e+05 -8.329547741729786e+05
  1.264471043585978e+09 -2.290037305119170e+06 -6.810600629350157e+05
  1.266650712752224e+09  4.656758333748080e+06  5.825477122473510e+05
  1.260651166498611e+09  4.294630100466614e+06  1.117265663992689e+06
  1.260812462353744e+09  1.416161304353662e+06  1.026973445126267e+06
  1.261512890454811e+09 -1.469283508851187e+06 -9.158678739080613e+04
  1.259962524433232e+09 -1.896868602000435e+06 -1.028806445539653e+06
  1.263707963639812e+09 -5.867559474937532e+05 -1.555256159521961e+06
  1.266638053537119e+09  1.070838487639391e+06 -2.413277876336045e+06
  1.263151701164931e+09 -2.359449741514714e+06 -2.417874516799541e+06
  1.260735716335870e+09 -2.107175995047969e+05 -6.022432308211770e+05
  1.267258634178066e+09  4.992018595609980e+05 -2.145923038292695e+05
  1.262932515337487e+09  7.789072958568789e+04  3.945470964378687e+05
  1.264652510593642e+09 -2.255302391997272e+06  1.245641644255132e+06
  1.264797738644967e+09 -2.963991152979337e+06 -3.120568124043760e+05
  1.261045729863287e+09 -5.539356017888882e+05 -5.849250524822560e+05
  1.261892817121058e+09  6.535706727686329e+05  1.563061264294744e+06
  1.262831161433943e+09 -2.230710963804625e+06  1.712072664780899e+06
  1.260673378240407e+09  1.637147726679072e+06  1.931212871236567e+06
  1.261743677405592e+09  3.183759303013217e+06 -7.479406400644553e+05
  1.264652255884691e+09  1.022571892384044e+06 -3.137164661964362e+06
  1.263646499251626e+09 -2.348935568217166e+06 -9.392131027907040e+05
  1.263952581973776e+09 -2.788693540520218e+06  6.927385949377120e+05
  1.264571771181531e+09  5.565372813719485e+05 -1.137717803781849e+05
  1.260171168122309e+09  3.439106681926090e+04  2.851118539331126e+05
  1.265126468684462e+09 -2.429611299240164e+06  1.151957472001127e+06
  1.262510004413758e+09 -1.476177286356259e+06  1.471411885356300e+05
  1.267037981954621e+09  1.228184190723417e+06  3.537471411833505e+05
  1.262881578655478e+09 -1.247045683444298e+06  7.814002498927591e+05
  1.262441866853928e+09 -2.863876336673678e+06  1.053592801484507e+05
  1.261931969991283e+09 -3.178711257407947e+06  9.102011447314797e+05
  1.260175629621691e+09 -2.190376124563431e+06  1.846747274676647e+06
  1.260613298162215e+09 -1.469042837132055e+06  1.804934776411859e+05
  1.259880675277576e+09  4.974476743629493e+05  1.342490741672509e+05
  1.263086343590778e+09 -6.291792360281063e+05  1.367196083312837e+06
  1.261903433589224e+09  5.952113438450287e+05  2.061182910098401e+06
  1.266714086717993e+09 -8.044929726513877e+05  2.980536364764491e+06
  1.262561245548562e+09 -3.156074243893903e+06  2.392325117676234e+06
  1.264661146928803e+09 -2.784684004038778e+06  2.420786905239751e+06
  1.260064292568537e+09  3.432550268980325e+04  1.873245610842323e+06
  1.267474503961675e+09  9.297685649316920e+05  6.340005098010615e+05
  1.264174264909671e+09 -1.312115549081721e+06 -2.173643230845046e+05
  1.263122400155314e+09 -2.316046215673726e+06 -1.154784653682797e+06
  1.263382993798538e+09  1.647388266809301e+06 -6.598571149899595e+05
  1.263034298052678e+09 -4.052477086723656e+06  7.195059949382580e+05
  1.263830319578079e+09 -1.738400794717432e+06  1.522837869626519e+06
  1.263467613970691e+09 -1.234991917735775e+06  1.050524024739967e+06
  1.265404212520236e+09 -2.140916234760588e+05  9.475425569058311e+05
  1.265212499869263e+09 -3.059596279300650e+06  1.688109446418853e+06
  1.262206949626724e+09  1.248569697855650e+06  1.785962048459132e+06
  1.264865336339750e+09 -9.251583902736870e+05  1.299479761422807e+06
  1.263364308802832e+09 -2.625115835316278e+06 -1.124693341081174e+06
  1.261881162155711e+09  4.357935623616356e+05 -2.206972974778704e+06
  1.265431309947779e+09 -2.922559334114421e+06  6.957054366713518e+04
  1.261581152086046e+09 -2.421003746226518e+06  1.161631939345313e+06
  1.258336726746734e+09 -1.661478588398837e+06 -7.203041120680512e+05
  1.260821003052855e+09  2.095242446732491e+06 -2.316129973042687e+06
  1.262387689583929e+09 -6.407055162959036e+05 -3.020747665823256e+06
  1.262478901054925e+09 -1.237665011095516e+06 -3.115373714841316e+06
  1.258537020833197e+09  1.557778209224158e+05 -1.588351055647844e+06
  1.264447899846339e+09 -3.429053203565586e+06 -1.006841039668052e+06
  1.260871373785653e+09 -7.618898326966290e+05 -2.086713733245041e+06
  1.262756495301045e+09 -1.426290421066364e+06 -3.276852251473838e+06
  1.261218732119936e+09 -7.074056819136126e+04 -3.025868557802804e+06
  1.260811590493703e+09 -2.450202587615403e+06 -5.441883907789049e+05
  1.261853701978975e+09  6.235582654086064e+05  1.491861278185087e+06
  1.259344447448787e+09 -1.883074148422850e+05  4.344746782016965e+06
  1.261983921938217e+09 -1.209286454312701e+06  2.441436700334528e+06
  1.266621081619071e+09  2.193734015600287e+06 -4.161603926771639e+05
  1.266336587035724e+09 -2.239288179620845e+06 -2.855127822079738e+06
  1.262305438606908e+09 -1.664442184585433e+06 -2.172057037450747e+06
  1.262535334090487e+09 -7.635660524658231e+05  1.499136950299548e+06
  1.267349253884653e+09  6.504879151292120e+05  1.092651159985109e+06
  1.264351103877129e+09  1.743063116394094e+05 -1.311385014604579e+06
  1.260020807021066e+09  2.837284119219223e+06 -3.079424659256265e+04
  1.262289330675364e+09 -1.506309734539898e+06  1.091947638074745e+06
  1.264733949838058e+09  3.164806345525939e+05 -1.716177615203004e+05
  1.263916443854243e+09 -1.543272786593288e+06 -1.589426793688191e+06
  1.263610799739743e+09 -6.106235202413806e+05 -2.260778815637425e+06
  1.264491133901063e+09 -1.817703011476448e+06 -5.113270090055652e+03
  1.262778651246584e+09 -5.284087517233815e+05  2.361337671115691e+06
  1.261658635519503e+09  1.006710306882188e+06  3.475858970993776e+06
  1.262960462461389e+09  4.365679533293793e+05  9.511684509348297e+05
  1.263305808900799e+09  2.638136648803527e+06 -9.266766239398366e+05
  1.262589861405349e+09  1.890746469570370e+06 -1.693902514162293e+06
  1.261274486492417e+09 -2.231428936878463e+06 -2.566689251070080e+05
  1.265075302692433e+09 -9.882430618475120e+05  1.073574475020907e+06
  1.260309163729040e+09  6.799155774634294e+05  9.103829260999290e+05
  1.262300988225117e+09 -2.582901929211094e+06 -7.274170508764015e+05
  1.262716569607310e+09 -9.012328268813541e+05 -1.298891255934152e+06
  1.265505604571264e+09  3.251917786707279e+06  4.644938340337414e+05
  1.261249899536693e+09  1.161651952996380e+06  1.388877635322681e+05
  1.263570122663293e+09  3.485932336118276e+06 -2.182427203203700e+06
  1.262867333486339e+09 -1.646262297313319e+06 -2.290513329892552e+06
  1.265734967604397e+09  1.857413381458638e+06 -3.247560013163634e+05
  1.263051610819915e+09 -1.240334275817572e+05  2.068647388487154e+06
  1.263654699811950e+09  5.984279220976181e+05  2.391257007562130e+06
  1.261139455805425e+09  1.965615036248667e+06  1.606823054744700e+06
  1.262352425304618e+09 -2.749577489758929e+05 -2.181349576871948e+06
  1.260479963089354e+09  2.721953272356992e+06 -1.464325420295006e+06
  1.266321948035464e+09 -9.266083571904834e+05  1.059694307909015e+06
  1.262529184390747e+09 -3.992362973258836e+05 -2.268532234485280e+05
  1.261963860914295e+09 -5.930303493840504e+03 -1.032070051252518e+06
  1.266471185582025e+09 -3.428100368576948e+04  1.736436916493605e+06
  1.265953770311013e+09 -2.614386225200998e+06  3.453649034218373e+06
  1.263789487478410e+09  1.525160465754925e+05  1.416500118367698e+06
  1.259462242634206e+09  2.524992867310889e+06 -1.896278558965323e+06
  1.263948405156445e+09  3.199380911875941e+06 -1.842564521289268e+06
  1.260323278395048e+09  6.277071975234760e+06  9.313498523986815e+05
  1.264076440679305e+09 -1.864919368957503e+06  2.074281510294619e+06
  1.258565095787592e+09  1.063103306120459e+06  4.639530575787090e+04
  1.262857461041734e+09  1.953388310240741e+06 -4.999923645472865e+05
  1.263188325154459e+09 -1.181042828834887e+05  1.217016176514310e+06
  1.262309706924764e+09  4.539121485735032e+06  4.049234741341810e+05
  1.262252367808893e+09 -6.790523002892851e+05 -2.511466126894702e+06
  1.263450392503338e+09 -2.478465309863775e+06 -2.295452339695637e+06
  1.264194992559086e+09 -1.685163198768585e+06 -2.507377700114169e+06
  1.262062032747159e+09  3.433666817013009e+06 -1.967588283724268e+06
  1.261788580704216e+09 -3.493710729000932e+06 -1.557787671797210e+06
  1.261715373973304e+09 -1.105480388763582e+05 -2.445451767636022e+06
  1.261838993246852e+09  1.133201475943176e+06 -2.861522780004111e+06
  1.263077934183635e+09 -2.750298702137271e+06 -2.814577062089955e+06
  1.265042443940724e+09  3.761581532166087e+06 -3.311199748902672e+06
  1.263182148385329e+09 -2.213422075483081e+06 -1.596532322948401e+06
  1.259835876756135e+09 -7.624783197577576e+05  1.652039588391017e+06
  1.262601333286810e+09  2.774585850900419e+06  2.986841528925233e+06
  1.266062703416115e+09  1.309697637038370e+06  3.344743496103088e+06
  1.265138489242296e+09  3.255799531051805e+06  2.632465953497656e+06
  1.265208621529553e+09 -2.948272543611157e+06 -3.711441985224673e+05
  1.266065116488144e+09  5.784948428564521e+05 -2.623420848070249e+06
  1.264591417904844e+09  2.079195370850863e+06  8.455994802845855e+05
  1.259996575459211e+09 -2.686351524714757e+06  1.065444931792347e+06
  1.260315102153733e+09 -3.141208863550287e+06  1.090324393080359e+06
  1.265551979424685e+09  2.460545741562556e+06 -6.268236209436844e+04
  1.260266497488561e+09 -9.752642444182098e+05 -1.615876826987631e+06
  1.260111172061023e+09  1.152035105425494e+06  5.495403217867075e+05
  1.269861710584867e+09  1.076015433013798e+06  1.235627937080734e+05
  1.261400626423458e+09 -8.973205958288466e+04 -3.538071530549018e+06
  1.264322912987044e+09  1.302070131982422e+06 -2.137277181994068e+06
  1.261805280409632e+09 -1.872967361701042e+06 -1.778995971532746e+05
  1.261758095599926e+09 -1.286820793565022e+06 -1.763866196697193e+06
  1.262934734742460e+09 -7.539507289334432e+05 -1.401116367517447e+06
  1.260692091430079e+09 -2.149789225241606e+05 -4.203607668677613e+05
  1.262061400922793e+09  2.542949717625401e+06 -3.339518341955945e+05
  1.260838769193181e+09 -1.497919667394398e+06 -3.248838405400100e+04
  1.264069228225620e+09  2.887397347636684e+05 -1.164625159745777e+04
  1.261572084294229e+09  3.377463262204995e+06 -1.618682250842624e+06
  1.262490716382644e+09 -1.680757593807406e+06 -6.075253407480754e+04
  1.260940329967607e+09 -3.415404951263512e+06  1.784919571578044e+06
  1.261390891677239e+09  2.862213851148913e+05  1.838317616706622e+06
  1.260731377576746e+09 -5.034431568761261e+05  7.264799318176958e+05
  1.263247441109048e+09  1.830955423494576e+06 -2.784587293802046e+05
  1.263199954018703e+09 -1.586039270667462e+06  1.114600046831711e+06
  1.261373442447097e+09  6.677517706008601e+05  2.932588821350257e+06
  1.263141499508367e+09  1.082103441124866e+06  2.464252664043076e+06
  1.264430956105115e+09  7.143144821659918e+05 -6.706036575854222e+05
  1.263347048247560e+09 -3.697801754394220e+06 -3.224712112738825e+06
  1.262259822066895e+09 -2.701235042690882e+06 -2.470114666750285e+06
  1.264856598531859e+09  3.818606101525633e+05  2.913715734606993e+04
  1.262688082215648e+09 -6.377673860887457e+05  2.703236030155638e+06
  1.263758549134871e+09  1.989825000637210e+06  3.122443579719803e+06
  1.260035829913785e+09  3.040991301832961e+06  4.042257073310312e+05
  1.267408050097426e+09  6.958767840084899e+04  3.779840190550404e+06
  1.262591240846256e+09 -6.506699705892585e+05  2.780912408883172e+06
  1.264925578666403e+09 -6.597128165706234e+05  9.539688546277932e+05
  1.265337256902447e+09 -1.096594173400107e+06  1.298381600093959e+05
  1.265007832192102e+09 -1.657304470378835e+06  2.234418954611177e+04
  1.261691422084700e+09  2.181589121082356e+06 -6.825190360973205e+05
  1.263191349277210e+09 -1.590169003420335e+06 -1.893267487951422e+06
  1.261275455038938e+09 -1.410239252280195e+06 -3.161654731223186e+06
  1.265832758054618e+09  8.634240167779347e+05 -2.935682013076350e+06
  1.266592217742730e+09  1.524028790040128e+06 -9.768744066590763e+05
  1.264497387093594e+09 -2.829438868657394e+06 -3.735412889346972e+05
  1.263885789859764e+09 -1.821641011116096e+06 -3.358983795120698e+05
  1.263285925620311e+09  2.425304720572097e+06  2.291382215735451e+06
  1.262087702781759e+09 -3.069802486892339e+06  3.398102891534879e+06
  1.262029060293436e+09  7.984606222765623e+05  2.707050363862100e+06
  1.266544857892380e+09  2.101390999137634e+06  3.400188117424252e+06
  1.260763093318334e+09 -1.980619476046226e+06 -9.126205696255334e+05
  1.261885477634236e+09  7.798766574414794e+05 -9.909251176513585e+05
  1.264928308405648e+09  1.168557962465680e+06  1.160712997207275e+05
  1.262114382299702e+09 -5.135838545955456e+05 -1.975809139726560e+06
  1.259208539831082e+09  5.664958804591536e+04 -4.600672044479875e+06
  1.264005357789664e+09  6.400967635144361e+05 -4.978302905339768e+06
  1.264118361143823e+09  2.419658364693804e+06 -2.859069142578301e+06
  1.264261473239391e+09 -5.085578169133430e+05  6.324056911596367e+05
  1.263117474657036e+09 -1.293265932920320e+06  3.565311297979612e+05
  1.263799883137778e+09  3.179835447034573e+05 -1.818009576661422e+06
  1.262944247756428e+09 -2.705493090895149e+06 -8.508585056155683e+05
  1.265293270998944e+09 -1.598776374874292e+06 -2.006125480179048e+05
  1.260143035046398e+09  4.368409202494347e+06 -1.417331499478789e+06
  1.260992974642971e+09 -7.420243649182129e+05 -1.327207409393779e+06
  1.260637584831840e+09 -2.324257546027392e+06 -8.702925119514146e+04
  1.259143106390756e+09  6.644144020072790e+05  4.034824221772680e+05
  1.263283477939876e+09 -9.610549988388801e+05  2.188251703518144e+06
  1.263827423711636e+09  1.878578827455259e+06  3.813576832833976e+05
  1.266964805295638e+09  1.730419641369303e+06 -2.985592782305838e+06
  1.266833674172525e+09  6.050887060473396e+05 -2.820034557561890e+06
  1.262857774484362e+09  1.483853004356907e+06  4.794729439466628e+05
  1.261727212512297e+09 -1.511116426238416e+06  2.348715246749767e+06
  1.263281776858928e+09  2.760265744894454e+06 -2.645717286846538e+05
  1.264375724957941e+09  9.256425934804729e+05 -2.801822947925788e+06
  1.266437338631764e+09 -8.051233899551600e+05 -1.435781774667962e+06
  1.263323519801984e+09 -1.898722618156434e+06  1.900018429745228e+06
  1.265932451079953e+09 -3.075878321774810e+06  3.659514875391457e+06
  1.264753440223423e+09 -1.182093200754424e+06  2.625093687600710e+06
  1.261174453006253e+09  5.934356700419093e+06  8.652498515687183e+05
  1.258222414149577e+09 -6.389766461875845e+05 -1.573692358170622e+06
  1.264635762666090e+09 -1.007705450958264e+06 -3.446168774849213e+06
  1.259912678037523e+09  3.418579106392200e+06 -9.992608698020957e+05
  1.262768784388347e+09 -3.359598440565692e+05 -1.644441083403243e+06
  1.266205761019153e+09  1.928039409686402e+06  5.131674063841323e+05
  1.263067619444277e+09  1.792610847369832e+06  3.867717096701580e+05
  1.261142850734513e+09  2.213694391701981e+06 -2.397568034367427e+06
  1.260822017527464e+09  7.193283000747198e+05 -3.615723722433744e+06
  1.261866780798105e+09 -7.340423826166715e+05 -3.141335610885766e+06
  1.264332669110754e+09 -8.330471212451200e+05 -2.456189429613681e+06
  1.265617146143389e+09 -1.651464941624118e+06 -8.213660137586594e+05
  1.265492725887813e+09  5.305877402861943e+05  6.505601899064200e+05
  1.260974666575957e+09 -2.332364392362014e+06  9.847246834728372e+04
  1.266774945998845e+09 -1.493194746043344e+06 -5.348470616412142e+05
  1.263544485412188e+09 -2.648552524435692e+06  1.299477119073809e+06
  1.265050082438551e+09  3.831944413932377e+06  1.109025938817916e+06
  1.264027792029482e+09 -4.170270505967672e+06 -1.781298297013880e+06
  1.260364617939861e+09  1.083581918375950e+06 -2.542554089011909e+06
  1.266063100869276e+09  4.010100254459863e+06 -2.416946585489315e+06
  1.265482203234479e+09  1.446513658871131e+05 -8.227682005116134e+05
  1.260812117103713e+09  1.388561324317548e+06 -1.896901324347591e+06
  1.261016601195467e+09  2.909957689676851e+05 -2.930083799422863e+06
  1.263290887501995e+09  8.766837622072182e+05 -2.675185370010037e+06
  1.261610026438500e+09 -3.305411574935332e+05 -1.656138037741833e+06
  1.262647586103153e+09  1.191934110270738e+06  8.860140541873958e+05
  1.263149475788384e+09 -3.837484404187373e+06  3.009130522235818e+06
  1.262353824639357e+09 -2.443829850244180e+06  3.352086368142644e+06
  1.264397893799433e+09  3.810169590225550e+05  3.158514625429695e+06
  1.259730217161591e+09  4.152588507028320e+05  1.893107671809749e+06
  1.258802755381061e+09 -1.248343482931337e+06  3.286093998070009e+04
  1.259004770383824e+09 -4.431743369296711e+06 -1.522048984091005e+06
  1.262728904741301e+09  1.363595114784312e+06 -1.667353408714198e+06
  1.262080863689837e+09 -2.118055683225377e+06  4.242101498074833e+05
  1.263479192754501e+09 -1.014233746830578e+06  1.361096634523453e+06
  1.261386210606184e+09  1.624548213795704e+06  2.397671028163511e+04
  1.262794696398920e+09  5.383487119911350e+05 -2.642829175218167e+06
  1.266744561437805e+09  1.663328363603237e+04 -1.955808696761426e+06
  1.262687359296570e+09 -7.979134248183873e+05  4.845290466519175e+05
  1.260629819444709e+09 -1.918893154001349e+06  4.146251691165539e+06
  1.262301536289434e+09 -1.740461688405297e+05  3.167051843436367e+06
  1.263939740935296e+09  1.224190451441417e+06 -2.326730419710063e+06
  1.263975046749038e+09 -3.900370593768165e+06 -1.923641998381853e+06
  1.260145156013067e+09 -1.995155498412545e+06  2.185444881264638e+06
  1.262585006379142e+09 -1.015582538761712e+06  5.877968867169633e+05
  1.263623934482891e+09  1.395708704048855e+06 -2.240721293055934e+06
  1.261530878460296e+09 -7.376474966412876e+05 -1.604329747854902e+06
  1.263384896775687e+09 -2.797231106965812e+06 -8.655072878860880e+05
  1.264751388193000e+09  7.218487103432801e+05  1.467482055055078e+06
  1.260679737374286e+09  4.275383391019243e+05  2.468889393932814e+06
  1.265624785208685e+09 -1.736994704347067e+06 -3.163143255215700e+05
  1.263353773274778e+09  2.226733301263488e+06 -2.192073684065701e+06
  1.266397098712037e+09  1.880468784407403e+05  2.516155744119230e+06
  1.261837048302139e+09 -1.815448794083987e+06  4.293815630124083e+06
  1.262133804356365e+09 -1.120700002172465e+06  2.098154666026049e+06
  1.262951703111836e+09 -7.110373366581921e+05 -2.579610511112108e+06
  1.258147829177189e+09 -3.294668488828895e+05 -3.791356665205357e+06
  1.262799044998997e+09 -7.493770150037429e+05 -2.391717661931035e+06
  1.265146437450826e+09 -2.094266820987328e+06 -1.326671567083148e+06
  1.264196934667830e+09 -3.421048079608036e+06 -8.745827253417707e+05
  1.258349066857145e+09 -2.287578925173216e+06 -8.803349195258580e+05
  1.267145920077958e+09 -1.302683579184734e+06 -7.463239706164927e+05
  1.266460727076172e+09 -4.164681758421259e+05  4.270447321827818e+05
  1.263739590984669e+09 -5.515515522382613e+05  2.115536487581727e+06
  1.264399893655924e+09 -1.396531410271982e+06  3.262442530430194e+06
  1.260553499179837e+09 -1.810580150939320e+06  2.350623903806960e+06
  1.262076792757444e+09  1.773967527538493e+06  2.089615196367241e+06
  1.264080086083268e+09  2.742707695850677e+06  2.227308564798292e+06
  1.260610052347579e+09  8.454864802021467e+05 -4.003282597127006e+05
  1.261705414121943e+09 -5.833776466381070e+05 -1.595261004611101e+06
  1.265016621086191e+09 -3.378743317604105e+06 -1.192692495295086e+06
  1.263788348918904e+09  1.017625388844393e+06  1.114246567352909e+06
  1.262816528151372e+09 -1.170336022084954e+06  2.678335470437146e+06
  1.263202056624856e+09 -4.350883091298626e+05  3.085842102771139e+06
  1.261603160844659e+09 -2.399767520776212e+06  2.172081116862122e+06
  1.263454424721035e+09 -2.608281356207294e+06  1.384327266805402e+06
  1.261668300446716e+09 -5.163131870485287e+05  5.040698369539597e+05
  1.266244166284857e+09 -1.654093062764663e+06  1.600947094073550e+06
  1.261291627255850e+09 -1.522515703288550e+06  3.248805147334968e+06
  1.261458771559403e+09  7.910940301715254e+05  6.572197347036260e+05
  1.263669646048642e+09 -2.694758688660345e+06 -1.724332446699972e+06
  1.260532648536671e+09 -1.711693954412982e+06 -6.586673310488138e+05
  1.260734806529708e+09  3.651050816476156e+06 -3.530726135248237e+05
  1.259329987102527e+09  5.995175219621998e+05 -6.557886736900964e+05
  1.262274940248466e+09  2.684619355222078e+06 -4.741904965808183e+06
  1.259738085026221e+09  6.197912926437747e+05 -4.228375067069495e+06
  1.266644764464190e+09 -3.802542328143885e+06 -3.332245405494670e+06
  1.259953733288431e+09  7.922326075691615e+05 -2.824877930323371e+06
  1.261012618869005e+09 -9.470950282920065e+05 -2.861847926895489e+06
  1.261452962074288e+09  1.466882693738053e+06 -1.611836014143802e+06
  1.267294873907989e+09 -3.244223726705121e+06 -3.539038657428054e+05
  1.260860986662627e+09 -1.106512666867871e+06  9.413179207092064e+05
  1.262136288928153e+09  3.113186299463362e+04  1.090646853680739e+06
  1.263731368863872e+09  7.622552861892802e+05 -1.462606136953358e+06
  1.263221806682224e+09 -1.025148453122750e+05 -1.051318234958228e+06
  1.261842802107789e+09  1.471851304505209e+06  1.195409017239219e+06
  1.261188978007493e+09 -3.766789800611364e+05  6.750069483690785e+05
  1.263451641533069e+09  2.016145578005771e+05 -2.032958189054832e+05
  1.264603979482124e+09  3.910207174315077e+06 -1.647380702611171e+06
  1.263074390694673e+09 -1.854350902258515e+06 -4.028683270012625e+06
  1.263582420185355e+09  2.170655129283614e+06  6.523061068546694e+05
  1.263253165457363e+09 -1.543567026681435e+06  1.772288975911965e+06
  1.259622685535718e+09  7.470694578548009e+05  3.675698325006794e+06
  1.264371007217238e+09 -7.898309805959247e+05  4.163976181026900e+06
  1.261752233977258e+09 -1.163282660255624e+06  9.289590570205555e+05
  1.259784057197788e+09  1.180319601899229e+06 -1.320336301771929e+06
  1.260591582100525e+09 -2.719040668351349e+06 -3.628645910441980e+05
  1.264346801077981e+09 -1.893053889823962e+05  1.801627929961300e+06
  1.262699127363259e+09 -1.744452673975226e+06  1.541811107788141e+06
  1.261320348754255e+09  1.487576096051264e+06 -1.145711057719114e+06
  1.264458780383579e+09  6.900029227052970e+05 -1.781264743384968e+06
  1.261200782304622e+09  2.581929594152510e+06 -7.629501715756818e+05
  1.261617502256766e+09  1.622700945746970e+06 -4.109972499288673e+05
  1.260622183627704e+09 -5.485918281544279e+05 -1.827002957368200e+05
  1.259832819298736e+09  2.132394620416421e+06 -1.550279340258352e+06
  1.260783832316022e+09 -1.936720558467270e+06 -1.632826588044025e+06
  1.261318469179609e+09  1.522856734885585e+06  8.048592675672558e+05
  1.263531225346721e+09 -1.727008562892844e+06 -1.504490666036327e+06
  1.267867050351754e+09  3.441061217110080e+06 -1.107911342803770e+06
  1.267795393980455e+09 -2.387975849233896e+06  6.362504965210519e+05
  1.265275253596543e+09 -1.434860458009860e+06  5.402898557575151e+05
  1.265510890063214e+09  2.095026862094509e+06  1.036826421572648e+06
  1.264764937562845e+09 -1.854105818702802e+06  1.595485778374315e+06
  1.264179034508238e+09  1.209480949998030e+06  1.299333939026358e+06
  1.261286062769597e+09 -1.501991922643507e+06  5.651243059164783e+05
  1.261012712515891e+09  2.310319046059785e+06 -8.781325237040288e+05
  1.263735336607967e+09 -2.129099125070262e+06 -6.833650192566381e+05
  1.263435198189720e+09  2.385903553761647e+06 -7.447615365996879e+05
  1.263623173264577e+09  5.308226580609108e+05 -5.323845570567183e+05
  1.265221704886244e+09 -1.649575069979050e+06 -9.400943223536853e+05
  1.262867355302768e+09 -6.445838231418038e+05 -2.088899674046095e+06
  1.263230207832198e+09  1.930653660950805e+05  1.882668060263146e+05
  1.263506421483297e+09  1.841237213411944e+06 -2.542016475018534e+06
  1.262910550422525e+09  5.318386037777070e+04 -3.629541275886842e+06
  1.262769674599722e+09  1.088854025599421e+06 -2.030164044413234e+06
  1.262845586619586e+09 -8.542517942348081e+05 -1.698158723349890e+06
  1.265385746925585e+09 -1.511217775225656e+06 -3.851037560382530e+06
  1.262520456119234e+09  2.855406154366705e+06 -3.579850297404595e+06
  1.260650893282701e+09 -6.391535912295734e+05 -6.981296601356282e+05
  1.262792408932128e+09 -5.206464754495483e+05 -2.107667941961479e+06
  1.262263124624909e+09  4.323943936642414e+05 -4.284433368801902e+06
  1.261970879012069e+09  3.632882166477796e+06 -4.995536561827564e+05
  1.262818530497156e+09 -3.355634738384315e+06  1.781132672393880e+06
  1.262780059541892e+09 -6.063645915746735e+04 -4.615503723903050e+05
  1.266131051150034e+09  1.503380082249634e+06 -8.484472146594384e+05
  1.263640325398815e+09  2.207895385994632e+05  3.503114501643302e+05
  1.263989589695046e+09 -1.089687016035845e+06  8.514145793616164e+05
  1.256756881235926e+09  3.056399577208074e+06  4.329745353605540e+03
  1.262489749758712e+09  4.965679185253219e+04 -2.577213188186341e+05
  1.261184247963383e+09 -5.158869579830689e+05  2.577965003365694e+05
  1.265974608714054e+09 -1.218445216174673e+06  8.085856390136750e+05
  1.264407690323955e+09  2.335704741152206e+06  1.834547979636788e+06
  1.259238259664206e+09 -3.049379421045180e+06  2.738918995655878e+06
  1.263286831921173e+09  6.243152127225229e+05  2.496621691096330e+06
  1.265618193877233e+09  2.594096706957062e+05  7.516096555502592e+05
  1.263383827952757e+09 -3.219720044020390e+06  3.234130380382724e+05
  1.258732864221338e+09  3.254104041531473e+06  1.430295917505634e+06
  1.261842649520301e+09  1.411097048889362e+06  1.869153720414319e+06
  1.261821026858601e+09 -2.496199313546534e+06  1.961704062006569e+06
  1.263102323330923e+09  1.224402971171570e+06  2.909235844326671e+05
  1.259204425600516e+09  2.779193032318637e+06 -1.867380960733543e+06
  1.261441061059302e+09  2.636205131009260e+06 -9.729133292514748e+05
  1.263173218657483e+09 -1.560552089920956e+06  3.934034621844023e+05
  1.262731601463300e+09  3.725250429346496e+06 -1.401277323395286e+05
  1.260324515973158e+09 -3.622184552059274e+05 -2.426256578814355e+04
  1.265447121318028e+09 -1.397332009233688e+06 -1.200211639389800e+06
  1.264781925087193e+09  1.251146232657473e+06 -1.591252138860660e+06
  1.261139093810764e+09  3.243645061848192e+05 -2.725975292930527e+06
  1.264029856552706e+09 -5.752086459345110e+06 -3.382559342624216e+06
  1.262741404223944e+09  1.169636362784047e+06 -3.831122111606691e+06
  1.262423137921095e+09  1.312510976741565e+06 -3.576430130581559e+06
  1.266453323676158e+09 -2.981175332620556e+06 -2.113761566488339e+06
  1.265963015748863e+09  3.150093678729259e+06 -2.232795017822644e+05
  1.263836705888668e+09 -8.948571394449380e+05 -1.291385871560048e+05
  1.261257269217285e+09 -1.286401044512439e+06  5.241496450383674e+05
  1.259929761323252e+09 -2.106656196761864e+06  1.940694148041648e+06
  1.266245747975961e+09 -3.255094719764224e+05  9.090585627700243e+05
  1.262729840635995e+09  1.239987296181541e+06  1.097635211001093e+06
  1.264785403494429e+09  7.812828931730208e+05  2.976352377679430e+06
  1.266244131237967e+09  2.346692782536382e+06  2.573656744379918e+06
  1.267364504753828e+09  1.122513323292139e+06  2.233421523014443e+06
  1.261011478183777e+09 -1.657497831574178e+06  1.795787139381477e+05
  1.259081763480313e+09  6.918623919061761e+05 -2.167452323757072e+06
  1.265387605846463e+09 -1.670307200052680e+06 -4.712887636368447e+06
  1.263958718865937e+09 -1.699631527649958e+06 -3.699552776282979e+06
  1.261822022186927e+09  7.678298638627108e+05 -2.021753630185319e+06
  1.269652246831727e+09  1.476985950460776e+06 -2.003871296862528e+06
  1.262852949780912e+09 -2.390101582893831e+06 -1.560145149474714e+05
  1.264435828129742e+09  1.646739798996084e+06  2.794922232772750e+05
  1.261979711172378e+09  2.991626803961517e+05 -9.689608351580342e+05
  1.261160131497821e+09 -7.879126621286565e+05  1.486467346356941e+05
  1.262232480148660e+09 -3.732998375910427e+06  2.159133319349087e+06
  1.261963143148815e+09  1.661485369395208e+06  2.628644785007397e+06
  1.260764708918417e+09 -1.060480573063048e+05  2.652050698770714e+06
  1.261078965055904e+09  1.528415363772482e+06  3.190102815534651e+06
  1.262546017321043e+09  1.614814572177562e+06  3.478285569166409e+06
  1.262088209769259e+09  1.846777979264951e+06  2.534527532265137e+06
  1.263447098162121e+09  8.593145804232653e+05  1.017594911322478e+06
  1.262828715843113e+09  1.241460996269224e+06 -1.624783643827139e+06
  1.261246156432064e+09 -1.699147767112077e+06 -4.779178846219657e+05
  1.261376199547464e+09  7.902251178522821e+05  4.442836407849253e+05
  1.264145541969674e+09 -1.792375532017235e+06 -4.599125478921941e+05
  1.262330382832847e+09  7.328222110347650e+05 -2.445916317822941e+05
  1.261302275851796e+09 -1.313296480289151e+06  1.304234390606874e+06
  1.260413175134144e+09 -4.109405866633948e+05  1.613335987240333e+06
  1.267358369615396e+09 -5.890270632875755e+05 -1.938682847471382e+05
  1.264118396809147e+09 -2.204676081623578e+06 -2.025992183810098e+06
  1.264389199939507e+09 -1.764678869316932e+06 -1.983100030973129e+06
  1.261015325070375e+09  1.777313000681751e+06 -2.286884061344112e+06
  1.263418563375231e+09  2.184594044768537e+05 -2.148404074108804e+06
  1.264851087598003e+09  2.913098440904915e+06 -5.432263601946228e+05
  1.260531751498408e+09 -1.107925952429256e+06  8.080427997458357e+05
  1.267712112039217e+09  3.023610232971633e+06  9.298794851201740e+05
  1.263662169450726e+09  1.231671374184033e+06  4.910306924064545e+05
  1.267238379742343e+09  1.186452885088497e+06  1.160436910633344e+06
  1.266548456455031e+09 -7.814429419636927e+05  4.779627919171429e+05
  1.266295367583932e+09  1.344460501090463e+06 -4.965211535173004e+05
  1.262417435854600e+09 -4.240311570061746e+06  1.887370596516718e+06
  1.263559495725266e+09 -4.215720277131294e+05  4.545079642854727e+06
  1.261767880530940e+09 -2.254862508308288e+05  2.367240727090128e+06
  1.264684161653971e+09  5.446642836537147e+05  5.272045786688474e+05
  1.264529952486585e+09 -1.094042131774657e+06  9.874960746362307e+05
  1.260666759628537e+09 -3.239000702751449e+06  2.199378943551451e+05
  1.266544302121599e+09 -1.271907189532427e+06 -6.887396119701226e+05
  1.263542163006660e+09 -1.636824219474783e+05  5.859669429871826e+05
  1.262393074605314e+09  1.795408137874046e+06  1.747002415068703e+06
  1.261382103998207e+09  5.451363623651024e+05  2.107849798584108e+06
  1.265494977232442e+09 -3.457745130728523e+06  2.310470414020335e+06
  1.261577264331666e+09  2.188505548630576e+06 -2.624896544243912e+06
  1.262357684518432e+09 -6.270814563165125e+05 -1.242957719250932e+06
  1.266657235455605e+09  1.149934587792023e+05 -1.989509885703381e+05
  1.262229869399759e+09 -1.035470467746177e+06 -3.866658573592748e+05
  1.261535675790407e+09  1.035020380571978e+06 -9.563730257933897e+05
  1.264760751336361e+09 -4.329241473109895e+06 -1.564524784833460e+06
  1.264139748336422e+09 -1.365862693240272e+06 -4.617427761924136e+05
  1.262604267178311e+09 -1.268850808349804e+06  1.605134769922539e+06
  1.263861292998602e+09  1.848227875553616e+06  3.060439096253890e+06
  1.263400917923417e+09 -5.943031961053386e+05  3.928459605454407e+06
  1.261848897799013e+09 -3.298641986823145e+06  1.704483680279379e+06
  1.266010965657642e+09 -1.188391252076657e+06 -1.667901077212607e+06
  1.262604985904683e+09  1.255142801058237e+05 -3.327893386526418e+06
  1.260901860564711e+09  3.569179056477959e+06 -3.746909806949707e+06
  1.262626522057879e+09 -3.526013634731357e+06 -2.410699560531256e+06
  1.258754541447613e+09 -1.649471600222996e+06 -2.140268635095152e+06
  1.265499144029757e+09 -9.632017447512913e+05  3.397819183790325e+06
  1.262949865203553e+09  5.961088062371473e+05  1.639567537536324e+06
  1.265332297367682e+09 -1.721516653669262e+06  5.064718910935720e+05
  1.265858875350372e+09 -6.825030285082011e+05 -2.575558212118681e+05
  1.264383510495960e+09 -1.113379984218913e+06 -2.117412825152929e+06
  1.261891352599849e+09 -1.432143097573990e+06 -3.494606477871151e+06
  1.262933119086802e+09 -2.054476522798203e+06 -3.609530300863580e+06
  1.264316278537553e+09 -1.493981439093876e+06 -4.304197758108285e+06
  1.265089684552629e+09  1.183969486591146e+06 -3.387269662645046e+06
  1.261053633151518e+09 -9.284619849213311e+05 -8.645486937566397e+05
  1.266590578698339e+09 -2.775649295999242e+05  9.070540071593795e+05
  1.263253423661044e+09  4.006099441105748e+05  9.321308199053823e+05
  1.264839393070277e+09  1.045188200840210e+06 -2.376987931936070e+05
  1.259726697073226e+09  4.428402512136128e+06  2.271962480356837e+05
  1.263638889664058e+09 -4.624570722962542e+06  2.334068635647743e+06
  1.261747845505761e+09 -4.620953772491349e+05  3.915516281306106e+06
  1.262665033088675e+09 -2.396659237088762e+06 -3.897132601643663e+06
  1.264373413429592e+09  3.138842553159315e+05 -2.596828303280951e+06
  1.264306837565380e+09 -3.175334589672407e+06  4.142122682469396e+05
  1.264271513031406e+09 -1.027424917715876e+06  1.923104919095424e+06
  1.262523019114275e+09 -2.088050988227564e+06  2.893183746336206e+06
  1.260374931498586e+09 -5.950291100782860e+04  1.632626926321936e+06
  1.264319076838459e+09 -7.406402219629335e+05 -5.726411208687432e+05
  1.263242258392861e+09 -1.385550775285893e+06  3.426680966815759e+05
  1.266196754222934e+09  2.143343771011358e+06  3.905442593249379e+06
  1.261587319968549e+09 -1.097777537811718e+06  6.140023899925867e+06
  1.268022943154809e+09  1.904712451476103e+06  3.877958813580028e+06
  1.264825874918277e+09  7.164433355572346e+05  3.345258167679997e+05
  1.263596960709985e+09  5.779738926425328e+05 -9.067529823468644e+05
  1.263571251224482e+09  2.203268764862903e+06  6.823546346746234e+05
  1.262553759277069e+09 -1.811939512583599e+06  1.754263809961766e+06
  1.264039846533847e+09 -1.473486247848423e+06 -9.899414636714680e+05
  1.266436868977444e+09 -1.971578325084166e+06 -9.489136631271159e+05
  1.258937501320704e+09 -1.183308644662292e+06 -1.512270261281375e+06
  1.259688791797483e+09 -2.746702049991842e+06 -8.998817648046396e+05
  1.263794035211060e+09  3.859789241653876e+05  9.869441111662646e+05
  1.263628753205463e+09 -1.046416360555956e+06 -1.258425958492371e+06
  1.264275837354197e+09 -1.093296498072965e+06 -3.740184566671723e+06
  1.264295459341809e+09  1.744691238807366e+06 -5.714509652866947e+05
  1.264228669605726e+09 -2.753186641170761e+06  3.717495137246939e+06
  1.265094333523465e+09  3.820957492917137e+06  4.207182502715489e+06
  1.261798567438637e+09  1.030789389484629e+06  1.818509388543504e+06
  1.262408468318639e+09  8.400033542360035e+05 -1.420316569155000e+05
  1.261345330296568e+09  1.469956462261055e+06 -4.164137944173584e+05
  1.261929928553924e+09 -4.438670923866668e+05 -1.062473176308033e+06
  1.261638292035292e+09  3.888916759705470e+05 -4.431576642441722e+05
  1.262403541179176e+09 -5.245482040739305e+05  1.802475703270870e+06
  1.261209273491091e+09 -1.145096258051073e+06  7.155586707103535e+05
  1.263806833152536e+09 -1.749522976987762e+06  8.089992617427525e+05
  1.265437052101393e+09 -1.909515266492737e+05 -5.631005170846995e+05
  1.261599735462539e+09 -2.544280822308897e+06 -1.336356951368491e+06
  1.261710138856462e+09  4.266463234398060e+06 -2.283372204772817e+06
  1.259691912025143e+09  3.799693092142785e+05 -2.987526125913076e+06
  1.265461154084445e+09 -1.085989151213297e+06 -1.090039738817040e+06
  1.265990078976304e+09  8.999157683791899e+05 -5.180755328967223e+05
  1.262001239184706e+09 -2.030208268561959e+06 -3.319676219855418e+06
  1.264576178174320e+09  3.126807878068986e+06 -2.905908142601529e+06
  1.263645652746166e+09  2.920102275961699e+06  1.095491224068385e+06
  1.263045569154592e+09  5.390212769344415e+05  2.428928095481470e+06
  1.264290776685162e+09  2.057248558370813e+06  8.982261866145865e+05
  1.265315111503770e+09 -1.504249620254982e+06 -2.459985342541166e+05
  1.262927218446157e+09 -4.713467680992589e+05 -2.992777199237904e+04
  1.265627583694839e+09 -2.307697789117281e+06  1.132821288140161e+06
  1.262636162011951e+09 -7.886514016771031e+04  1.669282400170528e+06
  1.265256817082501e+09 -2.385910512819123e+05  9.203626551628219e+05
  1.263554727117383e+09  2.928243930287411e+05  4.398837145013229e+05
  1.264301899554542e+09 -2.192267183605103e+06  6.692247433056169e+05
  1.263721673147055e+09  4.014774669703080e+06 -1.002637603944252e+06
  1.259667734766918e+09  1.399341300193659e+06 -3.007206711402836e+06
  1.260670146552124e+09 -3.309026485213495e+05 -2.100197805887142e+06
  1.263069982483704e+09 -1.320425872719396e+06 -1.488756948902529e+06
  1.263789357939325e+09 -2.120378635788977e+03 -2.443840011871796e+06
  1.257939686378112e+09  1.486286623438730e+06 -1.651057057826214e+06
  1.264853152959726e+09  3.599305977611467e+06 -6.532077784997073e+05
  1.268189299429690e+09  4.761390229359410e+05 -1.511200948869986e+06
  1.263806622651993e+09  1.130720795134167e+06 -2.831169995660003e+06
  1.261171777731251e+09 -3.468979062485340e+06 -8.595853442644009e+05
  1.261079008588098e+09 -4.459767316443127e+05  2.964257968409561e+06
  1.263837584225477e+09 -1.907166437779114e+06  3.911143042701141e+06
  1.265284258575839e+09  4.277414698899515e+05  2.609834942854312e+06
  1.264043651339141e+09  2.362108317774096e+06  3.778106224879948e+06
  1.262437368989725e+09 -5.602308555975115e+04  3.243620630251092e+06
  1.265028855835037e+09 -6.741508503657874e+05  3.206475749826354e+06
  1.264734697300955e+09  4.578997078434934e+05  1.161759451773279e+06
  1.260686666672153e+09  1.229364427319133e+06  7.607476577595936e+05
  1.261955846847766e+09 -2.194685859870202e+05  3.557643669926838e+05
  1.264159011570907e+09 -1.577750011238651e+06 -1.319838862405940e+06
  1.259199994428348e+09  2.704115148519128e+06 -9.632039304536753e+05
  1.261012615095015e+09  4.321551553557516e+04 -2.579303100477406e+05
  1.265399084723407e+09  2.309816596673369e+06  1.120857064469716e+06
  1.260918653426162e+09  5.155451540691825e+05  2.502427741261952e+06
  1.260565719783460e+09  1.678097210756757e+06  1.158246326184996e+06
  1.264113345925735e+09 -3.418753299294896e+06  5.278415042255166e+05
  1.261331778105995e+09 -1.205147852208631e+04  1.091344447019893e+06
  1.261400865731885e+09  1.505699045466246e+06  2.120192694873254e+06
  1.261178236807004e+09 -1.605793044815111e+05  4.149634044135841e+06
  1.262211025765375e+09  2.367567513236437e+06  2.076151603881805e+06
  1.259241227917259e+09  1.118012456019575e+06  7.471024007183090e+05
  1.263556543527821e+09  6.291921337671871e+05 -3.040828537251773e+05
  1.261611809012351e+09 -1.481526491256714e+06 -7.650273376452990e+05
  1.259649449185870e+09 -3.984798173355247e+05 -2.365481997680035e+00
  1.263611032233162e+09  8.616727240501370e+05  6.622401706088121e+05
  1.266000478883725e+09 -1.909916250732995e+06  8.081886571433790e+05
  1.259695721107854e+09  4.560342568073292e+06  1.093492975066487e+06
  1.263647544954951e+09 -7.437631647348688e+05  2.633843380146812e+06
  1.265472231962105e+09 -1.107829413299942e+06  2.166658199569129e+06
  1.263171311926376e+09  1.354485698513369e+06  1.029558479251751e+06
  1.260800478921980e+09  1.860123189236498e+06  2.201625573035116e+06
  1.260185860707957e+09 -1.390844207065570e+06  1.664215981030357e+06
  1.263899389408930e+09  3.015207820011378e+04  2.356679857894455e+05
  1.264920147408797e+09  3.662868775984727e+06  2.583894672014164e+06
  1.264723012807705e+09 -1.805135139000650e+06  4.150007587118197e+06
  1.262240375026765e+09  1.302722200109754e+06 -1.234669190250093e+06
  1.265101451228113e+09  8.736121126633227e+05 -3.207835778138800e+06
  1.260312538039946e+09  1.910631280396511e+06 -1.868954335405305e+06
  1.263540910865566e+09 -1.190192663480378e+06 -6.309236815253610e+05
  1.261599235100708e+09 -8.005965872575494e+04  2.166498152734619e+05
  1.263697391288357e+09  2.363929083331235e+06  1.617195023460828e+06
  1.260945344142366e+09 -2.137981080370493e+06  7.626740810350308e+05
  1.263911869795069e+09  2.763654125191224e+06 -6.696825144388878e+05
  1.264601281793354e+09 -6.283270858140001e+05 -4.671204569741173e+05
  1.265751712034161e+09 -8.106542895253964e+05  6.648340508537393e+05
  1.265443101950421e+09 -3.199815002933159e+05  1.575051008218429e+05
  1.262090207798081e+09 -8.700464688037545e+05 -1.802111047239767e+06
  1.265325287932512e+09 -3.381083506162810e+05 -1.314275470117603e+06
  1.261752395869055e+09  4.194572266033175e+05 -2.553354021340054e+05
  1.259488595837653e+09  1.065995320004232e+06  1.699678996573853e+05
  1.259321551423636e+09 -2.669708842092596e+06  7.056367932029166e+05
  1.261324250482136e+09  1.305645992668036e+06  1.684129453463015e+05
  1.265286520635592e+09 -1.347464355381637e+06  4.017498616169540e+05
  1.265145692437693e+09  1.152138746761291e+06  1.002622396426433e+06
  1.266994659599580e+09 -4.112622546631140e+05  1.652041032853281e+06
  1.266933184936060e+09  2.698265027656698e+06  2.201436804531597e+06
  1.265042369090256e+09  1.065365568897019e+06  1.094226577792539e+06
  1.263522546249902e+09 -1.403844730746218e+06  1.344546529088657e+06
  1.263055304477567e+09  9.039324160820451e+05  8.388777963263452e+05
  1.261100634340378e+09  2.286094512907902e+05 -1.994832268789372e+06
  1.262328259181251e+09 -1.031801109486323e+06 -7.049740915076042e+05
  1.263032413168651e+09 -1.934568034149030e+06  1.975713166415353e+06
  1.262222605704834e+09 -1.065876235026707e+06 -3.077576837817847e+05
  1.263027535199881e+09 -8.251729775298433e+05 -5.312518942805912e+06
  1.263917317297994e+09  3.016274910385165e+05 -6.283657285898536e+06
  1.262905390931017e+09 -1.762393950561570e+06 -3.206984521750245e+06
  1.264118387604372e+09 -9.021987457415990e+05 -5.121100989377321e+05
  1.262149547656312e+09  1.481353383770533e+06  1.641492844505294e+06
  1.264021603141521e+09 -2.451579638998272e+06  8.963775267352300e+05
  1.264196512219054e+09 -2.799540109798947e+05  8.564948989798926e+05
  1.265885342576909e+09 -6.905695066161720e+05  1.998142625695681e+06
  1.267227335472855e+09  9.799921036652331e+05  2.551872324837587e+06
  1.263896857595874e+09 -6.737932770644630e+05  4.129449025088958e+05
  1.260658844925889e+09 -8.051545054727916e+05 -2.809467023148487e+06
  1.262584701228052e+09  3.490815888240902e+05 -2.542462214600855e+06
  1.260949092793023e+09  8.168184211333952e+04 -1.043363200149035e+06
  1.263994415591381e+09 -3.244312060974028e+06  2.993930059711925e+05
  1.260000816095661e+09 -2.086598839653042e+06  2.177101933355561e+06
  1.264665332621890e+09  1.609184387386641e+06  3.735616424504324e+06
  1.265100905730235e+09 -6.352966715261388e+05  3.237816126901285e+06
  1.265171837719730e+09  3.870901120875594e+05  8.865648346570388e+05
  1.266297262653922e+09 -4.984726854551636e+05 -1.471756108518637e+06
  1.257712381250328e+09  1.237885515810201e+06 -5.463853087072826e+05
  1.264282492518294e+09  2.710081921716931e+04  6.691828757877902e+05
  1.261897316026744e+09 -1.726502966205577e+06 -5.601409674822154e+05
  1.263249054782131e+09  8.453514245189680e+05  9.421774960311905e+05
  1.263036388121606e+09  3.221044833217689e+04  6.505692880344219e+05
  1.261782814850377e+09 -4.689784906855925e+06 -2.762805238292725e+05
  1.262369717168853e+09 -2.250198268653142e+05  1.810798625395331e+06
  1.265359466777870e+09  2.064186593112964e+05  4.199079878892910e+06
  1.261371612076330e+09 -1.761629494102838e+06  2.871057736173558e+06
  1.260609047170504e+09  1.186638916383597e+06 -2.511987408124567e+05
  1.259483456467950e+09 -2.768135822524361e+06 -1.367972971291511e+06
  1.264217755519456e+09 -2.668602317482575e+06 -1.426672486958425e+06
  1.263536893089528e+09  1.340572114837609e+06 -2.121095020099230e+06
  1.261538994457518e+09 -1.552440490604423e+05  9.182216076632589e+04
  1.263090499871951e+09  1.161586507799823e+06  3.448333930975753e+06
  1.265144223795158e+09  1.204210890916258e+06  3.396233224360074e+06
  1.264226767152641e+09  2.174255819807951e+06  2.612793262533498e+06
  1.260438775352017e+09  2.118077278228925e+06  1.043180562276831e+06
  1.265995649535470e+09  1.615792959291235e+06 -7.639448834490082e+05
  1.262731704447945e+09 -2.575324155750183e+06  1.475537499587430e+05
  1.261628865678063e+09  6.615351894000340e+04  1.143592637774891e+06
  1.262264093941577e+09  2.724033785357046e+06 -3.490419202594319e+04
  1.263075281001160e+09 -1.955756872199742e+06 -1.331572882090291e+06
  1.263344039678234e+09 -3.412275115721447e+06 -3.275806454853463e+05
  1.266859397626776e+09 -8.848286312509044e+05 -9.580158002767876e+05
  1.264796017151128e+09 -1.143937191036192e+06 -3.104090433728877e+06
  1.265118494786864e+09  2.025714483275971e+06 -3.201865331029760e+06
  1.263146328090493e+09  6.239882793995317e+05 -2.922420080701714e+06
  1.258844910987099e+09 -1.766502233749664e+06 -2.817364225375970e+06
  1.264188788110830e+09  7.106641815008904e+04 -2.094741520961700e+06
  1.261347535182235e+09 -2.222562913535556e+06 -1.623631814240668e+06
  1.265323644980368e+09 -2.559598754213930e+06  5.809696205876197e+04
  1.264004333633147e+09 -1.084902986302592e+06  2.317896700078717e+06
  1.266444885831758e+09  2.271125410427796e+06  2.104283508870443e+06
  1.261833246777412e+09  1.112877526872821e+06  2.171758755873288e+06
  1.260094552148290e+09 -1.374627094695943e+06  2.314677022393270e+06
  1.263063522726551e+09  1.046549671615056e+06  2.180090547820134e+06
  1.265474535252023e+09  3.747382919011125e+06  1.220552571140565e+06
  1.265751880170965e+09 -1.362836689524148e+06 -6.133098470805699e+05
  1.267945922998378e+09 -3.571018455119726e+06 -7.412058363786676e+05
  1.263020131546385e+09 -1.043355035909787e+06 -1.192390664866345e+06
  1.265099268205536e+09  6.629662636054878e+05 -3.595253717457797e+06
  1.262954229542823e+09  1.816760386916884e+06 -3.230544687549932e+06
  1.261876292423435e+09  5.329564004365620e+04  1.339442206648356e+06
  1.260541359145613e+09 -1.589996842712034e+06  4.014209896226747e+06
  1.263967427166985e+09 -5.853418274273911e+05  1.413728879096436e+06
  1.261205103839788e+09 -4.444972020826806e+06 -6.907826991193426e+05
  1.262255659125567e+09 -5.648654934377770e+05  1.419454891904766e+06
  1.262363917297636e+09  2.501403182729704e+05  2.836648224913230e+06
  1.261822660760458e+09  8.147576678840304e+05 -9.179719843756219e+05
  1.263714300865069e+09  9.103130724092934e+05  5.365908755818382e+04
  1.264903297359726e+09  7.189996496064543e+05  2.479033813054913e+06
  1.261105462819108e+09  8.859844291468268e+05  1.362235368879994e+06
  1.261258587829027e+09  5.483207179904950e+05 -2.634945392975970e+06
  1.262238161628201e+09 -4.740821787608134e+05 -4.137693898809873e+06
  1.263143687940612e+09  4.329483877558869e+05 -1.766580515465567e+06
  1.259700692730062e+09 -1.097921293349736e+06 -6.165075247937601e+04
  1.258563054135513e+09  2.019919743914087e+06 -7.109497157519604e+05
  1.270473908804056e+09  1.785394215086438e+06  3.778253132347832e+03
  1.264101988523663e+09  1.091697502091678e+05  1.198631556219259e+06
  1.265642237210088e+09  3.165994922533221e+05  1.409625258588022e+06
  1.260080329729993e+09 -3.112064427431723e+05  3.619057362899499e+06
  1.265714215710942e+09 -2.473462545032052e+06  4.884719877639656e+06
  1.264511279276043e+09  2.133976661476031e+06  1.986664858315887e+06
  1.261642901633180e+09  1.066552031288721e+06 -2.617332125879780e+05
  1.262829195881892e+09 -1.611804349837418e+06  1.691077377791503e+05
  1.264302819301116e+09 -1.157344428165810e+06  8.217094046437762e+05
  1.262871266772560e+09 -1.855538870840246e+06  2.341617431061126e+06
  1.266996281492667e+09 -1.190484325243779e+06  4.008779588202987e+05
  1.262762908868701e+09 -1.745720392930239e+06  5.781889424992721e+05
  1.264376244209090e+09  9.389734284519650e+05  1.916646220567858e+06
  1.263504148862330e+09  4.626863738434530e+06  2.605247089234442e+06
  1.264904386938922e+09 -8.723845282775597e+05  1.969202305890545e+06
  1.263270710654522e+09  9.993300836622454e+05  1.530169478241633e+05
  1.261622930036275e+09  2.113107641420623e+06 -8.526245653993578e+04
  1.258438708015581e+09 -3.437805013580955e+05  1.659992035693781e+06
  1.266147570268952e+09  2.452686914274389e+06  2.640663832736626e+06
  1.262881658527501e+09 -9.783815301814767e+05  1.555613953154438e+06
  1.263300236137288e+09 -1.690826414910477e+06  1.153390622955469e+06
  1.260766011217136e+09  2.169189983817580e+06  2.700132518887496e+06
  1.261918116106559e+09  8.134052895912083e+05  2.945688767059712e+06
  1.262331223520536e+09 -4.089221319796381e+05  1.387075341856248e+05
  1.264253397509000e+09 -2.997988785212418e+06 -1.567605281037834e+04
  1.264832050058937e+09 -3.372700169400419e+06  1.965482861189129e+06
  1.260960727716465e+09 -2.733222909293968e+06  2.672662221298493e+06
  1.263656507622286e+09  5.563240881921673e+05 -7.455090210355187e+05
  1.264868795117333e+09  1.609936013329017e+06 -2.147564619594725e+06
  1.264451086288562e+09  1.984809029607759e+06 -1.017471610120218e+06
  1.262861678893757e+09  2.317301813924437e+05  3.944974571977742e+04
  1.262424445988879e+09  9.150219087956294e+04  1.360141250327860e+06
  1.264290147315679e+09  1.561093662438806e+06  1.648946311111744e+06
  1.262318704630131e+09  3.343622977521031e+06  1.364243646791697e+06
  1.263763767056553e+09  2.532285078038563e+06  6.308282490672673e+05
  1.266762790318603e+09 -1.810139339416799e+06 -1.403845692713994e+06
  1.264456826645941e+09 -1.725704323322262e+06 -2.834250340176439e+06
  1.265296830502635e+09  3.770412904668761e+05 -9.416635316592788e+05
  1.260780184787288e+09  1.091687341485648e+06  7.256899223509759e+05
  1.265802740560458e+09  2.359005085664609e+06  2.492202719895126e+06
  1.264083403086111e+09 -2.264439047039970e+06  1.750947634306244e+06
  1.261742789926620e+09 -3.101880529526911e+05  3.138888883755118e+06
  1.263755921480518e+09 -3.046850729102382e+06  2.921104329230440e+06
  1.265111827456855e+09  1.977690722867165e+06  1.282814004115922e+06
  1.260801620969142e+09  6.138227918221370e+05  2.523236677165685e+06
  1.263883914573026e+09 -9.158723022910873e+05  4.129529897296828e+06
  1.262617441995414e+09  2.175674365721943e+06  4.726985522928519e+06
  1.263723233882179e+09  1.161945453392321e+06  5.132595536024667e+06
  1.261057314834470e+09  1.561816130017926e+06  2.053294461589668e+06
  1.264665199562637e+09  7.465452884083306e+06 -2.412065823420572e+06
  1.263095360008262e+09 -1.161389991125068e+06 -2.738417730863032e+06
  1.265527098602150e+09 -2.607704717093670e+06 -3.471060983919131e+04
  1.259701327771352e+09  8.099311763349725e+05  7.151164825927491e+05
  1.261951646465446e+09 -5.706022546054123e+05  4.075068994181220e+05
  1.262977227925879e+09  1.513005874370241e+06  2.184494130296153e+06
  1.262097621564860e+09  2.356930995691820e+06  8.865705173026493e+05
  1.262275363019828e+09 -9.916169176849525e+05 -9.777805238860218e+05
  1.264671593860924e+09  8.505039774170427e+05 -1.040281273951964e+06
  1.265572396557419e+09 -3.303002870752163e+06  3.751743938149878e+05
  1.265060606238220e+09 -8.503559045538539e+03  6.434733871121291e+05
  1.263114608122958e+09  1.047258997536854e+06 -2.146031372486953e+05
  1.262198507162368e+09 -6.527586115111685e+05 -3.106626907478328e+06
  1.263442039884060e+09  3.054874622027523e+06 -3.182618297570163e+06
  1.265187019653814e+09  3.204818872001248e+06  5.831938772194025e+05
  1.263375956419475e+09  6.230884809842102e+05 -2.003437800871474e+05
  1.267580206077789e+09  4.558853397494117e+06 -2.634384250432856e+06
  1.264008745183913e+09 -3.364442809558750e+06 -6.303724723794491e+05
  1.263754849030224e+09 -2.209298067506977e+06  1.242855932575383e+06
  1.261080475163914e+09  7.571947728189116e+05  1.141923896288379e+06
  1.263110558082409e+09 -1.467717959526703e+06  1.533065552870614e+06
  1.262834763098649e+09  1.477003579979273e+06  1.796486756285481e+06
  1.262815484519694e+09  7.554506866140080e+05  2.223606445958158e+06
  1.259968455802446e+09 -9.853661284642344e+04  1.632751430746947e+06
  1.258328206981544e+09  1.671288671245094e+06 -6.985845196348624e+05
  1.261979584883882e+09 -2.959301505145399e+06 -1.342331850824421e+06
  1.263187793318732e+09 -4.750920931641558e+05 -1.603680224525691e+06
  1.265527449426361e+09  3.052591167712797e+06 -1.127778117656596e+06
  1.264031019928733e+09 -5.740659123649414e+05  9.455419991274818e+04
  1.265999701095886e+09  2.906048100510749e+06 -7.676487587376004e+05
  1.262775703875130e+09  2.085158995032226e+06 -1.923627631513572e+06
  1.264831162154986e+09  5.331831354123880e+05 -2.888243065421318e+04
  1.263033638753553e+09 -1.714186304346730e+06  2.098269645527245e+06
  1.263293423004165e+09 -2.019017107124197e+06  2.641945039751885e+06
  1.262803838219546e+09  1.076573965224979e+06  2.408041822404012e+06
  1.262993511221859e+09 -5.501754361228250e+05  1.661705711770363e+06
  1.262440574981753e+09 -2.251892272475541e+06 -6.755105831798011e+05
  1.263003709756655e+09  1.801839440176509e+06 -7.466918694477853e+05
  1.262343928523739e+09 -1.483280543602130e+03  2.831772356896687e+05
  1.265024146763945e+09 -4.562567218100558e+05  7.172456390335839e+05
  1.261244526893129e+09  3.820667867910506e+06  1.554873130298394e+06
  1.265291367700966e+09 -3.583672415458221e+06 -5.659973936109921e+05
  1.261399775254120e+09  7.166078364322195e+05 -2.727334292537417e+06
  1.266284736934106e+09  2.985041349812711e+06 -3.639025338852272e+06
  1.263129509994420e+09 -1.882774233150667e+05 -1.299784054095482e+06
  1.263516954814259e+09  1.878295983117924e+06  2.702051936075456e+06
  1.266221846938329e+09  1.264347529500220e+04  3.836432723632016e+06
  1.263090951036101e+09  2.044436681209354e+06  2.374899609868996e+06
  1.266728204472381e+09 -3.551644331100638e+06 -6.172143510232939e+05
  1.265489719062077e+09 -6.997598559944221e+04 -1.551478084749230e+06
  1.264526751766447e+09  2.480940959587699e+06 -2.254696196074037e+05
  1.262297752909577e+09  6.354873743356289e+05 -9.640384351463219e+05
  1.263581392170546e+09 -6.258088451431920e+05 -5.862036520422276e+05
  1.262645399687783e+09 -1.204390293053728e+06  1.144819187694176e+06
  1.264106437831980e+09  1.215710899374902e+05  1.811034281989105e+06
  1.263515820483391e+09 -5.313805034096461e+05 -1.235503412582197e+06
  1.267357902263334e+09  2.923075628685821e+06 -1.123279057660542e+06
  1.261779715508907e+09 -3.174044138924764e+06 -7.061616722428039e+04
  1.262364485303744e+09  1.197656816965806e+06  8.287382282559574e+05
  1.258307860158584e+09  2.952211826857291e+05  4.996227441191259e+05
  1.263489560771692e+09  1.422627084882793e+06 -2.103453570690521e+06
  1.264452830306533e+09  2.542063411368663e+05 -2.544713592014332e+06
  1.258015447365970e+09  7.503800064346438e+05  7.736965269624860e+05
  1.260452726582118e+09  1.739166843610597e+06  2.189480753559664e+06
  1.266482038859971e+09 -1.174270587274789e+06  7.527287206617120e+05
  1.263296354837340e+09 -1.082540047799375e+05 -1.209427301295506e+05
  1.260106059956911e+09  5.933946815632362e+05 -2.322715315667233e+06
  1.261164659616464e+09  1.890147472138293e+05 -2.260965796033056e+06
  1.264241621376740e+09  4.998689225236701e+05  3.144809208962103e+06
  1.263837340623188e+09 -4.346248666766828e+06  5.305197223118674e+06
  1.263902526051666e+09 -8.883325642617516e+05 -5.746376398508437e+02
  1.262592495990385e+09  1.759431698896813e+06  1.857866300135141e+06
  1.264559308826571e+09  1.336776056414892e+06 -8.536172643487683e+05
  1.263308630691215e+09 -1.776718888801372e+05 -1.072454906790134e+06
  1.260215576282025e+09  2.036642253494455e+06  1.720861202294643e+06
  1.264504891356478e+09 -1.104797194729185e+06  1.997982044446184e+06
  1.265578445047917e+09  3.303850703900495e+06  1.334284392542481e+06
  1.259028155687836e+09 -6.641910995955511e+05  1.055074623736898e+06
  1.263946258273199e+09 -1.029731236827199e+06  4.262938327324629e+05
  1.265918847637515e+09  1.361162763808569e+05  9.454896853569979e+05
  1.259535529143385e+09 -7.763632823798286e+05  2.620769086115242e+06
  1.260277371348282e+09 -1.027664520682797e+06  3.141203769199532e+06
  1.262338989282660e+09  1.109867089955120e+06  1.625695911559731e+06
  1.261164453247578e+09 -6.935354668665460e+05  4.104426544534438e+05
  1.262356353493382e+09  9.016461134487668e+05 -6.791476169312975e+05
  1.264193431989256e+09 -2.574156760497047e+06 -2.141039264214036e+06
  1.262285764280077e+09 -8.322195395870320e+04 -2.722441415795622e+06
  1.261229009231387e+09  3.632190445549000e+06 -1.376994135248661e+05
  1.262503554714284e+09  1.916025357691695e+06  2.468657303571711e+06
  1.265279870639988e+09  6.707585176062415e+05  2.732566494354649e+06
  1.260283984477148e+09  3.195047432045216e+06  1.780385196808472e+06
  1.263244534024841e+09  1.642432346114378e+05  1.571414041189628e+06
  1.265720929434729e+09  2.462527662044851e+06  5.146774344806513e+04
  1.261774917322416e+09  4.131666319946541e+05 -2.754144051867441e+06
  1.264116891302421e+09 -3.098853351441708e+06 -3.431413410326217e+06
  1.265854853551928e+09  6.910187886093662e+05 -9.840515393763671e+05
  1.263640860292034e+09 -1.588178939493329e+06  2.157629401378147e+06
  1.263564073003542e+09  4.185441437025776e+04  4.528134746808707e+06
  1.262077866052370e+09  2.580063949059950e+06  3.719346893834291e+06
  1.266302008628939e+09  9.538919069858687e+05 -7.969413752911054e+04
  1.263206090409382e+09 -2.233220797725220e+04 -3.122553115329101e+06
  1.264831346398895e+09  6.105484902715904e+04 -3.975447542464793e+06
  1.262054689577088e+09  1.886342993584346e+06  1.281178724804157e+06
  1.265690277243156e+09  1.641223867946214e+06  1.930574396390289e+06
  1.262698318395028e+09  1.975648646780576e+06  2.140925699053225e+06
  1.263084999283125e+09  2.192020915377271e+05  6.965929219002665e+05
  1.260978480145560e+09  3.995881866594923e+06 -5.985278094560613e+05
  1.263872514602412e+09  2.663351392026545e+06  2.849458305854163e+05
  1.262455198933570e+09  8.722186601722650e+05  3.978747907122734e+05
  1.262387309935902e+09  6.325072753931807e+05  2.240323909279299e+05
  1.266661573957675e+09 -9.761886957757859e+05  2.388460040310294e+06
  1.266183058297296e+09  2.313044784676167e+06  1.963277707979211e+06
  1.265296911342847e+09  4.678748563082836e+05 -4.955845522688833e+05
  1.264802252094810e+09  1.743758363144258e+06  6.743877020634118e+05
  1.265365087500844e+09  6.650809992900389e+05  2.828328623207564e+06
  1.262764797500563e+09  1.633677768988064e+06  3.687596074153042e+06
  1.260949670935114e+09 -2.464304564729340e+06  2.618773574379486e+06
  1.260358290031753e+09  2.075252741760959e+06  1.100022066742075e+06
  1.260453765818302e+09  1.654964565123931e+06 -4.603500041900884e+05
  1.265002502712445e+09 -9.921743322171770e+05 -4.151801786749507e+05
  1.263208780194428e+09  4.761529655640213e+05 -7.920361895169991e+05
  1.265608047283750e+09  6.245321918409788e+05 -3.615413912550533e+06
  1.264153448653131e+09  2.434188415385497e+06 -4.709887395775083e+06
  1.262686737880461e+09  4.996677468116933e+06 -2.541937556798249e+06
  1.264747561809231e+09  1.406214583944669e+06 -2.040396664396535e+06
  1.262458132473151e+09 -1.438325578159756e+06 -1.699172240767624e+06
  1.261858196330255e+09 -2.483226630960708e+05 -1.318196922325067e+06
  1.263632669336056e+09  2.053872062390925e+06 -1.231135044438539e+06
  1.264582351203835e+09  1.594625309436803e+06 -1.531441715780009e+06
  1.263011040373954e+09  1.669085994452589e+06 -2.442170192892066e+06
  1.262140870039452e+09 -5.788025885171493e+05 -1.994472249170458e+05
  1.263769408888451e+09  4.718636718711546e+05  4.370148794829138e+05
  1.263048729702035e+09 -2.713943384987090e+06 -2.018608898919658e+06
  1.263838033103784e+09  1.124840458059079e+06 -1.562370769181805e+06
  1.261391447509374e+09  1.728915537681004e+06  2.098367996054917e+06
  1.264345706655688e+09 -3.974246661249327e+05  4.669823299927102e+06
  1.263503209974324e+09 -1.286349758055245e+05  4.754380943496393e+06
  1.265975854726825e+09  1.817971817676221e+06  3.752366890584339e+06
  1.267024390366349e+09 -1.577894135277141e+05  1.811196954816960e+06
  1.265614643064818e+09  4.196258990697494e+06  5.325400980011646e+05
  1.262941277163400e+09  7.486629223730031e+05 -1.177219767744754e+05
  1.262240349735964e+09 -2.229002573525324e+06 -1.995535889451512e+06
  1.262008439865695e+09 -9.992275439900851e+05 -3.546817849910747e+06
  1.266146295415334e+09  3.139413018391537e+05 -1.802106987286320e+06
  1.260416846901078e+09 -3.198805702474461e+05  4.227244201397122e+05
  1.265660792093371e+09  7.013659006147232e+04 -5.872616765079377e+05
  1.263356165167816e+09 -5.975375489521425e+04 -1.227092844929505e+06
  1.264806672562998e+09  1.568295117635048e+05 -1.516649676198468e+06
  1.266178242494434e+09 -2.953733752636953e+06 -2.513003609430403e+06
  1.263603006480211e+09 -8.681419154328010e+05 -1.371142025605829e+06
  1.264879625196738e+09  2.139195962313415e+06  9.774120224681776e+05
  1.264474774836831e+09  1.382281458968997e+06 -1.873507325032968e+05
  1.262760663984183e+09 -8.202517075244163e+05 -3.211901318980698e+06
  1.259854966887685e+09  1.220582090270345e+06 -1.403717714160158e+06
  1.263298146126312e+09  8.036375530912483e+04  1.902920926689313e+06
  1.265169925641983e+09  2.685179138366217e+05  1.583673099136859e+06
  1.262882053102173e+09 -1.768097846268817e+06 -1.764616204637616e+06
  1.261324974802697e+09 -1.473565832807279e+06 -2.594156881590677e+06
  1.262870429628867e+09 -1.132805173126884e+06 -3.048955020149891e+05
  1.261041531903729e+09  2.939048975123074e+05  2.554263176283701e+06
  1.266547641424577e+09  1.626635761140899e+05  3.377543653342258e+06
  1.263838146172310e+09 -8.507754034490396e+05  1.106643851918874e+06
  1.264002930500188e+09  4.367559297917224e+05 -2.018475466727027e+05
  1.266212157834428e+09  3.291965486039205e+05  8.007248687672463e+05
  1.267105880504339e+09 -3.203923103716724e+06 -4.014513921641940e+05
  1.262605298298320e+09 -1.239133823503324e+06 -1.486915029822726e+06
  1.261308410525064e+09 -7.731847129644606e+05  2.688049544543813e+06
  1.264727332777638e+09  1.657904882022195e+06  2.620410429325215e+06
  1.259946393456346e+09  9.020465898572133e+05  8.468700233634618e+05
  1.262913299334054e+09 -3.145281184232410e+06 -1.215624427673179e+06
  1.262141683493486e+09 -1.063236015414301e+06 -1.259395635142802e+06
  1.261348878319811e+09  1.306391732316608e+06 -1.445628465935328e+06
  1.260475549377735e+09 -4.812710247148898e+05 -2.518432291674032e+06
  1.262890323007213e+09 -1.414707927579419e+06 -9.047708098769437e+05
  1.264343855662340e+09 -1.592966806420187e+06  5.047773105027553e+05
  1.263799553234552e+09  1.089245090260115e+06  5.047175121823017e+05
  1.265037114889416e+09  1.975461106859429e+06  7.105844577776866e+05
  1.260982335510291e+09  1.802125234096885e+06  4.292441835725806e+05
  1.261989269218921e+09  3.497140199894723e+06  1.258497122789456e+06
  1.261925239761560e+09 -2.684780062677904e+06  1.311072723013063e+06
  1.264489214658823e+09  2.058449422655881e+06  8.379984732255355e+05
  1.265334194794088e+09  1.528476907326519e+06  1.769527860778328e+06
  1.262825118501214e+09  2.161923530375210e+05  2.654742382775735e+06
  1.262435330192981e+09  1.628391826337120e+06  2.112578598565223e+06
  1.262220519138563e+09 -1.147439334282603e+06  3.229426495500159e+05
  1.261918059518659e+09 -5.144624374566766e+06 -2.209588562811112e+06
  1.263886587693259e+09 -2.121776418419272e+06 -2.676893961557837e+06
  1.266641816741470e+09 -1.474537690729574e+05 -2.809839571943864e+06
  1.264041335785453e+09 -6.816077841083251e+04 -2.767698787770270e+06
  1.262349465097730e+09 -4.914878971453403e+05 -8.122667657240550e+05
  1.265489521009339e+09 -2.114187829852472e+06 -4.063726018328352e+05
  1.260496437722347e+09  3.184946267136044e+05 -8.170117242653505e+05
  1.261758080921487e+09 -8.229410805235698e+05 -3.477236425005159e+05
  1.260722815434115e+09  2.762430139487288e+05  2.279561024438074e+05
  1.265934309230187e+09  4.178861955188533e+06  5.182025718164357e+04
  1.262726219265172e+09  2.446908342411532e+06  7.062254799585678e+05
  1.263648811965704e+09  1.961118324466148e+06  2.301294238116986e+06
  1.261937709775878e+09 -1.196582321722042e+05  2.734056977739005e+06
  1.262963541393496e+09  2.162875873471998e+06  3.089493189525473e+06
  1.263796344752214e+09  2.499303927441588e+06  1.495203888530886e+06
  1.265276351833566e+09 -3.139475182365356e+06  2.302269939385924e+05
  1.261817098933579e+09 -4.584412416555585e+06  3.810065410206295e+05
  1.260938643901736e+09  1.833054627784186e+05  2.002366756355890e+06
  1.261154729997485e+09 -1.207962487455953e+06  2.419499628651930e+06
  1.261904333769384e+09  1.089368178107272e+06  2.585021801145801e+05
  1.258972538015459e+09  1.847482775013073e+06 -2.357450087196735e+06
  1.260973459024575e+09 -2.802780873304931e+06 -2.926396448602562e+06
  1.269119442762420e+09  9.931521058493105e+05 -2.684351734858828e+06
  1.261646984983626e+09 -1.760581851654953e+06 -9.912844526742317e+05
  1.262650038641752e+09 -1.848926418517890e+05  2.808030113044606e+06
  1.261746095138516e+09  2.021032501669586e+06  4.863261087357551e+06
  1.266634218997417e+09  2.990470797097472e+06  2.543442371658853e+06
  1.264343301988873e+09  2.526175757101999e+06  9.171401741484475e+05
  1.261827803334547e+09 -7.098474576753692e+05  2.837928759312769e+06
  1.259924670033935e+09  2.512647837812058e+05  2.304181911667043e+06
  1.266231978275118e+09  2.737134578777618e+06 -3.507392760822899e+05
  1.261424194516666e+09 -2.946259606780496e+06 -2.617329071617127e+06
  1.266591156690208e+09 -1.524452322602989e+06 -2.130054840293088e+06
  1.258072729126872e+09  2.657756381358835e+06 -1.959953390812454e+06
  1.262780648594499e+09 -2.084284631322172e+06 -1.823858468591002e+06
  1.262030262884266e+09 -2.866554781870916e+04 -8.139606425854085e+05
  1.265743884584410e+09  1.734141912472694e+06 -6.348442290435029e+05
  1.262137790860560e+09 -2.827698711245082e+06 -2.975742168505150e+06
  1.261265636253609e+09  1.157234244088561e+06 -4.095693046395393e+06
  1.257856034402834e+09 -8.953239430163137e+04 -3.009557442897330e+06
  1.264573158902647e+09  5.988604194488085e+05  2.729202291859593e+05
  1.262727642959869e+09 -2.908095453841331e+06  2.787160313036305e+06
  1.263014322833679e+09 -1.889215716516319e+06  1.422143646922895e+06
  1.263469464063586e+09  3.789707125047979e+06  9.915914036667269e+05
  1.261243389351968e+09 -1.343831739831960e+06  2.046516896249680e+06
  1.263363325754961e+09 -1.519539268397754e+06 -6.692607366983875e+05
  1.263116248702438e+09  9.102545971867986e+05  4.200552293095861e+05
  1.261438021237267e+09 -1.432685883440207e+06  1.748159192739730e+06
  1.261580666463703e+09  4.940475814270983e+05  1.895850440234138e+06
  1.263672234687546e+09  2.553077558156675e+06 -1.693329443002469e+04
  1.264002226853605e+09 -5.522464001183921e+05 -2.399909921919471e+06
  1.263828944293226e+09  7.224951516854916e+05 -2.736601378550684e+06
  1.265820899577969e+09  2.076226336676602e+06 -6.666223013878893e+05
  1.262876928191304e+09 -4.702294763632043e+05  2.165016792586075e+06
  1.264452491815092e+09  5.043663846247786e+05  3.091245567835894e+06
  1.263304842954611e+09  9.556122032252287e+05  2.014413191322080e+06
  1.261795223267518e+09 -6.721867311693046e+05  9.642740612207726e+05
  1.268102306065898e+09 -5.347312203191283e+06  4.912100031687160e+05
  1.268559915129557e+09 -2.989744429351061e+06  6.499139443823905e+05
  1.264371247982553e+09  2.026089708556504e+06  7.428645535429186e+05
  1.262369753659288e+09 -1.752975798122677e+06 -2.159386959957365e+05
  1.262213724056154e+09 -1.140061355359460e+06 -1.309164358267249e+06
  1.263531264439321e+09 -6.612977842842333e+05 -5.089332025354611e+05
  1.261636841022124e+09 -1.121674953880303e+06 -5.889100640070171e+04
  1.262665125840977e+09  5.794548217384209e+04 -1.668346993139322e+06
  1.264933994991995e+09  1.209749674722972e+06  9.926581243540125e+04
  1.262229098842884e+09  1.904433063709843e+06  9.552344514461659e+05
  1.266088475738982e+09  3.119357754587959e+06 -1.149600650893525e+06
  1.261581584228946e+09  1.443269782303166e+06 -1.229911359873308e+06
  1.264167154048047e+09  1.488372447810450e+06  1.917651712278726e+06
  1.263926823209928e+09  1.595200418984207e+06  1.922720188092512e+06
  1.263278302407997e+09  4.787655248053477e+05 -8.089665421609835e+05
  1.262479528728960e+09 -4.610926870084028e+05  1.954976400394214e+05
  1.264413065099464e+09 -3.541014454077269e+06 -7.126996662562236e+04
  1.260998814688355e+09 -3.376658390028088e+06 -1.154385037008856e+06
  1.261481947724816e+09 -2.431991542273862e+05  2.088699152811725e+06
  1.265447889318402e+09 -2.755252689891999e+05  2.195848466155615e+06
  1.262421886935924e+09 -9.424480171035388e+05  3.044002635995234e+06
  1.262949660870060e+09 -6.603644226036882e+05  1.090182790089436e+06
  1.263195159364067e+09 -4.556630400476521e+05 -2.067623034267156e+06
  1.265932859304976e+09 -2.094858698519081e+04 -1.559998898915615e+06
  1.266080923538280e+09  1.105334258670595e+06 -8.403382665486300e+05
  1.263639881989079e+09  4.332981914209898e+05 -1.374597501547661e+06
  1.260917320264978e+09  2.521885677394647e+06 -1.244470017051191e+06
  1.267251136897974e+09  1.565900429528289e+06 -1.314518792060044e+06
  1.264240490989068e+09  2.162269056328554e+06 -1.577399875036648e+06
  1.263786732249968e+09  1.064912411328061e+06 -7.773636791112147e+05
  1.263903765916998e+09  2.762609479688805e+05  7.093447280401513e+05
  1.262032523218274e+09 -1.975967996526458e+05  1.276421791893290e+06
  1.264939877761736e+09 -3.488623550187407e+06  4.226863453098007e+05
  1.259544773851049e+09 -2.969992407793389e+06 -1.405823803087251e+06
  1.262772832405001e+09  6.608337108516674e+05 -9.952630501021834e+05
  1.263041659465403e+09 -5.723192143651947e+05  1.516637559076996e+06
  1.260777226827371e+09 -9.564329477153935e+05 -7.198867525131892e+05
  1.262797838244372e+09 -5.313087638642187e+05 -5.576243959351422e+05
  1.260498422251148e+09  1.497196604188892e+06 -8.117965706123596e+05
  1.260225912377397e+09 -6.466464213007694e+04 -5.236871647330517e+05
  1.261605479567087e+09  6.797444553013489e+05 -5.056635421035426e+03
  1.264399076628818e+09  2.627596329865863e+05 -6.294136999735496e+05
  1.261400543954258e+09  1.196483506227825e+06 -1.675399339343732e+06
  1.262891659395727e+09  3.191840009789684e+06 -1.381691614133521e+06
  1.259507064201741e+09  3.659616365622729e+06  2.906210444509939e+05
  1.264323348123082e+09 -5.539927767391709e+05  6.671751043921576e+05
  1.260506355654170e+09 -1.143613892830903e+06 -8.881092372476183e+05
  1.262096679662012e+09 -1.585915457025545e+06 -2.437689766229478e+06
  1.263354022165438e+09 -3.068594321196599e+06 -1.836625171221510e+06
  1.262883411071930e+09  1.389692907073008e+06 -1.703683877046007e+06
  1.262904059808503e+09  3.524963417426372e+06 -2.312152700963657e+06
  1.264390666614624e+09 -2.082977639502286e+06 -1.391789949212552e+06
  1.261944249031095e+09  7.646266633810471e+05 -3.184634237001561e+06
  1.265122832742969e+09 -6.788081636565850e+05  3.550925814138497e+05
  1.262365230296201e+09  9.588170596626134e+05  2.703277945454709e+06
  1.266845010165968e+09 -1.379491627137132e+06  2.050472789371955e+06
  1.263803599928919e+09 -3.513346501246847e+05  6.015460642308947e+05
  1.264277997824483e+09  1.836872443838408e+06  1.812511875605112e+05
  1.261532186949894e+09  1.525046739983975e+06  1.263560392412260e+05
  1.264872398266917e+09  2.009816325145605e+06 -6.942384367933739e+05
  1.266120703841058e+09  4.122487790138441e+06 -5.342019259786925e+05
  1.262175933515321e+09  1.397640524743396e+06  1.154151439122203e+06
  1.267280399551345e+09 -2.679377561424731e+06  1.198820335764576e+06
  1.264297701478089e+09 -1.953978086340038e+06  9.959767948014222e+05
  1.264606282574360e+09  8.467655012365367e+05  1.740292605159151e+06
  1.261267855950950e+09  2.948391667117163e+06 -1.001824679234002e+05
  1.262525769183559e+09  2.828058154164403e+06 -3.495869988060720e+06
  1.262211437165348e+09 -1.261699639504057e+06 -4.786937048742563e+06
  1.261880216052832e+09  3.895240147024632e+06  1.105031441965932e+06
  1.262719182253185e+09 -3.616413132294292e+05  2.976100120780025e+06
  1.267617472921029e+09  4.009424515064062e+05  1.232713687131145e+06
  1.261570669103430e+09 -8.534578181642063e+05 -1.840889319283114e+05
  1.262350440071712e+09 -1.035032288611531e+06  5.626011159032385e+05
  1.257255230362107e+09  1.573533440204130e+06 -1.431840800537216e+04
  1.264659472828537e+09  3.391337154111298e+06 -1.163590335290578e+06
  1.265413130501908e+09 -1.410063279979220e+05 -4.869760784731868e+05
  1.257754753024396e+09  3.311273861890249e+06  1.656010481441167e+05
  1.259011041390884e+09  7.609275881679197e+05 -1.059694958730927e+06
  1.265048519285213e+09 -1.249406074965092e+06 -2.472357955749203e+06
  1.260097635411767e+09 -9.737937213736204e+05 -7.766685555496227e+05
  1.263305092650562e+09  3.026376460750656e+06  1.573775486825761e+06
  1.262657991120235e+09  1.033380285197982e+06  2.431444286857356e+06
  1.263911720627024e+09 -1.917879552282664e+06  1.139728434115168e+06
  1.261584068932281e+09  1.127447193601881e+06 -7.422945519048023e+05
  1.264176357164191e+09  2.716881705125107e+06 -3.723936065556972e+06
  1.261703348990030e+09  5.190768299495519e+05 -2.325524846615491e+06
  1.264946053587215e+09  1.855427032483746e+06  9.885943472217652e+05
  1.261949516816268e+09  6.231155789488341e+05  8.897833146175840e+05
  1.261294997851301e+09 -2.230091213084370e+06 -1.478126050342446e+06
  1.266687221497443e+09  1.054454853097995e+06 -1.540636862106722e+06
  1.266380612811780e+09  3.411918720839190e+06 -1.314610718893355e+05
  1.260611661436868e+09 -2.034464376782509e+05 -1.369660692814810e+05
  1.265526220801368e+09  1.750473904092490e+06 -9.399405483632731e+05
  1.263277162127836e+09 -1.854808668226905e+06 -1.173529139875122e+06
  1.259493678257259e+09 -2.157490496842827e+05 -2.313465135755949e+05
  1.261180881790726e+09  1.063354959423058e+06  1.198345932646974e+05
  1.260544171344413e+09  2.162542739676302e+06  7.806213336149140e+05
  1.261831374885583e+09 -1.643196038415688e+06  2.041595780635655e+06
  1.263350844492923e+09 -2.924888134275035e+06  4.577175267825209e+05
  1.266571519520856e+09  1.410294885711236e+06 -2.152433812748275e+06
  1.261371200888548e+09 -2.429694830308876e+06  3.394479516781018e+06
  1.263494796721942e+09  1.193992618413063e+06  1.282885164129669e+06
  1.265222203285279e+09  1.763270623568135e+06 -5.098181136871049e+05
  1.264040854288015e+09  4.404364323274207e+05 -2.132310223435634e+05
  1.260964670333718e+09 -1.898320118970372e+06  1.828987440542273e+06
  1.261991605404554e+09  4.375290984403453e+04  2.231444806305928e+06
  1.265584873814171e+09  1.047996859174406e+06  1.514366571892034e+06
  1.261721965980341e+09  8.733541299595444e+05  1.306617604727366e+06
  1.262146224020751e+09  8.444766696759096e+05 -2.275959432009110e+05
  1.263849893285712e+09 -3.499391300910441e+05 -3.029378070504283e+06
  1.266066012488332e+09 -2.636075669807040e+05 -2.712308226241362e+06
  1.264827847144700e+09  1.528477395378585e+06  6.859778138701423e+05
  1.262729501141260e+09  1.736267231572011e+06  3.098244417353319e+06
  1.265452374692811e+09 -4.148019770549686e+06  2.663055125773814e+06
  1.260631932646872e+09  6.566153559472066e+05  2.545835029234172e+06
  1.263336283535357e+09 -2.767005507777790e+05  4.004819270713728e+06
  1.262530021480558e+09 -3.767815981737386e+06 -1.189703644995848e+06
  1.265822887899763e+09 -4.670154458636774e+05  1.877534416327590e+06
  1.261044605597264e+09  3.199974292534627e+05  1.250400728996987e+06
  1.264206258072899e+09  2.198473787646888e+06  1.745269354557638e+06
  1.259980255489066e+09  6.834642555202562e+05  3.859293773290011e+06
  1.262679458184917e+09  3.770916733124483e+05  1.963510736894764e+06
  1.262167405334934e+09  1.008881938559899e+06  1.860466167139397e+05
  1.261728972371192e+09 -8.446560106310152e+05 -1.355262366500948e+06
  1.266177533965680e+09  1.773405055186606e+06 -2.874852405723663e+06
  1.264383478017817e+09  3.355541330343690e+05 -4.194793844775083e+05
  1.263463709987736e+09 -4.827210894322295e+05  2.494175731301687e+06
  1.265804571871335e+09  1.195789254163791e+06  2.702176228266694e+06
  1.263282804970317e+09  1.274482838641895e+06  5.813689149747144e+05
  1.262775090158642e+09 -3.655010102015669e+06 -1.764188244742192e+06
  1.263096644114777e+09  5.547359078345406e+05 -2.335232573777800e+06
  1.262976770602193e+09  3.010153743934946e+04 -2.778063599545585e+06
  1.261442476798248e+09 -1.397521826030003e+06  1.089770062764769e+06
  1.265082986838143e+09 -1.805206247629735e+06  1.401946054402933e+06
  1.264492418486228e+09 -7.008582001461891e+05 -2.806707422163214e+05
  1.264821337158094e+09  4.533286607643358e+06  3.484608908957638e+05
  1.261845181954426e+09  1.277451015541074e+06  8.292881206549419e+05
  1.263301769514394e+09  2.357185487763022e+06 -1.976411402248327e+06
  1.266163347355118e+09  1.061135966791358e+06 -1.803986116494075e+06
  1.262398752160234e+09 -3.080343264601072e+06  2.479993099146034e+05
  1.262821754669916e+09  2.414945227634841e+06  5.572876877518995e+05
  1.265716589233633e+09 -4.248183573377711e+05  1.790519337590328e+06
  1.265304375504689e+09 -6.718545213851668e+05  2.245492839091344e+06
  1.265057277648238e+09  3.707545312540013e+06  1.620660850635010e+05
  1.261155689802980e+09  3.489719932382134e+05  4.412808061517188e+05
  1.264877056466388e+09 -2.041433333121878e+06  1.211089724900831e+06
  1.262205688219952e+09 -2.531984970141957e+06 -5.016277456537300e+05
  1.263485029473396e+09  1.512966837735387e+06 -6.088350884679467e+05
  1.262407510279054e+09  1.195067738220306e+06  9.525726657572498e+05
  1.263387896645208e+09 -1.154025231708492e+06  1.076267096731088e+06
  1.262459619208823e+09 -8.061170124269085e+04 -8.502873707661921e+05
  1.265876092566176e+09  1.566574178553150e+06 -7.885744112728967e+05
  1.264865583040334e+09  7.805341269868269e+05 -1.943887743734031e+05
  1.266653672025809e+09  2.445895233347683e+06 -2.869417340545543e+06
  1.262874768495897e+09 -3.554957503668055e+05 -2.753494619628149e+06
  1.261284274847574e+09 -3.934660224252508e+05  3.287674316986062e+05
  1.263423190853312e+09  1.065069714382079e+06  8.966440778873302e+04
  1.264298566268919e+09  9.952185602832893e+05 -1.523453125540058e+06
  1.264736022185720e+09  2.228725924672501e+06 -9.604386117237590e+05
  1.263868841936210e+09  4.534950242847050e+06 -4.580228267325590e+05
  1.261323517281482e+09  4.677052362766952e+05 -3.624974274558685e+05
  1.264369367204998e+09 -1.134519539487119e+06  5.999302938559546e+04
  1.263319070446521e+09 -3.270393807726339e+06  9.514712621241775e+05
  1.265213711890400e+09  2.017185567014128e+06  1.047041677997207e+06
  1.263890228890093e+09  1.397477675565637e+06 -2.301474832756055e+06
  1.264850554655093e+09  4.262620582470706e+05 -1.829500694835814e+06
  1.263012377916357e+09  1.182674719987429e+06 -1.468095470678237e+06
  1.259343227139179e+09 -1.692392053015949e+06 -1.466469696507373e+06
  1.261771768015277e+09  8.914810825676732e+05 -2.309964424321639e+05
  1.265989286636906e+09  1.783869105647651e+06  4.400304692006290e+05
  1.259398866602335e+09 -2.766552831744738e+05 -8.936580847395019e+04
  1.263854395362372e+09  1.113381123269048e+06  2.097432936902296e+05
  1.261983078611045e+09 -7.690696674982447e+05  1.967681526541326e+06
  1.264844626352135e+09  2.022173928109923e+06  3.711139698311561e+06
  1.266877132599080e+09  4.059820636709595e+06  3.211130440568702e+06
  1.262191188703401e+09  2.497241155607840e+06  1.425759824861615e+06
  1.263572461430587e+09  1.660959852384358e+06  1.338695436136945e+06
  1.265427291389254e+09 -2.553034439993250e+06  2.135221267402777e+06
  1.264456144777987e+09 -7.802798270715014e+05  1.081131551344962e+06
  1.261128895668775e+09  2.147496187760924e+06 -1.117217761874407e+06
  1.264202171078980e+09 -1.098500947311963e+06  5.271832518447090e+05
  1.263573335754359e+09  2.557029911075267e+06  2.647135758036700e+06
  1.259610726061347e+09  2.069319904060601e+06  4.756081905244451e+06
  1.263328818878698e+09 -3.567923626948504e+05  2.905710572677115e+06
  1.264328841953026e+09  4.356412718800168e+06  1.203654626261976e+06
  1.261100576103741e+09 -1.831580719804492e+06  9.941168649859843e+04
  1.261400324585549e+09 -3.153571410590210e+06 -7.898202397458627e+05
  1.261196923983302e+09 -2.922703361737509e+06 -1.476708240460434e+06
  1.262575172074272e+09  9.661236598083582e+05 -6.857023193546543e+05
  1.261273103715206e+09 -1.714974358070813e+05 -9.049566507620604e+05
  1.266960505576934e+09 -1.901334861375441e+06 -4.399189377910472e+06
  1.262311050351415e+09 -1.890723111154892e+06 -4.020936302019526e+06
  1.262183907466172e+09 -3.113836144165702e+06 -1.032850511174648e+06
  1.262555330879284e+09  6.435692241248360e+04  5.020097929772704e+05
  1.261091155587804e+09 -3.852656404069673e+06  2.011808667652142e+06
  1.267140306918669e+09 -1.830053170906341e+06  1.839499385870336e+06
  1.261382491447529e+09 -5.876162494219629e+05  2.207909327408721e+06
  1.262773381229227e+09  1.742782262642666e+06  1.044611370055606e+06
  1.264532195018764e+09 -4.850412055358092e+05  7.542712668326745e+05
  1.262466678602139e+09 -2.455993276456979e+06 -2.463286953024731e+05
  1.263175905105731e+09  4.041721127370017e+06 -2.037064772121708e+06
  1.265761498020887e+09 -1.154954846235698e+06 -1.104483612141934e+06
  1.261294968933440e+09 -2.451224110714293e+06  5.406621248855406e+05
  1.261302445269335e+09 -1.143660199318479e+06 -1.524957295894920e+06
  1.266691050896582e+09 -2.039161737436261e+05 -3.124637032556625e+06
  1.259570924651799e+09 -6.148806895628623e+05 -1.396152410332019e+06
  1.262658241375179e+09 -2.002035898706634e+06 -1.264094822933980e+06
  1.262491700760398e+09  1.113481486209149e+06  1.517494095769008e+05
  1.266678022089358e+09 -1.688040057665297e+06  4.103110973527817e+06
  1.262562810939111e+09  1.675306273287564e+06  3.632529606554007e+06
  1.262969455004050e+09 -4.434886366277983e+06  3.810137750484142e+04
  1.262389110071879e+09 -2.675241232373945e+06  6.612900700326611e+05
  1.264583586535000e+09  3.648433721744801e+05  1.282319293989581e+06
  1.264019861122069e+09 -1.848728678010760e+06 -3.134156536286519e+05
  1.263821932486784e+09 -2.120549300031138e+06 -6.589189942894530e+05
  1.263117006554661e+09 -1.356261549623408e+06  1.875855423552808e+06
  1.261581496029315e+09  3.486306388359987e+06  3.260709625799034e+06
  1.261125442426398e+09 -5.051180893646337e+05  3.827151651539051e+06
  1.259441816133469e+09 -1.677990187872157e+06  3.478813037772088e+06
  1.259303296862734e+09  4.039592308528427e+05  2.672307012621066e+06
  1.262435549791602e+09 -2.283682289181198e+06  1.588184872409005e+06
  1.265717302698396e+09 -1.941587854551493e+06 -1.880598093099633e+04
  1.260898337341910e+09 -6.901137926271771e+05  1.542120736598215e+06
  1.261364789373782e+09  2.125243186862716e+06  2.448766238906993e+06
  1.262030042392970e+09  1.278323999700438e+06 -3.350437185082445e+05
  1.265165050906129e+09  6.169618753037129e+05 -2.001075650243145e+06
  1.264960983145576e+09 -3.144103198057690e+06 -2.388420275291722e+06
  1.262373552363591e+09 -9.533784998683226e+05 -7.210184633388208e+05
  1.262203890779255e+09 -1.038612261102863e+06  7.334978746046708e+05
  1.265299648902823e+09 -2.296409805025621e+06 -1.383326453341905e+06
  1.263708138625055e+09 -3.184571088508445e+06 -5.191823793317401e+05
  1.265702093300668e+09  3.872937038556918e+05  1.828444224328172e+06
  1.258475918036722e+09  2.461943156170526e+06  9.644424174414265e+05
  1.261357944141922e+09  1.262698738458825e+06 -1.439408737977662e+06
  1.264439228281919e+09 -1.636889618641067e+06 -7.499757336531340e+05
  1.264630963702907e+09 -4.902407190999908e+05  6.844424572735481e+05
  1.261839162695814e+09 -1.911582883599454e+06  4.307446828741914e+05
  1.262603027502068e+09 -2.436847890429771e+06 -1.789586106345328e+06
  1.257837705618693e+09  1.656777877709575e+05 -4.168711115147789e+06
  1.264578743148819e+09  1.062650467223174e+06 -3.904122886867038e+06
  1.262676356519543e+09  8.706411197999811e+05 -3.792376548517196e+06
  1.262796859679866e+09 -1.106595826406964e+06 -4.777306425072985e+06
  1.263286131817058e+09 -1.577904419062704e+06 -1.746239796577189e+06
  1.261220445858652e+09  1.360623404732598e+04  1.933063329697847e+06
  1.262515982692733e+09 -7.892585154342253e+05 -1.248614698949755e+06
  1.261677431522040e+09 -5.230566507822247e+05 -2.713117768907819e+06
  1.260288109010031e+09 -3.840419291229860e+06 -7.537902507077787e+05
  1.263648554478470e+09  1.873397881079789e+05  7.422092676914250e+05
  1.263936427966022e+09  6.796021972340303e+05  8.771522926779746e+05
  1.265686390140257e+09  2.360424415021269e+06  3.143616913630901e+05
  1.265312580674796e+09 -4.217217811771935e+05  9.224541214071971e+05
  1.264254549335745e+09  1.797299074525434e+05  1.034435683569997e+06
  1.265725782111970e+09 -1.896758573677376e+06 -1.113563861432364e+06
  1.263606896363696e+09 -6.814686857461758e+05 -1.063948769378281e+06
  1.263123381639122e+09  7.114489991160041e+05  1.365135260522585e+06
  1.261997582707435e+09 -2.122881291433296e+06  1.562349087437124e+06
  1.266661108052804e+09 -2.537717634073797e+06 -1.225495226456848e+05
  1.267282285239628e+09  2.739439283890869e+05 -9.195958277220998e+05
  1.261918454066928e+09 -1.110122646022091e+05  1.071434430354366e+05
  1.261543765706550e+09  1.648404162987303e+06  1.076673419853396e+06
  1.259378441090784e+09  1.612259066612521e+06 -8.200483780149580e+05
  1.259643490600137e+09  1.661725337492942e+05 -1.063856576780983e+06
  1.264579687650639e+09 -1.963394162274938e+06  9.684844372540266e+05
  1.262357935482972e+09 -5.842521902829092e+05 -7.569842097633507e+04
  1.263962084056332e+09  2.384760564559847e+05 -1.116280304874173e+06
  1.265257770660558e+09  1.738370152837131e+06  3.489491428259100e+05
  1.265566466020115e+09  1.094487019456724e+05  1.628856899015251e+05
  1.261762828692115e+09  8.527992039467068e+05 -1.585764865854179e+06
  1.264200865327530e+09 -3.309824446726090e+06 -1.795328410190811e+06
  1.265405542643915e+09 -2.018844744846434e+06  5.112516800353959e+05
  1.263523127235590e+09 -5.986470210746524e+05  2.180967023165718e+06
  1.260198357873097e+09 -2.801765910785423e+06  5.578551729988882e+05
  1.262944414418258e+09 -4.022054656212028e+06 -2.622405593888889e+06
  1.262534742506647e+09  1.825889017604235e+06 -3.917676545709241e+06
  1.260419400507833e+09 -3.873294507596892e+04 -9.542883121685944e+05
  1.267199839712217e+09  1.866128856232590e+06  1.228926564644675e+06
  1.261797247175536e+09  6.759674521129166e+05  3.698934165135126e+05
  1.262003849034298e+09  5.876128159417260e+05  1.054000669945199e+06
  1.261121710686935e+09  4.467359213051422e+05 -2.440677981268760e+04
  1.264822882723594e+09  1.044088067930436e+05  2.975564428380645e+05
  1.264435649027254e+09  1.036718994793703e+06  1.462828287027843e+05
  1.261554987073416e+09 -7.187407344725663e+05 -1.921266333420823e+06
  1.263716375251930e+09  4.043589958659587e+05 -1.863860508977016e+06
  1.268271290326141e+09 -4.133466511500613e+05 -1.284847084786474e+06
  1.262863798789321e+09 -4.184835110435596e+06 -1.761569270133611e+06
  1.264359076394439e+09 -3.677071882593178e+06 -5.136434419435663e+05
  1.261739682617139e+09 -2.973152340163814e+06  2.013187672061632e+06
  1.261866063194333e+09  5.493386852489866e+04  2.068925047942323e+06
  1.266301512722568e+09 -2.975289386001970e+06  2.771814093017871e+05
  1.262250119103458e+09  1.437157648130224e+06  1.241970580078370e+06
  1.264586872881007e+09 -1.276619257050871e+06  2.344833528193323e+06
  1.262051423219189e+09 -4.947070997877567e+05  5.588464151953808e+05
  1.262092036138262e+09 -1.520309476624333e+06 -1.164708615033399e+06
  1.262431368074706e+09  1.832781293203637e+06  2.544611459254469e+06
  1.265302320815707e+09  1.040497620931975e+06  3.822009780672345e+06
  1.263506099380034e+09  1.770018686225447e+06  3.241047791124893e+06
  1.261030122305770e+09  1.432885222433392e+06  3.414904982424667e+06
  1.262692463278467e+09 -2.683216746675829e+06  3.372658047537384e+06
  1.261880572012239e+09  7.112534786756565e+05  1.476222122935568e+06
  1.261157914614796e+09 -4.758471543839115e+05 -8.449765690902187e+04
  1.260544566377069e+09 -3.178635889261362e+06  4.083423494337852e+05
  1.261642880165220e+09 -1.479611603123288e+06  1.817883426627302e+06
  1.261954983799105e+09 -3.188795128677788e+06  2.736177452357225e+06
  1.261323241495352e+09  2.294923282182227e+06  3.064408537143852e+06
  1.261472616757652e+09 -7.463745688983933e+05  3.433470315900350e+06
  1.262413279623384e+09  6.707413010785822e+05  1.578941930986708e+06
  1.262248186157468e+09 -1.592672211693982e+06 -2.868736486165836e+06
  1.262975762689254e+09  4.259383275799328e+05 -4.277371633241091e+06
  1.264045879351760e+09  1.435464409975682e+05  9.672916766976696e+05
  1.264212252091693e+09  2.461503930325118e+06  2.134388399069938e+06
  1.264009268927237e+09  1.236513125908184e+06  1.084144992311547e+06
  1.263143171603187e+09  2.023398503516982e+06 -1.000282269576052e+06
  1.264083165106223e+09  2.287926827180238e+06 -2.260138027887225e+06
  1.263441644596454e+09 -2.469978779828843e+06 -1.382484840943803e+06
  1.263267759314946e+09  5.299973924726729e+05  6.959888838675168e+05
  1.263609227536698e+09  2.186235349050438e+05 -6.181866250134463e+05
  1.263184812072697e+09  1.564724421745102e+06 -1.529454342079147e+06
  1.263415514470324e+09  1.550974887090499e+05 -1.738703194335952e+05
  1.265277353500853e+09 -2.129271920389501e+06 -1.367437983155665e+06
  1.262953922256865e+09  1.797991288323835e+06 -1.587694721775092e+06
  1.264796056025175e+09  6.942280330041707e+05 -8.267309591742335e+05
  1.261781222174103e+09 -6.199717504710400e+05 -8.518292481313122e+05
  1.262449274028764e+09 -2.634568341414481e+06 -9.999843307639048e+05
  1.263709221299569e+09  1.561522036472190e+06 -7.563604643790983e+05
  1.259521224519747e+09  1.899340186159518e+06 -1.352162754892840e+06
  1.262441279198226e+09  1.905824394724887e+06  1.566131599668392e+05
  1.264922244601028e+09  7.227713648462694e+05  9.411183725894219e+04
  1.264334143450349e+09  1.659079438654182e+06 -1.403204108416460e+06
  1.260522744013556e+09  2.735437261077934e+06 -2.385308557377592e+06
  1.260094070330224e+09 -3.830318112501850e+06 -2.956817929271047e+06
  1.265416949990049e+09  8.368602282016459e+05 -1.719294760469234e+06
  1.263162700696881e+09  4.506900637240827e+05 -2.465534214080960e+05
  1.260207700161775e+09  5.520549428659189e+06 -9.111113269336511e+05
  1.259843938047836e+09 -8.650973344955835e+04 -1.426847469066042e+05
  1.264697967829793e+09 -1.411593748800490e+06  1.537320271976762e+06
  1.259332959221143e+09 -5.510279175722570e+05 -4.677493742769920e+05
  1.263829132906125e+09  1.493460373795802e+06 -2.457534954139310e+06
  1.263664051039269e+09  9.382390859598743e+05  1.055310521055481e+05
  1.263661579119716e+09 -3.508687264457086e+06  1.689082202149812e+06
  1.261669258060187e+09 -9.473226541694194e+05 -5.500326742200153e+05
  1.266068959503844e+09  1.440609016319289e+06 -7.487777511456485e+05
  1.260734116658352e+09  1.349830231852431e+06  3.696641016938123e+05
  1.264703650372906e+09 -5.234328505744586e+04  1.792401969798768e+06
  1.262513707042683e+09  2.393647838582856e+06  2.963486071511960e+06
  1.262287779604881e+09  1.968790233658654e+06  2.545852427183478e+06
  1.264501873485676e+09 -3.405050348936410e+06  1.036644236047134e+06
  1.266475330355170e+09  3.615098966857723e+05 -1.796815844791973e+05
  1.261767917999539e+09  1.326748633764077e+06 -1.249908324668379e+06
  1.264270249097095e+09  3.458533941710227e+06 -1.138501758520168e+06
  1.261822025056715e+09  2.165421573789361e+04 -1.043871173401401e+06
  1.262809837571968e+09  8.697029054781157e+05 -2.104725826582342e+06
  1.260852669836597e+09 -1.128351943964179e+06 -1.697720000594236e+06
  1.260320639307220e+09  2.205940652216808e+06 -2.991523259305260e+05
  1.262558587593552e+09  1.755180858139477e+06  5.433863249435183e+05
  1.263059710196761e+09 -2.015394340611683e+06  1.907208630417919e+06
  1.265814733702321e+09 -2.451135028994082e+06  8.529425452091977e+05
  1.259804980553965e+09  2.356581844342947e+06 -1.684550620419439e+06
  1.263623540012517e+09  1.102531434026620e+06 -1.359061377433644e+06
  1.264414679160630e+09  1.916057106703924e+04  6.966511983432400e+05
  1.262843873245883e+09  3.055269582361784e+06 -1.811132438326322e+05
  1.260239594896875e+09  8.609113751070892e+05 -1.833887446971883e+06
  1.260719998150013e+09 -3.994643926905139e+05 -1.307346276520226e+06
  1.264429970735929e+09 -6.775809284837276e+05 -2.356574187419192e+06
  1.262455871567598e+09  9.578801687714786e+05 -1.838982699167045e+06
  1.262554055635547e+09  6.219796081684554e+05  9.689249269855813e+05
  1.261114716389756e+09  3.941739513168456e+04  2.551686954751414e+06
  1.266831446579832e+09  2.404636322319045e+06  1.484397026778066e+06
  1.262432808884005e+09 -3.854331554421768e+05 -4.635163203608186e+05
  1.259781814893549e+09  2.304774674566884e+06 -1.391152522321596e+06
  1.264503759580556e+09 -1.305637507996135e+06 -2.585152593219354e+06
  1.262420983796196e+09 -2.284979564485137e+06 -2.453120395376219e+06
  1.260571643379886e+09 -2.048528201595425e+06 -1.385826464617923e+06
  1.261854277720289e+09  5.230879622741254e+06  2.192472891979218e+06
  1.266500982908310e+09  2.183575364024877e+06  1.976379831284762e+06
  1.260154208552675e+09  3.803178652993589e+05 -3.187425524997004e+06
  1.263064535054027e+09  2.735374745207521e+06 -5.601249951109342e+06
  1.262452363700339e+09  4.930450235838507e+03 -2.642330370669548e+06
  1.263940722628383e+09  2.300420218064681e+05  4.224426532059541e+05
  1.260245632139713e+09 -4.243215130784046e+05  2.022337577185061e+06
  1.262457085224710e+09 -2.515502056932746e+04  1.175303666054912e+06
  1.263688560127370e+09  5.732462346044598e+05 -1.739715863357480e+06
  1.264458904666783e+09 -4.932207906719197e+05 -2.624902611392246e+06
  1.262375868934067e+09 -8.902035697288613e+04 -1.512412418153336e+06
  1.265607617284524e+09  6.226133528513549e+05 -1.111451813502966e+05
  1.262425792908726e+09  1.458283955501676e+06  3.407823005600098e+05
  1.261403626457359e+09 -6.914809565580729e+05 -6.182483626126436e+05
  1.264374577708530e+09 -5.379467697437918e+06 -1.057313461949003e+06
  1.262870239268677e+09 -1.862429863179952e+06 -2.021849134847969e+05
  1.262667875943890e+09  4.533366718074651e+06  1.785901597225056e+06
  1.265590813004629e+09  2.758008920975916e+06  2.111495455774896e+06
  1.263414720254622e+09 -6.430358643293895e+05 -4.297474554583023e+04
  1.264322886407792e+09  2.446813820229433e+06 -2.199046291466753e+06
  1.263065972365471e+09 -2.433809410461172e+05 -1.620558581960513e+06
  1.262514723439719e+09 -5.236483054821781e+05  1.518464705247686e+06
  1.268199945812993e+09 -4.169185540791201e+05  7.629609943671450e+05
  1.262233041333884e+09  1.008451687176020e+06 -2.536204537912535e+06
  1.263120821637633e+09  8.997229244916040e+05 -2.732897490396248e+05
  1.266264607052126e+09  5.770495181320177e+03  4.117428723488597e+06
  1.264821619423335e+09 -2.641240962181170e+06  3.965723433015328e+06
  1.263258144607153e+09  1.664118398531223e+06  2.834544058566776e+05
  1.260230826520500e+09 -2.206431892524115e+06  1.979059643974153e+05
  1.264924619408874e+09  5.309456039276707e+04  2.953959618611145e+06
  1.260795116056224e+09 -6.051976075023726e+06  1.828977137587570e+06
  1.263264763885713e+09 -1.208575150364393e+06  3.550939704475075e+05
  1.264371205241851e+09  2.554381295064005e+06 -2.360986404781738e+06
  1.263646588073312e+09  9.705549999074994e+05 -9.954427572015163e+05
  1.263742056087415e+09  2.453414789251939e+05 -4.577540727451276e+05
  1.265408755762616e+09  2.520869302390200e+06 -1.087202445016273e+05
  1.263080466805444e+09  1.183658114191081e+06 -4.866136444669934e+05
  1.266618961004853e+09  2.074184639423664e+05 -3.997938941340665e+05
  1.261860608449559e+09 -1.003109066840074e+06 -1.753596486518836e+06
  1.262969017646655e+09  1.406435235043401e+06 -3.733448454023767e+06
  1.264805424835683e+09  5.799023159845431e+05 -3.013713443245396e+06
  1.263523361596719e+09  1.967172037449566e+06 -1.216165744823097e+06
  1.265040384138072e+09 -2.213838956286116e+06  1.000674704494589e+06
  1.262045507536254e+09  5.313684435646232e+05 -1.382241431635127e+05
  1.261796001942048e+09 -5.616720601684491e+06 -2.817084562941965e+06
  1.263630200848804e+09 -4.005763064656758e+06 -2.198782054394876e+06
  1.261967379047848e+09 -3.361977127885879e+06 -1.618989546811691e+06
  1.263088790808320e+09 -3.384386642626270e+05 -2.717486164775926e+06
  1.263549524508807e+09  1.267457908623090e+06 -8.221977245274459e+05
  1.263258981991449e+09  5.266308900355793e+05 -4.125013639175086e+06
  1.260906481824033e+09  2.858529182982942e+06 -4.366208175536931e+06
  1.261476276313157e+09  1.973755307693949e+06 -1.850019393828203e+06
  1.262557092129054e+09  3.476352666883827e+06 -6.829518491677813e+05
  1.264754489923815e+09 -5.420502593475934e+05 -1.553080587465155e+06
  1.260304027449557e+09 -1.859796871440853e+06 -1.294329476186123e+06
  1.263488078207777e+09 -9.857815422533633e+05  6.261575673243363e+04
  1.262556541725576e+09  3.389620325704321e+05 -1.366605789745172e+06
  1.264683167100976e+09  1.770583863626312e+06 -3.271017716961212e+06
  1.265054510468045e+09 -1.143581673869877e+06 -9.022146398176906e+05
  1.259870142909366e+09 -2.406752856770190e+06  1.972952533930029e+05
  1.260231623829967e+09 -4.612762118366219e+06 -8.434525101994118e+05
  1.261815569932336e+09 -3.920651443229176e+06  6.361167168478507e+05
  1.260195019251544e+09 -2.285959785055270e+06  2.778153324312984e+06
  1.262355717034826e+09 -1.462223068947171e+05  2.403296769587989e+06
  1.266675323865407e+09 -2.180080595133296e+06  2.163662305124112e+06
  1.263901189870821e+09  1.324723941123445e+06  2.591958796445231e+06
  1.262295158950893e+09  2.258625215240306e+06 -1.440362839958488e+06
  1.265232788501985e+09  3.175980895420593e+06 -1.934314328436811e+06
  1.262461112736513e+09  4.287270635584832e+06  3.749839620216580e+05
  1.262481847294188e+09  1.589043277112636e+06  1.773965887479681e+06
  1.265106303098503e+09 -1.947470765000432e+06  1.084169252621204e+06
  1.262335782723385e+09 -1.953148937917979e+06 -2.338339805543316e+06
  1.260556903140018e+09  8.717183016624551e+05 -5.362071926588612e+06
  1.262076839447714e+09 -2.897437748999143e+06 -4.156687973326259e+06
  1.267115098591717e+09 -2.194628197105419e+06 -7.033299212730961e+05
  1.262321897980983e+09 -4.007659425461265e+06  1.693863608688676e+06
  1.263067208267694e+09 -1.596010566091329e+06  2.509383222724097e+06
  1.262196370934292e+09  2.451140376988545e+06 -7.514404920208640e+04
  1.259899999692432e+09 -3.001081954420078e+06 -4.210140489642345e+06
  1.265972939853633e+09 -1.665190125672768e+06 -3.139008571075339e+06
  1.262185566274014e+09 -2.917211489904741e+06  2.453604048934386e+06
  1.261961248623599e+09 -1.017206095885285e+06  3.585499220585630e+05
  1.265636301414746e+09  9.706488396817851e+05 -2.686859433816988e+06
  1.263782613874013e+09  1.202492801443375e+06 -3.958093204821203e+06
  1.264166176301862e+09  4.202308196149286e+06 -4.818001538272730e+06
  1.264849338400188e+09 -2.024528145188394e+05 -4.901601109464649e+06
  1.261661585313684e+09 -1.025348256945206e+06 -3.092267001092949e+06
  1.258908071991798e+09  2.386065912478899e+05 -9.606801383020567e+05
  1.265558144675431e+09  1.734695543227831e+06 -6.086336246082538e+05
  1.261665390251672e+09 -6.692525307408561e+05  3.682390180082720e+05
  1.263233649481733e+09 -3.086692877441659e+06  1.246931469474128e+06
  1.260856318211318e+09 -5.451398328690430e+05 -3.151117662473409e+05
  1.264828993040806e+09  1.402106052910638e+06 -7.900276703188267e+05
  1.262392291784979e+09  2.097121033012258e+06  3.887360540976677e+05
  1.262841901690402e+09 -2.745914797540425e+06 -7.153770492227229e+05
  1.263346235759747e+09 -2.082966120571587e+06  9.330425749117509e+03
  1.264357055021688e+09  6.993032418131562e+05  7.746809248405281e+05
  1.262918308407901e+09  4.617153391257138e+05  2.475308801879536e+06
  1.260610124559786e+09  4.912882364790653e+05  2.487124339032523e+06
  1.263402128582157e+09 -6.586831197376638e+05 -4.805565370177932e+05
  1.264905303761070e+09 -5.404428042546208e+05 -1.928126027266094e+06
  1.262539452581532e+09 -3.139464564767316e+05 -2.501256555594239e+06
  1.261032017972525e+09 -7.433071000146271e+04 -2.489791799079080e+06
  1.260796531003550e+09  8.574560706049553e+04 -8.193368703634583e+05
  1.262417146858855e+09  2.766143604084681e+06  4.514838187283463e+04
  1.263775068644001e+09  6.700972469694500e+05  7.601340131971114e+05
  1.262065274673053e+09 -9.697513861434562e+05  1.488733528672135e+06
  1.265003511292190e+09  3.637679699840033e+05  3.380629743590412e+05
  1.263042906162680e+09  2.848352481060301e+06 -1.844577760954999e+06
  1.261579953967423e+09  1.699906623356427e+06 -1.830307267433540e+06
  1.265612929933737e+09 -2.472052836371958e+04 -2.416978045612823e+05
  1.264469682435276e+09 -2.199666899785365e+06  3.494452235310286e+05
  1.262736399276747e+09  1.886790134899206e+06  1.789689493133334e+06
  1.260419338922646e+09  2.090830175585902e+06  3.634198633894831e+06
  1.264362045473851e+09  8.056847920436203e+05  4.138895180649829e+06
  1.266337935266673e+09 -7.837540709677583e+04  2.255594158401461e+06
  1.262668235227157e+09 -2.407716913799168e+06 -1.410249034441966e+06
  1.264444181677932e+09  5.495209252697343e+05 -2.204710358605930e+06
  1.266770887897363e+09 -1.320144744288142e+05 -8.397672588034830e+05
  1.263214144694160e+09 -1.996373648601638e+06 -1.444479280007103e+05
  1.262550329685838e+09  2.930533639800766e+06 -5.540320475638215e+05
  1.261552789929862e+09  1.525532352405355e+06 -1.592638815498993e+06
  1.259435389970483e+09  1.707919922433072e+05 -1.301575089900414e+06
  1.265512864940468e+09 -2.642953062890360e+06  6.775227271720495e+05
  1.263476705520438e+09  2.456141097772001e+06  2.540984436319853e+06
  1.263522490714890e+09  1.148441428859349e+05  3.340138530913012e+06
  1.260759446654702e+09  2.582558806785646e+06  1.510998129758040e+06
  1.261862301334339e+09  2.318230889237981e+05 -9.071313912525971e+04
  1.259644431216171e+09 -2.646486404425392e+05 -1.034306342181403e+06
  1.261943159968308e+09  6.141360326211710e+05 -3.361047027648323e+06
  1.260542001900856e+09  3.792884329304877e+05 -2.804308587461648e+06
  1.264835815458086e+09  3.688049806994317e+05 -2.975096582881359e+06
  1.263223806872306e+09 -8.370684413023095e+05 -3.856213178511968e+06
  1.267365367910378e+09 -2.956172306523329e+05 -2.437833133791649e+06
  1.266981046025226e+09 -2.201571715916418e+06 -1.531632876473526e+06
  1.261079604385963e+09 -6.612563058559425e+05 -1.735094944276892e+06
  1.266838229104721e+09  8.589191317425806e+05 -1.032811082742689e+05
  1.261728177562956e+09  2.308574463696720e+06  1.572342041666604e+06
  1.264111887710832e+09  5.352561548689101e+05  1.274346939984909e+06
  1.261779132497259e+09 -1.964815440666572e+06 -1.071526961509435e+06
  1.262948928734097e+09  1.274058400826928e+06 -3.404185511279599e+06
  1.264109885874453e+09  1.647204355331315e+06 -3.538774357618861e+06
  1.259748516840110e+09  1.201031873014710e+06 -1.621986221963636e+06
  1.262520034309002e+09  1.998506687783893e+06  4.654640798978406e+05
  1.260028781953570e+09  4.865625761424149e+05 -2.057912420371920e+06
  1.259826359643616e+09 -1.525161564229741e+06  2.191895123642680e+06
  1.263627420641848e+09 -3.908349216808892e+05  3.420937631560032e+06
  1.261325363309373e+09  1.952982469221363e+04  1.743631378324130e+06
  1.263530967716675e+09 -2.396490530997266e+05  8.859977149182893e+04
  1.265998529882091e+09 -1.234011541448759e+06 -1.884905783729737e+06
  1.261945473976005e+09 -4.451438416738714e+06 -3.283787602098580e+06
  1.261928487229554e+09  1.844835541631311e+06 -2.894222463487654e+06
  1.265057295072886e+09 -8.693294202632925e+05 -1.746357237116699e+06
  1.264417123364613e+09  1.211083289057581e+06  5.762696429521644e+05
  1.263789433015906e+09  2.310144047700332e+06  1.119085023537835e+06
  1.262089357572100e+09  9.235929019347948e+05 -1.443708531790249e+06
  1.261569971342435e+09 -2.888851231686535e+05 -2.092413774034914e+06
  1.262842970314301e+09  3.563947830396502e+06 -4.768545614861660e+05
  1.260211785944797e+09 -4.699591613679945e+05 -1.826264152123380e+06
  1.265564342205919e+09  2.270690300170108e+06 -4.190217563579751e+06
  1.259860583097901e+09  1.485947813449036e+06  1.291146356978592e+06
  1.259226765914165e+09 -2.443095905616785e+06 -6.080133153164454e+05
  1.263217950818257e+09  2.740133003265978e+05 -2.153992721539519e+06
  1.262439164512362e+09  4.532295102787517e+05 -1.508267280543901e+06
  1.264197324340433e+09  1.485127003132013e+05  8.274880393495085e+04
  1.261149433143049e+09  4.004325099692855e+05  6.484622000184034e+05
  1.265130043306597e+09 -4.223516082451528e+06 -8.657695067594335e+05
  1.264825916875883e+09  4.082611356540720e+06 -9.165220981809985e+05
  1.262847996815608e+09 -1.048282671470869e+06 -4.350670072857953e+05
  1.262553838365395e+09  1.156843593320739e+06 -3.001094534347606e+06
  1.262309728671199e+09  1.992944269610072e+06 -3.248762970312487e+06
  1.262170315877959e+09  4.066253141908289e+05 -2.313257224266314e+05
  1.266996726236065e+09 -1.977720217490498e+06 -4.906769797428523e+05
  1.262712483035001e+09  1.937636255759846e+06 -3.420690520908350e+06
  1.265329515866098e+09 -2.938626420919677e+05 -2.549294682354594e+06
  1.262006803331142e+09  1.209452226789525e+06  6.677825646231605e+05
  1.262636498068954e+09  8.763293778823242e+05 -3.802693521592217e+05
  1.260941241930974e+09 -1.583818933682031e+06  1.878989774445620e+05
  1.266712890874627e+09 -4.471934732442995e+05  6.520655692391922e+05
  1.265226746189469e+09  1.093491007726661e+06  1.498055898489379e+06
  1.260620965304625e+09 -1.405216285367118e+04  1.275771885569672e+06
  1.261109030301230e+09  1.532587584410879e+06  9.557923962114769e+04
  1.263517681133817e+09 -1.984287283071697e+06 -2.143482720448528e+06
  1.264297344179670e+09  3.101019091070991e+06 -3.353698411785503e+06
  1.262939995802929e+09 -1.079348823796486e+06 -3.524705889532105e+05
  1.262072293565230e+09  2.571615024314539e+06  3.051512776801622e+06
  1.265221573545178e+09  1.522878129529235e+06  1.705147879944547e+06
  1.263575149706433e+09  2.587914813437939e+05 -8.583152114121736e+05
  1.260787029662637e+09 -5.449887368170035e+05  7.890534131667803e+05
  1.263446409912457e+09 -1.670552499528488e+05  4.157340000771562e+06
  1.262632240064273e+09 -7.007276616547672e+05  2.665866597556176e+06
  1.260293189970263e+09 -2.484876196240317e+06 -5.666905860158949e+05
  1.265355277829952e+09  1.251998893121752e+06  2.729986021748785e+06
  1.263953654521112e+09 -1.133843928090920e+06  1.299520425349778e+06
  1.264140586942181e+09 -9.413866983200426e+05 -7.811091382677860e+05
  1.261426399903605e+09  1.204340452313567e+06 -2.787877966345364e+06
  1.263595666690280e+09  7.166949424432560e+05 -3.393516314515100e+06
  1.261586259519284e+09  4.551461397219307e+05 -1.553071373762032e+06
  1.265117937425731e+09  7.684125503113043e+05  8.737118898699025e+05
  1.261183219169655e+09 -1.048690296276926e+06  1.828459495945495e+05
  1.259595465466229e+09 -2.339174205568241e+06 -1.388812263371092e+06
  1.264501104007600e+09  4.046269594371685e+06 -2.248398563185831e+06
  1.263145552647111e+09  1.934084068544918e+06 -2.426021433852304e+06
  1.265078971558182e+09  2.003693306280964e+04 -1.422015629599222e+06
  1.263468762735131e+09  2.270185150547197e+06 -1.045737219471382e+06
  1.261858569999880e+09 -1.389790416864996e+06 -8.736521676964309e+05
  1.261893364348878e+09 -5.821347118586350e+05  2.011533165308139e+06
  1.263688112866207e+09 -3.534995429158033e+06  3.982684033094386e+06
  1.258872788058551e+09  5.133679463715309e+05  1.847130261951268e+05
  1.262529665255260e+09 -1.044111476003684e+06  6.041000326984606e+05
  1.263049072871998e+09 -3.158394300789581e+04  9.761082445532451e+05
  1.264919282214751e+09 -5.708389133824978e+05 -8.823082586456698e+05
  1.259459811208088e+09  2.476248219832878e+06 -6.501845295398147e+05
  1.261828138367490e+09 -1.381676154649105e+06  6.118610191098596e+05
  1.265757839234646e+09  3.365869195691152e+06 -5.143646446010460e+05
  1.260538633885609e+09 -3.504241617811391e+06 -1.100556881915782e+06
  1.262390975848609e+09 -4.882962351300255e+06 -2.358351969841676e+05
  1.261264224724190e+09  3.083737210450425e+06  1.282203512653901e+06
  1.261937361486567e+09  2.329593402777535e+05  2.638398633426099e+06
  1.262007858191089e+09 -2.623980638302428e+06  1.714147720260594e+06
  1.262344741605302e+09  2.582883743340725e+06 -6.758560668864134e+05
  1.263392320584397e+09 -1.461977118618161e+06 -1.878169201939450e+06
  1.263370354162061e+09 -4.184547081249849e+05 -1.802055074024769e+05
  1.263300094008522e+09 -8.897701722505400e+05  1.191496016537576e+06
  1.266329612269647e+09 -8.722734762362377e+05 -7.160312495070032e+05
  1.259953802280600e+09  2.490565338306909e+04  2.422620132381590e+05
  1.263036898494491e+09  2.582470040864305e+05  1.503059241446232e+06
  1.263831081356344e+09 -2.610003638847973e+06 -1.262006762414446e+06
  1.264017461771672e+09  2.388444541197489e+06 -3.867974771412014e+06
  1.263162139697947e+09 -2.911421816191839e+06 -4.406406206468360e+05
  1.265617084711953e+09  2.762468126428705e+06  4.664532897468411e+06
  1.263236151217329e+09 -2.565092198047042e+06  3.522567872519625e+06
  1.264845711153535e+09 -6.254579877423812e+06  9.822783279029792e+05
  1.262887452994252e+09  5.329095837522623e+05  2.198087087554568e+06
  1.265918220182272e+09 -5.611291765629546e+05  9.230395224024922e+05
  1.259228449646166e+09 -3.601481091353543e+06 -3.466520395193916e+06
  1.260713583134430e+09  2.322192381199307e+06 -3.948908557411757e+06
  1.262547207893443e+09 -2.167402111074440e+05 -1.725419721095536e+06
  1.261952245476505e+09 -1.917855224445006e+06  2.809741851826874e+05
  1.264040789141254e+09 -5.178521980745880e+05  7.526401221107926e+05
  1.260329995850737e+09 -3.193582847003441e+04 -1.966130244394816e+05
  1.262705570691788e+09 -3.014300486676024e+05 -1.057918644081506e+06
  1.261941468237936e+09  5.824800398718204e+05 -2.975304461097302e+05
  1.261975569431277e+09 -6.535144960302960e+05  3.128987090622471e+05
  1.261426547141478e+09  4.878212018009422e+05 -8.717836512072498e+05
  1.259314136725535e+09 -1.625153117176126e+06 -2.142806138727921e+06
  1.263633042129634e+09 -1.302639216114458e+06 -3.232642795419980e+06
  1.263467593260392e+09 -9.804103906430692e+05 -3.809137969882109e+06
  1.263115970755085e+09 -3.285808292304695e+06 -1.164800651006827e+06
  1.260614668516037e+09 -1.299945172569459e+05  3.554767866440687e+06
  1.265569365257303e+09 -4.357379789169098e+05  5.127851211211178e+06
  1.260360096773591e+09 -2.349644768990249e+06  4.972207779179074e+06
  1.259466558054455e+09  1.311485692845450e+06  3.228279891133015e+06
  1.266666964451682e+09  9.944637407815782e+04 -6.885471318411239e+05
  1.264828743984948e+09 -1.297786382750885e+06 -1.893737308155844e+06
  1.258220734137023e+09 -1.714137830515143e+06 -4.424412441454560e+05
  1.262176715395695e+09  1.477064684389079e+06 -2.836486476231419e+06
  1.264749296058787e+09 -2.191600480961159e+06 -2.652640569984139e+06
  1.262527715475211e+09  1.725732669111594e+06 -1.071041615130940e+06
  1.260056873684655e+09  2.305764206819466e+06 -2.911527267607141e+05
  1.267127367330995e+09 -7.568275602006811e+05  4.231125517416599e+05
  1.265434621462133e+09  2.290086419609722e+06  1.238145817262382e+06
  1.262588717790692e+09 -1.133294760446857e+06  5.632683973718404e+05
  1.264078025823694e+09 -1.497105648946792e+06 -9.218451179662428e+05
  1.262805960172776e+09  6.934753952019732e+05 -1.168998415240291e+06
  1.266516941935152e+09  7.905818409555921e+04 -1.664632656650457e+06
  1.262126551742217e+09 -5.405777639697280e+05 -2.781127670068338e+06
  1.265248030501324e+09 -1.585220603507786e+06 -2.830778541373570e+06
  1.261886797349007e+09  1.041460179717874e+06 -2.230145203017164e+06
  1.261367567681563e+09 -1.465906610911743e+06 -6.348089648301946e+05
  1.261124228951655e+09  1.669974449528590e+06  1.817262467907247e+06
  1.262762467353545e+09 -1.415248577569079e+06  4.735567976360781e+05
  1.263630347079479e+09  2.155828877899349e+06  1.521966224120962e+06
  1.264823633683726e+09 -1.733258569782028e+06  6.799678124899113e+05
  1.261658563685090e+09  2.204677086163186e+06 -1.197736438817334e+06
  1.263367982798018e+09  1.654502540507575e+06 -8.090147081411784e+05
  1.263445183067639e+09  1.486173266593785e+06 -1.357624239895702e+06
  1.261311602332138e+09  3.494940965879860e+06 -2.058775026398468e+05
  1.268099803232158e+09  1.396828834494934e+06  7.996643598403278e+05
  1.264189079920862e+09 -3.403796608023158e+05 -2.506135035173730e+06
  1.263390676564811e+09  1.607319532906619e+06 -3.790540632341750e+06
  1.265022319616129e+09  2.065544048199086e+06 -1.331985410975946e+06
  1.263733168843871e+09 -9.141366287773645e+05 -1.823358581478772e+05
  1.261140515548374e+09 -9.014680871875350e+05 -3.440141943222166e+05
  1.262066292776871e+09  3.295594529997757e+06  1.720189530847058e+06
  1.266375578273162e+09 -3.842541840363722e+06  4.269090300827315e+06
  1.261068494812117e+09  2.172644644302151e+06  3.040721125183366e+06
  1.262022347472782e+09 -4.569613149783686e+05  8.022728087256179e+05
  1.264700276363488e+09  4.131413986433447e+06  3.940070388270578e+05
  1.262864659016160e+09  7.333645590842024e+05  1.772963817342314e+06
  1.264809172296434e+09  1.912465559149240e+06  3.472192258039715e+05
  1.263536435553863e+09  8.458268090321966e+05  1.549350310282185e+06
  1.261544098950767e+09  4.363594406442944e+06  2.604210509588046e+06
  1.263566105889147e+09  2.018252362882162e+06 -1.422042061318468e+06
  1.260974244880836e+09  1.782495334383211e+05 -4.635834711061661e+06
  1.264200952262834e+09  1.214162319325226e+06 -1.519228885638387e+06
  1.264998231544760e+09  6.240948114661259e+05  2.540852099602577e+06
  1.264777496669656e+09  2.361672744520067e+06  9.384719510020465e+05
  1.263068824350967e+09 -3.891874309435629e+05 -3.245183194160802e+06
  1.262457968278429e+09 -1.429257946178780e+06 -2.498605060747191e+06
  1.263879643919895e+09  3.077082683747164e+06 -7.403297976845186e+05
  1.261596035663238e+09 -3.128027361793311e+06 -1.579596015112671e+06
  1.262544047615847e+09 -1.949659844014237e+05 -2.398632263983098e+06
  1.261442661148435e+09 -2.717222038225482e+05 -2.375005148875955e+06
  1.264225133850407e+09  2.758994312573946e+06 -1.438072046636199e+04
  1.264385070113300e+09  2.504461723334813e+06  5.434319217610299e+05
  1.260269136738101e+09  2.664395299175733e+06  1.775372028698925e+06
  1.262480385080263e+09  2.417972738118579e+06  1.726118194739771e+06
  1.262989779700143e+09  3.779045665601071e+06  1.842448631025624e+05
  1.262707722540476e+09  2.098219358208008e+06 -1.069503010377064e+06
  1.262050658601327e+09 -1.738024206524122e+06 -1.306142724554645e+06
  1.262459795391237e+09 -7.058300102093189e+05 -2.850800040127753e+06
  1.264092251097147e+09  1.721466142442172e+04 -2.315456292386877e+06
  1.261719225448668e+09 -1.400277214701782e+06  2.090463021247937e+06
  1.262940745876261e+09  6.804513684539590e+03  1.431605993355672e+06
  1.260433587635751e+09 -3.917202282969060e+06 -2.292900175848690e+06
  1.259378912731414e+09 -9.547367633651209e+05 -1.391224553077990e+06
  1.261082297322198e+09  1.131637839321571e+06  4.912320562347264e+05
  1.260409609846797e+09 -2.265975462686613e+06  7.828278263388117e+05
  1.263287284388388e+09 -1.270518274047719e+06  5.088044533799781e+05
  1.266211439505070e+09 -6.106423950450158e+06 -2.553698815225832e+06
  1.265219078294345e+09 -3.709449385166076e+05 -1.980647733415111e+06
  1.265492995123503e+09  3.899775393974236e+06  7.191859360678779e+05
  1.267112799471744e+09  1.552398105029844e+06  1.340939457698181e+06
  1.259844371816883e+09 -7.166011096324536e+05  8.136685056161029e+05
  1.263753898779320e+09  3.542904286496905e+06 -2.105779581144087e+05
  1.264073092778555e+09 -7.223088065725918e+05 -1.688987343070100e+06
  1.261036967070380e+09 -4.503044401093538e+06 -9.679817020994988e+05
  1.261833045479222e+09  3.354247029634647e+05 -2.542998658292854e+04
  1.264068617599921e+09 -4.935937771105267e+05  1.171005265339037e+06
  1.265559900403917e+09  3.852619452776151e+06 -1.673961531828579e+05
  1.262810431371088e+09 -1.449066841793359e+06 -3.685839220291322e+06
  1.262364589368510e+09 -9.602730951255672e+05 -2.827367701415347e+06
  1.261573332410577e+09 -2.099428836879333e+06 -1.045633460857154e+06
  1.262268592418525e+09  8.359109225438605e+05 -2.256960559632513e+06
  1.262608642902637e+09 -3.935008339942202e+05 -2.608250765685583e+06
  1.262492647880291e+09 -4.732582351263219e+06  7.191652029365448e+05
  1.261634199738549e+09 -8.121325228369179e+05  1.052589223898845e+06
  1.264024035724751e+09  5.790969506201830e+06 -2.432670535096527e+05
  1.264185808072301e+09  1.827023031498442e+06 -2.044217463531692e+05
  1.265053573856384e+09  2.528573924274899e+05  2.674118224071930e+04
  1.262889211046713e+09 -1.489852997146323e+06 -3.015022805780988e+05
  1.261450620790659e+09  9.970796949503345e+05 -6.084949107043913e+05
  1.257259463088818e+09 -1.176442269950562e+06 -9.383566273023335e+05
  1.262582636468039e+09 -1.195917411932050e+05 -1.541469998558118e+05
  1.262164892052118e+09 -8.959872692049646e+05  1.149449481198965e+06
  1.262176332764363e+09  3.418767722036672e+06  7.380117817589866e+05
  1.259702348965440e+09 -1.188873686013637e+06  6.740479560081272e+05
  1.262380918409425e+09  4.049694708002259e+05  1.821043814812165e+06
  1.264445190653985e+09 -5.197924465846463e+05  2.431973993540620e+06
  1.264270772832750e+09 -6.408517575321812e+04  1.873857766160025e+06
  1.262098574074980e+09 -3.295788727646818e+05  3.091307834244361e+05
  1.265731492980783e+09 -6.537481056895042e+05  3.688749972713459e+06
  1.260149946111256e+09 -1.694723288633384e+06  2.455511315377115e+06
  1.258786382255054e+09  3.741606079998759e+06  2.609742089321278e+06
  1.263803137980690e+09  1.122505160459077e+06  2.339225111614977e+06
  1.267958860437081e+09 -3.348149234518281e+05  2.465463620425979e+06
  1.264562357512545e+09 -2.876018553962254e+06  4.130279941572363e+06
  1.264191015792013e+09  1.707242089721190e+06  4.988618537797651e+06
  1.263072842378638e+09 -1.687624628617424e+06  3.779406369344370e+06
  1.263399814759243e+09 -1.994875916047936e+06  1.955177734544344e+06
  1.262928850945980e+09 -1.445422804917239e+06  3.545092744582258e+05
  1.262905030119990e+09 -9.874457873881811e+05 -9.330567603553545e+05
  1.264955185422292e+09 -1.587482106803503e+05 -7.152077587599651e+05
  1.264638861586317e+09 -1.229133905103688e+06 -4.608662188144398e+05
  1.260317296699248e+09  4.255529708460885e+05  3.186416938851032e+05
  1.263824218217366e+09  1.712102789989196e+05  2.305424648997755e+06
  1.263700834259490e+09  7.447480197213845e+05  3.956887677139227e+06
  1.260622604031348e+09  3.564554736734784e+06  7.290203922214594e+05
  1.259287567718287e+09  4.209462155503111e+05  1.687287737959991e+06
  1.265125544032236e+09  3.143403374580165e+05  2.312723636855931e+06
  1.267993003193141e+09 -1.578884341088499e+06  1.550573067609354e+06
  1.264786296295827e+09  3.318941291582291e+05  4.818965098216106e+05
  1.265632107241997e+09 -2.798688837849291e+05 -6.329873090620661e+05
  1.265205358635949e+09  1.185573713031343e+06 -5.038759483583090e+05
  1.262633907194115e+09 -2.494916516527500e+06  1.559330902311452e+05
  1.264435462354465e+09 -9.041833497238340e+05  9.744672099211159e+05
  1.258296242651363e+09 -9.549945493502943e+05  1.864728332496976e+06
  1.260673916284436e+09 -2.470273194778548e+06  6.777376143826346e+05
  1.263503956798871e+09  2.435574390997522e+04 -1.160984798159711e+06
  1.263967133060108e+09 -2.139296459326596e+06 -2.001180227486056e+06
  1.265287545051560e+09  1.212336495004757e+06 -2.761937662203320e+06
  1.262168967357407e+09  3.134449112943152e+06 -2.668197312644424e+06
  1.264481626407301e+09 -3.186398340339388e+04 -7.000205841594208e+05
  1.258702464746395e+09  4.975785966791863e+06  3.505575819212485e+05
  1.263310447325426e+09  3.310072262203076e+06  2.263222090732875e+06
  1.259808256309252e+09 -1.896838429999416e+06  3.314642714944958e+06
  1.265658663063842e+09 -2.792626382272681e+06  1.163815018937254e+06
  1.262991610366926e+09  2.547128682070951e+06 -1.215277250810515e+06
  1.265420006283894e+09  1.495080810242928e+06 -4.512252855420915e+05
  1.264584431272055e+09  5.890941296147124e+05 -7.090422460664157e+05
  1.261582888663911e+09 -1.623614456315219e+06 -2.237282515475163e+06
  1.266028816713939e+09  1.404076242395972e+06 -1.095228410770455e+06
  1.262065509322257e+09  1.281089688253605e+06  5.854412578326068e+05
  1.264619017560664e+09  5.846709369606454e+05  1.325586894919951e+06
  1.261042467469214e+09  5.938736173052215e+05  1.629456130011037e+06
  1.262592128686231e+09 -1.359309739008165e+06  6.017849516755675e+05
  1.264346915421494e+09  7.148778398174096e+05 -1.074162213610760e+06
  1.260050282882256e+09  4.697058287978379e+06 -1.923230705644344e+06
  1.263299375158236e+09 -5.400512560637643e+05 -1.229470952716498e+06
  1.261079917979864e+09  2.997999668742251e+06  1.008611861328249e+06
  1.262925538621803e+09  3.245941732987264e+06  1.627483042662293e+06
  1.260315685887036e+09 -1.499370129780780e+06  4.115586540823505e+05
  1.260105981875903e+09 -1.131165737050065e+06  1.229220638811736e+06
  1.264140076087201e+09  4.872954431275228e+06  1.524306322460375e+06
  1.266159440446526e+09  2.046436352590950e+06  2.568443244095555e+05
  1.260839532015235e+09  3.478491642239605e+05  1.586718754777121e+06
  1.264505741466358e+09  1.604725619450387e+05  1.180517389235901e+06
  1.264261413126545e+09  5.664881627180063e+05 -1.442717730387090e+06
  1.262999706892933e+09  2.339909611694567e+06 -3.232558455640289e+05
  1.264330316367232e+09  1.701811366155838e+06  2.186758721342850e+06
  1.264927418972789e+09  1.932638609873293e+06  2.461265455630267e+06
  1.261492321660797e+09 -9.407926109520799e+05  2.520350497698905e+06
  1.263171350306588e+09 -1.147464968099947e+06  2.302895887196691e+06
  1.261751747570994e+09  2.032544697659168e+06  1.635872366577965e+05
  1.263955312180821e+09  8.314131623846500e+05 -7.757965744192614e+05
  1.260295657555527e+09  1.755183190608679e+06  1.751827879763424e+06
  1.261242822059377e+09  9.442838237340166e+04  2.249742491374386e+06
  1.265154286964859e+09 -1.001893649227508e+06  1.263755252904187e+06
  1.260797527476483e+09  2.247190845861066e+06 -4.330049690821368e+05
  1.265525202811335e+09  4.862676268891111e+06  5.370144659767335e+04
  1.260953942058362e+09 -2.899479364684913e+05  2.011268527768773e+06
  1.264253843819490e+09  8.156250056579392e+04 -2.720063070109098e+05
  1.263110402709002e+09  1.411791971862997e+06 -1.860837185350531e+06
  1.262559052649424e+09  1.994198019062592e+06  1.304074999931240e+06
  1.261412849002537e+09  1.817387070410232e+06  3.128090171764370e+06
  1.262444630245889e+09 -7.455596014412262e+05  1.841203626119902e+06
  1.260776462921449e+09  2.162636511099830e+06 -7.301547324673622e+05
  1.266368978455444e+09 -8.599778896832862e+05 -2.559425892093748e+06
  1.261625151790388e+09 -1.748636333736274e+06 -3.056656715462640e+06
  1.265641506467412e+09  4.570915727043300e+05 -2.916394011589926e+06
  1.263084301382895e+09  9.333310677441047e+05 -8.417105939229161e+05
  1.262954154889144e+09  3.082832320487570e+06 -2.761135870773607e+06
  1.262434419916422e+09 -7.462156853430772e+05 -1.671693459208586e+06
  1.263497162812893e+09 -4.185276284938772e+05  2.381224437475730e+05
  1.263430540724128e+09  2.481092624943074e+06  3.298373731745784e+06
  1.261056369299075e+09  2.260627046645081e+06  5.052740240897326e+06
  1.262052680607201e+09 -4.241758485265484e+06  2.525898228961334e+06
  1.263420202511718e+09  2.807544988552376e+05 -8.196454946862397e+05
  1.264928282332249e+09  2.636538340424050e+05  1.314672100455072e+05
  1.262513892822188e+09  3.362472783960362e+06  3.009893170345695e+06
  1.267206203901302e+09  1.795519129539352e+06  1.259666015951279e+06
  1.266048039445523e+09 -1.266565123476239e+06 -2.632318630158396e+06
  1.265403846315704e+09  3.231039450604350e+06 -1.874738481675611e+06
  1.263320283177478e+09 -1.564227817885549e+06  9.842077621488963e+05
  1.263820501360808e+09 -1.635351949988413e+06  1.466217010304369e+06
  1.264367307236373e+09  1.130167394410918e+06 -9.703962615599647e+05
  1.260094767602827e+09  9.366972888487637e+05 -3.033722896162464e+06
  1.264352543054214e+09  2.829994155678012e+06 -3.821357393222154e+05
  1.264782385747554e+09  1.168967442846511e+06  2.230364508425244e+06
  1.261453180148495e+09  1.998249048972972e+05  3.521794292055216e+06
  1.263794180702402e+09 -7.251756681755043e+05  2.847958546199623e+06
  1.262243277327701e+09 -2.990090082769614e+05 -1.269520315569707e+05
  1.260933860650841e+09 -6.132846296342622e+06 -1.767972588780032e+06
  1.266143188511143e+09  3.790798194916291e+05 -1.439146531095047e+06
  1.261638420603333e+09  2.909524836665478e+05 -1.739091046768524e+06
  1.260867635382721e+09  7.286423438774854e+05 -3.509845331202934e+06
  1.263741897764607e+09  3.541566110603179e+06 -3.402190982381057e+06
  1.260181572849329e+09 -4.358678611332505e+05 -6.864956253409637e+05
  1.266426028871913e+09  3.509190425363421e+06  1.557364895160383e+06
  1.262534802559958e+09 -2.013319165877019e+06  3.124945486557429e+06
  1.261919975874715e+09 -6.101744389101424e+05  3.397026194990991e+06
  1.264426941881068e+09  1.640662089517011e+06  1.038550598632521e+06
  1.262207142448213e+09  2.587212050378454e+06 -1.582744408120034e+06
  1.259708010638464e+09  5.107361908326978e+05  6.071640768520215e+05
  1.263788651079271e+09  1.263427933142012e+06  7.325647684117733e+04
  1.262291903590992e+09 -4.890161405751884e+05 -2.288707669547448e+06
  1.261635017742677e+09 -8.413712637590182e+05 -3.782513871089325e+06
  1.258450566368217e+09 -8.578701960191119e+05 -3.895515626983345e+06
  1.261133786536044e+09 -2.772252131573869e+06 -1.657488397972232e+06
  1.265621736255394e+09  7.314502029114038e+05  1.459791908903593e+06
  1.260518366296964e+09  1.979140274036656e+06  1.622140375919941e+06
  1.263827066822924e+09  1.393741936428554e+05 -2.582770676764370e+05
  1.265294610743323e+09  2.487252527292153e+06 -2.202518897413056e+05
  1.259858806579297e+09 -7.296972169460964e+05  2.628776105108358e+06
  1.262894441392912e+09  7.072472487413900e+05  1.557803099250614e+06
  1.262913270445669e+09 -1.674463707618250e+06 -3.235030453111259e+06
  1.263766941754731e+09  8.455774330573902e+05 -2.701344312373393e+06
  1.262639061787461e+09  2.604723413459155e+06  2.501225049759538e+05
  1.264310207537802e+09  3.506669876618052e+06  3.767222976838941e+05
  1.264208513313958e+09  1.267653373871502e+06  2.632268707542216e+06
  1.260361587119501e+09  3.065321359767036e+05 -7.789162816138795e+04
  1.262705620505953e+09 -1.903309325450628e+06  2.364433598171384e+05
  1.266265244767309e+09  1.697348361277729e+06  2.701380631593514e+06
  1.265756257148365e+09  8.460782500231904e+05  3.949496562525572e+06
  1.263323165526355e+09  1.252249049809095e+06  1.195428543924910e+06
  1.263650675794495e+09  2.319702425692718e+06 -1.234346269649468e+06
  1.265731467247847e+09  9.842416479262150e+05 -1.257452993239093e+06
  1.265848530456523e+09  1.173499396631372e+06  3.987247933885128e+05
  1.264380553648392e+09 -1.888864720514606e+04  1.760262309409197e+06
  1.264918290193089e+09  1.788098813399200e+05  9.226529160230024e+05
  1.260425600189375e+09 -1.680697268677016e+06  1.221554863285608e+06
  1.263612563695008e+09 -9.294311613355007e+05  2.202566681366406e+06
  1.260227048448022e+09  5.000838075390416e+05  1.032997098783243e+05
  1.261710182050117e+09  2.159107179333261e+06 -4.718361477704342e+05
  1.264066668972077e+09  9.403506110330857e+05  2.989389166551760e+06
  1.263880822503920e+09  3.575566489590153e+06 -3.052206839561144e+06
  1.261705577154431e+09 -7.654382427558067e+05 -2.522399941311540e+06
  1.263017889326479e+09 -2.680754280196609e+06 -3.221121725013947e+06
  1.260997312771585e+09  3.648678027231030e+06 -2.826163877713414e+06
  1.264515741690886e+09  1.640341442712919e+06 -9.419402459533224e+05
  1.260157962567525e+09  8.600544486803974e+05 -1.537485379716331e+06
  1.262991271158785e+09  1.550305060250114e+06 -1.731413918103060e+06
  1.261928893684711e+09 -7.763176091645632e+05  1.040780014347448e+06
  1.261581303986564e+09  8.729266115333079e+05  2.362879114264529e+06
  1.260930765199927e+09 -4.039152796905019e+04  1.521142666549264e+05
  1.264684049045316e+09 -1.923211744580475e+05 -3.060314113812996e+06
  1.262595612678409e+09 -1.683432138827510e+06 -1.755939947844326e+06
  1.261884450287927e+09  6.231325358599836e+05  1.608693744266197e+06
  1.265968789599804e+09 -6.086826247485473e+05  1.084532359229341e+06
  1.262810749882193e+09  1.909758872612851e+06 -1.543216769913326e+06
  1.260949422943718e+09 -2.014903069006050e+06 -3.214078247471638e+06
  1.264806367341557e+09  3.725777057177046e+06 -1.220214607390678e+06
  1.261080636108027e+09 -3.871537417272498e+06 -5.418736897094524e+05
  1.263736691645386e+09 -9.299129103587616e+05  2.003941043219528e+06
  1.260674780918899e+09  3.336018392950947e+06  2.954978353494959e+06
  1.267191009574896e+09  5.396662489824827e+05  1.321364365111480e+06
  1.264602941691358e+09 -7.106507409023503e+05 -1.025193266977217e+05
  1.265941440351318e+09 -2.969480065596206e+05  1.044374053977876e+06
  1.264550735331326e+09 -3.526834888173791e+05  2.308014281889169e+06
  1.264529453368401e+09  1.331568181588726e+06  2.163593932037063e+06
  1.265719759458635e+09 -8.207415020806072e+04  7.186442195755967e+05
  1.261982444189177e+09 -1.237262693888457e+06 -1.581265113939449e+06
  1.265228755375889e+09 -1.245784260722435e+06 -9.404742680868399e+05
  1.263405415104673e+09  1.176846634473157e+06 -8.479824531105196e+04
  1.263303956781596e+09 -1.400593915736240e+05  3.958074021920764e+05
  1.259461457655364e+09  2.002978915855481e+06  1.600198921439239e+06
  1.262611184796153e+09 -1.262465535573276e+06  4.546173764849687e+05
  1.263861080392204e+09  3.099551238094246e+06  6.053473932524235e+05
  1.263479952852945e+09 -6.349752912839244e+06 -3.500034174629222e+06
  1.260699913518576e+09  1.009705632319104e+06 -3.672646071227303e+06
  1.264405825327379e+09  1.939265130762759e+06 -2.007434902812117e+06
  1.262763955401471e+09  5.998126375463677e+05 -2.102058362547958e+06
  1.262596380396177e+09 -1.257143074149397e+06 -1.454428945169166e+06
  1.264377281770220e+09  4.274764044629621e+05 -1.622195265938807e+06
  1.264178242076888e+09 -6.760850864137071e+05 -2.433912421545024e+06
  1.263439567504238e+09  4.259801210874083e+05 -2.135474947092110e+06
  1.264335031215214e+09 -1.993284223931613e+05 -1.663764762037937e+06
  1.263372336540959e+09 -3.754484355049945e+05 -1.162518323306392e+06
  1.261174442412216e+09 -1.189712320634291e+06 -2.677056932722483e+06
  1.266222598768406e+09  1.587349620437268e+06 -3.474645036925173e+06
  1.268978657064290e+09  5.693487043882702e+05 -1.153985465065123e+06
  1.260768611775992e+09 -3.495654615179286e+05  7.599982558266385e+05
  1.262190127584965e+09  1.188741368132372e+06  2.086425246023830e+06
  1.261866392967763e+09  8.120324199016202e+05 -1.238823906706740e+06
  1.261133801122987e+09 -5.649754663031833e+06 -1.343028086616478e+06
  1.265040699325676e+09  7.363345361994185e+05  6.686280279157907e+05
  1.263748014616322e+09  2.159727312305898e+06 -5.066629363342175e+05
  1.261950384067416e+09 -1.848142427932571e+05 -2.248516522911992e+06
  1.260332680355626e+09  3.101036715360800e+05 -2.479578465433397e+06
  1.261629131948636e+09  2.204101008438772e+06 -2.164906899522230e+06
  1.263247240197448e+09 -2.856820115987085e+06 -2.810084529873828e+06
  1.264336985632416e+09 -1.566480528833165e+05 -2.011810418806519e+06
  1.263283148013086e+09  8.832428667503928e+05  2.256736918899542e+06
  1.262344909077579e+09 -8.910688441276875e+04  4.225815314555730e+06
  1.263853644245989e+09 -7.326544762705023e+05  2.347688520862045e+06
  1.264129447919098e+09  1.998426112150212e+06  9.354258500071134e+05
  1.263119742363541e+09  5.566882689444057e+05 -2.451400844170143e+05
  1.262934049243792e+09 -2.351810618069835e+06  3.813979226594442e+03
  1.261512210531827e+09  8.692169123910252e+05  9.496940866692245e+05
  1.264371946843055e+09 -3.492404185328995e+06  4.503417208332379e+05
  1.265640207682112e+09 -2.963736601959026e+06 -9.362104305214598e+04
  1.261768555748381e+09  8.182393031016814e+05  1.363628829028957e+05
  1.261486287505293e+09  2.252748654898748e+06  4.294916813432795e+05
  1.260499096924697e+09 -1.840306717930491e+06 -8.081407883294350e+05
  1.262181252683140e+09  3.725259061056496e+06 -9.101617034078712e+05
  1.263023210663030e+09  7.410364217075258e+05 -6.819669578165766e+05
  1.262927112145315e+09 -5.616306175342078e+06 -1.645882254237084e+06
  1.264528303627764e+09  4.724181355637126e+05 -8.763374808654222e+05
  1.261183224047502e+09  9.513268569675139e+05  2.005839526445027e+06
  1.261214146555299e+09  1.034583499785167e+06  3.459892554321751e+06
  1.262748006426697e+09 -8.345134120280620e+05  9.990104449818891e+05
  1.260305974395963e+09 -4.728432408253278e+05 -1.745178969706552e+06
  1.263400557697433e+09 -1.117066756979024e+06 -1.121350096830158e+06
  1.262070198825132e+09 -7.857842249531718e+05 -1.504306757355929e+06
  1.264987120429463e+09 -2.083347351726865e+05 -1.232660351258772e+06
