  3.010008455534896e+01  2.780125651542042e+01 -1.149304844709782e+01
  1.147551836484993e+01  4.329724318667940e+01 -1.277978398447777e+01
  2.212015399210537e+01  2.358128979566479e+01 -1.792869504915490e+01
  1.123410690397336e+02 -4.188624945484127e+00 -8.325098245579948e+00
  5.121142319896059e+01 -1.572165904640649e+01 -1.915012091879733e+01
 -9.963354206480860e+00 -1.330683167801526e+01 -1.513980544206558e+01
  9.932862097369173e+01 -1.647605135349960e+01  1.269385795238324e+01
  7.113501289218596e+01 -2.096264793923474e+01  1.286061489786550e+01
  2.867165762332260e+01 -1.214564646377789e+01 -1.457444644633548e+00
  3.591357783876961e+01 -2.157577662871474e+01 -1.032656734148432e+01
  2.712445963184221e+01 -3.396271651948158e+01 -1.043725182525955e+01
 -1.041915850418176e+02 -2.883593961413281e+01 -3.530406322704079e+01
  2.319223550412636e+01 -1.240989350869457e+01 -3.280586185553568e+01
  1.445475103038315e+02 -1.419534182886409e+01  1.045103792910721e+01
  1.122998965187298e+02 -2.405957182435665e+01  3.181512119720941e+01
  7.137988387563723e+01  2.569664380908511e+01  9.800221822789517e+00
  6.699535685882398e+01  2.946850328860246e+01  2.625313054467847e+01
 -2.624781378022100e+01  3.616495042175487e+01  1.451241403623084e+01
 -7.373018997797396e+01  2.942949161445447e+01 -1.411773870969700e+01
  6.442929569622051e+01  4.307022215103886e+01 -2.952860532458862e+01
  2.702100516509520e+01  1.991303655799851e+01 -2.669975414817980e+01
  7.056168173814437e+01  1.812395301580095e+01 -2.092923532043130e+01
 -3.004739327517150e+00 -1.033826140906502e+01  1.637008394100272e-01
 -2.718883007609546e+01 -3.134480948287805e+01  1.234711900972082e+01
 -2.827313632131568e+01 -8.134961595036668e+00 -3.007585295988884e+00
 -3.076779638850569e+01 -4.212777129610221e+01 -1.647322410795665e+01
 -5.546042558962007e+01 -1.206280670629169e+01  4.032693210404403e+00
 -5.490529213046966e+01 -1.715128267399613e+01  1.838101774137078e+01
 -7.015611429484018e+01 -1.273107196407940e+01 -1.462912690036761e+01
  4.355865135007426e+01  2.746625010145366e+00 -1.851913458872725e+01
  2.164979693332189e+01  3.908222206526030e+00  3.252958087272707e+01
  9.316624103281933e+01  1.429433822302847e+01  4.473454896736807e+01
 -2.199191736830213e+01  1.991765164814042e+00  1.783014202648834e+00
  2.651436982198821e+01  8.074105151294583e+00  6.745189717850485e+00
  1.942879506348275e+02  1.428949689107678e+01  2.611474200975923e+01
  6.979370257447650e+01  3.921757331708704e+01  9.561481093831585e+00
  6.447755000849604e+01  3.893783546810386e+01 -3.601137345960063e+01
  6.507130063020332e+01  4.247474680246502e+01 -4.748856993863146e+01
 -6.427377525255306e+00  2.155370199777759e+01 -3.677716828600589e+01
 -1.328010244515235e+02 -1.596777867623155e+01 -2.870752863436794e+01
 -2.166648230653904e+01  1.910320616827653e+01 -2.185626926264959e+01
  4.167525939042072e+01  1.062057886934707e+01  1.778892161609521e+01
 -1.319544181469478e+01 -1.592215845471695e+01  4.471822802118915e+01
  5.774147001637061e+01 -1.808929019139741e+01  2.962830844213219e+01
  8.411586441577788e+01 -4.728329481854591e+01  1.683365808703095e+01
  3.203223193655865e+01  1.324443401347454e+01  5.779273070228969e+00
  6.077834353615877e+01  3.126901065503998e+01  1.114264036804382e+01
  9.653877298624236e+01 -5.179263941593967e+00  1.264039631327683e+01
  6.299436215242284e+00 -4.655032286575275e+00  1.733931908866905e+01
  7.689272608642945e+01 -2.279149618579030e+01  1.046065040278249e+01
  1.177754778202620e+02 -1.831694400588865e+01  2.053566553753583e+01
  3.699848671612955e+01 -2.345396902961909e+01  9.411985747219530e+00
  3.826180792520342e+01 -7.903344606786847e+00 -4.930569292762675e+00
  2.973631475372569e+01  3.279529828391961e+01 -2.727465857179016e+01
 -6.141290251016684e+01  2.937280882974322e+01 -4.315818081822710e+01
 -2.102421528644138e+01  6.500974902366556e+00 -1.099845501907993e+01
  6.877707684583000e+01  3.699515951752834e+01  1.087982696780099e+01
  8.970951438883849e+01  6.178057570122607e+01  4.555316779947177e+00
  1.456178397762279e+01 -1.734723843124473e+01  1.473408030063258e+01
 -1.180984367898079e+01 -2.202797634050622e+00  2.710292392069302e+01
  4.772619787314468e+01 -2.632593720824321e+01  2.276035906245333e+01
 -9.513357005202074e+01  3.839343709986122e+00  2.229281708612649e+01
 -8.191507644827243e+01  7.616601067305290e+00  1.731691081728725e+01
 -9.703191215930805e+01 -2.787564931274545e+01  1.992683131749064e+01
  4.798332642320320e+01  6.676088572703165e+00  4.166174993798976e+01
 -6.467470583818270e+01 -5.039626171042025e+01  5.242704995668142e+00
  3.377501771020992e+01 -3.495066742611361e+01 -1.811061274312309e+01
  5.475734779955411e+01 -6.351941993023772e+01 -2.488520463397608e+00
 -9.182214706420204e+01 -5.544745519500896e+01  8.008960799081187e+00
 -4.578889357412098e+01 -1.444243987940825e+01 -6.584541318694246e-01
 -2.613059894823494e+01 -3.919002307393114e+00 -1.692109214613449e+01
  4.725017230802738e+00 -2.841193317913174e+01 -6.735598968563226e+00
  4.306048128561678e+01  2.320196017513890e+00 -1.310528918425171e+01
 -1.515189648024876e+01  3.865790525367633e+01 -5.011775265658966e+01
 -1.232920979577360e+02  3.264902039964419e+01 -3.486946119057119e+01
 -1.469707216584818e+01  2.304467829088203e+01  1.386055766217869e+01
  4.978419214743886e+01  1.408431803364389e+01  2.191304255696742e+01
 -1.080433895120870e+02 -4.081887356622777e+00  2.907820334701833e+01
 -4.544474039338645e+01 -4.164459636207074e+01  3.193140069236573e+01
 -3.987288969460158e+01 -4.544321043480046e+00  3.232755893787837e+01
 -1.192786667766412e+01  1.658040953369423e+00  1.812559595383194e+01
 -1.671979886223148e+01 -4.385321261640868e+01 -1.791875158849860e+00
  4.167607576756963e+01 -3.181672890653300e+01 -2.727966551385078e+01
 -2.289489429365673e+01 -3.527110562011974e+01 -3.928095140910202e+01
 -1.341920281876137e+02 -5.090770182826536e+01 -1.835477374923878e+01
 -4.449789812660554e+01 -3.862446370466013e+01 -9.536547780021056e+00
  3.255360508696972e+00 -3.065171516566116e+01 -2.924010582499839e+01
  9.434075652812635e+01 -6.880281546066971e+01 -1.186510537981944e+01
  5.378822543227018e+01 -4.643616592886737e+01 -3.033073556448398e+00
 -4.159850361396987e+01  7.711383363768144e+00 -2.115866854882900e+01
 -1.480761198089609e+02  4.857732291819269e+01 -8.101460947913186e+00
  4.754012947632606e+01  1.956929907619850e+01  8.649964234695419e+00
  1.342408543788904e+01  3.787746799473001e+01 -7.779333712030078e+00
 -5.001984000375104e+01  8.266915339322018e-01 -2.560906667502101e+01
 -2.040555012272517e+01 -1.623158644870239e+01  1.318948549496305e+01
 -1.291071166596276e+01  1.245868957712078e+01  3.811891886126230e+01
 -5.807596598470140e+01 -3.925981102707717e+00  2.122769970253929e+00
 -1.752238171228259e+01 -2.708753025487950e+01 -8.390528444673032e+00
 -5.941165995388374e+01 -2.822634661536289e+01 -2.754603127819931e+00
  2.568955549327314e+01 -1.954021832769188e+01 -4.364513306999015e+00
 -1.512212977516672e+01 -3.071358758262069e+01 -5.230619106320943e+00
 -6.655620536836196e+01 -9.178711670277485e+00 -1.121774085767480e+01
 -1.615736636507699e+01 -3.102362414345824e+01 -2.360691608888699e+01
  1.736384825362188e+00 -4.478397973440586e+01 -1.582759964223311e+01
  8.105414513322329e+01 -5.415589227625644e+01 -7.048947481909943e+00
  1.719634496637565e+01  1.116415057935035e+01 -6.552830798086415e+00
 -1.180801584892225e+01  1.019511519455491e+01 -2.234491737749259e+00
  3.187551958308676e+01  2.032977434723093e+01 -1.282764415056091e+01
  1.289603277339292e+01  2.071374772340819e+01 -4.147511549175691e+01
  2.772748974401011e+00 -1.982073974979019e+01 -1.137743206196538e+01
 -3.261569979995333e+01  2.343007649634569e+01  5.517645041473936e+01
 -4.169356612360252e+01 -1.335236375273495e+00  4.550681661274195e+01
 -6.164092624877213e+01 -1.611309446231806e-01  2.698540974626536e+01
 -4.413391057253661e+01 -1.137671735073549e+01  2.314060249938433e+01
  1.572823648121098e+01 -1.016716265835778e+01  1.276404493230501e+01
  5.542684330632976e+00 -3.059114542261824e+01  1.440598725038892e+01
  5.465224091388270e+01 -1.973775282197010e+01 -1.445238370449498e+01
 -1.004590447160057e+02  6.147006870798322e-02 -2.985025166435823e+01
 -1.317023326227095e+02 -2.230945183777576e+01 -5.367110705179192e+00
  3.579106309336524e+01 -2.203072710900644e+01  3.781629123433207e+00
  4.487718141353631e+01 -1.916523922973060e+00  2.932434151782974e+01
 -3.439816384358160e+01  1.520687769262010e+01  3.121432810577586e+01
 -1.780296892745570e+01  4.994600120929764e-01  8.613021350758491e+00
  2.306086617243746e+01  3.319366219277427e+01  3.573851661392775e+00
 -8.500425299711000e+01  1.959188688009021e+00 -2.293393478534433e+01
 -1.048595212923412e+02  6.352813521145141e+00 -2.330430159540966e+01
 -1.825361538846553e+01  2.456309806562174e+01 -6.795999494828705e+00
 -1.185291049308475e+02 -5.561336204622348e+00  5.175543476704179e+00
 -3.253429500638310e+01 -7.417418129493959e+00 -1.425626538148898e+00
  3.397948170617551e+01  6.989037656934840e+00 -7.646707303976163e+00
 -4.864499330027780e+01  2.968373702471579e+01  9.853510974629732e+00
  2.341709787723714e+01  6.849320684125161e+00  1.750622885164178e+01
  1.678758858688148e+02 -1.376571943307786e+01 -2.245829739952029e+01
  5.025263655866437e+01 -1.741321965785515e+01 -4.000265862988056e+01
 -5.531211472999750e+01 -1.351244374604810e+01 -3.037786479382349e+01
 -5.619259541116710e+01 -2.140091930028981e+01 -1.606718793300510e+00
  6.386272081729997e+00  2.491482304799773e+01  2.585967616730252e+01
 -1.435354219401860e+02  7.443526587851665e+00  2.514958342091418e+01
  5.840897207872024e+00  2.849130812432295e+01  1.613381535578129e+01
  1.530097710289915e+02  2.141330403082775e+01 -2.111438319454059e+00
  1.195707944563447e+02  1.559092806305152e+01 -3.271751654799113e+01
 -7.369121158590448e+01  5.566211826334232e+01 -3.420686877734414e+01
 -1.573144828777569e+02  7.933186962037028e+00 -1.608264899694641e+01
 -1.108360211035512e+02 -1.188655209165490e+01 -8.296372227317198e+00
 -5.006101887414272e+01  8.184444508085221e+00  4.701651870033493e+01
 -1.032027399410986e+02  2.112811836353750e+01  4.576155583975599e+01
 -1.950470955118145e+02  4.856550649233452e+01  3.186590064916810e+00
 -4.723493770381762e+01  9.969918488095672e+00 -2.309122417779928e+01
  1.194390425265038e+02 -3.300928837512676e+01 -3.362077948221012e+01
  1.102310426976652e+02 -1.449422881479032e+01 -5.532997328129124e+01
  8.090056902838097e+01  8.020681041555491e+00 -3.712701731410516e+01
  8.741863973967271e+01 -1.282050777741767e+01  3.605535734057644e+01
 -6.396918274788020e+01  1.025726050792427e+01  7.240408325664220e+01
 -4.192743205655051e+01  9.947182001379733e+00  5.771400764918631e+01
 -1.988177286021574e+01  3.238324917229666e+01  4.340987532175586e+01
  6.472975422017676e+01  1.002993593528799e+01  8.278676320589049e+00
  1.018672101759015e+02  2.822514399311316e+01 -5.241128143744454e+01
  1.503313872807317e+02  4.809794454526568e+01 -6.748411674147205e+01
  3.489890034279853e+01  1.164279783027547e+01 -1.906803009150666e+01
 -1.160024166792778e+02 -1.453475639088323e+01  2.188567606883809e+01
 -1.708161978291751e+01  1.626419765612791e+01  3.166659042053286e+01
 -3.607718311869773e+01  4.559084108715389e+00  1.417374187471175e+01
 -8.414930791556165e+01  6.570819109297279e+00 -2.137368532167816e+01
 -3.083806333196631e+01 -1.404713982692778e+01 -3.941809878399756e+01
  9.809574390327289e+01 -2.228105782163972e+01 -2.671839349642577e+01
  9.224013054024091e+01 -4.507614483543027e+00 -1.517426146756091e+01
  3.906797111310846e+01  7.754104140445362e+00 -6.187732167848365e+00
  1.165822813361084e+02 -2.349137313257808e+01  3.496300917032075e+01
  6.896689380790725e+01 -1.479826990853882e+01  6.575542555407620e+01
 -3.881535323538969e+00 -1.404052064792648e+01  3.457776369952094e+01
 -1.948306570484123e+02 -1.897646083640158e+01 -6.995947551971777e+00
 -3.980998509864254e+01 -4.341795787858715e+00 -2.522735519103156e+01
  9.983120650687309e+01  2.506390525274409e+00 -3.754703224667657e+01
  1.117841157296180e+02  1.820561263635906e+01 -4.822869490740285e+01
  1.329127305035683e+02  2.818188617970286e+01 -3.248444006443254e+01
 -4.551892244070544e+01 -2.294468896666532e+01  1.044868073101533e+01
  1.685516954307556e+02  9.917180371323649e+00  2.195320178142681e+01
  6.746551872111624e+01 -1.771559606361276e+01 -2.552886154840512e+01
 -2.013451556856559e+01 -1.810753572843307e+01 -7.154432551799546e+01
  5.908737214636110e+01 -2.306484452563614e+01 -4.348024310275135e+01
  1.244211131774525e+02  3.233605852825472e+00  1.453734221552384e+01
  6.655646280763963e+01  7.632554514169862e+00  2.640478104012289e+01
 -2.104036328934457e+01 -1.849209800799752e+01  1.559670299714144e+01
 -2.169764210347745e+00 -3.097499581486080e+01  1.271134898891390e+01
  1.135405901432920e+02 -3.689183423083697e+01  3.263506754685469e+01
  3.999840505438569e+01 -3.284928407905319e+01  2.328935592734991e+01
 -7.366146150220268e+01 -2.663958113104108e+01  1.337815129994654e+01
 -1.061335983410299e+02 -2.096676754154147e+01  3.765696404420447e+01
  7.680418485105477e+01 -2.028562112713377e+01  1.740664980750363e+01
  9.738977064280471e+01  5.939978581060728e+00 -3.570245717878706e+01
  2.502130806945144e+01  1.962959506218581e+01 -3.318838273003656e+01
  8.089987243020968e+01 -8.045960630336097e+00  1.542351922971731e+01
  3.957200074870543e+01  1.286018598256181e+01  5.402225863879206e+01
 -5.395453311421818e+00 -1.983422863441203e+00  6.622420588837283e+00
  2.457038953255919e+01  1.620554873629610e+00 -3.559775085722761e+01
  3.245713272289547e+01 -2.743667395128266e+01  1.592459341729107e+00
  3.763231160572150e+00  5.569530304273994e+00  3.567990404597037e+01
  8.608951526614508e+00  2.467429198256455e+01 -1.089067637012531e+01
 -1.593611959382713e+02  5.298286478331296e+00 -4.991772719547246e+01
 -5.858069324786111e+01  1.061917155128112e+01 -9.382472629169161e+00
  1.110317316045935e+01 -2.510410072543705e+00  4.928113922398404e+01
 -3.977930155101980e+01 -2.035540536336973e+01  4.096388756705882e+01
 -5.964906435658849e+01  6.092726186566077e+00  1.358557957604878e+01
  2.075240435484882e+01 -1.706274590502607e+01  6.221650075760098e+00
  3.724684231323764e+01 -1.736628645696056e+01 -1.203456043891864e+01
 -1.052405781618753e+02  2.043975674912840e+01 -3.099631923916128e+01
 -5.238502650727239e+01  2.010339356302725e+01 -4.466600143301577e+01
 -3.358000289392790e+01  4.450409519095139e+01  6.221892225231223e+00
 -3.846468609585300e+01  1.796929096496593e+01  1.568264893375887e+01
 -5.063649532530074e+01  7.552586638302150e+00  8.737486032090324e+00
  2.360399540286534e+01  1.215262946695602e+01 -3.668943941304495e+01
  5.613877153336593e+01  1.278816659739143e+01 -4.391804897048951e+01
 -6.005674667140754e+01  3.330325302221556e+01 -1.008103308766420e+01
  3.907859555072673e+00  3.499642390255011e+01 -1.504655498926647e+01
  2.771341799754246e+01  4.639289422507400e+01 -2.785198908276112e+01
 -5.561487142300531e+01  5.541895121557693e+01 -2.174373577393679e+01
 -4.818903263872095e+01  5.420655320031208e+01  8.822247658502571e+00
 -3.611026972851475e+01  1.563886801810476e+00  1.928740230324692e+01
 -7.993857516620284e+01  4.838785866725714e+00 -3.231954734796680e-01
 -5.164247449924883e+00  6.811092876895737e-01 -1.104790671925741e+01
 -5.577031000909705e+01 -3.517735184922584e+01 -5.635049813002445e+00
 -5.483935122250799e+01 -2.073092422343388e+00 -4.951354071497198e+00
 -3.960502666799419e+01  1.321516029423523e+01 -1.006694709318608e+01
 -7.085282013514492e+01  4.254082198553075e+01  2.539954818233086e+00
  1.352585675975961e+02 -3.586348396179034e+00  5.854735091010330e+00
  5.173795764405951e+01 -4.288895375159726e+00 -8.076520708573028e+00
  4.460296739033744e+00 -1.533703745249668e+00 -2.282013362850354e+01
 -3.058272502802240e-01  3.545308712015930e+01 -3.656648385524417e+00
 -1.457535661108655e+01  5.015098690859492e+01  1.579338052133733e+00
 -1.988368613339221e+01  2.881622396203044e+01 -1.508564284110096e+01
  1.237626526336918e+02  2.723278277705995e+01 -2.548893356673679e+01
 -1.546729212172746e+01  5.692173394047566e+01 -6.420436805998608e+00
 -1.123609479659468e+02  7.435399791435069e+01  1.283915401066606e+01
  3.888662368182987e+01  1.868087824513217e+01  6.223418050757481e+00
  1.878996736122825e+01  2.307144720883167e+00  7.242317387118436e+00
 -1.282229725625426e+01  1.419173332171482e+01  6.438310639906335e+00
  7.798142400054701e+01 -4.171245892361875e+01  2.472351640139560e+01
  9.305698441677724e+01 -4.294555506009566e+01  2.636831695388119e+01
  7.665979830164868e+01 -1.222502668572471e+01 -2.269542267365365e+01
 -3.789728829513486e+01  1.709410210750360e+01 -2.455622582991783e+01
  1.122255803031062e+02 -1.171755059190158e+01 -2.798371258446292e+01
  1.719401774303751e+02  1.005472669267624e+01 -1.172511124035647e+01
  4.920206992324073e+01 -7.040763668744079e-01  1.126087768225465e+01
  2.787344098463061e+01 -6.593384987854165e-01  1.260617968862189e+01
  6.487565841613207e+01  1.183706580132861e+01 -6.052428016067031e+00
 -7.503807507594697e+00 -3.374561887737221e+00 -1.545954863139929e+01
 -4.929916954473162e+00 -5.087103832658110e+00 -6.922269695760670e+00
 -4.643160385604482e+01  1.657620305677416e+01  6.475107878749952e+00
 -9.342142842062702e+01  2.900251687897136e+01  3.293866535093006e+00
 -3.109078350452421e+01  9.362486709697492e+00 -4.709938880364911e+00
 -2.277140985571638e+01 -1.937521288535937e+01 -6.817710426512686e+00
 -4.571961786645031e+01 -1.250344015012159e+01 -1.413402381645897e+01
  1.111668396384925e+02 -3.941836788961176e+01 -2.540636421680680e+01
  1.156951115104609e+02 -3.922190681226025e+01 -1.048697943599672e+01
  1.211287914070836e+02 -3.135552909344648e+01  8.191077776975133e+00
  4.112193691765885e+01  2.812863144177948e+01 -1.300234850808279e+01
  2.853652454858602e+01  6.906703958051018e+00  3.666884042344113e+01
  3.604976300967556e+01  2.662653621932703e+01  3.586134182033315e+01
 -2.157683412927600e+01  2.494723316448927e+01  1.913221358488504e+00
  1.489545108427914e+02  8.914522436790639e+00 -2.558473688113127e+01
  4.315160518890318e+01  1.112193412042678e+01 -3.719032927046649e+01
 -1.396885674922821e+01  4.818493162425177e+01 -2.832906988566432e+01
  1.053817981897300e+02 -1.657884726327336e+01 -1.919835261899099e-01
  6.972361709192364e+01  1.620599498932460e+01  2.107877751298515e+01
  1.065302312257141e+01  2.501323147695322e+01  2.137683718523933e+01
  3.146405915569279e+01  1.228361214040848e+01  1.281044982681084e+01
  1.133362966516965e+01 -3.376829397455188e+00 -8.135001767879064e+00
 -5.017247034078119e+01 -3.581066312473743e+01 -3.476383710539334e+01
 -6.931861029334922e+01 -1.796721415005122e+01 -4.375190934354184e+01
  8.175632231507329e+01 -2.048741201003552e+01 -1.760072383486644e+01
  1.012002156386276e+02  2.022871650259593e+01  1.186793073816155e+01
  6.062872293766315e+01  1.275857296780358e+01  1.908540434417944e+01
  4.809681659879145e+01  2.646126560670749e+01  2.133672260846950e+00
 -1.388133736247319e+01  3.779617928779456e+01  1.661190819340879e+01
 -4.149750041580261e+01  1.224564958267745e+01  9.202485648271249e+00
  4.727034213252237e+01  2.443948900248513e+01  5.650933656047024e+00
 -1.288264509994212e+01  1.987807485511352e+01  5.643853443046360e-01
  6.287069554663653e+01  4.256129302036754e+01 -1.131701276513580e+01
 -2.163125870748016e+01 -1.121320863053538e+01  6.011660252461526e+00
 -2.851106365506399e+01  4.241189673973223e+01  2.343525847571135e+00
  7.454911354279675e+00  4.362704623677255e+01  6.410615802431533e+00
 -3.939816633090253e+01  2.779976528648259e+01  5.986282154296312e-01
 -1.391867756442248e+01 -1.439583530959582e+01 -4.033780788940268e+01
 -3.995047031215020e+01 -2.358422636023776e+01 -4.635306191577411e+01
 -3.139037721348205e+01 -2.568661758407779e+01 -1.118912925987468e+01
 -3.477616670467582e+01  6.186666819676077e+00  3.851312611021126e+01
  2.152709529473601e+00  2.241412089713756e+01  3.375228093167807e+01
  1.237651865713022e+02  4.169318371809175e+01  5.001157489586729e-01
 -1.572823283669760e+01  9.244235295838847e+00  1.122859201763415e+01
  8.384799326514687e+01  2.606440843448834e+01 -5.779531819403729e-01
  1.597136941634898e+02  5.119887151106175e+00  1.595378989825083e+00
  7.366729701612641e+01  5.347432249795646e+01  2.542381699242407e+01
  5.959360070227117e+01  4.466188790235383e+01  3.748502275231918e+01
  4.901822759995248e+01  2.926031312849600e+01  1.904653483934089e+01
 -6.159199697674971e+01  1.194168565408066e+00  7.282747904160745e+00
 -1.110666948308926e+02  1.557710898983170e+01 -1.392506746355705e+00
 -1.374969637845570e+01 -1.039012794093038e+01 -2.362471394793505e+01
 -3.455143722442894e+01  1.225927798328130e+01 -3.143122483996905e+01
  6.226970883171010e+01 -9.596633361091934e+00 -2.986724262037874e+01
  1.858402164356504e+01  4.276725474179449e+01 -3.484604054700405e+01
  4.507182596666600e+01  1.925761335777029e+01  6.693428608181158e+00
 -2.125103215173691e+01  1.855587614197999e+01  5.733555209839615e+01
  5.615456416794925e+01  7.428880063853267e-01  4.673635653248954e+01
  9.885878566660377e+01  1.433908617953880e+01  2.397139162140413e+01
  2.676295091269672e+01 -7.651881849533493e+00 -1.784740773733632e+01
  9.375981491037889e+01  5.664763591626198e+00 -9.072432589961199e-01
  9.377251435365469e+01 -8.789351708657682e+00  2.445936313808519e+01
  1.257746396282329e+02  3.931547652193530e+01  1.854064641674372e+01
  1.211200747689130e+02  2.407984490659668e+01  1.893504586336730e+00
  3.917008608456017e+01  1.434653913213940e+01 -4.871218927594017e+00
 -2.154355303242965e+01 -3.108692748981060e+00 -2.274243920101986e+01
  7.125715253127829e+00 -3.078422961333433e+01 -4.014045190686146e+01
  1.570024020198770e+01 -4.804635917285673e+01 -1.168058015799775e+01
  1.345347758693730e+02 -3.445445209091125e+01  2.920913228723025e+01
  3.662054169586150e+01  4.444890848426354e+00  2.705138621865951e+01
 -3.374202038749333e+01  5.617987621058320e+01  1.428766868217890e+01
  1.004766605995159e+02  4.802638949559366e+01  9.872983428267020e+00
 -3.651034588471801e+01  1.114305411076634e+00  2.432692565298757e+01
 -3.030068495096596e+01 -2.825607721268366e+01  3.304874368199134e+01
 -6.475239246987157e+01 -3.359304112945070e+01  3.610095011297055e+00
  1.494059525029632e+01  1.110899596281473e+01  4.275357686736785e+01
  2.276257388560771e+01 -6.358037135601191e-02 -5.870159967156489e+00
 -1.441003862098852e+01 -1.331411002729112e+01 -2.403373444730717e+01
  3.218002909772365e+01 -1.552210060525148e+01 -7.239471113178233e-01
 -2.739378038736092e+01 -2.465361998024066e+01  2.392126846125435e+00
  3.102989324453564e+01  3.098969148868484e+00 -2.930340122270390e+01
  4.281340154850197e+01 -3.056238892807846e+01 -4.275695590965469e+01
 -2.216861131734196e+01 -5.460032062590358e+01 -4.030952279993540e+01
  7.385116347993214e+01 -3.629227418798291e+01 -5.496276110237812e+00
  2.279367703980268e+01 -5.186714280092880e+01  4.315125350013030e+01
 -1.395762233163355e+02  4.178924328781134e+00  2.087646504063398e+01
  2.603169713395824e+01  3.346539817172141e+00 -2.125529071590015e+01
  4.347736836677856e+01  1.542753300183831e+01 -4.635694806943214e+01
 -1.019567172945415e+02 -8.752597617743342e+00 -4.472669074688557e+01
 -8.197981843981051e+01 -4.423398209505343e+01 -1.586912625086724e+01
 -1.014404220073802e+02 -1.678324197792186e+01  3.054688703039725e+01
 -2.824363293084483e+01  3.187473861492327e+01  3.726484942580247e+01
 -5.695971060383274e-01 -7.173165152576813e+00  1.424968010325767e+01
  1.489942413156292e+01 -4.949633962352831e-01  9.705711720084745e+00
 -8.671115831954494e+01 -3.668862921655361e+01  6.383282862325470e+01
 -1.232756890566954e+02 -4.839230100269293e+01  4.631789482636854e+01
  3.114704795450096e+01 -3.119700411051866e+00 -4.154228300087340e+01
  1.851487267763234e+01 -2.003014452179177e+01 -7.633444558339102e+01
  7.522557501347681e+00 -2.483703784990878e+01 -5.476560632567121e+01
  1.629305722405699e+01 -1.368975963718430e+00  3.312802209866426e+00
 -1.473641771170484e+01 -4.554974493197207e+01  5.783879517227750e+01
 -1.330557343232812e+02 -1.768944551827144e+01  4.251291927815673e+01
  8.169605047757940e+01 -3.301279626391052e+01 -7.734113602029200e+00
  1.599548014921365e+01 -1.141816594906799e+01 -3.020185447972545e+01
 -5.308142333240515e+01 -3.238846790774410e+00 -3.559636185397397e+01
 -1.274839307697184e+01 -3.335081597336767e+01 -1.977066961031056e+01
 -2.889334588822198e+01  2.370325214547855e+01  1.652426867060983e+01
 -2.945497768694148e+01  2.927181668353348e+01  3.931631951582625e+01
  1.673064922401565e+00  9.463353220978806e+00  2.073653187225592e+01
 -2.401311157683321e+01  3.237958267560519e+00  9.890090033116229e+00
 -5.434996840312873e+00 -1.521923485651175e+01  1.160255501242734e+01
  2.991655617108571e+01 -6.465885525030178e+01  4.213296131813490e+00
 -6.240520599955134e+01 -4.308833551290985e+01 -3.242530759455629e+01
 -4.715534167058261e+01 -2.292146806349770e+01 -6.253279060477703e+01
 -1.731046628582797e+01  2.395430289093569e+01 -4.450646189021577e+01
  5.773059924449984e+01  2.771270744863611e+01 -1.433836413870239e+01
 -7.001596135757282e+00  1.581011542239334e+00  7.435295977962764e+00
  1.153148673812825e+01 -8.228343717623034e+00  3.610636236361862e+01
  5.686891259492444e+01 -2.954616542427821e+01  1.322033603566475e+01
  4.280933155667955e+01 -1.256214581952709e+00 -4.030668765030109e+01
 -5.604513573909583e+01  1.402890183029126e+01 -2.922313838592083e+01
 -1.066426711605543e+02  1.057852870332324e+01  1.854380679718080e+01
  2.029242438023091e+01  9.209383190319468e+00  4.405222142015698e+01
 -2.980282197511706e+01  3.033003603378885e+01  6.211590981270611e+01
 -9.212277576670676e+00  6.214661444140981e+00  2.649400396438066e+01
 -6.474812628296332e+00  8.689711327847709e+00 -1.782478897994084e+01
 -4.669239221632050e+00 -1.329547328672945e+01 -2.214584542808624e+01
  9.864454025404861e+01 -8.839152195459047e+01 -1.167192687088192e+01
 -7.758204228070147e+01 -7.839027119124361e+01 -1.670649638125349e+01
 -1.020507325436797e+02 -4.030496791298984e+01 -2.089415046496295e+01
  6.779681559263867e+01  6.717581005161495e+00 -2.494524613254170e+01
  2.644921342725396e+01 -4.504086963904044e+00 -3.855561627536446e+01
 -5.687547944616563e+01  2.740963435047718e+01 -2.389351245415573e+01
 -3.570041386238955e+01  9.165740565943299e+00  1.772748663491505e+01
  6.162450178006171e+01 -1.544308676587171e+01  2.404434319188065e+01
 -4.481638017775472e+01  6.752761715336106e-01 -5.706303592447129e+00
 -8.806371276570971e+01  3.306959609950705e+01 -1.905620809573338e+01
 -7.094883959858399e+01  4.584256820496645e+01 -9.335985273221972e+00
 -1.126946186922318e+02  1.398493399893506e+01  3.206358632631113e+01
  2.184809604030959e+01  2.247908895957265e+00  4.363882589606576e+01
  6.010505025829652e+01 -1.246701677816893e+01  3.349456094001783e+01
 -6.151123536781665e+01  2.439736368243039e+01 -1.808563570282275e+01
  4.167355699259245e+01 -1.519590401574012e+01 -5.938727170649230e+01
  1.464369249685417e+02 -4.494141053566181e+01 -3.460393269105052e+01
  8.996117807696115e+01 -7.196663160217524e+01 -9.344460023969480e+00
 -6.374083378965514e+01 -2.484707871462879e+01 -1.384135720013291e+01
 -1.839178110946690e+00 -4.837076719959824e+01 -1.224443602541649e+01
 -2.455642132919164e+01 -1.422725533774256e+01 -7.495246011689711e+00
 -1.290157596612650e+02  1.834833840344811e+01 -1.084355999889142e+00
 -5.119606315415129e+01  3.542017980721936e+01  1.409221939194158e+01
  1.714315255163862e+02  1.010654860028408e+01  1.850015916205171e+01
  6.339721977550735e+01  1.341333089109255e+01  2.425459813999034e+01
 -1.877061495357554e+01  1.233623703093625e+01  1.064750968802659e+01
 -1.300743721931169e+02  1.975419147165926e+01 -2.788300240166365e+01
 -1.053174714475170e+02  4.589472911468714e+01 -5.052366136905810e-01
 -5.493784512653067e+01 -5.779301572565326e+01  3.292858745381841e+01
 -3.323847316519443e+01 -2.566406590233386e+01  4.218159479889275e+01
 -1.290184964603473e+02 -3.348895436396742e+00 -9.168042072174174e-01
  3.739859026115374e+01 -2.528757242790286e+01 -4.566333273994498e+01
  9.882299915013546e+01 -1.342660822961328e+00 -4.721848467116487e+01
  1.039326141535895e+02 -5.049982780633045e+01 -2.420433344862824e+01
  3.898220708850823e+01 -2.477769278128465e+01  6.402877139784243e+00
  3.035664253265117e+01 -3.565303423469677e+01  3.518410724310722e+01
  1.805577948022083e+01  8.239436036886401e+00  2.952686196368985e+01
 -8.644789989634154e+01  3.866648973657031e+01  7.676709922464541e+00
 -5.785624052331219e+00  7.615488381469521e+01  1.450052546879523e+01
  6.526283353513548e+01  3.298720540730264e+01  2.059413430408708e+01
  1.619876465968117e+02  2.060956128513924e+01 -1.225907952460360e+00
  1.171508740592335e+02 -6.755753929106622e+00 -7.635417184789935e+00
  9.870781172368643e+00 -3.919735027412545e+01 -2.050606755307835e+01
 -8.073952157229684e+01  1.793023803540420e+01 -1.464187525302170e+01
 -1.652144647084122e+01 -5.969321735975136e+01 -4.423524119843446e+01
  4.278357020342838e+01 -4.074952712127610e+01 -4.250320379021915e+01
 -2.059618121691322e+01 -6.771331097540373e+01 -9.898757629646983e+00
  1.344984259462020e+01 -5.484268292842065e+01 -9.372188634373176e+00
  1.248130743893425e+02 -8.149905588328320e+00 -2.559693703213061e+01
  9.591546691568425e+01 -3.913901839697110e+01 -1.332361414397587e+01
  4.165149597718229e+01  2.919590491091007e+00  5.299760723784534e+00
  5.400757637123064e+01  1.044525624689796e+01  3.243870584958331e+01
  1.323165406090071e+02 -5.463535499260098e+00  6.382736949761860e+01
  7.084598395830876e+01  2.813964540250204e+01  4.942998413887328e+01
 -6.848897689450915e+01  3.972427835323936e+01  2.046651974489972e+01
  3.967419246993884e+00  1.428650814305641e+01  6.520693492087958e+00
  1.339821911415195e+02 -5.159192990796596e+00 -1.481550138306042e+01
  1.358708674561966e+02 -1.437950431003672e-01 -4.548052244281811e+01
  8.993267185270827e+01 -5.621105626161597e+01 -4.205128225562765e+01
 -5.027503115003600e+01 -1.814920898235881e+01 -2.471392400175552e+01
  1.115048504730580e+02  5.146768447912734e+00  2.511122407804259e+01
  9.048591164312371e+01 -2.103511123960324e+01  4.156392164109830e+00
 -4.952952945510576e+01 -5.697325211626645e+01 -8.968307212090926e+00
 -4.839707718363482e+01 -3.321999024696242e+01  6.233357006953259e+00
  1.147304792838067e+02 -1.243597826395508e+01  1.849685561543024e+01
  6.277911345256729e+01 -1.674648258745428e+01  1.140298237794972e+01
 -1.648489661377283e+01  2.369020276527516e+01  1.013073754726892e+01
 -9.824997854090634e-02  2.638599869842290e+01  2.361241977381642e+01
  7.293259099673357e+01 -1.459582618877712e+01  4.229950693818128e+01
  7.040225113338104e+01 -3.641535580389513e+00  4.852102370444344e+01
 -5.331685608858891e+01 -2.946465377276287e+01  3.406321567099199e+01
 -8.182019674630985e+01 -2.160511264555622e+01 -5.185101939064998e+00
  1.415248355706852e+02 -1.493532004077329e+01 -2.982665195373161e+01
  1.160779707523550e+02 -5.143472623172181e+00 -3.922633983775880e+01
 -2.958883673732736e+00 -1.652146585724884e+01 -4.810275890087327e+01
 -2.963849620698075e+01 -8.857423568430265e+00 -6.310911467229651e+00
  4.869436246145690e+01  3.703767560044052e+01  9.170522562133149e+00
  5.774121988540009e+01  2.492483555268648e+01 -3.069131724094012e+01
  1.433318618191993e+01 -5.598714286934954e+00 -2.875361682614323e+01
  7.870930912170657e+00  2.033912387909328e+01 -5.821061530804887e+00
  3.632864967888210e+01  2.049059367840478e-02  6.813668037292439e+00
  4.508636638692447e+00  9.439132326996404e+00  1.461056597613828e+01
 -1.780045933316200e+02 -8.051146539524334e+00  9.123936081975737e+00
 -1.903009220515255e+02  1.792244002748303e+01  8.082327019286080e+00
 -8.340250617462041e+01  8.909215376280601e+00  1.604112584571082e+01
 -3.290499157495658e+01  7.968661656672282e+00  1.821381762340571e+01
 -1.360963493330523e+02 -3.846371467741571e+01  2.219445116234345e+01
  1.980968883154378e+01 -9.237648663942064e+00  3.270057249552883e+01
  7.038471712663657e+01 -1.334278394866372e+01  1.081583875766558e+01
 -7.018504774942187e+01 -1.905790128286090e+01 -3.449642072568123e+01
 -5.750045447053425e+01 -1.974334273813270e-01 -3.294334182917384e+01
 -7.025664647868774e+01  1.177448732068725e+01  9.864100174871457e+00
  2.396959040013481e+01  9.555400874910282e+00  2.484681980660977e+01
  1.422292088629255e+01  3.248892908156778e+01 -3.014928522669098e+01
  7.595557117469516e+00  1.870274302969163e+01 -6.294348740831686e+01
  1.625172265230349e+01  4.702875089198355e+01 -4.099489437934911e+01
 -8.705015649957861e+01  1.344546958598791e+01 -1.522645589452420e+01
 -1.110772516401624e+01  2.589939026606297e+01 -1.349866807617401e+01
 -6.791117981494364e+00 -9.592750029230608e-01  1.639755011118174e+01
 -8.408789804803823e+01  2.189005999956540e+01  4.550101280356301e+01
 -6.389666169777897e+01  3.006598074655617e+01  3.685979806287138e+01
 -5.042545897101368e+01  3.441621111012402e+01  2.802103735906686e+01
 -4.716325410997375e+01 -2.399733459545160e+01  1.377556306072175e+01
  4.690426022017031e+01  9.174433067001907e+00 -5.150053040426720e+00
 -2.623934682995893e+01 -2.041884745870023e+01 -2.587349410909991e+01
 -3.423397722886519e+01 -3.996557985410389e+01 -3.991184401026720e+01
 -4.249572282076125e+01 -2.755331618480556e+01 -1.094999326569672e+01
 -9.484418354590528e+01  1.890984103259703e+01  3.306899493402508e+01
  1.041698931022902e+02 -2.141227834985268e+01  9.420549997173834e+00
  1.398796110935395e+02  1.377685560820230e+00 -2.775241018887140e-01
 -2.502130896930815e+01  2.296879139463876e+01 -3.510885987220477e+01
 -3.691522537273006e+01  7.065183762240102e+01 -4.598669427499612e+01
 -6.243275448054631e+01  2.766429732885465e+01 -1.701618541079643e+01
 -1.195414034030688e+01  4.470922338275079e+01  1.386800782071386e+01
  1.455653174858766e+02  3.193041413776842e+01  2.434795283553877e+01
  1.602865673551173e+01  2.136307394382553e+01  6.127792010082183e+00
 -8.407885772744575e+01  1.492334605621241e+01 -9.140078203857222e+00
  5.623425257896057e+01  2.346538177419572e+01  7.394910989517696e-01
 -1.495542523781492e+01 -8.170100065498959e+00  1.959964502923733e+01
 -6.856922734335145e-01 -6.481342033828992e+00  2.284986083945931e+01
  1.026349824685901e+02 -2.759885363296235e+01 -1.077900668426200e+00
  9.041067698984492e+01 -4.498454094118587e+01  3.813046556258721e+00
  1.377112760286433e+02 -2.963266351977000e+01  3.909364779005605e+01
 -7.581058516564106e+00  1.191646568233130e+01  2.898479154814036e+01
  5.970858731003678e+01 -2.321147131602403e+01  2.742075329540170e+01
  1.587491138940836e+02  6.884503606884259e+00  2.746363444385269e+01
 -1.916536045253475e+01  2.401345708793469e+01  8.353893998995014e+00
  1.000575364727756e+02  5.030783279206180e+01 -2.285601202787986e+01
  9.431291839330694e+01  3.422389128728281e+01 -4.702031012705724e+01
 -4.435339779958900e+01  4.644764367681756e+01 -3.490566783861981e+01
 -3.036021366680301e+00  9.787022518495455e+00 -5.321060126598784e+00
 -5.918563612778888e+01 -3.634145482145394e+00  5.151222495117930e+00
 -4.476479201618294e+01 -3.231907338792411e+00 -1.141685249198641e+00
  1.210493538491745e+01  7.532418221437170e+00  6.028579649339866e+00
 -1.980648538253533e+01  7.269515237171880e+00 -3.791786733950952e+00
  4.015869362952611e+01 -1.526526059379110e+01 -2.217508393958223e+00
  1.378413794852405e+02 -1.407805797337265e+01  1.203500985449858e+01
  2.875602569451047e+01 -3.377214702482116e+01 -5.223850908526550e+00
  1.376602117501885e+02 -2.348474219729800e+00 -1.211308146282753e+01
  2.236265229658575e+01 -2.810710737538756e+00  4.981336029936103e+00
  2.452978596538987e+01  3.566434344158334e+01 -6.146987390727335e+00
  1.491472182295887e+00  5.365996603184004e+01  7.580124973166470e+00
  8.801159996702264e+00  3.923250171784924e+01  1.916873619415363e+01
  1.352774581981492e+02  3.747207748222745e+01 -7.301787343374202e+00
 -3.278984321784088e+01  6.569329209320293e+01 -2.042704758464450e+01
  1.003502434700773e+01  3.440554346360017e+01 -2.421186832598964e+01
  9.179528607227115e+01  7.273021484046956e+01 -2.723936559672136e+01
  6.187310723510411e+01  1.710209527856819e+01 -3.177644081822698e+01
 -3.105342469213987e+01  4.089219388772021e+01 -2.246731041233522e+01
 -1.109250922667096e+00  2.850963206841661e+01  1.259572744800721e+01
  3.606998588719342e+01 -3.237942170223201e+00  1.875824880138609e+00
 -2.426322683609836e+00  3.334438262412150e+00  5.676084144124012e-01
 -4.844432100693548e+01  9.177893823695557e+00  1.307529984002518e+01
 -6.394572687257806e+00  3.984740889667933e-01  2.476875233490342e+00
  5.969950664536866e+01  1.368146511803430e+01 -1.529892436533965e+00
  1.473161599679149e+01  2.597374475112403e+01 -3.620982088130531e+00
  5.494097891097024e+00  4.045778799850282e+01  1.565356466480682e+01
  4.573433259260462e+00  6.016086514767577e+01 -7.127577212459902e+00
 -4.209132108108730e+00  1.116612628456361e+01  3.466147404864154e+00
  4.825904496147658e+01  3.292031840793974e+01  2.045511052727326e+01
  2.587499075514884e+01  3.214946651089286e+01  1.512952881729530e+01
  7.365226305213446e+01  2.018883304498392e+01  1.185768384821783e+01
  2.396108115065950e+01  2.967571951270369e+01 -1.230433143844106e+01
 -1.462735488424758e+01  3.162792010409925e+01 -1.303296868909789e+01
  5.517616956405658e+01  2.252760975900625e+01  7.565761888486991e+00
  5.098478939353200e+00 -6.910621998153710e+00 -4.013114044265942e+00
 -1.576735181162661e+01 -6.830542635538825e+00 -2.504700391769058e+01
 -7.113766261654639e+01  3.641148257324440e+00 -1.052283891609121e+01
 -5.476127868400341e+01  1.330647809312346e+01  1.081894287673918e+01
 -7.828764858707561e+01  1.445805026709436e+01  1.150876051357323e+01
 -2.945441983084587e+00  2.049440304255271e+01  2.769405045659527e+01
  1.076188649149576e+02  5.600040181269217e+01  3.385160472550670e+01
  4.857392880226259e+01  2.124789477012513e+01  2.129621718365407e+01
  1.507403559939476e+02  1.085303162697052e+01  7.375750547284508e+00
  1.043981693865627e+02 -1.484552395629406e+01  1.162531438008060e+01
  5.102272655098767e+01  1.026937737090750e+01  3.216113394940645e+01
  7.784140313903168e+01  6.277910228615366e+00  1.283497940657741e+01
  3.313053842411001e+01  1.862838723004314e+01  6.138450956844713e+00
 -4.444874577618722e+01 -1.582780210640716e+01  1.221046903496092e+01
 -5.916765107973707e+01  7.308526491804490e+00 -7.392196209916341e+00
  5.116305798019423e+01 -3.361884504591259e+01 -6.645994863216131e-01
  2.558623444905291e+01 -4.967303393458840e+01 -2.553648293669461e+00
  7.357642813262071e+01 -1.098970118906701e+01 -2.414421549642443e+01
 -5.295034963927385e+01  2.572242409446120e+01 -1.461982205621409e+01
 -7.640277203656157e+01  3.550969252388007e+01  2.218851830117897e+01
 -7.628927551730736e+01  5.191296898954793e+01  6.576040628697720e+01
  1.355366723179285e+02 -1.098033487255669e+01  4.959027545365534e+01
  1.343643456091611e+02  4.238456533113661e+01  1.806688359664832e+01
  3.269184420770600e+00  1.893867702604045e+00  3.115390523487230e+00
  8.674995131228178e+01  1.059319107996216e+00 -1.306391557940533e+01
  8.474430989916863e+01 -2.173368201284416e+01 -9.981322834139416e+00
  1.774728077759245e+02  5.693800148717217e+00  6.921352547783963e+00
  9.957144759419843e+01  1.758108042696493e+00  2.400778848823355e+01
  4.642834764796609e+00  9.071571069499580e+00  2.886202635774628e+01
  3.293174910734994e+01 -2.347186087298552e+01  1.151512014784251e+01
  7.847710402076186e+01 -1.437213843754515e+01 -3.561097208010153e+01
 -3.055721010776032e+01 -4.250682714639566e+01 -4.211965097343671e+01
  7.031371524917260e+01 -3.390555471492502e+01 -1.748772007474635e+00
  4.484936387741111e+01 -1.594294450779003e+01  1.743902485706033e+01
 -1.805809806438832e+01  2.538538549686678e+01 -3.796192846355050e+00
  1.037473890861532e+02  3.063961503905848e+01 -1.462056862072357e+01
  3.016462700741664e+01  3.958699661337046e+01 -1.573773739829909e+01
 -4.854451483180026e+01  3.789531394541150e+00 -1.923261416616324e+01
 -4.185804329358079e+01  2.082640470469192e+01  4.297378428266081e+00
 -1.803242221668975e+01  2.111859048705697e+01 -2.076834660084970e+01
  7.470494460141745e+01  3.249349456005912e+01 -1.515483617970908e+01
 -5.622769216457048e+01 -1.287903824985640e+01  1.067251783618392e+01
  1.744653512054443e+01  1.478243255673409e+01  1.697251188890760e+01
  1.618667926079562e+01  1.557496366765454e+01  1.041030153828295e+01
  5.651762499261309e+01  1.963465473419088e+01 -1.844610805304173e+00
  6.184604773167138e+01 -6.810153600610736e+00 -1.729325474541297e+01
 -2.089419130870558e+01 -1.997104462699693e+01 -4.158366959406150e+01
  3.284003982308943e+01 -2.049032672825730e+01 -1.726586548673475e+01
 -9.252828974139753e+00  1.635500044586525e+01  2.464954244483827e+01
 -1.033741556941355e+02 -1.101803585213855e+01  2.267904159180679e+01
  9.004698983681860e+01  3.281758469492117e+00  4.275277378709863e+00
  4.759937296021451e+01  1.437977409540134e+01 -1.366381680174511e+01
 -8.138377175758902e+01  1.420338528278694e+01 -1.989817572841044e+01
 -1.690171205020731e+02  4.911391625172974e+01 -5.896501531964132e+00
 -1.718508479592407e+02  1.872613738345783e+01  1.458036394596467e+00
  7.241771653023360e+00  1.561493957361144e+01 -1.121508248470322e+01
  3.558231907146801e+01  5.185985480406373e+01  8.949665987247624e+00
 -5.001781340464624e+01  2.983190470548098e+01  2.437124058911783e+01
 -1.143951786273515e+02  2.311186192629011e+01  1.480431247836205e+01
 -9.484775195176013e+01  1.331257724092130e+01  5.576206852402834e-01
  5.254935749197047e+01  8.372268357431521e+00  1.165995958874297e-01
  2.363769193989973e+01  2.210289437840237e+01 -6.363674670021010e+00
 -4.984601257586750e+01 -2.390858885395620e+00 -1.750125757719178e+01
 -8.204081742317550e+01 -1.435943879874587e+01 -5.862086445296011e+00
 -4.228440220428837e+01  1.914572461248692e+01  2.123912421512012e+01
 -8.168166595092410e+01  3.055309803858338e+00  2.177489184011687e+01
  8.830239276459254e+01  1.116958488650171e+01  1.374151742451815e+01
 -5.722088814923253e+00  2.583219456366329e+01  7.056005086524747e+00
 -5.498124138727027e+01  1.870844054171888e+01 -9.253344625733275e-01
 -3.105397385621075e+01  3.243217286795407e+01 -8.492310547573798e+00
 -3.229421926151204e+01  3.236044025926577e+01 -1.859802360796458e+01
 -2.035172363269775e+01  2.762569827188194e+01 -2.112891382687494e+01
  1.471942179809254e+01  4.201602941106043e+01 -2.123322859630253e+01
 -2.732675978934837e+01  5.516922516195839e+01  2.687110292223855e+00
 -2.618436801818191e+01  3.283752604749191e+01  1.220235115909076e+01
  1.066557562516993e+02 -5.186446490953319e+00 -4.143169049474741e+00
  3.463224199280994e+01 -1.228135005840418e+01 -1.730291976145173e+01
 -5.452109149133905e+01  9.863238698820528e+00 -3.112977550680328e+01
 -1.789668026940985e+01  1.769707363872257e+01 -3.556286830701198e+01
  2.766014374519473e+01  5.241059252533734e+00 -1.811906409599122e+01
 -4.741136940658888e+01  1.032869409092276e+01  4.822466839475770e+00
  1.214723834859355e+00  8.462969589283020e+00  2.301428339758175e+01
  1.047333590926221e+02  1.033851413231599e+01  3.987751280582494e+01
  6.869660238316136e+01  1.211887353869124e+01  1.156001587483612e+01
 -2.729638123908414e+01  1.202348424165438e+01 -2.549496848152897e+01
 -1.300467685702735e+02 -5.959694162738431e+00 -1.905408174698569e+01
  4.385064251070598e+01  1.512428240053257e+01 -1.362194031958439e+01
  1.569319173957488e+01  4.356286368983587e+01  4.000345832242269e+01
  8.366979891234872e+01  2.167881197168849e+01  5.390345987866858e+00
 -2.157159495459860e+01  4.689372016992085e+01 -1.190483561886507e+01
  3.317186444589417e+01  1.434161508546187e+01 -1.799853915385940e+01
  1.011304374519007e+02 -1.982512300830717e+01 -2.069311578372673e+01
 -8.774584936227180e+01 -4.119595439873543e+01 -1.584731554374617e+01
 -6.885442891710989e+01 -1.372900651209242e+01 -2.129880994178883e+00
  8.404469490607423e+01  6.617773731203837e+00 -3.366842699031473e+01
  5.217572226459586e+01  8.333598722025961e-01 -4.393557046756855e+01
 -6.424063369809568e+01  1.231541608420532e+01 -3.010052666754211e+00
 -1.830434355104723e+01 -7.213314778779895e+00  3.671913807294955e+01
  9.482996823397538e+01 -2.992884962835484e+01  3.104851633546212e+01
  6.925271565632896e+01 -2.297713857143329e+01  1.207970949506522e+01
 -5.656443179209597e+01 -1.976035974801362e+01  1.302339608334273e+01
 -1.162163492845864e+02 -1.232070102689677e+01  1.012289014480364e+01
 -1.829475824556596e+02 -1.588964341980161e+01  4.132386911890467e+01
  1.191356766922701e+02 -2.302774174506648e+01  2.193361226291002e+01
  1.011142547930275e+02 -1.796916316259657e+01  2.823369061367124e+00
 -2.553213514232671e+01  2.086861733347833e+01 -2.103546896039390e+01
  8.303693753364647e+01 -3.432735762587083e+01 -2.227693794185070e+01
  1.170710857218439e+02 -4.026030856830637e+01 -2.471276147680039e+01
  6.052377473786554e+01 -6.175411787680915e+01 -1.842524737029024e+01
 -4.017816637675457e+01 -3.685766623170974e+01 -8.700829360826983e+00
  5.677982080112309e+01 -1.669938360007599e+01 -3.513653661171086e+01
 -6.408239782329582e+01 -1.276744768131519e+01 -3.173778569967564e+01
 -1.761399696301216e+02  1.977889391931234e+01 -4.500762473394193e+00
 -1.381737338325130e+02 -4.658902327314542e+00  1.493727126508032e+01
  9.149728855712252e+01 -3.534449374218480e+01  3.903172381181297e+01
  3.652014678745253e+00 -4.488277187261646e+01  3.304944471053788e+01
  4.734127669498008e+01 -4.950747485870687e+01  3.765031793145828e+01
 -6.850039751844697e+01 -2.501619604396993e+01  5.088333946956172e+01
 -1.242389511457043e+02  8.546381648206687e-01  3.545089580300065e+01
 -2.347656789941341e+01 -6.614132394581966e+01  3.645436888552162e+01
  3.787755324090738e+01 -4.731932744597457e+01  7.397728170196446e+00
 -4.494029156821280e+01 -4.953602132510989e+01 -2.867023944413204e+01
  7.279084006653108e+01 -4.638083920172383e+01 -4.913167012973919e+01
  3.279101226307159e+01 -2.716347106108385e+01 -4.267165424968334e+01
  1.001301068543790e+02 -2.527208191845504e+01 -1.420599400422391e+01
  2.635218906941002e+01 -5.217578270345163e+01  8.834106667868522e+00
  3.035037924839525e+01 -6.010495477736679e+01  2.196491571223866e+01
  5.722937808279484e+01  2.316897664441297e+00 -1.168205779081159e+01
 -1.081765491369115e+02  1.630122455190070e+01 -3.024819125837184e+01
 -5.257993947294624e+01  3.359732641712081e+01 -5.288565026901257e+00
  6.829413945709695e+01  2.705620914021629e+01  9.794404619839250e+00
  1.822105363296870e+02 -3.557544460302528e+01  2.450873647386816e+01
  4.847515922586443e+01 -5.289326676172224e+01  2.599846797216473e+01
  9.912343977425090e+00 -4.658201953786051e+01  5.124384066317057e+01
  2.297819373954417e+01 -1.401942242449893e+01  6.115887509679651e+01
 -3.584574652846244e+01 -3.668098563075014e+01 -1.443413870308853e+01
 -6.808032103118396e+00 -4.381571087921269e+01 -9.932058354649378e-01
 -5.569879370456234e+01 -6.464274897792190e+01  1.492555971201346e+01
  7.796918663347046e+01 -2.944700880817082e+01 -2.398456755276084e+00
  1.433567248313402e+02 -7.652067381508058e-01 -1.239579581985551e+01
  7.853877076921671e+01  1.325917820439027e+00 -2.200401573696591e+00
 -2.442503762461941e+01 -2.306707425393327e+01  1.645232597131607e+01
 -2.028007108777112e+01 -4.761423293058597e+01  3.268180812894101e+01
  1.418296099512155e+02  1.041845349622432e+01  2.079099388300235e+01
  1.141496220120088e+02  1.412528215314760e+01  7.429930503013617e+00
  6.238125341840127e+01  5.891095174004649e+01  8.375836433860972e+00
  1.077211527733709e+02  3.810754834004653e+01 -3.973185147010407e+00
  1.534570732988026e+02  3.676686214638227e-01 -2.425281689098847e+00
  1.291808873817486e+02 -4.552422976687680e-01  1.849466551792971e+01
  6.504973473687025e+01 -2.176119184443942e+01  1.503529637405988e+01
 -5.927419044611354e+01 -2.853890976909014e+01 -2.716358676226460e+00
 -2.072720199439812e+01  8.250241265656415e+00 -7.711760532894818e+00
  9.095557943294273e+01 -6.834558637946852e+00  2.132626547200472e+01
 -4.308964791546121e+01 -2.435237815615633e+01  1.497888547798980e+01
 -9.524406511243841e+01 -3.699978829164928e+00 -1.598550790160896e+00
  1.142230675528496e+02  1.713800061932047e+01 -1.234169267020129e+01
  1.299941101788418e+01  3.969037403898841e+00 -2.920464264376345e+01
 -2.481835311145478e+01  1.493658648394013e+01 -2.121314824624671e+01
 -3.645313206427987e+01  9.443802732085366e+00  2.486160119796610e-01
  4.412573640919446e+01  3.064457321783899e+01  1.379249517504040e+01
  1.079469423253367e+02  4.028378289216744e+01  3.242313751770222e+01
 -8.415663539254137e-01  3.459596129670394e+01  2.707156696604876e+01
 -5.847199217230605e+01  4.674968842689242e+00  4.583422288069278e+00
  1.620295574508215e+02  1.663260517364537e+01  3.880243216184844e+00
  1.143037049114579e+02  2.424334887721467e+01 -1.156038591194121e+01
 -1.608037818550812e+01 -2.575315520637490e+00 -2.837973920926000e+01
 -9.248253843887022e+01  1.140367948532208e+01 -2.614101176722933e+01
  8.390561368392748e+01  2.220715744648725e+01 -1.547452490387287e+01
  1.137516249928489e+02  1.851480130293140e+01 -1.844602864953012e+01
 -5.035218112914126e+01 -4.788851259620904e+00 -1.013830948441975e+01
 -1.470292157304657e+01  8.044768093687511e+00  1.711800453808060e+01
  8.406918180013275e+01  3.515216647847408e+01  1.441580723964066e+00
 -4.171692690733211e+01  5.162739918140561e+00 -8.428539011272147e+00
 -1.290091952033652e+02  1.771608580505164e+01  6.736571308181939e+00
 -1.878783182849599e+02  1.287071039485834e+01  1.846025848056112e+01
 -1.146826123549083e+02  3.314359513358703e+01  2.103697821630146e+01
 -4.494088487960616e+01  2.623841117042335e+01  2.436014347254157e+01
 -1.048994117238832e+02  1.658888106290996e+00 -1.846028696012006e+00
  3.450824593589261e+01  3.491881068171603e+00 -4.430006728672120e+01
  6.414517110572280e+01  2.265930704987207e+00 -4.415106725728250e+01
  9.361730362221325e+00 -8.487653410959012e+00 -2.060738283527414e+01
 -4.002388131149208e+01 -2.417616736885714e+01 -1.418160423060890e+01
 -6.264984240936718e+01  2.308773330886858e+01 -2.473279303213425e+01
  9.308832686179750e+01  8.991544531367474e+00  9.604143839314155e+00
  9.571223957205474e+01 -9.381212123796615e+00 -2.430112146316130e+00
  4.450906685495934e+00  1.078003041742275e+01  2.379981088005152e+00
  3.182943073451808e+01 -1.414687497230886e+01  3.999094807216046e+00
 -4.893086622088515e+01  2.075652368802043e+01 -3.376613553840753e+01
 -4.751867615503149e+01  8.438948108593641e+00 -2.748037392391787e+01
 -3.752468073944451e+01  2.292577527733064e+00  2.866082769046198e+01
 -5.026012126462861e+01  3.275035320692132e-01  3.912297413416946e+01
 -4.079332940526636e+01  1.187328794969694e+01  9.459340225393472e+00
 -7.276420099055354e+00 -1.396115448559219e+01 -1.104740506813561e+01
  4.625467487449552e+01 -2.320946378567186e+01 -1.669864650629468e+01
  6.833920405752832e+01 -1.667818267786850e+01 -1.736623235136728e+01
 -1.440686857234560e+01 -1.107005229752400e+01 -2.421451852800233e+01
 -4.565970605960045e+01 -2.352121159453031e+01 -2.346246019921460e+01
 -8.250931988099386e+01 -1.653002398595175e+01  5.890967051038022e+00
 -8.419737228010933e+01  1.165082728311881e+01  1.998047406907420e+01
  7.487417447173172e+01 -6.609633609465992e+00 -3.768789483160699e+00
  1.581285386524756e+02 -1.424967403877099e+01 -9.806765041542221e+00
 -3.396030105355272e+01  1.186311431175251e+01  1.316128504752709e+00
 -1.832570808854686e+01 -1.781991474857359e+01 -4.945458428637988e-01
 -1.040899091202536e+02  9.282635575770399e+00 -2.671257405310500e+01
 -4.633666999957222e+01  2.647474228211462e+01 -2.817823279512542e+01
  5.938086578588702e+01  1.640331694739511e+01  8.620370543343718e+00
  3.948686045752527e+01  5.337983405350638e+00  4.747519058332140e+01
 -2.284851721635381e+00 -1.065065748820826e+01  4.211029563196359e+01
  5.049103048992494e+01 -2.315026357169058e+01  2.727835305976984e+01
 -4.961648980276892e+01 -4.472326978734637e+01  2.516882996476194e+01
  3.554373283836206e+01 -2.521353402455420e+01  1.663404056400590e+00
  1.139083071442161e+02  2.910622805749297e+00 -8.805493683660035e+00
  6.171248058943338e+01 -4.388336090942632e+00  3.544416630584484e-01
  1.003098407186515e+02  4.432745373876847e+00  6.930760151388521e+00
  6.057115718615983e+01  7.312793738497808e+00  6.567681893265911e+00
  3.121447077649922e+00  8.915402616093614e+00 -1.119091646412942e+01
  7.005425192154981e+01  1.027902202857510e+01  5.099425408148083e+00
 -2.448895809805882e+01  2.692759599806740e+01  2.195907813016237e+01
  1.586240874826497e+02  9.971997803221882e+00 -2.673119923479779e+01
  7.664886325943527e+01  4.764292421384630e+01 -3.495377962194773e+01
 -3.838572890882644e+01  4.802389584609803e+01  8.892736338987865e+00
 -2.177633388640495e+01  5.451903228482625e+01  1.338294814167644e+01
 -2.224179479839071e+01  4.882680052495263e+00 -6.270485076727882e+00
 -2.130523879064846e+01  8.385623083274041e-01 -1.088897336097392e+01
 -4.434584610709546e+00  9.243799399719492e+00  1.979511655625608e+01
 -2.972516136202118e+01 -2.364737370037166e+01  2.549994626379153e+01
  8.449287880572911e+01 -1.601727717214542e+00 -1.100870102926537e+01
  1.005920006287810e+02  1.505942684374405e+01 -2.163273278950280e+01
  3.920124571561428e+01  1.487760774954660e+01  5.585935455635927e+00
  1.101030712128625e+02  6.264952173778617e-01  2.434642761795683e+01
  5.782345042862990e+01  2.592297608557732e+00  1.115916949879640e+01
  3.656765943629937e+01  1.434508455032588e+01  6.323210069591054e-01
 -2.814113778308675e+01  6.526444288648938e+01 -2.055423253698699e+01
  9.508913492265870e+01  4.138932521169723e+01 -4.549669891817661e+00
  6.150383547165214e+01  3.453687328590214e+01  3.308192690275842e+01
 -1.758539651068281e+01  2.229943286284858e+01  3.471180864826761e+01
  6.035105617761469e+01  1.343527442029469e+01 -1.551002762150905e+00
  8.435137578356171e+01  3.056546583486534e+01 -1.823846900924566e+01
  7.393491810321167e+01  9.031806354352243e+00  2.664620805382238e+00
 -1.329386775956472e+01  1.742175085998808e+01 -1.976263478171405e+01
 -3.277360312122878e+01 -6.000730870129622e-02 -3.749883001658199e+01
  3.053621829392254e+01  1.855543252451873e+01 -1.419900047099423e+01
  2.091415196436755e+01  4.293088683599858e+00 -2.438059479515058e+00
 -9.752088925007122e+00  4.338037586424203e+01 -2.923029209781028e+00
 -3.592840243201695e+01  5.358666124823608e+01  6.275343467645235e+00
  1.614710695989980e+01  1.362069856933836e+01  2.013599777272988e+01
  3.616067662669571e+01  2.854300910725528e+01  1.582755768385302e+01
  2.491584739842999e+00  3.303489949957115e+00  8.954052269107851e+00
  4.698759452995593e+01 -2.041946753962321e+01  6.979036132196882e+00
  2.467404104026600e+01 -5.827473784863880e+00 -3.407225314299328e+00
  6.279318806606729e+01  2.489721412636885e+01  4.364936078110517e-01
  9.865790908981461e+01 -3.046581785140173e+00  6.442548614223815e+00
  1.213859985671912e+02 -2.905176697077852e+01 -2.691131681412129e-01
  8.873176498479918e+01 -5.017573495565981e+00 -5.978879151826937e+00
 -9.715890332094904e+00 -1.326246625533972e+01 -2.288713598499073e+01
  9.171723831395082e+01 -9.485401568625861e+00 -2.610813910829302e+01
  5.722817698267681e+01 -1.169607047249434e+01 -2.446140176568399e+01
 -4.421260684894834e+01  4.267557360049738e+00 -5.140950681758174e+00
 -1.051908176997182e+02  1.542359769743554e+01  2.055296968249004e+01
 -4.312091433704705e+01  1.982536808492269e+01  1.107194750070111e+01
 -1.206270842561166e+02  5.136083342043214e+01 -2.369441999353890e+00
  4.622032767058072e+01  4.651576887718927e+00 -6.877756615810844e+00
  9.371895410008869e+01 -5.564829450135027e+00  9.741910077163536e-01
  1.021930487675425e+02 -1.014227309740998e+01 -7.898357792402595e+00
  1.033692318687320e+02 -5.323770164570291e+01  1.428623716591105e+01
  6.005839772831210e+01 -1.731602804514260e+01  4.535242653272589e+01
  8.599237935978110e+01 -1.810155076961600e+01  3.058562075137469e+01
  1.394210324555113e+02 -5.474298848603951e+01  5.290594032748082e+00
  2.897307497506853e+01 -4.646083771416158e+01 -4.445450412545282e-01
 -2.651825716878804e+01 -1.484882271240095e+01  8.644798588425914e+00
 -6.729937543569874e+01 -8.619063498386868e+00  5.607481174314009e+00
  6.058813823333540e+01 -8.476593404496708e+00  5.696048757429764e+00
  8.476132460865773e+01 -1.102502989303153e+01  6.552448564223239e+00
  2.203446018860967e+01 -5.746207076332079e+00  4.040029886645515e+00
 -2.555550803154021e+01  2.160538056870363e+00  6.287502275121694e+00
 -1.094209941270889e+02 -2.719147639217538e+01 -7.933745244178555e+00
 -1.077809758014286e+01  1.034521824345374e+01 -2.605735421687897e+01
  1.653782460915166e+02  8.947292288303171e+00 -2.590753433285736e+01
  1.849663530051911e+02 -2.072852022818515e+01 -9.533130244274531e+00
 -9.120893139445585e+00  7.633965793732846e-01 -4.979741330284592e+01
  1.198581188648316e+01 -1.416312402530522e+01 -1.704817810459642e+01
  7.875752458166964e+01  8.198193043903860e+00  3.280800704055815e+01
  1.552561935763451e+02 -3.429211934591542e+01 -3.471200669632424e+00
  2.861443863794008e+00 -4.857559957297135e+01 -7.688764292806038e+00
 -7.170329046856378e+01 -8.634685425975217e+00  2.845564698301933e+01
  5.946350415265805e+01 -2.640490005524554e+01  5.839388486016082e+01
  1.712513438376708e+02 -1.239472564309838e+01  6.924308910987732e+01
 -5.151296762545410e+00 -1.974193050384433e+01  1.967682361166956e+01
  3.712992167104635e+01 -1.433492335685787e+01 -1.340260012837550e+01
  3.150870735452164e+01  2.302740663353610e+00 -2.075339230824241e+01
 -1.020537792398921e+01 -3.118785211928246e+01 -1.597050534991776e+01
  4.400903396274344e+01 -3.260084249029742e+01 -1.598415584670266e+00
  8.306631530898568e+01 -1.025638289858825e+01  2.371977145551718e+00
 -1.011586346033366e+02  5.791907091974641e+00 -1.074794726513284e-01
 -7.080679565563298e+01 -1.338109764514768e+01 -1.924497843475370e+01
 -9.302422753974373e+00  1.025520887369768e+01 -3.874773727667234e+01
  1.558036209987307e+01  3.095719513635878e+01 -2.032836849084935e+01
 -6.288663191447666e+01  1.446178704939938e+01 -1.428977745534711e+01
 -2.665497578249903e+01  2.980087452552283e+01 -2.257473912230529e+01
  1.519610386129503e+01  7.696651773335081e+00  3.455078520531925e+00
  3.604081107945652e+01  3.251711494926224e+01  4.547217830097843e+01
  9.108508136366103e+01 -1.790600724789293e+01  4.996917486192800e+01
 -3.713009213622945e+01 -6.071131717290399e-01  3.159807793453085e+01
 -5.795749175052860e+01 -2.364963826587331e+01  5.748227887441617e+00
 -6.016455210724251e+01  1.643676389404675e+00  5.948244452764069e-01
 -9.274059827146621e+01  2.003074678257810e+01 -1.738311303473208e+01
  5.348721304075676e+01  5.045778056311224e+00 -1.898411978107411e+01
  3.876505372884615e+01  7.971994462076221e+00  2.323583568398446e+01
 -8.779030381478039e+01  6.332390820285981e+00  7.208313951463680e+00
 -1.991210473985827e+02  1.481431338328027e+01 -1.303624968956157e+01
 -1.765958373671896e+02  1.071899528348371e+01 -2.403472774044772e+01
  1.533005917070343e+01  3.955977497581419e+01 -2.487875522841999e+01
  2.985848848593541e+01  4.425700565461976e+01 -1.693449710506339e+01
 -9.827142240230798e+01  4.164818706663143e+01 -4.175982349089110e+00
 -7.603181406658312e+01  5.787387432944719e+01  4.691551585970762e+00
 -3.707817643739237e+01  1.447271008146874e+01 -9.671925841644189e+00
  6.043848147289403e+00  3.290747677495851e+01  9.019878465208354e+00
  1.501464027493659e+00  9.655454323350877e+00  5.611982686381224e+01
 -5.999506070360461e+01  1.872045112957223e+01  6.082790989786666e+01
 -6.825732376950896e+01 -2.197286941138204e+01  2.858721629301327e+01
 -2.257755702039594e+01  8.629704719991629e+00 -1.975581667887774e+00
 -1.609869356742637e+01  1.644464701780223e+01 -1.100058787464970e+01
  8.243469486825020e+01  4.854645449785485e+01  1.762976104241867e-01
 -2.573218019928342e+01  3.185551952920848e+01  2.408346902912943e+01
 -7.137496620977856e+01  3.030088184662483e+01  2.211701786617881e+01
 -3.846902826962615e+01  3.358231888422924e+01 -2.925133069143950e+00
 -2.932031059818071e+01  1.716573549470321e+01 -2.178444882968959e+01
 -3.121516857541129e+01  4.922451802369921e+01 -2.915558209762067e+01
  1.713178655004903e+01  4.933736893117160e+01 -1.053878161753391e+01
 -5.183850464617676e+01  6.015621720064011e+01 -1.385686834468711e+01
  7.866633497636680e+01  2.872385767866538e+01 -4.583624268356697e+01
  1.396591689701869e+02  1.658098863342851e+00 -3.115773131518255e+01
  8.756674284512073e+01  9.686056860937093e+00  2.099092865015884e+01
 -1.045826632427101e+01  1.872908241839855e+00  2.821067772607082e+01
  9.339324844173269e+00 -9.088370426403319e+00  2.035693485193288e+01
  7.222606035579871e+00 -2.762934990934205e+01  1.248891868939745e+01
 -4.415210142281399e+01 -1.086797150617134e+01  5.928811904554531e+00
  1.584977946043188e+01 -1.253976696458746e+01  1.375753463000925e+01
  1.287841137226530e+02  3.613346158818234e+01  1.847644490134506e+01
  8.888785142489384e+01  1.525116079395988e+01  3.611166247333122e+01
  3.709145022996168e+01  5.591000250119151e+00  3.250129254694058e+01
 -5.676913728626305e+01  1.767426712922983e+00 -2.016237330848108e+01
  1.300599030585699e+01  2.664602122875883e+01 -4.564315010099369e+01
  1.172611915939676e+02  5.632864122448744e-01 -1.916012191226307e+01
  1.428658225152309e+02  4.268089835896956e+01 -2.926522919117527e+01
 -2.323814734436345e+01  2.800383543873495e+01 -1.921505520435881e+01
  1.117255225993061e+02  1.615028084736908e+01 -3.642534483650722e+01
  3.578839635176541e+01  2.475951008057120e+01 -3.067102920886825e+01
 -1.153301564168421e+02  2.141992613171186e+01 -1.722022486812142e+01
 -2.812322248111058e+01  8.592270881172034e+00 -3.075432460801858e+01
  3.913910270775205e+01 -1.031369158803754e+01 -2.234052153958816e+01
  1.977002896228582e+01 -2.651144529472580e+01  6.733666524250086e+00
 -4.843961699605707e+01 -2.364052862122740e+01  1.432802161193724e+01
  1.138116890474085e+00 -3.044347044909318e+01 -1.189501259232123e+01
  1.427636751194759e+02 -6.650317199345432e+00  1.227305251683737e+01
  1.323552715509032e+02 -1.227517196221898e+01  5.581666235550339e+01
 -2.852100166777993e+01 -6.712764355421552e+01  3.493658558257253e+01
 -1.091303396431697e+02 -4.513250441155277e+01  1.997541615748868e+01
 -1.849429437840759e+02 -6.108120182126228e+00  1.454386223545716e+01
  2.003150595148911e+02 -3.234835106401080e+01  1.037934874260889e+01
  1.393360326686457e+02 -2.422663568938775e+01 -2.003770178030843e+01
  4.334295622693277e+01 -3.724464123375144e+00 -2.386319905317079e+01
  1.178587341130186e+02 -2.182492117440882e+00 -1.665933776485699e+01
  9.725283804132549e+01  3.021079024720465e+01 -9.055428603877381e+00
  8.513057574010835e+00  4.081120408844989e+01  1.211923424343390e+01
  1.867054416893936e+01  1.284032706966052e+01 -8.751059332251101e-01
  4.924016225468295e+01  1.977464368138558e+01 -2.277561754588177e+01
 -6.162061559538675e+01 -5.295619948125061e+00 -1.234751028759020e+01
 -2.282278226492275e+02 -9.139676915796848e+00  6.031014994651624e+00
 -1.775146592102016e+02 -1.945912049524736e+01  9.767268838511777e+00
  2.856423225689154e+01 -4.671400496847849e+01  3.433592990765780e+00
  1.698376449466550e+01 -4.461442466606458e+01 -8.396733131038408e+00
  2.263083855342170e+00 -9.368548116515733e+01  2.476749175058954e+01
 -8.839055234922476e+01 -6.638753050764464e+01  5.506378532583767e+01
 -8.040038729695031e+01 -5.038993023906103e+01  3.379374900966279e+01
  5.672209770665297e+00 -4.910019370042757e+01  1.235811112502720e+01
  3.713356503447275e+01 -2.465519957302708e+01 -6.604623999115644e+00
 -2.724085860557284e+01 -9.705704570201621e-01 -1.600213171952562e+01
  4.643578408461606e+01 -1.832015065601747e+01 -1.633032033868799e+01
  1.962874852062640e+01  6.135273396298104e+00 -2.010319873033103e+01
  7.501829595510179e+01  3.767734049970788e+01 -1.038930362980447e+01
  4.863565834446558e+01 -1.974260381686934e+01  5.626819708145042e+00
  8.075998379835599e+01  4.112238230034496e+00  5.361703683369813e+00
  7.468138216918773e+01 -2.262715855551881e+01 -4.549589099880926e+00
 -5.852885955770145e+01  7.568971584781083e+00 -1.345597736194984e+01
 -1.405913554015242e+02 -1.236483196520238e+00 -1.384234328058594e+01
  4.379168676281287e+01 -1.749986586469004e+01 -1.289642532254530e+01
  1.553009486441083e+02 -5.417637434084858e+01 -4.580438474056455e+00
 -3.591240843433236e+01 -2.851089178965948e+01  2.106180971646334e+01
 -1.767926974166475e+01 -6.165109272634844e+01  4.590421580747417e+01
  1.046477554562945e+02 -3.915979857536870e+01  3.806458258853652e+01
 -9.943991302807228e+01 -5.848022261154017e+01  2.246519556215685e+01
 -5.053561480027918e+01 -2.059524579757741e+01  1.300381472571957e+01
 -5.074841799652151e+01  7.536795386077069e+00  1.290888969970275e+01
  5.409618690474460e+01 -1.025763855584483e+01  6.323974230106481e+00
  1.403001333420967e+02 -1.257376922007215e+01  2.036803211210485e+01
  8.662604408659362e+01  4.289227035879536e+00  3.356193183966624e+01
 -8.166146454071257e+01 -3.329276484623739e+01  1.620202263851364e+01
 -9.854286966231616e+00 -2.499019789015766e+01 -1.878736380194680e+01
  1.319288925345936e+02 -2.029343957854130e+01 -4.007293430646748e+01
  1.162487247046808e+02  3.449954822464450e+01 -3.571752755199211e+01
  8.939764432935976e+01  2.512767266025594e+01 -9.452817724872423e+00
  1.251620300829204e+02  3.754196586721606e+01 -8.849010313888385e+00
  1.380867911741683e+02 -7.423053611910978e+00 -1.296000747594733e+01
  7.325154598687689e+01  4.319977955760784e+01  2.025441091792906e+01
  2.967553309994128e+01 -2.240304786994517e+01  4.534900903252289e+01
 -6.675430211865526e+01 -2.649067683861655e+01  4.501715949211969e+01
 -7.901517214372126e+01 -5.209148419751625e+01  2.080461091989385e+01
  5.562502347022333e+01 -4.914395339723548e+01  4.221332971579649e+01
 -4.224305154249940e+00  3.831242394592854e+00  2.263453183785151e+01
 -6.911530153325542e+01  6.862928305807290e-01 -8.920071871667865e+00
  9.180419984606834e+01  6.343143304654054e+00 -3.145523849815440e+00
  1.033135976750699e+01 -3.187794856288723e+01  4.373130082659626e-02
 -1.158806867093271e+02  7.089202955396676e+00 -6.990372383375791e+00
 -9.626392619892158e+01 -8.553005247445926e+00 -7.882424525736348e+00
 -1.234770739582126e+00  8.045665613143916e+00 -3.727982783951688e+00
  1.006884056791015e+02  4.897329588467007e+01 -1.684065119129224e+00
  5.773972942584071e+01  3.606081380829803e+01 -5.300077117297576e+00
  3.786269165546088e-01  2.792970779166080e+01 -1.729673791907351e+01
  1.598609274158571e+02  2.952490736226758e+01 -2.432818926653158e+01
  1.327162416358040e+02  3.503179229695592e+01 -7.230107152008891e-01
  5.559525943237825e+00  9.386591632300604e+00  1.705476528353365e+01
 -1.214643217937526e+02 -2.267497378541314e+01  1.125101177449168e+01
  8.250182303337974e+01 -2.705805267215105e+01 -1.399580260012785e+01
  9.495787285606973e+01 -2.193689828248009e+01  3.375096524572098e+01
 -7.679647343226452e+01 -2.018745442741371e+01  3.620493458148895e+01
 -3.984387765754509e+01 -2.390484747697187e+01 -1.040346756666778e+01
  7.310892389992928e+01  2.563797711649430e+01 -2.009990613427519e+01
 -4.230776286677801e+01 -1.716197649810799e+01 -1.349271351261503e+01
 -8.205898758049810e+01  3.275196753158305e+01 -2.713824973679221e+00
 -1.591901775053130e+02  1.591006931880357e+01  1.217232485834148e+01
 -6.440607583414193e+01  1.496107444685928e+01  2.634928104906749e+01
 -1.729440379186280e+01  1.907517115731790e+01  2.302486758087316e+01
  5.846932204284677e+00 -4.878791067613124e+00 -1.574629227934288e+01
  5.610945787102639e+01  2.523948714523214e+00 -4.861907635732940e+01
  9.520911411224162e+01  1.286872544058490e+01 -3.612216957892651e+01
  1.701139703007993e+01 -6.562119514398671e+00 -9.416892435651063e+00
 -3.075620347362729e+01  2.262599677185941e+01  3.029056769856482e+00
 -6.980699195693292e+01 -2.731811364047190e+01 -1.011073097861102e+01
  1.005652950039027e+02  1.487119188540986e+01 -1.920893285395752e+01
  1.294737355486804e+02 -1.561896834010057e+01  2.101725130536627e+01
  3.643715315728238e+01 -4.234818250610373e+01  2.728369711324909e+01
  7.972903281065383e+01 -5.077766577561853e+01  5.019657150141298e+00
 -1.340667777402935e+01  9.325550861571232e+00 -2.198827239617018e-02
 -1.140148053621956e+02  8.577118661215302e+00 -4.687588349940226e+00
 -7.327943435977637e+01  1.804472655852449e+01 -5.218396554194982e+00
  2.325644502764135e-01  1.881614957811800e+01 -1.890653513972428e+01
 -7.368988933972910e+00  9.132394016802529e+00 -1.186284566012470e+01
  2.938956626906820e+01 -3.131122687200388e+01  1.430078579307627e+00
  1.241263501727457e+02 -3.354873212201811e+01 -7.990665450188333e+00
  1.181216616121760e+02 -1.217534174099671e+01 -1.991148224229941e+01
 -4.169147699686833e+01 -2.537664021226721e+01 -2.297797910941013e+01
 -5.525406532213627e+01 -2.934027795852539e+01 -1.515777283923452e+01
 -1.047946004723261e+02  1.480341024535411e+00 -1.698467732843156e+01
 -5.754071489549904e+01 -9.154576979926313e+00 -2.578539657907107e+01
  8.864944568291585e+01  4.452297419445603e+01 -4.376651225925126e+01
  7.394929011722344e+01 -9.471249727881510e+00 -2.614199107420315e+01
 -3.775747766368774e+01 -1.919229347758736e+01  4.060885247676753e+01
 -4.553629499010673e+01 -3.540959960116682e+01  7.004590266562005e+01
 -3.901819170607829e+01 -9.773410093403406e+00  4.108859997351205e+01
 -4.368752882812272e+01  1.786422011808705e+01  7.986869200009743e+00
  1.445346976474993e+01  1.856013812405980e+01 -2.431682236351920e-01
 -3.236660500819934e+00  7.354478478322973e+00 -1.548239132102724e+00
  5.126957630589031e+01  5.758971758544874e+00 -1.165207596829286e+01
 -4.713605048027443e+00 -2.038471835868379e+01  2.575096535390342e+00
 -5.811660681656905e+01 -2.631464838606119e+01  2.142355799701603e+01
  9.000806681185071e+01 -2.560323029831944e+01 -8.180047408187615e+00
  7.483509100567058e+01 -2.581766792096748e+01 -3.818837554390636e+01
 -3.470383734465796e+01 -4.507870090903610e+00 -2.209252309967292e+01
  2.442500534172530e+01  1.715538020413137e+00 -5.135542708410732e-01
  9.120214619190399e+01  1.881073645389431e+01 -1.388774350548485e+01
 -4.332033132385205e+01  3.244942429221130e+01 -3.141464535181483e+01
 -5.911857040608745e+01  5.315408467269230e+01  8.046189705180561e+00
  4.715009925481901e-01  3.058865357841964e+01  2.209817568156429e+01
  1.456597824398793e+02  6.987750612835539e+00  1.166141570897027e+01
  6.150025964257912e+01  9.987766972585783e-01  1.322780536032762e+01
 -8.043500797652779e+00  2.396282215268833e+01 -2.455179458223366e+00
 -4.020786110730657e+01  3.832663464471405e+01 -5.080317837044068e+00
 -7.875280515119280e+00  1.164130264238433e+01  2.741781335903741e+01
 -4.230058985769095e+01  3.595790166316419e+01  3.057131339595284e+01
 -4.470715943587459e+01  1.955176892212298e+01  1.355652430668840e+01
 -6.470218011393183e+01  9.282448956394589e-01 -8.198969431887281e+00
  3.706527917197565e+01 -9.004837362731427e+00 -9.386893553779819e+00
  2.157641972827893e+01  1.764886799897807e+01 -8.635579800490385e+00
  3.763348586588931e+01  3.284126798621894e+01 -1.168499718593127e+01
  4.977240962304618e+01  2.659154898566989e+01 -9.899178577732343e+00
  6.987694527240626e+01  3.866918225047138e+01 -3.448626944306634e+01
  5.409178852994658e+01 -2.373610793691151e+01 -1.254388821782097e+01
 -1.919321559008322e+00 -1.932728002493242e+01  1.041164792153072e+01
  1.248894575102094e+02 -1.373425437482473e+01  4.036080714006019e+01
  1.050933897555880e+01 -2.689656178554324e+01  2.683520454806948e+01
  4.803350105500292e+01 -3.274039671775488e+01  5.630668008935594e+00
  1.433333413785772e+02 -3.724452384631974e+01 -6.163069139878154e+00
  1.031585037776538e+02 -4.791034181297577e+01 -2.814593134444286e+01
  4.007663751064291e+01 -9.289305088750739e+00 -1.054415122921940e+01
  2.600529540364848e+01  6.197952368294020e+00  8.228810207114115e+00
 -1.335926319603465e+01  1.324076909880309e+01  1.172033276375744e+01
 -1.953056510614485e+01  1.467664927211268e+01  2.491048939322471e+01
  2.076128494942360e+01  2.620161841872292e+01  6.159555405213398e+00
 -1.923902195131249e+01  6.377929607714240e+00  5.825483907849359e+00
 -5.168050720240392e+01  1.575949023475749e+01  1.472626346543841e+01
  4.732325865539639e+01  4.052391323233654e+00 -2.769068520573094e+01
  5.380076724063174e+01  1.494142207191635e+01 -3.657002984572270e+01
  1.760251148606895e+00 -2.058834780878594e+01 -2.791561513106497e+01
  2.907934294597793e+01 -3.313502595375044e+01  1.038258631649416e+01
  8.990905282940490e+01 -3.286356210626090e+00  4.286760042658834e+01
  7.414900778157055e+01 -3.125054120407165e+01  1.590953514052292e+01
  1.651800893302361e+02 -4.947651995187502e+01 -9.721361692252930e+00
  1.444219361851314e+02 -3.577326617591868e+01  1.767921994326099e+00
  1.105671382635346e+02 -3.877233261063656e+01  2.892601766842033e+01
  1.156329565954747e+01  1.146409031648516e+00  2.822173361681411e+01
  1.133389742508456e+02  3.230775298141651e+01  1.169560271741390e+01
  6.203641909684723e+01  3.595770052731592e+01  5.511635413350600e+00
 -4.243869481129840e+01  1.946757686745526e+01  4.674227306205527e+00
 -4.455896368831921e+01  5.869881432939392e+00 -1.071381008350989e+01
  5.618608508496386e+00  1.613362771306237e+01 -6.589184294692885e-02
 -1.214270941457723e+02  2.007213756080531e+01  1.944262741923976e+01
  8.264830743161167e+01 -1.722790812525454e+01 -1.673627679724136e+01
  1.660219071351474e+02  1.308870592916650e+01 -3.679792716211585e+01
  7.076989537782211e+01  1.450274634701939e+01 -3.522955849203798e+01
 -1.654260140287188e+01 -9.510287755263054e+00  2.196379773566004e+01
  4.919665520108111e+01 -1.151410665421597e+00  4.349222689075771e+01
  1.080157196521049e+02 -1.533167364376652e+01  1.073188821378887e+01
  1.512259264728154e+02 -3.956214121934703e+01  1.910890402385790e+01
  5.046824868185777e+01 -2.157027628244110e+01  3.565071274514851e+01
 -5.329616735315052e+01 -2.484000684399769e+01  5.882990211749805e+01
 -7.623264379942219e+01 -8.663651863821791e+00  5.665521899145124e+01
  9.572321982353401e+01  2.623883589309538e+01 -3.630858033631384e+00
  1.149429549617457e+02  3.905655652709810e+01 -3.968474528655916e+01
  9.204687072249559e+00  9.005586736574237e+00 -2.579648458476662e+01
  1.881910283127828e+01 -2.357803891652337e+00 -1.752692995535317e+01
 -4.936838358092081e+01 -3.098296376193643e+00 -1.875477831132959e+01
  8.766839464942970e+01 -3.693429235544837e+00 -6.096660428565785e+00
  1.319653006143363e+02  7.775903514585888e+00 -8.213479436911618e+00
  2.100528341737403e+02  1.703313466082016e+01 -3.188740784213409e+01
  5.511759674277072e+00  9.170447388014638e+00 -3.680790753266990e+01
 -6.748487732439703e+01  2.584997891132740e+01 -1.763172140887764e+01
  9.105441504530297e+01 -1.362946257656064e+01 -7.692121455332564e+00
  1.620781881889465e+02 -3.983007576040726e+00 -3.589154354628709e+00
 -6.378473424146051e+01 -1.786191240963268e+01  1.174628207572914e+01
 -1.159225183316907e+02 -3.152206383457371e+01  2.777928978587984e+01
  8.232773965735970e+01 -2.437584271521631e+01  3.988242506752425e+01
  1.850226010182613e+02 -2.566116236781452e+01  5.057520155832702e+01
  7.867069767477581e+01 -5.697289261976883e+00  4.374250460835633e+01
  6.222222568256790e+01  1.971893613354405e+01 -1.310950083700957e+01
 -1.474500513770776e+01  1.909437537656460e+01 -4.036225543114104e+01
 -2.589204604338943e+01  3.467677316912530e+01 -4.157220018377092e+01
 -6.677223965747474e+01 -1.124606722871493e+01 -2.485490926003123e+01
  2.888436905203826e+01 -1.086136896521888e+00  2.135017653644410e+01
 -3.970346913284607e+01  2.719084499472308e+01  1.370174006125359e+01
 -4.249317292927515e+01  2.293039010143956e+01 -2.444633296267556e+01
  1.772986947141599e+01  1.806886837811426e+00 -4.675136494201265e+01
 -6.525118061787677e+01  2.925413151392645e+01 -2.109957035154866e+01
 -5.115201979353456e+01  2.085584017245403e+01  5.515760244169619e+00
 -1.952725858084667e+01 -7.525583940772503e+00 -8.929970169510744e+00
 -5.161907944030425e+01  8.747472616483250e+00  1.704148163270725e+01
 -3.060227705205921e+01 -1.064180785605078e+01  5.381750732098533e+01
  1.540684605695747e+02 -3.986300069943445e+01  5.991438509491496e+01
 -5.936300077186004e+01 -5.987525715865656e+01  5.241957391558782e+01
 -4.924977676426652e+01 -2.277964658942104e+01  2.558481129867452e+01
 -3.108084175792185e+01 -3.020778624453905e+01  7.933202373843256e+00
 -6.947485097403458e+01  5.133229992693152e+00 -2.797831198666897e+01
  1.719569354980128e+01  2.322458450386992e+01 -5.371140960557094e+01
 -7.583266037651141e+00  1.798005834030420e+01 -1.576552415646927e+01
 -1.008431202893181e+02  2.267615827946820e+01  1.836373328510955e+01
 -2.030845682004114e+02  8.242188282296423e-01  1.477806266732704e+01
 -1.035927140418018e+02 -1.114056004977630e+01 -1.645376691625314e+01
 -5.125641809730121e+01 -5.031374295835798e+00 -5.868996574434835e+01
 -2.632027167543303e+01  2.882890141039232e+01 -5.655403771536992e+00
 -8.074037305551107e+01  5.018779020802872e+01  1.762458243221790e+01
 -5.323488229262362e+01 -5.536849461291944e+00  1.461662666785966e-01
  4.774657258337375e+01  4.304365878326298e+00 -6.795378488934542e+00
  2.948362783123498e+00  1.874649176860003e+00 -9.125511938751803e+00
 -3.350312478624659e+01 -3.774022911208925e+01  4.777476614809618e+00
 -6.042485494790717e+01 -7.603750378050486e+01  4.269192804180972e+01
  2.000862441096175e+01 -4.337484039890845e+01  2.694891773229262e+01
  5.064718585692368e+01 -6.264489357475819e+01 -1.975902449674174e+01
 -2.789627417999233e+00 -2.214348333445818e+01 -3.025947942662102e+01
  5.808879155607473e+01 -3.619409808744582e+01 -2.065870876116183e+01
 -9.938918770490954e+00  1.054358645006953e+01  4.118044831839725e+00
 -9.916852128149220e+01  2.651937517006214e+01  3.156762261469881e+01
  8.356767803637112e+00  4.158339236279875e+00  2.144744774422069e+00
 -5.363780582431063e+01 -3.316706296042489e+01 -5.933812522931673e+01
 -3.157211799495747e+01 -8.663050616838287e+00 -3.102410114177734e+01
 -3.647618570977834e+01  4.143435147841678e+01 -1.592371874478604e+00
 -1.561589119228116e+01  3.905946508426577e+01 -7.591898003906219e+00
  1.772028166608552e+02 -1.018882364072923e+01 -3.358950857019465e+01
  1.046747600934878e+02 -1.680769740383672e+01 -3.930437589496075e+01
  5.008252607006590e+01 -7.189909492282285e+00 -2.779879627053187e+01
 -3.258141595273213e+01  3.630617915051893e+00  9.096069135827845e+00
  2.825678013697409e+01 -3.090792368718376e+01  5.392090340763392e+01
  3.434811267482726e+01 -4.987227897882482e+01  4.644635686293925e+01
 -7.420113700289289e+00 -6.034956888383509e+01  8.197258177961450e+00
  5.427318611994816e+01 -3.365548660904628e+01 -1.392739535656169e+01
  1.196683718218416e+02 -4.559884779512169e+01 -5.643738513766490e-01
  6.350929260697865e+01 -1.120013415332820e+01  2.905672566465611e+01
  1.531773539608604e+01  1.219377680773533e+01  4.068628829947004e+01
  5.057853163269638e+01  9.727060387794765e+00  1.442896617271988e+01
 -6.059853759176099e+01 -6.753112950912769e+00 -3.207905187954653e+01
  1.846628217950897e+02 -3.299253505407984e+01 -3.232635581123131e+01
  1.628700805242274e+02  2.385329027217331e+01  5.224139095939231e-01
  1.379652316042631e+01 -1.287949369256257e+00 -1.288888292392752e+01
  1.497595140616173e+02 -1.810483654515610e+01 -4.233594725829261e+01
 -4.077284534897991e+01 -8.123899081203987e+00 -4.558973360755553e+01
 -1.162650749555191e+02  1.127889257355875e+01 -2.806360663480379e+01
 -5.874960719378964e+01  4.903416233099133e+01 -1.139264810464936e+01
 -3.013867472565351e+01  2.336222072163001e+01  8.149971182645469e+00
 -2.539993623998350e+01 -4.717825701039388e+00  2.313353588059731e+01
 -6.190960872375173e+01 -1.559814933420212e+01 -1.022793252928063e+01
  1.037159105666547e+01 -1.259321882556392e+01 -3.271747710579261e+01
  9.933035900543354e+01 -8.259129774279135e-01 -7.088211271580576e+00
  7.469774903365050e+01 -1.293333939809686e+01  3.988161795258652e+01
  3.098777009389427e+01 -1.669436663945666e+01  5.063575699818541e+01
 -5.484310119790521e+01 -1.264362586529299e+01  2.035135786767378e+01
 -1.020796737801574e+02 -4.579987034443155e+00 -2.314103024876590e+01
  2.115766689981534e+02 -4.966945965934973e+01 -8.286861067705841e+00
  2.068653522748806e+02 -3.381447979671466e+01 -1.060758009863332e+01
  5.286589022774158e+01 -3.154763022589139e+01 -2.441645664519989e+01
  8.814541435164367e+01  4.006209219986830e+00 -3.329731835082305e+01
  9.382323034156855e+00  1.793782879706341e+01  3.092949933946455e+00
 -2.536490320507596e+01  4.394135709438387e+01  2.399998929394393e+01
  6.944281225104042e+01  7.064088080011516e+01 -6.802508968552710e+00
  4.923608037631770e+01  4.134967416568666e+01 -7.545982798480857e-01
 -3.954042601654309e+01  1.805345379674932e+01  2.816962920810384e+01
 -1.609237998692302e+02  7.011862950069520e+00  2.460933465963741e+00
 -1.754714622817313e+02  6.532173496043793e+00 -2.912048689370745e+01
  4.959156206880793e+00  3.090983677630928e+01 -2.798953662014052e+01
  4.170855628371386e+01 -4.026396122965446e+00 -2.227952628183879e+01
 -5.325315038698786e+01 -2.604593010195470e+01 -4.935810373119498e-01
 -1.318910248579476e+02 -2.865019222006355e+01  1.642397845479473e+01
  1.332296894716718e+01 -4.112571839928111e+01  3.462409366689591e+00
 -1.410132938697093e+01 -1.203387526012709e+01 -1.214737781551401e+01
 -6.086839833085163e+00 -4.979196870585435e+01 -9.445751676763614e+00
 -2.754034164524537e+01 -2.047418177626811e+01 -8.310106554704110e+00
 -4.004805099383029e+00  4.332589403549873e+01  1.594868195809713e+01
  3.706958112328206e+01  5.638777826527539e+01  4.324595658998252e+01
  4.803083417463890e+01  4.162542657943845e+01  2.151364121044893e+01
  1.056286926042074e+02  6.338542140137390e+01 -1.018676350133225e+01
  1.141699181238212e+02  2.317133936347986e+01 -2.974577226708188e+01
  9.161366815564898e+01  7.566296043790016e+00 -9.006165993134340e+00
 -6.606735981332447e+01 -2.067767678268262e+01  4.128027845447583e+00
 -1.353319585834574e+02  2.291185118816068e+00 -1.712407102017132e+01
  5.744675442184318e+00  3.701244756771413e+01 -1.745855347567403e+01
  1.464195622494189e+02  6.870634042145092e+00 -1.739282306001935e+01
 -1.349042647009261e+02 -2.707448967426980e+00 -2.207619686099610e+01
 -3.478717092498750e+01 -2.921367940655921e+01 -2.669796339810668e+01
  6.837227894482221e+01 -2.988060724939802e+01 -2.048339148647756e+01
 -6.935571519764720e+01 -5.196289004837459e+00  9.073341205947179e+00
 -5.693076423432586e+01 -2.168803706086539e+01  1.803645815067187e+01
 -6.128606132540958e+01 -4.898494867202267e+00  2.654743726277583e+01
  2.172006513672295e+01  4.966813046339978e+01  2.583721587412971e+01
  1.550166393783748e+02  4.476379728536522e+01  2.217829011013667e+01
  1.396511473076474e+02 -1.299648743633595e+00  2.664488636742611e+01
 -5.035401317229659e+01  1.039307196582447e+01  5.391417268430946e+00
  3.833771041335777e+01 -1.018094289007964e+01 -2.601635259894041e+01
  1.228238347008549e+02  1.058667305458956e+01 -3.690041933356525e+01
  5.880891974584048e+01 -2.437634349613354e+00 -4.069608634986824e+01
  6.370110987541605e+01  1.921123720640474e+01 -1.737192993032345e+01
  8.302171548832091e+01  4.032740581198151e+01  1.372191772314450e+01
  1.226969270942436e+02  1.400361999156240e+01  1.491491879981111e+01
  8.420074746240385e+01  1.342012766747882e+01 -2.767124950732955e+01
 -6.500183177277653e+01 -1.400373421157894e+01 -3.009558732916973e+01
 -2.344770044069541e+01  2.519150169465665e+01  3.880678394809324e+00
 -3.139621811133023e+01 -2.942986881290594e+01 -5.837022654232987e+00
 -1.520458533717951e+01 -1.992002352430831e+01  2.112802595060097e+01
  1.589053549377226e+01  2.334338349535270e+01  4.565701967748488e+01
 -2.257453282045523e+01  8.584863118174791e+00  1.688647995985915e+01
  3.071464937258483e+01 -1.207832644224958e+00 -2.323944049737037e-01
  2.574513909421335e+01 -2.763433181348051e+01  2.327636779861191e+01
 -1.503094319459984e+02 -2.849237006463069e+01  2.530260669467408e+01
 -1.155921136229941e+02 -6.864366749875924e+00 -6.443459121765065e+00
 -1.923379807950334e+01  3.175308259027309e+00 -1.916649727247039e+01
  7.908795435450014e+01  1.971152294785703e+01 -9.651607543882694e+00
  9.118064340036678e+01  1.976359427340411e+01 -9.929924768716123e+00
  7.319430820500475e+01  2.608504110085676e+01 -2.871863754765275e+01
  1.765431717442751e+02  1.404657669900849e+01 -3.800683064504821e+01
  1.209326148380295e+02  1.775672231426734e+01  6.439358490665867e-01
  4.731383814666036e+01  5.819541317332765e+00  3.769681091777578e+01
 -8.501354168058830e+01 -3.274820710543587e-01  1.836266219965524e+01
  1.543460303383769e+01 -2.476794041003485e+01  6.107125229470167e+00
  9.104703970746069e+00 -1.506979870542342e+01  5.447436591899678e+01
  3.783511538601445e+00  1.491756226305807e+01  2.939012506084287e+01
  3.618025408193169e+00 -1.578600269765520e+01 -2.412692560620907e+01
  2.203907725876164e+01 -9.197389490629863e+00 -2.693670958295801e+01
 -5.911929863735129e+01 -6.762278372628149e+00 -4.934248264736596e+00
 -9.467033295857350e+01  1.144304907403269e+01  7.370136201986754e+00
 -1.323421737878584e+02  2.686935800613934e+01  8.995472951548589e+00
 -4.440881740749146e+01 -4.458466961450165e+00  2.374060896517301e+00
 -2.731545355933689e+01  5.160660064096609e+00  1.165265819042807e+01
  8.309723284500618e+01  7.564613294132967e+00  1.393958640415955e+01
  6.023274914970779e+01  2.920009251936636e+00  1.585120522094053e+01
  1.860882407846162e+02 -2.004135022724389e+01  2.090330033292284e+00
  1.811583754995196e+01  1.295191519465378e+01 -4.713884161028392e+01
 -7.268483436764555e+01  5.117703953503001e+00 -5.525769200174507e+01
 -6.851376692446814e+01 -2.550369934219474e+01 -3.569672455911855e+01
  1.140729242628321e+02  1.171521089624081e+01  1.587473836984340e+01
  8.445346910682140e+01 -4.144924111734833e+00  2.607475214118653e+01
  5.017246691740674e+01 -2.427041982060220e+01  3.856860926291223e+01
  9.410234179103901e+01 -1.965710309604830e+01  3.071096038644322e+01
  1.515848755535062e+01 -1.619544131550727e+01  4.494742835587063e+00
 -1.579651288185919e+02  3.391853038513285e+01  7.949167417288377e+00
 -8.392854674755958e+01  4.590393226765288e+01  6.219307088756752e+00
  2.411580741924061e+00  1.640309641009819e+01 -7.473975458165238e+00
  3.913583250622539e+01  5.840985528476677e+00 -1.196722935567453e+01
  4.440604520657612e+01 -1.319046659978193e+01 -2.015633627333157e+01
  1.674586575886594e+02  5.526825653664519e+00 -2.567182581210468e+01
  1.877661421656487e+02  3.267014078075069e+00 -1.354761916234435e+01
 -1.734996076427694e+01 -5.081937058980742e+01 -2.511726453686252e+01
 -6.118813532979539e+01 -4.251382122197187e+00 -4.782640618689099e+01
 -9.924388678357460e+01  6.968317990551221e+00 -2.766124866876609e+01
 -6.969088696970637e+01  8.486045336206253e+00 -9.907136804943306e-01
  8.730110389090315e+01  1.996969095894668e+01  3.367189562329484e+00
 -5.410847222654651e+00  6.754645727257418e+00  4.076205340157870e+01
 -2.665939307053884e+01 -2.990379563738882e+01  5.899466082952688e+01
 -6.931301180848006e+01 -2.186604983378393e+01  4.612230528837687e+01
  4.167699431239475e+01 -1.256709223868959e+01  4.001854171674223e+01
  2.552163225971878e+01  1.066994468326038e+01  3.539281808636218e+01
  4.095906159110633e+01  2.002992253603558e+01 -4.246773629160426e+00
 -1.054836436533947e+00 -1.731010731057826e+01 -2.502646558397822e+01
  2.834361781084344e+01  1.123040779387041e+01 -2.679301932892805e+01
 -1.728444177205768e+01 -1.917630608493294e+01 -1.578125533659946e+01
 -3.847127999781188e+01 -6.811296688070300e+00 -8.972732532480720e+00
  1.242921917907078e+02  1.033229082553830e+01 -1.563482983295207e+01
  7.861649985378532e+00 -3.932519693580564e+01 -2.602003244883932e+01
 -1.045385945380609e+02  1.474623153981306e+00 -2.495653325804710e+01
 -3.089862448565130e+01  1.964408837275217e+01 -3.076077910647846e+01
  8.584167480311558e+01  2.966038334494357e+01 -3.529103770202930e+01
 -7.089852980559490e+00  3.436819463284820e+00  6.707343874339955e-01
 -1.765101060757943e+02  6.493017078156624e+00 -6.070559422647096e+00
 -1.287015244084347e+01 -1.698552220101907e+01  3.251440530434504e+01
  6.730968073342933e+01 -1.729877512992882e+01  4.556810821920855e+01
  8.789569101614801e+01 -7.252157112503985e+00  2.524094231251792e+01
  7.159908583304386e+01 -2.386497970672854e+01 -7.616777920789811e+00
  9.329948671288264e-01 -2.541854856279339e+01 -5.310926093580058e+01
 -1.027755609743557e+01 -2.352818845590602e+01 -5.981146284735060e+01
 -7.452265451990029e+01  9.654292611687332e-02 -1.504359636622753e+01
 -8.580996940287739e+01 -1.097842024014528e+01  1.872187339656044e+01
 -7.432184404837152e+01 -9.750148429037466e+00  1.482363265733104e+01
  1.171124602600364e+01  1.606794761774759e+01 -1.096025641468348e+01
 -3.331087579290528e+01 -1.192541356362227e+01 -2.107480341261299e+01
  5.206974779650183e+00  9.127831581043319e+00 -1.803685665373325e+01
  2.383079141581824e+01  1.943560980667643e+01 -3.785666892704578e+00
  7.408814490073632e+01  2.575334897867991e+01  1.844231869771756e+01
  4.513016651122137e+01  4.085336238446051e+01 -2.643211622479286e+01
 -5.699097935372883e+01 -2.053304515283344e+00  2.050904664511467e+01
  4.697601516260215e+01 -2.759646362804579e+01  5.903022773023672e+01
  1.549342429442765e+01 -2.375322258524586e+01  5.769401974922459e+01
  9.732491601275287e+01 -1.060788545808320e+01  2.915213931720760e+01
  2.265219140481348e+02 -6.670753171832042e+01  8.390466716980697e+00
  1.390784359510800e+02 -4.993349976351409e+01 -3.741155871922972e+00
  6.174514091903139e+00 -3.731485186403518e+01 -2.011533377373082e+01
 -2.764427425410116e+01 -2.672611978314617e+01 -1.712904706545866e+01
 -4.151249846624052e+01 -1.168019345081177e+01  5.630663946225196e+00
  1.931619841976257e+00 -1.294831620159708e+01  1.305728841566075e+01
 -3.660214045010304e+01 -8.508439028105865e+00  2.120013431261216e+01
 -2.365347019349857e+01 -9.977502717267413e+00  2.985805048656947e+01
  5.850152984214564e+00  7.054326022890315e+00  7.577390166682717e+00
  1.028080884881484e+02 -4.378158352760423e+00 -1.937941005109539e+01
  6.255874120348838e+01  9.747464262349688e+00 -3.647041102670455e+01
  6.250587884417684e+00  3.859794509830402e+01 -3.196538927447135e+01
 -6.082867602079581e+01  3.495203268557535e+01 -8.718330444190043e+00
  1.075069339205992e+02  8.414815038865957e+00  1.235255450730598e+01
  7.229185584431033e+01 -3.542763544278444e+01  7.455572759394758e+00
  1.692540399345077e+02 -2.606697356669812e+01 -1.750749725833676e+00
  1.145053942411144e+02 -5.050004615901791e+01 -1.123884185921778e+01
  2.634035114529035e+01 -3.325001456295969e+01 -2.526955270384652e+00
  3.302822420739855e+01  2.207653467004684e+00 -4.642859108030623e+00
  1.034849534474681e+02  7.677463231821747e+00 -1.316891686587812e+01
  2.031622859081770e+01  1.480770170374985e+01  8.568377329786610e+00
 -1.673566747183995e+01  1.769868594589619e+01  2.068157041598610e+01
  2.126123808280963e+01  2.331138569776108e+01  2.140546664467165e+01
  3.028672125367275e+01  1.598957716017485e+00  1.086621003630141e+01
 -7.537204204924467e+01  8.434183223510036e+00 -5.463593505983336e+00
  7.175682554253154e+01  2.999696377505982e+00 -4.670611832173331e+00
  2.370261826715367e+02  1.204800406687908e+01 -1.754807982557888e+01
  5.286462673642350e+01  1.275710273283155e+01 -2.297987254228566e+01
 -5.468327565548006e+01  3.438207053675745e+01 -3.537106575753437e+01
  5.402930759400380e+01  2.471026010292859e+01 -3.215556670616775e+01
  9.154102617878789e+01 -2.055664321904153e+01 -1.703088385301024e+01
  1.112802305767502e+02 -3.835302026646113e+00  4.733047337455467e+00
  5.235012514171062e+01 -3.761326148773269e+01  1.664797756755887e+00
 -6.924393925082927e+01 -1.133461903491784e+01 -3.162656769259724e+00
 -4.564268263431484e+01  1.309793904798530e+00 -1.643449668531606e+00
  1.553197976604700e+02  2.739866142322527e+01 -2.318185982181854e+01
  1.608600967980924e+02  2.604389829999377e+01 -1.409416587037181e+01
  2.947058566246262e+01  4.954292165933502e+01  5.855028712472082e+00
  1.816038480074435e+01  3.201701477713638e+01 -2.803830737392751e+01
 -3.123167039826612e+01 -8.191599068987965e-01 -3.990490692374847e+01
  6.849047053126719e+01 -1.507323833403644e+00 -5.336638426471698e+00
  1.477115788297555e+02  2.526903256503274e+01  4.090023665662804e+00
  2.097536814140184e+02  3.723808315932208e+01 -6.857049854598445e+00
  2.908904502700160e+01 -2.660284542565235e+00  6.324582690708624e+00
 -6.855903096735010e+01  2.593776674847469e+01 -2.893492256480745e+01
  8.298461262851515e+01  3.178418581298507e+01 -4.587723277968968e+01
  1.140497822831793e+02  3.163520844882706e+01  2.806374182986961e+00
 -5.788265838885848e+01  2.468615286831032e+01  3.560189437029071e+01
 -8.677032984802607e+01 -2.467095870759337e+01  3.245133764777518e+01
  1.201236146733974e+02 -8.196645466121140e+00  8.159494754084740e+00
  1.138129711413712e+02 -2.845112100236827e+00  1.290881846490397e+00
  1.414111427146566e+02  3.025934095912025e+01 -4.835907972076479e+00
  6.630290982663395e+01  2.075985408806964e+01 -1.136227216289149e+01
 -2.508374981403705e-01  3.267027048700043e+01 -2.087113418839963e-01
  6.633104698275677e+00  2.160479458415013e+01 -2.276450416356354e+01
 -1.492428782765008e+02  1.821669388281089e+01 -3.582966574535003e+01
 -2.252809889693719e+01  1.966293946010853e+00 -8.051876422402172e+00
  4.393604425348702e+01  1.348748992149364e+01  1.290344199029457e+01
  1.639156911893994e+01  5.440722028036291e+01  1.080287760279057e+01
  2.021159873682118e+01  4.347227778752483e+00  1.252601193283081e+01
 -1.079516727951971e+02  2.040989148663727e+01 -6.360849148695168e+00
 -4.311454045664887e+01  2.429687437493638e+01 -1.849667245931970e+01
  2.133678358745744e+01  4.690580200074726e+01  3.491191501489745e+00
 -1.184386152496548e+02 -1.037255730978491e+01  1.747178407617290e+01
 -7.245884655975070e+01 -2.374515298080097e+01  1.332438307054663e+01
  1.515900755289345e+02 -6.724912461495986e+00  1.953117264558278e+01
 -2.283475322814699e+01 -1.257600501389228e+01  2.960910770224262e+01
  3.501014552137091e+01 -1.531757821788195e+01  4.362530659907407e+00
  2.306479787790282e+01 -1.303049371061272e+01 -1.424178075509175e+01
 -1.238472401280011e+01 -8.226923205136131e+00 -3.199073864989483e+01
 -5.239320187735572e+00 -9.742942778389285e+00 -3.429322781278096e+01
 -3.427429959589686e+01 -1.017665806503122e+01 -1.512281928417796e+00
 -1.156664851691806e+02 -4.081149252892497e+00  6.106961520159782e+00
 -1.660006572825059e+02 -1.309097232175576e+01  1.695087113027511e+01
 -1.200305063896041e+01  1.509120563382318e+01  2.120689132926579e+01
 -3.914852332542282e+01 -1.174102020941708e+01  1.231832436060095e+01
 -5.874045735661656e+01  2.456850118565482e+01 -1.513017490242630e+01
 -4.910605154971441e+01  3.434111702861024e+00 -2.614420157421229e+01
 -1.087039105037569e+01 -9.245773330244216e-01 -1.823960954290119e+01
  7.278461906360208e+01 -2.479211242798318e+01 -4.327054139900187e+00
  6.950812921859733e-01 -1.161886534399954e+01  1.709947057873826e+01
 -4.927701075249897e+01 -2.308923495582209e+01  3.481844737001749e+01
 -4.582377502972712e+01 -3.007066060630724e+01  3.276785586841618e+01
  6.136942995282905e+01 -4.568120675833777e+01  1.184367693674888e+00
  1.075155031349899e+02 -1.443261321227169e+01 -2.336121293508420e+01
  2.026609312060652e+01 -3.757085292643267e+01 -3.292637690838745e+01
 -1.370758179220500e+01 -2.934125683402625e+01 -1.604808600715845e+01
  3.085119908637598e+01 -6.282660719537876e+01  7.138780417061614e-01
 -9.329227228613576e+01 -2.390754603097987e+01  6.009843965182307e+00
  1.148062874185413e+01 -2.343478761470812e+01  2.517276966810807e+01
 -2.374219918294795e+01 -2.550830939993532e+01  2.771206748684102e+01
 -4.325904579643810e+01 -5.119446344185896e+01  6.598274937476347e+00
 -3.578780101572726e+01 -5.963269556140244e+00 -1.177740283871395e+01
  2.557486838441098e+01 -2.688770434535225e+01 -1.583974158320157e+01
  1.418403543402766e+02 -4.558315112813525e+01  8.617879913328334e+00
  6.458634413087925e+01 -4.175395004872753e+00  1.778869783959789e+01
 -2.701057838608303e+01  1.582299485906067e+01  1.793135800718608e+01
 -1.474029604100498e+02 -6.417291659904036e+00  2.455260138458550e+01
 -2.595713475781132e+00 -1.167951017357045e+01  7.255708086911030e+00
  3.037941486002561e+01 -1.559078934526398e+01 -9.735381802089545e+00
  2.284627938829724e+00 -1.729088825575853e+00 -2.776260181762940e+01
  6.065384794820004e+01 -2.324492008993406e+01 -5.066663275571419e+01
  6.746967977194547e+01 -2.816438968366828e+01 -4.165746492373866e+01
  1.690393825284450e+01 -4.271244506888065e+01 -1.266988291896097e+01
 -6.613117239865331e+01 -2.771116094852945e+01  1.634438135340256e+01
  6.142658133604598e+01 -1.355034739680742e+01  2.291751880604517e+01
 -1.025490459061799e+02 -2.922355774110297e+01  1.399359612699263e+01
  1.530279135848189e+02 -4.283475163745226e+01 -1.063204340036970e+01
  1.844058641785111e+02 -2.630310941006589e+01  9.339345338217182e+00
  1.225618483292588e+02 -4.437925293285484e+01  1.532688507313356e+01
  1.409989636228520e+02 -5.310944097467883e+01  2.646352166049997e+01
 -6.365551248531420e+01 -2.505834899143389e+00  2.429023562945575e+01
 -5.991267703929790e+01 -2.455277317069967e+00  1.214238455787173e-01
 -1.011084292954790e+02  2.981835726257924e+01 -8.070649934326095e+00
 -6.579824810348801e+01  7.431180951705838e+00  3.973329923695044e+00
 -6.741838101409465e+01  5.984602655843834e+00 -7.937048383405100e+00
 -6.644135296813596e+01 -4.319082187611436e+00 -2.629975147966638e+01
 -9.744109013963463e+00  1.503607244551095e+01 -2.641541972850659e+01
 -1.732417947092949e+01  3.353134866249928e+00 -2.073022532624939e+01
  3.193181446361977e+01 -5.146256662526890e+00 -1.487581457459255e+01
  6.488728720407290e+01  4.916939775016136e-01  1.404228483882484e+01
  7.594648824747257e+00  1.031415024526879e+01  2.499025771314301e+01
 -5.166532922179426e+01 -2.459603601164702e+01 -1.023352640636769e+01
  1.928628441272676e+02 -2.724432097000949e+01 -9.473856262097410e+00
  2.392471569421211e+02  9.910281228488749e+00 -8.361744586670259e+00
  3.426582489306533e+01 -2.192360580700614e+01 -8.591606931221133e+00
 -7.267546465920031e+00 -2.203758633736086e+01  9.994038383319671e+00
 -1.029480644116777e+02  6.462358730901463e-01  3.243020539186136e+01
 -3.508881546152691e+01 -1.102895073620424e+01  1.382833903959451e+01
  8.393602221545272e+01  2.145069149125369e+01 -5.797749742618310e+00
  7.402527976776210e+01 -1.575458220655836e+01  2.425018225140687e-01
 -2.227227121281264e+01 -4.592281455951672e+00  8.660086978615409e+00
 -4.753970416805859e+01  8.877810862969084e-01  1.733398755685018e+01
 -1.245845544924738e+02 -2.568858030635832e+00 -1.174301388471946e+01
 -1.337671634344575e+01  2.570754461041373e+01 -4.276515791952343e+01
  3.196924270359578e+01  5.451789312171821e+00 -8.033996970198018e+00
 -8.107572405845443e+01  2.721478496633682e+01  1.874634635571805e+01
 -1.075774928850205e+02  2.633607835887820e+01  1.096484856576807e+01
  8.838392300642217e+01 -6.171775012735091e+00 -6.033935064122962e-01
 -4.344164944188448e+01 -2.087390389461454e+01 -2.428928445080981e+01
 -7.166323776928665e+01  3.653713211358428e+01 -3.427149898050228e+01
 -5.913703287048781e+01  1.250497197114839e+01 -1.459013630896242e+01
 -5.047486071455896e+01  3.362923509705558e+01  1.301468163321287e+01
  7.472793572968734e+00  3.019795253578710e+01  3.453602271785697e+01
  6.987525550648419e+01  1.945816910795298e+01  1.818202147096461e+01
  1.362009989885009e+02  1.855134715125826e+01 -6.940137636238207e+00
  1.165057861543146e+02 -5.445425108696387e+00 -1.947974250566682e+01
  3.932190843326236e+01 -3.173287598318538e+00 -8.680671324129483e+00
 -9.670060779938237e+01 -9.076605549191667e+00  3.422602628734093e+01
 -4.270532594759425e+01 -2.985759145472822e+01  9.968995313810533e+00
 -8.926728823598975e+00  2.291181649829548e+01 -1.392647263357936e+01
  8.758384817985132e+01  2.477869255372224e+01  1.091838209306875e+01
 -1.071255797236197e+02  1.350457118481676e+01  1.441146092260857e+01
 -4.181680418530191e+01  3.294584366876695e+01 -4.666531999120408e+00
  3.761846253921638e+01  4.221123777218648e+00 -1.589983778890259e+01
  3.440744028765785e+01 -6.866583343498209e+00 -1.206969600196905e+00
 -7.724706168252726e+01  2.053929844508549e+01 -3.391948495893049e+01
 -8.436709481888501e+01  1.223043576036329e+01 -1.798851218856139e+01
  4.716287090695320e+01  3.618311483500476e+01  1.055819547592238e+01
  1.236361410504221e+02  5.127944126482515e+01  3.144483199139704e+01
  1.663952420982473e+02  4.350046530959401e+01  2.346067580327973e+01
  5.099147085848493e+01  2.136296605899499e+01 -1.438356809596330e+01
  4.630903860512980e+01  1.842988911376464e+01 -4.256485287134211e+01
  6.195936382273802e+01  1.439687622722860e+01 -8.407807488778325e+00
  1.062639454254672e+01 -1.537016440811218e+01  1.786913348830386e+01
  8.788657754092029e+01 -4.117020663357280e+01  1.425759955693890e+00
  9.229881553525699e+01 -1.904945531823135e+00  3.119620291943732e+00
  1.242874946963165e+02  2.218846533120346e+01  1.093077408761251e+01
  1.132788968742817e+02  4.689449584101459e-01  9.307054979970388e+00
 -1.130685884427460e+02  2.686344176460628e+01  1.754528014416309e+01
 -3.493548717783322e+01  1.199861700412586e+01  3.152944659621912e+01
 -3.036442161855468e+01 -5.925583195722947e+00  1.215850567099380e+01
 -1.442316356373265e+01 -1.570147673925604e+01 -9.283507066655870e+00
 -1.362652132206015e+01 -1.859299590435778e+01 -1.473754384646807e+01
  1.636841652584339e+01  1.875749744349040e+01  5.516323927654465e-01
 -2.540466717553087e+01  2.330285814362173e+01  3.338514502452684e+01
  2.899732913418998e+01  3.282217710656607e+01  4.583834936013571e+01
 -9.217239870082835e+01  4.581374325376684e+00  4.095658162168007e+00
 -9.450033443905065e+01 -7.404257346963443e+00 -4.013110151281211e+01
 -3.100207055493778e+01  5.114063033605296e-01 -4.488700262562336e+01
  3.721189002163263e+01 -8.596413121195258e+00 -1.232822839919750e+01
  7.643854165817366e+01 -4.422459594181545e+01  6.339244815814544e+00
  4.040890380757800e+01 -1.338154091074384e+01  3.332360675843645e+01
  1.560005810710081e+02 -6.149908650764067e-01  4.786636805311980e+01
  1.287947724184689e+02  7.926818220185686e+00  6.336217653922160e+00
  4.386845037301737e+01  7.948746845195121e+00 -1.641041535725887e+01
 -2.767064528356595e+01  1.148672818510435e+01  3.502990710678413e+00
 -2.689755682380513e+01 -7.219069671861336e+00  8.974848341184828e+00
 -1.502600505823408e+01 -3.620676467928735e+01  1.026331108236749e+01
  7.383189321274963e+01 -1.872764960671199e+01  7.056932486539530e+00
  3.259024814750730e+01  2.198590984259532e+01  1.876787085947850e+01
  8.260555366212438e+00  1.430317071880300e+01  3.782346524938475e+01
 -1.078095836566362e+02  2.075586039116615e+01  2.296594768728068e+01
 -1.236475093206721e+02  9.522123098397927e+00 -1.311223719924344e+01
 -1.221431738992847e+02 -7.582980840049504e+00 -4.708709631039757e+01
 -1.135876247489502e+02  1.898868994497752e+01 -2.880560299417878e+01
 -7.790576564847652e+01  1.064544820388722e+01  1.535001946519896e+01
  7.855830404717045e+01 -6.408401324323522e+00  1.100551506413556e+01
  4.932039721088902e+01  1.072522142531863e+01  6.517139559008760e+00
  1.710756251632843e+02  1.458689166561161e+00  1.881836053063122e+01
  5.713806018312901e+01  1.455314989945800e+01  3.352675440187788e+01
 -6.687817507643270e+01  7.018870153256424e+00  1.919110032532161e+01
 -8.747073984096741e+01  1.472229937049374e+01  6.484350589605584e-01
  1.144952439356739e+02 -2.680048900812253e+01  9.911112985357672e+00
  4.556981503572324e+01 -2.320761588156449e+01  1.300731246022005e+01
  1.793503572881610e+01  1.436074179795729e+01  2.363350031416814e+01
  3.080665093764171e+01  2.515856645145310e+00  4.654721523451470e+01
  5.641349657641674e+01  3.336804341599207e+00  3.893476521575792e+01
 -1.433509025428096e+02  2.901685216233289e+01 -4.066289682903655e+00
 -3.579985458231572e+01  1.627017769899303e+01 -5.281957493568181e+01
 -2.679258493645042e+01  6.216394325810835e+00 -6.694737918136147e+01
  4.399186737788708e+01  4.394004272338108e+01 -4.937363431848732e+01
  6.307441266285376e+01  2.384512872508801e+01 -1.531178988209278e+01
  1.603535070732551e+02  2.787772192477878e+01  4.373615570994437e+00
  1.950214684227589e+02  1.240329900297483e+00  5.157597457358216e+00
  3.511712967897036e+01  1.207274132247920e+01 -1.405749248470518e+01
 -7.487198400247732e+01  2.362905276466555e+01 -2.758419901989437e+01
 -9.514353835669679e+01  1.986524364723883e+01 -3.590438374903293e+00
 -9.993551176827415e+01 -4.171408305694539e+00  6.209386586659857e+00
  4.387981736539022e+01 -3.881231076055668e+01  1.812322435887005e+01
 -3.117885526588213e+01 -2.895443775014692e+01  4.734688962711255e+01
 -3.513329732393234e+00 -5.743628066285620e-01  3.305163019670304e+01
 -2.761533734986948e+01 -1.913670640342213e+01  3.228096361069584e+01
  7.044072359279237e+01 -2.200232477166809e+01  7.277264426824157e+00
  1.062977636153785e+02 -1.211993531376926e+01 -2.619347049602492e+00
  4.545154539427685e+01  1.117281947429735e+01 -1.980403536732242e+00
  4.891370133836624e+01 -3.463577264889711e+00 -3.271691901485408e+01
  1.051983797118895e+01  2.612898513102899e+01 -2.847575519164562e+01
  2.238907434087169e+01  1.268255450513448e+01  9.944189123854921e-01
 -2.377678500285041e+01  1.278755001571589e+01  2.560245795580941e+01
  1.304453690473125e+02 -5.393057715804873e+00  2.129003682597632e+01
 -1.746497544461623e+01 -4.777755295216106e+00  1.826927445317590e+01
 -6.281607748394043e+01  6.933807606643253e+00 -5.241818410923045e+00
 -1.953144758736526e+01 -8.972294358631494e-01 -3.780985972540962e+01
  7.548214267007614e+01 -2.348058084373356e+01 -2.727639156319551e+01
 -7.551711176952153e+00 -1.140967902149592e+00  2.504446867867935e+01
 -2.677100313405890e+02 -4.471946550629163e+01  2.691347838864831e+01
 -3.307202208282111e+00 -4.199879344212160e+01  2.293347170670533e+01
  5.302139869457309e+01 -2.306862687888892e+01  3.341590334296514e+01
  1.053832915300653e+02 -1.292346370983044e+01  2.488860142789660e+01
  1.922404958732017e+02 -6.318756252617789e+01 -8.446871082396187e+00
  3.215309189000158e+01 -1.558708425019229e+01 -4.596725260830711e+01
 -7.410238670087499e+00 -3.872159792674977e+01 -2.275118007128754e+01
 -8.372215934770300e+01 -1.483191759265454e+01 -2.011157011083370e+01
 -1.136815241349069e+02 -1.453822874643758e+01 -2.332645791797703e+01
 -6.102430644679109e+01 -1.386686429035852e+01 -2.235152650132659e+00
  1.470723119800882e+01 -1.496265772690672e+01  1.127992496993535e+01
 -2.745247461077689e+01 -2.744380799540551e+01  2.488480008633926e+01
 -1.487359236947225e+01 -9.119687866797705e+00 -7.336361854324874e+00
  2.941649093574259e+01 -1.055566775617431e+01 -4.619858360076273e+01
  4.454071598085462e+01  2.034433240254840e+00 -2.650965284597883e+01
  3.081161890169396e+01  1.409185779630464e+01  3.145284754392497e+01
 -1.646819665917889e+02  2.536519357413643e+01  3.372837695753489e+01
 -3.743787509349920e+01  1.577799444083335e+01  3.849876901524767e+01
  7.342507248078358e+01  1.453521281753281e+01  3.037353613090542e+01
  1.234485877827932e+02  4.035684893937815e+01 -1.544477039424264e+01
  2.248772702914467e+02  4.747274924628121e+01 -6.790006468337372e+00
  1.555040960891169e+02  2.210616261677036e+01  2.591592541471597e+01
  6.687187150808984e+00 -8.174869181661913e+00  2.948858518471625e+01
 -8.173281169956584e+01 -1.291790805720280e+01  1.386558833432902e+01
 -8.415397413228530e+01 -2.969755773027213e+01 -1.481958572539329e+01
  4.380580410807691e+01  7.470086070117279e+00 -2.048421363337444e+01
 -1.040033550055658e+02  1.619952614299018e-01  1.128301410675165e+00
 -1.013290059011935e+01  1.533333899915868e+01 -6.722419826964416e+00
  1.227227056959580e+02  3.099604080928506e+01 -4.449133334716838e+01
  8.988862028555155e+01  4.678603128422344e+01 -4.718592478054526e+01
  9.600415108937244e+01  4.282211759683367e+01 -8.722072469841812e+00
  2.987866810205785e+01  4.593488293754065e+01  8.778382200763989e+00
 -9.044506079107533e+01  4.384348186288497e+01 -7.791011734144357e+00
  7.156105197929318e+01  2.802138059715010e+01  5.486767848221827e-01
  7.003481433815540e+01  1.144098392570766e+01  2.368846268468991e+01
  1.518421766531771e+02  4.880268672428390e+01  2.307486938891585e+01
  1.267383294729743e+02  3.454076815359512e+01  1.258427466446305e+01
 -2.891459509857733e+01 -6.991441864845520e+00 -1.135313619242512e+01
  3.682942362247361e+01 -1.032682673217202e+01 -3.237625909445467e+01
  3.871089683828630e+01  2.063704381751217e+00 -3.108402109358823e+01
 -6.011922406614502e+01 -1.054146854750321e+01 -5.467050336550260e+00
 -1.883959795340931e+01  5.353563219673136e+01  2.299414374639460e+01
  4.590292522108822e+01 -7.726060251992671e+00  3.197207683293367e+01
  4.862528065880893e+01  4.215108730063438e+00  2.310195673930459e+01
 -3.262034897484057e+01  7.864564207188066e+00  5.116209712601176e+00
  7.095899687223971e+01  2.530274081269982e+01 -1.908332278779612e+01
  1.958322091147311e+02  3.253351054023472e+01 -1.074915394314678e+01
  9.572898549487849e+01  5.450651412342044e+01 -5.069071989224605e+00
 -2.949113072720644e+01  4.327416894988529e+01 -3.285230558996467e+01
  6.091701630180915e+01  3.538852685561481e+01 -1.047863689638888e+01
  9.558124483426329e+01 -2.476749449656286e+00  3.079505286061741e+01
  1.137797769512748e+02  3.796051528356953e+00  2.813650070254565e+01
  3.400515469489156e+01 -1.067991006203749e+01 -1.036663775583310e+01
 -5.088914270503943e+01 -4.081363021816102e+01 -2.601964733690814e+01
 -2.025675932177117e+01  6.095969369022225e+00 -2.322308942757778e+01
  1.144627990322054e+02  3.751733432305776e+01 -5.470122926578466e+00
  1.463296479904286e+02  1.934790044249327e+01  1.230213367091258e+01
  1.002179700156152e+02  1.457980678687753e+01  1.139419317083481e+01
  5.203392667906598e+01  1.065779521085704e+00 -4.337394441100484e-02
 -5.228769799058806e+01 -1.632423625886609e+01 -4.870863463921840e+00
  9.523405422302728e+00 -2.936981947211818e+00 -8.408597135310028e+00
  1.351891582014630e+02  4.291150716641656e+01 -4.991705415375212e+00
  1.600109764772689e+02  9.914066345763143e+00  1.442746316654990e+01
  1.059335750527642e+02  1.755648126319301e+01 -4.447735038957020e+00
 -3.243557935618583e+01  4.751205346048967e+01 -1.178061491535906e+01
  6.667558248678603e+01  3.012009792771154e+01 -2.183987930734283e+01
 -8.687744530462119e+00  4.694285787990229e+00 -4.945477835448544e+00
 -4.493423546598562e+01  5.267273722130410e+00  1.776395138107553e+01
 -2.161383041752029e+01 -3.557683285229482e+01 -1.657072342072197e+01
  5.378402421305881e+01 -1.754739786618733e+01 -2.435988848375688e+01
  5.733731379852780e+01  3.246497519937175e+01  1.801982471155807e+01
  1.750472642204982e+02  3.440413026575546e+01  1.054430118232123e+01
  7.739267105487698e+01  1.285283603016469e+01 -1.418611236404829e+01
  5.509489276917427e+01 -2.746054452984943e+01 -7.763676674257326e+00
  4.709608038449774e+01 -7.218973933494304e+00  1.612401247480399e+01
 -1.515334048739017e+02 -2.395887770236500e+01  2.761768989037456e+01
 -1.825335816657837e+01 -1.053637310270994e+01  2.429566121001002e+00
  5.982775074394343e+01  2.255973422752608e+01  2.504551477398232e+00
  2.089597005194624e+01  2.225224676775155e+00  1.092883965507028e+01
  5.969589008398335e+00  1.393868712596513e+00  3.558495423494399e+01
 -1.071695309499607e+02  1.421995543057619e+01  9.926683385754639e+00
 -3.047327614947356e+01  1.406005055165777e+01 -1.900601647376099e+01
  2.129922066614553e+01  7.418054028553252e+00 -4.528026936460216e+00
 -7.601827164842831e+01  9.128714031816880e+00 -1.565152616756257e+00
 -8.730179786149142e+01 -3.749645543673262e+01 -8.287796143670677e+00
  6.501419587593173e+01  8.793068582788280e+00  1.870610459140102e+00
  2.753117921926337e+01  2.109203118504783e+01  1.077696471869735e+01
  9.716775431874258e+01 -5.722278071567808e+00 -4.755190386280515e+00
  3.499515104187513e+01 -1.267496363305603e+01 -4.152837787328694e+01
 -2.650372266560080e+00 -1.524642567324754e+01 -4.487900138037662e+01
 -6.213454933185763e+01 -2.946464222144800e+01 -5.026388322317839e+00
 -7.472709372502152e+01 -3.473751856747832e+01  2.367935587848901e+01
 -1.031052182796240e+02 -2.919233478411438e+01  3.788372038137987e+01
 -1.062400080600115e+02 -1.736339314608427e+01  2.572918896081771e+01
  3.303542430229088e+01  3.607391809554688e-01  1.744196946612024e+01
  6.983649013908371e+01 -1.908329701750341e+01  1.406395216453854e+01
 -2.457406851469131e+01 -2.400652026165358e+01 -1.068294737166953e+01
 -1.492261627484708e+01 -1.644063433406923e+01 -3.065894190203674e+01
  5.456549763764806e+01 -2.496940469893951e+00 -2.876767248605026e+01
  4.024629410495796e+01 -8.907101874120134e+00 -4.534747144429491e+00
 -5.819728669748039e+01 -2.298466846007378e+01  1.461694948107515e+01
 -7.911705425393176e+01  8.702883958716878e+00  1.322672276656705e+01
 -1.051094421842219e+01 -8.554954100083854e+00 -1.498346263213872e+01
  3.580043707076555e+01 -2.824675205242991e+01 -4.146717718346731e+01
  9.293364874273118e+01 -8.839502411201886e+00 -3.056331900395320e+01
  9.619171949542082e+00  6.098593802993943e+00 -8.950620221114566e+00
 -6.920297819149451e+01  2.845872961134717e-01  5.461547430301668e-01
  4.343538075328399e+01 -3.493231357267276e+01  4.396509153494402e+00
 -6.290359928661957e+01 -5.708312833347789e+01 -2.636879621216461e+00
 -2.053678132206727e+01 -4.888495850516628e+01  8.792245908611036e+00
  4.834681561983680e+01 -2.177116401129650e+01  2.733912043308577e+01
 -5.228821553982969e+01 -6.479432655912110e+01  2.796100304377834e+01
  2.239799080062185e+01 -5.703403888027147e+01  2.097750064989024e+01
  7.362472415813183e+01 -5.706515935325016e+01  1.024305292851284e+01
  8.478247630643739e+01 -1.766878026951935e+01  1.835824825431662e+01
  2.949785297765199e+01 -6.353589218187781e+00  1.946173792453301e+01
 -9.430272366688270e+01  8.739991287145379e+00  2.496714863304994e+01
 -2.067324139243962e+02  3.553728209661260e+00  1.380275415970337e+01
 -4.550672328506577e+01 -4.863744484938761e+00 -1.247125169845824e+01
 -4.946050227606283e+01 -3.561453318435063e+00 -1.012038797773105e+01
 -4.016468210295986e+01  1.522348942946993e+01 -2.808701265375315e+00
  2.023136863271868e+01  6.674487654002371e+00 -1.878965879640334e+00
  1.882102642719157e+01  2.809570852587441e+01 -1.163704233934676e+01
 -3.371840567321313e+01 -2.831637359604014e+01 -1.665175474587729e+01
 -1.244168571141236e+02 -6.571726076647150e+01  9.080598557598975e+00
  3.424646768504304e+01 -6.218036002981599e+01  1.600087438947404e+01
 -6.876495562672139e+01 -4.207242715117819e+01  1.235181305107748e+01
  4.989362314938213e+01 -4.831677204765829e+01  1.675209940254878e+01
  1.558558855364040e+02 -6.416156394046060e+01  3.325815537875793e+01
  2.010269021261855e+02 -6.315099814526189e+01  2.740475052544149e+01
  8.692161217833117e+01 -1.909704964592639e+01  3.676469443157913e+01
 -6.739568903733650e+01 -8.497520627198229e+00  2.678179566308881e+01
 -3.800462508110382e+01  3.201008792069221e+01  1.118373658749126e+01
 -8.268219228753442e+01 -2.429935339055942e+01  9.160226325546091e+00
 -7.632854609820068e+01 -1.189622086047051e+01 -1.852561387969327e+00
 -7.572490043980551e+01  3.691156854571886e-02  4.625236667902088e+00
  1.584875210009962e-01  1.242736241257951e+01  1.048145683172180e+01
 -4.635214055833522e+01  5.688004134886002e-01 -1.696285122710814e+01
 -1.408730419651362e+01 -1.004949976287977e+01 -5.628471242508175e+01
  3.178894453646011e+01 -2.056391388662614e+01 -5.840048844810676e+01
  6.310135331975996e+00 -2.698779979023141e+01 -1.000425184866551e+01
  1.293096285347716e+01 -3.464852637076488e+01  2.300198849886112e+01
 -2.857495500516633e+01 -2.822778679221215e+01  8.816239840339968e+00
  1.699989446290306e+02  1.891731746493988e+01 -1.203503022242211e+01
  1.707100585173954e+02 -1.072387375081564e+01 -8.861031271221750e+00
 -1.712644057133955e+01 -6.026170546509714e+00  4.033850970863426e+01
 -1.217253168997852e+02  3.317781288286908e+00  8.080110927032396e+01
 -8.857045579671717e+01 -5.186613724675201e+00  4.788945883755681e+01
 -1.874327746928500e+00  7.313248754441325e+00  7.548244844466958e+00
  7.800101973699087e+01 -3.882293679829274e+01  4.800808208596766e+00
  6.336479898145084e+01 -3.606639215607815e+01  2.012890345227642e+01
 -4.934225801111970e+01 -3.921498112496769e+01  4.685038559686365e+00
 -8.096597693045027e-01 -9.820683229747555e+00 -5.214978398264270e+00
 -5.257037149782439e+01  8.270211180731186e+00 -3.182288930534092e+01
 -5.799116838706713e+01 -3.116071611770253e+01 -8.632021070899472e+01
 -5.820230396556602e+01 -2.345451250477345e+01 -4.590307683023462e+01
 -1.198257647954513e+02 -2.185198622613916e+00  1.936133138136185e+01
 -7.115246940288387e+01 -6.745561555057352e+00  1.068360769112958e+01
  1.023633754953838e+02  8.969133548993236e+00 -8.806941922342331e+00
 -3.809701741005920e+00  2.758927788132371e+01 -1.488829624110371e+01
 -1.652309051481140e+02  9.651151164275735e+00 -4.279629002446288e+01
 -1.384139887403071e+02  2.397267987683944e+01  5.525574282677105e+00
 -6.480690319639632e+01  8.624254449075746e+00  5.804884370727264e+01
 -2.306847028314826e+00 -1.392556004442924e+01  4.100519779851753e+01
  7.848764004616731e+01  6.282412004047423e+00  2.414128148392833e+01
  9.927412782797785e+01  6.606091000947401e+00  2.481486723279973e+01
  1.008406329726978e+02 -1.135465907548553e+01  1.777386899655124e+01
 -4.606892673060001e+01 -3.255417731094219e+01  1.698606507148072e+01
 -6.427323609648278e+01 -2.393120231739908e+01  6.796271875736513e+00
  3.840711552537255e+01 -1.935773896697420e+01 -4.676791013308841e+01
 -2.098641597471687e+01 -3.017088251871683e+01 -5.336724981026623e+01
 -1.472058120955376e+01 -2.010820343928449e+01 -1.164271271802962e+01
 -6.556236959067192e+01  1.099153956108732e+01  8.115601154451703e+00
 -6.563691651180710e+01  1.299354977125374e+01  1.658709440094021e+01
  5.133918636879491e+01  3.588007372932837e+01  1.290755231098223e+01
  6.808195683196593e+01  7.071843188299935e+00 -3.663774986077043e+01
 -1.057111798828508e+02  1.228293794048890e+01 -1.836485455085776e+01
 -5.026150031806411e+01  2.259672775556789e+01  1.402401868654055e+00
  5.008002600378667e+01  4.391691773607413e+00  3.649431443344834e+01
  4.452251746603247e+01  1.039447755285545e+01  6.719874569780782e+01
  1.529678158717226e+02  3.095288624465645e+01  5.581058372796260e+01
  1.144194493486119e+02  5.829303893767752e+01  1.563359022533236e+01
  3.362362899671087e+01  4.351162942258828e+01 -1.034159445026531e+01
 -4.525950116952349e+01  7.242796807931781e+00  1.194570674498001e+01
  2.543379379515680e+01 -5.344958869192394e+01  2.813230902018780e+01
  1.523666503063378e+02 -4.958681888792862e+01 -8.905172648974244e+00
  1.021047994905377e+02 -1.668968724176741e+01 -4.999718888709405e+01
  1.034655893979982e+02  2.940675707566047e+00 -2.347008957491569e+01
  7.099100232966524e+01  2.992130828371423e+01  4.578443108034720e+01
 -8.649656022290343e+01  1.670993437869429e+01  5.826599826899140e+01
 -3.814961353810025e+01  2.013095632045820e+01 -2.084569652623518e+00
 -7.256211239333457e+01  2.427022763577431e+01  9.802124787918604e+00
  2.552828040890817e+01  4.495791526970871e+01  7.034958124927634e+00
 -2.805938588461935e+01  1.874603398334583e+01 -5.812265323837273e+00
 -3.932959336066536e+01  8.439258057467736e+00  5.812151283912587e+00
 -2.298987157475633e+01  2.905407434297662e+01  3.051485449254825e+01
  6.894072420468879e+01  4.425201149032618e+01  4.268626496998344e+01
  1.727869228186352e+01  2.276846267123714e+01 -8.051497457885084e-01
 -5.555868472345250e+01  4.041332482776591e+01 -3.591926896839434e+01
 -9.028329827262785e+01  2.550649786469037e+01 -8.398510843067836e+00
 -5.007996994119538e+00 -4.152590449921968e+01 -1.001369563393757e-01
  6.880305819990950e+01 -3.863880302246181e+01  1.569325494244563e+00
 -7.871894145687086e+00 -1.257889314412796e+01 -4.988141633205807e+00
  9.147813813621613e+01  3.705913559701606e+00 -2.414817775582954e+01
  1.645854403206216e+02  1.803004783143724e+01 -1.016099030223816e+01
 -9.609953671173361e+00  2.801317160428904e+01  6.428621276981655e+00
 -2.053054440362767e+01  7.047082064633291e+00  4.785985864523962e+00
  1.241510387186149e+01  1.006138084986279e+01 -8.628078560364099e-01
  4.065075591627561e+01  3.672167016381340e+01 -1.750967168581242e+01
  3.585246174517207e+01  1.993975585886729e+00  5.164414569601274e+00
  3.698422342331814e+01  9.558189870398468e+00  3.791624102983914e+01
  9.343579863455314e+00  2.934309228813134e+00  4.502527379364231e+01
 -1.131540623761264e+02  1.577047638429422e+01  4.014400285638187e+01
 -7.611299447787761e+01 -3.553053705740565e+01  7.744740941811974e+00
 -1.436907709257163e+02  2.138958243654201e+00 -3.231894160502828e+01
 -1.931972780976294e+02  2.079637023411257e+01 -2.011702797902447e+01
 -1.241691056231928e+02  8.180825764982181e+00 -4.790384606263251e+00
  5.568431571339592e+01 -1.351730128105856e+00 -2.194235975647260e+01
  3.855701335685343e+01 -8.693647498337906e+00 -3.147401220713341e+01
  6.833033083985136e+01  2.183840039783700e+01 -6.951525662322483e+00
  4.635240194832235e+01  5.008801463783897e+00  3.123818064602479e+01
 -2.167050451301465e+01  4.519248670128466e+01  4.412855173399183e+01
 -8.306325073827531e+01 -1.273004555132011e+01  2.898384535718299e+01
  1.052759741851567e+02 -4.644703068976767e+01  2.842146413085674e+01
  1.129528731368816e+02 -1.484870556948543e+01 -2.454258634304333e+01
 -1.650385618015551e+01 -3.402627023431823e-01 -3.163954805120192e+01
 -5.279370484634858e+01  1.637191080526907e+01  6.134528496661106e+00
  4.668741201766720e+01  5.013771174380492e-01  2.649273957036286e+01
 -1.145809953813138e+02 -2.687119102673525e+01  1.871168366104216e+01
 -4.005968086221051e+01 -3.672345499215474e+01 -5.600748231184633e+00
 -4.038165147423153e+01 -2.804402024048054e+00 -1.210521689783368e+01
  1.526511533418218e+01  2.970391459248336e+01 -1.393264899757622e+01
  2.864244968369951e+01  1.618914100136468e+01 -2.582864866724135e+01
  1.659339128347485e+02  2.312183566447594e+01 -2.787105990507426e+01
  1.810504542676106e+02  2.110903101596664e+01 -1.574125702690654e+01
  8.409971253016906e-01  4.475054444845148e+01  1.286318729297347e+01
 -5.386241797538848e+01  4.711344921695426e+00  3.456576837721557e+01
 -5.691257634525428e+01 -2.433421572029918e+00  2.197168678431144e+01
 -9.438929744174557e+01 -4.286206949498262e+01  2.951080099357353e+01
 -1.747595600849897e+01 -3.822276762198094e+01  4.595309481876388e+01
 -4.371495393472728e+01 -2.791220623761306e+01  3.449701648191538e+01
  2.361953977688412e+01 -2.372901770982953e+00  2.455105964848281e+01
 -5.918803190444788e+00  1.334821941374655e+01  1.760107971868050e+01
  7.474498286501834e+01  5.470005749539656e+00 -3.216018004596193e+00
  9.818717623022172e+01 -2.940420422512073e+01  5.170754580105825e-01
  3.798991983349995e+01 -1.245413972444855e+01  1.294366973758940e+01
  7.851622974510978e+01  1.814760762266584e+01  1.779745109075804e+01
  7.625130642831860e+01  3.120047033275013e+01  1.012269396054281e+01
  6.879256746046175e+01  7.600434868341497e+00 -1.314424970168547e+01
  1.928971831662742e+01  1.631840742322806e+01 -6.982305032798676e+00
  1.670101441140823e+02  3.527280184110305e+01 -1.953366057903524e+01
  7.282730424961848e+00  3.491767337765303e+01 -1.944160182542257e+01
 -2.282696893107904e+01 -6.844683908455408e+00 -1.773391982563752e+01
  8.685112209230276e+00 -3.388774135057119e+01 -2.126544175972959e+01
  3.750142866935893e+01 -3.486705602662935e+01  2.266435889982561e+01
 -9.743118634077442e+01  1.521917991419844e+00  4.052449333692190e+01
 -2.314488140891602e+02 -6.754004795559411e+00  6.937358723460123e+01
  3.288887610201337e+01  3.424746315445103e+00  4.311666845603142e+01
  9.175102876191404e+01  4.446916563259672e+00  4.249760389640232e+00
  6.833362474975370e+01  8.244974726815855e+00  1.740728351818809e+00
  2.287074612440300e+02  1.016194963370657e+00  2.581561591563902e+01
  1.714707141574806e+01  1.260896503143504e+01  2.796282586982143e+01
 -6.871363597257067e+00  1.393995278542185e+01  2.798310067721042e+01
 -2.389330945050740e+01  4.426121815824850e+00  1.683921485563943e+01
 -9.088601676058508e+01 -1.192140444849782e+01 -8.678980385570066e+00
 -7.785515894103816e+01 -1.073975113272999e+01 -1.505102532856608e+01
  6.252843350277257e+00  2.493828336936864e+01 -1.556434417698832e+00
  1.345603707105100e+01  1.908918941778863e+01 -1.020213569208616e+00
 -1.742429540963443e+01  1.205949523292735e+01 -3.089261499439040e+01
  2.678479499824182e+01  2.852061348128256e+01 -7.036593616252635e+01
 -4.107171491943584e+01  7.702613551395796e+00 -4.254727860949966e+01
  4.760089394585408e+01 -1.393760059775586e+01  7.214589392296607e+01
 -1.664508050957140e+02  1.024028072061327e+01  6.499077609616896e+01
 -2.630617316814305e+01  1.384983803128705e+01  1.961144589480849e+01
  6.825297065950971e+01  8.618157227231858e+00 -1.196462791215381e+01
  1.082046916837969e+02  3.334740104478778e+01 -2.500744508074289e+01
  2.179987158431656e+02  6.622017623490382e+01 -1.236483572626553e+01
  1.362695619876314e+02  2.915981187753879e+01 -9.290114909273726e-01
  3.267867705395286e+01  7.188940967026950e+00 -2.615333219618486e+00
 -7.988466743308760e+01  7.657266305406604e+00 -4.285114438626417e+00
 -5.736973282650087e+01 -1.507862185599769e+00 -5.579019158419619e+00
  1.788563110601392e+01 -8.527438097301690e+00 -8.836220685246808e+00
 -4.412898698021127e+01  5.171956876568018e-02 -1.175032366359312e+01
  1.088830964664331e+01  1.834928696300450e+01 -4.001587812213655e+01
  1.543871323217429e+02  4.059403682599488e+01 -6.613649677906409e+01
  2.251869562262912e+01  2.422060606935060e+01 -1.253835126664848e+01
  9.933264550281349e+01  2.765401513029280e+00  4.556517909639173e+01
 -1.012653153000940e+00 -2.458158861309941e+01  2.924710749906129e+01
 -6.196184534316606e+01  4.058166489549061e+00  4.267851748931298e+01
  4.548607756999584e+01 -5.419157141293349e+00  1.792947002815115e+01
  8.878754302433279e+01 -1.221599691297542e+01  1.054874517322566e+01
  1.986782355876651e+02  1.992381919760995e+01  9.049848655255456e+00
  1.816959197524632e+02  3.987728582082533e+01 -5.482927977738587e+00
 -4.290927707662251e+00  7.314812670638533e+00  2.201751545162076e-01
  5.090566270225972e+01  1.001824803879343e+01 -7.191164052935598e+00
  1.716352597305989e+01  2.525093987107784e+01 -1.787551881584260e+01
 -1.358387048914498e+02 -9.971885266777429e+00  1.186571924795775e+00
 -4.185894967026863e+01 -7.286986796023108e+00  2.209661071789419e+01
  5.008132637566716e+01 -2.484603598271682e+01  1.765670026841091e+01
  9.249121929260880e+01 -5.362434990313906e+00 -3.372379784070926e+00
  1.648920468781846e+01  2.124904201879483e+01 -1.248832134177965e+01
  1.143524859385656e+02  1.661715221798360e+01 -1.267355172881806e+01
  9.347444189155833e+01  1.321241433209275e+01 -2.286359757144813e+00
  9.662781137977711e+01  2.489571283124697e+01  4.946276945690193e+01
 -7.304605812491321e+00  1.669688525515818e+01  5.121615965840466e+01
  1.000257274766337e+02  2.141817527085312e+00  1.318204981100997e+01
  8.833596117421990e+01 -1.082640404655998e+01 -1.339012597188423e+01
  1.193812298383426e+02  1.268499486238912e+01 -1.374890245506290e+00
  5.374479691796893e+01 -1.861276343852314e+01 -9.304505881613238e+00
 -2.138937082609435e+01 -3.042638205227698e+01 -1.151288498503893e+01
 -4.208838285066609e+01  6.364038402807898e+00 -2.247714502751111e+01
  7.428380739290972e+01  3.320023075470161e+01 -5.171769435415531e+01
  9.103131765241791e+01 -1.087533191059429e+01 -3.119180316620445e+01
  1.507388019932012e+02 -1.811154122087290e+01 -3.382755491798024e-01
  6.499838755271705e+01 -2.011677026795791e+01  3.673466196362178e+00
 -4.064754600749796e+01 -8.306364033926302e+00  3.342923520557449e+00
 -8.950766757309127e+00  7.693180076670401e+00 -1.960847117168441e+00
  9.162983241404615e+01  2.487474242230315e+01 -1.746013679667106e+01
  6.397391271567324e+01  5.808322462425938e+01  7.018662167532566e+00
  1.683231531549803e+02  4.124732776291030e+01  1.466886531431951e+01
  2.298626887711435e+01  1.303763052368977e+01 -7.418841385953151e+00
  1.089155954780348e+02 -1.378716679525506e+01 -1.977027669542036e+01
 -5.706021284647699e+01 -1.646861554207015e+01  8.862483226591973e-01
 -5.065620366956641e+01 -5.504548539308409e-01  3.583717395032274e+01
  5.832856671851980e+01 -3.610884389245432e+01  1.332861920868030e+01
 -6.667292601357411e+01 -1.686757329751466e+01 -2.969409460951139e+00
  5.631663101579426e+01 -1.448219749550178e+01  1.466480856265378e+01
  1.956255840403599e+02  7.819175068588124e+00  4.422826999753870e+00
  9.886840868042461e+01 -1.501853228637587e+01 -1.670976357881917e+01
  8.838525935254418e+01 -3.457810553736195e+01 -2.079113069155478e+01
 -9.267911954180889e+00  1.048848352389482e+01  4.552135808075898e+00
 -1.655472576816645e+02 -6.552363491600646e+00  2.515635705457332e+01
 -1.061285721914775e+00  5.192557174429922e+01 -1.361260281283467e-01
  4.944693421496557e+01  4.911035335013101e+01  1.895736235655860e+00
  4.733519874248459e+01  5.055199878132976e+01  2.928306179753051e+01
 -4.376479221881869e+00  1.735625716025845e+01 -2.182003640749996e+01
 -8.925318736997104e+01 -2.753911594204548e+01  5.706258196546657e+00
 -1.863562593505903e+01 -2.194262438278455e+01  2.851616090200936e+00
  4.399789937697970e+01 -4.606648660554322e+01 -1.327752564916994e+01
 -6.940871080781999e+01 -7.310910417724419e+00  5.787307508637245e+00
 -9.703068442355475e+01 -2.711652481951502e+00  1.526043572383826e+01
  1.953500991039453e+01  8.739070225020177e+00  4.891904901140288e+00
  9.878931773910710e+01 -3.087938745891198e+01 -1.592801312950604e+01
  8.850568637610253e+01 -9.507690893001302e-01 -1.726223922895624e+01
  3.583807174157599e+01 -1.119478765920641e+01 -2.722514787198203e+01
 -9.080935165437089e+01 -3.235276744669531e+01 -1.976487565623735e+01
 -1.074147764688375e+02  2.099526896825606e+01 -1.035672444720711e+01
 -1.033889063234588e+02  1.665231030200735e+01  1.415116311783545e+01
 -8.875351300008356e+01  5.235496299621116e+01  4.586390158690059e+01
 -1.286867974350279e+01  3.489113023549866e+01  1.237379477497114e+01
  3.384329956825101e+01  1.976767518260409e+01 -1.883454930932888e+01
  1.067156657774321e+02 -9.751574028743381e+00 -4.227718592366669e+01
 -5.412241773575053e+00 -4.829067417666950e+01  3.703859124385675e+00
  1.628957827471218e+01 -3.581943816329967e+01  2.792444396651877e+01
  9.851183678807993e+01 -4.282145160037139e+01  7.317988409000026e+00
  2.037678879303769e+01  1.138747000643116e+01 -1.305233835199933e+01
 -1.075801733793005e+02  1.694319043926942e+01  2.725703355828955e+00
 -9.678149663086921e+01  5.360417810208820e+00  8.282268275102300e+00
  2.539982995903731e+01  3.861877919307622e+00 -1.685934068872383e+01
 -8.475923685734266e-02  7.770314217922501e+00 -1.464565166727122e+01
  1.600861040229366e+01  1.104562576202031e+01 -3.882294869537430e+00
 -3.081725223418351e+01 -6.159867175546473e+00  1.451336468902600e+01
 -7.051762567147799e+01  1.049672087788072e+01  2.495116467430449e+01
  2.456454651140911e+01  3.543217281709722e+01  2.418250873419731e+01
  1.923464282681550e+00  5.127879481510945e+00  3.046118556506214e+01
  7.919945569445110e+00 -2.406207004082471e+01  1.488821492286608e+01
  1.000545069736325e+02  6.947014623120237e+00 -2.860264092554678e+01
 -6.255402258925908e+01 -3.779934096334264e+01 -5.605998812692897e+01
  9.418881564288249e+00 -4.381803932956592e+01 -6.891721178094201e-02
  1.504061443494678e+02 -4.545746334437535e+01  2.304918818331462e+01
  7.149646710663032e+01 -3.993345440887332e+01  1.356951851308247e+01
  3.858331936979928e+01 -1.613393571452674e+00  1.836962943638537e+01
 -1.020243464984711e+02  8.110021775167942e+00 -3.644384345061269e-01
 -1.813990670602188e+02  6.270358613319711e+00 -1.911672928801138e+01
 -7.905014889200174e+01  3.198172467624710e+01 -2.102911199633528e-01
 -8.607532557734686e+01  1.891883112069192e+01  4.716745002337857e+00
 -8.247557616850763e+01  4.763462064255801e+00  3.223456508775445e+00
 -6.792525362041100e+01  3.902685527012030e+00  1.896188239063143e+01
 -8.684930003693484e+00  1.169382185505161e+01  2.424776792103592e+01
 -7.202022546996960e+01  1.084315962699961e+01  1.164765899403406e+01
 -1.177248450953508e+02 -4.434360562799532e+01 -3.775621382455372e+00
  4.567367165540678e+01 -7.022929903906225e+01 -5.543390608736530e+00
 -5.771663350623740e+00 -1.748855803653264e+01 -4.059647881116158e+01
 -1.614339396768404e+01 -3.986646906825865e+01 -1.699735612844697e+01
  1.055860217478643e+02 -2.876404212219496e+01 -1.741319712375399e+00
  1.409265185196218e+02  4.759243005131268e+00  4.342051643579905e+00
 -2.818364661065116e+01 -1.580027318506735e+01  3.721283363308179e+01
 -9.617183543077007e+01 -1.867269429851948e+01  5.100009064966036e+01
 -6.670813608305642e+01  1.931011504811170e+00  1.852486308963638e+01
 -7.716452625349879e+01  1.178188674060130e+01 -1.370152324957420e+00
 -6.282566465333001e+01  2.682569521861434e+01 -4.650864626770936e+00
 -3.738068490838734e+01  2.494893641436286e+01  8.446185163234432e+00
 -5.491292967391480e+00 -1.055520442179448e+01  6.075833459000491e+00
 -6.044942125799237e+01 -1.453392964713629e-01 -1.650225313566349e+01
  4.157380823957551e+01  4.775663446647107e+00 -3.479370589140360e+01
  1.152441791020431e+00 -8.331935559574132e+00 -1.038535765377030e+01
 -6.254883556210567e+01 -3.941552143962871e+01  2.486030180077886e+01
 -3.092983410382643e+01 -4.575207246911439e+01  1.242637140403729e+01
 -4.175729393646647e+01 -2.718992165170273e+01 -1.452836213427377e+01
  8.892085184637307e+01  4.320652201869636e+00 -4.349790686395161e+01
  5.792828808887103e+01  1.936033381423594e+01  1.088183268285324e+00
 -9.534466566077361e+01  4.700037192319797e+01  3.640263903016969e+01
 -1.812654710805426e+02  3.273136423866511e+01  4.758221272786513e+01
 -8.695498932155317e+00 -7.540071992382329e+00  2.698360775725728e+01
  6.092475006784132e+01  1.698162956889285e+01 -4.153453180733679e+00
  5.140768128383043e+01  1.088078218455612e+01  1.236816587758928e+01
  4.234366595009466e+01  1.877184012699281e+01  2.703968738757304e+01
 -1.147501692899766e+02  2.441772122157899e+01  3.232695407510715e+01
  2.985693898281410e+00 -6.373731331087844e+00  4.868156276408213e+00
  1.056939224762772e+00 -9.653754078427557e+00 -5.831165680432978e+01
 -1.471119091576165e+02 -1.270630896961271e+01 -5.146716165437977e+01
 -1.371561745403597e+02 -3.178984548204112e+01 -6.399524090083446e-01
 -1.242709408886821e+02 -4.221295572162143e+00  9.314148289285718e+00
 -5.267143571327311e+01 -1.598378034607192e+01 -1.890540293572953e+01
  6.128545469764840e+01 -6.346858867101335e+00 -4.754532538719981e+01
  4.270244184439080e+01  3.149544026062274e+01 -1.276073905869347e+00
 -1.845288132667407e+02  5.275827130557624e+01  1.069470834514659e+01
 -1.720174832935055e+02  4.367765513514974e+01  1.734143523939735e+01
 -7.678314941418722e+01  4.367126682702343e+01  3.391511354606720e+01
  2.084951848015235e+01  1.274563017601626e+01  2.577922601643236e+01
  2.009189492020118e+01  2.389391643237106e+01  7.429934511695089e+00
  4.606528355402575e+01  2.036823287015921e+01  2.433040708515489e+01
  8.076157607356470e+01  3.469783701004773e+00  2.862738326712978e+01
 -3.769920336199745e+01  1.522537896020910e+01  1.981042316573241e+01
  1.178769578378717e+01 -2.306398882894841e+01 -4.568631850522547e+00
  9.831714106630157e+01 -2.545642073997460e+01 -4.008924182312763e+01
 -1.487404658285526e+01 -1.322729273400481e+01 -5.165622576996734e+01
 -1.079548965617425e+02 -4.578882905944099e+01 -2.554471599904549e+01
 -1.085090874261036e+02 -1.731320951121216e+01 -7.802320187004954e+00
 -4.087393706330671e+01 -1.604781155687242e+01 -9.154747580095256e+00
  2.663020480561084e+01 -1.497385866686569e+00 -5.443249663964533e+00
  8.145344655993831e-01  3.109002901183205e+01  1.911402109922844e+01
 -1.073289188297258e+02  4.138275688574141e+01  4.131423216708241e+01
 -3.801956508284205e+01  3.138848824011852e+01  3.193425669611001e+01
  4.494338776402450e+01  3.082115308478033e+01  3.046505882859230e+01
  2.115991288161855e+01  1.201756016283533e+01  7.966459203805341e+00
  1.320963737874238e+02  1.028404999304557e+01  4.946565363844357e+00
  9.991242275262037e+01  2.570518467872619e+01  2.110322059647293e+01
  3.264692975461304e+01  9.747074013280367e+00  1.636051096138299e+01
 -9.002323662494680e+01 -6.667218472615859e+00  9.886209633575882e+00
  4.974791394341876e+01 -4.191693980168237e+01 -1.086807869768456e+01
  1.498424639926154e+02 -4.112208590851081e+01 -2.694570979659002e+01
  8.797362284051465e+01 -1.250224303285906e+01 -4.239930231416874e+01
  6.039424372078814e+01 -3.747582459930474e+01 -2.757472063256544e+01
 -5.511618938577456e-01 -2.797043844539080e+01  3.189721764225243e+00
 -9.714985503115395e+01 -1.496213760599876e+01  3.948923197515631e+00
  2.623393500441419e+01 -1.352895263611793e+01 -3.576048075721218e+00
 -3.189070058532040e+01  2.317638657367696e+01  1.035838794856478e+01
 -1.386295970724126e+01  1.464633815337363e+01  1.452835514342167e+01
  1.077870489637650e+01  2.694108836084827e+01  3.510851470656096e+01
 -1.015123325885325e+02 -1.699750746286650e-01  3.911559548038545e+01
  3.570031890645417e+01 -8.808154059847759e+00  7.786548637439648e+00
  1.099816215611660e+02 -2.521989066077092e+01 -1.206221317346994e+01
  1.352542253085257e+02  9.078143869288791e+00 -2.306946385969157e+01
 -2.719008037273633e+01  1.812361734776287e+01 -1.167223201224692e+01
 -1.511332229960015e+02  4.005867675083895e+00 -4.615657094743912e+00
 -1.539625619647522e+01 -2.337158666353216e+01 -1.019753709125555e+01
  5.672112569932516e+01 -2.162294836898347e+01 -1.946229318948524e+00
  5.508202979679034e+01 -1.553790952387863e+01 -3.449229499675531e+01
  4.124208000082062e+01 -1.585435034150479e+01 -6.511778483852835e+01
  9.705042332785743e+01  5.013422106797059e-01 -6.718361959624520e+00
 -2.343548503007393e+01  7.620471937217689e+00  2.962287179416448e+01
 -5.970849192981180e+01 -3.744139731088858e+00  9.625876584362640e+00
  6.652178178646756e+01 -1.591884379854176e+01  5.729193119576365e+00
  7.386144088983866e+01 -1.378366670086989e+00  5.782518864434966e+00
 -3.969203511996291e-01  6.013610267983735e+00  3.815746917414101e+01
  4.714741666606673e+01 -8.195970912371521e+00  3.704317034144976e+01
  1.240156050169557e+01 -4.944514484855277e+01 -4.827655052848200e+00
 -9.490739930365895e+01 -5.588162193925916e+01 -9.969628918732198e+00
 -2.081045024998805e+01  4.239011192234367e+00  1.965220738333299e+01
 -1.210430581881377e+02  1.828011586765331e+00  2.482808443052826e+01
 -1.663657999340511e+02 -9.511832807659559e+00 -9.878689685298079e+00
 -1.398075540967134e+02  6.629052806064450e+00 -3.008917832811466e+01
  2.834259924328520e+01 -5.265446555500274e+00 -3.088835959013851e+01
  3.659870906137727e+01 -2.025368140785599e+01 -4.032137157484658e+01
 -4.494632114504458e+01  4.236624502494790e+00 -3.274625215749985e+01
 -8.312067334810969e+00  2.310400858215668e+01 -2.180391297390218e+01
 -1.713660460506536e+01  1.525540254873319e+01 -6.909275775877836e+00
 -4.140888219177506e+01 -1.349189439495934e+00  1.281895557457054e+01
  1.091761790846988e+02 -3.170624933449714e+01  1.930112472885454e+01
  1.843928746796753e+02  1.930082623082921e+01  5.809240189517852e+01
 -2.422368460465902e+01 -1.423727193861663e+00  4.969628431348193e+01
 -7.773839287931568e+01  8.958350794136777e+00 -1.220339175597459e+01
 -2.019686305920347e+01 -4.767440800323408e+01 -2.562541162494660e+01
 -1.340094385851115e+02 -4.015358971204334e+01  2.641980243364724e+01
 -1.027738743463612e+02 -9.691203616091748e-02  6.540261935472464e+01
 -5.207801247338469e+01 -8.640098675316686e+00  5.628110114291813e+01
  3.719634788903949e+01 -3.170796803798629e+01  2.225316415384867e+01
 -2.054488686495355e+01  1.536760720062238e+01 -2.362813708599445e+01
  1.834387400966066e+02 -8.534826798551475e+00 -5.565001880858510e+01
  1.401867451503852e+02  1.481628654468510e+01 -5.219306931412969e+01
 -8.454024515162317e+01  1.841176145680845e+01 -2.148614280409406e+01
 -1.718627292098748e+01  1.753760248680446e+01  1.139887052784896e+01
  7.977905991620156e+00  5.524093350856782e+00  1.242235385140702e+01
 -9.709707878360965e+01 -1.323714024430469e+01  2.146395321196913e+00
 -1.043660180117154e+02 -8.805048696820247e+00  1.805875569398780e+01
 -2.526899043535106e+01  5.324279436194252e+01  3.284253860299415e+01
  2.288572781854190e+01  2.727687084939571e+01  1.978766234010313e+01
  3.164516577273344e+01  1.455809068508538e+01 -1.611786946171528e+01
  7.189983077166401e+01 -8.385521835897555e+00 -3.998219804798249e+01
  1.579969891797592e+00  1.711831502521429e+00 -6.464790781887334e+00
  5.648721085457140e+00  1.157268761430426e+01  4.455489424957968e+01
  9.016518436573267e+01 -1.053260098216209e+01  6.026307444638075e+01
  1.301025425265570e+02 -2.305802054009788e+01  3.159208571726677e+01
  9.566578987230521e+01  2.206887029844992e+01 -2.155953431753990e+01
  8.300254551408361e+01  3.230111839535715e+00 -5.485890070496680e+01
  1.839898556315234e+02  5.902188764295976e+01 -4.749249218092348e+01
  8.038157732033559e+01  3.947894941792371e+01 -2.621046638243735e+01
 -3.029188223930293e+01  1.432976735566636e+01 -1.217537899844701e+01
 -4.321810452576057e+00  5.242504613531759e+00 -1.843832239905415e+00
 -6.564737593182069e+00  1.176988068136238e+01  1.802453316783450e+00
 -1.470176594091493e+02  1.118854359613513e+01  4.170913337641453e+01
 -1.496530001589747e+02  4.144101269183946e+01  2.566041503185955e+01
  8.135992822773719e+01  4.134241190448886e+01 -1.454691159817555e+01
  1.279495498877503e+02  1.655314395636741e+01 -4.035182398853053e+01
  1.601503498049190e+01  1.540370523947726e+01 -4.753995428338464e+01
  1.346670852646299e+02  4.493859128278940e+01 -9.161412619448434e+00
 -1.591212179562505e+01  2.920151570620154e+01  9.571328665510492e+00
 -1.422822972795429e+01 -4.707284722618171e+00  2.350432328845242e+01
  4.548685344386287e+01 -9.306435676552304e+00  3.909709962056699e+01
 -8.541461096587220e+00  1.716069678538514e+01  2.119412869372981e+00
 -6.797692066334365e+01 -4.115741227848341e+00 -3.420620059248217e+01
  8.609262290745233e+00  3.921777820423995e+01 -2.791792738556431e+01
  3.992546053403310e+01  4.003427586568660e+01 -2.876076908800131e+01
 -2.679760143408186e+00  2.192790919990295e+01 -4.623170723908532e+01
  6.024214637722249e+00  1.029905210890686e+01 -2.441150079227139e+01
 -7.581637925727465e+01  2.862978277924737e+01  1.329094535112060e+01
  4.274192575850427e+01 -4.166108490047318e+01  1.546973480312653e+01
 -8.081950835312360e+01 -8.492602647455834e+00  1.371815653419348e+01
  2.330928694752989e+01 -6.954717928984516e+00 -2.218858543099930e+01
  2.812149032581175e+01 -4.734720249910580e+00 -3.875712158477110e+01
  4.066916063577963e+01 -1.990632730067966e+01  9.667114629762203e+00
  2.301647351883875e+02 -1.690210537484968e+01  4.773123475226012e+01
  1.417409925012311e+02 -3.960429361336766e+00  2.093577743751754e+01
  8.449426906796135e+01  3.255413184712192e+01  2.335027263518315e+00
 -4.659074632029900e+01  4.257417368173007e+01 -2.212696371998804e+01
 -7.782899592823327e+01  2.138480244039944e+01 -3.903615957015216e+01
 -5.380187260212855e+00 -1.562725352707069e+01 -3.128770688384893e+01
  1.222325903710477e+01 -1.568435660035075e+01 -2.579348957699009e+01
  4.255799907279211e+01  4.992790608323041e-01 -2.697422196244841e+01
  5.228934717185708e+01 -1.523144059313523e+01  3.424146857561134e+00
  4.722663676377788e+00 -4.689828771044766e+01  3.896572268258685e+01
  1.174921153020677e+02 -5.860368480136997e+01  1.883907688008874e+01
 -3.861778947121658e+01 -2.943833189513888e+01  1.305896582078957e+01
 -1.682424757765818e+01 -2.163191744637420e+00 -1.340690306854874e+01
  5.038578899074055e+01 -1.060179891513555e+00 -2.992048198512654e+01
  1.191104241822524e+02  3.121457549282097e+01 -4.792768365907116e+01
  2.219478390428426e+02  1.726777039403567e+01 -1.855030587952996e+01
  1.656973228125527e+02 -1.225878314758844e+01  3.733376467473561e+01
 -2.658315588525606e+01 -2.468454514438983e+01  5.892885179141072e+01
  1.217685548664193e+02  8.819316531099082e+00  3.742830013193783e+01
  5.936435924897985e+01  2.873977395176377e+01 -3.815177679091192e+00
 -1.065352409598315e+02  1.763837801305092e+01 -3.736402841801337e+01
 -4.474848709521995e+01 -3.525502517075299e+01 -3.259528423536746e+01
  3.257544064695755e+01 -2.065424907592419e+01 -3.090203359728048e+01
  1.016295285001673e+02 -1.614165496949084e+00 -5.355067800901968e+01
  2.263249631202402e+01  2.755368156981510e+01 -3.054276883602876e+01
  1.315286445739421e+02  1.172512572202866e+01  2.663879024484534e+01
  6.041851613433398e+01 -3.213145233539468e+01  4.557603284117985e+01
  1.748730165746275e+01  3.908520314173509e+00 -1.270159143635981e+01
  2.269111740502888e+00 -1.417413430668205e+01  2.414172076806610e+01
  1.512707016400651e+02  1.721760791342539e+01 -5.153532334959962e+00
  7.956956084965849e+01  1.543361356678645e+01 -4.835309455055751e+01
  5.881247518779895e+01  3.163213289295461e+01 -2.708664176869274e+01
  6.667450177930931e+01 -8.718011608708554e+00  1.874504706834726e+01
 -1.332255410476062e+01  7.873330456192162e-01  3.632159204475465e+01
 -3.712353021606866e+01 -1.847292875616179e+01  6.497292602032832e+00
  1.041016826868730e+02 -2.400629209796784e+01 -3.671751733971122e+01
  6.161993279702334e+01 -6.208297556480066e+00 -5.806088535109969e+01
  9.294865220745943e+01 -1.502450157428254e+01 -4.294745236204533e+01
  2.202161667530841e+01 -1.831860032613905e+00 -2.609098783384889e+00
 -2.456049254436667e+01  4.094847559466169e+00  1.624435375926431e+01
  4.869428933230038e+01  1.857007590399532e+01  3.985025668180509e+00
  9.543327610878259e+01  2.405552829986685e+01 -1.679358586028381e+01
  1.805628334192094e+01  2.062337889949185e+01 -3.318038271961856e+01
  1.445998227330421e+02  2.370629575307179e+00  1.736749834010210e+01
  7.265877518103829e+01 -1.227890186228832e+01  2.876016715202597e+01
  1.413743923794872e+02 -3.289936375732744e+00  2.710941820196420e+01
  8.644894193160226e+00 -3.059354273343096e+01  2.726989770502335e+00
 -6.278420352049925e+01  4.267619066251539e+00 -2.548838206801924e+01
  6.602697799944019e+01  4.026354698956611e+00  9.273664467266556e+00
 -9.875991634797161e+01  2.836687369723314e+00  1.367783429011669e+01
  1.032268658493290e+02 -2.107498323415036e+01 -5.633404359586415e+01
  1.472693762964826e+02 -5.947753549716136e+01 -4.858283854548010e+01
  6.814672128567595e+01 -1.605162654060555e+01 -1.529943483126655e-01
  8.880462175243088e+01  2.591792146383114e+01  8.304416329985317e+00
 -5.261158029828007e+01  2.174696535130474e+01  1.729739619814935e+01
 -2.035965107696446e+02  2.127320549989426e+01  6.022565358422749e+00
  1.157402216339940e+01  2.711286152565784e+01 -9.077055741183850e+00
  4.635953906382303e+01  2.203126441535108e+01 -1.630341282961682e+01
  3.037451866069133e+01  3.510195172397940e+01 -1.038702482510867e+01
 -9.810166029604883e+00 -1.701463144789205e+01 -3.579530834119098e+01
 -6.591704641630480e+01 -2.837644151795936e+01 -9.464780797069658e+00
 -2.167783252630644e+01 -3.560229869612880e+01 -1.242602466120380e+00
  7.085005147659885e+01 -2.956686148384897e+01 -1.005921644330162e+01
 -1.621799411593501e+02 -1.047171231788467e+01 -1.695057106173769e+00
 -1.008917571769874e+02  1.548390862920570e+01  2.543181096258843e+01
 -2.118669955003725e+00 -6.586408104686660e+00  5.174135777717110e+00
  1.817726532297849e+02 -1.449607868332593e+01 -4.333858690743499e+01
  1.485029338182529e+01 -3.940093355987108e+01 -5.279878703016354e+01
  6.801914530743634e+00 -2.888718538695892e+01  5.715880849774397e+00
 -1.231275864867634e+02  1.361160637122353e+00  3.862222120393488e+01
 -9.023869984127025e+01  2.641487614040446e+01  1.883189483220286e+01
 -7.515616156082909e+01  2.927399613900067e+01  1.868466831584695e+01
 -5.306801608067721e+01  1.941464829939049e+01  1.346127530346939e+01
  6.810756909810632e+01  4.296850814218713e+01 -1.655147450324237e+01
  4.952017932250710e+01  2.671500778403551e+01 -4.618048194962093e+01
  4.952651848458325e+01  1.179165487928357e+00 -6.516022567680224e+01
 -1.010371943110290e+02 -2.930166541716870e+01 -1.582223667034255e+01
 -1.730549513229880e+01 -2.903337163191731e+01  2.513483965103571e+01
  9.785409566002555e+01 -1.710561573697871e+00  1.924651880169969e+01
  2.123206502657447e+01 -1.904531590016151e+01  1.701864550765396e+01
 -9.073382499917804e+01  1.565930429810162e+01  1.057780815612263e+01
 -6.170356782586575e+01 -2.304524729748816e-01  2.126590971693096e+00
  6.938403274127724e+00  2.287895542192837e+01 -2.458573521072524e+01
 -2.903349946958801e+01 -1.129206271890528e+00 -3.813380381667976e+01
 -5.669413218640209e+01 -2.788663458402403e+01  3.086908810760438e+00
 -4.244753424091529e+01 -3.899484049493188e+01  2.696404085654697e+01
 -2.608613286347306e+01 -1.850464612465261e+01 -8.065052415115728e+00
  2.153345357831841e+01  3.007995562815994e+00 -3.038680120800901e+01
  4.275758249847750e+01 -1.433126625534173e+01 -6.354566615954731e-01
  8.943284958961148e+01  1.977561527983742e+01 -2.447519553246862e+01
  1.385803403276653e+02  9.200425614440695e+00 -7.071466405783367e+01
 -7.709156467785706e+01  2.742836451375275e+01 -4.943598733544447e+01
 -4.708102908469134e+01  4.267659092428261e+00 -2.932863442281370e+01
  1.505345543827816e+02 -8.215871297207901e+00 -1.235532974748506e+01
  1.046282766265394e+02 -8.802520293271607e+00 -3.109584438478984e+00
  3.992929325875973e+01 -5.341025186192785e+00  2.686307913736941e+01
 -5.881107534683758e+01  1.981863560741946e+01  2.879961412840726e+01
 -1.796596234041123e+02 -9.888665473200149e+00  8.049078966931830e+00
 -9.390612788020034e+01  3.010030970562011e+01 -3.413743947140965e+00
 -4.691882310845602e+01  1.967957150133063e+01 -1.396655082535887e+01
 -1.148165924863903e+02 -1.536667454802189e+01  1.556845511819833e+01
 -1.372437292090682e+02 -3.423144317797869e+01  4.874445447790981e+01
 -5.302682992157767e+00 -4.434111141485209e+01  4.502633857836050e+01
 -6.876970560993431e+01 -2.022346332663246e+01  1.845280202529175e+01
 -9.451293438140974e+01 -2.131031316519383e+01  6.805409827583227e+00
  3.715095073651054e+01 -1.543420428059028e-01  7.886111565126471e+00
  6.018938007946728e+01 -6.202068548172440e+00 -2.611019657977478e+01
 -2.332248106587045e+00  1.243830165603194e+01 -4.569281161003224e+01
  6.816484865353257e+01  2.760910638078051e+01 -1.035357426310510e+01
  2.233343347462473e+01  3.216086576932786e+01  8.754498899388935e+00
 -9.991053199553457e+01 -1.459293587782532e+01  1.633228595876332e+01
 -1.208853833849826e+02  9.934833928041909e+00  2.096532760951612e+01
 -4.376158768738958e+01  2.589005944272755e+00  1.487893097043548e+00
 -1.142121028270188e+02  1.925435664560702e+00 -1.339766154787851e+01
 -3.580298817039075e+01  1.819519023147986e+01 -5.689591799004944e+00
 -3.074890067498076e+01  2.452998803271399e+01 -2.803207895247480e+00
 -1.315166387782320e+02  2.696008666776379e+01  9.205142184312090e-01
 -5.071012441206557e+01 -9.117686756944092e+00 -2.170334721486396e+00
  2.869331588788228e+00 -1.957365694329595e+01  1.005783452671521e+01
 -4.027393397706403e+01  6.421587497444861e+00  3.974837722349827e+01
 -1.068378026592597e+02  8.702053664455915e+00  4.589620383880620e+01
 -3.858117214877166e+01  1.333206350406303e+01  3.368117599012817e+01
 -6.035498121752859e+01 -6.252921769977699e+00 -1.956620162976259e+01
  1.710782087760093e+01  1.488101492528612e+00 -2.190863960254747e+01
 -3.237496217554063e+01  4.935819893204760e+01 -8.371971339034294e+00
 -1.629147300414095e+02  6.271009173280667e+01  3.086940650787721e+00
 -2.033914128012040e+02  4.412264793210412e+00 -9.624788346446811e+00
 -4.276976106510309e+00  1.341663641938095e+01 -5.236536352266823e+00
  7.031868093212510e+01 -1.006031529825708e+01  9.814511989960343e+00
  3.202303057257314e+01  1.098333858111715e+01  1.922157633106389e+01
  5.837070581663052e+01  1.850464577210253e+01  2.363517412147432e+01
 -7.643528865761542e+01  3.278410907047852e+01 -1.225164036018240e+01
 -4.278287546746158e+00  4.231524983389779e+01 -2.432353191918299e+01
  4.992508272571308e+01  1.343587380775758e+01 -1.939838186820830e+01
 -1.674208595835744e+02  7.131101646104840e+00 -1.708324091047437e+01
 -1.787023124514375e+02  5.043045401586986e+01 -1.603792569304143e+00
 -8.355568615723699e+01  2.956301167241581e+01  8.835860513880341e+00
 -1.404352402598833e+01  1.453322751358913e+01 -1.033496707364928e+01
  3.659638050943899e+00  1.381044543264069e+01 -3.130745495448334e+01
  4.154629474204029e+00  2.301282501567170e+01  1.503846385168890e+01
 -1.112775906052981e+02  3.035052615849438e+01  3.394680125558173e+01
 -1.273669849933183e+02  4.854420489575582e+01 -1.122182079790295e+01
 -1.127918452482106e+02  2.690901804519411e+00 -2.991792984574757e+01
  3.431517992761523e+01  1.599372937101779e+01 -4.130212114110287e+01
 -1.573418452301254e+00 -1.476495606567558e+01 -3.283301056033900e+01
  7.612171283286457e+00 -1.332153291197623e+01  1.331982837532601e+01
  3.435993514412487e+01  1.051813629961541e+01  4.027563571542549e+01
  6.110836853828893e+01  1.947840127345464e+01  1.529451457448679e+01
  1.063670633632608e+02  7.859631953664053e+00 -1.054825672214920e+01
  1.230650989028495e+02  2.235108526882962e+00 -5.376327646911637e+00
  1.160714830483132e+01  7.289634849719495e+00 -1.828855240221145e+01
 -1.362231307015117e+02  2.500771352175483e+01 -2.138779637253537e+01
 -9.893499973849035e+01 -1.197589091914273e+01 -6.337902668716630e+00
  9.876552040982023e+00  1.345300281992888e+01 -1.867101776534547e+01
  3.656130205134344e+01  1.191850014460040e+01 -3.060306169414000e+01
 -7.292740818853271e+01  1.575830518116362e+01  4.696823440537455e+01
 -1.112057369667051e+02 -6.661960380554694e+00  1.319467572688298e+01
 -5.261751897714194e+01 -1.962540898286740e-01 -1.510475433936810e+01
 -1.292462441157035e+01 -3.885696774095905e+00 -2.107043796575060e+01
  5.500320897782257e+01  6.392169335164438e+00 -1.214833979416273e+01
  7.969594826634693e+01 -1.432855629735876e+01 -2.478014232874033e+00
  8.203442865830402e+01 -6.709129683101381e+00 -1.188990002727310e+00
  3.638363463324822e+01  1.826970576864854e+01  1.277078269497083e+01
 -3.016280907180081e+01 -5.551389420115711e+00 -8.409006530541964e+00
  8.568774842513929e+01 -2.479931367918399e+01 -3.693682251920038e+01
  8.970445590366833e+01 -1.713521177784957e+01 -1.760512330283635e+01
  1.170983269542413e+02 -1.866202888247179e+00  1.423845857109090e+01
  3.608897740325823e+01 -2.532247301402334e+01  1.791191538189820e+01
 -6.823735070233361e+01 -2.979863907785137e+01  1.715356236532987e+01
 -9.905896085263494e+01 -7.080689042307871e+00  4.957127890336026e+00
  9.760193643075429e+00 -1.287004643948102e+01  1.850885906752276e+01
  1.688378781373695e+00 -4.307974727987150e+00  2.235050515154570e+01
 -3.812362986283097e+01 -3.273043891019725e+01 -1.610140751512503e+00
 -6.315758182544080e-01 -3.012360905331205e+01 -5.057710604765671e-01
 -4.826603293097720e+01 -1.015246492411354e+01 -4.952802450163475e+00
  6.904282323875799e+01  1.894723395554396e+01 -2.581982325710776e+01
  1.017557352722205e+02 -1.077882939929840e+01 -1.236328185898385e+01
  1.216644788532479e+02  3.167185065544559e+01  3.484367975421814e+01
 -3.821471914928181e+00  3.059192475185668e+01  4.014999885191391e+01
 -1.432959538179325e+02 -1.263554870399503e+01 -1.899825734487028e+01
 -5.191347742089400e+01 -3.356542201920025e+01 -2.852473879563439e+01
  1.464560357923907e+01 -1.178336894698810e+01  1.125920449008036e+01
  9.396037791521215e+01 -1.710507981691203e+01  3.362537197181955e+01
  4.327973905557246e+01 -2.856558288676211e+01  3.070412703936570e+01
 -1.431342125220722e+00 -1.122883563701016e+01  5.413401954838164e+00
 -2.553750314302903e+01 -2.312289512399203e+01  1.847371145194759e+01
 -7.855203332714619e+01 -1.503203416723920e+01  4.056956730242548e+01
  9.911144541327735e+01 -3.846466944746358e+00  1.989728213765119e+01
  4.519555379438673e+01 -5.019081263292536e+01  1.156762661520092e+01
  2.838224053546372e-01 -2.644090002866258e+01  2.848543168379302e+00
  9.966542528426666e+00 -3.210603894952793e+01  1.990302516809034e+00
  4.204716143479406e+01  2.357493161957730e+01  8.185227732412637e-01
 -1.429275264070370e+02 -1.657152489876273e+01 -1.770176075038180e+01
 -1.331841539471374e+01  4.070650292936969e+01 -1.776916514796633e+01
 -5.903694213079356e+01  4.456603935054586e+00 -9.688385968202729e+00
 -7.581959690822566e+01 -4.442639544668004e+01 -1.860969131264774e+01
 -1.163658464120676e+02 -2.565485374527722e+01 -8.858422776867199e+00
 -1.939532266333432e+01 -3.103853798065796e+00  2.558963564507642e+00
  3.802779031906881e+01 -8.119532033756172e+00  1.213993043380394e+01
 -1.538427430013114e+02  1.384346677582062e+00  1.770432879502582e+01
 -2.579649723701051e+01 -7.911171006183630e+00  1.434751654602514e+01
 -2.403520044543921e+01  8.166403017398085e+00  1.164660925735111e+01
 -3.134385541421442e+01  8.603857694416059e+00  1.529858661915497e+01
  9.051662247389336e+01  8.283522085321300e+00 -1.691517516247560e+01
  1.057533220162794e+02 -1.884078870209916e+01 -6.032678206278058e+00
 -3.455529960827224e+01 -1.250288034976181e+01  2.886920524940439e+01
 -6.321855889706524e+01 -2.403592213650300e+01  1.496665192940941e+01
 -6.011746161577831e+01 -3.725656375389668e+00 -6.341644233782067e+00
 -1.506972128483546e+02 -2.275036267268737e+01  4.320260272422916e+00
 -1.096838031679207e+02  8.178308700209811e+00  1.607634166554087e+01
 -3.525205710621695e+01 -3.382918389646113e+01 -3.180586021889287e-01
  3.577578392278252e+01 -4.143638660972277e+01 -3.209078838067131e+01
 -2.786403975586589e+01  2.774563453317551e-01 -3.723539980215712e+01
  1.265790902201479e+02  9.342708403263643e+00 -1.167258561282272e+01
  8.283144620880886e+01  2.771648633535785e+01  1.379544926763370e+01
 -9.226510269321420e+01  1.551897513199041e+01  7.993110907909046e+00
 -1.572158290983234e+01  2.441700126596972e+00  2.114905843240792e+01
  2.171983922827074e+01  2.892482724789410e+01  6.377605111355969e+01
 -5.934296710040642e+01  1.144065853472705e+01  3.904923225541246e+01
 -1.272467135793096e+02 -1.483603331043490e+00 -2.415621442703356e+01
 -3.821351193908154e+01  1.190585868768580e+01 -9.773092514046672e+00
  1.785576227531251e+01 -7.182394869491480e+00 -5.080071828971267e+00
  6.044926807268224e+01 -1.053413521351537e+01 -1.821785249508176e+01
  2.608013541966446e+01 -1.814246091236270e+01 -6.633547660634998e+00
 -5.127589286453940e+01 -3.864619051972255e+00  1.540712299757977e+01
 -7.182466847697731e+01  1.984824661179525e+01 -4.028973967102754e+00
  3.515249919845941e+01 -4.939368863059997e+00 -1.766073891775995e+01
  1.045968678927423e+02 -6.336479666885892e+00  5.201163351293861e+00
  7.380535847059419e+01  1.716232520074802e+01 -1.973650326563842e+00
  8.538951569634749e+01  3.475734536755808e+01 -4.562110305965403e+00
  9.591025347639075e+01  3.392443858312632e+01  1.388307381820906e+01
  1.002677721149444e+02 -3.339688247546022e+00  1.629381700299738e+01
 -5.229906103123717e+01 -9.096877278444824e+00  2.902578506366446e+01
 -1.010406191353324e+01 -3.755713996731025e+00  2.532646731651486e+01
  5.136318087810054e+00  3.574493882402919e+00 -8.330118144902929e+00
 -1.069371486741385e+02 -2.896063231967105e+01 -2.352443613142733e+01
 -8.745587480206214e+01 -5.008880676299677e+00 -5.948992364192107e+01
  7.911594806883076e+01 -9.359830626918079e+00 -4.391302753877730e+01
  1.646714230052434e+02 -2.260414465594319e+01 -1.911794960723458e+01
 -3.361533427927474e+01 -2.248586988938220e+01 -8.100994935575363e-01
  9.099213922670531e+01  3.135678050634910e+00  4.443396246020085e+00
 -1.760911111956167e+01  3.880503668497787e+01 -1.358185024761944e+01
 -2.089182392268171e+01  2.987766462063205e+01 -2.506705868307410e+01
  2.877255164091293e+01  1.724687788685598e+01 -2.220014402035220e+01
  1.441797808129557e+01  4.714182723142486e+00 -4.407069826456970e+00
 -1.815639763747873e+01  2.208729893283005e+01  5.010092132327149e-01
 -4.544715677675799e+00  1.471189882421821e+01 -4.237192853495249e+00
  5.173080592683479e+01 -4.252429965639936e+00  1.113367271810953e+01
  2.910202481670033e+01 -4.407500932003850e+01  3.552094866969323e+01
 -1.199059038040995e+01 -5.428436968436243e+01  3.518278582968170e+01
 -3.032906060103939e+01 -1.859374384117235e+01  1.514276002575878e+01
  2.453797648894078e+01 -5.504934919013216e+01 -8.299988199825938e+00
 -4.767007824292393e+01 -4.612638942983624e+01 -3.178594272193199e+01
  2.526209091869787e+01 -1.662838402209636e+01 -1.440975614156580e+01
  3.959682155965135e+01 -1.644342518604169e+01  4.799674323210446e+00
 -2.468385962402713e+01 -4.246749340164254e+01  2.197560410956978e-01
  2.219246102389768e+02 -3.710977821340016e+01  2.685819072231201e+01
  1.439968213191983e+02 -3.848694236509832e+01  6.123741052453311e+01
  1.038518472943385e+02 -3.547276119935591e+00  4.769267872375436e+01
  1.231571176523041e+01  5.093431775378651e+01  1.031103629594221e+01
 -1.064110149502876e+02  5.135261201148620e+01 -4.265673447636843e+01
 -4.164685203341653e+00  3.505649461544662e+01 -4.792532121385503e+01
  4.374310062335956e+00 -1.517726209461940e+00 -1.258531821455021e+01
  1.748194961464978e+01 -1.121382384534137e+01  7.472666978475101e+00
 -4.267797447959902e+01 -1.508307694022290e+01  5.911458130684593e+00
  4.717053130161888e+01 -6.211101688130923e+01 -8.438127731670198e+00
  1.284529596664385e+02 -5.351805424153093e+01  1.933670066018383e+00
 -3.248950688123811e+01 -2.634827600553221e+01  1.483101044775392e+01
 -1.282682436337002e+01  1.138629639627178e+01 -3.519924115081886e+01
  6.232609234431169e+01  2.375397791511480e+01 -3.752910352610987e+01
  1.014255339319558e+02 -1.910477710848583e+01 -4.575986949989041e+01
  9.805313906919740e+01 -1.223926946560906e+01 -1.190155994971290e+01
  1.014439931838475e+02 -4.381406524772108e+01  5.538421781991838e+01
  3.595040093762371e+00 -5.800845374872148e+01  5.194347777743883e+01
  1.832028059220522e+02 -7.309087415994283e+00  2.756441074479554e+01
  1.017752193533173e+02 -9.819237039463729e+00  1.190107502338907e+01
 -4.472629636519443e+00  2.350350790206866e+01 -2.280534019840955e+01
 -6.067214242360145e+01  2.650571240121483e+01 -4.350133409411723e+01
  2.817689652944045e+01  7.917318564520017e+00 -2.488031133485813e+01
  6.753744972773988e+01  7.856801963177615e+00 -1.417110624632703e+01
 -7.211941553414380e+00  6.818250284752136e+00  4.038445533357054e+00
  3.070626784086635e+01 -2.214796701309299e+01  3.660803798387827e+01
  4.870867169099029e+01 -5.245941553877202e+01  4.983818550209909e+01
 -3.580411477073645e+01 -3.555464321452872e+01  1.804944847362072e+01
  3.913740405879334e+01  9.822556579488751e+00 -5.361548769352716e+00
  1.254357572851462e+02  9.089225193687060e+00 -8.523784941176132e+00
  1.126050233441229e+02  1.090042376452256e+01  1.857846693545917e-01
 -1.058616909254277e+01  1.412895363390127e+01 -5.395436153870708e+00
  1.606036558590436e+01 -7.272467255575103e+00  1.421040892857135e+01
 -9.737989112222952e+00 -7.817144369077712e+01  4.075853239822649e+01
  5.747673817642880e+01 -4.595815199845502e+01  3.690671885614457e+01
  1.499185805874300e+02 -7.496499438550974e+01  2.818832391741266e+01
  1.138739708143037e+02 -2.565347807103506e+01  1.833038100905055e+01
  2.742499550917442e+01 -7.633079955209774e+00 -3.887890231979107e+00
 -3.175595990521139e+01  1.058607861457930e+01 -8.845695713544792e+00
 -1.687904337458277e+01  5.993240078661923e+00 -7.847571629497811e+00
  1.183392932477061e+02  7.991731038320737e+00 -3.003141144566395e+01
  9.562831265908731e+01  1.593882436131655e+01 -1.576951958910920e+01
 -1.376441262014027e+01 -1.337835509664770e+01  2.017746470906732e+01
  3.999750998118044e+01 -1.800194648327606e+01  2.612520978175545e+01
  9.637511917766909e+01 -1.425907971321657e+01  4.222724795522855e+01
  9.607257659426949e+01 -1.655167662709354e+00 -4.729646425483622e-01
  5.786661841682725e+01  1.814726160360250e+01 -1.753167253187674e+01
 -7.060630415095758e+01  2.200400895562239e+01 -2.144229447599711e+01
 -8.200308612510224e+00  2.146196071187883e+01 -1.470167745860760e+01
 -1.121120633201108e+02 -4.398478985940968e+01  1.316008544245767e+01
  1.280243804462341e+02 -6.359903904170996e+01  2.725615308110595e+01
  5.998927288094190e+01 -6.520892889867085e+01  2.636295508013895e+01
  4.677006799739300e+01 -5.139702988558327e+01  1.962405588940516e+01
  3.121515275538651e+01 -1.635985588300965e+01  1.868906516341424e+01
 -7.361631053247207e+01 -2.559736735849629e+00  3.326895453961766e+01
 -2.040420927470805e+02 -4.322351264367608e+00  2.301316929677287e+01
  1.752258204107569e+01  2.062286516323726e+01 -5.043100468803560e+01
  1.608977458453609e+01 -1.443569433171215e+00 -7.595348855403739e+01
 -2.521392841008752e+01  9.626377513319326e+00 -3.023031969488108e+01
  1.952533404502633e+01  6.957536408476297e+00 -8.706526978465885e+00
 -5.272321164858350e+01 -5.828983570085085e+00  6.147355671029922e+00
 -1.833983656870366e+01 -1.325184620496377e+01  2.881233332368870e+01
  1.004504526501179e+02 -4.203655198317815e+00  3.471159527001599e+01
 -1.283494201003368e+02  2.042658898878415e+01  8.393173801912930e-01
 -1.116174984005509e+02  2.938295626247865e+01 -4.151758478973680e+01
 -7.008262769493425e+01  2.921543670897539e+01 -3.304992275720227e+01
  1.104590642898195e+02  1.007215835186361e+01 -2.338412611148975e+00
 -5.917087488053032e+01 -9.753335710022606e+00  2.022573062437523e+01
 -5.014695231311714e+01 -3.706742623831127e+01  3.494686462314768e+01
 -7.015281564662148e+01  9.903268313564380e+00  1.016149593339509e+01
 -2.569704146116322e+01 -2.273049969400604e+01 -1.999607887736577e+01
 -5.385917752914974e+01 -5.896643223620424e+00 -8.431739136770501e+00
  1.254343885076459e+01  2.404588819594719e+01 -1.713874638159840e+01
  5.661588954941668e+01 -3.903696869010771e+00 -3.961144870384346e+01
  7.723953957914941e+01  2.100418724846419e+01 -2.457575321897546e+01
  1.164492108992423e+01  8.262559568088513e+00 -3.072769597725900e+01
 -1.784213854907685e+02  1.180687685954212e+01 -4.304585595031020e+01
 -1.152491496410959e+02 -2.912005085084116e+00 -1.923288371920399e+01
  4.987211049007037e+01  7.351405682463199e+00  1.290464821845530e+01
  5.021857253357600e+01  1.149445848117078e+01  1.843139563304699e+01
 -3.045525553562616e+01  2.803296987656906e+01 -1.291570815109877e+01
 -4.476760147496158e+01  6.467264569613610e+01 -3.635156643465051e+01
 -4.789070656545385e+01  8.322806528947886e+01 -4.240638965208618e+00
 -4.906664760446341e+01  1.631556389396433e+01  3.401241604158808e+01
 -8.682105623622029e+01 -2.817366988831882e-01  4.462455373968339e+01
 -1.593944489547583e+01  2.127047944633915e+01  2.910710409756454e+01
  2.507293028270912e+01 -3.124221858340935e+01 -6.755234429050471e+00
  4.208394572916690e+00 -4.485052148680587e+00 -1.254609385323150e+01
  5.027160942116488e+01 -2.916205293830862e+00  1.089259997940736e+01
  1.418179227842095e+02  2.232742317169096e+01  8.210376157269089e+00
  1.410689981300463e+02  2.449399980182112e+01 -1.056131249675431e+01
 -8.783741490840069e+01  1.699889326086426e+00 -3.846186016156174e+01
 -6.405771891960404e+01  2.377843755572100e+01 -3.478804073893064e+01
  1.024085751188482e+02  2.234233858152203e+01 -2.082456711653417e+01
  1.173120768749225e+02  3.290987112907793e+01 -1.709015740026454e+00
 -1.146725709934200e+01  1.610207030086579e+01  1.781951321188468e+01
 -3.386717918140343e+01  1.175218291105180e+01  1.804538570323398e+01
 -1.362789950534499e+02  2.230539508463806e+01 -3.213285909460113e+00
 -5.006551330489773e+01  5.567189550768533e+01 -2.921722578318167e+01
 -7.385244796501460e+00  3.565958308182407e+01 -2.159322807010698e+01
 -1.776825648796809e+02  1.082670310357265e+01  3.625759236205574e+01
 -8.173123019431095e+01 -1.326982203979076e+01  3.687246299952821e+01
  2.808138806538465e+01 -2.909721213754636e+01 -4.216226875191179e+00
 -6.058540934384502e+01 -1.072205037825340e+01  4.750525646188061e+00
 -9.403856038673375e+01  4.244763419794761e+00  1.773633070734581e+01
  2.995934352005015e+01  3.986940669637822e+01 -1.002861924972452e+01
  9.790374087817037e+01  3.138029205621769e+01 -3.678785828509216e+01
 -1.055289399226442e+01  2.880560845838318e+00 -3.740545663980043e+01
  2.738525381407138e+01  1.705730374768114e+01 -3.423811941482409e+00
 -5.777373411654204e+01  2.218760094766722e+01  2.303543718241844e+01
 -6.467615479940198e+01  3.277036171423294e+01 -9.737436359834710e-01
 -9.999116456688961e+01  7.370813893552414e+00 -5.478171192089234e+00
 -2.980845371539336e+01 -1.334280425908116e+01  1.125197160930437e+01
 -1.319404307981494e+02 -2.266727484384734e+01  1.702502849067087e+01
 -2.419810198897313e+01 -3.999397899092420e+00 -1.389509619314664e+01
 -9.487262748218927e+01  3.430928734859417e+01 -3.807345427639066e+01
 -1.933479620019207e+02  1.381157354193286e+01 -1.141996918334304e+01
 -4.453430982151502e+01 -4.698707274037985e+01 -7.676305163889939e+00
 -8.431922699145139e+01 -8.895162503752044e+00 -1.178373392396358e+01
 -9.682968488916372e+01  3.971779363266510e+00  3.854604978045366e+01
 -1.267496307383644e+02  2.129622840606625e+01  3.837643170923442e+01
 -2.735414248719785e+01  3.261872099797183e+01 -9.539257606990773e+00
 -3.675698206502224e+01  3.368552866858847e+01 -2.769817786623774e+01
 -1.398422949404852e+01  2.068768556434381e+01 -3.763693794385843e+01
 -5.608643842843296e+01  6.641230640334356e+00 -2.240607816084908e+01
 -1.629089193997227e+02  3.059289381731066e+01 -1.606171921885846e+01
 -1.768176515587694e+02 -3.752211926872741e+00 -3.417502548114680e+01
 -4.146969217542605e+01 -1.909734733806213e+01 -4.140992102354770e+01
  1.937204610422161e+01 -1.284330064073733e+01 -8.552219892482668e+00
 -6.841817867413610e+00 -2.952200673307472e+01  3.129276108493043e+01
  7.181255071542697e+01 -2.965357394651940e+01  4.028198627372122e+01
  9.194183977307893e+01 -2.805635874223338e-01 -2.905501369156759e+00
 -4.067710872747013e+01  1.865220332621352e+01 -3.031870106306081e+01
  3.925890143871034e+01 -2.120293363862352e+01 -7.462358359627608e-02
 -1.229706651894487e+02 -7.156398693028962e+00  3.246085539203617e+01
 -2.164450261473738e+02  7.288049843702072e+00  3.742795329559861e+01
 -3.315408745056102e+01  2.263235834318396e+01  8.640113286273477e+00
  7.402700298973927e+00  2.135605406773202e+01 -8.067044302089869e+00
 -1.033207002769878e+01  1.048712331147888e+01 -2.336596341506995e+01
 -3.867338095191295e+01  3.526780706298322e+01  5.638980138956291e+00
 -5.448356562643368e+01  3.349971188631842e+00 -1.039490131486392e+01
 -1.024499062305568e+02  2.223614618710672e+01 -2.508711005583091e+01
 -1.345795010055905e+02 -2.499792811065304e+01 -2.683652274382173e+01
  4.148522138866034e+01 -3.206424926779272e+01 -1.719273849114782e+01
 -2.111553178509970e+00  5.666414737148727e+00 -1.025682070961252e+01
 -2.798388847375633e+01 -1.571060133854082e+01  2.140597069751747e+01
  1.069805198245239e+00 -2.787984553627735e+01  5.444625548066981e+01
  1.470225075827359e+02 -8.961105713302695e+00  2.194274630417304e+00
  1.362124488793915e+02  3.195331637626925e+01 -3.738497578480693e+01
  8.257776492592598e+01 -2.797313687709895e+00 -3.158897677640331e+00
  1.715278335337323e+01 -2.462434085290080e+01  3.747658598521773e+01
 -6.509444925777666e+01 -2.304015409203853e+01  5.532006080724781e+01
 -1.141986978943598e+01  1.395304169848086e+01  1.493154010929414e+01
  3.368525021515162e+01  9.419721669721174e+00 -1.152857780214402e+01
  5.231968317703413e+01  2.804965554377736e+01  5.610801225299189e+00
 -6.613722536638022e+01  4.971852144507394e+01 -7.560406264460866e+00
 -8.497281528392890e+01  1.068912424102516e+01 -3.787612107609235e+01
 -5.783838825002383e+01  8.427988507234769e+00 -5.358042173677492e+01
 -7.827490430563682e+01 -1.729840196280087e+01 -5.162099514087683e+01
  4.940672174116604e+01 -2.003300912506473e+01 -2.765020076565519e+01
  5.256210693649521e-02  2.145345270538485e+01 -5.283369242698484e+00
  2.698107950040755e+01  3.691608058613541e+01  2.511141621629745e+01
  2.018163607371505e+00  7.762595336039986e+00  4.033198788273667e+01
  6.382635454249063e+01  1.342930071242412e+01  3.057115150233115e+01
  1.307154360913996e+02  3.568421658632963e+01 -1.287865703966840e+01
  8.195836497471785e+01  2.754432491382224e+00 -2.896992496493009e+01
  1.005746868961510e+02 -9.707615526894333e+00  1.321760862302947e+01
  6.038680244511661e+01 -3.009076613047516e+01  1.922826742821115e+01
 -9.350353619433744e+01 -1.700059135944475e+01  1.290997474193341e+01
 -3.497928783968082e+01  1.464451794589911e+01  8.942114878069439e+00
 -4.198827509195509e+01  4.539824323265933e+01  7.291567544724641e+00
  1.237607795216200e+01  3.700641004987381e+01  2.038105906247996e+01
  3.107520822821645e+01  4.203198347659671e+01 -3.190136828090438e+01
  4.046110619526065e+00  1.207331496463141e+01 -6.972907495650719e+01
 -6.104598593463091e+01  1.867583245744823e+01 -5.699929463261304e+01
  5.094258485219102e+01  2.132336343210251e+01  6.048645271962791e+00
  3.526627410447302e+01  8.400513495461931e+01  4.399766962324681e+01
  7.109033499569993e+01  6.792850821318767e+01  2.153904297673394e+01
  2.799908351035175e+01  3.869343237790884e+01 -1.129989783564709e+01
 -1.051734034467018e+02  2.373395189853700e+01 -1.507195342105730e+01
 -5.276799025460991e+01  1.432868474584787e+01 -9.110883534656701e+00
 -1.262328058554353e+01 -6.034481829791236e+00  3.004015006653836e+00
  9.155006064543331e+01 -1.315555174993568e+01  3.248824916584582e+01
  3.674861029941091e+01 -8.683265131262345e+00  5.317730956391772e+01
 -7.581059169414941e+01 -2.304059214054449e+01  5.146403604378598e+01
 -2.778851389856430e+01  4.336205741462123e+00  2.803688278623176e+01
 -4.791779497935713e+01  4.084981166985687e+01  2.874741574135813e+01
  1.386557657610907e+02  1.736664018225326e+01 -5.946598876902922e+00
  4.799551453559094e+01  3.694865059576959e+01 -5.171113254133415e+01
 -2.967136615373976e+01  1.141656037885911e+01 -5.864736568071166e+01
 -8.100993855884330e+00  3.965825100806077e+01 -3.565756274701164e+01
  2.388783192989735e+01  2.526362748475839e+01  4.585098391685616e-02
 -1.433351023424986e+02  7.787722563863827e+01  3.052281799401110e+00
 -1.640911160303896e+01  4.105132869150449e+01  1.127862926049762e+01
  1.328064065862882e+01  1.078525573432336e+01  4.220742016385781e-01
  2.181870461926600e+00 -1.228664373758800e+01 -3.098731360983815e+01
 -5.977719603336231e+01 -3.153008061632391e+01 -2.635285311155764e+01
 -5.358050194207870e+01 -2.069154413145965e+01 -1.886978348046193e+01
 -1.038208560215510e+01 -1.263118120021464e+01  8.275837677005029e+00
 -1.706945820765646e+02  8.368985655354233e+00  4.243753904888663e+01
 -5.607279474191390e+01  1.474785582325411e+01  4.340227696083512e+01
 -8.027565325506297e+00 -1.753703327242950e+01  3.742124071238580e+01
 -2.979897587049400e-01  1.761478186572627e+01  3.530127611879587e+01
  1.065013662934302e+02 -1.278411852762426e+01 -8.775144214359591e+00
  1.566678659289330e+01 -1.390110195578790e+01 -4.407420840692666e+01
 -4.343281732462479e+01  4.104986868518992e+00 -4.238817986541940e+01
 -1.858339583083213e+01  6.423650373142696e+00 -1.501022873290174e+01
 -4.182941351069016e+01 -4.793597995990595e+00  3.275999116052542e+01
 -6.151566025250290e+01 -1.045724344214242e+01  3.940333008435392e+01
 -5.960919294146030e+01 -1.390892765117342e+01 -1.670619086667914e+01
 -1.389948418866401e+01 -3.092139953955419e+01 -4.707061748615760e+01
 -1.313962944952540e+01 -2.386588162730688e+01 -3.627314498459907e+01
 -3.545186454857028e+01 -4.806692766062572e+01 -1.741374623602175e+01
  3.064615539797546e+01 -6.051947802460282e+00 -2.333141012277284e+00
  4.509632913580482e+01  2.432277618482489e+01  3.019057830461994e+01
 -6.865185603549696e+01 -9.633424825860033e+00  4.952779644387157e+01
 -5.146138037372597e+01  1.397307716673850e+01  6.446846775707033e+01
  4.714787016080775e+00 -1.371626473290341e+00  9.131970991425578e+01
  3.778353560846408e+01 -2.705093315769605e+01  5.663812129128185e+01
 -6.449136342018780e+01 -4.539157549373353e+01 -5.162649923578070e+00
 -1.183949492224954e+01 -5.629540123602387e+01 -4.564094546038042e+01
  4.760569352774860e+01 -3.271374980719236e+01 -6.135950383930310e+01
  4.113603949558761e+01 -2.169958401662811e+01 -3.064786967926679e+01
 -6.484433728375323e+01 -2.100896063079080e+01  4.795999044690808e+00
 -7.589766424437126e+01 -3.830184100228421e+01  1.682051684462322e+01
 -1.217553218110894e+02 -3.053309248900003e+01 -1.969058068902356e+01
 -2.340972230001399e+01 -1.124542773308313e+01 -4.655890099601974e+01
  6.408365447867897e+01  1.418575064351148e+01 -2.343440202472889e+01
  6.577314134236991e+01 -1.315285940375025e+01  3.269661400656307e+00
  3.747506786396907e+01  1.738038339367620e+01  7.651733053459797e+00
  6.825777570566257e+00  3.284546687914873e+01  2.963234086620892e+00
  3.269070768088628e+01 -8.658579565186944e+00  3.490767345560736e+01
 -2.349623496240156e+01 -1.458407109812175e+01  5.248968414785956e+01
  2.867712727603241e+01  3.325050998156430e+00  2.760232689532673e+01
  2.495091070261778e+00 -4.576531262427142e+01  1.261521562835809e+01
 -4.326179522822306e+01 -6.584829148251202e+01 -2.753368396536645e+00
  2.390603230424453e+00 -7.784302462332548e+01 -3.609893687057168e+01
  2.421737959598340e+01 -6.051382769088453e+01 -4.527077631547415e+01
  1.182707668962090e+02 -1.919453900075065e+01  7.115410193325975e+00
 -4.225545907599772e+01 -3.978109812030633e+01  4.573776302973378e+01
  1.005604000939682e+02 -2.661393692571451e+01  2.393725037538244e+01
  2.431475055892982e+01 -2.554635067432786e+01 -1.098928039259541e+01
 -4.951544773332381e+01  5.674746897159666e+00 -1.963070873338065e+01
 -2.184015157951823e+01  5.041976490865213e+01 -3.445611416280343e-01
 -2.378367908106440e+01  2.526050237715505e+01  1.071782279202115e+01
  2.615070767617675e+01  3.275167914478264e+01 -2.440186502586083e+00
  2.036028929090805e+01  8.827827709078353e+00 -7.856017067511564e+00
  4.139138927089787e+01 -6.595921429394096e+00  6.200564104888851e+00
  3.214796411791701e+01 -2.371180786218829e+01  2.574134945566628e+01
  6.976581062091043e-01 -3.215680161455870e+01  2.380548548421797e+01
 -7.557134742280438e-01 -4.397211874879875e+01  1.001946972508834e+01
  1.367853306821968e+01 -6.708238217670646e+01 -6.632065664085633e-01
 -7.517377060095382e+01 -8.994201565815357e+01  1.439101941417837e+01
 -3.081638941684859e+01 -4.166081657264209e+01  1.006506837409272e+01
  8.539842737891269e+01 -1.473881582198393e+01 -3.971692997816817e+00
  3.231529038812994e+01 -4.280226109436150e+01 -3.347374496149605e+01
  1.509126125149643e+02 -2.183749779815481e+01 -3.650202948045944e+01
  1.000527644536149e+02 -3.762128708046597e+01  2.376910139202439e+00
  5.378218983742427e+01 -4.790947634652467e+01  4.595483421932290e+01
  6.893133352002783e+01 -3.804104251397016e+00  6.306972265578921e+01
 -1.900608207893090e+01  6.492802435897536e+00  2.530262157942273e+01
 -2.528675697233075e+01 -9.695539410542516e+00  9.957860948343020e-01
  4.013998876974952e+01  3.644061827762295e+01 -1.476518627393981e+01
 -4.254322330037246e+01 -7.567610041804329e-01 -1.272319573325819e+01
 -6.351914355206353e+01 -6.152138713232197e+00 -3.310037971156137e+00
  5.817000061587714e+01 -4.493636419140010e+01 -3.832000929761985e+00
  1.548180192363781e+02 -1.134610307622106e+02 -1.284189416557913e+00
 -6.911347653492403e+01 -3.958572471278875e+01  9.208502429639323e+00
 -6.507220113046245e+01 -2.862277450447234e+01  1.637446085603139e+01
  3.770194218582307e+01 -2.433471902121421e+01  1.038930330210328e+01
  8.750936950134428e+01 -2.882577012852999e+01  1.255600512370913e+01
 -4.640792769570974e+01 -3.635018752883425e+01  1.639287345221980e+00
  9.521860739960181e+01 -1.608725265785500e-01 -2.716809025469797e+01
  8.422382165996268e+01 -2.371701189526682e+01 -2.896944152453663e+01
  1.559312269744792e+02 -1.359273435898201e+01  2.316232067255029e+01
  1.413996171830255e+02 -2.102951151627477e+01  6.551654757684351e+01
  7.834012728783946e+01 -4.098851219424559e+01  3.782978521208104e+01
 -1.065757364821354e+02 -2.268783583666069e+01  1.533768291039591e+00
  3.274580659739952e+01  1.724144672570803e+01  2.485832260242160e+00
  8.055363722003014e+01  1.288138107171926e+00  8.338831720975593e+00
 -3.637689655823252e+01 -3.096897895509888e+01 -1.705886595251581e+01
 -2.730570790692293e+01 -5.803672796625992e+01 -4.168639995624760e+01
 -6.189891867408053e+01 -9.219619041388844e+01 -2.221104873236117e+01
 -3.623274844886224e+01  2.407075499430744e+01  2.803063327270620e+01
  6.500679131859044e+01  1.939616191337494e+01  2.725605716402335e+01
  1.201030033967127e+02 -5.590576712945803e+00 -7.372012597782861e+00
  9.369353267961461e+01 -1.585832510650434e+01  6.608096291296299e+00
 -3.792151753626576e+01 -1.611393663598050e+01  1.607346047107770e+01
 -3.415670042958729e+01 -1.346437521997511e+01 -1.288056855696059e+01
 -2.553325711819082e+01 -3.838017117666458e+01 -3.968302773490088e+00
  1.230488547443263e+02 -1.852539144769118e+01  2.417102355663478e+01
  1.692653321152238e+02 -1.863120407460634e+01  3.034197443204828e+01
  1.550028247897266e+02 -4.063545277234513e+01  2.298494566274216e+01
  1.749678184779921e+01 -1.279588752450865e+01  9.263620361200298e+00
 -4.573557175951841e+01  7.687930935501312e+00 -5.181079201780941e+00
  1.949498407903708e+01 -3.945331787512788e+00 -2.540080001161603e+01
  9.718590703151742e+01 -2.901626547160087e+01 -5.469611524057941e+01
  2.001911059895000e+01 -1.215117290728529e+01 -3.576120373320939e+01
 -9.916387176945062e+01 -6.395107205237913e+00  2.945009745558453e+00
 -4.641378112025291e+01  4.483925700475491e+01  2.888723549815344e+01
  9.731346700284426e+01  1.334923688356896e+01  2.244371781985037e+01
  8.334289171209494e+01  1.447240127572571e+01 -4.054657850060356e+00
  4.519525118719253e+01  8.839106031362824e+00 -1.426643342721236e+00
 -5.280903810252323e+01 -8.903821096936415e-02 -1.895711139364299e+01
 -1.302600726557434e+02  1.657363568791723e-01 -2.978022755426241e+01
 -1.531761464265705e+02 -2.619358247539090e+01  5.931772425099858e+00
  4.580158420280135e+01 -2.310164736002656e+01  2.812521573871942e+01
  4.141667769547514e+01 -2.271307105729117e+01  3.344504464356223e+01
  4.709406415818863e+01  9.134659369283614e+00  2.320775164884695e+01
 -3.785468440388693e+01  7.477636376749195e+00  1.804381409932539e+01
 -1.084888080063299e+02 -1.749245311766237e+01  2.579779318749544e+01
 -1.366316948151692e+02 -1.983454611904731e+01 -6.034602439565084e-01
 -4.689504477459197e+00  7.231086259368803e+00 -2.629122838558927e+01
  1.233359215483115e+01  1.203544878553479e+01 -2.524218651062332e+01
 -5.208860424299989e+01  4.667855517564905e+01 -4.625928444481502e+00
  3.711649793155510e+01  2.662733701548970e+01  3.493132336706282e+01
 -2.677389961784726e+01  1.324805342977592e+01  1.400753740536614e+01
 -6.435360428349028e+00  5.279672480683121e+00 -1.153071992255208e+01
  9.881124573016579e+01  1.415738220803406e+01  1.913211412306063e+01
 -2.679364364639871e+01  8.072920765912249e+00  1.299956026283968e+01
 -9.476604361299675e+01  3.924345321103779e+01 -4.373607641376470e+01
 -1.647231211837712e+02  4.285369226278861e+01 -2.760008296166268e+01
 -5.275658870784400e+01  3.596060713232243e+01  2.988769286720564e+01
 -7.423449447592787e+01  1.586955454958367e+01  5.203183665802774e+01
 -6.772932935380416e+01  4.175498252308157e+01  3.045841623430465e+01
 -2.145785856486562e+01  2.305548502597730e+01 -2.637791746878012e+00
 -2.232967219209756e+00 -1.717166522078783e+01 -1.822813985276529e+01
 -1.965781248974158e+01 -2.133528521135032e+01 -2.613648951627856e+01
  1.896869406818613e+00  2.085738431560521e+01 -2.118406144463924e+01
  4.166462938447694e+01 -1.000410316122545e+00 -8.844401503863381e+00
  6.216272544950883e+01  3.720810531775424e+01  1.287575171792769e+01
  2.606619043116682e+01  1.822510984090856e+01 -4.688472347418005e-01
 -1.878180079373003e+02  2.761390563494563e+01 -1.383236137178246e+01
 -1.649963315592041e+02 -1.169698313920517e+00 -8.432803281284805e+00
 -2.709986297408595e+01 -5.158320800026226e+00  3.873721911195215e+01
  8.772474797063042e+01 -1.066294092960995e-01  2.595224798964873e+01
  2.831703580459376e+01  2.641178162672888e+01 -2.808628759257797e+01
 -5.817819820492152e+01  7.072216953263386e+01 -2.587851083416762e+01
 -9.825776145958869e+01  7.983133151198417e+01  1.681711749749415e+01
 -7.748956366122781e+01  4.617076336736324e+01  4.913678695009766e+01
 -8.334864970856961e+01  3.994399419490438e+01  1.597504788618029e+01
  5.668368149936854e+01  9.363665158756129e+00 -2.819748606325801e+01
  1.436090523196736e+01  1.747596725392427e+01 -2.996219813516861e+01
 -4.569648177015733e+01 -5.934215957557079e+00 -2.383125300005288e+01
  7.184587992355898e+01  3.210373967953699e+01 -6.217680143848384e+00
  1.671204948636690e+02  1.207596600780228e+01  7.662202368542474e+00
  8.857036612248224e+01  2.339082178123097e+01  2.511479642534604e+00
 -8.906028573422449e+01  1.951623735584216e+01  8.696361231122278e+00
 -5.516529039178080e+01  3.614027977676869e+01 -2.512697578976467e+01
  5.234617596401994e+01  2.568384702700038e+01 -4.041976900976340e+01
  5.236580979544583e+01  1.025360384124370e+01 -1.520311568024827e+01
 -9.843261265128830e+01 -1.819993483222214e+01  1.640386667704773e+01
 -1.644367839680169e+01 -7.244137455581916e+00  1.429294493468905e+01
 -2.995683841409972e+01  1.430643035154737e+01 -1.228602168072868e+01
 -1.633037575311947e+00  4.341778866797174e+01 -1.259744829946648e+00
 -4.043343229057544e+01  3.242484418114068e+01  3.339112575809749e+01
 -1.231132282939642e+02  3.973177859414480e+01  1.443110919266884e+01
  4.977919074669170e+01  7.413839374930689e+00 -4.541073045739846e+01
  2.882357796135187e+01  2.906550058768139e+01 -7.402303548845407e+01
 -1.102180660784160e+02  3.239252279740961e+01 -3.620692239813475e+01
 -1.082501466256821e+02  4.168230438175661e+01  7.912486423082096e+00
  3.373213575872303e+01  4.605835453277264e+01  9.198583672690022e+00
  8.105285623351249e+01  3.755525059147678e+01  1.234282503090588e+01
 -2.851677628567493e+01  2.569085323279107e+01  3.955014754077332e+00
  1.533938085306548e+01  4.335476273532556e+00  2.045732315115821e+00
 -2.484214696218763e+01  2.592383980889794e+01 -4.471676153526627e+01
 -5.948364782517712e+01  4.445594657451692e+01 -5.123126321829673e+01
 -7.637574355330105e+01 -1.480887335767196e+01 -7.251820548091851e+00
 -8.508856800317275e+01 -9.972757813105162e+00  2.271572977689522e+01
 -1.006500698436145e+02 -2.531673509969227e+01  3.682238277363430e+00
 -1.004366248193316e+01 -1.012955957172568e+01 -1.202752587752763e+01
 -9.415041031452566e+01 -7.899145984982045e+00 -9.603494728972368e+00
 -1.601153058104362e+02 -3.678034938410093e-01 -2.221586827355721e+01
 -4.550479976365390e+01  9.571169064181097e+00 -3.864083389187843e+01
 -1.127760653013025e+02 -4.302234250745567e+00 -1.033747076953768e+01
 -1.086159850504542e+02  3.923749187145802e+01  8.835684159710611e+00
 -7.005465719735746e+01  3.054352017474603e+01 -1.736169841456503e+01
 -3.790767834494227e+01  3.676018335129666e+01 -1.904016306955449e+01
 -5.070873187563700e-01  3.078466711937328e+01 -1.436777212113878e+01
 -2.542427165671672e+01  2.892328850574921e+01  2.317393127030163e+01
 -5.529373538696295e+01 -2.190478934770525e+01 -1.941386065815592e+00
 -8.863094295650927e+01 -4.754097354671089e+00 -4.950828975903882e+00
 -1.044772017278201e+02  2.629226191923791e+01 -2.107574787367819e+01
 -7.167005882128956e+01  3.328079437462066e+00 -1.043482032865959e+01
 -4.402398227863468e+01 -2.944474548380186e+00  1.371088067451531e+01
 -7.506465246577717e+01 -3.607221229793091e+00  1.210425685780031e+01
  5.353574703050924e+01 -1.252848504003370e+01  2.103342695134475e+01
  2.278027851524370e+02 -6.128964286733402e+01  2.866846028369570e+01
 -1.989378586292382e+01 -2.361954934936104e+01 -5.852353454662644e+00
 -5.671075419679032e+00  8.848735644188592e+00 -1.873803553092014e+01
 -1.328868864486045e+02 -3.166320707472651e+01  3.005000933383732e+01
 -1.963043525803292e+02  3.212726813507695e+00  4.153122119276689e+01
  3.505682941402439e+01  1.740387416101263e+01 -9.190784544584432e+00
 -5.926692845613363e+00  6.164318868662129e-01 -2.777309228202189e+01
 -3.012097007370937e+00  2.362956120318782e+01  1.684704746610253e+01
 -7.691560458142270e+00  2.210505718676448e+01  1.866252947936958e+01
 -9.377400795452239e+01 -1.280473555741198e+01 -1.558420450946749e+01
 -1.050998824164090e+02 -2.247853268732802e+01 -4.384317766760642e+01
 -9.517992476512575e+01  9.113741616019619e+00 -2.791159626052206e+01
  6.301492579545211e+01 -3.530847862637642e+00  7.581719597115256e+00
 -4.918350523734247e+00  9.354370302389588e+00  2.527262809312345e+01
 -3.097645276516171e+01  1.053593830133407e+01  2.588789666918622e+01
 -2.873020123066292e+01 -6.066697172586647e+00  1.635122526362618e+01
  1.452840317281267e+02 -4.147354409614121e+01  5.321482329439646e+00
  1.069908974131232e+02  8.102134843614746e-01 -1.024091240099302e+01
  4.917963491549661e+01  9.967821323752558e+00 -1.848943702104678e+01
 -7.100616130326435e+01  2.475006445051003e+00  1.010677597523829e+01
 -1.892469534028650e+01 -5.043753773756483e+00  3.857638955209233e+01
  1.029637194793224e+02 -1.208115874109429e+01 -3.165611941224000e-03
  8.003674168127924e+00 -1.841575250535704e+01 -1.472455291368698e+01
  2.458831417807948e+01  2.000516358216068e+01  2.098209947579873e+01
 -3.530950473422850e+01  3.261827767771186e+01  3.539893744995428e-01
 -5.133755869770155e+00  1.056011357731504e+00 -2.035671122932624e+01
 -9.512892977473193e+01  1.475724259742003e+00 -1.949447266505218e+01
 -8.179409762679961e+01  1.407639151065947e+01 -1.418527095670678e+01
  1.352867912240405e+01  2.317213082148455e+00  1.010937997930895e+01
 -3.718423004436492e+00  6.769062989916222e+00  1.751271523346761e+01
 -2.825857161832966e+01  8.216089847963964e+00 -1.906000666672945e+00
 -1.532738195989586e+01  9.693764080084559e-01  2.331553648825640e+00
  5.613100213832864e+01  3.696903251977213e+01  1.320108249820313e+01
  1.449330407854681e+02  3.059357033298528e+01  1.139374765429053e+01
  8.383023034917464e+01  2.915680663556840e+01  1.213768615495209e+01
  1.286556849890819e+01  3.853620274309939e+01  2.548382477917950e+01
  1.098976605468743e+02  2.919992418869913e+00  1.262016856252090e+01
 -4.845585818154429e+01 -5.096295305270807e+01 -1.492355574433087e+01
 -2.854185695118397e+01 -1.366014052113610e+01 -1.113916562068491e+01
 -4.831269488873404e+01  4.565339623669155e+00  8.626364231675179e+00
  4.524048766228230e+01  3.226360258693867e+01 -1.947416976353103e+01
  8.649856218351677e+01  2.888758694139165e+01 -5.581329470938295e+01
  4.226892923384749e+00  2.756763077349375e+01 -4.338639176498001e+01
 -1.376195264317031e+02  1.406829247203886e+01 -2.493605743365210e+01
  1.205338047113071e+01  1.308187631809588e+01 -6.041758751369965e+00
  5.688780043445592e+00  2.470706266456640e+01 -4.284001329323784e+00
  2.986204973406903e+01  1.494539162750977e+01  4.883483333446887e+00
  1.070709194856148e+01  3.159211119331654e+01  1.472653184139434e+01
 -6.751094951292080e+01  4.337786623564750e+01  1.346006294122688e+01
 -2.270125609770417e+01  2.462216358897917e+01  1.254183649885305e+01
  4.424340632537012e+01  1.819000532648031e+01  1.546069970235294e+01
  9.970174794618094e+01  3.547864864416676e+01  2.202587104581266e+01
  4.714871479715955e+01 -1.549137417025235e+01  1.345772019248891e+01
 -1.184055193023850e+02 -3.135314380012797e+01  4.690695955535729e-02
 -2.491857834950626e+01  5.022239496645210e+00  8.951636274492003e+00
 -2.824152132931544e+01  2.640263568031001e+00  2.300348929087006e+01
  1.903567621064001e+02  6.567328909054079e+00 -1.975537827376997e+01
  8.727947756074747e+01  2.713122601747148e+01 -4.701319187867087e+01
 -6.167063722798927e+01  4.475058076344934e+01 -6.059604908742465e+01
 -2.346449308614943e+01  3.038434082039306e+00 -2.491574137647073e+01
 -2.656657338545291e+00  1.210356925806032e+01  1.458647182532202e+01
 -4.891039116122254e+01  3.270630483487894e+01  1.017464534695111e+01
  3.879743178859245e+01  2.538732462719401e+00 -1.944127012728218e+00
  7.585898318537127e+01  7.858685919947701e+00 -2.985940604881865e-02
  5.188996793055730e+01 -4.677451595000889e+00 -2.348653805150098e+00
 -5.219111149571951e-01 -1.528658402693576e+01  8.105928557629209e+00
 -7.948497538110155e+01 -2.033349642289668e+01 -1.373131181168784e+01
 -9.387993462406935e+01  5.792211225925303e+00 -1.499516464760414e+01
 -1.359197493582335e+02 -3.117025228745570e+01  7.717259158626074e+00
 -8.185127007143842e+01 -8.534356610255832e+00  1.383620764715988e+01
  6.403286955422544e+00  1.017372156256270e+01  2.230030040563831e+01
  6.826528519127045e+01 -6.724441299064265e+00  1.065687155879995e+00
  1.255903003019589e+02 -1.248535774114846e+01  1.173992532563458e+01
  5.737714904250190e+01 -7.845571828762731e+00 -1.304504838254217e+01
  6.645788952654346e+00  2.359441171865388e+01 -6.858535618467373e+01
 -3.498567393675341e+00  2.053958021555068e+00 -6.560244574786888e+01
  1.134322860005006e+01 -1.175721176069532e+01 -1.267753257187802e+01
  2.122253976300784e+01  1.173136076384198e+01  3.188995781597249e+00
 -2.194944402539352e+01 -2.228682848871719e+01 -3.400426932153909e+00
  1.486348495556420e+00 -3.796377898744392e+01 -4.673132702092593e+00
 -3.898241480932803e+01 -2.847506779355473e+01 -9.969183954290465e+00
 -8.191938494982709e+01 -2.926862720744223e+01 -1.324161196384098e+01
 -3.675003133291268e+01 -1.828831044299366e+01 -1.921231116085966e+01
  1.341044237631936e+01 -3.018096401620254e+01 -1.235302980391809e+01
 -1.025238716972509e+02 -2.005802049194920e+01  8.139301771722593e+00
 -5.960635376783472e+01 -9.902942725753503e+00  2.987834096028118e+01
 -6.142277393785037e+00 -4.486815329403248e+00  2.710148298444584e+01
  6.558924586897436e+01 -7.845452427327964e+00  8.983831136331498e+00
 -7.574121696590829e+00 -2.061305567352592e+01 -1.152500579949854e+01
  7.352830473167666e+01 -4.105952211032997e+01 -2.459496723451979e+01
  1.050893928556435e+02 -2.601715795470694e+01 -3.447039595678407e+01
  3.725684750449632e+01  1.476301549533408e+01 -3.155357485567193e+01
 -1.156698512400716e+02 -3.071242162664745e+01 -1.250209118386262e+00
 -8.268915988581381e+01 -3.896594445455333e+01  6.019267022203221e+00
 -9.575430857472873e+01 -3.969806640649123e+01 -2.102151336785548e+00
 -5.937561519364363e+01 -4.575009815615719e+01 -5.445151200526141e+00
  1.011764726293656e+01 -2.595267581017412e+01  1.502289946978805e+01
  3.994966250402849e+01 -1.505448138346763e+01  2.748088334426130e+01
  4.873559099850120e+00  1.258090016809734e+01 -2.543985444668131e-01
  3.399746737401490e+00 -1.108184407616898e+01 -1.873760929367534e+01
 -5.687931187682831e+01 -4.519841233201236e+00  9.110627733428080e+00
 -2.432576929881052e+01  1.479210720183343e+01  6.637345563813936e+01
  5.530901774617255e+01 -1.300366044431332e+01  6.101569473151313e+01
  1.158525704560211e+01  4.869247172155164e+00  1.600475775859734e+01
 -6.346801702413944e+00 -4.042501079029840e+01  8.747190875502854e+00
  3.039631999481668e+01 -8.084771846385800e+01  6.130169311639579e+00
  8.033761643284954e+00 -4.440815761839963e+01 -2.404202867707176e+01
  2.736397715168236e+01  7.436994341123182e+00 -2.584500590155196e+01
 -1.291988057420539e+01 -2.844585983361974e+01 -1.402895059000036e+01
  6.566576167035689e+01 -6.797428981553472e+01  5.656184883775261e+00
  4.313714084093056e+01 -5.008114247080600e+01  1.833170432436157e+01
 -6.986742883811755e+01 -5.707601811669230e+01  1.510918505096980e+01
 -4.518774149575719e+01  2.950063497217265e+00  2.173025161633602e+01
 -5.275399466689216e+01  2.009097861199979e+01  4.830815248931160e+00
  5.245649368037574e+01  2.463669252054954e+01 -1.747559132800129e+01
  7.617285532824351e+00  3.691032971390742e+01 -1.306852381114335e+01
  6.156876043205433e+00  2.634051040019219e+00  1.988108725669897e+01
  4.121442952403775e-02  1.449783432083372e+01  2.619438317465737e+01
  6.779414968917884e+01 -1.285778223831452e+01  6.787700321371190e+00
  9.209492760404691e+00 -4.221090374349816e+01  9.241558419193490e-01
 -3.509809128143358e+01 -5.992256135300718e+01  6.571983761750607e+00
 -9.027016195230371e+01 -4.847922248359973e+01 -1.905423623548140e+00
 -8.820708761990771e+01 -2.988096356150501e+01 -2.065837214546569e+01
  1.246810326639396e+02 -3.928778351512668e+01  1.329276790779772e+01
  1.086934931185412e+02 -7.421650412124640e+00  1.042352363997351e+01
  7.361818719149491e+01  7.249703104413285e-01 -3.032389185040567e+01
  4.123887783601963e+01  1.784828309923514e+01 -9.527875159165038e+00
  2.172035011266958e+00 -1.168144764592241e+01  2.872034616041858e+01
  6.006003669714871e+01 -3.263515509279037e+01  3.317920921330177e+01
  5.067517601979644e+01 -1.599822466708975e+01  4.562718244844475e+01
 -3.922072380560937e+01 -1.198539883873493e+01  5.854618832426939e+01
  1.059616273878642e+02  3.779391140635175e+01  2.550105971725444e+01
 -4.223970487349214e+01  2.831884077645773e+01 -1.690892863078253e+01
 -7.065523310663367e+01 -2.198433517161622e+01 -2.677570968096172e+01
  4.772824993492085e+01 -2.484887723649585e+01 -1.432444646007832e+01
  1.530376406925403e+02 -5.946710995621369e+01 -6.835048535196253e+00
 -1.325988450961249e+02 -2.557949965442942e+01 -3.631032037622361e-01
 -8.719535685086163e+01 -4.105083071749915e+01  8.454221275062839e+00
 -3.234613911576929e+00 -2.436273690028315e+01 -4.775226965855581e+00
  7.092207865586447e+01 -1.961675890369710e+01  1.284181403898287e+01
 -5.189886922695668e+01 -2.743091334651430e+01  1.722854952594492e+01
  1.252358886654182e+02  1.314408078837520e+01 -4.006124477029720e+00
  1.055988243654119e+02  4.049406213826268e+01 -1.356101628526124e+01
  1.135963173828476e+02  2.304833476593861e+01  5.093445236228910e+00
  1.547226115372748e+02 -1.135584470341917e+00  2.852132069545081e+01
  6.996009063419280e+01 -2.742694101742496e+00  7.253112948258921e+01
 -1.088587241779266e+02 -1.511499669962507e+00  8.335434911739019e+01
  6.570412693379653e+01  1.910551718124538e+01  3.362653761274665e+01
  1.035046535023259e+02  2.693247702556523e+01 -6.552418840754225e+00
 -3.702764865172795e+01 -4.632377202624229e+00 -1.606383438089599e+01
  4.706119827160157e+00 -1.943379672049952e+01 -3.311461154736288e+01
 -2.001385242631214e+02 -5.527926514090780e+01 -4.173934629189502e+01
 -6.877334664974217e+01 -1.687247676086661e+01 -1.362281184653899e+01
  6.566695946594886e+01 -1.131795508756536e+01 -1.462705864845011e+01
  1.639351612202174e+02  1.372190951646621e+01 -1.485096744482926e+01
  2.272180259734695e+01  8.545492653135971e+00 -2.063096280134569e+01
 -8.100527603207877e+01 -1.046185773514869e+01  6.002392036232814e+00
 -3.274168279008866e+01 -7.673818136621920e+00  3.018009450982271e+01
 -2.326783916258249e+01  3.854122644377777e+01  5.893724357964460e+00
  1.054655902137730e+02  5.688423077054389e+01 -6.188909158233304e+00
  1.097209284747211e+02  3.071055240780927e+01  1.048473524992872e+01
  8.413260174516289e+01  2.560233007197098e+01  3.024701408559309e+01
 -3.416294359763517e+01  1.173050122554442e+01  7.035852135272062e+01
 -1.699411907467996e+01  5.093642212267623e+00  5.617925402167754e+01
  9.548815638968631e+01  1.790428142654699e+01 -1.640653798177565e+01
  5.667316031902033e+01 -4.977741520934556e+00 -4.959689931119480e+01
 -6.835602452991918e+01 -1.605701967571985e+01 -2.993241719505586e+01
 -1.916187014424378e+02 -1.812476572268880e+01 -7.635894169222587e+00
 -5.091325601490293e+01 -2.391319100568779e+01 -7.501239791247745e-01
  1.076780207119108e+02  2.795951120540761e+01  1.686726846185802e+01
  1.924415135865343e+02  2.586457066829335e+01  1.438612687406821e+01
  3.889238148895271e+01  1.814531569405103e+01 -9.955787999156676e+00
 -5.326471991573555e+01  2.145800916525357e+01  1.119924212409903e+01
 -2.404765755381869e+02 -2.255454215712858e+00  2.745740843897811e+01
 -2.212451322691504e+02  5.107724084386793e+01  4.784029404419540e+00
 -2.462057734953616e+01  7.932117722127640e+01 -1.376074456230175e+01
  6.084221832808790e+01  5.541236161922696e+01 -2.549933043851318e+01
  1.645978481634513e+01  5.876714612263279e+01  1.165241678461612e+01
 -6.296106480909492e+01  1.382405877480411e+01  6.122837954690904e+01
 -5.172221774827499e+01 -5.677357790176198e+00  3.818192919114863e+01
 -2.866790019735146e+01 -1.846895089183291e+00 -1.478091867403384e+01
  3.065965353885792e+00 -2.010525883012382e+01 -4.751791987334938e+01
  3.227815866169394e+01  7.699599265318867e+00 -4.581720138116490e+01
 -4.986638584786832e+01 -4.067199842751994e-01 -1.817436696513397e+01
 -1.309770466975074e+00 -7.913908214540297e+00  1.049906501743223e+01
 -2.030947558869371e+01  2.784550200261533e+01  3.074180130689444e+01
  3.960480837807012e+01  7.280129842141591e+00  3.370461204908110e+01
  1.850548294860545e+01  1.044729002393881e+01  1.834128315234675e+01
  5.798462928179109e+01  6.753278767266830e+00  2.620631116559418e+01
 -8.933283821572189e+01  1.216560670614832e+00  3.028280255963488e+01
 -2.097953926925218e+02  2.805019488144512e+01  2.530914191841659e+01
 -1.147763686199114e+02  5.109226901064265e+01  2.328000451688875e+01
 -4.219180957528030e+01  5.402807528118058e+01 -3.133077232981130e+00
 -8.323022241929041e+01  6.416364317983614e+01 -2.518516900278744e+00
 -3.021378529574587e+01  1.037303922440016e+01  2.180404475357602e+01
  4.489202099591445e+00  4.827276796947517e-01  4.445135173537986e+00
  1.342815330267093e+01 -3.444392947001687e+00 -1.673210424530023e+01
 -5.098018248804621e+00 -1.989150110593274e+01 -2.291018020902342e+01
  5.746121687840602e+01  8.610682419195630e-01 -3.715811020805187e+01
  4.241583270299896e+01 -7.526196719848818e+00 -2.116244638223376e+01
  2.323658141535354e+01  2.641884680013045e+01  3.761735742585464e+01
 -1.929797748305327e+02  1.918365948190756e+01  2.890808511644065e+01
 -1.409749455719185e+02  2.766432729289576e+00  1.430666895145579e+00
 -5.148216587272635e+01 -1.030483075661454e+01  1.746559513733843e+00
  9.578289974427656e+01 -1.709439472121296e+01  2.195600838673828e+01
  8.911548119159708e+01 -2.066331093365032e+01  4.692211455596356e+01
 -1.431833905928298e+01 -1.847305377345197e+01  2.936173551534172e+01
 -8.600084381283641e+01 -5.522395810374876e+00 -1.438932175453690e+01
 -1.065235763295788e+02  3.841926094490336e+01  8.226574485841862e+00
 -2.391409906337361e+01  3.936088793670768e+01  9.575612999514828e+00
  1.429997064859131e+02  1.827451929476916e+01 -3.948513080945357e+01
  1.411303742180287e+01  3.742719049672862e+00 -5.772279833659528e+01
 -9.220979374306859e+01  1.459756358561242e+01 -5.597768636788410e+01
  2.880449116612766e+01 -1.742960159799961e+01 -4.321773093704232e+01
  1.304787743193432e+02 -1.207210706212056e+01 -3.301563820169507e+01
 -6.162360206316801e+00  1.305230675417047e+00 -1.708633827589050e+00
 -8.270048089174057e+01  4.099433139131133e+01  4.294979034476435e+01
 -2.342032254827708e+01  4.452496012812716e+01  1.683109087782148e+01
  4.188075147016571e+01  7.799197992952096e+00 -1.673573635791188e+01
 -1.693748011475151e+01 -4.763157666853145e+00 -2.548587489213644e+01
 -1.782718058410956e+02 -3.157101376391408e+01  7.219956618867386e+00
  1.120920392619697e+01 -1.512585561025908e+01  2.687037517794959e+01
  3.528187504342423e+01 -2.696120829891679e+01  1.454284945364927e+01
 -1.029145562865101e+01 -4.263545655016543e+01  2.556302246244165e+01
 -9.121669703158643e+01  4.578852874888913e+00  3.806539346189500e+01
  1.014357050741787e+01  9.442472871811422e+00 -6.027775109799919e+00
  1.102212920548526e+02 -2.068641081598177e+00 -4.436081048088164e+01
  3.921500621442603e+01 -9.281184602455145e+00 -3.831273341533772e+01
 -1.470704719401923e+02  8.091936828581062e+00 -4.584709298042448e+01
 -1.130086340701647e+02 -3.039227542154532e+00 -6.245887314763861e+01
  2.516195704146378e+01  1.040695931710633e+01 -3.134641284297854e+01
  2.893262368778463e+01  4.204871490460300e+01  2.750870526367941e+01
  1.593447817534679e+01  2.983957478525314e+01  3.251560425105181e+01
  4.431941016209710e+01  3.422516410026558e+01  1.507021008349970e+01
  5.818217411755157e+01 -1.042483673755048e+01 -4.297369654419035e+01
 -9.522598590723447e+01  2.441372593001724e+01 -6.139453969895813e+01
 -1.503712710263075e+02 -1.420825781717709e+01 -1.985519356426691e+01
 -1.183330960609983e+02  1.088686814043250e+01  2.254653744549366e+01
 -4.907865191837627e+01 -1.261474892215623e+01  1.913392671625841e+01
  4.347872582945792e+01 -4.757835189807718e+01  1.769977260551149e+01
  1.291019026213419e+01 -3.969040403768468e+01  3.052513596203527e+01
 -6.417783674880482e+01  3.456321587526303e-01  4.208334037542979e+00
 -2.452194478700822e+01 -2.294222847682454e+01 -2.958238380759805e+01
 -6.569086058921637e+01 -1.646285252867975e+01 -3.819326616766430e+01
 -9.348997410166508e+01 -2.096821637484533e+01 -4.896202951204818e+01
 -3.267635192543481e+00 -7.121534010054294e+00 -6.489642122568640e+01
 -6.073150709653383e+01  3.726144490794194e+01 -3.464763373998213e+01
  2.331170812436033e+01  4.868292468726312e+01  1.111310268152087e+01
  2.591466147123803e+01  1.096756108962699e+01  2.625192126119707e+01
 -4.010514976449816e+01 -1.860145768096855e+01 -7.142140140723860e+00
 -2.616045171834363e+01 -4.758570722788067e+01 -3.793036228770345e+01
 -5.980696138410147e+01  1.857921554539193e+01 -3.217674156768339e+01
 -1.085529283224151e+02  2.790266601107506e+01  1.124945525427170e+01
 -4.788017540130986e+01  1.815468658457265e+01  2.739586517565993e+01
 -9.902119122639866e+01 -1.080256798889432e+01  4.060563993593312e+00
 -8.989480634648789e+00 -8.684235678503152e+00  6.382001749091760e+00
  1.684468459245984e+02 -4.560934621487346e+01  3.120690969671269e+01
  6.870195670788544e+01 -1.292011883320462e+01  1.561795526623548e+01
 -1.184031275584953e+01 -1.867635104035471e+01 -1.022872725232242e+01
 -1.425116656945208e+02  4.055629809647430e+00 -1.181155957782705e+01
 -1.506325041845774e+02 -2.745596059339523e+01 -1.903562088909738e+01
  8.611379840438042e+01  5.505648711440777e+00 -2.854192838225519e+01
 -1.432573970170413e+01  3.391015085554132e+01 -8.012423097741410e+00
 -1.062891372393961e+01  2.486213531211688e+01  2.783826415641242e+01
  4.535788216557131e+01 -1.035415433568118e+01 -2.221291762143229e+01
 -1.376563313628723e+02 -2.167809682145251e+01 -5.274475014126027e+00
 -1.246514654348844e+02 -5.158285226160046e+01  5.737946336739743e+00
 -4.092305061336123e+01 -2.275534544173888e+00  1.085851726110710e+01
  6.981770080604045e+01  2.441398149826210e+01  2.157853163821234e+01
  3.970520169058565e+01  1.972240981705242e+01  3.877160063367145e+01
 -9.816725731365205e+00  5.591396225801192e+00  3.146677988437065e+01
 -1.164467423892367e+01  1.241474291271674e+01  4.469743905246710e+00
  1.040297758637632e+02  4.965847824382870e-01 -8.229864879510263e+00
  5.738940072424835e+01 -1.907582365648694e+01  4.040547451018712e+00
  4.065523798507820e+01 -5.231165627507465e+00  1.095944443245589e+01
 -1.156962857798661e+02  1.483802775988762e+01 -2.782801277546663e+01
 -3.288641082895212e+01 -6.530387407834526e+00 -4.046558286557833e+01
  1.135961486995296e+02  4.451342864690961e+01 -2.078569224268313e+01
 -1.666136133264067e+01  1.491680042374734e+01 -7.029051660563523e+00
  9.467936148841831e+00  2.453261000819071e+01 -1.244694395407395e+01
 -3.421671726129431e+01 -4.079022632168548e+00 -3.768891037000232e+01
 -2.923382942399613e-01  2.953520958351788e+00 -8.416097001423267e+00
 -1.327530360638501e+02 -2.086723449385703e+01  1.608868001279941e+01
 -7.108444829433881e+01  1.895241804324002e+00  2.758559490963566e+01
 -1.057701305184390e+01 -9.025383899895759e+00  3.642219952477555e+01
  4.093736223348797e+01  7.768365149656823e+00  2.808717920174625e+01
 -1.502691784481200e-01 -7.327047057854287e+00 -5.623389173439776e+00
 -5.794532271538777e+00  1.110148882880888e+01 -3.099399072613554e+01
 -4.178563937712644e+01  3.186377133111090e+01 -1.690967036052794e+01
  8.052297237844800e+01  1.608853462002879e+01  1.151544830808224e+01
  7.118440084084783e+01  9.024414455900138e-01 -6.354280694495706e-02
 -3.079581843375954e+01  6.443494288950966e+00 -3.186303977768610e+01
  6.223578410574944e+01  2.283653408082671e+01 -9.855558474513337e-01
  5.259671349715647e+01  3.068483676678293e+01  1.734004091602255e+01
 -7.354137891408152e+01  3.349877202345209e+00 -8.821249036797155e+00
 -3.541067384452977e+01  1.582158590628635e+01 -3.083657388783035e+01
  3.719081815606382e+01  1.713682820230030e+01 -3.188670508291279e+01
  1.107790609218434e+02  1.428083998666720e+01 -1.420127563504347e+01
 -8.324028812763885e+01  7.517799565304234e+00  3.633321002363411e+00
 -1.190413882939000e+02 -2.456775777426271e+00  4.420201612051420e+00
  6.404864142510550e+00  1.346104377785000e+00 -1.040400106070542e+01
 -5.573620135270829e-02 -2.117612045460163e+01 -1.703255117673859e+01
 -3.668781471777165e+01 -3.059453847652047e+01  2.285664729216192e+00
 -9.005370390711551e+00 -8.146918909281837e+00  3.060808101386121e+01
  3.515976876068494e+01  1.988437694334195e+00  6.525953744051247e+00
  4.167021294714515e+01 -1.668559244538500e+00 -2.279473141876780e+01
  1.044335642896751e+02  6.352794168335489e+00 -2.383223462307342e+00
  3.329958873179739e+01 -1.460065614587069e+01  4.006177707463752e+01
  9.917582277203871e+01  1.446889590785516e+01  3.400286102373840e+01
 -7.082289283892644e+01 -2.963693100219537e+00 -1.593024441541051e+01
 -9.397143673662748e+00 -1.728402804534187e+01 -3.546688379149492e+01
 -2.983005458787708e+01  1.517945742057607e+00 -3.882426995264102e+01
  1.750870853712930e+02  1.669924374282285e+01 -9.534869073556417e+00
  1.158232524346853e+02  3.439677435057860e+01  5.095408881412468e+00
 -8.554344178984249e+01  3.195077398607532e+01  2.775632148179041e+00
 -5.982340106920913e+01  3.927617921694684e+00  1.778150711854090e+01
  1.408398613633870e+01  1.082506241668055e+01  1.512603894612102e+01
  4.721081656409586e+01 -1.953541401443847e+01 -2.088470211959502e+01
  6.657856745191653e+01 -2.239068670548521e+01  1.862771453111353e+00
  8.487877665658149e+01 -3.615873868561459e+01  3.091893953720160e+01
  6.265273568997075e+01 -3.901837798917364e+01  1.943680218508735e+01
 -7.434803391928639e-01 -4.831392862282726e+01  1.348217662687175e+01
 -4.642539478540703e+01  4.378452739288687e+00  4.965772852080783e+00
 -1.029852238072906e+02 -4.044022013353451e+01  2.496393789248513e+00
 -1.332407421905512e+02 -1.779989390288971e+01  2.372335575353110e+01
 -5.862337881259072e+01 -1.290876944804134e+01  1.663328174825455e+01
 -1.585677060956883e+01 -9.854650915334215e+00 -2.040462489869081e+01
  8.831927000820465e+01 -5.108946898372198e-01 -2.757212621607134e+01
  9.964024121637557e+01  2.152418018408779e+01  1.340123832772993e+01
  1.356460466034926e+02  2.697978825503967e+01  1.169610353231136e+01
  1.013355664501001e+02  2.207217825649075e+01  9.564989563779497e+00
 -1.634929547712273e+01  2.906022728498764e+00 -8.134597192616070e+00
  6.917611831506028e+01 -4.894678790445892e+00 -5.229659033428301e+01
  3.472673654628178e+01 -5.826388061481914e+00 -6.549892021701152e+01
 -4.160131112446024e+01 -1.817073056533698e+01 -1.552021137355137e+01
  2.593405851851564e+00 -1.744356663043588e+01  3.354078833213069e+01
  1.477084402741897e+01 -2.432861524234688e+01  2.678309146286497e+01
 -8.941365591623673e+01 -6.233830646550807e+01  1.592661029572759e+01
 -1.790255237445745e+01 -2.130355022176957e+01  9.351173649492271e+00
  2.079538760647473e+01 -5.048948996440332e+01  1.415583697856263e+01
 -1.007940271934932e+02 -1.034050089686423e+01  9.287584945501116e+00
 -9.546318473914712e+01  1.201397058313691e+01  1.834790244274906e+01
 -7.177593274275520e+00  1.506334912616527e+00 -7.100975436970341e+00
  6.517481191643829e+01  1.062409832471636e+01 -2.656342336729069e+01
  5.483710521277651e+01  5.879239100237768e+00 -1.536396777820666e-01
  1.009920189402295e+02 -1.069534125548806e+01 -1.069932782045630e+00
  1.639477308188134e+02 -5.658690539403151e-01 -2.028900862831312e+01
  2.773843584876206e+01 -9.782242003438204e+00 -4.157671123844722e+01
 -1.059283450615366e+02 -2.043018974128091e+01 -5.671904092283945e+01
 -4.260317613174987e+01 -2.442894070474483e+01 -4.504254127636573e+01
 -4.605578873852119e+01 -2.633318306099924e+01 -9.055145230395045e+00
 -7.735309830060677e+01 -2.257104354157264e+01  2.766530706160415e+00
 -3.537238943496118e+01 -2.454464191703109e+01  9.880367714549950e+00
 -2.361226114749700e+01 -4.507010997095527e+01  2.021220295582193e+01
  1.506726054722749e+01 -2.457481716644291e+01  6.112476994036693e+00
 -1.530621622311754e+00 -1.810673584786137e+01 -1.403444289613089e+01
 -1.237839506036971e+02  9.328295756736027e+00  1.452075845987495e+01
 -4.759354145267711e+01  2.045702650814539e+01  4.096000950969002e+01
  7.768762508328892e+01 -1.138677540512834e+01  2.136302938608375e+01
  2.381982120825587e+01  3.500668085571352e+00  3.444683116532790e+00
  2.060961740582522e+01 -4.932017861255700e+01 -1.976250425360264e+01
  5.070900227895377e+01 -3.927325455828476e+01 -1.151884135643064e+01
  7.966554513669502e+01 -9.998318319491625e+00  1.242056935736103e+01
  1.911592306768469e+01 -2.124948960758784e+01 -6.754665357050875e-01
  1.471812898996103e+01 -1.701893872329207e+01 -4.347214995177610e+01
  4.644270647068808e+00 -3.273153083119207e+01 -1.996397684184856e+01
  2.846362768566371e+01 -2.668461615815797e+01  2.402780644001329e+01
 -4.928122496417941e+01 -3.874595514354476e+01  2.615490466108896e+01
 -6.358910681790209e+01 -5.178831060940821e+01  1.662512693923640e+01
 -5.135035496427308e+01 -1.965368410024666e+01  1.836396040221126e+01
  7.483296143500567e+01 -1.738370173415212e+01  2.096546804395834e+01
 -5.653553545097784e+01  3.558535725138559e+01  1.862248376803792e+00
 -5.869197562833068e+01  2.146670467555645e+01  5.526875062178785e+00
  2.774429889999156e+01 -1.042899729133531e+01  2.725057856576878e+01
  1.160750162453863e+02 -2.621351529742854e+01  1.416635976548948e+01
  3.439078086506316e+01 -3.037268719247277e+01 -1.097585586902991e+01
 -5.680786474196061e+01  1.408250348482004e+01  1.502326061406213e+01
 -7.746549387847899e+01 -3.221237837433441e+01 -1.435397308515749e+01
 -1.222371467647907e+02 -2.949922385816294e+01 -3.095175747245275e+01
  8.324251190322552e+01 -8.312723344553355e+00 -3.245281144301691e+01
  1.215069849560521e+02 -6.171108739552141e+00 -2.344843373440516e+01
  8.384177148927134e+01 -8.894227923238187e+00 -1.032682210736498e+01
 -1.565857878764300e+01  8.278480440760305e+00  7.694807223930340e-01
  1.749829575826308e+00  8.484843065991004e+00  1.814716816753714e+00
  2.200742308223100e+01 -5.695232953429237e+00 -1.870349222382514e+01
 -5.291781559298582e+01 -3.646313779949441e+00  1.217545325286691e+01
 -1.557098722051270e+01  2.984973882253710e+01  4.962240103596960e+01
  1.063620767062675e+02  1.937624210631071e+01  6.664061498568245e+01
  1.818852224696504e+01  6.723282070333448e+00  4.794703133627943e+01
 -5.578655394633935e+01  9.334679139945852e+00 -9.058144683382807e+00
  3.372123488113834e+01  1.122138992556830e+01 -2.863560387943108e+01
  5.726923604702922e+01  1.723153789175308e+00 -2.816147337790811e+00
 -1.478224478219850e+02 -3.255300753347115e+00 -3.340596422873166e+01
 -8.480451080830656e+01 -2.284017923236017e+01 -3.642970832468261e+01
 -4.313372033376513e+01 -2.349465689058596e+01 -1.817204292281422e+01
  4.086944484048365e+01  1.971518517754156e+01 -1.895525690638005e+01
 -5.692642642224010e+00  7.428587950815045e+00 -8.532851846469571e+00
  9.751434680528199e+01  4.453253684500218e+00  1.070071541469854e+01
  6.450336132192436e+01  2.969955552693479e+01  1.780498640540578e+01
  1.084042315067221e+02  2.099199794295915e+01  2.044831346586087e+01
  1.238103343981222e+02  3.518143686382774e+01  3.774308770764114e+00
 -1.733921465022477e+01  4.788620862166268e+01  3.224182126521715e+01
 -7.045479031091193e+01  5.276688579497760e+01  5.964894439827994e+01
  1.078411177852802e+02  3.000724379491281e+01  3.533640245493041e+01
  7.470441465567220e+01  2.747484736452003e+01 -5.153000303063656e+00
 -1.237481597057713e+01  6.777007662382317e-03 -8.567195333159651e+00
  7.359836058579329e+00  3.865583318037232e+01  1.875350712476584e+01
 -2.192386702042422e+02  1.508650330864762e+01 -5.720463834810374e-02
 -7.007489685769104e+01 -4.648667947628184e+01 -6.106924450099984e+01
  7.124465195769093e+01 -3.458043983367948e+01 -6.454644108391521e+01
  1.584292462624428e+02 -5.032395902678923e+00 -4.380840994736656e+01
  2.284085012754968e+00  2.267997228164508e+01 -3.665128779343468e+01
 -1.025947225488624e+02 -1.917354139417172e+00 -2.529819958850499e+01
 -2.758072499202552e+01  3.176987185838308e+01 -1.296200756950289e+01
 -2.329868181468235e+00  4.999280584261977e+01 -2.316083960346003e+00
  8.371845555231403e+01  3.652465701271206e+01 -7.142417062956414e-01
  6.035239807954407e+01  4.624782340557121e+01 -2.986385455310411e+00
 -8.946922680054106e+00  5.395728127830471e+01  3.410086340455453e+01
 -7.422674555300814e+01  5.341319634518802e+01  4.615871053039288e+01
  3.548371558627009e+00  2.336551514739502e+01  2.263378945300322e+01
  1.858638113884478e+02  1.151378482116319e+01  1.300733132907376e+01
  5.328559694971009e+01 -2.977435318708375e+01 -7.747766075491768e+00
 -9.475936109424565e+01  9.923394865100807e+00 -1.772344639131349e+01
 -1.719319849153071e+02 -8.841684116370864e+00 -2.814863661329221e+01
 -5.458348568171426e+01 -5.680889433424467e+01 -1.550025504744551e+01
  6.987962842843844e+01 -1.600293174122559e+01 -5.145652741630112e+00
  2.850478283482355e+02  3.470761424853842e+01 -2.946511817277949e+00
  6.162800995873431e+01  2.254199844779179e+01 -4.094315943483004e+01
 -1.069664356326126e+02 -1.862267366108768e+00 -4.305792323685390e+01
 -2.374746258456440e+02  1.978458885570580e+01  1.766806710291173e+01
 -2.142071040419765e+02  2.778890478332971e+01  2.917236126288647e+01
  1.147099135382368e+01  4.142770483470834e+01  2.070349658756641e+00
  8.695952364654218e+01  4.503022375413018e+01 -1.555313563909868e+01
  1.283224364143241e+01  1.448425699868526e+01 -2.666324411877075e+01
 -4.798415294992277e+01  5.296102976120068e+00 -1.515406020745245e+01
  3.956624801702006e+01  1.654890530014471e+00  1.323103813315441e+00
  1.685697345885799e+01 -1.821550717678126e+01 -1.072730503766366e+01
  4.055574747319712e+01 -2.205745904392565e+01 -1.325452843160347e+01
  3.338066966428256e+01 -4.365782263421970e+01  4.041184251138912e-01
  3.113372626072355e-01 -4.698143598981032e+01 -8.417647145941224e+00
 -8.484969185939161e+01 -2.789328605852185e+01  2.203260214138843e+01
 -6.456429984767183e+01  1.243794008328978e+01  2.176262993813538e+01
  6.448683120035678e+01  3.901517794894979e+01 -9.421748551923219e-01
 -1.906711322793362e+01  3.288654922823294e+01 -2.750712710008104e+01
  8.223381276802237e+01  2.704835869302367e+01 -8.546420757659053e+00
 -1.097254947869483e+02 -1.114893753570811e+00  3.542128963324532e+01
 -1.965115968639984e+02  1.399485968724267e+00  2.912994558087393e+01
 -4.710682823922895e+01  2.889007653753680e+01 -7.759200420489073e+00
 -2.134868023705344e+01  3.248430820582514e+01 -4.111321232386673e+01
 -1.509245992975980e+02 -1.899641834400506e+01 -2.450961010584251e+01
 -5.782646516814076e+01 -2.111330093478162e+01  4.387255985865934e+00
  9.656055727739457e-01  2.271308222730175e+00  4.481979864541750e+00
  9.548894052546956e+00 -1.886213805943804e+01 -8.328527844981245e+00
  5.562994881355429e+01  3.951961585309753e+00 -3.095818773046624e+01
  4.210418646648203e+01 -3.605769813748676e+01 -1.558284943247758e+01
 -1.253952591014716e+01 -3.399363939275039e+01  1.010484441490776e+01
 -3.230793212574164e+01  1.058893627144709e+01  3.369344121518061e+01
 -1.290222212359239e+02  1.102434917441141e+01  1.998679016217372e+01
 -5.690556955995904e+01 -1.659250301284667e+01 -1.441014244945548e+01
 -1.455312067365551e+01  2.779505489457537e+01 -2.287196692979033e+01
  8.337100124989536e+01  4.279949095052413e+01 -6.811878108625121e+00
  6.913480789222633e+01  4.329496814783422e+00  2.063768898303449e+01
  1.776565415099903e+01  1.636339922967379e+00  4.915886697641548e+01
 -2.829645700351425e+01 -1.006641902462830e+01  1.981429622626804e+01
 -9.937033044449089e+01  2.519769733882882e+01 -4.335022515912955e+01
  2.157507608397178e+01 -1.042448415500214e+01 -5.663929530281790e+01
  1.181397269908180e+02  9.204179355198484e+00 -9.103451385231113e+00
  6.813518850200489e+01  1.402950813288930e+01  1.734442114418852e+01
 -7.044859352811326e+01  6.795673086612842e+00 -2.341713532569509e+01
 -1.227184287257036e+01  1.873930781125827e+00 -5.790435577964269e+01
  7.484510123044231e+00 -4.554237603610738e+00 -3.866324745029860e+01
 -1.008003102725602e+02  1.189818206342180e+01  6.728649809747281e+00
 -8.653530535771827e+01  2.585152545528745e+01  3.048331843331405e+01
 -1.711754127958985e+01  4.906474854760518e+00  2.518928311777989e+01
  9.200606807394590e+01 -5.022196268131052e+01  2.119578040145488e+01
 -1.512524717213117e+01  9.548717768870883e+00  2.806343914148304e+01
 -1.447454159656860e+02 -1.184607792467641e+01  7.053783858171384e+00
  3.672021548021992e+01  8.250648956958182e-01 -1.384773924860006e+01
  2.016113165802731e+01  1.123224920869326e+01  1.715493017478251e+01
  1.309371342216590e+00 -1.094633323608108e+01  1.812200134049113e+01
 -5.646337313621769e+01  2.727412139983226e+01 -4.711134140035356e+00
  6.554396252768834e+01  1.432877621915510e+01 -9.255651294203680e+00
  9.766322338414103e+01  1.306983150063462e+01 -1.122752019040354e+01
  7.256261360597669e+01  1.535259070125929e+01 -7.915579106660953e+00
 -9.606745915222312e+01  2.372322593599626e+01 -1.409200537116470e+01
 -9.364226061674822e+01  1.389273746349637e+01 -3.362061769002214e+01
 -2.275279967435401e+00  1.869871126894596e+01 -2.149584504716154e+01
 -1.272774705152282e+01  5.850630094317788e+01  1.762617185869048e+01
  6.279059368283976e+01  1.834775152692098e+01 -1.210693279756951e+00
  5.482250544118625e+01  1.480216803314055e+00 -4.038933843236718e+00
  4.397250495585293e+01 -2.015508850710889e+01  2.336113374859787e+01
 -1.108757846571576e+02 -3.372316814894479e+00  3.119436669608972e+01
 -2.608291036012611e+02 -5.251688459646762e+01 -7.574439136451799e+00
 -1.321663997529510e+02 -3.927360454880580e+01 -3.741423350472868e+00
 -1.936218097421979e+01  5.958744102365409e+00  2.116561383396470e+01
  1.202563250006430e+02 -2.204045783266200e+00  8.170965624328160e+00
  5.658937618904687e+01 -2.513013626343196e+01  7.384210205326576e+00
  8.600337632609676e+00 -1.527561615918970e+00  3.000899042917498e+00
  1.728939155858614e+01 -1.181018358405490e+01 -9.480862337218291e+00
 -3.442598824827601e+01  7.662096557148617e+00 -4.733867696346525e+00
 -8.247079041569339e+01 -1.151560059746943e+01 -2.011321239836598e+01
  6.096355483214093e+00  2.319961840908615e+01 -2.804494188992576e+01
 -1.000479604407013e+02  3.067863974663848e+01 -2.543376956679070e+01
  3.414192538503627e+01  5.941844891198987e+01 -1.370908351404810e+01
  8.260064821526603e+01  1.835478316681872e+01 -1.591406355890199e+01
  1.690925436979050e+01  2.486181611786100e+00 -1.631541273907246e+01
 -1.480785827857211e+00 -2.216799506669366e+01  9.365607539693945e+00
 -1.877440760376150e+01 -1.812605347184223e+01 -3.671576121198058e+00
 -1.263539700183106e+02 -2.911544250596790e+01 -1.288599827125413e+01
 -3.430955031304539e+01 -3.124449842693433e+01  2.717765829299852e+01
 -8.305279973035968e+01  9.577901588171391e-01  5.271326038260707e+01
 -4.128693254254612e+01 -1.437314636593959e+01  2.782856183305018e+01
  2.751279009555794e+01 -4.356926061064719e+01  3.379903649838588e+01
  9.162817253856441e+01  5.387782499058595e+00  3.299081083555595e+01
 -4.147709593020927e+01 -2.536531373781139e+01  2.933548799010611e+01
 -1.235880574851123e+02 -9.192440412628358e+00  3.328578869412131e+01
 -1.170527804871693e+02 -1.395246447146241e+01 -5.574390005578236e+00
  6.330318981020373e+01  2.297758674312967e+01 -9.767768135137711e-01
 -2.080015576821224e+01  3.065817779244890e+01  1.861320470757119e+01
 -2.784923250300676e+01  2.364833190813771e+01  9.133091300688196e+00
  7.575724351780019e+01  1.326263854051893e+01 -1.199919738018511e+01
 -1.353623457762745e+02 -1.146215435156131e+01 -1.806470854561030e+01
 -1.645314665934046e+02 -3.541081578149793e+01 -1.031594888991867e+01
 -8.635859635568252e+00 -1.873299122708764e+01 -2.085856151437975e+00
  6.399898148281156e+01 -3.807275675155504e+00  9.746198551288224e+00
  5.202398712697945e+01  2.089300335264459e+01  5.260784480217836e+01
  8.444079821011803e+00  4.523022909421463e+00  4.634090167841946e+01
  7.773084688991324e+01 -1.789375174338760e+00 -8.303374569038938e+00
  4.555514059299661e+01  1.445392766077112e+01 -1.236347657021842e+01
  1.024159654487597e+01  1.642834848826323e+01  1.683443747427653e+01
  7.448708349404505e+00 -1.084351094532672e+01  1.799211055030742e+01
 -5.036055628986692e+01 -2.067308254832974e+01 -2.922521801316341e+01
 -4.362116794981272e+01 -4.875350259173168e+00 -3.442381336585248e+01
  6.380354062878830e+00  3.198105607149322e+01  1.752239807198390e+01
  3.463449919965004e+01  2.051226830691274e+01  1.783119156792178e+01
  2.536064106109693e+01 -1.090714478034992e+01 -6.477556927425953e+00
 -5.781016233643594e-01 -8.631251808921204e+00 -2.072982264016207e+01
 -6.942230648208691e+01 -1.799920627607442e+01 -2.255423813275206e+01
 -1.585014508033422e+02 -4.095115876057580e+00 -1.344918343840778e+01
 -5.867636915946549e+01  4.928144788811812e+00 -2.076420309371567e+00
 -4.007494242194430e+01 -8.439433767228213e+00  1.409550599274113e+01
  4.561524088994503e+01  1.946410172929268e+01  3.271743979340528e+01
  2.595959048458297e+01 -1.209547397769857e+01  3.925589179930874e+01
 -1.017066710102422e+01  3.742879581707099e+00  2.817122534117311e+01
 -2.047549641886642e+01  1.881650291078128e+01 -4.145005950473976e+00
 -1.530246503839913e+01  9.266057220127131e+00 -2.748877052492184e+01
  7.579009480225557e+01 -3.769050672676787e+00 -1.499086854927099e+01
  1.076731169647356e+01 -3.075408416505292e+01 -1.277639029853316e+01
 -1.065919537905835e+00 -3.187522652817136e+01 -1.955995799140821e+01
  8.352220017029222e+01  7.285602753332896e+00 -7.438733756023288e+00
 -3.122427757416920e+01 -1.466576780111415e+01  9.569304711260818e-01
 -2.273186969248432e+01 -3.453099616213584e+01 -7.120622419523539e+00
 -1.457398876173860e+00 -1.275621480702831e+01 -3.914128154481715e+01
  5.683339308094465e+01  3.214539506833816e+00  4.443836241227540e+00
 -1.283999849555369e+02  1.187519729096627e+01  4.745820783768380e+00
 -1.080611207182565e+02  3.998689473767558e+01 -1.151070875721421e+01
 -1.157582947570184e-01  1.938932536081806e+00  1.889976218572415e+01
  5.766776507230134e+00 -4.493355953870164e-01  4.870578621490183e+01
  1.221781857515300e+01 -2.887822853723942e+01  4.124674204806101e+01
  3.055069349489033e+01 -1.982406374308047e+01 -8.742270074002265e+00
  1.710798232977914e+02 -1.110432426979430e+01 -2.420067860502820e+01
  8.716878659818640e+01  1.071510325001756e+01 -4.073095721619300e+00
  6.636575878486543e+01 -2.287938384312994e+01 -8.606210694904998e+00
 -6.271489173617606e+01 -9.894702959422492e+00  1.765123537253343e+00
  5.806406385965156e+01 -2.199257968559008e+01  1.496211535905659e+01
 -8.257391392552030e+00 -1.338348488006897e+01  2.205310710900644e+01
  3.714365069422571e+01 -3.343526784479931e+01 -6.226341693628804e+00
 -6.008822637241956e+00 -3.508397831892810e+01 -5.096185071132238e+01
  9.595716657902824e+01  1.462772545575627e+01  4.416581502620545e+00
  1.087391938259955e+02  3.909462593435843e+01  4.493097870404952e+01
 -1.060921121858578e+02  2.701753694576998e+01  2.365792615312975e+01
 -5.112234012362589e+01  4.960961230298312e+01 -2.637791111006035e+01
  3.184247917922346e+01  3.115565557872300e+01 -5.308190761180110e+01
  4.745227088124888e+01 -7.843264963673997e-01 -9.380579709216319e+00
 -5.617169609238875e+00 -2.189743273668800e+01  3.810470647410583e+01
  1.129924495783544e+02 -2.049115848904765e+01  2.331889859749507e+01
  4.514718769983048e+01 -3.904551758071546e+01  2.767890318780355e+00
 -1.311239550142255e+01 -1.876971663002659e+01 -1.120665210790106e+01
  2.137751252416788e+01 -3.937331659027478e+01 -1.639561502013232e+01
 -7.427855411611665e+01  6.263021061668374e+00  1.695387288022533e+01
 -1.610807101802641e+02  2.476724723324739e+01  3.671843569770551e+01
 -3.962635022336507e+01  9.210621991272943e+00  1.467891623575987e+01
 -1.542359561353628e+00 -2.950771152889457e+01 -1.276915819837810e+01
  8.302747236041841e+01 -1.192580437556266e+01 -2.949866417432160e+01
  8.810042148067353e+01  3.021260665823721e+01 -2.377540754339437e+01
  1.612218586918687e+02  3.751674301633879e+01  1.032229047308094e+01
  1.711969465481757e+02  3.198398560760452e+01  2.895121299619032e+01
  5.196873416567765e+01  1.664973315626971e+01 -2.032983257424063e+01
  1.043176379760272e+02  2.441788063128357e+01 -4.669635620908788e+01
  3.787097077707732e+01  6.462998736688537e+00 -3.461243132846707e+01
 -6.010339212090308e+01 -1.620554018812791e+01 -1.834250270998167e+01
 -4.440001904638025e+01 -1.581717391799368e+01  1.391377448659234e+01
  1.194590233587255e+02 -5.172295762818121e+01  1.825638660134621e+01
 -1.299722395855832e+01 -4.665339464895203e+01 -3.848510006162078e+00
 -1.773976337672529e+01 -4.072046617274926e+01  1.134607624968442e+01
  4.568363224534890e+01 -1.734866317516634e+01  5.114548208996882e+01
 -4.807535605483975e+01  1.777739797634852e+01  5.343584107212912e+01
 -1.138093738047045e+02  3.730806045954477e+00  1.863289796398166e+01
 -2.349575042780769e+01 -3.097170571884973e+01 -2.204401067229811e+01
  5.286953951323919e+01 -1.023960731795911e+00 -3.409243132016591e+01
  1.317031414297455e+02 -1.328510056992533e+00  1.105759774713509e+01
  1.110883612391547e+02 -9.631938392589797e+00  2.185860626681577e+00
  2.274343438790750e+02 -2.513789457832645e+01  3.999609151310570e+00
  7.292619256476698e+01 -2.478538945067631e+01 -2.413456788747845e+01
 -4.526412324563407e+01 -3.651512646494673e+01 -6.744842694920644e+01
 -3.367288782024595e+01 -9.558093393403537e+00 -5.930553516720005e+01
 -4.761252038093204e+01 -2.349414748353224e+01 -2.247278425141892e+01
 -7.335736473371432e+01 -3.988081439196846e+01 -1.392927440001803e+01
 -5.878062955483777e+01 -3.907907126923774e+01  2.422711676040455e+01
 -6.192833701048365e+01 -4.211392319418163e+01  4.423388195678782e+01
  4.831314017778764e+01 -3.295254800699424e+01  2.144082037674028e+01
 -7.722949016593238e+01 -8.499669940063605e+00  4.804483185464562e+01
 -1.228461387478925e+02 -1.626230636777789e+01  4.667038532325409e+01
 -5.349981350279311e+00 -2.382481860827841e+01  6.671733961743932e+00
  8.552035524067074e+01 -2.902030005746922e+01 -1.532796635944112e+00
  3.012454891576510e-02  9.094527938335263e+00  1.217459057711267e+01
  3.445641515672162e+01 -1.101471294053907e+01 -1.163687968073296e+01
  8.514835046397260e+01 -3.842932356823429e+01 -2.641065907737842e+00
  1.162902521332438e+02 -5.303560602358007e+01 -7.965480679549612e-01
  8.072459422328473e+01 -3.615472826839994e+01 -3.012633252995215e+01
  7.620277057544321e+00 -5.419899370101456e+01 -6.038227359856174e+01
 -6.802777700452279e+01 -1.573740281027243e+01 -5.126580007346246e+01
  3.362480150409226e+00 -1.014904109795549e+01 -2.972185168924328e+00
 -3.286103271623996e+01 -2.076762141944990e+01  1.544828308050458e+01
 -6.968415366017473e+01 -3.447219394817015e+01 -2.335655462024458e+00
 -3.576883506448328e+01 -3.149495167027277e+01 -8.938387040292451e+00
  5.533281971188516e+01 -7.254386855214389e+00  7.385977065115986e+00
 -5.685571613565947e+01  1.274519238957205e+01  3.161378297207267e+01
 -1.248665695776092e+02 -9.673476074576875e+00  3.505628162815505e+01
  4.085395808487888e+01 -1.229722651020212e+01  7.817398126627802e+00
  1.329950896840596e+02 -1.597751110534480e+01 -1.041983401995248e+01
  6.758817943750984e+01  1.127357606883136e+01 -8.008995932640032e+00
 -1.370027973363370e+01  2.910848885376723e+00  8.632334893941620e+00
 -5.613945091369391e+01 -1.552062001805764e+01 -3.751712825498248e+01
 -9.632541818778925e+01 -2.666783347451498e+01 -5.845295585786119e+01
  3.798381560420582e+01  5.041341513858173e-01 -4.081397240264044e+01
  1.093230804193365e+02  2.193457218727304e+01 -2.672042442906714e+01
  1.105095960489828e+02 -1.099235119888819e+00 -1.695623838675213e+01
 -3.916837943231005e+01 -2.718905520370416e+01  3.385484571660571e+00
  2.631217425815652e+01 -9.511745907452237e+00  2.807178668600557e+00
  1.388325514029180e+01 -1.257043371568959e+00 -7.189220046927768e+00
 -1.312647578381113e+02  3.123556018245256e+01  1.821923345870338e+01
 -1.850998311394081e-01  3.764391413024993e+01  3.359221941219181e+01
  7.673206311702739e+01 -1.485786139855187e+01  1.765299071441815e+01
  8.223867496676263e+01  3.166334945121918e+01  1.334248794231119e+01
  6.056723781146289e+00  1.874838720504220e+01 -1.109883011665756e+01
 -9.437416973866451e+00  3.632200263401765e+01 -1.937241624202404e+01
 -2.765336532241737e+01  1.288819644054371e+01  1.492427656353556e+01
 -1.501179547433306e+02 -6.342649173593044e+00 -1.549119885250465e+01
 -1.021319246304763e+02 -3.678066238161899e+01 -9.042640509750758e+00
 -8.413064112548673e+01 -4.156011224111988e+01 -1.651939351852985e+01
  2.439517535548637e+01  9.782857220644196e+00 -2.269767492059122e+01
  3.525784278159342e+00  1.635431566420436e+01 -3.384781097671961e+01
  5.011516740975630e+01  1.295620980585964e+01 -8.658081177035470e+00
  7.931940967768671e+00 -1.080805878756604e+01  2.343721786900822e+01
  9.866292826170150e+01 -1.214609049936804e+01  1.481378134714642e+01
  7.856894749286475e+01  9.230923607213551e+00  2.726476086981664e+01
 -8.035183068002914e+01  1.141146729083913e+01  2.001139864395716e+01
 -3.433853635882446e+00  5.404014071072581e+00  1.796565647787173e+00
  6.452085722628446e+01 -2.283276347150126e+01  2.432159178335665e+01
  9.431077981386926e+01 -6.952856308576127e+00  2.186855235038113e+01
  1.307687548325326e+01  7.067386038079272e+00 -3.720476823075912e+00
 -8.986268537965444e+00  5.181763158295829e+01  1.034558642540593e+01
 -1.583698793997438e+02 -1.537472453502488e+01  3.826381470638106e+00
 -6.002235127940386e+01  9.210394604258152e+00 -5.433991192174455e+01
  3.586883466941104e+01 -2.902932733026873e+01 -5.054896193440882e+01
  1.369834985604507e+02 -3.321123295359416e+01 -2.140129315722351e+01
  3.311714169176581e+00  2.191372072115188e+01  4.490878684985018e+00
 -4.206127546029283e+01 -2.202105632582622e+00 -1.278580975903402e+01
 -2.767382973765736e+01  4.072891466348894e+01 -3.103915402187207e+01
 -3.154994788903876e+01  7.117848190675446e+00 -1.745184524595966e+01
  6.695141328595281e+01  1.578819029906646e+01 -1.602321837275800e+01
  7.174928427633353e+01  2.602215474690008e+01 -2.387346446623526e+01
 -4.088419383204126e+01  4.103685495327587e+00 -2.279825550201006e+01
 -8.151944949944075e+01 -8.446429771207997e+00 -9.019099642580706e-01
 -1.320288966177812e+01 -3.051946632362254e+00  2.975440695418169e+01
  1.997535085299893e+02 -3.893718763822255e+00  4.752569020756022e+01
  6.716016465521606e+01 -4.818867906584759e+00  4.109545554126187e+01
 -2.361177860215081e+01  1.380225943164799e+00 -1.194410077691817e+00
 -6.256490190239450e+01 -4.413777681001562e+01 -3.935410573396628e+01
 -2.505895548079651e+01  1.626366523585837e+01 -9.405343694993263e+00
  3.543788122103709e+00  1.069543135033404e+01 -3.546865918510407e+01
  2.340933186415534e+02  4.537602022977639e+00 -2.818329037190921e+00
  8.972609673663842e+01  9.820017047627740e+00  1.454791696059530e+01
 -9.673826359596828e+01 -3.195280668872087e+01 -1.307240791940363e+01
 -1.620378828292503e+02  9.729495851030997e+00 -2.402438493451790e+01
 -1.437205307524639e+02 -1.626337687889104e+01 -1.680004475119834e+01
  4.834431660138462e+01  2.190329728632565e+01 -2.303608896610839e+01
  1.358503039745930e+02  1.756547143940028e+01 -2.339769265698185e+01
  7.950664980566181e+00 -8.521486729371185e+00  9.322035761087477e-02
 -2.646842662746187e+01 -4.495760238075624e+00  2.180097330594542e+01
  4.249946011668395e+01  1.058147951194769e+01  3.604954208924826e+01
 -2.147650307966822e+01 -7.413255611238608e+00  5.605387140862473e+01
  3.257144042994163e+01 -2.250025020402391e+01  3.714353400778463e+01
  2.732516555499182e+01 -5.286291541348759e+01  1.196480956735104e+01
  1.944355578873760e+01 -2.427870437226420e+01  1.902075589264447e+01
 -9.065617826720491e+01 -9.467267678803893e+00  3.688292644089233e+01
 -8.776228991659843e+01  2.077639426547418e+01 -2.169318364989134e+01
  3.902203875549071e+01  3.203582220395931e+01 -6.426817916933004e+01
 -7.435215615667206e+00 -7.962430585665487e+00 -5.896039254385273e+01
 -2.375326601992969e+01 -1.433797847382836e+01 -2.801202101752073e+01
 -1.542056755990604e+02 -8.099615729180906e+00  1.399913513110706e+01
 -1.633578008918173e+02 -6.618428448061966e+00  1.953907731712147e+01
  8.418282723691348e+01  8.902316025991025e+00 -2.672878215685289e+01
 -2.868955842459965e+01  2.537640219995181e-01 -5.258716272949810e+01
 -1.996223518069959e+02 -1.451530552312275e+01 -2.727150724211684e+01
 -4.288928016370921e+01 -2.447455656902908e+01  3.076526914203712e+01
  6.307955082286643e+00  9.478415546472490e+00  2.954872115929073e+01
 -1.965442124073969e+01 -1.177508445144545e+01 -5.102255518988669e+00
  2.029766070195624e+01 -1.775281434662883e+01 -1.739703639836041e+00
 -1.764405465444041e+01 -4.031984310212575e+01  2.591478344064202e+01
 -1.069295004931267e+02 -6.107959345548029e+00  5.597815084750748e+01
 -4.121741375588258e+01 -5.860159972287288e+01  1.007982473143054e+01
 -2.581883578718121e+01 -2.690110577263481e+01 -3.993975907700924e+01
  4.823216477068134e+01 -9.242714475649905e+00 -4.862394450964471e+01
  3.566669680291709e+01  2.698100808191985e+00 -3.049093109043807e+01
  4.475233298138217e+01  3.357919281479834e+01 -2.922184011682509e+01
 -1.614620760467519e+01  3.556811843571592e+01 -2.017975132660184e+01
 -5.047313800651950e+01  2.242855380102772e+01  9.878329133327737e+00
  3.852462320992723e+01  5.102445303375577e+00  1.385880184976183e+01
 -8.497857533504961e+01 -1.593174949536376e+01 -3.139700648975153e+01
 -6.642868378940832e+01  9.453284475880842e+00 -4.374480387365409e+01
 -2.450802697384085e+01 -1.338218666710624e+01  3.937429315597281e+00
  1.013048319907899e+02  8.513205369513406e+00  2.995180986392089e+01
 -2.941665909183159e+00  2.893592574869084e+01  1.860201352214755e+01
 -2.023494121017681e+01  3.885678503036146e+00 -2.581020892155437e+00
 -8.751529085319767e+01 -3.448923071353259e+00  2.535428831300262e+01
 -1.111393554022286e+02 -2.931288043983420e+01  5.173474844546037e+01
 -7.350084944593524e+01 -6.429025314971445e+01  3.430805286195228e+01
 -2.585769460620524e+01 -6.500310950455591e+01 -2.571711760901174e+00
  8.389623980581564e+01 -3.611737329011792e+01  1.806505306167772e-02
  2.194438743917488e+01 -2.295282945159964e+00  1.076624014192588e+01
 -4.367019585361831e+01  4.464325635939447e+01 -1.457504704299735e+01
  7.467490450876990e+01  3.975538846452593e+01 -1.868821971411645e+00
  1.851007142391973e+01  3.847958758147013e+01  2.821014252206799e+01
  6.145178169215247e+01  3.611233115578917e+00  6.138629137018782e+00
  1.917904410054350e+01 -2.293927172887118e+01 -3.431133264232281e+01
  5.228650419890889e+01  1.079155321313407e+01 -2.279989760023832e+01
  3.636804417688776e+01  3.226749024259833e+01  1.878775799680809e+01
  6.317894681023654e+01  2.924930120145047e+01  2.677002536998118e+01
 -4.745868537237879e+01  4.363432379911505e+01 -1.331265801848903e+01
 -6.903454453573991e+01  2.617548418430882e+00 -4.601475987872459e+01
 -2.057994312436487e+01  2.078151955441956e+01 -2.715477433336545e+01
 -3.812890697021884e+01 -2.907518591143605e+01  2.155050295906527e+01
  5.133440150337979e+01 -1.205032788333766e+01 -9.919723387537847e-01
  1.742927959917122e+01 -2.346372588102151e+01  2.422003780704280e+01
 -6.958775867267941e+01 -3.336331867078636e+01  3.464308664386043e+01
 -7.893929594567983e+01 -1.175008501188050e+01  2.642122836739940e+01
 -2.465511275462064e+02  2.640132127442977e+01 -1.129615432100208e+01
 -2.076003533631558e+02  1.083128784141609e+01 -1.794714030756447e+01
 -2.979977073325652e+01  3.250374329252034e+01  2.549748007332006e+00
  1.272814366391822e+02  3.839731868802819e+00  8.375160137571520e+00
  6.612448865764802e+01 -1.569086963341959e+01  6.749495536386511e+00
  4.017566156309424e-01 -1.599015398134916e+01 -7.195364153755919e+00
  1.243930003458524e+01  2.542265980520630e+01  3.015466250065522e+01
 -6.238595271223261e+00  3.571764804304743e+01  4.872662306784521e+01
 -1.704950706687107e+00  3.059294753807421e+01 -1.225839051992326e+01
 -1.650721664820654e+01  1.234664590927314e+01 -3.859002655380660e+01
 -8.094663702801310e+01  1.844752516097880e+01 -4.949769799971271e+01
 -1.441794935805269e+01  4.811039664172229e+00 -4.395774085588961e+01
  7.071204008206540e+01  3.387104426455444e+01  1.019413812629669e+01
  5.819172821471725e+01  9.817684572472819e+00  3.516568502066275e+01
 -1.410027943928331e+01 -2.253215708973595e+01  3.807270178931528e+01
  6.582538720271752e+01 -2.372910111827726e+01  2.421597914874344e+01
 -1.223592434967116e+02  6.957635595481540e+00 -4.028592007226646e-01
 -8.468775645322430e+01  1.021668589294244e+01 -7.160327094345916e+00
 -6.946050137665222e+01  2.097109565102268e+01  8.917849734715357e+00
  3.158138362661049e+01 -5.395222330779013e+00  6.479019174868039e-01
 -2.046937763138568e+01 -1.000829569183355e+01 -1.731871753341629e+01
  1.933351569474907e+01 -1.512435613320646e+01  2.478499375308987e+00
 -9.280161552820800e+01 -6.250670995715499e+00  2.617945553708063e+01
 -8.508551379031907e+01  1.544955809027751e+00  4.198532223891733e+01
 -5.987486724274856e+01 -6.121837602285357e+00  7.157374315408390e+00
  2.460284731967543e+01 -3.769382622476787e-01 -2.983339252198946e+01
 -1.694506932610115e+01  1.460338440947075e+00 -2.487798825317733e+01
 -8.468033881840884e+01  4.749815616865600e+01 -1.957771356928388e+01
  7.520145977435682e+01  5.545879777455508e+01  1.689087198691475e+01
 -1.203529469919279e+02  2.419343079012965e+00  1.053625531648011e+01
 -1.992340126076680e+02 -6.522261307838967e+00  1.778348375345282e+01
 -8.340491701691214e+00 -3.286433834896948e+01  3.725275649374643e+01
  8.408026119931978e+01  1.194872481690992e+01  3.215426688251365e+01
  4.796336015232873e+01  2.820734225598089e+00 -4.645719800621158e+00
  4.054571433498786e+01 -7.147243415072447e+00 -3.226793769026778e+01
  1.262073356017242e+02 -1.305086817660760e+01 -3.269612921250454e+01
 -4.361427584114747e+01 -3.635350393585652e+00 -9.336624926189330e+00
  9.818576437442015e+00 -1.800720742927324e+00  8.344343062318611e+00
  1.354258733093303e-01 -2.939429643240556e+01  2.693324651400046e+01
 -2.492717439544781e+01 -2.259830796439680e+01  3.443212051515936e+01
 -7.123910855018968e+00 -4.990950002286304e+01  3.357442506423928e+00
 -2.170258396719663e+01 -3.549749790349500e+01 -2.030573440183182e+01
  8.821355579014769e+01  2.526760629492349e+00 -1.736751480778233e+01
  1.683725740807577e+01  6.159754056754726e+01  5.229342246319192e+00
  3.582300061415621e+01  3.248966100012796e+01 -2.353110771028230e+01
 -9.984798382619664e+01 -1.647730064971679e+01 -3.221302900964236e+01
 -2.118335523348400e+02  2.783466759128980e+00  1.533410324453497e+01
 -6.379026795983570e+01 -2.248149638627963e+00  4.508318873750291e+01
 -2.623348435180186e+01 -4.459013348031506e+00  2.556571974178845e+01
  5.883020630952161e+01 -1.322196164828536e+01 -6.411716210335939e+00
 -2.777988801184639e+00 -1.955174806849580e+01 -2.034014505782504e+01
 -1.205915293509415e+01 -9.709004286736832e+00 -1.242034452867045e+00
  5.554629232047536e+01 -7.566722458360507e+00  9.768020883130959e+00
 -5.830440889619840e+01 -1.603042203247495e+01  7.726036985286871e+00
  1.329769058003531e+01 -3.673428798035805e+01  2.105019133765653e+01
  4.536076619382216e+01 -1.152007964238253e+01  4.025582305847546e+01
 -1.424568987212940e+00 -5.471691283546823e+01  5.662284792923193e+00
  1.976829741723169e+00 -4.252836099037212e+01 -6.063564365718650e+00
  7.736704667023244e+01 -1.617642837887539e+01  9.780259639241526e+00
  3.554052467391328e+01  2.069614837426412e+01 -3.845377871532962e+00
  2.733966016111386e+01 -1.557402335759707e+01 -4.890947155620110e+01
 -6.370591798414815e+01 -2.099726481094071e+01 -4.985088787766840e+01
 -1.181314672776205e+02  2.126668248809815e+01  1.236306951556743e+01
 -9.952628761093662e+01  1.183258137350751e+01  2.043570029255363e+01
 -5.905840938654064e+01 -1.018760130368122e+01  1.218210387024644e+01
  3.313473108289574e+01 -1.468971759915427e+01  2.215504825556145e+01
  3.817251285121620e+01  8.684382837952497e-01  1.702973554668636e+01
  9.152286494304245e+01 -6.036812709038319e+00  9.540157650109874e+00
  2.172692509600867e+02 -1.358212953796692e+01 -1.134999563564918e+01
  9.266518252177345e+00 -1.547843302574680e+01 -1.602111532678911e-01
  2.248754657222097e+01 -1.907866768707265e+01  1.238598075815305e+01
 -9.201980181625510e+01 -1.954805148501531e+01  9.107462456186180e+00
 -2.676327106647186e+01 -3.144525201535697e+01  1.466802531074527e+01
 -3.742236488480270e+01 -3.597042477229645e+01  1.622615030481761e+01
 -1.444967432701631e+00 -4.450394500064533e+01  4.261038705039415e+01
  6.646726496476020e+01 -2.559659001636905e+01  2.352641493164995e+01
  3.683411046787128e+01 -4.396898960410120e+01 -3.660134274388906e+01
  3.491684255895929e+01 -2.924654203296984e+00  4.025091128174729e+00
 -7.329650611017348e+01  1.428227221918821e+01  4.558871766714020e+01
  4.643752663954036e+00  1.174651007556146e+01  1.517597525509575e+01
  2.812038828004029e+01  2.235795039041095e+01 -2.324974091073607e+01
 -4.270066743388441e+01 -1.275309502438548e+01 -7.207214402468017e+00
 -2.854828108197126e+01 -9.203529463627985e+00  2.725697014466378e+01
  1.363495636840498e+02 -6.120965715497336e+00  2.476075570826516e+01
  5.193541915064743e+01 -8.743050689067595e-01 -6.098461642589420e+00
  2.234846877335467e+01  5.810509223377260e+00 -1.942955363923702e+01
  3.619098653772691e+01 -2.139884693291473e+01 -3.329005394177305e-01
 -2.760259947920861e+01 -6.099174260465130e+00  2.998056325228446e+01
 -1.498234583494976e+02  4.163444557236680e+00  2.692019911346033e+01
 -5.985617200827427e+01 -1.494963659958402e+01  1.737855901700943e+01
  4.659654527666352e+01 -4.488697017342169e+01  1.542378571762525e+01
  9.171365534431152e+01 -3.774897292202918e+01 -1.577694951286720e+01
  1.206634195880514e+02 -1.447960653772181e+01 -6.223467949148798e+00
  1.122549154018318e+02  1.109758189185337e+01 -2.207668242036226e+01
  1.775142386921209e+02 -1.853550315709587e+01  7.776348589596309e+00
  1.042201543114850e+02  3.689703994762754e+00  8.333523905898222e+00
  9.328947216345847e+01  2.250204682925348e+01 -1.677063521635320e+01
  8.822744164619660e+00  3.716170396389176e-01 -1.037687128219027e+01
 -6.371536373090515e+01 -2.415020565331690e+01  1.123732134515625e+01
 -4.010236347257833e+01 -2.399648546322076e+01 -1.388850986146386e+01
  1.399322581777959e+02  7.245999424402140e+00 -3.347034362791431e+01
  5.021701000463004e+01 -1.565021251495040e+00 -1.999107271809465e+01
 -1.047933560812059e+02 -3.373004248892472e+01  1.196331697453803e+01
  1.115706259228643e+01  2.911175425833785e+01  4.956288584599839e+01
 -3.093033441603908e+01  2.109569977451414e+01  4.551149460353918e+01
 -7.467865171124805e+01 -6.008158226702681e+00  2.361211618563323e+01
 -7.645485670338132e+01 -2.171400634383809e+01  4.956024769689792e+01
  1.925963551272940e+01 -1.058125756844587e+01  5.440889276089256e+01
  1.665949675903933e+02  3.345362528016879e+01 -3.098842619009743e+01
  1.015743663578974e+02  1.822448602304201e+01 -1.768851951751088e+01
  2.399056739827389e+02  1.224580750906199e+00  2.565019068272593e+00
  1.480129793941651e+02 -1.750135995516738e+01 -1.793257955355896e+01
  7.636553704224346e+00 -6.502110636808850e+00 -3.150973812040798e+01
 -9.202111220942285e+01  7.278367513350101e-01 -1.221658307257586e+01
 -7.238166420331068e+01 -2.248717704826021e+01  6.798033984177415e+00
 -9.105229442044340e+01 -2.033792589347503e+01 -2.498717884507550e+00
 -5.728968068258803e+01  1.188564693908788e+01 -1.973430490215642e+01
 -6.415327105234283e+01  2.894722177696059e+00 -1.540151054843007e+01
  5.280378083190230e+01 -1.191930495968554e+01  2.577654180429195e+00
 -1.104356624076159e+02  2.890553360429985e+01  1.502660899478419e+01
 -8.656974042727632e+01  3.782525766115801e+01  1.829352177790746e+01
  5.874734530852481e+01 -1.233769543980111e+01  1.073948263042656e+01
  4.189070502963035e+01  1.419684272041492e+01  2.484776013948245e+01
  1.621779803155899e+01  5.544707657729875e+00  1.282133888897984e+01
  7.196739758532050e+01  2.953480726657556e+01 -1.132542659952731e+01
  8.508084664014780e+01  3.793955680108586e+00 -1.249992160443644e+01
  1.215846699824583e+02  1.521717046663489e+01 -4.247280714311913e+01
  1.066551785854769e+02 -1.278079637868309e+01 -3.178504747940678e+01
  1.105569929272556e+01 -2.529869658851425e-01 -3.914087587154605e+00
 -9.044583679965652e+01 -1.332827349553638e+00 -1.856765916074583e+01
 -2.739473206954569e+01 -1.591325745147876e+01 -1.918966556661200e+00
 -1.867088269700767e+01  1.611657696426652e+00  8.240791084698611e+00
 -2.093177169424613e+01  1.031363197776650e+01 -1.148515817869123e+01
 -7.355157742714590e+01  3.165701056735290e+01  6.275312065427920e-01
  1.176842429429906e+01  2.994158680124328e+01  2.190393477854421e+01
 -8.748320811850698e+00  1.470417996555578e+01  3.407986093398868e+01
 -6.995458853043004e+01  5.587511271246317e+01  1.848831178260688e+01
  2.835438495258580e+01  5.278242734384057e+00 -6.576082444942482e+00
  1.418849984674690e+02  2.249556009443599e+01 -5.642535435640234e+00
  9.151325397663481e+01  8.292890352383539e+00 -9.886207475341186e+00
  2.300815097226379e+01  4.978924645604391e+01 -3.459975403178159e+01
 -1.404342400412819e+01  3.170991162548932e+01 -1.269051390023288e+01
 -4.867095554438562e+01  4.003504683332685e+01 -1.832603132493677e+01
  2.353085412790326e+01  5.926779803737817e+01 -2.293499733686768e+01
  6.568154127972207e+01  5.026879368349789e+01  2.313969358117605e+00
  5.638362059758710e+01  7.336541737960426e+00  2.003490587592077e+00
 -1.134461030684692e+01  3.769404502509030e+00 -1.885995727536300e+01
  3.559249667729935e+01 -2.448116475795940e+01 -8.117154855226346e+00
  6.106914944418723e+00  7.371603424469525e+00  1.981351673850838e+01
 -5.475080520117297e+01  9.785094915178066e+00  1.491415676298038e+01
  1.740600026702574e+01  3.698370769620207e+00 -8.975484195088288e+00
  5.411394383142687e+01 -7.916829743672533e+00  7.612666989403023e+00
  1.197501214389702e+02 -3.853911941238459e+01  4.281498079576737e+01
  7.130747972354052e+01  1.485033458252623e+01  3.021714701646853e+01
 -1.222411279429654e+01  3.507788883927604e+01 -5.097109293740187e+00
 -1.264507598914714e+01  5.874254962415684e+01 -3.192066449263361e+01
 -1.296350991825796e+02  1.664650822042812e+01 -2.421380422807936e+01
 -8.814371630658147e+01 -4.400225405489229e+00 -2.553064900442503e+01
 -9.263791793102618e+01 -1.468735207276374e+00 -6.501041281824819e+00
  1.852247136862575e+01  2.038603021877993e+01 -2.534077949346666e+00
  6.096925429733363e+01  4.061639639276653e+01 -1.739743340128918e+01
  3.214166953654045e+01  3.794955047842717e+01 -1.679532204852205e+01
  3.623813327894212e+00  1.576285593393570e+01 -1.662062064800740e+01
  5.059162972096354e+01 -9.503563307869783e+00 -1.143845544254439e+01
 -8.794117306326505e+00 -1.460111267483109e+01  2.453098099678185e+01
 -3.969777534903315e+01 -2.671486626667793e+01  3.493932349686600e+01
  4.540960159212616e+01 -8.356364194730771e+00 -1.528311117500179e+00
 -7.563568670869032e+00  7.024488081429730e+00 -2.799466960995389e+01
  6.402163860976644e+01 -1.347536632311419e+01  2.227514028126346e+01
  5.473375143170520e+01 -2.059298393810325e+01  6.027637694117676e+01
  6.470996452061954e+00 -1.939617787250217e+01  2.813407222379336e+01
 -7.689931150486098e+01 -8.225697887512979e+00 -2.243543558112972e+00
 -5.770714822056611e+01 -1.826768751758034e+01  4.965517754309922e+00
 -2.001973372163814e+01 -2.073395941339633e+01 -1.073361686499235e+01
  1.611685245988414e+02 -2.439459467868950e+01 -2.083608019234702e+01
 -1.981476628626491e+01  7.481704707373934e+00 -2.487825105551912e+01
  3.912463678087458e+00  5.515746881304635e+00 -3.338718590360809e+00
  2.033744471074952e+01  1.778161296698288e+01 -1.148889677027436e+01
 -1.600346376523717e+01 -1.230563735927615e+01 -5.169704362239045e+01
  5.117307302831274e+01  4.857781028939763e+00 -2.756743992977495e+01
  8.698064132330808e+01 -5.309145478278805e+00  1.894233861359278e+01
  2.760850057744833e+01 -2.385346760160441e+01  8.536833308810568e+00
 -8.586186897086114e+01  1.556861851551682e+01  2.656928900912392e+00
 -7.688782900653607e+00  1.090881451361551e+01  6.619700189162611e+00
  1.200438459657744e+02  3.892827879375005e+01  2.838884490273394e+01
  1.006178838510043e+02 -3.818430728196070e+01  5.313741982458016e+01
  5.103223639819609e+01 -5.212259820368621e+01  2.976993746120134e+01
  2.350105204055063e+00 -4.836323690311166e+01  1.522597652565955e+01
  3.528359703670552e+01 -1.755363621712122e+01 -6.111825163345648e-01
 -1.220977022492560e+01 -1.052688899108375e+00 -2.375802844795700e+01
  1.635071419147403e+02 -2.911922046316055e+01 -1.893614129363394e+01
  1.008097534484607e+02  1.159990751782685e+01 -4.547282926558260e+00
 -3.774934775470440e+01 -1.884923091020897e+01 -1.721160728844296e+01
 -9.468200867132612e+01 -1.507081057674000e+01 -3.336769020268844e+01
 -1.025315162686985e+02 -3.964388072913059e+01 -5.081863362170373e+01
  1.799008299219044e+01  1.119325430018827e+01 -2.353915891774584e+01
  1.350626591640906e+02  3.989022402597017e+00  2.857678317838042e+01
 -5.077542826109168e+00 -3.396192585703076e+00  3.756530693479261e+01
 -1.166203409552545e+01  3.061073592808384e+01  9.952896996345808e+00
  3.784324883375250e+01  1.977508976844867e+01 -2.905853205118865e+01
 -1.727357172462673e+01  4.115890032144505e+01 -2.258547555237183e+01
 -2.559582817512928e+01 -1.630660239991271e+01  1.414903793755898e+01
 -1.441263434791202e+01 -2.884471971349004e+01  3.025160429727801e+01
 -3.919578390493277e+01 -2.815282149358131e+01  2.117459187330383e+01
 -2.766958229005846e+01 -1.037315265109453e+01  1.466135663336871e+00
 -6.701125307149874e+01  5.730451874193873e+00 -2.831612774478383e+01
  1.989458941719906e+01 -2.523740481630523e+01 -3.861622642292441e+01
  2.461173594307052e+01  3.307580479651191e+00 -5.694670105212503e+01
 -1.027980014828115e+02 -1.214489109513630e+01 -3.889862912900659e+01
 -2.016828543024012e+02 -1.513630340337176e+01  6.374713736696811e+00
 -1.259860449314548e+02 -1.703233843351654e+01 -2.537284312159772e+01
  1.484962646257168e+02  7.809565855183616e+00 -3.459777860833520e+01
 -1.979927312062474e+00  1.355767412716232e+01  1.393875904533188e+01
 -1.753670250618299e+02  6.431242682088331e+00  1.602505561691440e+01
 -3.199508399232727e-01  6.215100547642310e+00  2.325835685804884e+00
  5.333074356614336e+01  7.873277679688258e-01 -1.676370786092466e+01
 -3.422216357552006e+01  1.378330988817223e+01 -3.041855886597060e+01
 -2.853233529636455e+01  3.417333257988894e+01  8.239210151931434e+00
 -7.418401902146860e+01  1.976921642184206e+01  2.806954195238005e+01
 -9.205710265301288e+01 -1.328701001156277e+01  1.847935056798043e+01
  9.943378737981092e+00 -2.672086377633383e+01 -2.378374229088353e+01
  2.181389487293722e+01 -9.950311970238921e+00 -2.093539425196893e+01
  8.262712011261452e+01 -2.370225679519200e+01  8.834015163480258e+00
  5.889150637135483e+01 -7.914117181197228e+00  1.140042010694438e+01
 -1.624629730155450e+01  9.092721218283131e+00  2.787947461598986e+00
 -6.615611408507596e+01  7.422840612973057e+00  1.247594830472463e+01
 -1.060358532770400e+02  8.145946801197027e+00  1.433455024192256e+01
  8.465262465052480e+01  2.544113472787724e+01 -5.998989170992567e+00
 -6.938709635170366e+01  1.394138377393242e+00 -3.107780534995588e+01
 -1.516517492426231e+02  2.220337925295214e+00 -5.778136994400914e+00
 -1.116942434302979e+02 -2.432419359302449e+01  2.093967487773517e+01
  7.317029745610886e+01 -2.178276149298765e+01  1.241093549919738e+01
  3.338483184283743e+01 -4.888102792021481e+00  9.130614647000087e+00
 -3.596462764292267e+01  3.473480688627367e+01  6.277489996451296e+00
 -9.150506653723997e+01  1.296912491415824e+01  1.657889948651660e+01
 -4.988742531532574e+01 -4.049628672670825e+01  7.891880747458951e+00
 -4.970884177718308e+01 -4.654419041807250e+01  2.470622239383674e+00
 -5.708875371074754e+00 -2.943423376155176e+01 -6.489975681680997e+00
  4.033613340145807e+01 -9.307616312960125e+00 -6.005839072381336e+00
 -8.062181694090242e+00 -1.908228518794568e+01  1.668109805871484e+00
  1.859770323998942e+01  2.363603103987757e+01  5.433285069256057e+00
  7.006880282738857e+01  3.563795033451488e+01 -6.968679904467160e+00
  2.917587343523886e+01  2.088567663526968e+01 -2.393717968024248e+01
  6.927686569743584e+01  2.470597365840914e+01 -2.786725896694018e+01
  8.403178015448771e+01 -1.175298310115418e+01 -2.208743940039505e+01
  2.591621124859423e+01 -3.868531300311481e+00 -2.642824369307938e+00
 -4.534760108216407e+01 -9.303956860921389e+00  2.270629191570669e+01
  3.624062630273948e+01 -5.833498326010682e+00  3.752061370227916e+01
 -2.367029290353174e+01  3.250286148026948e+00  1.258677758223473e+01
 -5.398376708713798e+01  1.408468617888537e+01 -1.214969254999312e+01
 -2.473570372546988e+01 -2.252424130515434e+01 -6.952894199177512e+00
 -9.482371514341894e+01 -4.786119482261782e+01  1.143332418623518e+00
 -2.383234041638778e+01 -5.338479306559483e+01 -5.042481231228891e+00
 -2.520453136319904e+01 -2.699454328159556e+01  3.281587909530465e+01
 -9.910910939696950e+01 -7.016574488207674e+00  3.443851360454447e+01
 -3.173586799889843e+00 -2.815730259792123e+01  4.239004292549110e+00
 -1.302578553882767e+02  2.604867674675658e+01 -1.111904219095268e+01
 -2.202811868306216e+02  2.120768848278084e+01 -2.247517824369621e+01
 -6.274286300991369e+01  3.533791961279202e+01 -2.810118131588680e+01
  8.316689108646983e+01  1.027229077802760e+01 -2.336120620778260e+01
  1.291663369863377e+02 -1.851521273967998e+01 -2.149649720173106e+01
 -3.108513587832529e+01 -2.285440944911769e+01  3.286792383709138e+00
 -2.039319873242293e+01  3.354599747301538e+01  9.095957731247942e+00
  2.728675443683564e+01  4.947979420366697e+00  3.256772795939852e+00
  6.192076107077968e+01  3.190837087418205e+01  2.815022778800311e+01
 -4.880338016169230e+01  1.500516585671940e+00  2.104200508722622e+01
 -3.758201671602943e+01 -1.757139101356047e+01 -7.051881826966410e+00
 -1.066687492547162e+02 -2.103849196696097e+01 -1.993045384622046e+01
  2.233613799645610e+01 -2.249103573573002e+01  2.109698410208016e+01
  4.086845714596722e+01 -4.197203177202478e+00  2.731073399505921e+01
 -3.677952360443566e+01 -2.535803028090863e+01  3.878315515796739e+01
  1.011522978013348e+02 -2.762577337516593e+00  5.290613380436481e+01
 -4.058482937216535e+01  1.289544235793683e+01  4.827774151016339e+00
 -8.494045049001268e+01 -1.590133689629702e+01 -3.783438767109883e+01
 -6.170680645063783e+01  9.351960819758357e+00 -3.864741385683742e+01
  7.636281498988023e+01  1.690380929714641e+01 -3.123941624428809e+01
 -1.317686123588469e+01 -1.982081625034942e+01 -2.173972237529040e+01
 -6.373791177338940e+01 -3.165268275097282e+01  2.686911624752243e+00
 -7.452527326548622e+01  1.041314338458164e+01  2.364733035582041e+01
 -1.335125064679580e+01 -2.767024484010584e+01  2.920832718484517e+01
  3.578156613183265e+01  2.409743023760118e+01  1.226633778602468e+01
  1.404255696626401e+01 -1.149664775512203e+01 -2.890363438355694e+01
 -4.963980035355765e+01  9.245857239444483e+00 -3.301452108400062e+01
 -1.355243390186083e+02  4.807757479404453e+00 -6.914744073297041e+00
  4.882199406092440e+01  2.016814712384863e+01  3.051029479228038e+01
 -9.150458430451680e+01  1.372108644631395e+01  4.723587811437189e+01
 -2.261486340527365e+02 -8.831139564384232e+00  3.993776596719204e+01
 -3.622688924445414e+01  2.693804933493562e+01  2.325589261469190e+01
  1.085195140730788e+02  1.199315646711549e+01  1.077435679038376e+01
  8.362003025863532e+01 -3.079110862096202e+01 -2.146205999882910e+01
  1.044402650810217e+02 -3.237739689035361e+01 -5.131310833754772e+01
  9.295757122020861e+01  2.559346403343085e+00 -5.215167711133991e+01
 -9.272028836796947e+01 -1.047097574068084e+01 -3.662260614772191e+01
  8.569016999084782e+00 -1.198044428286505e+01 -3.052460798237563e+00
  2.720498194277328e+01 -2.222579847743700e+01  2.133484393872844e+01
 -3.020406267545486e+01 -4.570695785346766e+01  2.975263996467275e+01
  5.669934655829692e+01 -2.867635420981016e+00  1.278282924325233e+01
  1.986348121345384e+01  1.219309263042255e+00 -1.987622158774000e+01
  9.269006816970732e+01  2.317980049141435e+01 -2.475385901233226e+01
 -2.679838810801339e+01  2.064894861323688e+01 -1.051473963354894e+00
  5.576600577449613e+01  1.689107238052030e+01  2.919639839246188e+01
 -1.290518454407831e+02  3.104260226648673e+01  2.863953014344862e+01
 -2.359848764426932e+02  2.046167927761517e+01  3.749830043233635e+01
 -8.467748086869196e+01  3.411127474316184e+01  4.244492479173138e+01
  6.064034866927790e+01  9.734251443117323e+00  2.506630422601270e+01
  7.782467943236068e+01 -2.803342814202078e+01 -4.466185134632943e+00
 -1.645461106351907e+01 -5.187499950990181e+01 -3.810146809211641e+01
  5.409302769563394e+01 -2.399640326392244e+01 -6.320146160224748e+01
  3.389323303174476e+01 -1.304925198070952e+01 -6.189798773339484e+01
 -8.108415908167490e+01  1.278944601535689e+01 -1.770030351698068e+01
 -8.020934290962614e+01 -2.794847426297558e+01  3.547837479826028e+01
  1.277939744230707e-01  3.117624036495492e-01  5.966526946515207e+01
  1.186248621303158e+01 -3.182211242273116e+00  3.774990468349471e+01
  5.149781103400336e+00 -2.600169896205247e+00 -2.535813225901833e+01
  1.339183687808595e+02  9.413994470529907e-01 -4.859387919427441e+01
  1.045668274823216e+02  1.345813918966162e+01 -3.627694374672405e+00
  1.106945396830947e+02 -1.390653877437943e+01 -1.653872577180993e+01
 -9.385706080603806e+01 -1.923372125797925e+01  8.285661193423817e-01
 -1.167784384724287e+02  2.586008676732857e+01  2.009719809969002e+01
  2.808186182569487e+01 -1.695438871789635e+01  3.917823252356197e+01
 -5.008951299285980e+01 -3.365043803012952e+01 -1.090003357110211e+01
  2.659580486768922e+01 -3.858491605636414e+01 -4.412477110886859e+01
 -3.206499463924031e+01 -3.468908309610570e+01 -2.336557254472978e+01
  9.133097623586011e+01 -1.707105580261171e+01 -1.375858601829450e+01
  1.878751422644547e+02  2.143956974178731e+00 -2.127635346154791e+01
 -4.364713266838479e+01  1.179930964678354e+01 -3.253971123599928e+01
 -2.343097346219796e+01 -2.404559250926305e+01  1.076661720194744e+01
 -6.329344964896229e+01  1.088867627167266e+01  6.032729936798000e+01
 -4.500021100023899e+01 -9.040787460240640e+00  4.626103608449630e+01
 -5.823434394051219e+01 -1.393588218796051e+01  3.027646027516158e+01
 -4.561664837605613e+01 -3.932384218776699e+01  2.970181993742842e+01
  1.919660911525850e+02 -3.071995421453621e+01 -5.441503948511091e+00
  4.283944533377272e+01 -3.881747321237653e+01 -4.704160740485320e+01
 -3.597094881608995e+01 -7.242455326059623e+01 -3.324682970699561e+01
 -2.491045468176122e+01 -7.824359200640510e+00  1.168961475751004e+01
  4.763041480247539e+01 -6.392690187880287e+01  2.060584046755746e+01
  2.994434723606245e+01 -5.643598808453821e+01  1.674102889298993e+00
 -8.864428000284451e+01 -2.916798220307121e+01 -1.796624790899859e+01
  5.422490415505837e+00  2.033830795591387e+00 -2.583231947329717e+01
  1.210291296869579e+02  1.815336959540784e+01 -3.056002530892936e+01
  7.416740831934285e+01  7.019404373371919e+00 -5.504484162261786e+01
  2.291776016329639e+01 -3.031548602285452e+00 -3.987445996505616e+01
  5.604286182804540e+00  6.334751559382083e+00  3.422672393619013e+01
  9.425070958284309e+00  8.817764137179729e+00  5.851967263010056e+01
 -8.307561692354530e+01 -3.801682985583896e+01  4.003225369820530e+01
 -4.685089999188997e+01 -4.536043913994620e+00 -1.226154603444538e+00
  1.090307223625233e+01 -2.234167336280142e+01 -3.942855749846300e+00
  1.152529761650875e+02 -3.873306479758983e+01 -4.907245736438366e-01
  1.335010171364190e+02 -1.628278693820258e+01 -1.672324529380465e+01
 -1.941527203399716e-01 -1.679103660194789e+01 -3.104553531013630e+01
  1.162795512532868e+02 -2.194993499774663e+01  1.163141301427226e+01
  1.010854310454430e+02 -4.833665354623929e+01  4.810207421188396e+01
  5.881180866105640e+01 -2.869486877542078e+01  2.766279945502971e+01
 -1.590516430227463e+01 -2.644926357381421e-01  2.116407200260757e+01
 -1.707736125627052e+01  3.721209227166691e-01 -1.069675028941909e+01
  1.996656555703022e+01  2.265860856967424e+01 -3.723271651504780e+01
  8.341747904548120e+01  7.495844420695319e+00 -1.573156861010117e+01
  1.898168173808047e+01  6.963212147187276e+00 -1.305723959217929e+01
 -1.265915307641138e+02  7.474880084229184e+00 -1.211776263099948e+01
 -3.413342855219157e+01  1.569675868776165e+01 -1.665706033694494e+00
 -5.694668691077728e+01 -2.543951885619150e+01 -6.308883294024170e-02
 -8.698955308056972e+01  8.458696905805050e+00  1.144273673473171e-01
 -1.017096340834348e+02  1.642147087050176e+01  6.047244580514752e+00
 -6.763848120016412e+00 -1.006850972802327e+01  3.629665261771124e+00
  1.633958219250030e+02  4.446550512521500e+01 -4.068208397909446e+01
  3.986993848060410e+01  7.288730879716631e+01 -4.452327402787557e+01
  1.442764589130590e+02  3.777536320844892e+01  9.378254646192996e-01
  1.359517311363298e+02 -6.626857400861494e+00  2.894818176924097e+01
  7.509815580680224e+00 -1.788402833482297e+00  3.776625274650758e+01
 -1.190031340219391e+02 -4.906509367908420e+00  3.229679607580870e+00
 -6.580270625551475e+01 -2.235749956740136e+01 -3.251292496599541e+00
 -5.586552928827371e+01 -5.796712256823318e-01 -3.814034398555879e+00
 -5.511753046178055e+01  1.384949426250027e+01 -1.925643307970262e+01
 -4.521574826667731e+01  3.101546891083127e+01 -4.630245505890660e+00
  2.676717817433509e+01  3.087653915252270e+00  1.337688629502223e+01
 -5.701348321508289e+01  3.401684290337372e+00  2.063703132242045e+01
 -5.684074788706420e+01  1.794040219665059e+01  4.177460149279069e+00
  8.569336775477619e+01  2.842581449455473e+01 -1.537837754947006e+01
 -1.560339496857572e+00  3.553322730483931e+01 -9.616958838580331e+00
  6.239883323224365e+01  1.898953876339732e+01 -1.017304955998909e+00
  1.369246995353566e+02  6.568624785428042e+01 -1.330377980067197e+00
  1.166319030641343e+02  7.928176592063471e+01 -1.261382980996498e+01
  1.516342950009895e+02  7.237785877852585e+01 -3.757155481896160e+01
  7.186679737370719e+01  5.420821113415020e+01 -8.860751681868191e+00
  3.943192769327720e+00  2.512457028341496e+01  1.433059724296076e+01
 -4.716135997471991e+01 -1.425820665758776e+01 -1.893868437824889e+00
 -3.507284139391555e+01 -2.043808467201891e+01 -6.743563947333708e-02
  3.304245172897335e+01 -2.217675548110636e+01  1.757827041688313e+00
  1.395239390864525e+00  2.043031835733970e+01  4.059142510207847e-01
 -1.451236540799392e+02  4.157807513337809e+01  4.743457397972522e+00
 -3.929094753778814e+01  1.538554285722524e+01  1.351121173985853e+01
 -3.846749567951552e+01 -8.036492680262171e+00  3.709760232545007e+01
  3.526794458960892e+01  9.056864106260551e-01  4.183785130902265e+01
  8.726911575264009e+01  3.963913787375621e+01 -4.245568125494826e+00
  1.271241119527431e+02  5.614481089205825e+01 -2.447371513234093e+01
  8.769342869820923e+01  6.580629192582428e+01 -9.342377737938341e+00
  2.857917309357215e+01  5.974254677799578e+01 -1.614498938917202e+01
  8.476355891439574e+00  7.464892426506353e+01 -5.182355834419836e+00
  5.045963728180119e+00  7.392051196521692e+01 -2.048003665705631e+01
  5.537981133390074e+01  5.761913493623274e+01 -1.525015220986319e+01
  2.564811578997883e+01  2.367959705977174e+01 -9.185425086660977e+00
 -7.370201198380289e+00  3.206670819896081e+01 -6.568629837314273e+00
  5.342858313817874e+01  1.336027262683513e+01 -2.952142911258951e+01
  4.054294704250003e+01 -1.583786065388493e+01 -3.763928493285457e+01
  1.625642458315506e+01 -4.118128437263371e-01 -4.823446431833824e+00
  1.997976281333939e+01 -3.282846189904734e+01 -1.259357239221830e+01
  4.052116326794520e+01 -4.362690100674978e+01 -1.213555425787988e+01
 -5.409926419752062e+01 -1.859856284954130e+01  4.197936001710794e+01
  1.176843514714053e+02 -4.944525860433863e+01  7.909386236167566e+01
  1.146975441231951e+02 -2.577986494256672e+01  5.664792719335697e+01
  6.546559751216486e+01  2.318046817403707e+01  3.572180428249911e+00
  4.033269149153867e+01  4.420791146575220e+01 -3.101813014906167e+01
 -2.168046835947698e+01  7.923956225829478e-01 -7.862841314220221e+00
 -4.604640414787946e+01  4.328233753374970e+01 -1.845979276438286e+01
 -7.528351378791875e+01  3.526079965738902e+01 -6.512170717411330e+00
  5.499815565958967e+01  4.170651323522598e+01 -1.917609750963317e+01
  9.734719127345430e+01  2.602803736998447e+01 -1.147187986047211e+01
  4.869309963593406e+01  1.407511805749992e+01 -5.663932206688787e+00
  2.210099027073469e+01  7.203050032255280e+00 -3.678872134788118e+01
  2.103192901161393e+00 -4.785611850163038e+01 -1.632374093669504e+01
 -6.015430961654154e+01 -1.581147404748941e+00  7.510815920766232e+00
  3.572609241513365e+00 -3.685685749524222e+01 -1.510997264656627e+01
 -1.918486066920567e+01  1.175299681811218e+01 -1.416845726668774e+01
 -4.370335399160864e+01  6.929761115831822e+00  2.644923927551081e+01
 -6.338381686558974e+01 -2.814317362689534e+01  5.521508105038176e+01
  8.528689790141306e+01 -4.749214232100991e+01  4.998806775502283e+01
  2.945696062053653e+01 -3.351867415637015e+01  4.487374583506870e+01
  2.683580468619482e+01  7.167501752783844e+00  2.909180133297659e+01
 -2.480404091015865e+01 -5.874328821401434e+01  2.552927723080582e+01
 -1.618072687905714e+01 -1.768350659428820e+01  2.674605929753910e+01
  1.995897233940887e+02 -2.300533799262661e+01  1.455675779578667e+01
  1.970602028033749e+00 -7.659359634346213e+00 -5.609636026503565e+01
  3.350998236441534e+01  2.289623537934398e+01 -7.488021906710907e+01
  6.821868580664975e+01  4.570128934148442e+00 -4.815138418066408e+01
  3.104876385701624e+01 -3.910368213845129e+00 -5.268228683451690e+01
 -3.143783146815178e+01 -1.200575547190086e+01 -1.233743926999191e+01
  5.255180848759940e+01  2.839016211996346e+00  4.891938892512142e+01
  1.045947517136276e+02  1.601019458238187e+01  4.180165603710445e+01
 -5.609569615090209e+01  3.748378859415175e+01  1.818095143713677e+01
  3.355546613738768e+01  3.753852127391054e+00  2.611011699511310e+00
  6.476492271769423e+01  5.546070485225983e+00 -1.313819177885822e+01
  8.303524139149508e+01 -3.521205407613155e+01  2.790438366387829e+01
  7.066000565128479e+01 -1.108921155390585e+01  6.460190497043412e+01
  6.067274427111693e+01 -1.674158210795239e+01  4.860965569645909e+01
  2.082055389012056e+01 -5.395258571309274e+01  2.267356496916359e+01
  2.359452838721380e+01 -7.943728752192253e+01 -7.298243595945729e+00
  1.464843837418462e+02 -4.604319638544172e+01 -3.176279476669843e+01
  5.963414765438749e+01 -3.482923672718010e+01 -1.270619303819640e+01
 -2.602810811000455e+01  9.406609462689154e+00  6.266544718414631e+00
 -2.785719391050477e+01  1.047972380028151e+01 -8.471785377090402e+00
 -7.533698605594213e+01  3.431586590223818e+00 -1.734771245939228e+01
 -2.195245299679263e+01  7.729015402021854e+00  1.928664524771073e+01
  9.837860005785265e+01  8.878718417450468e+00  2.870712341344101e+01
  1.461707879286157e+01  4.786607866001498e+01 -1.245938066429694e+01
 -6.984546434020570e+00  1.776092675408808e+01 -2.887207350208999e+01
  3.706647487535263e+01 -1.241302525394446e+01 -1.351015274959453e+01
  1.701407599734506e+01  1.190616160122430e+01  2.546220102918661e+00
 -1.086200678054550e+02  1.876889502682983e-01  1.565689073520709e+01
 -7.029090084932254e+01  1.675897326186254e+01  4.402612678128510e+01
 -9.361651182155363e+01  1.890333216757936e+00  4.573921869924849e+01
  1.940474311672030e+01 -2.900677739680934e+01 -1.727273981315496e+01
 -6.700007042436226e+01 -7.481563317672951e+01 -3.276464388436007e+00
  3.095008362784758e+01 -6.427055993306847e+01  1.660567853730903e+01
  6.680130866458103e+01 -2.852248446015975e+01  2.237711884371294e+01
 -1.186475329906609e+02 -3.696605118627316e+01  8.417147974355689e+00
 -1.566666544997457e+02 -2.760408493365618e+01 -1.600055003206115e+01
 -9.632907477750399e+01 -7.064620307509085e+00 -4.336725474665077e+01
  8.588312131371887e+01 -1.427972747607298e+01 -4.642296344806482e+01
  3.174842927349705e+01  3.935998031779459e+00 -1.994432003814547e+01
 -9.624192336555913e+01  1.784373764132652e+01 -1.746924080307135e+01
 -2.275655959110998e+01  1.173535762040959e+01 -2.099748771412110e+01
  4.027081472849459e+01 -1.925121681481103e+01  1.136250986667243e+01
  1.109219106238642e+01  1.069879708527545e+01  4.598090249501100e+01
 -5.102509502061726e+01  4.782226056247675e+00  4.612133228734385e+01
 -8.255692013726615e+01  3.214627264445370e+01  3.598393365458358e+01
 -3.172461252823969e+01  3.401444373634864e+00  8.714118023091135e+00
  1.880447510386821e+01 -6.496072084778133e+00 -3.879162766271583e+01
  3.988455266573169e+00  4.596824449768246e+00 -1.922219782855541e+01
  6.359539888179819e+01 -3.505999338017711e+01  5.065745620271510e+00
  2.017804603581789e+01 -2.553744613196862e+01  2.269159978610542e+01
 -8.852674412728305e+01 -3.817111354747097e+01  9.961536095441925e+00
 -7.945538200239739e+01 -6.248701201638868e+01  4.250689079178651e+00
 -5.827784252940361e+01 -2.470990790951393e+01  3.089008126394659e+00
  1.068591296887888e+02 -1.728255147723937e+01  5.979175716393344e+00
 -1.647562533761629e+01 -1.002306449881955e+01  6.501643197863305e+00
 -1.194678259884069e+02 -1.566132129686948e+00 -3.894289273534799e+00
 -1.450932580216806e+02  1.594357952631533e+01 -8.135445417270027e+00
  3.391225635465832e+01  9.961142830280762e+00 -1.975154273842667e+00
  2.523568826026380e+01  1.598240130760126e+01  2.352099892817972e+01
 -4.372217188406745e+01  1.070955041430284e+01  3.947659751555119e+01
 -4.407130867333773e+01  1.277769546549103e+01  8.277461522312969e+00
 -1.589888409546966e+01 -3.348095417157256e+00 -3.781710031081749e+01
 -5.416206080504276e+01  9.279606333491652e-01 -1.623201121690314e+01
 -2.105408689740850e+01  3.695823025941971e+01  1.157521399176768e+01
 -2.182161786087428e+01  1.519545637172148e+01  2.010172086757864e+01
 -1.359000578415910e+01 -8.467345602749742e+00 -6.809941146718374e+00
  1.719077581551950e+00  9.220829953869977e+00 -3.652086114665772e+01
  7.246562377021723e+00 -2.693517462201442e+01 -3.540548537338070e+01
 -1.369060407262034e+00 -1.438600571506915e+01 -2.340485917341547e+01
  3.015902404283466e+01 -6.621805622379464e+00 -2.046588165430828e+01
  1.039836540612069e+02 -2.007372552781158e+01  7.016909950595940e+00
  2.232766871406900e+01 -6.763940634012654e+00  1.544254082685008e+01
 -5.620561998557420e+01 -8.137969284804445e-01 -1.931164984286344e+01
  3.250929462677567e+01  1.531768141769740e+01 -2.773438222057436e+01
 -8.808330761817594e+00 -2.414341782802668e+00  7.668358547603407e+00
 -5.120420697922164e+00 -8.721214740720431e+00  4.234196005892974e+01
 -1.219516823194348e+01 -3.793378443057260e+01  1.562516994765981e+01
 -1.072008057383614e+02 -1.489695281466967e+01 -2.400124654896774e+01
 -8.434093561298293e+01 -2.638444058135560e+01 -1.764246969263377e+00
 -4.139531645524664e+01  3.318751393274806e+01  3.493365469702218e+00
 -1.326133932000616e+01  2.192548923673936e-01  6.486953786563357e+00
  2.092196000115784e+01  1.390704479391623e+01  1.051897161006283e+01
 -1.842596749868066e+01  1.538631755012891e+01 -8.869663091122357e+00
 -1.484974214295900e+02  2.234338695561049e+01 -3.981466075652817e+01
 -1.196900136523599e+02  2.349793395579781e+01 -3.315177084578019e+01
  4.607103658713447e+01  1.196107414977393e+00 -9.491856981492145e+00
  1.312022412795706e+02 -1.264408466598398e+01  9.481332204625595e+00
 -4.013487706596707e+01 -1.257889625361915e+01  9.866708230647195e+00
 -1.003381151191964e+01 -1.552039750309485e+01  1.002263896540010e+01
  1.369879887508554e+01  1.864482586087224e+01 -2.262874750178766e+01
 -7.303330073375182e+00  6.621130603634073e+00 -1.921653084179316e+01
 -8.295478682302544e+01 -3.389966247058729e+01  1.981475554176320e+01
 -1.805427953534700e+01 -4.857685855031247e+01  2.001081657545582e+01
 -1.465967996445128e+02 -4.156129285340012e+01  1.124099417171835e+01
 -2.179199284241902e+01 -2.646285331206780e+01  7.435392864265106e+00
  2.416149326501282e+01  1.477433093718226e+01  1.084851001813947e+01
 -4.582689075047229e+01  1.354726603571988e+00  2.872026599899265e+01
  4.718336071229611e+01  3.131407964002096e+01  3.080628663902023e+01
  1.032086688383413e+02 -1.464795884704336e+01 -1.421589286119871e+01
 -2.053240631201604e+01  1.643042788535694e+01 -7.224074419036552e+01
 -5.079758060102523e+01  5.186518884591406e+01 -4.633249558768429e+01
  1.996056473216736e+00  4.219975846449776e+01  1.829294097330504e+01
  2.404784946342172e+00  9.754779175306856e+00  2.706586523872848e+01
 -1.232514349482320e+02  1.970194443942201e-01  1.983392562382592e+01
 -1.450166781644707e+01 -5.995298530881431e+00  1.342341935847801e+01
  6.528870564391384e+01  2.708950952242005e+01 -8.386364982619471e+00
  1.022095272074253e+02  2.345314211834470e+01 -2.613403629435523e+01
 -2.629032226823340e+01  6.937135532400838e+00 -1.919324303223545e+01
 -1.166865857809403e+02 -2.316725440929359e+01 -3.092173127533960e+00
 -1.404248546743025e+02 -5.997772469483330e+01  6.909034540621855e+00
 -2.287429341402749e+00  6.445277538792888e+00  3.712834323443270e+01
 -1.037716571740193e+02  1.580415622396175e+01  4.559078741903218e+01
 -2.153394300184257e+02  2.549966724596567e+01  4.570038258924693e+01
 -6.882364572280535e+01  2.486465521426462e+01  1.147577177466311e+01
  1.146841470455968e+02 -2.466207935698925e+01 -9.592208896062179e+00
  1.115568029826486e+02 -1.143659538165709e+01 -2.644966203360400e+01
  1.290463938447677e+02  2.655922455825993e+01 -4.061599621863679e+01
  8.508126698823860e+01  3.407006379685971e+01 -4.506376947151224e+00
 -1.037656850746187e+02 -1.905557458619473e+00 -8.447914157635653e+00
 -2.180675735436813e+01  7.889474446072027e+00 -1.715626099661775e+01
  4.908604270111663e+00 -2.088548658769385e+01  2.086823453517243e+01
  1.603545311143284e+01  3.823533680646694e+00  2.587877148687819e+01
  8.189430419485848e+01  5.543943428972045e+00  1.011730560703437e+01
  8.253497381408796e+01  2.690148333760951e+01 -1.299385654033781e+01
  7.485373560714244e+01  7.895919626055426e+00 -2.691740689677690e+01
 -8.038266640638663e+01 -4.067945671802345e+01  6.401565633912188e+00
  3.802019331048393e+01  1.174973888726348e+01  4.558989912659347e+01
 -1.428996415848687e+02  1.413569725647263e+01  4.402777092741789e+01
 -1.974722034976311e+02  1.788189551430439e+01  2.074387808284247e+01
 -6.564402523504484e+01 -1.498480538004420e+00  2.102125963751877e+00
  1.075834339255804e+02 -7.933371947224975e+00  1.639749998797494e+00
  8.196205253514867e+01 -2.038432813475043e+01  8.198849810987285e-01
  7.042459557492810e+00 -2.284883052749069e+01 -1.493017982237020e+01
  1.259684267608875e+02 -2.890887685995399e+01 -1.494846147363639e+01
  1.397819914262879e+01 -2.641147227110831e+01 -1.785061189508967e+01
 -7.165805140260382e+01 -1.219007072688094e+01 -2.994617644607178e+01
 -1.723443706667721e+02 -1.510679087387948e+01 -1.969083347053173e+01
 -3.064483858426650e+01 -1.553167655958168e+01  9.291773633925484e+00
  5.828526262673012e+01  1.290744819432193e+01  6.001184619504865e+00
  8.521536982521071e+01  7.718499367157552e-01 -3.431673055941008e+01
  1.433212052524103e+02  1.147086705702059e+00 -5.288441968248831e+01
  4.448133938324587e+01  1.275607763267965e+01 -8.411520069817350e+00
  1.528910577874681e+02  4.961384105207285e+00  2.286526445612469e+01
 -1.587710518690480e+01 -2.468648709726111e+01  3.686954524292602e+01
 -6.304882437693652e+01 -2.027869304009003e+01  4.914096241057287e+00
  1.183443192166070e+02 -2.719348352545561e+01 -3.634500786073313e+01
  6.214052048144328e+01 -3.669100006048284e+01 -4.269156020028332e+01
  3.361414091356515e+01 -2.255547643701197e+01 -3.375012787720103e+01
 -3.050137995544644e+01 -5.085599330382607e+01 -3.132268304051669e+01
  2.652960806987630e+01 -4.137730835888480e+01 -2.098254475332792e+01
  1.594791494514662e+02 -3.191904814819788e+01  1.520525779454101e+00
 -1.428064310461608e-01 -2.222129018809845e+01  5.262885794971845e-01
 -6.457590199967835e+01  4.126260120283640e+00 -1.020992621519049e+01
 -7.850860331335221e+01  2.396237204512565e+00 -1.666241104812484e+00
  2.557772831163362e+00  2.469978248412015e+01  1.104348455098505e+01
  2.029937523563691e+01 -1.234789308386603e+01 -6.271423839082210e+00
  3.312752577544723e+00 -1.372275399341106e+01 -3.235951919036665e+01
  2.117995015825900e+02  3.109871396336259e+01 -1.462080600600248e+01
  5.819476871305655e+01  2.994024657762715e-01  3.935411872544454e+01
 -4.691523016882142e+01 -3.276891946465860e+01  3.137777091596103e+01
 -9.955715605119471e-01 -5.405730146677728e+01  5.640940080033490e-01
  5.688250829542677e+01 -6.883440757581231e+01 -4.958004664638310e+00
  2.420050480146081e+01 -8.464482400326565e+01  2.481403328834674e+00
 -5.907020068338262e+01 -2.494765567645938e+01 -3.747705800303329e+01
 -5.096901566206994e+01 -1.765065135218224e+01 -5.745105495433965e+01
  8.652001471849520e+01 -6.646420842748063e+00 -1.587058852552499e+00
  6.519141373115399e+01 -1.302895701509279e+01  2.394903813028549e+01
 -3.720221576709681e+01  2.008052202708798e+00  1.024660230327700e+01
 -1.050200283146226e+01  1.858523705702537e-01 -3.151082870932404e+00
  1.247644124828766e+01  1.339252319487862e+01 -9.350484970829928e+00
 -1.607258706043097e+01  1.404172919965042e+01 -1.224745873517512e+01
 -4.663562239128078e+01  4.308392066471169e+00 -3.800310759082015e+01
 -4.547621923047143e+01 -2.107851662492940e+00 -4.483444668060672e+01
  7.660334021107528e+01  1.855247440093208e+01 -1.584048185849680e+00
  3.666956508461077e+01  2.566925687134557e+01  4.604057046712347e+00
 -7.058683122782213e+01 -9.390800717402778e+00  1.330968145520452e+01
  4.812945075495189e+01 -1.200020840394208e+01  2.494581892662265e+00
  9.727740160814105e+01 -4.411994020148180e+01  1.142616287737246e+01
  1.081752409064657e+01 -4.541326464599026e+01  1.693711472486894e+01
 -3.216756214674302e+00  3.210232482749257e+00 -3.621290710643192e+00
  4.095665814461339e+01  4.221338808257828e+01 -3.511414224049049e+01
  1.209014729703576e+01  3.680160937502919e+01 -1.216174210633453e+01
  1.360241992321733e+01  2.071291805919637e+01  2.531953231237011e+01
 -2.098228449924306e+01  2.763407405555566e+01  2.796010564118788e+01
 -8.349915529684901e+01 -1.682185850624331e+01  2.798175129575385e+01
 -3.749926942090809e+01  9.029298922491140e-01 -1.266178347607872e+01
 -6.876700263199081e+01  1.380694177564264e+01 -3.378644968701685e+01
 -8.852695785164622e+01  4.649350156945445e+00 -2.211711200388451e+01
 -7.452501373483368e+01  2.031968511435921e+01 -3.787762727108018e+01
 -3.957890070925911e+01  1.988895052029984e+01 -3.157520360304392e+01
  1.509621705087171e+02  4.695546857355360e+01 -6.896346946815980e+00
 -1.094158233899997e+00  2.217255692850643e+01 -1.475244445005201e+01
  5.406339053246268e+01  3.924584524396161e+01 -2.011371790928073e+01
  7.425492614198154e+01  3.728492237270893e+01 -3.672299313268629e+00
 -7.340791576054304e+00  6.027624465880782e+00  9.114974997983477e+00
 -7.086673398876476e+01  2.871398398011907e+01  6.064488395029819e+00
  1.017201717859304e+01  2.853443820098041e+01 -5.725908656281431e+00
 -1.202081529052516e+01  4.476604870639382e+01  1.050666944003083e+01
 -8.846920374667981e+01  1.961077184756395e+01  4.111083044988951e+01
 -8.640532901949882e-02  2.681829309388914e+01  3.004325321833624e+01
  2.383547132564708e+01 -3.426354010964373e+01  1.262343796170151e+01
 -1.952629443821690e+01 -2.436385576816302e+01  2.468631401592199e+01
  8.011993158369972e+00 -1.169913087291393e+01  1.015451543723703e+01
  8.086600879613007e+01 -8.942401916620943e+00 -1.429299634077029e+01
 -2.617382399047288e+00  4.252384786818276e+01 -3.300385417827049e+01
  3.009630221576047e+01  3.762189677564266e+01 -3.131905380906506e+01
  1.577890472119421e+02  5.442698265634459e+01 -3.544291773206947e+01
  1.583082437698734e+02  5.406542360732691e+01 -3.111992016520793e+01
  1.149796310580956e+02  5.866760572023288e+01 -8.224557487786367e+00
  1.945489367219241e+01  6.243795248056950e+01  1.743058209251106e+01
  2.052218661728789e+00  1.174857410319012e+01  1.758719579100704e+01
  6.616258096501973e+00  2.828062817062142e+01 -6.794897316790768e+00
 -1.318924987557618e+01  5.601415518582051e-01 -3.155847883666371e+01
  2.976678833826681e+01  2.938454259281769e+01 -4.364343912880283e+01
 -6.618501743645714e+01  4.695863308630565e+00 -6.958900303566246e+00
 -1.279390392537807e+02  9.283726097637377e-01  4.893442460997532e+00
 -5.357380678903277e+01 -4.675734948627051e+01  2.693348707002553e+00
 -9.113019096280206e+01 -4.843715106015866e+01  3.668235948497447e+01
  7.555744827854645e+01 -4.732873175153588e+01  2.459021749728698e+01
  1.628625426618205e+02 -1.056430706786708e+01 -7.575317711238526e+00
  1.162392102138140e+02  6.276558656843608e+01 -2.306660773670995e+01
  8.001160196263172e+01  5.046689056656272e+01 -3.025350981794217e+01
