  2.526145047197990e+09 -1.521192206951070e+05 -5.511328617875124e+04
  2.526299090777268e+09  9.469836464955448e+04 -1.145949923430791e+05
  2.526193160758500e+09 -3.574966014847491e+04 -1.411811476565315e+04
  2.526226879329633e+09 -8.934709779114462e+04  3.782514516199031e+04
  2.526051756176083e+09  2.080684090347625e+05 -7.787706570849987e+03
  2.526245165964475e+09 -4.340055142244184e+04  4.156965913669707e+04
  2.525848535967829e+09 -9.354543072046014e+03 -7.040342359987623e+04
  2.526097051482392e+09  7.429502541993672e+04 -1.120680988899286e+05
  2.526086182155779e+09  3.118010229749384e+04 -1.471614107686537e+04
  2.526256759710012e+09  1.337310885384856e+05  6.960379927115847e+04
  2.526310243363991e+09  1.010686954262026e+04  1.583783632907127e+05
  2.526180614845291e+09  2.287601689343574e+05  1.083882666353330e+05
  2.526226914077557e+09  3.836466527257860e+04 -3.774750035403995e+03
  2.526133424748975e+09  1.219376301616691e+05  8.726287607092632e+04
  2.526109177469520e+09  1.107627906739183e+05  1.290869316396792e+04
  2.525989360364829e+09 -1.197836410386984e+05 -1.126130208153290e+05
  2.526272393745706e+09 -2.425037163753395e+05  5.492078868131532e+03
  2.526064887194526e+09 -7.649636751281266e+04  3.075376271368895e+04
  2.526186522748169e+09  8.527435534016765e+04 -2.263078268385143e+03
  2.526028234074984e+09 -2.804261922592414e+03 -5.355859960868256e+02
  2.526100141139574e+09  1.815531543805446e+05 -2.694851197691727e+04
  2.526103794328732e+09 -1.085309523117915e+04 -8.872738547248498e+04
  2.526038921111254e+09  8.183497880251589e+04 -1.530041547757867e+05
  2.526275372623375e+09  6.959475475834275e+03 -1.707752053859733e+05
  2.526120897064935e+09 -1.687973809746759e+04 -8.014189890363935e+04
  2.526101493178414e+09  1.237799445267159e+05 -1.079384795429393e+05
  2.526105996996315e+09 -2.369317872951829e+05 -6.518765537006687e+04
  2.525914458123054e+09  1.153391180904265e+05  8.641061749147475e+04
  2.526245354684472e+09 -1.636923790060370e+05  4.138315217645852e+04
  2.526208064461677e+09  1.357794460265129e+04 -1.189916125951820e+05
  2.526121820756659e+09  2.553485310215381e+04 -9.100841923182760e+04
  2.526054153951737e+09 -9.306636305750243e+04 -1.874598693801672e+03
  2.526119098761334e+09 -1.466778950086838e+05 -6.621828690016712e+04
  2.526031243974214e+09 -1.228420863764122e+05 -1.833929573744389e+05
  2.526138589838719e+09  1.750936933640424e+05 -1.063014999856051e+05
  2.525968867148335e+09 -9.561949275950750e+04  3.969705182977789e+04
  2.526013106967159e+09  6.204130123173789e+03  5.156017549278855e+04
  2.526102631761832e+09 -3.462878084355412e+03 -1.811386157059914e+04
  2.526269097754977e+09  1.039836274167057e+03  4.050154780205688e+04
  2.526220748758832e+09  9.214734448638046e+02  1.744227606933813e+05
  2.526296158902965e+09 -1.387518065993792e+05  7.704549200733425e+03
  2.526124425929008e+09  1.720178835068326e+05 -8.017440006794222e+04
  2.526266989850510e+09 -2.313057640485191e+05  2.822823759557627e+04
  2.526074696502749e+09  9.613136695214827e+04  2.560132551989646e+04
  2.526082378018773e+09 -1.569342440947642e+05 -4.385630785036739e+04
  2.525992078101285e+09  2.270090463394695e+04 -4.362895027943514e+04
  2.526041287031188e+09  3.772132651722459e+04  7.771868026247714e+03
  2.526111505814245e+09  9.573987876997748e+04  4.979314631289337e+03
  2.526314970994544e+09 -3.818548747814482e+04  1.800607732712681e+04
  2.526157308070735e+09 -1.316244936219644e+05 -1.005172933148521e+05
  2.525963363432884e+09  2.670986976900190e+04 -1.278356707389099e+05
  2.526155371292692e+09 -1.168871484732406e+05  6.305724057434872e+04
  2.526282559920432e+09  1.094883960395744e+05  6.781857087375663e+04
  2.526204542222632e+09  2.973142267822649e+04  6.108681121694631e+04
  2.526140708410251e+09  1.363214614706530e+04 -8.983354627343395e+04
  2.526068955611285e+09  1.120855901986164e+05 -1.776596715922437e+05
  2.526018456639791e+09 -2.382001988003255e+05  2.221048361719027e+04
  2.526207648615154e+09  1.111418130937039e+05  8.627773444944189e+04
  2.525951590601573e+09 -7.075913855754654e+04  1.432229063786323e+05
  2.526216687288025e+09  7.171756258995726e+04  8.828354187810470e+04
  2.526065786625286e+09 -9.802498234734125e+04  1.116363023357233e+05
  2.526169728543962e+09  8.122305933715485e+04  3.689676489513484e+04
  2.526151087331618e+09  3.146587811883126e+04 -7.246241588661866e+04
  2.526190433960247e+09  2.346008764214074e+05  1.533757952634967e+04
  2.526162069649310e+09  8.309495258861990e+04  2.290841027563086e+05
  2.526018103246090e+09 -7.896080421432422e+04  1.191621467682720e+05
  2.526060076673877e+09 -1.791034452352242e+04 -1.577119008380113e+05
  2.526054194555065e+09 -5.318433069450734e+04 -3.055032940489793e+04
  2.526087299466524e+09  7.798609192415443e+04 -4.740321743421203e+04
  2.526025510524363e+09  2.509474079025653e+04 -5.527559659379453e+04
  2.526187162304292e+09  1.379228131132368e+05  1.612269893165175e+05
  2.526040656253054e+09 -1.707092062990577e+04 -2.258411009496485e+03
  2.526010329556556e+09 -1.470009415670763e+05 -4.256216867824167e+04
  2.526183314319281e+09  4.579672542412521e+04  9.396659446228319e+04
  2.526113165460588e+09  1.579457636593981e+04  1.442130166393949e+04
  2.526097475364910e+09 -7.616759213118721e+04 -2.351812411329004e+04
  2.526079646593749e+09 -4.948949536145350e+04 -6.685721437196201e+04
  2.526071010406938e+09  9.803894919297495e+04 -1.014894842078118e+05
  2.526180106086421e+09 -1.118104064986570e+04 -4.341763755064935e+04
  2.526204699909504e+09  1.638177129539732e+05  4.674345896205120e+04
  2.526093283019897e+09  1.283912746136212e+05 -2.290767738622183e+04
  2.526260458746978e+09 -1.499157137121857e+04  2.140820908154057e+05
  2.526233583945687e+09  6.698817709055048e+04 -7.432054795810685e+04
  2.526133254434298e+09  3.139123023727123e+04 -3.635222212165844e+04
  2.526164418989320e+09 -1.109482474415796e+04  2.080525592690520e+05
  2.525945690155111e+09  7.265911481092521e+04  8.275227860972939e+04
  2.526178097337664e+09 -1.080923140995316e+05 -1.085697931445877e+05
  2.526089249071986e+09 -1.956905799578167e+05 -4.334149244092972e+04
  2.526199480325672e+09  3.271868491125340e+04  1.599233803455760e+05
  2.525998943494197e+09  3.636852466245659e+04  1.684852528869109e+05
  2.526179260772103e+09 -2.571972104518081e+04  6.933579328603891e+04
  2.526107881589601e+09 -9.130475583258265e+04 -1.774049938440381e+04
  2.526007177108960e+09  1.938933372606616e+04 -1.373543829237516e+05
  2.526120190424918e+09  6.780807830766542e+03  2.119607617226377e+04
  2.526150144741892e+09 -1.177435214935730e+05  1.010180037458105e+05
  2.526177695198932e+09  8.557698373367591e+04 -1.939041493047010e+05
  2.526246087184247e+09  6.432077733308868e+04 -3.689295570099575e+04
  2.526293989420865e+09  3.638351928196469e+04 -1.282978699943255e+05
  2.526193056889853e+09  1.061720183568165e+05 -2.631459128328360e+04
  2.526067868247592e+09  1.960159776693610e+05 -1.444471882077570e+04
  2.526091840265341e+09 -6.369711449145549e+04 -5.303938338021119e+04
  2.526108589372989e+09 -2.217547309050080e+04  1.574805607358855e+04
  2.526084347405777e+09 -2.058269210121995e+05 -1.607237594011138e+05
  2.525937020079073e+09 -7.817057593856915e+04 -1.471165554101330e+05
  2.526121850780284e+09  2.561519072262663e+04  1.995908239292103e+04
  2.526123901490567e+09  1.815011486490695e+05 -3.258134605354827e+04
  2.526165180171515e+09 -6.159206133218925e+04  1.495808708837955e+05
  2.526109214932662e+09  9.070431570310931e+04  8.057056119307713e+04
  2.526101174940417e+09  2.906235853696568e+04 -1.134815742582185e+05
  2.526174989827148e+09 -1.186662111363057e+05  4.155429257442825e+04
  2.526137781202761e+09 -4.402259976702172e+04  5.847825940892554e+04
  2.526222761246480e+09  4.658065485653607e+04  2.213352909821132e+04
  2.526088950864519e+09 -1.173356694653931e+05  5.554784240518982e+04
  2.526249299599122e+09  2.943110462653018e+05 -7.568708463710244e+04
  2.526016095286012e+09  4.107531428628345e+04 -1.855576663596442e+05
  2.526080612613215e+09  2.867878505752857e+05 -1.287333741101844e+05
  2.526232289148043e+09 -2.132791437184135e+04 -9.786866905306272e+04
  2.526287194274880e+09 -8.421190852731501e+04  7.146596930449404e+04
  2.526041388796602e+09  2.279885506057483e+04  1.448707466762067e+05
  2.526156038408035e+09  1.199187469761525e+05  4.902066654592147e+04
  2.526064919327377e+09  3.474797198982950e+04  2.250202080422454e+04
  2.526166793498978e+09  2.109157995183790e+05  3.177015150331298e+04
  2.526161492486241e+09  7.202609101793682e+04 -5.888483522407338e+04
  2.526182523766116e+09  1.703464170206718e+05 -1.743705516947593e+05
  2.526233405831464e+09 -8.505837990210927e+04 -1.204272928702589e+05
  2.526096507257874e+09 -2.112609846044183e+05 -1.445778122013039e+04
  2.526198745903680e+09  8.607897203067690e+04  1.426669659772972e+05
  2.526107974133001e+09 -1.518278051868384e+04  1.438411166648392e+05
  2.526218869619432e+09 -6.283644221736188e+04 -5.419315670612140e+04
  2.526023865212723e+09  1.191473943120250e+05 -5.845163086510671e+04
  2.526166581256620e+09 -5.794663977372006e+04  3.564949711658061e+04
  2.526001378041298e+09  1.563519612632289e+05 -6.175469065730413e+04
  2.526042274988790e+09  5.306142236599734e+04 -1.073729786027261e+05
  2.526239476161991e+09 -4.028856790995400e+04 -7.352224413703720e+04
  2.526042046352859e+09  1.075796618903666e+05  6.305321893728850e+04
  2.526213692783039e+09  1.887849117818628e+05  9.096117969262008e+04
  2.526112889696639e+09 -7.553725835339283e+04 -2.725260885925672e+04
  2.526133283276264e+09  8.992194942983054e+04 -4.437788550433831e+04
  2.526196006681659e+09  2.046860934763883e+05  4.981423442025436e+03
  2.526062445242987e+09  2.208400332538799e+05 -6.549691941526846e+04
  2.526125242230025e+09 -1.300869447416555e+05 -5.354622950657440e+04
  2.526165175973257e+09 -2.210787425925104e+05  2.184206546562894e+05
  2.526130445571284e+09  8.437457137984654e+04  2.757831920024989e+05
  2.526181899346852e+09 -1.051971809659682e+05  1.313238940560477e+05
  2.526179703366131e+09  2.994791380646714e+05 -1.110960426117530e+05
  2.526076788438050e+09 -3.701241536443029e+04  5.988274152509485e+04
  2.526236391303137e+09 -2.495031524215551e+04  5.861887863539718e+04
  2.526253590404199e+09 -1.051650349854575e+05  1.690187327829748e+04
  2.526154804384140e+09  1.044714632947613e+05  1.503819676134363e+05
  2.526062834880228e+09  5.086024278989638e+04  2.520792157187953e+05
  2.526252854259480e+09 -1.662912273334339e+04  7.864808018124755e+04
  2.526205274354739e+09 -1.046823015962029e+03  1.027658505282311e+05
  2.526117029783676e+09 -1.327113349985387e+05  4.802106182146224e+04
  2.526232482457279e+09  2.278175296974671e+04 -3.646021867094608e+04
  2.526039357902760e+09  1.027235727078103e+05  1.020376066639591e+05
  2.526288441242275e+09  7.658968041884265e+04  9.500928397033806e+04
  2.526134658945848e+09 -4.021844260586507e+04 -1.128693601768410e+05
  2.526124782588645e+09 -5.129006217686587e+04 -2.294603668615054e+05
  2.525938199919638e+09  6.664144913548084e+04 -1.200563747372620e+05
  2.526136986672855e+09 -2.056696634609718e+03 -1.670325620984826e+05
  2.526006156681983e+09  1.322044741728491e+05 -2.266847136945089e+05
  2.525961737050760e+09  2.084518410583242e+04 -1.932386013853485e+05
  2.526276142299973e+09  3.629641420781775e+04 -8.376848903419939e+04
  2.526153809995721e+09 -1.780341402003104e+05 -1.025396790841408e+04
  2.526190012442352e+09  1.051405428049426e+05 -1.100682919918050e+05
  2.526103579815469e+09  1.425532423856792e+05 -2.374725217116420e+05
  2.526261789738179e+09 -2.465349138201168e+04 -1.600310322012864e+05
  2.526137103588951e+09 -1.117522903591309e+05 -2.285816988105060e+05
  2.526072327281687e+09  7.900079280928944e+04 -2.050688509701876e+05
  2.526212351786704e+09 -4.916387949066667e+04  5.894223538657592e+04
  2.526215676697551e+09 -7.074240474288783e+04  6.456290419509634e+03
  2.526004453650069e+09 -1.514011722483800e+04 -1.288195579943249e+05
  2.526091871595374e+09 -8.681882347301813e+03 -8.360017546352232e+03
  2.526110492929299e+09 -6.669964988110517e+04  8.040975449394842e+04
  2.526002363520936e+09  1.292721881671114e+05  5.056868946100993e+04
  2.526098842948981e+09  1.647587530586316e+05 -7.794205762923206e+04
  2.526182694577017e+09 -1.306750884030203e+05  3.786643610587256e+04
  2.526114235446405e+09 -1.337691058730101e+04 -6.572686305420822e+03
  2.526247387270069e+09 -3.087420359733258e+04  5.319002607301727e+04
  2.526149506501522e+09 -5.794306440104853e+04  5.524853236643714e+04
  2.526183684874889e+09  4.090549097046326e+04 -4.197583865114208e+04
  2.526230253227094e+09  2.227403863224659e+05 -9.300378240973956e+04
  2.526039380781001e+09  9.754274505825085e+04  9.352762723674346e+04
  2.526048282434857e+09 -4.145405009523360e+04  1.598081476434595e+05
  2.526165679284987e+09  4.261959972150321e+04 -9.581820542557235e+04
  2.526228412413074e+09 -9.460375107997621e+03 -1.450843218642393e+05
  2.526234755193780e+09 -6.410761954922014e+04 -1.048081644027245e+05
  2.526214904109505e+09 -3.001824511762883e+04 -2.907875741074444e+04
  2.526181012718786e+09 -1.007219920735885e+05  1.098140167777177e+05
  2.526077982739902e+09 -8.507266972785722e+04  4.598395798790082e+04
  2.526060088113935e+09  2.405125263201493e+05 -1.368187719857795e+05
  2.526090781596581e+09  1.124719963706506e+05 -7.232396427952015e+04
  2.526227398640958e+09 -4.762865927878703e+04 -5.251426191645081e+04
  2.526047889122434e+09 -2.674477411590994e+04  7.523802710003778e+04
  2.525938062886405e+09  1.954501999302791e+04  7.436547085680836e+04
  2.525939190135035e+09 -1.009434683613866e+05 -9.411454171716655e+04
  2.526279409193085e+09 -7.109841783710627e+04 -1.589762786487327e+05
  2.526189884323010e+09  1.289255299375444e+05 -7.031021419799374e+04
  2.526008312749720e+09  9.615092145920199e+04 -8.059485278983013e+04
  2.526004608916903e+09 -1.251417990267603e+04 -1.708460605866474e+04
  2.526107133065681e+09 -8.416761450929043e+04  3.050023538050731e+04
  2.526067150602708e+09 -2.371530730102258e+04 -1.321603832812421e+04
  2.526362120034750e+09  7.354691433159495e+04  3.210349381128402e+04
  2.525969812078763e+09 -1.774021410220895e+05  3.171294603112943e+04
  2.525985426777779e+09 -8.628140646182175e+03  2.757534558530641e+04
  2.526085342624695e+09  3.905591564685246e+04  5.701795413675345e+04
  2.525971595762825e+09  1.654423546969686e+05  4.048266260507237e+04
  2.526207876876037e+09  2.862525388427451e+04 -5.630171208066179e+04
  2.526316877451070e+09  3.250983624343714e+04 -6.559162686574971e+03
  2.526118408267001e+09  5.026047538473789e+04 -5.974340444407775e+04
  2.526228676471829e+09 -6.314228003012459e+04 -1.062812013761129e+04
  2.526115755144657e+09 -5.151799673194339e+04 -8.026646833736682e+03
  2.525979983568731e+09  1.570406098579626e+04 -9.227120965045714e+04
  2.526161911184864e+09 -1.062516610674757e+05 -7.669692066793394e+04
  2.526184004209379e+09  7.097243017239252e+04 -8.829847624621936e+03
  2.526118684829263e+09 -2.875254451454594e+04  2.296133477545809e+02
  2.526373061883132e+09 -1.305054519066466e+05  6.808431864410127e+04
  2.525881966287225e+09  3.062957199020020e+04  3.072764396569511e+04
  2.526139557016169e+09  1.683215467338988e+05  1.035060886041727e+04
  2.526058255386104e+09 -6.793150142614823e+04 -7.948142429223144e+04
  2.525895096897046e+09  6.899935150059499e+04 -1.842054994020319e+05
  2.525975554047336e+09 -1.642632908639358e+04  5.335307436941226e+04
  2.526046822568476e+09  1.247070460586745e+05  1.135979624702169e+05
  2.526134601324094e+09  1.981406336602522e+04  2.917711502878387e+04
  2.526196037088256e+09 -2.595095820860087e+04 -9.377081876444304e+04
  2.525993009176592e+09  2.744651494883600e+04  4.290144900548423e+04
  2.526217905793706e+09 -5.805317986928858e+04  1.247408643339453e+05
  2.526334410054619e+09 -1.242551471690945e+04  8.138658491046686e+04
  2.526153344076684e+09  6.194316157590854e+04  3.786754725073872e+03
  2.526196907128755e+09 -1.188178376909329e+05  1.104416032704180e+05
  2.526008696761420e+09 -4.656125068594527e+04  1.199090284911226e+05
  2.526161900270401e+09 -2.907383608448645e+04  3.581718724758242e+04
  2.526005676163571e+09 -9.360453470861632e+04 -3.243207387318043e+04
  2.526286577288926e+09  1.318343935914661e+05 -9.505681119961431e+03
  2.526104650347630e+09  1.124964464938989e+05  3.473787847441842e+04
  2.526106959141814e+09  5.767141265493166e+04  6.663531006762857e+04
  2.526124376726876e+09 -9.966301194853557e+04  1.272093808483280e+04
  2.525989006541363e+09 -9.546588939573092e+04 -7.670725445961805e+04
  2.526143254939746e+09 -4.179421912126861e+04 -8.828189901420940e+04
  2.526091789483272e+09 -2.431696630817070e+04 -1.695585264649189e+05
  2.526192643404585e+09 -8.727325851386471e+04 -8.737328899585106e+04
  2.526076277772199e+09 -1.096450599621516e+03 -1.421643842051548e+05
  2.526093220267497e+09  6.636640399103484e+04 -1.487411422327878e+05
  2.526178495809025e+09 -1.610476798890368e+05 -1.445529063885713e+05
  2.526272183010848e+09 -4.209160105670127e+04 -5.890474454380694e+04
  2.526231001809069e+09 -1.062462968618425e+05  5.003888055496296e+04
  2.525999901886482e+09 -1.057626918238236e+05  2.505505309719298e+04
  2.526228719508977e+09  4.339979266420056e+04  1.533509578160958e+04
  2.526334631047663e+09  4.944397273334267e+03  7.814889757814072e+04
  2.526120019534503e+09  1.557669706947182e+05 -5.153523007393349e+04
  2.526123109389426e+09  1.074377260759317e+05 -5.755284212655481e+04
  2.526067477783369e+09  1.806591713746474e+05  1.284171640932036e+04
  2.526283049916246e+09  1.327079537912202e+04 -6.475405385067058e+04
  2.526090177660617e+09  4.229114045481675e+04 -4.283629881425740e+04
  2.525987820556624e+09 -2.662183137666056e+04 -2.335047541579659e+04
  2.526150026354777e+09 -9.193361447057175e+04 -3.459946975463652e+04
  2.526127744137215e+09  2.520611822419609e+05 -8.116158577048685e+03
  2.526127163726050e+09 -1.454005259352495e+05  9.163812473552745e+04
  2.526099170212723e+09 -1.244668038527644e+04  2.477097950505489e+04
  2.526365699936744e+09  2.473758281349018e+04  1.537758969480582e+05
  2.526119248530266e+09  1.659446756333367e+05  1.857010020556182e+05
  2.526140174127185e+09  1.273852170443321e+04 -2.379207488384680e+04
  2.526021888684339e+09 -2.391129405039892e+04 -3.061872255648527e+04
  2.526178372133574e+09  1.193702393397217e+05 -1.864488177195773e+03
  2.526141231819077e+09 -4.845075270391162e+04  2.011653794716141e+04
  2.526292876533478e+09  7.232231484444661e+04  1.946918272683350e+04
  2.526252459909915e+09  3.840708427992684e+04 -1.984551130210841e+04
  2.526144903113633e+09  5.413517153001690e+04  1.473803292900008e+04
  2.526416403885868e+09  3.559562486924319e+04  7.340950332650752e+04
  2.526103735073521e+09 -1.450486146313054e+05  2.948499229925888e+03
  2.526132670694512e+09  2.122920341488848e+05 -4.051495951225748e+04
  2.526120839936771e+09 -1.038573649895377e+05 -5.201050262195687e+04
  2.526249316896111e+09  3.738997767228633e+04  4.756853042338515e+04
  2.526063740937856e+09 -1.022170061352912e+05  1.385036397327685e+05
  2.526104037461178e+09  9.827859220783820e+04  7.676433008804708e+04
  2.526177598216385e+09  1.047129063593215e+05 -3.598976626469381e+04
  2.525977794823500e+09  1.161545627453221e+05 -1.138340784146932e+05
  2.526123047989642e+09  5.157598154972389e+04 -1.007971601857895e+05
  2.526022605519996e+09 -2.605858009708184e+04 -6.002522837041307e+04
  2.526040450820513e+09 -2.148671120971080e+04  9.376288243909716e+03
  2.526100233924099e+09 -5.247672049454355e+03  1.167017601985626e+05
  2.526111096192922e+09  2.179232889527848e+05  1.733570977375639e+03
  2.526122596740704e+09 -1.210442197691595e+05 -1.087959100587884e+05
  2.525977758833974e+09  1.799799728541721e+05  8.803667407342402e+04
  2.526169951095869e+09 -2.082567283254024e+04  7.895417259868892e+04
  2.526107624509440e+09  7.576111965974467e+04 -7.787036329241761e+04
  2.526209791923348e+09  7.904102752370015e+04  4.264837677693599e+04
  2.526218966070766e+09 -4.721864608546020e+04  5.698906995855947e+04
  2.526212010535700e+09 -6.943392026520509e+04 -2.685490134668065e+04
  2.526237960034033e+09  1.194686866358512e+05  1.343244783696267e+04
  2.526056696232236e+09  1.253765841525161e+05 -9.013987081720936e+04
  2.525882792201159e+09  1.709478902166549e+05 -1.105345889112642e+05
  2.526047762148584e+09 -5.255096620428911e+04 -8.102058394716471e+03
  2.525987789347413e+09  1.093830985375184e+05  7.692073030134593e+04
  2.526298524860983e+09 -4.741110130574682e+04 -2.090754334066459e+04
  2.526147957729451e+09 -6.526647045869450e+04 -1.642042152129018e+05
  2.526190725477409e+09  1.263643569440341e+05 -6.423277180192852e+04
  2.526146026618914e+09  1.897156617714080e+05  8.046220436652540e+04
  2.526300951742884e+09 -1.164617100556915e+05 -4.669996598825045e+04
  2.526126434049752e+09  1.611114179381932e+05 -1.409717892569810e+05
  2.526127114970963e+09  3.689718765966041e+04 -4.292027727573307e+04
  2.525919670003859e+09  9.778152287857246e+04  5.258906466831756e+04
  2.526076114723898e+09 -2.473691559907177e+04  1.291041008627920e+05
  2.526284758936038e+09  2.418734226485761e+04  2.155285810731488e+04
  2.526320566508093e+09  3.399289571858587e+04  9.260736476217036e+04
  2.526225561202415e+09  1.216305601507665e+05  1.894191268066521e+04
  2.526077355540011e+09 -3.443737053153012e+04  1.072268094843687e+05
  2.526208711506257e+09  2.294081082453446e+05  1.699314466192991e+05
  2.526137768281846e+09 -1.500711851628954e+05  1.908382974958743e+04
  2.526125488424421e+09  4.638410940538085e+04  7.255217182725115e+03
  2.526159803304466e+09  1.478309920905961e+04  1.796386277419701e+04
  2.526103371150021e+09 -2.828941066541150e+04  4.886501177509537e+04
  2.526059068901330e+09  9.513341209446732e+04 -7.018413809615991e+04
  2.526130778202060e+09  3.035997731117401e+04  3.819931300713349e+04
  2.526019149577277e+09 -8.041853554769768e+03  1.532004450371768e+05
  2.526049234685662e+09  9.408980568540940e+04  8.037583054824283e+04
  2.526063988520407e+09  3.750725070611981e+04 -1.508177887087211e+04
  2.525980214035503e+09  6.887542171698083e+04 -5.944369338001125e+02
  2.526177886314466e+09 -9.731552945745777e+04  1.265689369856477e+05
  2.526209063823055e+09 -5.859777475458290e+04  6.841103694713337e+04
  2.526397892431014e+09 -8.561718064269492e+04 -7.040631878701039e+04
  2.525982724435105e+09 -7.054231457934657e+04 -1.070835374310777e+05
  2.525953994144998e+09 -9.151356537383096e+04 -4.247434669175767e+04
  2.526006860814595e+09  7.730002543749753e+03 -8.355245055557787e+04
  2.526107047639359e+09  4.836204907359160e+04 -1.046394673475103e+05
  2.526004224199502e+09 -4.735219048011117e+04  3.909696028885036e+04
  2.526227509941955e+09 -5.080081587474246e+04  7.620351785147027e+04
  2.526053676229474e+09 -1.398369394204021e+05  1.565906536104565e+04
  2.526095676652284e+09  9.836105990874744e+04 -8.712667823837255e+03
  2.526144566639582e+09 -8.200797112937795e+04  2.202372695443151e+04
  2.526211200339449e+09 -7.314988337539183e+04  4.751684062381508e+04
  2.526129737443481e+09  3.220320868862839e+04 -6.904323833839098e+04
  2.526121020145305e+09 -5.107707508174336e+04 -9.537038002360705e+04
  2.525979402019453e+09 -2.021480904648814e+04  7.079342993320228e+04
  2.526131031135848e+09 -5.677853959451923e+04  1.567754230224539e+05
  2.526129565439495e+09 -8.502253928762872e+04  7.099864461281756e+04
  2.526229629803535e+09 -2.042571883422846e+05 -5.982246436946042e+04
  2.526201802141866e+09 -1.091974760367908e+05 -4.288821189283923e+04
  2.526077077574145e+09 -9.882685221024696e+04 -4.677261246693297e+04
  2.526109767158938e+09  4.427721065231343e+04  1.521039553259732e+03
  2.526184315831040e+09  7.289027873070480e+04  5.633940434077353e+04
  2.526020858064216e+09 -1.706181565898634e+04  5.582102179277749e+04
  2.526108689069380e+09 -7.959228375355073e+04 -1.321554452984175e+04
  2.526124814365590e+09 -3.756146805909493e+04 -9.865218099692976e+04
  2.526169592662040e+09  7.664803119594348e+04 -1.183070997582749e+04
  2.526100944133286e+09  1.464390103853900e+05 -2.455785301376600e+02
  2.526293583296371e+09 -6.400480475506862e+04 -5.475012465076381e+04
  2.526121303280110e+09 -1.208889381334372e+04 -7.544764770907757e+04
  2.526052571951780e+09 -7.421916088383761e+04 -5.489647483958979e+02
  2.526129342643415e+09 -9.271257994692400e+04 -2.485201407635656e+04
  2.525933654876858e+09 -4.004255303120485e+04 -3.524711216501193e+04
  2.526138461322020e+09  2.513550207123096e+04  1.889544329353701e+04
  2.526225365461351e+09 -1.048892799202420e+05  7.302465497995960e+04
  2.526072221042862e+09 -4.866640767975373e+04  1.406839475912521e+05
  2.526114081728858e+09 -1.307973453191663e+05  5.696875903529313e+04
  2.526099825923367e+09  3.693991900779749e+04  7.760497049075784e+02
  2.526156459813139e+09 -1.485453447904629e+05  2.415414114140565e+04
  2.525960657168145e+09  1.772146927397675e+04  6.280132392228424e+04
  2.526246752494437e+09  8.524290482354735e+04  1.262922559714480e+04
  2.525902143393341e+09  1.235957388104423e+05 -7.192001067899296e+04
  2.526040680485252e+09  2.069020075465861e+04 -1.496579179681838e+04
  2.525951813577949e+09  3.819615003511996e+04 -5.493984453301644e+03
  2.526089081158491e+09 -7.090831173012534e+04  8.795247442116088e+04
  2.526036246181587e+09 -1.517766184636811e+05  5.384295078921737e+04
  2.526070846880717e+09 -9.756436107645568e+04 -1.993489691114454e+05
  2.526158497685074e+09  4.000020460206084e+04 -1.471744385635753e+05
  2.526069210127787e+09  3.387807381855242e+04  6.828748187916979e+03
  2.526219628902745e+09 -2.521806036587362e+04  1.372740414132667e+04
  2.526046182482246e+09 -9.399016580577032e+04  1.984818351697000e+05
  2.526068014389183e+09  3.859356603858393e+04  1.666149260235347e+05
  2.526086801346762e+09  2.505218923435546e+03 -3.283146240355959e+04
  2.526269156878524e+09 -7.074632846039161e+04 -1.800516591471853e+03
  2.526222252178078e+09 -8.086074625685601e+04  8.630272828579406e+04
  2.526174444386399e+09  1.747645335954719e+04 -3.454669513024099e+03
  2.526109956099420e+09  6.144847068364173e+04  1.154706905765850e+05
  2.526221917971617e+09  3.365255553644011e+04  7.922231896139111e+04
  2.526145936494230e+09 -1.996063095191285e+05 -1.242296304920808e+05
  2.526102641975913e+09 -5.567753575722955e+04  1.350683721937006e+04
  2.526183235179789e+09 -1.889637186583277e+05  1.014281178241247e+05
  2.526274218238014e+09  1.758838546234707e+04 -1.678103723293100e+04
  2.526111719142928e+09 -1.660577931007410e+05  4.451274376144889e+04
  2.526109583153100e+09  1.539147652605404e+05  1.016394785897152e+05
  2.526217247382033e+09  3.063382601958280e+04 -6.733428219010425e+04
  2.526121545399941e+09  5.794687886921957e+04 -1.714659692238469e+04
  2.526105221924397e+09 -6.607233878269861e+04 -1.011213545437577e+05
  2.525938950072596e+09  5.292738665656233e+04 -1.418522941557496e+05
  2.526135293916846e+09 -1.938584883678996e+04  1.409402285781981e+04
  2.526157561130406e+09 -7.543112187406980e+03  7.449075056542727e+04
  2.526045626896303e+09  3.856197136731027e+04 -7.120206603376078e+04
  2.526080368233029e+09  1.242763082777102e+05 -5.020855117099220e+04
  2.526047726097451e+09  3.427550745774433e+04  1.592659032843186e+04
  2.526105521525440e+09 -1.645343465136061e+05  2.478561075301026e+03
  2.525945484344233e+09 -1.017382410458296e+05 -1.326416378082278e+04
  2.526204029267328e+09 -9.900528459539171e+03 -1.943081125287572e+04
  2.526187042832054e+09  3.242174027389637e+04 -2.031945021296735e+04
  2.526051086901578e+09  1.138880821632238e+05  2.785569961671717e+01
  2.526115581725640e+09 -5.375709670845023e+04 -2.021196432214890e+05
  2.526165426165610e+09  6.414168315475003e+04 -1.020960938762357e+05
  2.526192429286310e+09 -1.238334293299820e+04  1.552415998546293e+05
  2.526065911884185e+09  8.078978479043441e+04  1.382611836363439e+04
  2.526024511040152e+09 -8.790901189390663e+04  1.114668222199198e+05
  2.525983440836545e+09  1.532320495819976e+04  1.515914258659064e+05
  2.526195738713271e+09 -1.218585137642749e+05  1.287338970931842e+05
  2.526167704421284e+09  7.531045030213497e+04  6.706033291270107e+04
  2.526036014603181e+09 -7.151725245575723e+04  8.974915687596280e+04
  2.526194522066935e+09  1.339088645524110e+05  1.001635657528419e+05
  2.526277191493516e+09  5.299685113764135e+04 -1.902244510774105e+04
  2.526065089201928e+09 -2.251794002905139e+04  7.048567061134265e+03
  2.526106508542857e+09  1.777988509311078e+05 -3.679425645870785e+04
  2.526187815371850e+09 -7.553841817213409e+04  1.029625009924925e+05
  2.526009288822608e+09  1.499164637562681e+05  1.570341773385017e+05
  2.526252302174700e+09  3.197611847225414e+04  6.001142574333015e+04
  2.526241004406176e+09  8.662838888846105e+03  2.296452015294344e+04
  2.526213163796429e+09  8.111114702918567e+03  1.497938817665463e+05
  2.526018776727916e+09 -4.309905313925003e+04  1.618947609947240e+05
  2.526018447881263e+09  2.938999720287794e+04 -2.260506698693545e+04
  2.526076411269343e+09 -2.240972246928625e+05  1.605364639478292e+05
  2.526019038531066e+09 -3.894890571375703e+04  8.602151158203883e+04
  2.526186350805043e+09 -3.547727807736467e+04  7.615447668347915e+04
  2.526171564763131e+09  1.510007391382012e+05  4.597910028085881e+04
  2.526128713883366e+09 -1.520072992992795e+05 -7.659380371608824e+04
  2.526084596347412e+09 -1.105682282406981e+05  2.242059383171942e+04
  2.526321372801583e+09 -2.652331486440497e+03  3.900240966638688e+04
  2.526155803665545e+09  2.648021323668538e+04  7.236695977726416e+04
  2.525978698458254e+09 -2.189960269975476e+04  9.231672786808247e+04
  2.526238991403169e+09  7.686362279807334e+03 -1.162676954431175e+05
  2.526209062618130e+09  6.077401705499354e+04 -1.149972479540380e+05
  2.526067159851845e+09  9.422358693009417e+04 -4.337437787955953e+04
  2.526011938595663e+09 -6.109739544144398e+04  1.750156876326697e+05
  2.526227768882488e+09 -3.887161022529611e+04  1.421547000737002e+05
  2.526053638526852e+09 -8.396759214392398e+04 -1.588264337160018e+05
  2.526138088928386e+09  1.036551911207678e+05 -1.669251181207696e+04
  2.526011017207953e+09 -1.512389737419701e+05  5.113565759700176e+04
  2.526265329741598e+09 -5.547448146384838e+04 -1.308597986776617e+04
  2.526127713539894e+09  9.545563463352434e+04  5.386223773137736e+04
  2.526258878234169e+09  1.778796432507513e+05  1.651394855435801e+05
  2.526100112940531e+09 -1.436177208660086e+05  7.555424984356336e+04
  2.526110182331949e+09 -1.139790309946591e+05  9.890620428920432e+04
  2.525996721013948e+09 -4.258083930526907e+04  4.919322969839077e+04
  2.526109016979401e+09 -2.455288786180550e+04 -3.650559670618828e+04
  2.526226716232041e+09 -1.326621642496013e+05 -6.156423085044161e+04
  2.526142967013031e+09  3.042556893426017e+04 -1.460744411442592e+04
  2.526036465012171e+09  5.457532154803677e+04  1.249005592817046e+05
  2.526169217304173e+09  5.875983538250253e+04 -1.178960829697184e+05
  2.526114564837225e+09  4.715519045956491e+03 -1.693784810834255e+05
  2.526141834809153e+09 -3.858170972063698e+04  9.049771074715303e+03
  2.526039405102227e+09  3.898846822259598e+04 -1.285721144676963e+05
  2.526218012034453e+09  1.375963850125183e+05 -9.586924950007559e+04
  2.526134588085752e+09 -4.288650852720754e+04  9.486563438675250e+03
  2.526049907744658e+09 -1.345336084376792e+05  7.380353398837568e+04
  2.526033278014526e+09  1.669808130942045e+05 -5.348362464127777e+04
  2.525936264451497e+09  1.770168710537107e+05 -2.266986181082741e+05
  2.526190258551904e+09 -1.118547399272018e+05 -7.333588214007643e+04
  2.526097875589324e+09 -3.313423263713415e+04  7.997790912664478e+04
  2.525886079981437e+09 -9.954878178142197e+04  1.447022073109732e+05
  2.525833135189262e+09 -5.720825395260472e+03  7.041105508637661e+04
  2.526141007095010e+09  1.323683850675824e+04 -1.942263021823904e+04
  2.525939838079019e+09  1.297045531349431e+04  5.076779122632369e+04
  2.526232497246258e+09  8.769311123023275e+03  3.806710089190155e+04
  2.526090157569897e+09  8.655455263269681e+04  4.916574065469969e+04
  2.525968064978971e+09  1.234129275456537e+03  1.507250735491858e+05
  2.526241124523352e+09 -3.290458446391800e+04  8.905616529424081e+04
  2.525995504559316e+09 -8.468619821355143e+04  2.175317167034722e+03
  2.526216435820192e+09 -5.508318685421278e+04  1.243054808880738e+04
  2.526215494996367e+09  1.178285847933560e+05 -1.427136803759946e+05
  2.526090258564945e+09 -3.022876606928487e+04 -1.671624318592634e+05
  2.526234982841218e+09  3.222307668045803e+04  9.887702783421613e+03
  2.526157276518307e+09  9.639799423333723e+03  9.638690584184323e+04
  2.526026721556155e+09 -5.524716180580156e+04 -4.098227369901491e+03
  2.526145984645273e+09 -4.039017691606459e+04  7.171891849197214e+03
  2.526327249578425e+09 -3.642104973779642e+04  6.396002751346375e+04
  2.525978469906052e+09 -1.231198307514638e+05  1.196344514054423e+05
  2.526202806422658e+09  8.636212035851087e+04 -6.863851517500274e+04
  2.525889310908449e+09 -9.030987003809767e+04 -6.638689268131042e+03
  2.526290072758047e+09 -1.242949078124798e+05  6.283778944604297e+04
  2.526103426080993e+09  7.059449838333693e+04  5.700721509148832e+03
  2.526044618303650e+09 -5.845837224358926e+04  6.877648108060472e+04
  2.526073179254418e+09 -5.904779767188220e+04  8.793578555266533e+04
  2.526065158886369e+09 -1.050265762622680e+05  8.717201756011299e+04
  2.526156451010834e+09 -1.662880325684033e+03 -6.584503956812713e+04
  2.526093243176854e+09  2.920671064588998e+04 -2.050298173260177e+03
  2.526076936732723e+09  1.624449070669907e+05  1.375166320799175e+04
  2.526308697345738e+09  6.518712419443310e+04 -2.042226972245413e+05
  2.526334140848739e+09 -2.283826904778893e+04 -1.618704142603453e+05
  2.526104577787362e+09 -5.302459017093037e+04 -2.552604960652010e+03
  2.526265775323378e+09 -6.294216671124334e+04 -4.824048699715640e+03
  2.526019570132657e+09  9.437071138155647e+03 -2.624910754838667e+04
  2.525997625132917e+09 -7.925394288375974e+02  5.879646152138244e+03
  2.526044039922013e+09  6.779214328446472e+04  6.647078537035943e+04
  2.526357792582967e+09 -2.086317431529056e+05 -1.410918307736382e+04
  2.526122687817540e+09 -1.164469748239687e+05 -1.654436672420938e+05
  2.526167001959745e+09  3.055776348909631e+04  7.502891071352805e+04
  2.526050162103736e+09  8.336182078717323e+04  2.242236445966124e+05
  2.526098314116799e+09  1.843814966535795e+04  1.840646724972313e+05
  2.526277506584972e+09  3.388897517774836e+04  1.331109676874466e+05
  2.526112906395606e+09  2.273190345348208e+04 -7.463422402629512e+04
  2.526182820680206e+09  3.645532165583823e+04  1.026664034529859e+05
  2.526025222666668e+09  1.831961657083081e+04  1.485503090520760e+05
  2.526149442342110e+09  9.458401750755351e+04  4.377948762988020e+04
  2.526009101652271e+09 -3.249016623635823e+04  1.280702710454608e+04
  2.526286014410112e+09  4.715498075136011e+04  8.523094940000109e+04
  2.526382481662350e+09 -6.779180557311885e+04  7.419140538396838e+04
  2.526146651832793e+09 -3.994450921374629e+04 -4.246363656956123e+04
  2.526220021126991e+09  1.171707632106046e+05 -1.840186171785717e+04
  2.526189764872181e+09  5.592973418726120e+04 -1.098335216867912e+04
  2.526046910244408e+09 -1.832713201111730e+05  3.250561118596233e+02
  2.526037235937131e+09  6.526299199286982e+04 -6.426621124142176e+04
  2.526173125575084e+09 -2.000255751727684e+04 -1.031550082562142e+05
  2.526181754908957e+09  1.622682247052649e+05 -4.795056871026242e+04
  2.526053317390641e+09 -1.329983920668688e+05 -1.054385871284618e+05
  2.526023094010120e+09  1.543268847857836e+05  7.420167387886159e+04
  2.526230861168568e+09 -1.804063918582397e+05  1.313364051213297e+05
  2.526130795922304e+09 -7.551210385337974e+03 -1.993401448067997e+05
  2.526225384849707e+09 -1.356366623622997e+05 -2.112950505629149e+05
  2.526105446269686e+09 -4.148472399946256e+04 -5.384692879347291e+03
  2.526346319735163e+09  3.201706879707286e+04  2.136451977164777e+05
  2.526206372717999e+09  7.347298792258836e+03  1.653382884372394e+05
  2.526113467947078e+09  6.819777897937072e+04  2.896023992345476e+05
  2.526129730029286e+09  2.552791577869351e+04  2.069095761083166e+05
  2.526151547562574e+09  1.185792232607575e+05  5.967880649395962e+04
  2.526060891644347e+09  1.112974220896785e+05 -1.720818612874654e+05
  2.526153865783135e+09  7.329056989505095e+04 -1.877793573004385e+05
  2.526165088668991e+09  7.644886084237281e+03 -6.986026019885298e+04
  2.526221170048696e+09  3.387713345531980e+04 -1.090350184468260e+05
  2.526407974180120e+09  1.913584195208971e+05  1.613860505543603e+04
  2.526177877251710e+09  5.795064895322148e+04 -9.855455907032359e+03
  2.526074040224220e+09  2.864603220412735e+04  4.866834553006769e+04
  2.526262580406846e+09  3.381735743214967e+04 -5.457366526834178e+04
  2.526176791483101e+09 -4.428786624570485e+04 -1.327218744272385e+05
  2.526019437287284e+09 -1.139967338638160e+05 -1.299215224075355e+05
  2.526137222026320e+09 -1.856121294171899e+04  8.484287618454499e+04
  2.526168397463801e+09 -9.472816497350484e+04 -4.340279039158346e+04
  2.526048156676943e+09  9.890710983501910e+04 -4.235328882198548e+04
  2.526151611469370e+09 -5.552903866201406e+03  1.457008992240368e+05
  2.526180202813416e+09  1.668505587123685e+05  1.313718542417766e+05
  2.526195406750572e+09  3.839569053648808e+04  8.344629020932480e+04
  2.526061463503686e+09 -4.079079824101645e+02  3.350665180382552e+03
  2.526044791899200e+09 -2.154958092734264e+04  7.916046673987957e+04
  2.526153065654013e+09  3.496382107971286e+04  7.108112975727848e+04
  2.526160508372411e+09  1.233887163266870e+05 -2.044510552010865e+05
  2.526027994867423e+09  2.028684991483222e+05 -1.185316665673794e+05
  2.526164846886808e+09 -7.858666455919389e+04  1.512616969738941e+05
  2.526189362569610e+09  1.022537242119294e+05  2.074026352279977e+05
  2.526156286022347e+09 -4.346033429274580e+04  1.226483456290150e+05
  2.526222726565121e+09 -9.529287117808522e+04 -4.934220626313798e+04
  2.526301707939193e+09 -1.459402256341017e+05 -4.060013403042825e+04
  2.525960816154276e+09 -3.434031046708405e+03  6.373801055168442e+04
  2.526024316054453e+09 -6.515204630984459e+03 -1.396655245817809e+05
  2.526158447464721e+09 -3.091990727510292e+04 -2.094606357051658e+05
  2.525993441720917e+09 -1.307425510237899e+05 -3.628009717463097e+04
  2.526121924307473e+09  1.662945287206825e+05  9.759144671977265e+03
  2.526056968106059e+09  2.797283461681241e+04 -1.653557838550892e+05
  2.526076294754683e+09 -5.872634832377033e+04 -9.339887146698078e+04
  2.526075321222977e+09 -1.683937962190239e+05 -1.194059609959042e+04
  2.526098634349663e+09 -4.524294256978162e+04 -8.415171814574115e+04
  2.526094336179076e+09  7.407694855920970e+03 -1.014705493918504e+04
  2.526075180221306e+09 -1.966262024524796e+04  1.211919594200582e+05
  2.526047733022346e+09 -1.474660795602514e+05  9.124592609431670e+04
  2.526033734507280e+09  6.004436692404342e+04  2.433702685438198e+04
  2.526005765971459e+09 -1.109165307573814e+05  9.541597450315813e+04
  2.526122608698117e+09 -1.087436724629160e+04 -4.851975497791334e+04
  2.526160010050010e+09 -2.459205581393464e+05 -1.430719267858169e+04
  2.526069010534482e+09 -1.102236660670571e+04  3.012227192679897e+04
  2.526197327215275e+09  1.243606427002209e+04 -1.006553413100290e+04
  2.526103347459768e+09 -9.664594498884212e+04  9.707079588664761e+04
  2.526164113040896e+09  2.985507747893187e+04 -2.618748622338171e+04
  2.526224455140944e+09  1.151353923238802e+05 -1.327574908717257e+05
  2.526044722925594e+09  1.648910032045441e+05  2.910225324822869e+04
  2.526163355984433e+09 -1.258020176363221e+05  4.604871279194311e+04
  2.526104977552755e+09 -2.867060525609818e+05 -1.827375379878725e+04
  2.526088857753700e+09  2.819911860219808e+04  1.012446529369641e+05
  2.526024112274037e+09 -1.193790724530788e+05  1.000773492105670e+05
  2.526156294183291e+09 -1.285992825269937e+05 -2.910062986634299e+04
  2.525816002341669e+09  5.954626538294833e+02 -5.696996093331440e+04
  2.526252772649554e+09  7.305139077624399e+04  3.294629268863238e+04
  2.526205484623642e+09 -2.167438205374897e+05  9.367917582063936e+04
  2.526252141024745e+09  3.911196848604572e+04 -7.276534990787355e+04
  2.526035388210035e+09  4.579094364108774e+04 -1.176183979774814e+05
  2.526093109528803e+09 -4.630172580870811e+04 -2.341739364589736e+04
  2.526032823994481e+09 -9.086299350643670e+04  5.158534154909803e+04
  2.526114751349493e+09  8.351695318275550e+04  1.152829381420309e+05
  2.526161611349529e+09  1.759976906069526e+05  1.633874688761588e+05
  2.526110316320122e+09  4.534873672979220e+04  5.083797693980907e+04
  2.526193058809289e+09  1.696968431358575e+04 -1.121481901981425e+04
  2.526151265019058e+09 -1.910451910231634e+05 -6.658312811913819e+04
  2.526156001789900e+09 -1.362094610008700e+05 -1.458199851110128e+05
  2.526110897543877e+09 -2.635862639515428e+04  8.510058433369501e+03
  2.526319155671434e+09 -5.551507345209042e+04  1.365481586863310e+05
  2.526131258675904e+09  7.602681040412956e+04  8.435387643498369e+03
  2.526076247316435e+09  2.976793947141978e+04 -3.084784386734752e+04
  2.526211735649691e+09  1.855953880605560e+05  4.125867962241056e+04
  2.526063033322280e+09 -1.596064206744601e+05  1.553924597211136e+04
  2.526205304509510e+09 -5.870412952240821e+04 -1.376260376442841e+05
  2.526087069025443e+09  2.157277149660355e+05 -1.723861975738324e+05
  2.525967838471033e+09 -4.175067250870855e+04 -2.877703683080687e+04
  2.526115159747496e+09 -6.093520487131947e+04  6.718668256441827e+04
  2.526228129682607e+09  2.165587233194828e+05 -1.973811842019006e+04
  2.526150172521771e+09 -3.848236312178196e+04 -7.149837380985654e+04
  2.526064950403421e+09 -1.066525146085834e+05 -5.084693917699526e+04
  2.526144339598231e+09 -2.238751308907154e+05  6.065736377697077e+04
  2.526285378361531e+09 -8.976985264225642e+04  1.204551012082945e+05
  2.526115637502532e+09 -6.934476720299131e+04 -4.991745713100373e+04
  2.526284460116031e+09 -1.027949036830150e+05 -1.303142255491347e+05
  2.526048564135052e+09  2.731759850162524e+04  6.422277951007377e+04
  2.526121383386591e+09  1.169961581470926e+05  2.120223773946167e+05
  2.526205969684227e+09 -4.199780436436052e+04  9.640989732524985e+04
  2.526100452796103e+09  9.993387441670406e+04 -6.817326487360685e+04
  2.526282356510639e+09  3.703074326299375e+04 -9.767283855226217e+04
  2.526130969064270e+09  1.124797762191156e+04 -1.397178330161248e+05
  2.525916523658624e+09 -5.277142455278721e+03  1.062050873050340e+05
  2.526116844310897e+09 -1.509695611580552e+05  1.432605768775329e+05
  2.525950219054483e+09 -1.024555846851072e+05 -9.314117811465100e+04
  2.526331648497761e+09  1.075976286484392e+05 -9.982635799739999e+04
  2.526039498708920e+09 -2.052043748508361e+05 -3.844319943227503e+04
  2.526251723840342e+09 -1.176398456722916e+05 -6.193284334182390e+04
  2.526070501979018e+09 -1.880263197369715e+05 -1.851242757740256e+04
  2.526064099264364e+09  1.833704604626866e+03 -1.289047732088096e+05
  2.526076405848768e+09 -2.057536599906185e+04 -1.616112151132680e+05
  2.526104179055140e+09  1.221476352983358e+04 -6.192692249064762e+04
  2.525915936588802e+09  1.479239450328762e+04 -3.656874891113269e+04
  2.526143074304647e+09 -3.397084543192131e+04  5.703993833702285e+04
  2.526125520160048e+09 -1.083530855958527e+05  1.080340503621362e+05
  2.526129996676292e+09 -7.321822773553664e+04 -4.142253745286260e+03
  2.526071845138444e+09  5.878783207803298e+04 -1.621128371034814e+05
  2.526078340567700e+09  2.556483844332073e+05  1.819281221805711e+04
  2.526025465040452e+09  2.116650104936352e+04 -4.209723750619404e+04
  2.526123929490701e+09 -1.529871667134999e+05  8.415461906840419e+04
  2.526330138757051e+09  4.009378909446450e+04  1.530722486860277e+05
  2.526036056754075e+09  5.749640027238452e+04  6.295558371288213e+04
  2.525988418396669e+09 -1.767267183590124e+05 -5.514437940380420e+03
  2.526055387960521e+09  5.249676675567369e+04  7.855160001819240e+03
  2.526047967084357e+09 -1.045265801429760e+05  1.700593417652234e+05
  2.526276149090412e+09 -2.647756822092249e+04  1.532426412429491e+05
  2.526159401833691e+09 -4.217215216983599e+04  5.794402715451503e+04
  2.526124828435253e+09 -4.126956796845235e+04  4.048950513701228e+04
  2.526375304738844e+09  5.464361451049056e+04 -2.256959556272486e+04
  2.525920794287168e+09 -2.516354333376070e+04 -2.395306973985161e+04
  2.526141023570122e+09 -2.015290659111886e+05 -1.175167959962428e+05
  2.526078734193391e+09  6.382585516461049e+04 -2.597862537092406e+05
  2.526340974312059e+09  4.934176986178762e+04 -1.102265526674301e+05
  2.526026626140908e+09  2.286207862219493e+05 -5.644617747382994e+04
  2.525951326070943e+09  9.726678441781650e+04 -1.726345403327959e+05
  2.526053578317462e+09 -7.186273470367515e+04 -4.543397771481960e+04
  2.526035845381992e+09  1.909403904962834e+05  8.675542418171302e+04
  2.526007612799046e+09  1.906433794519019e+05 -1.211248757126741e+02
  2.526003518519381e+09 -5.053973984642109e+04  7.748973154704930e+04
  2.526123144495291e+09  1.977779535203112e+05  2.047143010526057e+05
  2.526229198834589e+09 -1.788014165564098e+05  9.726711975403735e+04
  2.525968589767320e+09  1.819151472396635e+05  8.880214530624915e+03
  2.526202539309769e+09  6.666908955597295e+04  1.068448443560465e+05
  2.526175458695727e+09 -1.361890521309148e+05 -4.926233774703229e+04
  2.525978053091144e+09  5.071593580999439e+04 -1.576046514902197e+05
  2.526042246810289e+09  5.400187852466886e+04 -2.493339216839313e+04
  2.526094002142607e+09 -1.875696043115845e+05  2.832126944614947e+04
  2.526193863730748e+09  9.356206709029683e+04  1.514907814256591e+04
  2.526184085048383e+09  1.962237099926369e+05 -1.389261371641309e+04
  2.526020598967487e+09  1.776493627351779e+04  1.718815601219551e+05
  2.525994664229948e+09  7.954231388977676e+04  3.234640374687361e+04
  2.526079036166049e+09  5.216944519845984e+04  2.877633031908842e+04
  2.526249561873200e+09  8.533495244134904e+04  1.933808250444852e+05
  2.525929716089178e+09  1.474952351893315e+05  1.254524473904443e+05
  2.526011151958724e+09  1.853883635747281e+05  7.586235873894014e+04
  2.526081590930902e+09  2.402206260840626e+05 -1.116559103266314e+05
  2.525972665877199e+09 -5.656725385496294e+04 -1.221986245435248e+05
  2.526210358341328e+09  3.735202442667924e+05  1.100160355768115e+05
  2.526140780726870e+09  7.112146302740884e+04 -1.316708256005106e+04
  2.526006541661257e+09 -1.877187688148534e+05 -1.464316810519960e+05
  2.526119005036446e+09  4.783274025722989e+04  3.501332009207750e+04
  2.526218511391998e+09  1.087626341960309e+05  5.163895714815124e+04
  2.526167356999198e+09 -2.181271447789143e+05  7.951812877001567e+04
  2.525998450932350e+09 -5.407731962192454e+04  9.710442899544095e+04
  2.526037088570592e+09  1.335593227223639e+05  4.602683888780177e+04
  2.526079800278099e+09  7.007094062183634e+04  1.391429463914013e+04
  2.526021908754661e+09 -1.640938102334691e+04 -1.174094700240248e+05
  2.525996379772470e+09  9.472360179255670e+04 -1.213983650831720e+05
  2.526098784078400e+09 -1.749446448048071e+05 -4.690776781124296e+03
  2.526080729603350e+09  7.457292075756355e+04  7.936648427011515e+04
  2.525964216871170e+09  2.731851779436921e+05  1.478457399206358e+04
  2.526182155396516e+09  2.142628039315816e+05 -6.790910442640004e+04
  2.526114369036190e+09  9.992237913550343e+03  9.541805552053265e+02
  2.525996355206021e+09  2.144695028764082e+05  2.622474715498294e+04
  2.526173939776207e+09 -9.515770877868473e+04  6.036113638144301e+04
  2.526167083041615e+09  7.485837813655415e+04  9.503663051514782e+04
  2.526160066852106e+09 -5.309043244303484e+04  3.798464530503331e+04
  2.526023031895930e+09  4.433156150926347e+04  4.258881073284219e+04
  2.526168429633963e+09 -1.447038139228483e+05  1.547520987122814e+05
  2.526318826161113e+09 -2.372589575570228e+04  4.154038365198790e+04
  2.526276076459458e+09  4.946385667220491e+04 -3.737250668492075e+04
  2.526197342345326e+09  2.179222437975160e+04 -2.520267226181430e+04
  2.526231797774393e+09  1.414426075358875e+03 -3.934399228220200e+04
  2.526060579799778e+09  6.592263522477588e+04 -9.138309068061342e+04
  2.526223178318735e+09 -1.803780040623917e+05  8.983167496294784e+04
  2.526001718064550e+09 -3.410199396877020e+04  1.886021791457831e+05
  2.525991947429630e+09  8.235041737713793e+04  1.342244082545079e+05
  2.525949372382641e+09  9.387509102677286e+04 -7.761470394042728e+04
  2.526214429435103e+09  3.078366793829971e+04 -1.342515158230227e+05
  2.526253164729219e+09  3.315473558464251e+04 -3.512279412052408e+04
  2.526057152071579e+09 -1.128202991877267e+05  1.028544642669228e+05
  2.525948522874399e+09  1.662206848969273e+05  5.418887926128082e+04
  2.526082471027831e+09 -1.085347271789878e+05 -4.330608381819032e+04
  2.526106953506495e+09 -4.203555207553174e+04 -8.610064910969441e+04
  2.526216234339973e+09 -9.721381374619517e+04 -6.127609086437803e+04
  2.526049218852275e+09 -5.257875748054858e+04  2.022863603925915e+04
  2.526171515514839e+09 -3.754776511323336e+04 -1.011370803656549e+05
  2.526122521050901e+09 -1.030664138283767e+05  1.470072531961417e+05
  2.526153036913560e+09 -2.532877385485894e+04  3.746458761176642e+04
  2.526076565703198e+09  8.642543803141435e+04 -2.346291420594696e+04
  2.526058341706211e+09 -2.810307204060565e+04  8.124938491844980e+04
  2.526009501874922e+09 -9.388503188506234e+04 -9.596463612283091e+04
  2.526162801776515e+09 -1.002847524577922e+05 -1.312283793069077e+05
  2.526010365917977e+09  3.209584700017585e+04  7.868339339681691e+04
  2.525856412451781e+09 -2.744505497238878e+04  1.976056450813467e+05
  2.526015755774526e+09 -1.162660104598107e+05  1.122129548391330e+05
  2.526000405848334e+09 -1.574052629413307e+05 -2.203321851468572e+04
  2.526273537142653e+09 -3.295797647284949e+04 -4.723505735216313e+03
  2.526222597611429e+09  1.450697615624114e+03  5.460499808004906e+04
  2.525982227166426e+09  8.407836485022446e+03 -2.859969590780861e+04
  2.526278756160772e+09 -1.126111859387339e+05 -3.718170026353456e+04
  2.526062311123469e+09 -1.514890523474477e+04  1.211553147528726e+05
  2.526130319011539e+09 -1.543960862145014e+04  1.258268466088823e+05
  2.526083266972175e+09 -1.502705014405109e+04  8.003572610520554e+04
  2.526038357639593e+09 -2.156287121688798e+05  2.023241036057624e+04
  2.526227859245342e+09  1.426211872540405e+05 -9.233359490556177e+04
  2.526147389913739e+09  2.511315768273640e+04  4.725973441887274e+04
  2.526091420064383e+09 -7.588958225759817e+04  1.579641177181471e+05
  2.526246126706810e+09 -1.100451879600117e+05 -4.478225414549018e+04
  2.526210066461394e+09  2.577015867499087e+04 -9.226386796858651e+04
  2.526049644995052e+09  3.655195699280698e+04 -7.612643304944271e+03
  2.526169813478597e+09  5.082432994127413e+04 -9.564376681431767e+04
  2.526177084145826e+09 -1.947306083424482e+05 -1.399241989295925e+05
  2.526165070682218e+09 -4.594662334926426e+03 -8.168393254924641e+04
  2.526128405932458e+09 -2.899304765973659e+04  6.521710196412099e+04
  2.526038852323999e+09 -1.652479769882134e+05  1.061425071197911e+05
  2.525927230348585e+09 -3.328313798299688e+04  5.781575931681786e+04
  2.526011212913113e+09  7.608056615436729e+04  6.324139778340003e+03
  2.526247706186249e+09  5.001681150101149e+04 -9.664581196883606e+03
  2.525959318410094e+09  5.231044569691696e+04  9.388698135418199e+04
  2.526074629718352e+09 -1.314597971272658e+05  1.259012138905723e+05
  2.526171158218840e+09  1.489928024440445e+05  2.720305245993752e+04
  2.526160196792903e+09  8.919598575384240e+04  6.596338282180019e+04
  2.526057530239890e+09 -1.633995150441591e+05  4.929280012729316e+04
  2.526166308722588e+09  2.802600822983193e+03  1.020082051387220e+04
  2.526173479404519e+09 -6.043067167253548e+04  1.095627162502495e+05
  2.526053284203148e+09  1.227723294997149e+05  7.875601787371357e+04
  2.526064691430340e+09  8.021674762356293e+04  1.035129520127728e+05
  2.526437322657998e+09 -1.015841766244730e+05  1.640296425055857e+05
  2.526063183022539e+09  4.107853112099227e+03  1.059709587555770e+05
  2.526257955169503e+09 -5.031990478773206e+04 -2.193169271908002e+04
  2.525994986216576e+09 -2.041463646840745e+05 -1.484607996288535e+05
  2.525961317694561e+09 -9.548450763040956e+04 -2.142069346236885e+05
  2.526308848090657e+09  8.204704096620856e+04 -7.434641382795206e+04
  2.526052349194905e+09 -9.096770600055571e+04  5.790979723992746e+04
  2.526157063596880e+09  2.913949132902134e+04 -4.669538859670120e+04
  2.526045205785955e+09 -5.929920620714477e+04 -3.562236554379924e+04
  2.526131823597631e+09 -2.030278335524397e+04 -3.388935554798460e+04
  2.526056603524975e+09  8.233535579848918e+04 -8.154301202797273e+04
  2.526303884429379e+09 -1.383462207733943e+05 -1.222039938651625e+05
  2.526162293129817e+09  6.662514505163074e+04 -1.157393615912634e+05
  2.526058439661180e+09 -8.445881063434028e+04 -1.546646062021749e+05
  2.526214404145648e+09  1.636016455661340e+04 -1.641142024974222e+03
  2.525991149068578e+09  8.653011316248449e+03  6.295599176779695e+04
  2.526035962526441e+09  1.168358852522944e+05  8.098658368869405e+04
  2.526081985186877e+09 -3.492843848296953e+04  7.965219540729179e+04
  2.526019673137003e+09 -4.695737674888712e+04 -2.194286146299553e+04
  2.526145285290369e+09  4.876573951722169e+04  2.504995671566739e+04
  2.525997104175101e+09 -3.832751984558150e+04 -4.758579979374493e+04
  2.525998549146818e+09  2.931253289656012e+04 -1.284758125728488e+05
  2.526095542563890e+09 -1.083423728549830e+04 -9.518305413837968e+04
  2.526299295914109e+09  1.607031536853439e+05  5.641950592709152e+03
  2.526202609699978e+09  4.640961453108932e+03  5.328189321993856e+04
  2.526144872216335e+09 -2.110227705605526e+04 -5.423246161163959e+04
  2.526233937586417e+09  4.005020359471062e+04 -1.380078252171450e+05
  2.526297861038347e+09 -1.216150377664426e+05 -1.615357742342781e+05
  2.526056672774776e+09  5.723369023207948e+04 -1.761811404945420e+05
  2.526113458280800e+09 -3.451550513326959e+04 -2.938689404759090e+04
  2.526131848133707e+09  4.827889850178570e+04  6.122874007407471e+04
  2.526003640161484e+09  6.594318417465012e+04  2.964027635285928e+04
  2.526187634065649e+09  2.324199255012414e+05  1.928648729493876e+04
  2.526063788189965e+09  1.076204355914788e+05 -2.029374880776578e+04
  2.526343852859405e+09  9.215321700043650e+04  2.370295606478024e+04
  2.526160288381510e+09  2.075206083216919e+05  4.116497733342473e+04
  2.526081767156099e+09 -6.353598011234295e+04  6.802390006481670e+03
  2.526029518152341e+09  7.842326380541944e+04 -8.869893240112253e+04
  2.526210309138682e+09 -1.040225113151938e+05 -1.278141077719581e+05
  2.526064415178566e+09  1.969922625694156e+04 -2.011157783854220e+05
  2.526034344243900e+09  4.877474609648087e+04 -2.002819123661200e+05
  2.526160589244369e+09 -8.495678559846396e+04 -1.755096836805972e+04
  2.526045626122508e+09 -1.162574342816053e+05  1.903279418120757e+04
  2.526203787172600e+09  9.670989387839544e+04  2.803797017132328e+04
  2.526050176569381e+09  5.058824831165530e+04  1.475702749324430e+04
  2.526238438537951e+09 -1.744182261444503e+05 -7.070328502718080e+04
  2.526365473932371e+09  4.732404347283469e+04  3.581306520194933e+04
  2.526136434487333e+09 -3.090401262549227e+04  6.804594385870278e+04
  2.526055471388142e+09  1.711306350071308e+05  1.332687617481551e+05
  2.526193794617049e+09  2.221137416097023e+05  1.758433193765760e+05
  2.526234921553761e+09  1.090954766665772e+05  1.080787596087928e+05
  2.525996453451547e+09  1.640046016068733e+04 -2.016969484703615e+04
  2.526205070719772e+09  8.864750930004660e+04 -2.742720212565383e+04
  2.526013877896923e+09 -4.744782718267839e+04  1.279755602963269e+04
  2.526108805618947e+09 -2.207517283216849e+05 -1.080562309332974e+05
  2.526101181310595e+09 -3.755715432336088e+03  1.065856971842039e+05
  2.526066998040306e+09  2.309391519714377e+05  4.745602432698011e+03
  2.526131038026271e+09 -2.046836929835868e+04 -2.113168917088324e+05
  2.525976585279431e+09 -1.094466639718914e+05 -1.209846421441041e+05
  2.526011097399418e+09 -1.345947167608491e+04  2.578656476850575e+04
  2.526205952514132e+09  8.017296656843298e+04 -4.291016217674129e+04
  2.526168578571395e+09  5.323300615387037e+03 -9.427508603882336e+04
  2.526128641699491e+09 -6.111889070706954e+04  1.271507704444742e+04
  2.526132281017227e+09 -7.826184254076821e+04 -9.889287579933822e+03
  2.526145275547110e+09 -9.084075370533927e+04 -4.480211288452940e+04
  2.525970200213930e+09  2.382595465410285e+04  4.738416650659731e+04
  2.526202414514081e+09  3.014584755912225e+04  4.856049788962194e+04
  2.526012339201253e+09 -4.629613844052621e+04  1.783709024643280e+05
  2.526138042506192e+09  1.675280143396896e+05  1.962085128754489e+05
  2.526071645080443e+09 -2.552139719413652e+03  2.773976342131244e+04
  2.525917280758513e+09 -7.710052287437170e+04  1.685305597978237e+04
  2.526088515890113e+09 -1.612752844271651e+05  4.129589018848503e+04
  2.526017716679348e+09  2.441690021866881e+05  3.154753229666362e+04
  2.526139402447689e+09 -2.426582352402597e+04  7.949685387788858e+04
  2.526197852387740e+09  1.271977673891131e+05 -2.140461145169288e+04
  2.526180436588018e+09 -1.927582786157457e+05 -3.043300256035151e+04
  2.526151961936607e+09  9.939412645802647e+04  6.961173132876609e+04
  2.526086158534143e+09  1.661474197175542e+05 -3.937774137588590e+04
  2.526148427970556e+09 -8.886922832022747e+04 -5.999724576115946e+04
  2.526224690391449e+09  7.424683670393238e+04  7.649442320761379e+04
  2.526203935164677e+09 -1.885631146888665e+05  1.606033559828512e+05
  2.526156094433822e+09 -1.468649434732213e+05  6.476647945544042e+04
  2.526130307254373e+09  4.427110064756824e+04 -7.349303959018853e+04
  2.526252304261975e+09  1.614652643067134e+05 -1.174935248609551e+05
  2.526008967571936e+09  2.889864045964829e+04 -2.708906293433346e+04
  2.525997741672207e+09  1.000987861732172e+05  2.474303247328778e+04
  2.526163123778811e+09  5.237825288040552e+04  1.971375053444963e+04
  2.526140396025845e+09 -1.328392289613464e+05 -1.494375046684046e+05
  2.526095293601288e+09 -1.352712767761741e+05 -1.440090938203239e+04
  2.526189625307905e+09  1.409531548554034e+05 -6.522926273010072e+04
  2.526011302039299e+09  2.801656228849597e+05 -1.257740569546401e+05
  2.526203832826567e+09  5.775060997050640e+04 -1.480842169773105e+05
  2.526158681500428e+09  1.685997489972601e+05 -8.493950284758897e+04
  2.526025312552883e+09  1.161006802302217e+05 -1.249019938011876e+05
  2.526092603964997e+09 -1.046150685833162e+04 -1.017899444975432e+05
  2.526045194058818e+09  1.211136970295302e+05 -7.993894236545113e+04
  2.526163195890966e+09 -1.225182707974585e+05 -1.348290608959602e+05
  2.526055073905397e+09 -2.971088792547607e+04  6.384782990408700e+04
  2.526015636944435e+09 -3.493734265230200e+04  1.365320133771881e+05
  2.526099166150988e+09  2.619508810381859e+04  1.251508755498918e+05
  2.526055972262612e+09 -5.708917871438176e+04  7.527092975982535e+04
  2.526109264220595e+09  2.403915108901179e+05  9.874349969509710e+04
  2.526163162252384e+09  7.956096269961202e+04 -2.991918395479640e+04
  2.526195491340457e+09  1.035359911749187e+05 -1.313581912352968e+05
  2.526120795568339e+09 -2.193476901291434e+05  4.770978111615172e+03
  2.526187897342651e+09  2.587545904136240e+04  6.647371143353847e+04
  2.526091840124882e+09  1.774507147438908e+05  1.812349736521458e+05
  2.526143340518775e+09  1.302308818564473e+05  1.123859471938021e+05
  2.526148282068656e+09  6.556971172008011e+04 -7.344937869516807e+04
  2.526126902886474e+09 -8.484588687525829e+03 -9.479219972479763e+04
  2.526155173765359e+09  6.009917572500237e+04 -1.039143621312920e+03
  2.526136366913953e+09  5.836772471145424e+04  8.760032070312893e+04
  2.526113152326978e+09 -6.307549596352852e+04  9.130001179427851e+04
  2.526336703729126e+09  2.224106027235161e+04  1.883831091181867e+04
  2.525785308214922e+09 -8.349525708086533e+04 -2.163677307187168e+04
  2.526108673038489e+09 -8.513183458297554e+04 -7.955184689656598e+03
  2.526262138210834e+09 -7.090898615174985e+04  4.421288842591817e+04
  2.526342333148006e+09  1.587432184306039e+05  2.149214890732104e+04
  2.526333119229427e+09  2.779682375081658e+04 -1.527086930975490e+05
  2.526015276939014e+09  7.246836886553583e+04  8.885135506977502e+04
  2.526030032321260e+09 -9.389913743418689e+04  6.099090580171550e+04
  2.526097904728784e+09 -6.229101560900942e+04 -1.849615991681834e+05
  2.526077777247758e+09  5.860474902579217e+04 -1.899732431556132e+05
  2.526159292548459e+09  3.905628434716124e+04 -3.466538993753935e+04
  2.526115319272049e+09 -3.921419633999758e+04  2.265874974095117e+04
  2.526128654186790e+09 -6.235035891936329e+04 -9.028634457009705e+04
  2.526162944664338e+09  1.050848552106188e+05 -1.582799997366769e+05
  2.526183969191522e+09  1.922305326325415e+05 -4.649038973777124e+04
  2.526099781514937e+09  5.529546221367782e+03 -4.345497361647063e+04
  2.526103821847053e+09 -8.920220055297017e+03 -5.330712299514079e+04
  2.525922788967429e+09  2.143675724382442e+04 -7.432967319467547e+04
  2.526051258895936e+09  4.356013965281268e+04 -9.569284583241516e+04
  2.526026784306885e+09 -2.235836548057616e+05  4.008848061653320e+03
  2.526096143243563e+09  1.281032327652011e+05  3.991385615817690e+04
  2.526083605815897e+09 -2.202079925231542e+04  1.740905085958570e+03
  2.526176881063557e+09  1.556932402477029e+04  1.459233669512265e+04
  2.526050010463651e+09 -2.637745947496587e+04  3.936019058552914e+04
  2.526129676729846e+09 -4.600875929796544e+04 -5.676960908968959e+04
  2.526184461846489e+09  1.132187885874999e+04 -1.051343200074008e+05
  2.526076462947068e+09  1.424137999958523e+05 -9.843535407071328e+04
  2.526015902318971e+09 -5.548838663304794e+04 -2.256294467299451e+05
  2.525913822975277e+09 -1.280339590478517e+05 -1.935033404987159e+05
  2.526050592486115e+09  4.169950757145393e+04 -6.304555984065961e+04
  2.526200626629909e+09  1.262554560984378e+05 -1.026109464383344e+05
  2.526027969899848e+09  2.029473390832850e+05 -9.547876549949823e+04
  2.526070651947224e+09  1.506122594444182e+05 -1.061407667584892e+05
  2.526244308607629e+09  1.618899777113404e+05 -1.552462896999259e+05
  2.526021573289337e+09 -6.657128700485313e+04 -2.382024257797020e+04
  2.526062757286469e+09 -1.097130225320988e+05  5.776562568048132e+04
  2.526053472479975e+09  6.729773024353315e+03 -6.629739305544621e+04
  2.526368132761655e+09 -4.763468308415264e+03 -8.557675028273964e+04
  2.526079715295922e+09  5.486796871149167e+04  1.678861617551767e+03
  2.525954620405142e+09 -1.866901012345582e+04  3.069209146982816e+04
  2.525970549806227e+09 -2.136569110727378e+05 -3.292861123363115e+04
  2.526003868971302e+09 -9.810825163758983e+04 -6.638540419481683e+04
  2.526022105160697e+09  2.869803320241573e+05  4.021351696714642e+04
  2.525924276186459e+09 -1.312183968524970e+05  8.404146475061716e+04
  2.526138034018767e+09 -9.786120274436427e+04 -1.387151423621102e+05
  2.526187512147779e+09 -7.929596385572106e+03 -3.959681463837319e+05
  2.526141544064030e+09  7.152247386503185e+04 -1.731150291730585e+05
  2.526122942506480e+09  1.482527459617713e+05 -1.761247042018455e+03
  2.526169319212918e+09  1.871777391752037e+05 -1.461756984702679e+05
  2.525984599060786e+09  8.485397501095774e+04  4.268220120946350e+04
  2.525875533099512e+09 -1.016717205005679e+05  1.518588230966006e+05
  2.526087134239269e+09  9.076171419715660e+04 -2.916454856238770e+04
  2.526152030271617e+09  5.122164962863049e+04  2.206211589580984e+03
  2.526236653514578e+09  6.609421126412763e+04  4.088652078658523e+04
  2.526182792997256e+09 -2.359156032055430e+04  2.365096179220216e+04
  2.526087532380255e+09 -1.142339913685243e+05  1.445030904643640e+05
  2.526137879603980e+09 -2.071291702747040e+05  2.244146660822778e+05
  2.526173416794555e+09 -1.128155432092295e+05  1.591875444643409e+05
  2.525993798780113e+09  1.717009095442573e+05  1.397179004265927e+02
  2.525754716619994e+09  8.046036974224029e+03  2.154264086889103e+04
  2.526088623588668e+09 -6.400216120232851e+04  4.710317987749772e+04
  2.526212824251659e+09 -5.610807528932171e+04 -7.514026351536060e+04
  2.526290258619455e+09 -2.894338617332850e+04  8.833401792787675e+04
  2.526102843581589e+09  1.091926477111916e+05  2.443478411771408e+05
  2.526073375953319e+09 -1.064298441867880e+05  1.581298378946859e+05
  2.526000024218003e+09  1.021937181602145e+03  1.349290513348801e+04
  2.526053083048059e+09  1.045912797803102e+05  2.556472186148178e+04
  2.526198877834979e+09  4.921774192596821e+04  7.650532912476979e+04
  2.526109692690647e+09 -1.319391751709254e+04 -4.248233792279381e+04
  2.526210998987472e+09  1.885246196148044e+05 -5.958432230352773e+04
  2.526158402611902e+09 -9.029888282668206e+04 -1.015122816355298e+05
  2.526078765654018e+09 -4.364818301063259e+04 -1.150109544520257e+05
  2.525989070751234e+09 -6.996095026830840e+04 -2.418525912104046e+04
  2.526128524229014e+09  7.562680495288980e+04 -3.658020463489418e+03
  2.526189408872739e+09 -5.627326799198351e+04  8.948581343213085e+04
  2.526051103977247e+09  1.364909721127939e+05 -7.879254856111947e+03
  2.526018369989214e+09 -2.314994652140384e+05 -7.399018731657916e+04
  2.525998005475060e+09  3.871022029928677e+04 -9.820721066526137e+03
  2.526029271685343e+09  6.599900498335599e+04 -8.365782488719327e+04
  2.526054737595066e+09  1.754910871944241e+05  3.011608310598353e+04
  2.526167001533110e+09 -1.391310870867198e+05  1.687580177779903e+04
  2.526093211798052e+09  1.164744441848272e+04 -7.929831538417027e+04
  2.526182804768470e+09  1.689424796498066e+05 -2.418881104263733e+04
  2.526077532589721e+09 -7.460136999917898e+04 -1.670795232351194e+04
  2.526305606785709e+09 -1.743796785117382e+05  2.523576444989664e+04
  2.526159622917009e+09  2.350418802977129e+05  2.632215109849337e+04
  2.526042663338432e+09  2.802612186831771e+03  6.662115755243751e+04
  2.526044815248827e+09  8.816635525631718e+03 -1.584133456112547e+05
  2.526081278027053e+09  9.026554396969173e+04 -1.831130479584739e+05
  2.526085179089494e+09  5.588406848482275e+04 -1.074595149087727e+05
  2.526157151902359e+09 -4.713551003611344e+04  5.088707320731319e+04
  2.526143923489950e+09  9.657406243842281e+04  9.910818176568748e+04
  2.525883342371240e+09 -2.670202465242709e+05  3.488316111374903e+04
  2.526227604265053e+09  1.272187235861439e+05  4.398146727300691e+04
  2.526130947978503e+09  4.494957848375675e+04  6.020886939384742e+03
  2.526160940256079e+09  1.755743717917827e+05  1.800259821635801e+05
  2.526133092376615e+09  6.571031955960300e+04  1.918403192667444e+05
  2.526145619528711e+09  9.128548175541800e+04  9.495563866962359e+04
  2.526192993633893e+09  6.048901615280448e+04  2.976999577670539e+04
  2.526267030435085e+09 -1.049265099898045e+05 -5.626312966240640e+04
  2.526173086962957e+09 -1.264948488918634e+05 -1.874580500869872e+04
  2.526143951898300e+09  1.494123734401725e+05  8.222846119992342e+04
  2.526307170362020e+09  8.980222426434181e+04 -4.509288542155491e+04
  2.526214804249584e+09  3.409362636718701e+04 -8.004971871391090e+04
  2.526007558748579e+09  8.748802948085638e+04  6.639234723508157e+04
  2.526098731912760e+09 -9.975090054678824e+04  1.671606602298138e+04
  2.526040560245032e+09 -2.559346243635914e+04  7.729457889176335e+04
  2.526205132561749e+09  8.028362531555165e+04  6.129395475922525e+04
  2.526070686678888e+09 -1.398653587311537e+05 -7.376114890160714e+04
  2.526044042682105e+09  2.104738133415305e+05 -1.479555930346561e+05
  2.526119886375739e+09 -1.389701163561875e+05 -1.472884402045740e+05
  2.526034263300719e+09  2.272545253245351e+05 -1.147937481696428e+05
  2.526129291118359e+09  1.895148330821619e+05 -1.771804314068223e+05
  2.526158517606848e+09  1.753108285584509e+05 -1.013962852637840e+05
  2.526054685304034e+09  2.446638830190990e+04 -4.194076702919055e+04
  2.526168324631408e+09  1.334897298980876e+05  1.010204193959315e+04
  2.526003218078302e+09 -1.014386019625458e+05  9.005961626743915e+04
  2.526153105551451e+09  7.094551922957262e+04  1.045661518917296e+05
  2.526173319221107e+09  1.072791737340023e+05  4.419596906090021e+04
  2.526121170867713e+09 -5.617757279081736e+03  3.494880643077457e+04
  2.526272917235978e+09  6.314792941919295e+03 -6.755149019936204e+04
  2.526031616432419e+09 -1.720946224652687e+05 -6.828664858862275e+04
  2.526193273899854e+09 -4.592071744927825e+04 -6.002563057289335e+04
  2.526210510410841e+09  1.213381849719216e+05  3.272579926977854e+04
  2.526245964589900e+09  4.230759658860846e+04  7.393908165591239e+04
  2.526097130726066e+09  1.892323607612586e+05 -2.571784433123714e+04
  2.526171387906278e+09 -6.174171208102489e+03 -1.617038285416998e+05
  2.526164780190643e+09  4.179194348217227e+04 -1.120714775135206e+05
  2.526133167848141e+09  1.947193536166476e+05  2.925868456651922e+04
  2.526047263425490e+09  4.074682032637071e+04 -8.172267539961694e+04
  2.526127702690423e+09  1.035233382274288e+05 -7.927583386194162e+04
  2.525963797904895e+09  2.186192756545666e+05 -1.677133758037051e+04
  2.526074129088696e+09  9.947680949349797e+04 -1.520337140172170e+05
  2.526205239027610e+09  2.142985731557328e+05 -1.363013841968135e+05
  2.526058362601872e+09  7.063950332957949e+04  4.627834278803377e+04
  2.526129938340291e+09 -1.479587611761116e+05 -9.117515948426956e+04
  2.525978670393805e+09  1.198175179074536e+04  1.700757664209476e+04
  2.526075706289369e+09 -4.000603743206116e+04  5.929824288864434e+04
  2.526050438556169e+09 -7.977188367474428e+04  9.803955969897565e+03
  2.525960515782226e+09  3.649570456543239e+03 -2.119959675361437e+04
  2.526169062594513e+09  1.330872790626120e+05  1.077265213680166e+05
  2.526151917923186e+09  5.853848565920629e+04  1.930110866196363e+05
  2.526144540431492e+09 -1.477801123759872e+05  5.486715400631184e+04
  2.526257252850185e+09 -1.116675628179580e+05 -1.415491279312018e+05
  2.526113070056721e+09  1.259485724233569e+05  8.789070738992805e+04
  2.526163754632284e+09 -1.136418312003743e+04  1.423406782254487e+05
  2.526108479327372e+09  3.014999919552614e+04  4.516046201760163e+04
  2.525931577920541e+09  1.332729283128364e+05  3.720299117275039e+04
  2.526223495614867e+09  2.368005421061640e+05  7.167960261179600e+03
  2.526108966683733e+09  2.410659226971115e+05  1.979735657069405e+05
  2.526127950273681e+09  1.575679090062476e+05 -1.154519634771348e+05
  2.526091645977987e+09 -1.059561142883797e+05 -1.509203918885622e+05
  2.526166101686513e+09  9.284815556606802e+04 -9.028943442915959e+04
  2.526263837380811e+09  1.364486973500612e+05 -1.071923978588781e+05
  2.526309727618923e+09 -1.681668763784236e+05 -1.573057467146341e+05
  2.526034966184965e+09 -3.002400375249353e+04 -1.893490385324989e+05
  2.525954918416625e+09  1.219235344682329e+05 -1.735932839501691e+05
  2.526153475886424e+09  6.097977155380696e+04 -1.397818721891043e+05
  2.526261322673660e+09 -8.600120457755926e+04  1.609825218821783e+04
  2.526188497607960e+09  1.492291645949974e+04  1.317257450563946e+05
  2.526081789151976e+09  5.422339301696885e+04  1.389082292239344e+05
  2.526000877877619e+09  4.431006810382940e+03  1.108120740056874e+05
  2.526115730967509e+09  5.810060724442435e+04 -9.300880519583356e+04
  2.526035380798553e+09  6.407554450678770e+03 -1.502323902612177e+05
  2.526034833877758e+09  2.786577854701312e+05  6.916523199511319e+04
  2.526126186559438e+09  8.266921653135473e+04  8.946075130755524e+04
  2.526152786164788e+09 -1.289073552357720e+05  3.112924222564907e+04
  2.526090398680407e+09  6.445060949079855e+04  8.550424576312036e+04
  2.526104985430439e+09 -6.623202127251890e+04  1.143894252486294e+04
  2.526111496696467e+09  4.961090673150017e+04 -6.858010883124045e+04
  2.526210711873316e+09  9.612651979727088e+03  4.360176876162912e+04
  2.526020690373616e+09  1.243056940423031e+05 -1.671327800418879e+04
  2.526170808393750e+09  2.001334330750024e+04 -1.084732509592023e+05
  2.526196024119003e+09  9.366703756974195e+04 -9.828530166270290e+04
  2.526096211260533e+09  1.689706858908702e+05 -8.003645621908456e+04
  2.526237748026543e+09  1.069490750289080e+05 -1.682134159775765e+04
  2.526075830055891e+09  4.561949772850319e+04 -1.012021778615280e+05
  2.526249410835691e+09 -2.666096145198506e+04 -1.971815306950414e+05
  2.526118791281932e+09 -2.433179217267275e+04 -1.641030424325797e+05
  2.525966368353621e+09  5.903644566288718e+04  3.099158802760791e+04
  2.526236936973811e+09  3.838683577475382e+04  1.352059813368623e+05
  2.526129872689820e+09 -2.550393386345450e+04  4.864673437794601e+04
  2.525918776123819e+09 -1.964397247018507e+05  8.220488875859696e+04
  2.526223534305460e+09  5.027858822439308e+04  2.905668706118374e+04
  2.526241057581123e+09  1.838945854914840e+03 -1.605744158981407e+05
  2.526045731819890e+09  1.286715204955190e+05 -1.633129615829079e+05
  2.526301709630137e+09  5.147656439978164e+03  5.913825488946284e+04
  2.525963512687046e+09  2.445800501143373e+05  1.850078891242697e+05
  2.526229420693066e+09 -4.774490360175376e+04  1.967380611773229e+05
  2.526358065976897e+09  1.970930403077067e+05  6.825311119269871e+04
  2.526126139218216e+09  5.605760433828796e+04 -4.873088609617791e+04
  2.526027249142699e+09 -9.813047725077812e+04 -8.755670395068324e+04
  2.526056404106966e+09  4.387739598649507e+04 -1.224056525588199e+05
  2.526146811120236e+09  7.244554505708511e+04 -5.497228265784401e+04
  2.526103582591573e+09  2.029094091809166e+05 -5.601398249681015e+04
  2.526042764075786e+09  4.395227563489601e+04 -3.914058889258769e+04
  2.526020574503352e+09 -7.944397629354766e+04 -3.594592323947232e+03
  2.526159899376646e+09 -3.594076187880011e+03  9.426525157398835e+03
  2.526210512033176e+09 -2.998014477042598e+04 -1.319787926372460e+05
  2.526079857719634e+09  1.052125300940243e+05 -1.064061467940445e+05
  2.526329108110916e+09  1.382487950798343e+05 -5.548248084053863e+03
  2.525928293164785e+09  5.700960574405536e+04  1.099709035879323e+05
  2.525886864437363e+09 -7.238769224637258e+04  1.850610945954132e+05
  2.526204184166207e+09  2.894819858770232e+05  1.463289212111847e+05
  2.526205366915874e+09 -3.278548219005927e+04  1.171278239735425e+05
  2.526173608544281e+09  3.018712927160144e+04 -1.100696912541590e+04
  2.526053621029377e+09 -1.156356615589146e+03 -7.607167530650721e+04
  2.526204224629220e+09 -1.711334190147917e+05 -1.613785175240237e+05
  2.526032628982197e+09  8.396967591603319e+04 -2.394119079212806e+05
  2.526199816218151e+09  9.899869825506688e+04  8.727430566255294e+04
  2.526071396826433e+09  2.927664364098012e+04  1.677309705260810e+05
  2.526165582499025e+09 -1.649957044184767e+04  9.682211901127663e+04
  2.526118263373794e+09 -2.377235967878189e+05  1.081903500063005e+05
  2.526264623630564e+09 -1.130749943115509e+05 -3.650500087762519e+04
  2.526204834210345e+09  7.055155025243806e+04 -1.121243374965969e+03
  2.526057269458366e+09 -4.336282914545154e+03  1.323496270723551e+05
  2.526192444964722e+09  5.078092108011339e+04  1.809348343967304e+05
  2.526410853617395e+09 -3.486870165996579e+04  1.296713309571959e+05
  2.525999176327254e+09 -1.031519729573748e+05  1.766696086029622e+05
  2.526075834401916e+09  2.183563442257959e+05  6.680541509985924e+03
  2.526122401715873e+09  4.370934334001358e+03  8.782800631152233e+03
  2.526327322857141e+09 -3.715962140845691e+04 -1.093787310564728e+04
  2.526219150628929e+09 -5.870049324382473e+04 -2.293930936621470e+04
  2.526178760390974e+09  2.439863321174262e+04  1.588167885198675e+05
  2.526057862675835e+09  2.842150888621248e+04  6.436393921791310e+04
  2.526090408884748e+09  1.103678310883259e+05 -5.514047710283846e+04
  2.526154797188559e+09 -5.841032296543487e+04 -2.443714771534037e+04
  2.526199367349550e+09 -5.780735461256374e+04  4.153015577450208e+04
  2.526081511062362e+09 -1.815225829852339e+05  7.593911436782964e+04
  2.526134752636328e+09 -5.576092947601387e+04  5.522250313314385e+04
  2.526196554259396e+09 -1.006852652812696e+05  1.165685429305159e+05
  2.526213644826745e+09  7.662183945929888e+04  8.179654252533242e+04
  2.525954784308495e+09  9.117555307835166e+04 -2.055044421703008e+04
  2.526154776880545e+09  1.292352872744375e+05 -8.060460822656064e+04
  2.526296354385083e+09 -7.955140537931002e+04  1.171479443997679e+05
  2.526162714667183e+09  2.169202531106080e+05  1.233352939780195e+05
  2.526179028740678e+09 -1.209705986589767e+05 -1.224998052936719e+05
  2.526161366758422e+09  7.425489892547455e+04 -9.232531246142089e+04
  2.526098007241507e+09  1.975775250706548e+04  1.623277608705976e+05
  2.526139477151921e+09  2.304315029455896e+05  2.193046710451080e+05
  2.526134181189277e+09  7.160665209147567e+04 -2.436142806825705e+04
  2.525927207545415e+09  9.914819170646113e+04 -1.962081281642737e+05
  2.526152195442718e+09 -2.115813029676925e+05 -2.085824075233999e+05
  2.525991067652806e+09 -9.581613210915425e+04  3.189783275337238e+04
  2.526212469237764e+09  3.579027348389046e+04  1.507936073549001e+05
  2.526195849942486e+09  1.444025614911795e+05  8.364747900351224e+04
  2.526194024631450e+09 -3.822778417701495e+04  2.688999620511662e+03
  2.526246376933784e+09  8.815291713445797e+04  5.913515521951159e+04
  2.526136206390140e+09  1.548389923161147e+05 -7.578009903535713e+02
  2.526053290455158e+09  9.072326647326017e+04 -1.951091698573178e+05
  2.526150434448040e+09 -7.474377273915047e+04  2.310075232102303e+04
  2.526109658024846e+09  1.481234252034640e+04  2.385990107968608e+05
  2.526049054808100e+09 -1.153690163243942e+05 -4.985781075760014e+04
  2.526040200831420e+09  1.151023732076280e+05 -1.765325159412679e+05
  2.526052876689890e+09  1.727807611405812e+05 -1.300539829179994e+04
  2.526058232439979e+09  2.226575760826753e+05  1.325947635876434e+05
  2.526287638303400e+09  2.291439107079792e+05  7.394957690669951e+03
  2.525882357069799e+09  6.145561252653040e+04 -1.213686238092360e+05
  2.526037984533212e+09 -2.334837364435967e+05  1.218925482213679e+05
  2.526187196045922e+09  4.404630251201009e+04 -1.872111276385933e+04
  2.526226479841444e+09  1.137211457373543e+05 -2.495779728766440e+05
  2.526092683998674e+09  4.646655007652473e+04 -7.671923229695903e+04
  2.526121560928661e+09 -6.218280211209349e+03  1.158108446995714e+05
  2.526087477975318e+09 -7.138339544910520e+04  1.212380125977106e+05
  2.526002015567300e+09  2.021667847050680e+04 -1.545084068496823e+05
  2.526266753121871e+09  1.380658514774032e+04 -2.307226283388129e+05
  2.526098329778390e+09 -8.729156693883194e+04 -1.507040002985345e+05
  2.526102218986176e+09 -1.952208832713324e+05 -1.527459567542395e+05
  2.526123307149551e+09 -1.209671614607084e+05 -1.219174141942675e+05
  2.526266600324165e+09  1.092949120661352e+05 -1.432155933141812e+05
  2.526268183929111e+09  7.903643192151969e+04  2.924061750659408e+04
  2.525918547258905e+09 -8.198258592527210e+04  6.654308375559479e+04
  2.526067596385143e+09  1.164361121359277e+05 -4.967842424974240e+04
  2.526158335541790e+09 -9.172615583648020e+04  4.682647740269487e+04
  2.526113167292841e+09 -1.851845078159077e+04 -9.744656064011059e+04
  2.525993710440958e+09  1.675964048858247e+05 -9.782957867543254e+04
  2.526156333922859e+09  7.228492466085800e+04  7.919271381786582e+04
  2.526308754468177e+09 -7.586743362564757e+04  3.989555311960005e+04
  2.526154914125898e+09 -6.716267170704610e+04  6.602375991507596e+04
  2.526155728813258e+09  1.041385659195582e+04 -1.060948036400201e+05
  2.526132973635732e+09 -6.936432896588364e+04 -1.620662500347819e+05
  2.526146755520384e+09 -6.321525289885327e+04 -2.622897301086760e+04
  2.526201941378683e+09 -8.081243354243820e+04 -9.111034484690055e+03
  2.526041008254609e+09 -1.849338542518392e+04  2.861213259802503e+04
  2.525968360196185e+09 -1.847336320770080e+05  1.591532888768749e+05
  2.526172394271330e+09  2.075928373324412e+05  1.755624442050345e+05
  2.526268979616908e+09 -4.936457304223161e+04  8.888741356403800e+03
  2.526104824244314e+09 -9.858111744384479e+04 -2.756143401971681e+04
  2.526103733007802e+09 -7.021650328998524e+04  3.374505547304265e+04
  2.526163209506598e+09 -1.868213765180190e+05 -1.359086895116698e+04
  2.526041399726978e+09  1.698803734880358e+05 -5.671234126193632e+04
  2.525896231382266e+09  9.052950740450574e+04 -1.232524565849861e+05
  2.526061129159193e+09 -1.026317214598536e+04 -3.077493408803956e+04
  2.526103081584538e+09 -2.330189734490600e+05  1.017002451530237e+05
  2.526189635518452e+09 -9.160418671284639e+04 -9.423659117715736e+04
  2.526065016301145e+09  2.697145805798512e+04 -5.313590481447350e+04
  2.526156564909782e+09  4.212830463636387e+04  4.936248989471700e+03
  2.526163500772829e+09  8.925944203240797e+03 -7.506707215862977e+04
  2.526008393476511e+09  2.537949776769371e+04 -4.174592643504759e+04
  2.526012717387844e+09  2.513911895053927e+04 -1.183375829933375e+05
  2.526214789970745e+09 -1.789281584744593e+05 -8.046067891318834e+04
  2.526000647373807e+09  2.640591576290422e+05 -7.076988255028799e+04
  2.526173585818299e+09 -3.586205178431212e+04 -1.305809008611201e+05
  2.526115968600323e+09  7.854821974304167e+04 -8.347316571116098e+04
  2.526250486414848e+09  5.829674610758747e+04 -4.022152817515389e+04
  2.526161409705801e+09 -1.938054097251440e+05  3.547300061800308e+04
  2.525898415707369e+09  7.853116031730780e+04  7.373844474382460e+04
  2.526107366454957e+09 -1.753984612949309e+04  9.134944767357534e+04
  2.526053606924777e+09  4.196728627550596e+04 -6.638089991626085e+04
  2.526184023931855e+09 -1.188473853320582e+03 -1.009906718088300e+05
  2.526022609673003e+09 -3.554635380059166e+04  2.307211794179678e+04
  2.526124796959347e+09  5.118475521721988e+04 -9.069098420811351e+03
  2.526064998884198e+09  1.868159475064980e+05  3.241760485243076e+04
  2.526172080518395e+09 -2.290079175666953e+04  3.097955274176039e+04
  2.526113818886023e+09  1.473398769005388e+04  6.479864369383035e+04
  2.525854076191792e+09 -8.224049178760231e+04  8.565426758280967e+04
  2.526176325838120e+09  1.391731481274683e+04 -1.666931079217920e+04
  2.526264888497723e+09  5.729392964434903e+04 -4.638027354697580e+04
  2.526215534604514e+09  1.591839872329307e+05  1.299722706624190e+05
  2.526116977809100e+09  1.049494843739565e+05  1.251865425785847e+05
  2.526077579955300e+09  7.850270860973310e+04  1.224881305781659e+04
  2.525995785030055e+09 -1.498032156118066e+05 -4.257936473093869e+04
  2.526217587918485e+09  9.873216424302268e+04 -8.656833514738129e+03
  2.526187989810346e+09 -8.967288498909533e+04 -7.529351952256693e+04
  2.526267692502800e+09 -1.314072447469371e+02 -1.579596889141556e+05
  2.526171501286415e+09  3.135175100332486e+05  1.072551030352351e+04
  2.526196027993471e+09  8.219445436298150e+04 -1.956127698717664e+05
  2.526056327163590e+09  1.082652766353365e+05 -1.867818453629211e+05
  2.526014394067324e+09  9.023167917126894e+04 -6.524077864211320e+04
  2.526284013373927e+09 -1.189640697348287e+05  9.863655823699106e+04
  2.526183148394507e+09 -1.063619503541267e+04  1.897857366794883e+04
  2.526025517068761e+09 -4.867990107592609e+04  8.440175252639130e+04
  2.526070057094403e+09  1.784494277868961e+05  1.448062769263024e+05
  2.526113526020850e+09 -1.130494121974440e+05  7.638267977628368e+04
  2.526135142816260e+09  1.222493115242197e+05  1.221504798976681e+05
  2.526079359424163e+09  2.532480242045582e+05  7.175611471937830e+04
  2.526148608769112e+09 -1.162616717072314e+05 -6.503406968168562e+04
  2.525975538169866e+09 -2.332919025792034e+05 -1.922761684079974e+05
  2.526167802211705e+09  6.603834115437238e+04  5.800207261220017e+04
  2.526117448186114e+09 -4.105092899225169e+04  1.388689972477597e+05
  2.526106477375231e+09  4.404146090644412e+03 -4.343943175803975e+04
  2.526050034791817e+09  9.671528917066054e+04 -1.163777355838026e+05
  2.525988675931138e+09  6.608097281544120e+04  1.440393542926330e+05
  2.526095317653805e+09  5.123392195113609e+04  1.026094082239540e+05
  2.525998328534225e+09 -8.351745137888356e+02  2.373028955557407e+04
  2.526128151715282e+09 -3.563860781410267e+04 -8.512436474152724e+03
  2.526363107764230e+09  1.142665558826271e+04  3.704559646140886e+04
  2.526212466191919e+09 -1.351199898844040e+05  5.546337231858587e+04
  2.526011525466318e+09  1.890248430621615e+05  4.899052172847348e+04
  2.526143926203682e+09 -6.683741230399883e+04  1.514682151903874e+05
  2.526148022949109e+09 -1.164850655836322e+05  9.784212424865732e+04
  2.526300063894858e+09  8.837570607593609e+04  1.158811171905517e+05
  2.526123423500381e+09 -1.458692748625611e+05  4.870481359539018e+04
  2.526235727239137e+09 -1.821093724895165e+05 -1.716078607876354e+05
  2.526167888656650e+09 -3.586214958666801e+04 -1.011906644836114e+05
  2.526174723313173e+09  7.785113992533967e+04  8.015945683111425e+04
  2.526245461406414e+09 -4.343467069336347e+04  9.443332163735700e+03
  2.526084578991381e+09  7.173691628551355e+04 -1.685590493245970e+04
  2.526189635451834e+09 -1.119483046376100e+04 -1.088997887431723e+05
  2.525998975476954e+09  5.294903919511288e+04  5.818588941305422e+04
  2.526044373047230e+09 -2.207454968327872e+04  1.577124330788349e+05
  2.526002748412295e+09  9.111643685186662e+04 -5.387598093602057e+04
  2.526033612323237e+09  8.300623138872953e+04  4.855174030512135e+02
  2.526278394424697e+09 -1.832761888015812e+04  1.452942414830183e+04
  2.526107423136274e+09  2.186603935865837e+05  2.514275198314548e+04
  2.526286874559836e+09 -6.753743855675176e+04  9.162356443972926e+04
  2.526203909426483e+09 -3.989682189833769e+04  1.009486599617871e+03
  2.526167553030214e+09 -4.605392071422306e+04  8.083956782850192e+04
  2.526072428927449e+09 -4.740166793142888e+04  9.094701930562826e+04
  2.526120424245914e+09 -5.466173266286156e+04  4.596789694394544e+04
  2.526004508088467e+09  1.084047942516208e+05 -7.818217544823961e+04
  2.526127310159232e+09 -1.425807698992862e+04  3.304538246395168e+04
  2.525995413099912e+09 -1.135762710156339e+05  1.223952041068121e+05
  2.526093200652564e+09  7.399344478037819e+04 -5.970529601389426e+04
  2.526112521170525e+09 -5.636917246268946e+04 -7.490602702185593e+04
  2.526140665672915e+09  1.241142968969245e+05 -2.213273421857465e+04
  2.526192740681441e+09  1.236442545971582e+05 -1.731864401095733e+04
  2.525973599026978e+09  5.753997667764872e+04  1.075492558333967e+05
  2.526214975690191e+09  1.070464909877630e+05  1.185403799989690e+05
  2.526031625983506e+09  1.232768517807185e+05 -1.072732640115034e+05
  2.526348888113859e+09  5.387999206307344e+04 -8.460181958783307e+04
  2.526005380105733e+09  4.992718405723921e+03  2.502881785043873e+04
  2.526075870264518e+09 -5.340383237931266e+04  1.426844216798554e+05
  2.526034391318200e+09  2.232331109413982e+04 -1.930041209101630e+04
  2.526338404266441e+09  1.035098810982821e+04 -3.044564335901465e+04
  2.526201220902858e+09 -2.103629212465184e+05  4.139536360087665e+04
  2.526184866419574e+09  4.524815199915698e+04  3.979568492113240e+04
  2.526000773596014e+09  1.326702963727853e+05  1.085582439973662e+05
  2.526050905662359e+09 -2.649893113410566e+03  4.383620375899994e+04
  2.526070090779330e+09 -1.116429977673634e+05  3.759285415654536e+03
  2.526198193166938e+09  1.757509656723851e+05  8.883362008574419e+04
  2.525930323169924e+09  5.366684600415333e+04  7.702810768364696e+04
  2.525996461436224e+09  1.089299628670302e+05 -9.603118339086557e+04
  2.526256074182240e+09 -7.778969698776887e+04 -1.185964147920543e+05
  2.526191688005389e+09 -1.186391389806999e+04  4.939092424036487e+04
  2.526010772754108e+09  4.308670514895540e+04  7.775669284501382e+04
  2.526079613789501e+09 -7.737758081202829e+04 -4.920086178009899e+04
  2.526207628117217e+09  1.781030788397705e+05 -1.141844019457330e+05
  2.526128233375435e+09 -1.223574821402410e+05 -7.739863966192584e+04
  2.526066174116053e+09 -2.055201433749744e+04 -2.085773612003401e+04
  2.526217945173039e+09 -3.572427673098212e+04  2.683988017404068e+04
  2.526152611246583e+09 -1.904904240921100e+05  1.137378865875254e+05
  2.526087199477199e+09 -7.369668830001866e+04  1.128365000559224e+05
  2.526064807846859e+09  2.892919760403566e+05  4.533834161037952e+04
  2.526116789819550e+09  3.450366551871609e+04 -1.268418590269519e+05
  2.526097220691640e+09 -6.847752529673098e+04 -1.317940951723480e+05
  2.525945334486485e+09  1.464685411418741e+05  8.517431618104380e+04
  2.526195809180331e+09  4.571215038611949e+04  3.961169977067318e+04
  2.526095710142753e+09 -4.509515552852990e+04  1.006021465679805e+05
  2.526277937142426e+09  3.263958971570781e+04  1.112959253083887e+05
  2.526206822766417e+09 -2.337900382823800e+04 -3.578918510061502e+04
  2.526177983828893e+09  7.153363235809753e+04  2.298221429122030e+04
  2.526073901461004e+09 -2.725134918478085e+04  4.417044639719650e+04
  2.526045237727590e+09  9.090149836252164e+04 -3.865525697593461e+04
  2.526242429236041e+09  8.067308094333019e+04 -7.222796915945766e+04
  2.526078397280194e+09  8.346176578833070e+04 -7.710527967172116e+04
  2.525969859383415e+09  2.330333461618982e+03 -2.446428987825220e+04
  2.526135183119910e+09 -1.076617991920247e+05 -7.574500924802688e+04
  2.526126356097763e+09 -2.348911847733462e+05  6.852993018873991e+04
  2.526139868572093e+09  8.919098967983178e+04  1.019877696285904e+05
  2.526073673300337e+09  7.976182074086083e+04 -4.001160634220368e+04
  2.526162075128120e+09  3.294934977361467e+03  4.161172575049021e+04
  2.526017396797904e+09  9.306888052039105e+04  6.743338844404311e+04
  2.526261951123003e+09 -1.841037999621870e+05  1.014311100800346e+05
  2.526192345780909e+09 -1.375351571577742e+05  1.174844356650321e+05
  2.526193434027438e+09  5.475096984087210e+04  1.916983280020660e+04
  2.526063983928514e+09 -2.346083839646786e+05  2.031245525386396e+05
  2.526043527273237e+09 -3.392124749199534e+04  2.223816166602285e+05
  2.526246671515308e+09 -5.025625000568712e+04  1.435780239349660e+05
  2.526233224203692e+09  8.373472932878858e+04  4.527862188677443e+04
  2.526207825217813e+09 -1.467579564368699e+05 -8.099139371897164e+04
  2.526133369383505e+09 -3.738590155503177e+04 -9.724541227526497e+03
  2.526042410097598e+09 -3.325971725977212e+04  7.330959788426710e+04
  2.526098478806101e+09 -5.537849349381588e+04 -6.099024578963523e+03
  2.526256837793374e+09 -1.042218673724862e+04 -6.304961750408553e+04
  2.526009608438637e+09  1.373676227513576e+05 -8.639980957188003e+04
  2.526249032168438e+09 -2.312731207338964e+05 -3.569238607675518e+04
  2.526074370226643e+09  2.197699816226826e+05  1.391587951173628e+05
  2.525933979091898e+09  1.655135301540282e+05  1.987455497246229e+05
  2.526053824630806e+09 -1.040421050964824e+05  2.184085963344052e+05
  2.526167444404659e+09 -3.808209448558452e+04  2.004748685231431e+05
  2.526189345176108e+09 -7.295330360290268e+04  1.808440219191324e+05
  2.526411609051761e+09 -4.236905258765107e+04  8.805227285348554e+04
  2.526040241341926e+09  7.331037158329552e+04  1.722023098105693e+05
  2.526205503092434e+09 -5.159698003974278e+03  2.893417833094799e+04
  2.526222542072330e+09  9.916849089941639e+04 -2.401806632628285e+05
  2.526190675290784e+09 -1.048210298933566e+04 -2.370800188352009e+05
  2.526003420059743e+09  1.109688532799948e+04 -7.795703990907001e+04
  2.526046001866018e+09 -5.496801645359167e+04  1.235587734355437e+04
  2.526118282108259e+09  3.881794693089995e+04 -6.527657645358483e+04
  2.526164042931962e+09 -1.290870897283792e+05 -1.108783562385710e+04
  2.526040612110016e+09  7.223704154045414e+04 -6.515226121487765e+03
  2.526185741845317e+09 -1.544447729823210e+05  1.088843647744181e+04
  2.526093723743664e+09 -6.811535645861318e+04  1.097579064773278e+05
  2.526231003149914e+09  1.142246415743952e+05  2.101156649942861e+05
  2.526027954929316e+09 -1.201375121136402e+05  1.880138659626334e+05
  2.526229169478334e+09  1.065159138390925e+05  1.108607173495626e+05
  2.526244333072579e+09 -7.502484752574749e+04  1.425093459213898e+04
  2.526011615607349e+09  1.399431204810233e+05 -7.497020679290639e+03
  2.526135936500181e+09  1.151871345761372e+05  7.632537482082006e+04
  2.526073319751611e+09 -6.583603646999272e+04  5.172134022357536e+04
  2.526085063720609e+09 -1.204654086484987e+04 -1.391303620947194e+05
  2.526028286397228e+09  1.652015626685072e+05 -1.325823476023795e+05
  2.526163106006595e+09  1.867536149616796e+04 -1.057979932442366e+05
  2.526095689686029e+09 -2.996940518112486e+04 -4.585580523468042e+04
  2.526119066720321e+09  1.061352660555126e+05  8.955159365114954e+04
  2.526185770002768e+09 -2.073369874780397e+05  6.689802398762456e+04
  2.526068827122636e+09 -5.880172066244530e+04  3.997157114439015e+04
  2.526051553406490e+09 -1.987201664044491e+05  2.944345843449923e+04
  2.526215130056965e+09 -1.941103886822388e+05  1.199190466405569e+05
  2.526083679128386e+09 -3.598950043292367e+04  8.793521319124522e+04
  2.526288582368107e+09 -4.561951926481311e+04  1.127864986120664e+05
  2.526131034275890e+09  2.345693002178776e+04  1.168824992519387e+05
  2.526337448728921e+09  5.068566792852152e+04  1.898971004138878e+05
  2.525861671350810e+09  4.934645037126634e+04 -4.451609742223751e+03
  2.526127557390501e+09  1.139518201952525e+05 -1.207558282904844e+05
  2.526095088272593e+09 -6.540303030004026e+04 -1.299913247350126e+05
  2.526267669578491e+09 -1.493596985184215e+05 -1.839792232170883e+05
  2.526136579708850e+09  1.315698223448482e+05  8.749023531725968e+04
  2.526027377674254e+09  3.100892186911649e+04  2.054485655020736e+04
  2.526122265175409e+09 -1.358401684131311e+05 -2.733537521702670e+05
  2.526016896798515e+09  6.365700011192076e+04 -6.558603721784253e+04
  2.526081980784031e+09 -9.952298545175698e+04  1.517031032185488e+05
  2.526126179023402e+09  1.145825470778759e+05  7.631919255362567e+04
  2.526291430121966e+09 -1.138360621080688e+05 -8.631365765194059e+04
  2.526100918775817e+09  2.931045298677590e+04 -7.932585272481933e+04
  2.526197121105773e+09 -4.690166896084789e+04 -5.274482942534261e+03
  2.526197727134161e+09  5.280542352983390e+04 -8.226570237354306e+04
  2.525849819787727e+09 -1.389981422592921e+05 -5.639780966826482e+04
  2.526170329854812e+09 -1.172141281263379e+04 -1.152227224719636e+05
  2.526134270966008e+09 -2.872988023996935e+04  1.652892551943031e+04
  2.525996385460855e+09  2.100731810738102e+05  1.068977304144880e+05
  2.526183050427684e+09 -5.549280273812782e+04  1.051745654036048e+05
  2.526274224797093e+09 -1.093344746164349e+04 -5.361095839684358e+04
  2.526226515046363e+09  3.640552117273048e+04 -2.650463555558585e+03
  2.526142080085766e+09  1.210354439988115e+04  2.396606765701474e+05
  2.526021816170198e+09 -1.549129327889463e+05  1.565830864651595e+05
  2.526047056681359e+09  1.404862577560609e+05 -6.420730596210522e+04
  2.526074097424308e+09  1.012065001661167e+05 -1.189955950219901e+05
  2.525979501342981e+09  7.095537905136304e+04 -2.231361726155027e+04
  2.526279492864551e+09 -6.035693364391965e+04  5.215039728659741e+04
  2.526156463110007e+09  6.283957864490640e+04  1.381805229683644e+05
  2.526067364720406e+09  1.688163776896059e+04  1.134618729181171e+05
  2.526233508506189e+09  1.078941712911206e+04  9.330977073726908e+04
  2.526021079208145e+09 -5.385558992894583e+04  1.058518495045134e+05
  2.526127143454798e+09 -1.404261166272920e+05  1.584036956257620e+05
  2.526073836892460e+09 -3.088043365166523e+03  6.914259722013972e+04
  2.526148997510780e+09  1.544086255971936e+05 -1.935207899572747e+04
  2.526082154476441e+09 -1.894938586124347e+04 -2.148897834277555e+04
  2.525977063287156e+09  4.894351878635469e+03  9.145136039785855e+04
  2.526180452327075e+09 -5.960081919505959e+03  3.252645317214516e+04
  2.526009230766922e+09 -5.405030416216096e+04 -1.605177470075827e+05
  2.526191175009589e+09 -1.094943727491929e+05 -4.072329999533540e+04
  2.526238647807403e+09  1.607787688359362e+05  9.502815595897665e+04
  2.526116691863322e+09  1.205415087096991e+05  1.094973641188660e+05
  2.526003097778869e+09 -1.772365297496112e+05  2.979052484873508e+03
  2.526139286958906e+09  5.120224107068742e+04 -5.465771238199493e+04
  2.526019634629238e+09 -1.423086924737248e+05  5.230793701291044e+04
  2.526153970885591e+09  5.330608307542733e+04 -1.412411619856342e+05
  2.526118333642740e+09  5.960236994820496e+04 -7.690765783954307e+04
  2.526028151454596e+09  1.456253732382410e+05 -2.722097399879189e+04
  2.526263503730419e+09 -1.908639105063179e+05  5.699973118087830e+04
  2.526142211556532e+09 -1.021939779325800e+05  1.460945203055113e+05
  2.526119838307604e+09  2.910699666529195e+04  5.424953362603509e+04
  2.526018343990210e+09 -9.818217945516808e+03 -2.280443864935334e+04
  2.526334049354440e+09 -5.133101764804998e+04 -9.734910016870708e+04
  2.526302906250889e+09  4.237496722394088e+04 -5.786470242954162e+04
  2.525997859659027e+09  2.134364977078675e+04  1.778466682076105e+04
  2.526116991210866e+09 -4.928548956480611e+04  2.109781029102829e+03
  2.526162648062226e+09  6.115484449775360e+04  4.031512242310774e+04
  2.526045984146162e+09  1.053197336843243e+05  5.493797054179618e+04
  2.526110103201114e+09 -8.583079626667185e+04  5.100518991998269e+04
  2.526186160463758e+09  6.552932581873151e+04 -9.044805503931129e+02
  2.526360218601695e+09 -7.484345772498939e+04 -9.299097169786692e+04
  2.526282086003276e+09  4.491084943755111e+04 -1.370131232241727e+04
  2.526216418704226e+09  3.334345218541997e+04  1.264976402123836e+05
  2.526111125929605e+09  1.216681034441700e+05  1.014148263710234e+05
  2.526289455087741e+09 -2.080499054443184e+04 -6.043611635040620e+04
  2.526338738706583e+09  7.499543034146307e+03 -7.162137003497995e+04
  2.526093470926415e+09 -2.617805350864376e+04  2.455491490388522e+04
  2.526037245731768e+09  7.554752029131737e+04  1.467173131611907e+05
  2.526255184849767e+09 -2.617306780487151e+04  1.408423351757133e+05
  2.526159664950879e+09  6.898975681213429e+03 -1.058341414644907e+05
  2.526214237089820e+09 -2.007710146707937e+04 -1.038754405222775e+05
  2.526162654821803e+09 -1.068360300771338e+05 -1.318743706767280e+05
  2.526136891041097e+09  5.093518924631871e+04 -2.117921600762994e+05
  2.526106456628994e+09  1.160695648416330e+05 -1.675587466575895e+05
  2.525847459643059e+09 -2.980438488346036e+04  7.788144219455920e+03
  2.526201591217342e+09  7.105430460203870e+04  2.413796211583382e+05
  2.525973967776682e+09  1.088792704020394e+05  7.534250197069265e+04
  2.526200600156143e+09 -7.247758060005255e+04 -4.805413930826227e+04
  2.526287377335304e+09 -1.931860705378663e+04  1.003840936513675e+05
  2.526222841224751e+09  5.787893429523800e+03  1.539177629416307e+05
  2.526149740077268e+09  5.281250393552659e+04  2.389343549908395e+04
  2.526020955053029e+09  9.313463849478529e+04 -2.981415992807248e+04
  2.526160899665084e+09 -1.288798006058969e+05  2.410688330763718e+04
  2.526237444517546e+09  6.726932443675509e+04 -7.279332564773934e+04
  2.526094258187291e+09 -8.670278224330279e+03 -1.045444709712961e+05
  2.526096347702393e+09 -1.355135019340585e+05 -1.221774235757064e+05
  2.525993078632778e+09 -1.746054623257211e+05 -8.501839834243967e+04
  2.526250340169746e+09 -1.881511827671514e+05 -9.183574387080982e+04
  2.526254956389463e+09 -4.771045103690133e+04 -4.090736948485218e+04
  2.526041224344925e+09  2.164391291791329e+04  3.031052620382261e+04
  2.526095849158647e+09  5.489210156034256e+04 -2.768849044767852e+04
  2.526048293911688e+09  1.085858384012794e+05 -3.209582910047378e+04
  2.526115410520198e+09 -5.577770859070937e+03 -1.027680154983622e+05
  2.526033095581524e+09 -4.084005935296894e+04  1.742422552901798e+05
  2.526245908750515e+09  9.841621209431777e+04  2.119581376696280e+05
  2.526180420361987e+09 -1.794767141030759e+05  7.402361042340449e+04
  2.526262231027592e+09  5.540479603119497e+04 -1.475648372129174e+05
  2.526096019295175e+09 -6.342491606076946e+04 -1.656445017849260e+05
  2.525945781875114e+09 -1.056383758236228e+05 -1.678807686646539e+04
  2.526327901966438e+09  4.981454977578111e+04  6.756682818333851e+03
  2.526113584202769e+09  8.079975303254428e+04 -7.661400214950019e+04
  2.526132937469275e+09 -7.137876885514590e+04 -1.397091480455073e+05
  2.526196352267270e+09 -5.648408248486114e+04  1.775633615954808e+04
  2.526021712670856e+09 -8.702953056113375e+04 -3.579276025999855e+04
  2.526008379884300e+09 -1.549453898294346e+04 -1.653411153407390e+05
  2.526336536829642e+09 -9.557615276981529e+04 -1.499116722036382e+05
  2.526266523352681e+09  1.408116819501981e+05 -1.668558720784006e+05
  2.526130794001369e+09  8.881249300066778e+04 -3.157491660068316e+04
  2.526235876782030e+09 -1.184195018913579e+05  7.583897945516813e+04
  2.526173396861865e+09  3.461692867970734e+04 -1.318766110915525e+05
  2.526230352669762e+09  2.107086853829188e+05 -5.474052220264904e+04
  2.526119245753563e+09 -1.242508458148685e+05  7.652701549469461e+04
  2.526253153212593e+09  1.480564295095922e+05  3.996656419059273e+04
  2.526133066641741e+09 -1.621225625833608e+05  7.909415556439903e+04
  2.526189954014597e+09  3.529544391046604e+04  8.866924179942359e+04
  2.526176742306360e+09  2.190630281730918e+05  1.496676176921327e+05
  2.526169975562400e+09 -1.379837421599776e+04  1.049454299474767e+05
  2.526219697443540e+09  2.870409843288688e+04 -1.237331910746623e+05
  2.526195039677643e+09  1.396087073162179e+05 -1.533681958906433e+05
  2.526041098981434e+09 -1.885513638347364e+04 -2.133047130238242e+04
  2.526114638448617e+09 -1.774153791487904e+04  9.602486516668694e+03
  2.526187780928567e+09 -1.772550853066912e+05 -7.676655601705320e+04
  2.526031575432909e+09  1.920554034452774e+05 -1.070431435118066e+05
  2.526103168675867e+09  2.064963352485693e+05  3.514124360802351e+04
  2.526054735091066e+09 -1.603592415272048e+05  5.869134202225522e+04
  2.526150195571865e+09  7.953245719895617e+04  1.614741493468357e+05
  2.526162064804881e+09  5.061493685886945e+04  1.071832997136387e+05
  2.526050583673497e+09  4.720957474749023e+04 -7.448146176317707e+03
  2.526245398785293e+09  6.381319610956660e+04  6.359694284850266e+03
  2.526262632914606e+09 -1.391405033937357e+05  1.085302571335833e+05
  2.526035719827982e+09  1.646074932965869e+04  1.910634775848924e+05
  2.526106428021553e+09  2.074268038297493e+05  1.205291137383467e+05
  2.526031888996128e+09 -4.922158374265337e+04 -3.361732335679699e+03
  2.526069059776849e+09 -1.021365469917679e+05  9.947658444828306e+04
  2.526344236835533e+09  5.449947402232792e+02  9.798133767716237e+04
  2.526057701254674e+09  1.263768379541964e+04  8.167203676251750e+04
  2.526134295938627e+09 -1.403234897551502e+05  1.234992720000881e+05
  2.526061641888927e+09 -7.765268894949742e+04 -1.208600763404777e+04
  2.526093259396409e+09  1.154082198235083e+05 -6.170405424158368e+04
  2.526147417484114e+09  1.318156043220973e+05 -8.290117222168366e+04
  2.525990337909583e+09 -7.574366135778930e+04  8.225520713706966e+03
  2.526152450924938e+09 -6.077550993277098e+04  9.842797534342483e+04
  2.526103423132529e+09 -8.822987849736901e+04 -4.526954222026770e+04
  2.526165423151967e+09  4.883615690364817e+04 -3.502558747303269e+04
  2.526021386190763e+09  7.931417190449825e+04  8.458876292137324e+04
  2.526075382411287e+09 -9.255625984053791e+04  1.472371556550095e+05
  2.526231114228470e+09 -1.372762990534601e+05  1.080393703380847e+05
  2.526087699096090e+09 -1.483088600764167e+03  4.779623040451028e+04
  2.526275438629749e+09 -9.943055412586045e+04  1.089420132562593e+05
  2.525971620016767e+09 -8.374978084217943e+04  1.109994719355006e+05
  2.526351826415385e+09 -8.151862587501062e+04 -4.169588219474710e+04
  2.526190678169638e+09 -2.689324177583982e+04 -7.366770672573816e+04
  2.526158845480912e+09 -1.669586963294861e+05  1.767265726340882e+04
  2.525971762362029e+09  4.100960642666230e+04 -4.220036073384003e+04
  2.526083547291542e+09 -1.127571096595610e+03 -1.407494937683162e+05
  2.526098506135197e+09 -1.785588620467252e+05 -4.278349459050118e+04
  2.525987080618608e+09  1.062673190204357e+04  1.192557982203226e+05
  2.526063426473178e+09 -1.504816046940826e+05 -6.462367125527211e+04
  2.526089535666119e+09  6.882538696423266e+04  1.480717710987432e+04
  2.526071324029043e+09  1.864488589911782e+05 -2.043421544857940e+04
  2.526090421048470e+09  1.755363468682982e+05  8.616274339898955e+02
  2.526167891628025e+09 -3.611894037776615e+04  5.780891772161640e+04
  2.526154882802080e+09 -1.647008837863249e+05 -3.176956605137768e+04
  2.526341058868699e+09  5.859391188812850e+04 -3.023511392741487e+04
  2.526071827679954e+09 -2.296046703341473e+05  7.787694976466894e+04
  2.526085179152238e+09  6.198274546761834e+04  1.318780278941733e+05
  2.525993240019606e+09 -1.194834463869439e+05  1.153269260556369e+05
  2.526289777908171e+09  1.575069039723603e+03  1.353791917090842e+05
  2.526239545921286e+09 -3.378782764481654e+04  8.833198976309306e+04
  2.526053270927188e+09 -2.383959618311666e+04  5.360420303326304e+04
  2.526041562362502e+09  1.675579080888536e+04  1.232241404169365e+05
  2.526140051064322e+09 -1.349178182343040e+05  1.432632126980951e+05
  2.526152747839085e+09 -3.161630385835713e+04  1.798130793129187e+04
  2.526169619925832e+09  8.712972083685687e+03  9.697066441488976e+04
  2.525898511372412e+09  1.671336603962568e+05  1.800983470210040e+04
  2.526142515733017e+09  1.672658734929918e+05 -4.105085259929381e+04
  2.526209380913139e+09  6.768132064200036e+04  8.615274032602867e+04
  2.526096422143897e+09 -5.591509998777951e+04  3.750150410424784e+04
  2.526196325930170e+09 -9.366818196809478e+04 -1.311731894518815e+05
  2.526145748758780e+09  8.844316322537389e+04 -3.695599387806049e+04
  2.526293331754539e+09 -1.529796598963556e+04  4.137896526238293e+04
  2.526034100457892e+09  5.738779029199155e+03 -3.090323787887592e+04
  2.526180129577589e+09 -1.417135224751667e+05  8.938182354599412e+04
  2.526068786341043e+09  1.890010263137784e+04  9.343272334876470e+04
  2.526194647249438e+09  9.558526507221931e+04 -6.773919423727333e+04
  2.526088148122921e+09 -2.151040570143536e+05  5.945541788635077e+04
  2.526072622520856e+09 -3.716777620326797e+04  9.074652797191218e+04
  2.526180017975189e+09 -5.933425253392590e+03 -3.521707636625506e+04
  2.526011381649742e+09 -1.853204290722485e+04  1.647564091574075e+04
  2.525994869462487e+09  4.424743636108504e+04  1.522432856348160e+05
  2.526228005384222e+09 -3.386743924015324e+04 -6.352824030297087e+04
  2.526214020241302e+09 -3.412200301734041e+04 -2.913210451135621e+04
  2.526180207575106e+09  1.374962882514388e+04 -1.082810708904802e+04
  2.526144032765962e+09 -2.157529431941877e+05 -6.355647371842922e+04
  2.526037064679652e+09 -6.569702648246125e+04 -1.580473832461692e+05
  2.526103428205146e+09 -1.099815515440992e+05 -6.945019281705888e+04
  2.526106225949232e+09  1.417229753871981e+05  1.580961073177683e+05
  2.526067751621883e+09 -9.809035342308215e+04  5.192566457468539e+04
  2.526012571951148e+09 -3.604811668519326e+04  1.674055473201157e+04
  2.526002512871771e+09 -2.471637673973280e+03  4.004324632940633e+04
  2.526094561098631e+09 -9.010594133316772e+03 -4.686935762446246e+04
  2.526183108667294e+09 -1.518711238080836e+05 -7.825184016329295e+03
  2.526115711992202e+09  1.958827601065254e+04  1.185372075852378e+05
  2.526064835906085e+09 -2.339169982839942e+05  8.423596341613028e+04
  2.525937274526158e+09  1.378271831197282e+05  1.443834235191485e+05
  2.526021074301038e+09  1.046716689913347e+05  1.736857004554919e+04
  2.526187001755841e+09 -1.977903676860342e+05 -7.140686766991753e+04
  2.526206005265193e+09  1.064781926671066e+04  1.737003664903343e+03
  2.526227407900123e+09 -5.334809798172245e+04 -2.094270279973908e+04
  2.526106059559147e+09  2.095170681794407e+05 -7.262490283928416e+04
  2.526105180971105e+09  1.011165619663409e+05 -1.777711429259144e+05
  2.526134554567879e+09  8.385928282023541e+04 -1.606938393567468e+05
  2.526158451531117e+09  2.132336322532590e+04  1.101949439644509e+05
  2.526223419206352e+09  1.405947582578906e+05  1.435565585690299e+05
  2.526077385451972e+09 -2.156300160161834e+05  6.509538611029391e+03
  2.526157949177202e+09  4.920664328542561e+04  5.954213863274967e+04
  2.526046353688402e+09  1.552160800522519e+05  6.682755638128938e+04
  2.526204268130199e+09  6.717339623695707e+04  4.816454215615534e+04
  2.526205147485487e+09  2.226759956555939e+05  6.206452592941932e+03
  2.526043162375156e+09  2.310376334233797e+05 -2.940793652762659e+01
  2.526083637839718e+09  7.124779225637614e+04  1.174028847790905e+05
  2.526082004996084e+09  1.211156599812354e+05 -1.006929425138886e+05
  2.526079943053643e+09 -2.377936225894793e+05 -3.253005243082892e+04
  2.525952504897668e+09 -1.114702350150726e+05  6.457264819914871e+04
  2.526131750712843e+09  6.611499983025691e+04 -7.583143966778065e+03
  2.526345700520931e+09 -4.687388375524082e+04  7.640731880179350e+04
  2.526077395175018e+09 -7.474205434464756e+04  7.993439272608515e+04
  2.526135036150897e+09  7.921886232208391e+04 -6.785274504339567e+04
  2.526150770358551e+09 -2.883786707191053e+04  1.363281541015720e+04
  2.526120840333620e+09  1.024500242252923e+05 -6.536407197717793e+04
  2.525990996527298e+09 -1.064626342753284e+05 -1.605671239055295e+05
  2.526148981231870e+09  1.862366353017557e+05 -1.578770567438696e+05
  2.526110039218698e+09  6.483816955451004e+04 -1.034197063805425e+05
  2.525874402668152e+09  8.630377094012970e+04 -6.059210111678112e+02
  2.526052851679823e+09 -9.343708928144490e+04 -7.230885440850479e+04
  2.526207074996163e+09  2.327294637177072e+05 -1.919371498502772e+05
  2.526116632196319e+09  9.129687034132890e+04 -1.605082471836741e+05
  2.525984980815366e+09 -1.291354916777402e+05  8.260655323140090e+03
  2.525971714571829e+09  4.250063136284589e+02 -8.261137150760648e+04
  2.526201230316116e+09 -8.964292815798172e+04 -1.971186606306171e+05
  2.526185702286089e+09  7.318013784888759e+04 -2.170712485607935e+04
  2.526144896064588e+09  2.873029371471610e+03  1.492020556535355e+05
  2.526219088016084e+09 -1.583944826264339e+05  1.053002012557315e+05
  2.526123775601449e+09  1.506099962294963e+04 -4.637613895568904e+04
  2.526187405647239e+09 -2.486079826501173e+05  1.452399548169447e+04
  2.526114033318382e+09 -1.040564793012494e+05 -3.084600541809050e+04
  2.526068458942222e+09  1.122381348810305e+05 -5.436256517388974e+04
  2.526089838776551e+09  2.939557670992514e+05  5.548076831035723e+02
  2.526129336678918e+09 -7.288670919480355e+04  3.207958526063425e+04
  2.526073029698789e+09  1.344223048884305e+04  1.339382358160783e+05
  2.525970745462385e+09 -1.466681084750940e+05  9.902808331520784e+04
  2.526110569829350e+09  1.245577633150390e+05  7.018200767742330e+04
  2.525958539145010e+09  1.555095953678864e+04 -4.453846624846163e+03
  2.526069008382131e+09 -2.171946244095044e+05 -6.618677244997740e+04
  2.526315617837244e+09  8.339500701230369e+04 -2.469563201535738e+04
  2.526111112049847e+09 -3.779607921112049e+04  1.715004866334621e+04
  2.526126302902893e+09 -4.297152188906260e+04  4.596241060356355e+04
  2.526110885028779e+09 -4.124932082332508e+04 -9.550615074256435e+03
  2.526168852818028e+09 -3.530976207212266e+04 -1.305446731997338e+05
  2.526078237301568e+09 -8.863563336716732e+04 -1.048817767105224e+05
  2.526023333349427e+09 -2.192182822685433e+05 -3.112972051439527e+04
  2.526210799198545e+09 -1.194370495223382e+05 -7.375961549498141e+04
  2.526194449378511e+09  3.022096344974020e+04 -1.110123021179095e+05
  2.526288803875487e+09  2.126500165975001e+04  7.794229871529283e+04
  2.526022670423790e+09 -1.452631317225033e+05  4.188735489323130e+04
  2.526065680697344e+09 -7.054601383770583e+04 -1.418107949966642e+04
  2.526166370689562e+09 -8.768419821482943e+04  1.361960549386019e+05
  2.526173533285097e+09 -5.696702180500934e+04  8.596188626969350e+04
  2.526091750522919e+09 -1.539654996461616e+05 -1.416911816943658e+04
  2.526176281287524e+09 -6.775379249247210e+04  6.398190807468747e+04
  2.526117391550142e+09 -4.144836269378872e+04 -1.195598519876988e+05
  2.526041357829880e+09 -1.460527849475518e+05  1.495261583605102e+04
  2.526102773031816e+09  4.583162312313332e+04  7.082094876286946e+04
  2.526130432514482e+09 -4.595276141577889e+04 -7.278509501150553e+04
  2.526082918934110e+09  2.655512851094943e+03 -9.018599396719551e+04
  2.526131118147723e+09  1.126055626492624e+05 -3.331272029248835e+04
  2.526169136635244e+09 -9.850719943385953e+04  6.796463986989643e+04
  2.526286396564656e+09  1.500585206069192e+04  1.144730675335666e+05
  2.526046439911495e+09 -9.511535822592081e+04 -5.158629295081110e+04
  2.525913222673022e+09 -1.137761824217033e+05 -8.106536092408636e+04
  2.525999092512136e+09 -5.233261792915105e+04 -7.803933645385777e+04
  2.526129646113629e+09 -2.247496084169068e+05 -1.671140367449723e+05
  2.526115477722977e+09 -2.922767140457616e+04  4.870396517751575e+04
  2.526047920883496e+09 -1.118584730358268e+05  1.878373119852885e+05
  2.526012547847251e+09 -1.459283671564143e+05  1.788496120051343e+05
  2.526107543563082e+09  8.779466384863015e+04  2.034441213757382e+05
  2.526129049305828e+09  7.206978568591678e+04  1.585508295561976e+05
  2.526143899336859e+09 -1.274634672538172e+05  5.191365065668174e+04
  2.526120637847128e+09 -1.800197795496299e+04  1.000844811361764e+05
  2.526105811688750e+09  5.461846634869499e+04  1.804886419760939e+05
  2.526151774879358e+09 -2.868868490218953e+04 -6.533091608162038e+04
  2.526131600338394e+09  2.756379961856808e+04 -1.485391959286245e+05
  2.526050534419521e+09 -4.410265004627092e+04 -8.293077502423013e+04
  2.526158585792580e+09  2.011623216699262e+04 -1.272256078175008e+05
  2.526116960965034e+09 -2.698243525383435e+04 -3.024664752132492e+04
  2.526202861647627e+09 -1.264409694635051e+05 -6.419440916377323e+03
  2.526253084919131e+09 -2.272099230508320e+01  1.129412950433046e+04
  2.526220828683786e+09 -1.013390326354052e+05 -2.609017666793894e+04
  2.525917346986707e+09  9.084048189190915e+04 -8.857026175343036e+04
  2.526250460322088e+09 -5.130057043918129e+04 -4.452193489760201e+04
  2.526187350395617e+09 -1.864841461542435e+04  8.019921796288644e+04
  2.526167283077886e+09  1.676589871782067e+05  7.909504893955495e+04
  2.526142465889766e+09  7.050973149671475e+04  1.627407786233656e+05
  2.526181807530415e+09 -1.728562431331980e+04  1.963921508651357e+05
  2.526213362907156e+09 -3.835847356004035e+04  7.584519920052096e+04
  2.526144867773159e+09 -1.232139264545364e+05 -1.577333300563152e+04
  2.526075082976663e+09 -5.913937358101830e+02  1.064402155914675e+05
  2.525985207493031e+09 -2.132565545746263e+05 -6.439463873745874e+03
  2.526099401185640e+09  4.206423802117473e+04 -1.208338280219089e+05
  2.526206640560381e+09  9.709700258314423e+04 -1.062291460201421e+05
  2.526362560926167e+09 -2.732356834735477e+04 -1.527533785236790e+05
  2.526185478865241e+09 -1.788622364400548e+05 -1.063335970081282e+05
  2.526085326066921e+09 -1.022084270086483e+04 -1.289782380645897e+04
  2.525975542542003e+09  4.543851889362431e+04  2.848056808674126e+04
  2.526222783979364e+09  3.744792512379991e+04  2.989374530947357e+04
  2.526101542751122e+09 -6.877285553030178e+04 -4.011952158870152e+04
  2.526208597245859e+09 -1.224706737700049e+05 -5.936220197826833e+04
  2.526222617287127e+09  6.448363707672537e+04 -1.049855135250615e+05
  2.526194975060580e+09 -9.404260231933149e+04  5.207416899855289e+04
  2.526016178627678e+09 -1.861934966520173e+04  1.268418654025586e+05
  2.526364612520592e+09 -2.148195719002595e+04  5.391199164639862e+04
  2.526271511355297e+09 -2.108186177139254e+05 -2.614570838792471e+04
  2.526127723716731e+09 -8.025678237603512e+03  1.467507276328118e+05
  2.526072856294642e+09 -2.474845245836383e+05  9.983195876952820e+04
  2.526262250184272e+09  1.357686648697300e+05 -1.678124189718533e+04
  2.526119022739469e+09  3.863148724482162e+03 -8.320813868045743e+04
  2.526207310684645e+09 -2.121470674226637e+04 -4.974575391062489e+04
  2.526077565280769e+09 -1.145655164913835e+05 -2.134778250645369e+04
  2.526067707005145e+09 -1.950564958901005e+04  9.246764706068185e+03
  2.526264786637446e+09 -3.896495032468252e+04  1.594106599481133e+05
  2.526025583247512e+09  3.512069218223030e+04  3.347353619890718e+04
  2.526226816714548e+09 -4.140925916595152e+03 -1.803466352697929e+05
  2.525949332512390e+09  1.003954516988248e+04 -2.588794876245173e+05
  2.526223470095543e+09 -8.065747615494765e+03 -2.681546294497873e+04
  2.526242356496459e+09 -6.993005484534027e+04 -1.977988990631886e+04
  2.526184391686178e+09  2.390329249564523e+04  1.331308408943011e+04
  2.526085767795503e+09 -1.621212836158786e+05  8.387215528976941e+04
  2.526068525219956e+09 -1.049495795898449e+05  1.142253382794238e+05
  2.526051147460192e+09  1.296954650839117e+04 -1.793212420790968e+04
  2.526134552132410e+09  6.171420679576951e+04 -6.799909627692914e+04
  2.526142650084624e+09  8.537994144947795e+04 -1.998254368777014e+04
  2.526031947028747e+09 -4.243756187600747e+04  2.207239043696807e+04
  2.525977994527936e+09 -2.687077727582806e+04 -7.565295237619890e+04
  2.526208521047788e+09 -6.428516147975432e+04 -8.432166709709179e+04
  2.526302422491555e+09 -2.338271334548353e+04  7.793861410316930e+04
  2.526260989469395e+09 -8.719177820396103e+04  3.416137124676537e+04
  2.526091477022089e+09  9.474749308438308e+04  4.380747330391020e+04
  2.526152621614729e+09  1.382877305036527e+05  5.315355041316518e+04
  2.526065655861307e+09  6.043969902050402e+04 -1.448122437220300e+04
  2.526138016916229e+09  8.561420356118376e+04  2.983650561593683e+04
  2.526321034775083e+09  4.729192781662692e+04  4.826487190347472e+04
  2.526415323283549e+09 -7.009159673035331e+04 -1.220614149323992e+05
  2.526227634217195e+09 -7.646919101398671e+04 -1.177055157106907e+05
  2.526048061796573e+09  6.767469154584315e+04 -3.835422226462828e+04
  2.525988270105420e+09 -2.709531788116554e+03  1.354494633294782e+04
  2.526277754532875e+09  1.554245998982865e+05 -1.006582969228586e+05
  2.526063267001873e+09 -5.832201395658299e+04 -4.490959911613050e+04
  2.526191632814460e+09 -8.621676158251049e+04 -4.910441122570122e+04
  2.526161811404307e+09 -3.046760071301623e+04 -9.909654231993947e+04
  2.525995696529747e+09 -3.315564394248009e+03  7.662501182787167e+04
  2.525907021124729e+09  8.411003922289226e+04  5.398623808478750e+04
  2.526318966645048e+09 -9.201383938711509e+04 -4.494515035447752e+04
  2.526101560692819e+09  2.968814890303195e+04  9.079711650017346e+04
  2.525980121661970e+09  6.433475703832193e+04  7.669618834042107e+04
  2.526199063876606e+09  4.344290952542750e+04 -1.168473055917603e+05
  2.526222696099156e+09  3.761787004033756e+04  1.382059343899190e+05
  2.526434194382442e+09  1.461318478229036e+05  7.465457921321181e+04
  2.526164429017912e+09 -1.692852320049467e+05  1.777738250925828e+05
  2.526085609582922e+09  7.722183033560216e+04  1.967129369985089e+05
  2.526114754482738e+09  8.506921829839784e+04  1.232303007332226e+05
  2.526335105412029e+09 -1.615551695907929e+05  5.401021690799389e+04
  2.526118578831956e+09 -1.056582201106921e+05 -1.647800690221530e+04
  2.526228108226465e+09 -1.953738220289790e+05 -1.145272626652746e+04
  2.526188366813163e+09 -9.638257281872293e+04  3.290838753268158e+04
  2.526247994721573e+09 -9.438440690526739e+04 -4.406599446513923e+04
  2.526051106846575e+09 -4.909658099468963e+04 -6.337873922855570e+04
  2.526143856736126e+09  3.722696501916146e+04 -3.790451536693866e+04
  2.526235770440076e+09  6.437540154869517e+04  6.939609366536792e+04
  2.525898074074241e+09 -9.417852025045641e+04  5.245321699556790e+04
  2.526167116239459e+09 -7.948046879542246e+04 -8.212680402949045e+04
  2.526025162864005e+09 -7.345249371300690e+04  9.512327723593591e+04
  2.526164306005782e+09 -3.678003671250772e+04 -1.946393944797855e+05
  2.526161361851039e+09  1.600448462448282e+05 -1.983938180051110e+05
  2.526181080673763e+09 -5.495240383510897e+04 -2.611371684570448e+04
  2.526154034484513e+09  5.180552956593735e+04  1.043240112839432e+05
  2.526187421524449e+09  7.194995818802388e+03  4.343879969501693e+04
  2.526104862081098e+09 -3.547567570642084e+05 -4.889058961352357e+04
  2.525997057755985e+09 -1.104815640611805e+05  1.538664712052234e+04
  2.526057139604308e+09 -1.738631065024091e+05  1.138235332584544e+05
  2.525982438850577e+09  8.475295277522999e+04  1.078943867228630e+05
  2.526209897752778e+09 -8.772154336367705e+04  6.446923056868534e+04
  2.526125551628486e+09 -1.142558540614346e+05 -4.515158890002221e+04
  2.525858173661969e+09  1.837121598325949e+04 -8.211205633501505e+04
  2.526069335942669e+09  2.394100077394225e+05  2.829700342261931e+04
  2.526211730207225e+09 -2.180963273871094e+05 -4.159846948090196e+04
  2.526114319381542e+09 -6.796052986597002e+04 -6.184266732884943e+04
  2.525816095876289e+09 -2.383936174673085e+05 -4.435237227039534e+04
  2.526100302291686e+09 -1.196444938143646e+05  5.882657233273139e+04
  2.526296715320570e+09  5.029104648688808e+02  1.040343950946032e+05
  2.526119480228265e+09  8.243603522141767e+04  1.444401060247554e+05
  2.526105021572334e+09  4.755685186657542e+04  1.433784949291485e+05
  2.526146851839776e+09 -5.153142252050340e+03  8.045051628893206e+04
  2.526195498762698e+09 -1.747720237952636e+05  5.794418878893624e+04
  2.526084237219088e+09 -5.447809941378655e+03  1.065116634185476e+05
  2.526250035104887e+09  3.328310747461277e+04  1.493996223358157e+05
  2.526050090040860e+09  7.536838059673592e+04  1.130229059830739e+05
  2.526220114222015e+09 -3.363779012733942e+04  3.642574884440523e+04
  2.526104071907256e+09 -1.243290797096563e+05  3.384197982509271e+04
  2.526058950536580e+09  3.381956034807814e+04  1.904994134905562e+04
  2.526065474141396e+09  3.384848746886500e+04 -1.765752452510761e+05
  2.526080435398634e+09 -1.703756053359533e+05 -1.680950694809644e+05
  2.526187289931803e+09 -3.573620934995924e+04 -8.370848724566470e+04
  2.526052502083832e+09 -1.064468667267954e+05 -6.532731048606045e+04
  2.525940562449437e+09 -1.221646581977343e+05  4.550731251266878e+04
  2.526040542523338e+09 -2.335256384314504e+04  1.496373431093863e+04
  2.525999554825823e+09  1.314305324674814e+05  1.952793371507130e+04
  2.526145652159214e+09  8.648601707472233e+04  6.322843190846452e+04
  2.526077841061395e+09 -4.362150643610163e+04  8.162137446306134e+04
  2.526205562062831e+09 -1.455554333012609e+03 -3.923734164422634e+04
  2.526129104654424e+09  1.629600203602808e+04  1.562009448230965e+02
  2.526122511072346e+09  4.569895672248874e+04  3.620640722742199e+04
  2.526091519183660e+09  9.569094738065440e+03 -1.122183837867632e+05
  2.525985063100118e+09 -5.714248997884220e+04  3.721664944576670e+04
  2.526097143488135e+09 -1.941979783017936e+05  1.271106668795398e+05
  2.526081375517349e+09  1.254787850508909e+05  7.965824052242705e+04
  2.526016206746280e+09 -1.405702664654052e+05  1.969748547519451e+05
  2.526074447724391e+09  2.782120235866396e+04  1.239124635801559e+05
  2.526214770449651e+09 -2.348644266126792e+04  5.413733643382102e+04
  2.526176270269473e+09  1.022897025966948e+05  9.686871056389855e+04
  2.526131469634311e+09  4.137436908347066e+03 -1.833243497173651e+03
  2.526095178606096e+09 -4.490339893963520e+04  1.202534487254930e+05
  2.526286277685766e+09  3.471300268763641e+04  6.907024664712453e+04
  2.526175091797670e+09  1.517441594372625e+05 -7.445143770604022e+04
  2.525975495582564e+09  4.278878892038635e+04 -7.003288489604963e+04
  2.526224462831670e+09 -6.880645661923755e+04 -9.558055696363025e+04
  2.526206040996859e+09 -5.323802555556293e+04  2.300734394672042e+04
  2.526099234791938e+09 -1.610677414865177e+05  1.693181133950505e+05
  2.526006611733988e+09  6.279956119752955e+03  1.136782471343088e+05
  2.526158593694901e+09 -4.121474332747865e+03  9.378235819433397e+04
  2.526040563040821e+09 -2.425252796533091e+05 -8.106919543948793e+04
  2.526273102247169e+09  1.746674488935352e+05 -2.014014305865652e+05
  2.526036915495237e+09 -9.980487762425840e+04 -1.921828034067595e+05
  2.526119787587678e+09  4.493565508413909e+04  1.674716323075572e+04
  2.526203563697912e+09 -4.834495303538744e+03  1.559885001467895e+05
  2.526177672379488e+09  1.007743731480392e+05 -1.204144765326974e+04
  2.526310976470089e+09  6.617592370800907e+03 -9.487019404581760e+04
  2.526184214030264e+09 -1.441154660740452e+05 -1.027858257624555e+05
  2.526319119719515e+09  1.839617948876356e+04  3.168375792447227e+04
  2.526161825419722e+09  9.622484903039411e+04 -7.606380236314877e+04
  2.526077950102269e+09  2.740538700739744e+05 -3.795568891915982e+04
  2.526031855614142e+09  5.831011769943545e+04  9.633168843042734e+04
  2.526118511719198e+09  6.373789984191291e+04  4.676354888548655e+04
  2.526101391600842e+09 -1.786297971754608e+05  4.483983816410438e+04
  2.526070940302038e+09  7.637169409712337e+04 -9.703285904142074e+03
  2.526136204731766e+09 -8.507480947278235e+04  1.842853274996853e+05
  2.526060642471082e+09 -8.443786456365336e+04  2.022193507442674e+05
  2.526239406045949e+09  1.141004636350654e+05 -9.924107478379391e+04
  2.526076289199093e+09 -6.974790563917370e+04 -1.184980232109869e+04
  2.526011017471248e+09  1.751042530289288e+05  1.044986384515951e+05
  2.525991614705336e+09  9.999189515897061e+04  4.094182961509726e+04
  2.525966332614578e+09 -3.634707330931100e+04  1.536472634355084e+04
  2.526106221222040e+09  3.998507679834624e+04  4.484821469377680e+04
  2.526037700090837e+09 -3.271662316981005e+03  1.008769205710995e+05
  2.526076239782629e+09  2.016616539624422e+05  4.445878466521722e+04
  2.526108941634561e+09  2.892987029039231e+04 -7.325679101885576e+04
  2.526108394020404e+09 -3.214426268998737e+04  3.464747474189731e+03
  2.526181852069244e+09 -7.926982800147531e+04  1.249669364426662e+05
  2.526049989823286e+09 -1.894754024550645e+04  1.110566690920608e+05
  2.526048944093278e+09  8.717458350404049e+03 -2.389904173577903e+04
  2.526081477093645e+09 -1.341658260779805e+05 -1.766017808253838e+05
  2.526089827390566e+09  1.651935425955935e+05  1.609291888188105e+03
  2.526315817892955e+09 -9.128962231458235e+04  1.037013935980992e+04
  2.526163364790214e+09 -1.185328239686370e+05  1.595126264895778e+03
  2.526168636661787e+09  7.158454383592587e+04  1.065451207928514e+05
  2.526289417520560e+09 -1.071622601776340e+05  8.338914394924277e+04
  2.526069746034483e+09 -1.854312473714817e+04 -3.435643035561207e+04
  2.526037940778666e+09 -8.180887000710343e+04 -1.054961214632693e+05
  2.526045504448168e+09  5.571892403910060e+04 -2.318643755427175e+05
  2.526302911764316e+09 -5.319323132124636e+04  4.999403336653954e+04
  2.526228137226867e+09  1.608241261018605e+04  2.014576353004585e+05
  2.526006265396772e+09 -8.623225124240271e+03  7.710807523212578e+04
  2.526158082916453e+09 -6.450418575120799e+04  7.123962926454924e+04
  2.526068044819619e+09  6.881530728143809e+04  8.543929610845738e+04
  2.526061227042421e+09  3.569293315926078e+04  4.248832012976627e+04
  2.526244871254820e+09 -7.352981148046342e+04 -7.220705304434150e+04
  2.526147546099256e+09  9.411046954755671e+03  6.370151876545290e+04
  2.526047151969657e+09 -2.765071307557309e+04  1.909717385655567e+05
  2.526162301405781e+09 -4.206234010122425e+02  1.192328856965748e+05
  2.526225775189201e+09 -1.092828560587199e+05  4.836359137195302e+04
  2.525952471141663e+09 -1.097094723556009e+05 -3.401139751534957e+04
  2.526102044117648e+09 -7.023259966122941e+04 -1.205822944751382e+05
  2.526317782788343e+09  1.703277077156103e+05 -6.338242562566657e+04
  2.526062889626446e+09  1.673618938397535e+04 -9.022559665104729e+04
  2.525888732351246e+09  1.872737186375618e+04 -2.385806864524423e+04
  2.526063033347677e+09 -8.673436786076962e+04 -7.705087655716354e+04
  2.526220907915604e+09 -3.596499734371493e+04 -1.292503371467813e+05
  2.525957505037755e+09 -7.957404239338567e+04 -1.690355510502885e+05
  2.526187300629834e+09  5.941896114319086e+04 -2.472370804601512e+04
  2.526168228261790e+09 -1.108760203010385e+05  2.107350802522609e+05
  2.526162352210924e+09 -1.112663039599475e+04  4.251971842737717e+04
  2.526150990138972e+09 -5.877628959163363e+04 -3.544003219018434e+04
  2.526129079394851e+09 -5.064627174867271e+04  1.200631475380338e+05
  2.526057821266127e+09 -7.284762168334494e+04  2.780535174208465e+04
  2.526079716945895e+09  1.196706282498082e+03  4.766007577647176e+04
  2.526204542110552e+09 -1.296740730144549e+03  9.878676519047201e+04
  2.526044386054061e+09 -1.680788764552161e+05  1.085084776919262e+05
  2.525947959660847e+09  4.109528091179259e+04  8.935215528346598e+03
  2.526147564638500e+09  2.054641831382507e+05 -1.395984369991748e+05
  2.526157976958954e+09 -6.930630708272778e+04 -6.341508431983343e+04
  2.526153086095648e+09  7.018932754223282e+04 -7.517296952836990e+04
  2.526109482571030e+09 -9.618962741136196e+04 -3.545968006343668e+04
  2.526116615979636e+09  3.312332744985027e+04 -1.938638624032328e+04
  2.526221387305209e+09 -7.140209166095659e+04 -9.196104686784849e+04
  2.526199663780472e+09  9.164353376842337e+04  3.635036826048570e+04
  2.526266115583756e+09 -1.416016211995918e+05  1.248247383168138e+05
  2.526234414346406e+09 -1.437467232664807e+05  1.575012945864542e+05
  2.526039746494116e+09 -1.171597576041187e+05  2.291815947526901e+05
  2.526185409328708e+09 -7.065812182956655e+04  1.756509091969443e+05
  2.526226294230770e+09  8.352914194474579e+03  1.298258513617162e+05
  2.526095687257392e+09  2.352448570707231e+04 -9.649559647725010e+04
  2.526102065773625e+09  7.060346589538379e+04 -1.279598442338692e+05
  2.525986879174389e+09 -1.383099617310944e+05  7.114772693537339e+04
  2.526427420411877e+09  1.261440599493233e+05  9.545356349861808e+04
  2.526175487553665e+09  2.077297188947503e+05  8.574393553416152e+04
  2.526097822907672e+09 -1.193007590320548e+05  1.143410550221032e+04
  2.526144241518391e+09  1.254083617259240e+05 -1.550072927150752e+05
  2.526143600963399e+09 -1.069228494413781e+05  6.644921120908964e+04
  2.526105800201674e+09  1.431174430092322e+05  1.719771102999782e+05
  2.525994967235161e+09  4.759933022161026e+04 -4.254559455508832e+03
  2.526255563292580e+09 -3.045271908791317e+04  2.516461261090985e+04
  2.526195224623663e+09  7.006572876819002e+04  6.039300079620082e+04
  2.526174831239070e+09  3.013401248519093e+04  4.536361968396977e+04
  2.526172697225399e+09 -1.507430323361748e+05  1.309033829747653e+04
  2.526253562703520e+09  5.033374346079014e+04 -4.465968676704331e+04
  2.525989818137719e+09 -9.189701092458272e+04 -5.054163987656508e+04
  2.525902512691072e+09  1.060310506160099e+05 -2.985940167476377e+04
  2.526010565307607e+09  4.544939891567919e+03  1.256131355346793e+05
  2.526258351166110e+09 -1.213734014431235e+05  9.372068776906660e+04
  2.526251419773662e+09  5.959867836761125e+04 -3.551881799196347e+04
  2.525947963123201e+09  9.177294858500548e+04  3.062825900072861e+04
  2.526063059597903e+09 -2.993516755167159e+04 -3.790276030729967e+04
  2.526154866726167e+09  4.159325554739355e+04  1.718688464602499e+05
  2.526135659871363e+09 -1.108428253212350e+05  1.622379698571377e+04
  2.526190902837983e+09  7.620972145872749e+04  1.138001494073311e+05
  2.526259938083156e+09  5.716847324839910e+04  1.723990658361570e+05
  2.526220896071919e+09 -7.799101244279614e+04  1.727526109123079e+04
  2.526173929342098e+09 -6.420294442599523e+04 -2.951000872355211e+04
  2.526067580587001e+09  1.087174975596420e+05  6.552347830443562e+04
  2.526104537643837e+09 -2.206648614726064e+04  8.709166982671566e+04
  2.526102138112955e+09  3.029969205038919e+04 -4.974102951777902e+04
  2.526095887090405e+09 -1.702195908964737e+05 -1.300154516184982e+05
  2.526168476227488e+09 -1.345421123832946e+04 -6.657101402116008e+04
  2.526105009973082e+09 -9.676481055784953e+04 -5.497920181306524e+04
  2.526137735413053e+09 -6.245062803333113e+04  2.525209700398298e+04
  2.526170822565069e+09  6.704609144731233e+04  1.217061324060304e+05
  2.526381733148597e+09 -2.448736875382438e+04  9.623503648718272e+04
  2.526320115171584e+09 -1.098420556370942e+05  1.907268223158520e+05
  2.526071956447340e+09  1.080268337452289e+05 -1.502271867496832e+05
  2.526074137636509e+09 -7.730874382945476e+04 -4.904036282867426e+03
  2.526264139995205e+09 -1.691660836434623e+05 -9.687478275868134e+04
  2.526163693285112e+09 -5.440480330086907e+04 -8.941173704754561e+04
  2.526271194038278e+09  2.877470735205722e+04 -4.622470909971511e+04
  2.526004038201364e+09 -5.280682286914787e+04 -3.832093409078009e+04
  2.525945402282625e+09 -1.193019901616815e+05 -1.110005434341663e+05
  2.525997226926494e+09  2.856725735753332e+04 -1.000193517443853e+05
  2.526177181000496e+09 -4.115106659869547e+04 -1.162216520632697e+05
  2.526204808866123e+09 -6.409579300808453e+04 -2.439341015540385e+05
  2.526111720414077e+09  2.646375861287117e+03 -4.977035702068359e+04
  2.526041090706655e+09 -2.225044851640579e+05 -3.555504495265475e+04
  2.525956605772043e+09 -7.816726297108283e+04 -4.026808513217262e+04
  2.526087109358289e+09  1.852706887384573e+05  1.023852334732303e+05
  2.526098031041245e+09 -4.153205709559843e+03  2.263484621918236e+05
  2.526088073407516e+09 -5.880625288228225e+04  2.552111813470791e+04
  2.526201833882397e+09  1.505587435903478e+05  3.008866118028620e+04
  2.526222305063792e+09  1.726289984505950e+04  3.292959877854120e+04
  2.526049868310864e+09 -2.491917102670934e+05  5.802066677209362e+04
  2.526272233695756e+09 -5.795172605353640e+03  7.170293707838119e+04
  2.526082753361621e+09 -2.676119605125312e+04 -1.742525176777745e+05
  2.526104567287019e+09  9.311501313821645e+02 -1.716528211680718e+05
  2.526071501297228e+09 -1.209647848042378e+05  2.621440319087240e+04
  2.526159024620132e+09 -3.080232287976629e+04  1.823608376992156e+05
  2.526144286624338e+09 -4.660946479259687e+04  1.182897242866586e+05
  2.526219838053061e+09  7.010212276043254e+03 -3.065794544578285e+04
  2.526116627552680e+09  1.303197736274158e+05 -8.643860857781488e+03
  2.526143837893123e+09 -2.952294506636456e+05  1.061372298605898e+05
  2.526253547048250e+09 -1.440930993528222e+04  1.328966204794296e+05
  2.526187914910280e+09  9.144267381615801e+04  4.846544195763502e+04
  2.526032313848201e+09  8.616166027623366e+04 -1.213472311480867e+05
  2.526004162849316e+09 -5.043785999157059e+03 -1.780188125347234e+05
  2.526154921568837e+09  1.258248062734476e+05 -2.303874481133424e+04
  2.526041144480136e+09  1.866677250481488e+05 -2.897527302687324e+04
  2.526203341905750e+09 -1.119678660252057e+05  2.309724789397116e+04
  2.525976458338370e+09 -2.769207690417941e+04 -6.778197732510429e+04
  2.526129629989762e+09 -8.216656793537328e+04 -2.635591495155310e+04
  2.526007162792639e+09 -5.966017260674195e+04  6.383005386868911e+04
  2.526001017170920e+09  6.702071674306893e+04  1.480465544067300e+05
  2.526180893075883e+09 -1.023356073773516e+05  1.098057377618076e+05
  2.525975664321681e+09 -1.133426591450628e+04 -9.610202653352730e+04
  2.526007151513506e+09 -5.531900816651891e+04 -8.506106020372256e+04
  2.526068239062669e+09  2.759749933493463e+04  3.526687350023782e+04
  2.526216462197846e+09 -1.724310315308054e+05  1.416099418847266e+05
  2.526214278259591e+09 -4.603945851760078e+04  1.216724749980484e+05
  2.526123455277562e+09 -9.422714993113116e+04 -1.406990590420109e+04
  2.526123446599474e+09  1.782761479771382e+04 -1.332339832459912e+05
  2.526037055050483e+09  1.256479961496161e+04 -7.000503579946852e+04
  2.526101763699325e+09  9.050525294419052e+04 -6.183749527106364e+04
  2.526062867303482e+09  3.752966353176029e+04  1.106797574009049e+05
  2.526287679781296e+09 -1.604446681713678e+05  1.704965070906549e+05
  2.526200840798570e+09 -1.898023710280598e+05 -1.116891582603659e+05
  2.525920152623919e+09  5.589764715843718e+03 -1.371802019287401e+05
  2.526071801381264e+09 -1.037698198851472e+04 -1.962426536812184e+05
  2.526086137656156e+09  1.794433218491387e+05 -2.054268312027681e+05
  2.526089824967409e+09 -7.313442645538319e+04 -1.374653492771662e+05
  2.526203227754821e+09  3.638506558884904e+04 -1.328348664646114e+05
  2.526197122583483e+09  1.564732617123052e+04 -1.094553661570046e+04
  2.526082928120372e+09 -2.564628439480538e+04  1.047261519850113e+05
  2.526013768651338e+09 -5.413484566994850e+04  7.338300403874391e+04
  2.526191642306463e+09 -7.908323940859456e+04 -1.311240615177719e+03
  2.526050957789312e+09 -8.409596821304673e+04 -2.440627833651972e+04
  2.526150100924061e+09 -8.469804377116356e+04 -2.678933363105380e+04
  2.526069073702510e+09  1.016199857181697e+05  6.528904692137381e+03
  2.526017145174270e+09 -2.860376566023676e+04  9.696467482336395e+04
  2.526256578947079e+09 -1.079463518139708e+04  8.353241753669525e+04
  2.526022491809415e+09 -2.029634273754958e+05  2.014266649710620e+04
  2.526045669738386e+09 -1.013679696519208e+05  3.825849843632051e+04
  2.526001827645234e+09 -3.609263283899013e+04 -8.053539455455716e+04
  2.526166688707528e+09 -5.514977583194082e+04 -1.386451558176119e+05
  2.526115281900730e+09  1.370600425362554e+05  9.362506304029049e+04
  2.526146762858122e+09  2.904725374942645e+02  1.515829014986542e+05
  2.526246481762932e+09  6.668245196528290e+04  8.026338625346939e+04
  2.526123474088617e+09 -6.040300826743036e+04 -2.169406631452614e+04
  2.525993823518184e+09  2.315995258661963e+05 -2.220042542312227e+05
  2.526045160879362e+09 -6.417720244489377e+03 -1.605757165092803e+05
  2.526044934048537e+09  1.002914090997924e+05 -1.136792661956279e+03
  2.525968388323892e+09 -1.326139164253876e+05  6.832881124295050e+04
  2.526247992197585e+09 -2.553143995715052e+04  1.066935205128742e+03
  2.526050797101401e+09  1.496931478659140e+05 -3.240140570058837e+04
  2.526138142357636e+09 -2.363153502800828e+04 -5.015824706668715e+04
  2.526146266925826e+09  6.603277260674369e+04  1.708000684998205e+05
  2.526307922815639e+09 -1.566062444142806e+05  1.336695717417857e+05
  2.525968029969932e+09  1.092203834399115e+02  4.029734678975889e+03
  2.526192418178700e+09  1.373758654317036e+05  8.205118477265118e+04
  2.526280150982266e+09 -1.405909588067380e+05  1.257508246952780e+05
  2.526072498333420e+09  5.763937345427438e+04  6.280723492596345e+04
  2.526122460075618e+09 -7.915296135433950e+03 -1.493594396625995e+04
  2.526035471757734e+09 -6.971364242829953e+04 -5.062299290135398e+04
  2.526191544599734e+09 -9.424910962846607e+04  2.887571256255545e+04
  2.526092056399840e+09  3.837625492023863e+04  1.296984616024152e+05
  2.525929920648689e+09  6.848656501312042e+04  3.985728186093317e+04
  2.526001588185078e+09  3.097552633765661e+05 -8.430956303590443e+03
  2.526180654412522e+09 -5.223809517924557e+04  8.229465258532937e+04
  2.526179903107505e+09 -9.945309540049982e+04  5.804977359575965e+04
  2.525775255984710e+09 -5.320228088414180e+04 -7.960830054816674e+04
  2.526051041246963e+09 -7.032623549601738e+04 -7.612409712044732e+04
  2.526296038997176e+09 -3.354127626146624e+04 -5.786830795876333e+03
  2.526004060848458e+09 -1.333044158504194e+05  1.164651679990525e+05
  2.526190110180050e+09 -3.159510137269064e+04 -3.293527538479539e+04
  2.526122295850924e+09  7.715855078712059e+04 -2.856218769147316e+05
  2.526157227677692e+09 -8.122284930943989e+04 -1.918279792586034e+05
  2.526104003569671e+09 -4.703757071075123e+04 -7.803259887231002e+04
  2.526219464115236e+09 -6.932365370522672e+04 -5.370751611376787e+04
  2.526185093324362e+09 -1.910504806361654e+05 -8.038665969427564e+04
  2.526010206510886e+09  2.023772081825661e+04 -6.010788081583646e+04
  2.526111787910089e+09 -2.321780298202311e+05 -9.275391693165971e+04
  2.526090252314491e+09 -2.161928166011348e+02 -1.137546701163104e+05
  2.526081961646873e+09  2.318625072957798e+05 -6.618286215052404e+04
  2.526148582070488e+09 -9.549364089007722e+03 -4.634304064279934e+04
  2.526173594123322e+09  2.327866037655238e+04 -1.940688670513367e+05
  2.526176412060747e+09 -1.842771643588182e+05 -2.522425176092457e+05
  2.525915279032465e+09 -1.747347874356718e+05  1.198590579260329e+05
  2.526028525353333e+09 -8.470946388292860e+04  6.380107624644146e+04
  2.526060628542630e+09 -1.971772263458147e+04  2.932133509749814e+04
  2.526050084337077e+09 -5.452988570153352e+04  1.263965743042121e+04
  2.525955987616550e+09 -1.159738091145016e+05 -3.528914504771901e+04
  2.526116121134214e+09  2.472376636423136e+04  4.939741279436485e+04
  2.525885557926604e+09 -1.102055046725087e+05  2.472574462610134e+04
  2.526108206596889e+09  3.104480089419638e+03  2.344880841115140e+03
  2.526079431740602e+09 -6.270012918191927e+04  5.907897370628431e+03
  2.526112394304634e+09 -3.720261729456193e+04 -7.506835735518718e+03
  2.526185319255608e+09 -5.632688185014809e+04 -3.621033146136883e+04
  2.526187937146588e+09 -7.963609707555547e+04 -3.204331580128637e+04
  2.526002666721688e+09  6.739815457892278e+04  1.056797119338326e+05
  2.526145275560861e+09 -6.847114653889346e+04  5.848287482080120e+04
  2.526094110278182e+09  2.453428301377402e+05  1.180713016048064e+05
  2.526242699405733e+09  5.718585380797088e+04  1.849498214537777e+05
  2.525977989056468e+09 -8.943234973943303e+04 -5.177158518493420e+04
  2.526176739350721e+09 -6.152799386804877e+04 -4.896906620203168e+04
  2.526337909844114e+09  4.378281193574669e+04  1.421267396620651e+04
  2.526226764126264e+09 -1.204548450008940e+05 -6.626962046556617e+04
  2.526209299258824e+09  1.654197498924797e+03 -1.187941832910485e+05
  2.526169069778328e+09  3.255131324353977e+04 -7.045433822431462e+04
  2.526181052065979e+09 -1.090592740750670e+05  4.966910436968599e+04
  2.525970963865677e+09  1.954834146678215e+04  4.423239466974593e+04
  2.526145552179586e+09  1.872267858737998e+04 -1.180658293540366e+05
  2.526186174966864e+09 -1.271819320228917e+04 -7.786383799356269e+04
  2.526055606698928e+09  8.781555744867132e+04 -6.568122017780587e+04
  2.526205793810350e+09 -1.567042662773493e+05 -1.203488899385741e+05
  2.526050866438129e+09 -4.005089677120326e+04 -6.980508414080588e+04
  2.526110000848136e+09  1.209310606676061e+05  5.028564240748028e+04
  2.526143733146671e+09  1.773127897757426e+05 -4.749896307698614e+04
  2.526132964861607e+09  9.691064636777178e+04 -1.183473711442469e+05
  2.526278944027372e+09  1.941091831214691e+04  1.445157257438900e+05
  2.526227947616173e+09  3.067600824120152e+04  3.555953870862699e+04
  2.526199774662910e+09  1.957400026358080e+05  1.096611518206855e+04
  2.526221942996981e+09 -6.568458562505944e+04 -1.317722732185498e+05
  2.526039770945369e+09  3.677127367307551e+04  2.918113432500447e+04
  2.526262044738566e+09 -7.406614426246216e+04  1.461428592066328e+05
  2.526111368216814e+09 -7.783434710362693e+04  4.372973053702949e+04
  2.526150208013682e+09 -2.551432685935404e+03 -2.058441526602837e+03
  2.526067909821708e+09 -1.190234833221338e+05  6.989075438927393e+03
  2.526127705825623e+09  1.264622064134014e+05 -1.077768864663271e+05
  2.526098153048816e+09  3.704654990238033e+04 -1.488213437013985e+05
  2.526206900198329e+09 -1.776002917253852e+05  4.357141540351964e+04
  2.526133159965918e+09 -2.316224241928512e+04  1.360968379567892e+05
  2.526015552478799e+09  5.374800244202232e+04  1.078968673740954e+05
  2.526050495285259e+09 -3.349498283016041e+04  3.099373154272232e+04
  2.526048972081625e+09 -5.311831539282820e+04  1.620879275427801e+05
  2.526184912622378e+09  1.036304791299626e+04  4.389983921734954e+04
  2.526087742579227e+09  6.934895110011104e+04  3.754278329236084e+04
  2.526104098769653e+09  1.537050375232473e+04  4.532504275224829e+04
  2.526071822527003e+09 -6.647404600460758e+04 -3.228565078314615e+04
  2.526001139073525e+09  1.054598131461552e+05 -8.125469130876695e+04
  2.526260590427053e+09  4.530131134519671e+04  1.116108667985934e+05
  2.526096747240229e+09 -5.579284739854978e+04  1.289636827567732e+05
  2.525927341864700e+09  1.728533688378411e+05 -7.310029838738253e+04
  2.526072969328792e+09  7.953722445898969e+04 -1.568840038676228e+05
  2.526048592702313e+09 -6.104657087157201e+04 -1.012911614019563e+05
  2.526137060117008e+09 -2.835456784902140e+04 -4.158104584773688e+04
  2.526160143551744e+09  1.113408930688688e+05  1.468295687547115e+05
  2.526048222147712e+09 -9.651303555588005e+03  1.709006326739816e+05
  2.526144435568256e+09  1.231440748040605e+05 -3.208602539854031e+04
  2.526206944465824e+09  8.382770557751134e+04 -1.770622297991696e+04
  2.526036588528413e+09 -1.434763784830251e+05  3.444315052175894e+04
  2.525894301152477e+09 -1.791149240647734e+03  1.852874916454065e+05
  2.526236459701167e+09 -7.650382414567284e+04  1.293819006024001e+05
  2.526318862741641e+09  1.141230287674228e+04  3.409531568863057e+04
  2.525984038857161e+09  1.813939498779178e+04  4.106818611750740e+04
  2.526095445479275e+09  1.179326313674792e+05  1.854841390400479e+04
  2.526118038834143e+09  8.239275940006832e+04 -9.353064032018016e+04
  2.525996941757482e+09  2.813781528976816e+04 -5.409117756443797e+04
  2.526155275702208e+09  4.703583304977289e+04  8.460790176009550e+04
  2.526206239172138e+09 -1.245785066076898e+04  1.229228044546209e+05
  2.526255524739863e+09 -5.917114205563534e+04  6.885185628360650e+04
  2.526176430510099e+09 -6.269338567949081e+04 -1.824188510714029e+05
  2.526146788392133e+09  9.563738753235945e+04 -1.403662427303074e+05
  2.526167541586469e+09 -6.236363071614457e+04  3.751108200698777e+04
  2.526152994161866e+09  7.566313865126477e+04 -1.075635433613628e+05
  2.526191472866754e+09  9.714336327679211e+04 -1.662736064736680e+05
  2.525994134726065e+09 -4.126903857888654e+03  1.313205424065120e+04
  2.526092649300345e+09  9.761148896208126e+04  6.014832881953049e+04
  2.526108802328294e+09 -9.628241785128514e+04 -1.130599678232931e+05
  2.526021367620111e+09 -3.193773349567805e+04 -2.162896737969726e+05
  2.526021902348715e+09 -1.441843631011567e+05 -2.447842389819623e+05
  2.526199278113790e+09  3.682203659658693e+04 -1.183065490719198e+05
  2.526016821065032e+09 -6.673880570264114e+04 -2.625010791436071e+04
  2.526039114194988e+09 -8.436802251831454e+04 -5.558187479517865e+04
  2.525923207376941e+09 -1.899572408781969e+05  3.285500226157950e+03
  2.526139638182338e+09 -3.159262056758802e+04 -6.986804852454923e+03
  2.526207459928216e+09 -9.184838697671657e+04  3.028305307879066e+04
  2.526124622620025e+09 -1.799244603945426e+05  7.550511619379860e+04
  2.526260750392552e+09  1.127630748391920e+04  1.199487575540342e+04
  2.526024207404842e+09  3.783433767099993e+04  3.601098981955193e+04
  2.525976922052967e+09  2.436974340665154e+03  1.346650083730565e+05
  2.526170207215716e+09  3.971091485282498e+04  9.173173547308194e+04
  2.526252326312886e+09 -1.091895960264903e+04  7.009714507606579e+04
  2.526051057921521e+09  2.224686052614231e+05  2.607492163198807e+05
  2.526029465597229e+09  1.511635474715242e+04  3.144494735865202e+04
  2.526138310604877e+09  5.824037932658149e+04 -4.379607619890431e+04
  2.526221175452199e+09 -2.482058110550477e+04  7.041613972454192e+04
  2.526136398558199e+09  1.033561576967791e+05  9.018326178201940e+03
  2.526201704822854e+09 -1.490416483045719e+05  1.141386513594189e+04
  2.526080840776287e+09 -3.323944270931848e+04 -1.748854041299201e+04
  2.526172306006125e+09 -8.609303708223044e+04 -5.091226105464622e+04
  2.526141924505274e+09 -7.911812595316442e+04  1.753138545743888e+03
  2.526023474346901e+09  2.914309029413853e+04  2.744070912139211e+04
  2.526063077722850e+09 -1.838293728223135e+05 -2.354183870618534e+04
  2.526121576583410e+09 -2.049153939274838e+04 -2.861819791261340e+04
  2.526086710601426e+09  6.677802174177673e+04  6.347551671214463e+04
  2.526260287360970e+09 -1.107417880627336e+05  4.226374107720971e+03
  2.526272289472770e+09 -7.143846327926076e+03 -7.269709422579536e+04
  2.526008587317164e+09 -6.060527485697245e+04  1.120610717294029e+05
  2.526142592571238e+09  2.020516600485785e+05  5.593891561066499e+03
  2.526085330465013e+09  1.492112949062750e+05  5.428130310925073e+04
  2.525993739192760e+09  1.563025755983550e+04  1.002464551992803e+05
  2.526121045104894e+09  1.303015898912130e+05 -9.848196072629245e+04
  2.526231244815121e+09  1.632080960638283e+05 -1.867925091512802e+05
  2.526125019719006e+09 -9.504028327762813e+04 -3.337083496119955e+04
  2.526173065631475e+09  4.866635053731559e+04  1.062776982181942e+05
  2.526127895285645e+09  1.048290809030901e+04  1.682405150668334e+05
  2.526004278033146e+09 -2.235995346001610e+05  1.267994977423629e+05
  2.526082555830224e+09  2.076917485179240e+05 -1.393576648297836e+04
  2.526032972775874e+09 -2.032711161976423e+05 -1.349894041508535e+05
  2.526034972496120e+09 -5.483912807071593e+04 -9.076093981082777e+04
  2.526175495753337e+09 -1.011124175567754e+05 -6.831603865379887e+04
  2.526306672682908e+09 -5.351140928691346e+04 -1.063029755917419e+05
  2.525919844483724e+09  5.511846937732585e+04 -4.570215438007005e+04
  2.526227078999405e+09  7.291031807168282e+04  2.344809578168928e+04
  2.526052615383417e+09  9.167573551842017e+04  1.236593935318104e+05
  2.526203104388826e+09  2.892803124062622e+04  4.433530298398843e+04
  2.526174817029979e+09 -8.534288903629879e+04  1.345242071462348e+05
  2.526285478064384e+09  1.924294537545789e+05  1.506081093020535e+05
  2.526161524538303e+09 -5.094380137105053e+04  9.474908061035245e+04
  2.526132304026063e+09 -2.079846501430533e+05  2.640082868255535e+04
  2.526066919138318e+09 -6.071080165832778e+04  1.964301246481115e+04
  2.526172672666047e+09 -1.238831354995962e+04  6.744099265237933e+04
  2.526121006840272e+09 -9.515924044073606e+04  7.061021322663277e+04
  2.525935863125750e+09  5.872129116794118e+04  3.711611494622834e+04
  2.526104139716722e+09 -7.078234960408206e+04 -9.320473268793384e+04
  2.526122454600461e+09  6.712128797341837e+04 -1.148081717355582e+05
  2.526141072116855e+09 -2.028411958145247e+05 -8.844637836830213e+04
  2.526343773166991e+09 -3.327297437826090e+04 -7.630804509013635e+04
  2.526335146312438e+09 -3.400089030847279e+04  2.726886274568783e+04
  2.526311941426900e+09  2.058269021400530e+04  1.540185269286241e+05
  2.526083190426846e+09  5.779924971205590e+04  8.605391192140104e+04
  2.526095253013691e+09 -1.588239792392994e+05 -1.555104674535566e+05
  2.526224453192873e+09 -4.827812643724319e+04 -1.949589766744555e+05
  2.526166598342513e+09  2.504048261536441e+05 -3.245036579025025e+04
  2.526307634263307e+09 -2.270928757069022e+05  4.839990225748753e+04
  2.525861277661613e+09 -1.962666150023234e+05 -4.754846096619591e+04
  2.526093932912161e+09 -9.285766289187258e+04  7.881342803334550e+04
  2.526060045561332e+09  7.937270819649455e+04  2.033360839514574e+04
  2.526130196044494e+09  3.895827448002622e+04 -1.152425231214772e+05
  2.526055830217721e+09 -7.480378671191569e+04 -8.034972428851516e+04
  2.526141582221589e+09  6.139805727872322e+04 -3.724769365900574e+04
  2.525971520703938e+09  1.348197065219367e+05  1.872058376943162e+05
  2.525878833940548e+09  6.507379972314270e+04  1.490400888790886e+04
  2.525789970828176e+09 -5.075123308868252e+04 -3.017535231615853e+03
  2.526218082163160e+09 -6.703905765513598e+03  1.813922295448277e+05
  2.526177668049457e+09  9.549380569623702e+04  1.734513948319259e+05
  2.526192432027793e+09 -1.026123194972433e+05  1.815072848466942e+05
  2.526257850600489e+09 -1.346525133656873e+05  6.282264099534997e+04
  2.526218861162714e+09  1.053153286604630e+04 -7.108510212284216e+04
  2.526197413173842e+09  5.914459678468434e+04 -1.028191518636231e+05
  2.526048295393341e+09 -2.530780112390886e+05 -1.110517775531146e+05
  2.526251997715312e+09 -4.401604195139615e+04 -9.981464835281180e+04
  2.526085967084422e+09  7.163323702667630e+04 -4.591389536091057e+04
  2.526209735850055e+09 -6.502561187528889e+04  7.718570392992557e+04
  2.526091353640037e+09  1.927981001140383e+05  7.389912335192529e+04
  2.526242951190494e+09 -1.431466494107724e+04 -3.708354059666162e+02
  2.526233807239694e+09 -5.808799405957246e+04  1.264278750788581e+05
  2.526242363656367e+09  1.479069726896840e+05  5.834780733505194e+04
  2.526257470627204e+09  1.955987346386102e+05  5.403156046735821e+03
  2.526114342819667e+09  1.838808205860143e+04  8.117028459459951e+04
  2.526207928017543e+09  1.781324064288145e+05 -9.259110522749671e+04
  2.526020578587605e+09  1.933537778439658e+05 -9.926242174119296e+03
  2.526107321305357e+09  9.090148956219316e+03 -8.974062226999458e+04
  2.526090023997843e+09 -1.462891043576710e+05 -9.315831998924969e+04
  2.526074583156962e+09  1.035013782121649e+05  6.103825182713056e+04
  2.526086765333133e+09 -4.954469693748005e+04  1.091826166604230e+05
  2.526211384221289e+09 -9.785384437348822e+04  3.537206131128164e+04
  2.526169149464337e+09 -1.936206395679131e+05  4.313356422459701e+04
  2.525878570040594e+09  2.161784627252587e+05  1.148911727512486e+05
  2.526217909908802e+09 -1.186037852595919e+05  8.667750100269215e+04
  2.526016619745179e+09  1.531045436849307e+05 -6.848242304976843e+04
  2.525927530078473e+09 -1.617421915311529e+04 -1.825350194977457e+05
  2.526009498132077e+09 -6.096647961664246e+04 -8.149843730561435e+04
  2.526001209349220e+09  2.248938935053127e+05 -9.015046505466278e+03
  2.526115235049228e+09  7.651944771783939e+04  4.667850306651811e+04
  2.526083204786797e+09  8.512655739793275e+04  9.497728307379526e+04
  2.526125620216372e+09  2.372645711237621e+05 -1.504212747766406e+05
  2.526107990354952e+09  1.861618088098095e+05 -1.814253474144850e+05
  2.526182291408028e+09  2.090813936975866e+04 -1.147306726573030e+05
  2.525962710849406e+09 -1.895166454382266e+05  8.792777593074256e+04
  2.526037995001317e+09  4.611722356985376e+04  7.667449628113164e+04
  2.526078975336525e+09 -5.709483734482393e+04  3.970586782840604e+04
  2.525896364789515e+09  3.625130245233217e+04  7.815524555787322e+04
  2.526030933876111e+09  1.329169414187572e+04 -9.908002131114312e+04
  2.526125434874031e+09  6.972527257698425e+04 -5.614957636950852e+04
  2.526158004524614e+09  4.068463648464659e+04  1.496124350885964e+05
  2.526217850801250e+09 -4.686260030836705e+04  1.110415561541903e+05
  2.526299554255949e+09  2.810439619087533e+04  4.390112723112130e+04
  2.526306545943861e+09  4.788486412187619e+04  8.292950835263106e+04
  2.526087486944874e+09  1.471568087750447e+05  1.970084144037415e+04
  2.526059237748353e+09  1.492780009479910e+05 -9.966832107004942e+04
  2.526201049762493e+09  1.556099747468028e+05 -1.435242683606849e+05
  2.526274260757817e+09  7.937292291004653e+04 -1.557612708971810e+05
  2.526153285522439e+09  1.810952093927381e+05 -1.757527924967434e+05
  2.525927906272891e+09 -4.547318444597023e+04 -1.309142388590582e+05
  2.526281144026347e+09 -2.830054621493304e+04 -1.112827502142771e+05
  2.526160929021902e+09 -2.006506369585462e+03 -3.823145013188449e+04
  2.526138838108162e+09 -1.007316172181398e+05 -7.349954995151295e+04
  2.525986461230821e+09 -3.400438999016851e+04 -2.649698630093643e+04
  2.526146638716818e+09  2.180787489926147e+05  2.844050832805142e+04
  2.526339612325960e+09  1.529090406050743e+04 -3.651938321056258e+04
  2.526077361393366e+09  7.300904467030236e+04 -1.742708592940349e+04
  2.526183440521238e+09  7.832249724677182e+03 -6.022332317047589e+04
  2.526065803979459e+09  1.035773881943059e+05 -1.505872198968173e+05
  2.525983821968696e+09  1.090410171806868e+05 -3.503199136360851e+04
  2.526096297160598e+09  4.447009934520070e+04 -5.916586161075509e+04
  2.526075496967721e+09  1.497611397417937e+05  2.859529815166409e+04
  2.526097795800887e+09  1.047747947011025e+05  1.674113333508051e+05
  2.526198779553568e+09 -1.599325924097628e+05  1.236747530344685e+05
  2.526169715393555e+09  5.351125090903963e+04  4.096330407255935e+04
  2.526143688618789e+09  1.367788592758829e+05 -1.315911582976060e+05
  2.526088051181879e+09  1.591149280266113e+05  8.078214300202020e+04
  2.526156121482278e+09  4.557245933281234e+04  5.799391617572226e+03
  2.526069676222553e+09  3.820904729535617e+04 -5.241076995486865e+04
  2.526282627625269e+09 -9.545063884252496e+04  5.237707811564789e+03
  2.526270057885431e+09  9.603003329530475e+04  7.688555955032494e+04
  2.526261568877436e+09  1.116550895661546e+05  1.200128091919959e+05
  2.526034881073612e+09  3.129422604548745e+02  6.893086736572784e+04
  2.526191418550343e+09 -6.092005164134037e+04 -7.169950804177346e+04
  2.526182613987670e+09  2.714713536706695e+04 -1.708655656690467e+05
  2.526004322103159e+09  8.856699332808517e+04 -1.352440480473135e+05
  2.526044552440991e+09  1.105772094479896e+05  4.978553681147657e+04
  2.526103670524155e+09 -7.348463918774039e+04  9.097650170713628e+04
  2.526004108389548e+09 -2.415079977494263e+04 -1.448422523618720e+05
  2.526143401748888e+09 -8.935103328918666e+04 -1.075526387231634e+05
  2.526124599299679e+09  1.031038387447025e+04 -1.323264615267620e+05
  2.526144663549607e+09  1.722427972916076e+05  2.936969749054032e+04
  2.526205128287928e+09  1.906692846784915e+05  4.899496056213288e+04
  2.526033002082550e+09  3.933920764781383e+04  7.535896657387610e+03
  2.526216881302571e+09  8.337679069985554e+04 -1.090975405866560e+04
  2.526031239335265e+09 -7.222858588942210e+04  1.668096009654144e+04
  2.525874922605795e+09  6.684740036013734e+04 -1.066563000445906e+04
  2.526034961548093e+09  2.312068955608748e+04  5.241423076107958e+04
  2.526152325828511e+09 -6.467384379070310e+03  9.212448903665366e+04
  2.526068056290973e+09 -2.119043056532233e+05  1.882214359504716e+05
  2.525993828658472e+09  2.529110285773617e+04  3.071846600667178e+05
  2.526014250776390e+09  3.167939243747620e+03  1.181915615513127e+05
  2.526208874684007e+09  1.216157568914168e+05 -8.102012657481665e+04
  2.526185336125547e+09 -9.592948790685157e+03 -1.238758242527941e+05
  2.526027646664985e+09 -1.654203768385510e+05 -6.647201171963429e+04
  2.526008318947431e+09  1.007568227499214e+05  5.889369491745078e+03
  2.526332313701413e+09 -1.927111514694779e+04  1.519074043960066e+04
  2.526095146186602e+09  1.314830914828863e+05 -5.238188303559669e+04
  2.526181626229742e+09  7.077063169267424e+04  1.333959832749604e+05
  2.526225386482313e+09 -6.099360009005433e+04  8.154281311186287e+04
  2.526106981472716e+09 -8.884945227879466e+04 -7.024094471059111e+04
  2.526071731671277e+09 -7.970971969670107e+04 -7.165762930209003e+04
  2.526139859483831e+09  4.847001147472952e+04  1.727161285259724e+05
  2.526051911075912e+09 -3.979417240169179e+04  1.548055421078918e+05
  2.526179034198322e+09  3.960225483607413e+04  1.968268171263766e+04
  2.526260691738263e+09 -5.894623710679519e+04 -8.876690827840037e+04
  2.526111850451573e+09 -3.041104322668549e+04 -2.462311650683526e+05
  2.526233714398699e+09  2.851123919977504e+04 -1.257196189345350e+05
  2.526201762034018e+09  9.961297932494432e+04  1.307021194497538e+05
  2.526126122892769e+09  6.072543822838552e+04 -1.062766630158224e+04
  2.526175340058396e+09 -9.455514484570455e+04 -1.495770922732974e+05
  2.526023886271640e+09  9.122132088433718e+04  6.636136734573427e+04
  2.526310987015071e+09  4.050591413282495e+04 -3.689169419772644e+04
  2.525898590197427e+09 -6.009305317412398e+04  3.068078671398868e+04
  2.526214031873135e+09  2.517889048551582e+04  2.041420071328525e+03
  2.526265442172916e+09 -2.213080225356086e+04 -4.537968594940752e+04
  2.526285480304377e+09 -7.638855054409243e+03  1.399307193835187e+05
  2.526403546496640e+09 -1.021204116300723e+05  7.212721858670493e+04
  2.526218985131626e+09  2.404795364079555e+04  5.183393502950820e+04
  2.526258992996950e+09 -6.616280072870385e+04  8.402918475200189e+03
  2.526210020063638e+09 -6.058163683353463e+04 -8.181913743916713e+04
  2.526192278647127e+09  2.640708447590482e+04 -2.071478560086130e+04
  2.526235712627663e+09 -6.246763903666940e+04  3.915255685194349e+04
  2.525932235847008e+09 -7.801552914481633e+04  9.132058738041157e+04
  2.526119926102444e+09  4.410704847571760e+04  7.339771271108650e+04
  2.526156079759810e+09  1.703104613400921e+05 -6.594263720825315e+03
  2.526021145803467e+09  1.124924201405146e+05 -5.892199728970591e+04
  2.526068722285794e+09  3.955579472396674e+04  1.820206287880389e+05
  2.526055737722164e+09  7.582997663629829e+04  1.462481953551143e+05
  2.526071603784475e+09 -5.531880690645613e+04 -1.789614905361785e+03
  2.526204452152617e+09  1.314554107490784e+05  1.703723520748061e+04
  2.526185664009803e+09  4.395076976971718e+04 -3.260507122224243e+04
  2.526238973326562e+09 -4.164799366469984e+04 -9.600571441076696e+03
  2.526164483767475e+09 -6.168082150391303e+03 -7.654782787781011e+04
  2.526283986076133e+09 -3.653308712434385e+04 -6.719166245102650e+04
  2.526146706418897e+09 -1.433319243481307e+05  1.687835491474029e+05
  2.526137377651455e+09 -4.020721679353621e+03  2.814312604766840e+04
  2.526159360794658e+09 -5.910779991808813e+02 -3.528473553654909e+04
  2.526128157704311e+09 -8.999425977143052e+03  1.109015626321272e+04
  2.526095197643534e+09 -1.664951339835081e+05 -1.392757594260294e+04
  2.526085746422451e+09 -9.836529128250666e+03  1.381994188933368e+05
  2.526192726837352e+09  2.454517864533454e+05  1.018074770975187e+05
  2.526085764368817e+09  1.713513137753984e+05  9.505387990236282e+03
  2.526182364280473e+09  7.422353665511322e+04 -6.249796861656941e+03
  2.526110066633992e+09 -7.087508985315950e+04 -2.299668661232386e+04
  2.526087335658860e+09 -1.830213154131048e+05 -5.882639493765251e+04
  2.526136489685165e+09 -6.011192360891844e+03  1.672099707802263e+04
  2.526291644486200e+09 -8.619025887839496e+04  5.566253387501510e+04
  2.526197047610041e+09 -3.367535716658109e+03 -6.542009891454561e+04
  2.526090422552907e+09  8.717208653115283e+04 -1.551156800853903e+03
  2.526228429991085e+09 -1.761344125352728e+05  1.125782543992698e+05
  2.526131273387157e+09  1.398118894857073e+05  2.828785825686436e+04
  2.526183017612848e+09 -1.721934990545167e+05 -9.780224602208007e+03
  2.525979592317688e+09  7.843482166768319e+04  1.009763433642084e+05
  2.526342500282907e+09  1.439478108324013e+05  1.586912515306647e+05
  2.526139015682094e+09  6.767088231631659e+04  1.030995409997932e+05
  2.526122961071840e+09  1.444995599642162e+05 -9.956429329276551e+03
  2.526060859240901e+09 -2.042197620902848e+05  6.388815151931299e+04
  2.526079053885984e+09 -4.158013371686661e+04  1.964819789650434e+04
  2.526149197141835e+09  1.623189870086258e+05 -4.863237620131462e+04
  2.526146550587112e+09 -5.332554580954748e+04  2.042255201847316e+04
  2.525901018654396e+09 -3.347368357391155e+04 -1.116706329589113e+05
  2.526145383705578e+09 -6.371850105492829e+04 -3.547103668600274e+04
  2.526141383728449e+09  1.021059262588224e+04 -6.394725176810753e+03
  2.526159784697465e+09 -9.896239438429475e+03 -5.228314519565483e+04
  2.526218802430303e+09  5.845211256243836e+04  5.493646162611753e+03
  2.526137730530782e+09 -7.013122822448891e+04  4.418145431565364e+04
  2.526081620034127e+09  1.199813956269296e+05 -4.518000257670786e+04
  2.526101445994020e+09 -1.980246725121890e+05 -7.547972638127347e+04
  2.526228683707290e+09  1.824190921417046e+05 -4.460170973381400e+04
  2.526266052059768e+09 -6.451127725086175e+04  6.294454105741007e+04
  2.526042062223019e+09  1.341366125188833e+05  5.773683909572044e+04
  2.525992911167468e+09 -1.045062892085628e+04  3.415074395902827e+04
  2.526084493811449e+09 -2.547730138283619e+04  1.589228092454716e+05
  2.526050226323199e+09 -1.444157553451119e+05  2.178013502508751e+04
  2.526068216393048e+09  9.104484317415336e+03 -4.533462382104457e+04
  2.526040063554556e+09 -7.492971766422666e+04 -3.085136585751595e+04
  2.526240839453337e+09  1.055331801993424e+05  4.073462674546195e+04
  2.526143966667608e+09 -8.531429339463322e+04 -1.462391834839690e+05
  2.525999421422184e+09  1.085332312806905e+04 -1.405739506044309e+05
  2.526154242255979e+09 -4.583274746610736e+04  2.140227395550290e+04
  2.526177341696836e+09  5.596269331437652e+02 -5.773126034696819e+03
  2.525977788936484e+09 -8.886380417185742e+04 -1.677409335635792e+04
  2.526050595915681e+09  8.285162337489612e+04  1.325489454676404e+05
  2.526132237118853e+09  6.278688038746821e+04  2.281608941363064e+05
  2.526211522261995e+09 -3.393009650468139e+04 -8.932115446189418e+02
  2.526194251050331e+09 -1.794933275716815e+05 -1.950674735346576e+04
  2.526146748175238e+09 -5.390698671701178e+04  1.081390132781468e+05
  2.526149639288306e+09 -1.010028939193010e+04  6.402710035493204e+04
  2.526087137732433e+09  1.112192607326467e+05  1.804563378858798e+05
  2.526133195523052e+09 -5.199431025972933e+04  1.288169547869873e+05
  2.526185125239008e+09 -1.038971104773183e+05 -9.030916796244611e+04
  2.526170026516896e+09 -4.435019368829555e+04 -3.555773180783214e+04
  2.525989364126800e+09 -1.256749131692108e+04 -8.608694450105407e+04
  2.526142385593918e+09  4.509021547786740e+04  1.365092277362337e+04
  2.525971235615743e+09 -7.010573215279425e+04  6.736296607188182e+03
  2.526236983180002e+09 -3.602931042360119e+04 -9.110852317362686e+04
  2.526139211880761e+09  1.671106550418772e+02  4.449888559352700e+04
  2.525954480551486e+09  4.294744324954553e+04  1.026056715406091e+05
  2.525996666453842e+09  8.700371736970590e+04  6.378483986919292e+04
  2.526073597005251e+09  3.475338921944285e+04 -7.171385408142983e+04
  2.526185398271579e+09 -1.624330879671215e+05 -1.492860264652206e+05
  2.526019543012118e+09  3.269984681743640e+04  4.484106556880055e+03
  2.526127562951365e+09 -4.090560115040350e+04  8.643249631323991e+04
  2.526093466471576e+09  4.452339427132090e+04  2.870865585334384e+04
  2.526232610126419e+09  1.612159388064523e+03 -1.193417159097323e+05
  2.525990099876063e+09  1.541308864877769e+05 -1.802555131446469e+05
  2.526135611314944e+09  5.971520699001121e+04 -8.241348574797591e+04
  2.525930201232999e+09  4.107966034492152e+04 -4.204712056639744e+04
  2.526129444162664e+09 -9.231086401304870e+04 -9.895418241594991e+04
  2.526085152504460e+09 -6.906705624620896e+04 -2.882192192302435e+04
  2.526014325206356e+09  4.696332606042176e+04  1.543668554646024e+05
  2.526185497493059e+09 -2.478232058177528e+04  1.082665178220540e+05
  2.526132759123899e+09  1.274911532495513e+05  4.611440748331021e+04
  2.526196531641754e+09  1.964069619178736e+05  1.174577999029484e+05
  2.526085810059825e+09 -5.769624465434218e+04  5.257815001870214e+03
  2.526103438099607e+09 -9.273467171542469e+04 -3.578609640596491e+04
  2.526006706371902e+09 -1.289819653846862e+05  8.045854948696095e+04
  2.526159775601398e+09  7.284162869003310e+03  1.033849489564006e+05
  2.526176778543902e+09  1.014665486404049e+05  4.097563782297121e+04
  2.526116914750642e+09  1.165721604590769e+05 -7.654544038412324e+04
  2.525995505677807e+09 -1.857555338420894e+05 -4.563030469802121e+04
  2.526199655838544e+09  1.604638511278501e+05 -6.899228228493826e+03
  2.526015643794126e+09  7.803487548529028e+04  1.385820895163981e+05
  2.526150176394821e+09 -7.554217095674947e+04  1.401142879211357e+05
  2.526100926594773e+09 -9.954810043705424e+03  4.851392786379717e+04
  2.526164110240475e+09 -2.152577000624025e+05 -9.582986527319613e+04
  2.526195494337277e+09  5.117448281881050e+04 -8.229173870460666e+04
  2.526200065152001e+09 -1.973679834852429e+04  1.659555834319261e+05
  2.526156091994577e+09  1.027115159754538e+05  1.757168183822983e+05
  2.526069410153179e+09  1.892675054188021e+05  7.453903684003779e+04
  2.526156868031374e+09 -4.018304081727285e+03 -1.291313103346853e+04
  2.526037483918802e+09  3.696347745426069e+04 -1.217437402337720e+04
  2.526155665516760e+09 -4.792718564271042e+04 -3.950302050124807e+04
  2.526085273303149e+09 -2.316419875453706e+05 -1.247294870251265e+05
  2.526188001758549e+09  5.521788914512796e+04 -1.495091446397291e+05
  2.526277428266083e+09  7.307843209653255e+04 -6.909486965426110e+04
  2.526104249727437e+09 -1.339786645571580e+05  1.340208688973048e+04
  2.526223842663294e+09  1.419764478389279e+04  4.867576477855386e+04
  2.526258790911589e+09  8.538092761462322e+03  1.178902822076647e+05
  2.526161566889768e+09 -1.162861162246148e+05  8.396429139051843e+04
  2.526135294139453e+09  5.426115493857488e+04 -8.593116662301542e+04
  2.526313517440282e+09 -1.406527681864898e+04 -6.671129346822470e+04
  2.526120099250504e+09 -3.102634911112348e+04 -1.676300828264699e+05
  2.525989587336341e+09 -9.073098208530739e+04 -2.869809100306730e+05
  2.526231061557296e+09  1.754865505647496e+04 -4.798904167899454e+04
  2.525987221006654e+09  2.993884538181222e+05  9.696917078765230e+04
  2.526236651813005e+09 -8.945395778029086e+04  5.059571352105611e+04
  2.526002008308095e+09  2.233565056017274e+04 -6.225946389861638e+04
  2.526060926366141e+09  3.100643001320539e+03 -2.045082122511114e+03
  2.526093985863366e+09 -1.091462096720795e+05  1.940824757242366e+05
  2.526180093075049e+09  1.030295270241620e+05  8.527196490578353e+04
  2.526063296318901e+09 -2.986837535006262e+04  3.828023751388455e+04
  2.526049581846198e+09 -2.132069793023181e+04  7.437644855419290e+03
  2.525856869335400e+09 -6.411635350485076e+04  5.248792956406716e+03
  2.526169362707446e+09 -3.997481825155445e+04  3.280345316467388e+04
  2.526260311480654e+09  2.356248981855274e+04 -4.611560638867225e+04
  2.526048523349713e+09  9.527489651285112e+03 -1.583443581684073e+04
  2.526101523975379e+09  8.280285791157943e+04  2.895187221244094e+04
  2.526180327150486e+09 -6.524339003167162e+04  2.801774782243121e+04
  2.526193944284733e+09 -2.659462096613680e+04  3.073507895015541e+04
  2.526068092893755e+09  1.521158843770949e+04  4.934497735528194e+04
  2.526151596666483e+09  2.103882677740327e+05  1.560747616681574e+05
  2.526142126628788e+09 -7.912666788513656e+04  6.330499745789159e+03
  2.526241276953963e+09 -2.208367177125416e+04 -1.642346700976670e+05
  2.526119450306443e+09  9.158033214321174e+04  4.820507805072528e+03
  2.526273501030763e+09 -2.656076553907408e+04  1.590518826173941e+05
  2.526032456204396e+09  7.751501238391688e+04  1.662807678030096e+05
  2.526046012165830e+09  7.128271860542794e+04  6.753426627992559e+04
  2.526294440463374e+09 -5.054595567772514e+03  6.357421091506956e+03
  2.526155314455782e+09  1.535978990943306e+05 -1.485507967622881e+04
  2.526396766738105e+09  3.293552182481019e+04  1.950024954351450e+04
  2.526185818507105e+09  1.068760317295156e+05  1.559623393747257e+03
  2.526109301242283e+09  1.983368213887024e+04  6.780665711865120e+03
  2.526045473651061e+09 -3.931818686520809e+04 -5.805952095152973e+04
  2.526132787713060e+09 -7.301787392240041e+04 -5.048602108722366e+04
  2.526142881751762e+09  1.177438744250262e+05 -9.313153841342749e+04
  2.526202788234415e+09  1.688167618417654e+05 -6.152569889273285e+04
  2.526081842854935e+09  2.650271618852834e+04 -8.327327960061547e+04
  2.525983147536168e+09  6.083297188901808e+03 -6.235139461423142e+04
  2.526138964484515e+09 -4.820871799716982e+04 -8.060919724758103e+03
  2.526171478345063e+09  2.581585707494295e+05  8.118120622758172e+04
  2.525999846156356e+09 -6.095264425610390e+04  9.039586588686053e+04
  2.526230868530800e+09 -1.706856887255695e+05  6.799900633029464e+04
  2.525888510446837e+09  1.352688045404979e+05  4.792367717682570e+04
  2.526035947726711e+09  5.834081475814153e+04  3.387762184747856e+04
  2.526124809935319e+09  2.093905195615517e+05 -2.052514432585821e+04
  2.526092363354792e+09  4.081687865738571e+04 -1.002870825303352e+05
  2.526041758015928e+09  3.384464000123693e+04  3.991916294672817e+04
  2.526260007256309e+09  3.641102546709779e+04  7.272977665233891e+03
  2.526097626721885e+09 -1.606587585447942e+05  6.214671687038394e+04
  2.526166519611759e+09 -7.399939637919748e+04  2.552875768860325e+04
  2.526104254744985e+09 -1.105136783554414e+05 -6.668618611452449e+04
  2.526056689693261e+09  1.423303574850416e+05 -1.871633101468905e+05
  2.526106341171286e+09  5.572932603903324e+04 -3.527755185768241e+03
  2.526125895948065e+09 -7.203603102329024e+04  1.625579271753766e+05
  2.526197682657509e+09 -8.205421565698925e+02 -8.407808681751927e+04
  2.526257951244458e+09  1.553710088853906e+05 -5.869072319390046e+04
  2.526209365607796e+09 -8.344711031954527e+04  2.511867404830294e+04
  2.526179337278674e+09 -1.582790967045012e+05 -1.420675417516415e+04
  2.526116470654796e+09 -4.726540476420929e+04 -1.299395394964900e+04
  2.526184172837199e+09  2.278547373322805e+04 -1.178463202597504e+05
  2.526146590987836e+09  1.137110017152585e+04 -5.589296415233867e+04
  2.526240527810386e+09 -1.111223939875769e+04 -2.740130048945313e+03
  2.526123511972761e+09 -7.980895324854588e+04 -4.937401999520441e+04
  2.526074237151777e+09  6.266468150850467e+04  1.173212682249740e+05
  2.526302453000843e+09 -1.995308438333040e+05 -5.411726556142257e+04
  2.526249540912860e+09  6.473225167784386e+04 -3.331171748746661e+04
  2.526111784167073e+09 -2.737699747718981e+05  2.075193417877960e+04
  2.526053016446586e+09  5.889877493535774e+04 -9.933757034109393e+04
  2.526167144315552e+09  3.323660835078469e+04 -2.202977651781170e+04
  2.526323610358060e+09 -1.563373076177568e+05  5.615440735122119e+04
  2.526141535076904e+09 -2.803782546895416e+04  4.900178310711286e+04
  2.526222161043313e+09  7.015413507580542e+04  1.389761560841347e+03
  2.526292598839813e+09  8.768454414456966e+03 -1.354896740160049e+05
  2.525979392634024e+09  1.189901311680527e+05 -1.330254596932279e+04
  2.526110421789617e+09 -4.644567021708355e+04  6.359702714004385e+04
  2.526164719618729e+09 -9.571412037293456e+03 -1.440609757830220e+04
  2.526131208829292e+09  7.289746996094240e+03  1.009109401411573e+04
  2.526127332844250e+09 -5.175870904185087e+04 -6.565098234881926e+04
  2.526079084485486e+09 -1.036713699932280e+04  1.705140106592496e+04
  2.526109634523360e+09  1.019742718618151e+05 -1.194774163429284e+05
  2.526248970840821e+09 -4.475850025382033e+04 -6.519042522559152e+04
  2.526041165476703e+09 -1.768248939727200e+02 -1.197593870095332e+04
  2.526158369343278e+09 -1.315760918664171e+05 -7.210309218074731e+04
  2.526143008526876e+09  9.480290300666750e+04 -9.408125488906715e+04
  2.526258441105339e+09 -7.039579343812796e+04 -1.316638028898026e+05
  2.526429046482433e+09 -1.159622879571493e+05 -7.337722493923909e+04
  2.526091105749793e+09 -1.277435460413924e+05  1.051772838488948e+05
  2.526135192236835e+09  4.130147690495034e+04  9.621184400192671e+04
  2.526042028239733e+09  6.473306037308127e+04  3.809129634654400e+04
  2.526097763008888e+09  6.340173683927441e+04  5.301282704783970e+04
  2.526056224207902e+09 -7.332169482500595e+04  3.494425755957700e+04
  2.526126261046151e+09 -1.017299693342565e+05 -5.596870916989865e+03
  2.526065391056761e+09 -4.881944758106023e+04 -2.896903257359110e+04
  2.526174686791993e+09 -4.359079117986387e+04 -8.732376314513054e+04
  2.526176208427444e+09  1.154350683187738e+05 -1.228942827665266e+05
  2.526140837790980e+09  2.035764250265970e+04 -9.898368687489885e+04
  2.526100532852097e+09 -1.223884942999738e+04 -3.525357523618266e+03
  2.526114816279946e+09 -1.717322572207536e+05 -6.713386558872671e+04
  2.526159708201507e+09 -9.583081727611250e+04 -2.233056326278994e+05
  2.525985608391331e+09 -6.045477985106874e+03 -5.850996729877265e+04
  2.525934474928202e+09  1.862291295582801e+04  1.307435552531251e+05
  2.526120967879008e+09  6.614257110583721e+04 -4.260707000842318e+03
  2.526096635360856e+09 -9.826201727890177e+03 -6.538075816425146e+03
  2.526032007637326e+09 -1.504088523380174e+05 -5.274371680557923e+04
  2.526053589317433e+09 -1.026009749411264e+05 -1.210361549407875e+05
  2.526021214306326e+09  1.381707262075814e+04  1.726955221010274e+05
  2.526284704112143e+09 -3.484899381991220e+04  2.712435241072277e+05
  2.526150982144296e+09 -1.111660852216061e+05  4.164081555620796e+04
  2.525959742203519e+09 -1.473257802360397e+05 -7.533664081915421e+04
  2.526056121826269e+09  1.011189030942256e+05 -1.759823729476961e+04
  2.526328225735175e+09  9.599886976378213e+04 -5.713906083938899e+04
  2.526275441198218e+09  4.351223078918498e+04  1.327443173605203e+05
  2.526075060721139e+09 -5.059174104890029e+04  9.568041740046139e+04
  2.526285208533106e+09 -1.021823243721157e+05 -1.162430511366727e+05
  2.526129455073102e+09 -2.116050919177656e+04 -2.674185099828674e+05
  2.526049065923541e+09  7.158592325062200e+04 -1.361605984428055e+05
  2.526112013710748e+09  5.361702289409339e+03 -1.515532510160701e+03
  2.526091613301484e+09  1.812578831409459e+04  1.413422745151164e+05
  2.526144005548299e+09 -2.907858373647729e+04  1.277948761990690e+05
  2.526347258159220e+09 -2.459972826025619e+05 -1.187673248969163e+05
  2.526126108472679e+09 -4.113686458509784e+04 -1.298930881826450e+05
  2.526106094894587e+09  3.364087952797778e+04 -1.416082083732197e+05
  2.526014770150200e+09  4.445066602934245e+04 -1.561589626796544e+05
  2.526203690526311e+09 -6.837411437145784e+04 -9.776376028541545e+04
  2.526204536755894e+09 -1.101424687193281e+05  4.942626669991587e+04
  2.526070538443359e+09 -7.684290520815691e+04  5.934992440691369e+04
  2.526247226243476e+09  3.264848293456738e+04  4.978106203877716e+03
  2.526045593888982e+09  4.958371207619109e+04  1.160066107999552e+05
  2.526055779801471e+09 -3.187067415584833e+04  1.721303967229554e+05
  2.526259760272686e+09  1.974881119866175e+04 -9.681427901127574e+04
  2.526243208101151e+09  9.623507402785751e+04 -1.267565356011942e+05
  2.526337666204721e+09  1.293313487489967e+05 -7.881750140800932e+04
  2.526317580837356e+09 -2.342425885662162e+05 -6.910563612088654e+04
  2.526208290445126e+09  3.245033007759578e+04 -7.407988805039000e+04
  2.526289623515880e+09  2.639654891312285e+04 -2.867790880660992e+04
  2.526029264927285e+09 -4.537811277936236e+04 -4.564042317394557e+04
  2.526181688764633e+09 -2.298834687611787e+04 -1.261331389761238e+05
  2.525930825593422e+09 -4.423004112382623e+04 -8.072068408571533e+03
  2.526094161815149e+09  1.510066896932409e+04  1.900323451442353e+04
  2.526245807430477e+09 -1.187493284188653e+05 -6.702998380384524e+04
  2.526097489603712e+09 -6.237854025802528e+04  7.703972869505419e+04
  2.526005450175839e+09 -2.086933506607494e+05  5.814592500360287e+04
  2.526123289534133e+09 -7.640785298105911e+04 -1.138017484804341e+05
  2.526033004730208e+09 -9.852715889640618e+04 -1.600032353531832e+05
  2.526018123916098e+09 -5.032424552932568e+04 -2.037134847977799e+05
  2.526134910384738e+09  3.065356531762658e+04 -1.934190113202061e+05
  2.526153342680197e+09  3.517181914609083e+04 -1.813194411132819e+05
  2.526313599097445e+09  9.851141793744895e+04 -1.192554647463213e+05
  2.526209713139968e+09 -2.882503751491738e+05 -4.238388160231849e+04
  2.526127760503813e+09  6.988459081735049e+04 -2.133970411054701e+05
  2.525902657931194e+09  6.655231343997800e+04 -1.412274869851781e+05
  2.526103732980722e+09  3.683478962245892e+04 -2.076809822992075e+04
  2.526159115046190e+09  3.468402285000239e+04 -1.179538961672403e+05
  2.526192429715374e+09 -2.857598735926661e+04 -7.518731529636774e+04
  2.526180068028464e+09  1.878803826605290e+05 -1.686137456229507e+04
  2.526198943783020e+09 -1.710057319568836e+05  7.484193041352089e+04
  2.526093844250325e+09 -2.017085918067949e+04  5.028443755181925e+04
  2.526137010189908e+09 -7.817142917298479e+02 -3.169298220439709e+04
  2.526311036146086e+09 -1.316013570423655e+05 -8.570609016979393e+04
  2.526039509564017e+09 -5.420117044234584e+04 -2.867977330724144e+04
  2.526062286037118e+09  2.237126955315182e+05 -1.224081819934968e+04
  2.526361617337426e+09  8.835653730166145e+03  2.618047420276655e+04
  2.526074632270724e+09 -1.443454735589788e+05  6.438629312005875e+04
  2.526081046184099e+09 -1.534751696844485e+05  5.750841530563834e+03
  2.526232617264501e+09 -9.650346127517521e+04 -1.434372824840441e+05
  2.526186883774062e+09 -2.666431144780945e+04 -2.010381150266810e+05
  2.526186069391827e+09  6.740010298601378e+04 -8.694507315250114e+04
  2.526101083026112e+09  2.885490268958895e+04 -8.511133956671390e+04
  2.526389131324954e+09 -2.432175573840551e+04 -8.624706534905825e+04
  2.526166966406695e+09 -1.299093168879068e+05 -6.058500256720278e+04
  2.526084919341646e+09  1.338135486869491e+04 -5.494163779385021e+04
  2.526050130300820e+09  2.487490643814637e+04  7.634045049016195e+04
  2.526182284546324e+09 -6.568690123126190e+04  5.108988791360505e+04
  2.526034309148478e+09  8.551617172179371e+04 -8.763388639818120e+03
  2.526121601293705e+09 -5.520252099508233e+04 -7.570156938870379e+03
  2.526088990486342e+09 -1.228596901622259e+05 -6.668084143898850e+02
  2.526106121654781e+09  1.277610090955473e+05  5.739444091160945e+04
  2.526190387436373e+09  7.759721533109015e+04 -3.445824464001646e+04
  2.526263167607273e+09  1.921109941048500e+05 -7.877275705003599e+04
  2.526119969109141e+09 -2.013922048163065e+05  6.023160368741956e+04
  2.525967103044649e+09  6.780905223618168e+04  7.110152409525262e+04
  2.526147068742656e+09  7.189401343660735e+04  1.396249353911588e+04
  2.526241200024858e+09  7.449996325974929e+04  2.258633983122464e+04
  2.526282045682693e+09 -1.660093883720482e+05  9.578495749157178e+04
  2.526043681435312e+09  7.703119330302114e+03 -5.992583170464612e+04
  2.526154091373765e+09 -1.271840930915333e+05 -6.513018483233848e+04
  2.526228892184516e+09  7.232439071431290e+04  7.571704392244655e+04
  2.526099611729210e+09 -6.441222903244768e+04  6.894760776758112e+04
  2.526163440569582e+09  2.390123666357563e+04  1.479876320290770e+05
  2.526181865736343e+09  1.882141375835738e+05  5.495199653877132e+04
  2.526165368615056e+09  2.068942688927986e+04 -4.246497089758090e+04
  2.526250883165103e+09 -1.336776224251920e+05 -1.595341735118486e+05
  2.526164523757775e+09  8.368571526623657e+04 -1.750855921514345e+05
  2.526057262344018e+09 -5.793700624087261e+04  1.057800717464078e+04
  2.526036690311725e+09  2.445290950415523e+05  1.834567537967427e+05
  2.526208233545779e+09 -1.716426531960425e+05 -4.781506889576023e+04
  2.526123149424199e+09  1.559990966644334e+05 -1.458820481013809e+05
  2.526084936317691e+09  1.546384576846547e+05  8.051507185185119e+04
  2.526249298991747e+09  5.195358805617411e+04  1.631057595582886e+05
  2.526251622247928e+09 -1.443800967259514e+05  1.151280208603574e+05
  2.526066929586713e+09  1.012540363116516e+05  8.858439316349360e+04
  2.526140742776035e+09 -7.467156419046153e+04  6.375217460165231e+04
  2.526174719964097e+09  1.032865555051223e+05  1.074998334985826e+05
  2.526155797997159e+09  1.084695931453150e+05  1.040759561636442e+05
  2.526041288119681e+09  1.380012943191046e+05  2.081528513025190e+04
  2.526193396703329e+09  2.343141467408743e+04 -4.563042867413338e+04
  2.526103207353756e+09  2.221617082405335e+04 -1.214248253247163e+05
  2.526049015150251e+09  6.396813638132671e+04  7.387145639620180e+04
  2.526237199257292e+09  1.217716378365147e+05  5.529244933188427e+04
  2.526071328843745e+09  1.298914486612600e+05 -4.784058910040418e+04
  2.526238743253692e+09  9.319197226897487e+04 -1.788103139449146e+05
  2.526159502420198e+09 -2.200453776293794e+05 -1.086322473395632e+05
  2.525864719154814e+09  1.908330421836488e+04 -9.316754455616744e+04
  2.526046672625675e+09  1.281447833953833e+05  9.569447189494502e+03
  2.526009871566341e+09  3.906897211902775e+03  1.143946455650264e+04
  2.526098605281089e+09  4.847606040886138e+03 -3.530412190444046e+04
  2.526149023508903e+09  1.142265848985655e+05 -2.982426103057369e+04
  2.526109428754573e+09 -3.562761927733966e+04  5.882969146705378e+04
  2.526187854336856e+09  1.850717394910816e+05  8.866554303192801e+04
  2.526116150613570e+09  4.418455158317648e+04  1.840784740739595e+04
  2.526030257569932e+09 -3.490151988398042e+04 -4.392435140568996e+03
  2.526031627292901e+09 -7.441016289930488e+04 -5.965667729628237e+04
  2.526096914133791e+09 -1.251784989030054e+04  6.004190456942341e+04
  2.526050987922723e+09  7.092913174085598e+04 -2.082543950875272e+05
  2.526287375027385e+09  6.461016824550042e+04 -1.640955147871199e+05
  2.526021789258822e+09  1.083282692704261e+05 -1.800225617541047e+04
  2.526237516252818e+09 -2.628546447983244e+04  1.486457508029060e+05
  2.526121780011459e+09 -1.342646228669772e+05  8.763959351241123e+03
  2.526092293858419e+09  1.052050506606633e+05 -8.433884172974841e+04
  2.526091205542751e+09  8.714817855920782e+04 -6.796759581869989e+04
  2.526196777176785e+09  2.370283553878195e+03 -4.150952829487804e+04
  2.526164823425485e+09  1.384947699845133e+05 -1.891108174138586e+04
  2.526059481443806e+09 -2.089863092994015e+04 -1.214664167287812e+04
  2.526050060288089e+09 -5.425042849564110e+04 -9.151764714753086e+04
  2.526036931468502e+09  6.305156079695933e+04 -1.109313086461002e+05
  2.526019190633257e+09 -1.268665377574619e+05  1.892735778847651e+03
  2.526097961385860e+09 -1.865310308497535e+05 -3.966724869893631e+03
  2.526160560566980e+09  4.250052369761467e+04 -3.145793841529568e+04
  2.526023750543270e+09 -2.925243172119348e+04 -1.571114100571584e+05
  2.526379712467887e+09 -2.999780297044199e+04  7.049555019067856e+04
  2.525994003144589e+09 -2.114943876378844e+04  4.958970392093575e+04
  2.526093463171639e+09 -1.513957330642471e+05  2.564754248141369e+04
  2.526165948884912e+09 -2.489034729543095e+04 -4.852385429974389e+04
  2.526235427881448e+09 -2.618494488235505e+04 -7.055141806082614e+04
  2.526126646580728e+09  6.083536989623756e+04 -8.790677556065121e+04
  2.526242774397241e+09  9.130775993343559e+04 -3.799342167216551e+04
  2.526021100792144e+09 -7.612574411363571e+04 -9.890529057771392e+04
  2.526176615298542e+09  8.171154263236909e+04 -1.524916958366695e+04
  2.526123819283601e+09 -4.013545236878609e+04  1.174011581234057e+05
  2.526146674510144e+09 -8.083542839123448e+04  3.209835818066518e+04
  2.526035682646468e+09  1.247429891761881e+04 -4.836961296991375e+04
  2.526096150846445e+09 -1.966359154983754e+05  4.740312474307860e+04
  2.526148903774166e+09 -8.660551040792302e+04 -2.290005157704442e+04
  2.526228823201798e+09  4.791043626210536e+03  1.095256894859369e+04
  2.525969864396855e+09  1.153616829413990e+04  2.024178581681516e+05
  2.526025441045498e+09 -5.818221658063587e+03 -1.458728684462633e+05
  2.526304160229692e+09  1.291979656939441e+04 -9.320197475820803e+04
  2.525988069768184e+09  4.065302173361648e+04  2.055006575489626e+04
  2.525851685798805e+09 -1.744883436044189e+04  7.035598254364054e+04
  2.526175203989636e+09 -2.862566355703142e+04  1.694064157032180e+05
  2.526083403287923e+09  1.634596481172438e+04  2.184661990192335e+04
  2.526030566564906e+09  1.682834364632211e+05 -6.108243363883707e+04
  2.525975472017562e+09 -6.666687385213561e+03  3.682902096581901e+04
  2.526052608037529e+09 -2.461081007082437e+04 -9.067269330671569e+04
  2.526069049884843e+09  7.932240586040542e+03 -4.044793732989568e+04
  2.526114616116944e+09  8.254204833703068e+04 -7.204623522846019e+04
  2.526138801432064e+09  3.539251183610223e+04 -1.262396309287179e+04
  2.526172112709235e+09 -1.713902150610392e+05  1.590714374474589e+05
  2.526049003180269e+09 -3.651311213825177e+04  5.473924713052966e+04
  2.526055964073678e+09  9.286635217935266e+04  6.552013221562444e+04
  2.526228303316663e+09  7.715488148215855e+04  7.376825139325854e+03
  2.526171556521341e+09  5.288690934949042e+04  9.729763966550303e+04
  2.526025565026570e+09  2.899912125803682e+04  1.161548178447953e+05
  2.526094873409261e+09  1.797443919139220e+05 -1.259057404536193e+05
  2.526165505056714e+09 -4.398592648592440e+04  6.218455100189545e+04
  2.526171197420146e+09  5.817374213152356e+04  1.381132748616629e+05
  2.525989260188092e+09  1.131763220750976e+05  2.025204445832293e+04
  2.526321596744150e+09  1.881465907915720e+05 -1.209738771097916e+05
  2.526253431998524e+09  1.165813085692378e+05 -1.144359184563992e+05
  2.526104402290058e+09  3.812597657833954e+04  1.076661144796165e+04
  2.526181784445207e+09 -6.645136467664738e+04  4.405813417392888e+04
  2.525950784704734e+09  1.279427478451735e+05 -1.655780893846159e+04
  2.525942464218032e+09 -9.190045935577829e+04  8.553287232989725e+04
  2.526257602263603e+09 -8.047094850098511e+04  1.546928921503080e+05
  2.526194313743410e+09  5.635983222721610e+04  6.041529615856777e+04
  2.526173585736193e+09 -3.239059046651702e+03 -4.337995529353508e+04
  2.526321256985357e+09 -9.064407195823081e+04 -1.801087611796174e+05
  2.526117490293153e+09  1.011067930849453e+05 -2.001741515695117e+04
  2.526006714522396e+09 -1.775888402356482e+05 -4.596505485804030e+04
  2.526184377674823e+09  8.666862571332388e+04  1.219195966954820e+05
  2.526085749243999e+09  1.895499056357937e+04  3.742243145082821e+04
  2.526152488997290e+09  9.368956227478338e+03 -1.146690564457329e+05
  2.526014433574446e+09  5.573663900888572e+04 -5.809062922154774e+04
  2.526109820599508e+09  1.847053212852823e+05 -1.215734404903626e+05
  2.526089970671737e+09  2.559966356517212e+04 -6.242605699301092e+04
  2.526131757321106e+09  1.262573625901900e+04  1.180786276555764e+05
  2.526112576626644e+09 -5.225756140303587e+03  2.788774671655842e+05
  2.526191976901292e+09  2.765018217270332e+04  1.502847108968196e+05
  2.526072790815785e+09 -6.937156154278538e+04 -2.652409301031847e+03
  2.525983135343456e+09 -2.182304862804862e+04  5.945073838362470e+03
  2.526155278449219e+09  7.353845860515337e+04 -4.697102429109241e+04
  2.526124867254822e+09 -5.749184367597400e+04  1.303081479071125e+05
  2.526078143506715e+09 -1.034953282017325e+04  1.700815209508110e+05
  2.526286311427454e+09 -6.666778364527365e+04 -6.415096414035672e+04
  2.526029478799547e+09 -8.392954111871729e+04 -3.004406966693979e+04
  2.526125446432227e+09 -2.873059395901836e+04  8.282070884784684e+03
  2.526275468551695e+09  1.407105957461149e+04  3.397563772443892e+04
  2.526170800964777e+09  5.519194049140206e+03 -4.605688201318507e+04
  2.526121970469273e+09 -1.283864950771844e+05  6.798613922341482e+04
  2.526012835791204e+09  8.933197364808852e+04  7.391716210704762e+02
  2.526254571502384e+09  6.712481535203778e+04 -2.478189516235533e+04
  2.526251569648129e+09 -5.609693831245229e+04  5.403211289330025e+04
  2.526286347113378e+09  1.642748534824089e+05  1.570145210372240e+04
  2.526014027812470e+09 -5.267051348109613e+04 -6.622402887610765e+04
  2.526178561846715e+09  6.965434707943012e+04 -4.128138044155436e+04
  2.526185318787277e+09  1.912048233560193e+04 -7.053795552447438e+03
  2.526052428424098e+09  7.881372504389961e+03  1.600515650908928e+02
  2.526134715432308e+09  1.580261424673162e+04  7.712407298429613e+04
  2.526109271800770e+09  2.413239556120094e+05 -6.502417754340312e+04
  2.526053387010374e+09 -4.463482317286858e+04 -8.891694877435034e+04
  2.526204050938814e+09  1.781930561841009e+05 -1.568846027457089e+05
  2.526092005937464e+09 -3.451815095844516e+04 -1.297514278155633e+05
  2.526102869588325e+09 -2.470228773723473e+04 -9.514398066264461e+04
  2.526141326231041e+09  1.120363599116192e+05 -4.537394600572065e+04
  2.526188116389659e+09 -6.142647989590326e+04 -1.349856813312166e+05
  2.526082949091281e+09  6.584587079178460e+04 -8.291583163303327e+04
  2.526138978959100e+09  2.618998849015892e+04  1.381458179563827e+05
  2.526284218583247e+09  3.381217039068509e+04  1.154478974336630e+05
  2.526294991893871e+09  9.141840147597867e+04 -7.981703709482105e+04
  2.526047326477717e+09 -1.012813515458708e+05 -8.691161334218225e+04
  2.525991152741478e+09  4.076271970745799e+04  1.291543046712651e+05
  2.526145987239014e+09 -1.234326904408878e+04  1.068509171055015e+05
  2.526020822641435e+09 -1.083958284291439e+03  2.468164322414529e+04
  2.526091988119483e+09  1.577448094517458e+04  7.192513106211019e+04
  2.526036182707406e+09  1.595153011481154e+05  3.520371401150199e+04
  2.526101402761024e+09  3.232015640191596e+04 -6.979886546866817e+04
  2.526171096842488e+09  8.787088059762129e+04  7.190839241188206e+04
  2.526252562097189e+09  1.215212592710491e+05  1.748934009257089e+05
  2.526098443299534e+09 -1.381609787554061e+04  2.568812525560381e+04
  2.525984950027584e+09  1.284431285252299e+05  7.019524502515577e+04
  2.526299507841793e+09  1.000962021321696e+05  1.019739845218892e+05
  2.526317137031577e+09  4.415608056506375e+04 -3.660716130427551e+04
  2.526143079875298e+09  5.225953404641082e+04  2.594103165952768e+04
  2.526038395305506e+09  1.747086759092013e+05  1.214536476647492e+05
  2.526135784534779e+09 -4.368234288973111e+04  7.220876364549622e+01
  2.526078339108851e+09 -6.164055603060836e+04  3.293746570399404e+04
  2.526170943926798e+09 -1.523085694382269e+05  3.024541260170098e+04
  2.526096904359553e+09 -1.442044138980377e+04 -2.871765529903164e+04
  2.526076369432990e+09 -1.648942765279091e+04  9.929945710930256e+04
  2.526250825801259e+09  1.054812850905142e+05  1.666519273933412e+05
  2.526091162100770e+09 -3.300949792898100e+04  7.587939231753006e+04
  2.526068059067561e+09  6.443549827601807e+04  1.341852622552635e+05
  2.526093717413594e+09 -2.258459412348398e+04  2.600503994015686e+04
  2.526061966406143e+09  6.288697811918822e+04 -1.307097951610358e+05
  2.526090395279072e+09 -9.009897479418200e+03 -2.394473950817176e+05
  2.525903092199469e+09  1.297271161310225e+05 -2.371244798123386e+05
  2.526050416671575e+09  5.900973883611267e+04 -1.350266619377360e+05
  2.526094869987826e+09 -5.405334875333426e+04 -1.786766049624060e+04
  2.525985620773094e+09  1.507004241975928e+05 -7.508061375485035e+04
  2.526076925533124e+09  2.507393873268110e+04 -9.568359931120463e+04
  2.526080027375532e+09 -6.408364498909272e+04 -2.571811043076578e+04
  2.526137818854217e+09 -3.472399027680348e+04 -1.415470821357262e+04
  2.526228979657227e+09 -8.011791625757923e+04 -3.091650640378456e+04
  2.526022113284759e+09 -5.990443180283366e+04 -8.590078046509123e+04
  2.526073168958294e+09 -9.123061432113346e+04  3.160796263839398e+04
  2.526259569618065e+09  4.106885852534816e+04  1.780170596269361e+04
  2.526128328499567e+09 -1.985922990089329e+04  1.912222978645354e+04
  2.526253086582610e+09  2.096759006626679e+05  8.875009241753467e+04
  2.526120091235025e+09  9.895420105720870e+03 -1.537551501695241e+05
  2.526198173785102e+09  7.782751421875320e+04  6.315636775002815e+04
  2.525930988984698e+09 -5.838105263176118e+04  5.253478810317325e+04
  2.525858072042184e+09  1.443142987040142e+05 -1.450916821785949e+05
  2.526065485712293e+09 -1.201267271997719e+05 -9.485582612225041e+04
  2.525989258436426e+09 -2.106670918787690e+04 -3.222723038032604e+04
  2.526093248130486e+09  9.739297819619323e+04 -6.709458524921210e+02
  2.526320279182798e+09 -5.282838648964046e+04  6.649387246355912e+04
  2.526062070847365e+09 -1.615120923611801e+03  1.201716889751295e+05
  2.525968109690853e+09 -4.566681937671383e+03  5.542733388107707e+04
  2.526091915890105e+09 -5.224688041357184e+04 -7.580169654541498e+04
  2.526142056534530e+09 -4.971389472303662e+04 -6.985932856327947e+04
  2.526179447413375e+09 -1.838689467338414e+04 -3.786623183393595e+04
  2.526080681983957e+09  3.820329918844451e+04  1.327169053526362e+04
  2.526121011779855e+09 -4.003328516945106e+04  2.301644893700876e+05
  2.526078764292092e+09  1.754544136503463e+05 -7.452145387174096e+04
  2.525985629144388e+09  1.157109622239799e+04 -3.772675560490608e+04
  2.526121141035275e+09  1.330045300338955e+05 -1.389143806348264e+04
  2.526030285650165e+09  3.838167699661280e+03  1.821116018116757e+05
  2.526281579494400e+09  1.361225094944033e+05  2.058466531627193e+05
  2.526235029494004e+09 -1.168423607292974e+05  1.429356858464300e+05
  2.526157121966885e+09  3.717048019578145e+04  1.856854186991180e+05
  2.526307414864407e+09  1.197987793170852e+05  1.550401876702153e+05
  2.526054833322778e+09 -7.668636437516543e+03  2.925668091356987e+03
  2.526251473205945e+09  4.212363021557452e+04 -3.449764457979309e+04
  2.526067540229120e+09  1.392508002551598e+04 -9.473015348409858e+04
  2.526041112975167e+09 -6.306772138340092e+04 -8.543988300359400e+03
  2.526238129840233e+09  2.429112991242897e+04  6.371954590229294e+04
  2.526204909510713e+09  3.346560165368812e+04 -8.425729019088787e+04
  2.526195679879567e+09 -1.529163324855303e+04 -1.748037394351319e+05
  2.526088803511040e+09 -5.286875781595334e+04 -2.148312956511895e+05
  2.526141977732744e+09  3.426817303757579e+04  6.587978278330900e+04
  2.526104146562549e+09  1.033000046495720e+05 -1.396170322154474e+03
  2.526044046291835e+09 -5.853358097165346e+04  9.978919234092743e+04
  2.526062066797182e+09 -1.127703059707907e+05  1.401757558367802e+05
  2.526254109071079e+09  1.041899637769477e+04  3.096400927069224e+04
  2.526040294203160e+09  5.037159799908753e+03  2.795263639496628e+04
  2.526153845132747e+09  2.515959219785966e+04  1.119300879815739e+05
  2.525985052595177e+09  1.017063902599931e+05  1.151929325990754e+05
  2.526108732457682e+09  3.774288683683053e+04  9.896864260292731e+04
  2.526266573944048e+09 -6.121756058864761e+03 -1.142075528634965e+04
  2.526257801117646e+09 -3.613719649663800e+04 -4.764705760821246e+04
  2.526172722075073e+09  2.486365370298736e+02  2.415948562990577e+04
  2.526144644373214e+09  1.076565224262088e+05  7.040041963241005e+04
  2.526159239003403e+09 -6.779935102354025e+04  5.161663388281266e+04
  2.525987610805561e+09 -4.646883297005933e+04 -2.542837732254690e+04
  2.526247049323362e+09 -5.990965648715850e+03  5.857618094607862e+04
  2.525964621318482e+09 -8.829859580414626e+04  1.507806172046589e+04
  2.526026077072619e+09  8.470302004744427e+04  2.013240560025990e+05
  2.526171747557052e+09  5.033064098470227e+04  1.688477871363719e+05
  2.525819281210183e+09  1.127522704118004e+05  1.400281310397021e+05
  2.526047387735285e+09 -9.287550244358182e+04  2.560914454254163e+05
  2.526336761806223e+09  1.276558085956599e+05  1.446244111902150e+05
  2.526188718415092e+09 -9.497987591700326e+04  9.705684567034198e+04
  2.526203292853428e+09  1.139842247715918e+04 -5.938578829329406e+04
  2.526195297515855e+09  7.355428847559431e+04 -1.752776164600260e+05
  2.526039776701037e+09  7.970764621493791e+04 -1.057882292119861e+05
  2.526174342505851e+09  9.116892085429071e+04 -1.424674526409896e+05
  2.526167596367913e+09  2.467156269817764e+04 -1.480613464291099e+05
  2.526159359475806e+09 -5.681222957335762e+04 -2.921031970101711e+04
  2.526140548726422e+09  3.557221438973094e+04  5.406142822306079e+04
  2.526098628367307e+09 -1.416559492436455e+05 -1.921670931752928e+04
  2.526074517785177e+09 -9.615233276855852e+04 -5.590062068811583e+04
  2.526222624527030e+09 -2.034647617119744e+05 -4.246404836526827e+04
  2.526180408124108e+09  1.692418185578860e+05 -2.422136764587427e+04
  2.526145498637179e+09  1.679348636031356e+05 -1.755677827248538e+05
  2.526096566885939e+09  2.227349696369588e+05 -2.283518201233869e+05
  2.526080810195392e+09 -1.098365973898417e+05 -7.046578427356738e+04
  2.525998494828818e+09 -5.834487899745570e+04  5.435592685212224e+04
  2.525999195452485e+09 -1.459877170238018e+05  8.929903514296701e+04
  2.526162582989432e+09  5.498453760306130e+04 -2.850352485928824e+04
  2.526206925606611e+09  1.367996351454013e+05 -7.030784784380242e+04
  2.526146588978314e+09 -1.182336301401331e+05 -1.618645146268841e+05
  2.526322006208123e+09  2.801819161343982e+04 -1.754682866354776e+04
  2.526266652030107e+09  5.712438799620140e+04  9.388027592361544e+04
  2.526129416389243e+09  1.703164199418831e+04  1.053011870822986e+04
  2.526259813746301e+09 -1.347308442793973e+04 -5.494647512555937e+03
  2.526095181444263e+09 -9.723354609109071e+04 -2.523633477272779e+04
  2.526272675302384e+09 -1.438429956898931e+04 -1.559800798694836e+03
  2.526199676881854e+09 -1.249059234223356e+05 -5.565081940856879e+04
  2.526094023422654e+09  3.009941465488550e+05 -1.412382746721287e+05
  2.526001505466063e+09  5.947106534877326e+03 -1.236979946015053e+04
  2.525999719793240e+09  8.892430403458839e+04 -7.719642631690367e+04
  2.526182593803355e+09 -1.761509145555300e+05 -1.255530294999309e+05
  2.526081427542298e+09 -1.619788128470271e+05 -3.663660107588558e+04
  2.526176091116849e+09 -1.503486486623669e+05 -9.448665730781737e+03
  2.526140998999967e+09 -2.138718777364795e+04  1.909282779881777e+04
  2.526025752251755e+09  1.540297451215948e+05  5.603537007445935e+04
  2.526088919628044e+09 -6.060710365273128e+04  6.507471495824237e+04
  2.526103793265038e+09 -7.281901447402628e+04  3.194445772390207e+04
  2.526222683471716e+09 -3.440560800645326e+03  4.592876273121868e+04
  2.526131402008541e+09  1.902738755588569e+05  1.059842102609373e+05
  2.526104206331968e+09 -4.404358177077389e+04  1.728941206224523e+05
  2.526120623512989e+09 -6.754933734478080e+04  9.795994578635553e+04
  2.526084972288961e+09  3.350778598702146e+04  4.098254569952609e+04
  2.526070988748963e+09 -5.013701699019410e+03 -6.076643065718410e+03
  2.526277461514513e+09  8.311160176191770e+04  1.895709102651454e+03
  2.526314225063184e+09 -1.374366110651379e+05 -1.978980197210851e+05
  2.526053568484674e+09 -2.440347100544017e+04 -5.132920500200991e+04
  2.526037186809203e+09 -2.445184914012972e+05  8.983017443718959e+04
  2.525988575734233e+09 -4.301679953263234e+04  1.980830768957664e+04
  2.526014735820922e+09 -9.364648670912744e+04 -1.106673521293467e+04
  2.526101774998473e+09 -6.427298730989918e+04  5.294560599618769e+04
  2.525999770321416e+09  4.368426707456703e+03  1.369801773198488e+05
  2.526153472932283e+09 -3.264391898499016e+04  5.222044702704402e+04
  2.526189396294101e+09  5.098454423809506e+04  6.086400233075337e+04
  2.526174403421276e+09 -1.794106794583117e+05  9.347348945347260e+04
  2.525964624765853e+09  1.366627962215753e+05  1.169776021156566e+05
  2.526063434612714e+09 -3.427042680163332e+04  1.261982613174368e+05
  2.526022159876993e+09 -3.176936997816490e+04  5.338619249801838e+04
  2.526119204071015e+09 -8.158605468249787e+04 -5.221586488057219e+04
  2.526040007579526e+09 -1.018332922139391e+04  7.594317131663073e+04
  2.526331539795912e+09 -4.465502665576915e+04  8.914850031502746e+04
  2.526109804818149e+09 -2.443548911039392e+04  5.300229349086434e+04
  2.526199446571150e+09  2.886114243055065e+04  5.450710196731612e+03
  2.526038723334425e+09 -3.841358395635081e+04 -4.105548805943271e+04
  2.526079247070402e+09  1.841191285701827e+05 -9.011898615122237e+04
  2.526101967460575e+09 -6.030152832911233e+04 -1.389702840217255e+05
  2.526162874978990e+09 -1.071507823279932e+05 -1.285216525807357e+05
  2.526212071867429e+09 -1.200265930040550e+05  2.230500041246775e+04
  2.526097530029180e+09  8.947072217237391e+04  1.353547051165435e+05
  2.526026831011322e+09  1.829792344667007e+05  1.334037289953330e+05
  2.526047746403067e+09 -1.962905837989373e+05 -1.886827317553014e+04
  2.526035683989961e+09 -5.102332292718813e+04 -4.959213380996219e+04
  2.526168542466584e+09 -1.884874590403563e+04  1.044818645842311e+05
  2.526173087002359e+09  6.987714479626063e+04  2.217705710644900e+05
  2.525965266342857e+09 -7.602820112554298e+04  1.798799910831543e+05
  2.526256045086829e+09 -9.771069088500622e+04  1.809355481663798e+05
  2.526067825910622e+09  1.146976669146363e+05  1.259224027653562e+05
  2.526046793138443e+09  1.009877896144318e+05 -3.954541253164585e+04
  2.526142063593132e+09  8.503088247186426e+04 -1.042649267667313e+05
  2.526110644061605e+09  9.484381714485446e+04 -4.337118801516783e+04
  2.526204547618396e+09 -2.586496411737520e+03  3.805310039768688e+04
  2.526087255340354e+09 -2.512122738532978e+04 -3.478637225884316e+04
  2.526135162486565e+09 -1.025754704096036e+05 -4.419071757925686e+04
  2.526154649920275e+09  1.099365667478763e+04 -3.504872222122375e+04
  2.526001605776489e+09  2.131644121832834e+05 -6.753580299128994e+04
  2.526034616385376e+09  1.593464059085374e+05 -6.743681794457312e+04
  2.525813915705907e+09 -1.082340358477237e+05 -1.756191393876220e+05
  2.526050599961230e+09 -8.889915492708446e+04 -1.809766291336034e+04
  2.526147361202872e+09 -8.185696686825855e+04  1.632282667498570e+04
  2.526099602194778e+09 -3.870101126656402e+03  2.941285941529286e+04
  2.526023189655196e+09 -1.051425285645400e+04  1.833744885847871e+05
  2.526055007892710e+09  7.552535020801565e+04  3.442365884744926e+04
  2.526180361037678e+09  1.135372441761779e+05 -5.293075115541567e+04
  2.526013610100745e+09  5.720526627920475e+04 -1.827600335933032e+05
  2.526093161165679e+09  1.189495402477861e+05 -1.600798156111189e+05
  2.526165133138737e+09  1.925296885467041e+04 -1.245517531909987e+05
  2.526155904036532e+09 -3.743524202543730e+04 -2.981979175145680e+04
  2.526006653967311e+09  7.050620968461735e+03  4.303745936293853e+03
  2.525983037499955e+09 -1.685906011614357e+05  5.363934894554224e+04
  2.526032845010170e+09  1.118739943802129e+05  6.339981831060303e+04
  2.526049742267089e+09  4.047717990222643e+04  1.178256561365939e+04
  2.526133221637514e+09 -1.238010255780891e+05  7.337703433636593e+04
  2.526151219784317e+09 -8.768916949604871e+04 -1.816743360042688e+04
  2.526135776192945e+09  2.421068642881606e+04 -7.246170514840190e+04
  2.526151742405545e+09 -8.675986650722788e+04 -1.678484416644946e+05
  2.526142680744320e+09 -1.322227728562115e+05 -1.306296147005958e+05
  2.526000109301909e+09  5.146520482631749e+04  2.852547002128320e+04
  2.526193218476336e+09  7.732836290530700e+04  8.933130327183334e+04
  2.526172637044973e+09  1.025015550207517e+05  1.636077508620975e+05
  2.526282622172189e+09 -8.172454325749888e+04  9.484150334694190e+04
  2.526023735189268e+09  7.178675374529092e+04  1.341569695275852e+05
  2.526046324731854e+09 -2.605756665995787e+04  1.273982201444673e+05
  2.526084866917600e+09  6.549814268113254e+04  1.246518226868112e+04
  2.526277790578514e+09 -6.408998178922647e+04 -4.275817911742488e+03
  2.526152841775506e+09 -1.316196546883543e+05  5.237339894280041e+04
  2.526119893918952e+09  4.970379765053303e+04  3.219787445346155e+04
  2.526099865783593e+09  1.177387941274943e+04 -1.665690892209008e+04
  2.526134574185009e+09 -2.090398376487214e+05  1.042364191774208e+05
  2.526111711240959e+09  5.783254682761035e+03  7.788067027758702e+04
  2.526203924574153e+09 -2.295227094794600e+04  4.816089749714895e+04
  2.526252140992612e+09  1.861221652503614e+04  2.104970629186713e+05
  2.526140951462625e+09 -3.526389582077018e+04  1.023786737194730e+05
  2.526232458862334e+09  1.522084009048030e+05 -4.005505217623315e+04
  2.526024599373569e+09 -1.212824652888164e+05 -4.288029822144029e+04
  2.526095367893754e+09  3.535966233576066e+03 -5.307956614396512e+04
  2.526164811132443e+09  3.646169957741164e+04 -3.452199984398205e+04
  2.526202155417100e+09  1.455805130120576e+04  3.394961456376989e+04
  2.526303436663514e+09 -9.359476489929424e+03 -3.425714666687883e+03
  2.525973598736961e+09 -5.375551794519060e+04 -2.096440615115093e+05
  2.525984568802835e+09 -2.070193640735616e+05 -1.114929006397098e+05
  2.526048154473241e+09  7.403314501798037e+04 -3.133876625492470e+04
  2.525987414574341e+09  2.335588780619111e+04  1.811303575140185e+04
  2.526264905994832e+09  5.462490368239116e+04 -4.104570718462171e+04
  2.526083172001061e+09 -5.146138212789560e+04 -1.622819346012333e+05
  2.526177526181058e+09  7.175383249409661e+04 -5.245909867030091e+04
  2.526138038117577e+09 -7.539304418068775e+04  8.816481013421318e+03
  2.526050348267731e+09  8.921306303401547e+04  2.821320305836003e+04
  2.526219890474144e+09  5.673994928835006e+04 -2.731821548721590e+04
  2.526257634497784e+09  8.775286675144557e+04 -2.958716454958706e+04
  2.526191250145645e+09 -3.207822921968671e+04 -1.217026567249513e+05
  2.525887163521509e+09 -4.970229203276616e+04 -4.815483628715074e+04
  2.525975205482634e+09 -6.794364980886644e+04  1.801964627596841e+04
  2.526186839628660e+09  2.748232701742277e+04  1.292880188361509e+03
  2.526225953341786e+09  1.438354739294772e+04  2.231223404185761e+04
  2.526039341625362e+09 -1.929504508059938e+03  4.452719229375350e+04
  2.526074264079659e+09 -1.052594262230385e+05  1.697584169450332e+03
  2.526232523615695e+09  5.746639913727669e+04 -3.539427390875900e+04
  2.526223759577335e+09 -2.125611421579937e+04 -1.611030198583314e+05
  2.526111734648676e+09 -8.705525424725981e+04 -1.251531232260327e+05
  2.526055848038329e+09 -2.544728821739031e+04 -1.371450658212202e+05
  2.525992909391184e+09  2.004192916019175e+05 -6.474886578634265e+04
  2.526152814502713e+09  3.665092955258582e+04  1.554932944713683e+05
  2.526069821353878e+09  1.738948629613710e+04 -8.304581173696322e+03
  2.526217342195103e+09  6.973122575144772e+04 -7.464406884745322e+04
  2.526030691141923e+09  1.429092603638550e+03 -6.113644439511793e+04
  2.525966288637713e+09  1.653604595852727e+05 -4.513513893813221e+04
  2.526216944900535e+09  3.893768186701671e+04  1.241617315035430e+04
  2.526203905764327e+09 -6.396089715845161e+04  1.550739937067265e+03
  2.526027367772036e+09  7.662450735188555e+03 -1.571890494301454e+05
  2.526118125876847e+09  1.208153911449889e+05  6.022894651842827e+03
  2.526220780907903e+09  6.142695721606002e+04  1.483053839861015e+05
  2.526113777898837e+09  7.256179296310607e+04  4.288051367980125e+04
  2.526279390725309e+09  4.422206123959363e+04 -7.806184574840363e+04
  2.526278059001646e+09 -2.306504370582057e+03 -1.126384337539342e+04
  2.525966416992136e+09 -1.723655983634521e+05  9.495528429394029e+04
  2.526114533669519e+09 -1.154936039403280e+05  1.097135215607216e+04
  2.525950395719659e+09  2.544400018767123e+05 -6.379898800903215e+04
  2.526230455405272e+09  2.378844656413487e+04 -2.164310419238091e+04
  2.525985330572757e+09  2.892407297134493e+04  1.398450993883830e+05
  2.526058105820180e+09  7.188164886575699e+04  8.623321402331197e+04
  2.526097086109076e+09  4.710701921422163e+04 -2.685542968904669e+04
  2.526271439901761e+09  1.977394783155513e+05  1.335373817164465e+05
  2.526025419049246e+09 -2.589630257810606e+04 -3.437655571023468e+04
  2.526188463273355e+09  2.057883754775480e+05 -1.118150550783826e+05
  2.526154336554374e+09 -3.913784893033205e+04 -1.300280139958445e+05
  2.526057298862743e+09  9.708970376085909e+04 -3.288773025561613e+04
  2.526191889029029e+09  6.657254348553834e+04 -2.140781582884025e+04
  2.526005580799482e+09  3.945400155047490e+04 -1.451137379854418e+05
  2.526180740133612e+09  9.083658777131495e+04 -8.124759162562898e+04
  2.526071511354460e+09  1.339052341453448e+05  3.823007739695557e+04
  2.526226920168546e+09 -6.284335941963899e+04 -2.631411089842347e+04
  2.525944589504188e+09  8.769851880508068e+03 -1.015960973310539e+05
  2.526181975047303e+09  8.240453695178591e+04  9.407757482964545e+03
  2.526259885257723e+09 -1.283789066073984e+05  1.557495930396258e+05
  2.526109089285424e+09  7.112051060087494e+04  3.726850455808896e+04
  2.526111082643528e+09  9.171597213727690e+04  9.808976781099103e+03
  2.526048009424027e+09  1.417276867832273e+04  1.926112343027322e+05
  2.526060189108936e+09  9.778570712284825e+04  4.641463061808003e+04
  2.525979427204324e+09 -1.030864047785555e+05 -1.513504809353806e+05
  2.526037058985363e+09  1.517035450318498e+05 -1.823919484547700e+05
  2.526097688482467e+09  7.482833594911994e+03 -8.654850995577453e+04
  2.525994722720021e+09  4.810678489428014e+04 -6.273857989269076e+04
  2.526108049718494e+09  1.421709905463713e+04 -5.775878499435258e+04
  2.526068508702642e+09  1.135475589733614e+05 -5.319408142669324e+04
  2.526037038333570e+09 -1.503275283895317e+04  6.100675274864119e+04
  2.526027423164164e+09  1.496794314512874e+05  5.514663898925739e+04
  2.526131086793639e+09 -1.047448643167890e+05 -1.677959450467394e+05
  2.526237162163496e+09  1.373287539016961e+05 -5.875104658001789e+04
  2.526065028299660e+09 -8.836888021325250e+04  8.970657599710871e+04
  2.526091443234957e+09 -1.870177819983021e+05  3.293687330183538e+04
  2.526258783614898e+09  1.051468929962137e+05  1.162831472902694e+05
  2.526120798481835e+09  1.531677711579315e+05  7.552246085856296e+04
  2.526016586816746e+09 -1.967227041669223e+05  4.940219230980286e+04
  2.525956348421009e+09  2.977548208536995e+04  7.114734728629811e+04
  2.526245503332388e+09 -1.324912919382184e+05 -1.266768106834434e+05
  2.526248443754075e+09 -4.437061087131780e+04 -2.257415161887789e+05
  2.526068720875880e+09  1.072525444247895e+05 -1.994192628934588e+05
  2.525987551812867e+09 -7.360776010285039e+04 -4.089577201013500e+04
  2.526150827683975e+09 -4.700258549289301e+04  1.744266201869273e+05
  2.526241476357181e+09  2.177294560142257e+04  1.373298110933735e+05
  2.526165967970020e+09 -4.720601847506512e+04 -1.117184378035530e+04
  2.526170872354345e+09  5.796216931420332e+04 -8.310766960995582e+04
  2.526106637505177e+09 -2.142115090379748e+05 -6.915217094206007e+04
  2.526015082332518e+09  3.964521542979334e+04  2.127351364000700e+03
  2.526153254499225e+09  6.691387731812467e+04  2.057203878209053e+04
  2.526177889848530e+09  3.852086226283456e+03 -1.905407170560404e+05
  2.526058688949479e+09 -5.262361139637686e+04 -1.161507186390593e+05
  2.526081137096536e+09  4.911820502121188e+04 -2.198080204662820e+04
  2.525972652799810e+09 -1.777079152859042e+05 -2.408981919736223e+04
  2.525957436370194e+09 -4.333687323387980e+04 -1.096660977920906e+05
  2.526150602831082e+09  3.495995420134423e+04 -1.292778642047056e+05
  2.526238273398151e+09  1.929413447084774e+05 -1.631782309156342e+05
  2.526086834784208e+09 -2.855837424826983e+04  3.716706283883541e+04
  2.526241081209517e+09  1.458037517134589e+04  8.627872721150739e+04
  2.526270504922397e+09 -1.465238304067099e+05  1.102381509463200e+05
  2.526167932151669e+09 -3.483886242553080e+04  1.109609005755573e+05
  2.526314274330624e+09 -1.905080805081915e+04 -1.974027056082711e+04
  2.526210257370196e+09  2.742748516074382e+03 -1.019180737865029e+05
  2.526206437811078e+09 -1.602877133230903e+05 -1.071544980463174e+05
  2.526216647916184e+09 -8.785380782657326e+04 -1.407479530462917e+05
  2.526133977438637e+09  1.600089974124931e+05 -9.009050566758891e+04
  2.526209713724048e+09  2.044164031145963e+05 -9.837440001206996e+04
  2.526246966538548e+09 -3.806974661037500e+03 -8.529591375559196e+04
  2.526395476931687e+09 -1.183935707267025e+04 -2.759668392329116e+04
  2.526051152844550e+09 -3.979141930467339e+04 -1.600879732399454e+05
  2.526175554881183e+09 -1.591160984297204e+04 -6.029606966965334e+04
  2.526310393407379e+09  1.674638259327963e+05  9.874028142670193e+04
  2.526018375152821e+09  2.629576031574165e+05  1.047601192726744e+05
  2.526072521843999e+09 -1.001139388532784e+05 -1.457424203402199e+05
  2.526149650069968e+09  1.336593898745491e+05 -2.241937137751974e+05
  2.525962149174495e+09  8.535168989018304e+03 -1.152792253449464e+05
  2.526103108516819e+09  1.854958547621634e+04 -5.363886380753270e+04
  2.526002410150814e+09 -5.917189704691747e+04  1.393867437744392e+05
  2.526270609210606e+09  2.042619295485714e+04  2.348643322527818e+05
  2.526319010419398e+09  5.632455255098967e+04  6.057584411479824e+04
  2.526178187605903e+09 -9.222900792757608e+04 -6.601736374792218e+04
  2.525999373292055e+09  1.008456692627515e+04 -6.092077573329915e+04
  2.526109526818768e+09  1.184759114754172e+05  1.149705752920057e+04
  2.526203584008062e+09  1.804989506209783e+05  1.503581858085203e+05
  2.525951911096838e+09 -4.402939230141533e+04 -4.718650322861009e+04
  2.526038263948389e+09 -7.247952037808741e+04 -2.273296388802672e+05
  2.526061608334437e+09 -7.922494908034621e+04 -1.714622927888678e+05
  2.526163843335171e+09 -1.786075043119024e+05 -1.085977307309546e+05
  2.525914564606148e+09  8.580507646661624e+04  9.352418588346476e+04
  2.525902588717800e+09 -3.928298918842524e+04  1.010413457614083e+05
  2.526248096549633e+09  9.894408776794095e+03  1.917607169696775e+05
  2.526275249416862e+09  1.487503872456381e+05  2.180361706679862e+05
  2.526271058875312e+09  1.642810671086191e+05  7.921658983581571e+04
  2.526258948148459e+09  2.578782428780657e+05  1.786821193569165e+04
  2.525957571397899e+09 -1.038878974799903e+05  5.619194200139589e+04
  2.525966347984582e+09  6.935485399202036e+04 -9.185894768234924e+04
  2.526174230206757e+09 -2.023563014073670e+04 -1.032872574482774e+05
  2.526284560931036e+09 -8.958226353534232e+04 -3.310065524779451e+04
  2.526310372073545e+09 -3.090226262492122e+04  4.601758831247222e+04
  2.526002876150477e+09  2.157105587281617e+05  1.268814558407874e+05
  2.526054095800668e+09  2.772099303663797e+04  8.081630123355566e+04
  2.525963624589567e+09  2.209085777533025e+04  4.250792345275311e+04
  2.526299066629171e+09 -8.792202299563296e+04  8.085677794363059e+03
  2.526221086894217e+09 -1.632635908397879e+05  9.745796850654460e+04
  2.526107716878906e+09 -1.200260831587557e+05  9.951261712877778e+03
  2.526092951633187e+09  7.207842416614806e+04  5.257273362245259e+04
  2.526171568983191e+09  9.370471542957542e+04 -6.412414236861968e+04
  2.526005913555978e+09  5.881845553981466e+04 -1.462849211072037e+05
  2.525871630610060e+09  2.525812672258399e+05  6.816574502061540e+04
  2.526079576793677e+09  2.337084403939613e+05  1.651937518529097e+05
  2.526158871389486e+09 -1.888476302275551e+03  1.496553271982870e+05
  2.526096390165569e+09 -1.002468479825237e+05  1.250243097896238e+05
  2.526311651475491e+09 -8.417392037762539e+04  4.957171386730857e+04
  2.526028660173081e+09  8.696637871508300e+04 -5.810152721385055e+04
  2.526042919358771e+09 -7.923380330765611e+04  5.233444413819746e+04
  2.526209660874987e+09  2.130513210771608e+05  2.758903941970322e+05
  2.526071404286899e+09  1.511108539128670e+05  2.102130532118587e+05
  2.526162824742665e+09  1.838541328376930e+04 -2.789962907314941e+04
  2.526201579891544e+09 -8.066021965394565e+04  1.210721244691145e+05
  2.526108890330025e+09 -2.668978658457671e+04  5.603000751654000e+04
  2.526078539412579e+09 -4.180181139689498e+04 -3.086513500677957e+04
  2.526055506155849e+09  1.788569798392717e+05 -8.053801414865357e+04
  2.526061905981160e+09  1.582386809852805e+05  7.138415255810917e+04
  2.526019520831384e+09  1.376269025098244e+05  6.937492167529729e+04
  2.526114843975057e+09  2.209537858286619e+05  4.179308095753682e+04
  2.526057037092731e+09  1.277500512202037e+03  2.286127832541324e+05
  2.526022570518391e+09 -1.813451471573679e+05  3.307073492252456e+05
  2.526137857373457e+09 -1.192090949069173e+05  1.324324583883593e+05
  2.526071194312690e+09  3.178075854271650e+04 -9.087635535495018e+04
  2.526219861881972e+09  2.197240208136174e+04 -8.540111673418994e+04
  2.526178307714902e+09 -2.334495190663403e+04 -8.278117183645465e+04
  2.526299231017390e+09 -1.046460156937202e+05 -3.053090077537444e+04
  2.526260433678565e+09  4.263649173072164e+04 -4.564671604928545e+04
  2.526195988154671e+09  9.447168556614430e+04  2.480718978623045e+04
  2.526213311997558e+09 -2.844459161267163e+04  6.461454137102002e+04
  2.526272223611218e+09  9.672081740653678e+04  5.500717446947470e+04
  2.526195210220116e+09  4.410278247707261e+04  9.942653990108520e+03
  2.525995249449076e+09  8.417743605548640e+04  7.476505331430747e+04
  2.525994300787790e+09  5.417322319284035e+04 -2.606550299521303e+03
  2.526032580996542e+09  1.786757186319291e+05 -1.449589132173685e+05
  2.526198500794774e+09  2.467968060131423e+04 -1.092318640016583e+05
  2.526141460557328e+09 -3.334866843432645e+04  7.721787290997466e+04
  2.526037281419463e+09 -2.979908036981041e+05  1.162210708585703e+05
  2.526125966874359e+09  2.506975357051881e+04  4.071938307668187e+04
  2.526080451070608e+09  2.164320556888310e+05  3.426145560672041e+03
  2.526093310128791e+09 -2.795682777671539e+04 -4.445549167460343e+04
  2.526078921029839e+09  4.182860325641721e+04 -1.121280966427641e+05
  2.526058284928335e+09 -8.476173051983642e+04  1.040874659173159e+05
  2.526176432859191e+09 -2.429499584538164e+04  2.968088952211547e+02
  2.526022095606716e+09  4.459259566132468e+04 -1.918478350628917e+05
  2.526079459476434e+09  2.635373163993290e+04  1.144082345569702e+05
  2.526167042031439e+09 -1.988342928622846e+04  1.690041263806942e+05
  2.526149914821127e+09  1.442682654500245e+05  1.889334201568746e+05
  2.526114994629641e+09 -1.007952259026654e+05  1.046141744367203e+05
  2.526132909339046e+09  5.800751463136816e+04  1.207112422132197e+05
  2.526142988761775e+09  1.485872028157014e+05  7.061858786033231e+04
  2.526022919719955e+09  5.318059915254300e+04 -1.890150202055590e+04
  2.526176703954830e+09  1.290111439973088e+05  1.604563395479586e+05
  2.526153165999447e+09 -1.104796193203630e+05  1.780727938253083e+05
  2.526276253622595e+09 -2.556723185637423e+04 -1.655236207847606e+04
  2.526172442790051e+09  6.201201033083769e+04 -8.648033062251180e+04
  2.526025536129478e+09  3.942021081195364e+04 -3.637169998520613e+04
  2.526044325083717e+09 -5.370733706807246e+04 -1.324629709066660e+04
  2.526183913442758e+09  1.098911107661061e+05  4.303298896191805e+04
  2.526164111201917e+09  4.503901348012616e+03  3.866257167322614e+04
  2.526112538736159e+09 -1.336356971475610e+05  2.735797756682313e+04
  2.526103131950345e+09  5.606320362665640e+04  5.284560489342548e+02
  2.526211783351612e+09 -7.316609355137098e+04  4.873462595636747e+04
  2.526134870375229e+09  1.691323032602154e+05  1.392785587264985e+05
  2.526186399538611e+09 -2.038728167263328e+05  2.940508768639565e+05
  2.526181776747383e+09  2.588638265034899e+05  1.197253443658194e+05
  2.526108228806394e+09  1.662596705770926e+05  7.828407143897424e+04
  2.526066634761587e+09  2.715713670244906e+04 -1.024978085341349e+05
  2.526124992382353e+09  1.338031938763881e+05 -1.565689124462600e+05
  2.526136282505420e+09  1.111688346936041e+04  5.520678631619632e+04
  2.526127571935175e+09 -4.763262781491497e+04  1.997879904234107e+04
  2.526034416871534e+09  5.157558179152803e+04 -1.208964452918284e+05
  2.526054829303966e+09  1.489053571773733e+05  2.385368292365165e+04
  2.526177246401397e+09  4.083717874815688e+04  1.457981064713638e+05
  2.526059876184030e+09  1.511118588888207e+05  3.022978747652192e+04
  2.526085590887729e+09  2.480602669976803e+04  7.615769015354430e+04
  2.526118712321829e+09 -1.398501606580527e+05 -2.526224299790198e+04
  2.526149592922260e+09  1.234626545135153e+04 -1.628040653316211e+04
  2.526233194469967e+09 -8.571002859816793e+04  2.862357800273132e+04
  2.526105224033208e+09  3.239931015749427e+04 -5.483403530295007e+03
  2.526156679277791e+09 -6.933323673664976e+04 -1.710312822234935e+05
  2.526208752088991e+09  1.561074645290123e+05 -1.144889354394024e+05
  2.526098612497107e+09 -1.975395125364291e+04 -2.671308352805243e+04
  2.526157524101219e+09 -5.617245003409963e+04  7.170432944067335e+04
  2.526002934986418e+09  2.153459547323501e+04  2.548618977972551e+04
  2.526120550923834e+09  1.365472445472758e+05 -1.068320779159153e+04
  2.526066282836295e+09 -1.122347395490082e+05 -1.049871441313465e+05
  2.526242908790912e+09  8.839043996537698e+04 -1.453136421067979e+05
  2.526188874502234e+09  1.194316852015037e+05 -1.537032356070960e+04
  2.526062081188046e+09  4.232408571069827e+04 -4.604924564259499e+04
  2.526355423736553e+09  4.654495510262810e+04  1.495493994480512e+05
  2.526142956244025e+09  1.576692576841661e+04  1.073265163805636e+05
  2.525951117993501e+09 -1.247240753002525e+05 -4.482532900914690e+04
  2.526104686978469e+09 -2.477815253627580e+04  3.518869465530256e+04
  2.526126143289534e+09 -1.174017413534593e+05  1.387309054948145e+04
  2.526245404529351e+09 -5.892716740059224e+04 -4.085710525869858e+04
  2.525993039584220e+09  6.463381214975799e+04  8.088684384867351e+04
  2.525986169723718e+09  3.233663221502810e+04  1.422690167124688e+05
  2.526138696325319e+09 -1.878659455245938e+05  1.299136777185223e+05
  2.526044379363664e+09 -1.489539448454254e+04  6.609584347829031e+04
  2.526110374052525e+09  1.022948187565058e+04 -6.914833160546550e+04
  2.525968201756020e+09  2.291140802050475e+04 -1.863395752196235e+05
  2.525913075327082e+09 -9.010536287628394e+04 -2.836376746913951e+05
  2.526102158031886e+09  5.830806395905092e+04 -1.873929602696446e+05
  2.526100617057305e+09 -7.364327828306913e+04 -1.392369775554402e+05
  2.526097675031226e+09  1.716889180997544e+04 -1.006195473274356e+05
  2.526309013141424e+09  1.809214148889130e+05 -5.937062518024689e+04
  2.526098356037551e+09 -1.855484560467117e+04 -1.200905994104902e+05
  2.526259609901941e+09 -8.697850197408372e+04 -6.502623572356405e+04
  2.525974757472088e+09 -9.301032654938032e+04 -1.092943854986802e+05
  2.526329750070574e+09 -9.132283419629355e+04 -7.990767321195215e+04
  2.526031053554883e+09 -1.135698176456674e+05  6.436713765062415e+04
  2.526198316311247e+09  1.912919377414207e+05  8.026995944423811e+04
  2.526297224364274e+09  9.159698916054651e+03  1.249277769530463e+04
  2.526023274187266e+09 -1.814782707983914e+05 -1.515327313464100e+04
  2.525961632699628e+09 -2.210118355368869e+04  6.673214865890983e+04
  2.526126896570040e+09 -7.166594565220462e+04  1.424047505296348e+04
  2.526092447513449e+09 -1.008238024278590e+04  1.117333837426261e+05
  2.526112750659495e+09  6.292000009285024e+04 -2.547086117994343e+04
  2.526067918521592e+09  1.572702854102235e+05 -1.539604691827793e+05
  2.526113000997885e+09 -3.385857635649189e+04  7.418317441218300e+03
  2.526321650679206e+09  1.414370527065743e+04 -9.105120136735961e+03
  2.526189691956246e+09 -1.542159662661928e+04  7.373715788656985e+04
  2.526190460323833e+09 -6.282827292040363e+04  1.329575309702131e+05
  2.526210412906558e+09  6.986027115718310e+04  6.078890160067775e+04
  2.526029725607707e+09 -8.749515325770481e+04 -4.300738865244156e+04
  2.526043740973105e+09 -5.911438746562460e+04 -7.579282706931490e+04
  2.526114275821146e+09 -1.616589806464706e+05 -1.447965062301327e+04
  2.526070017865129e+09  6.036860870196926e+04  8.611636504271079e+04
  2.526211509766866e+09  8.302979474030697e+04  9.157305184695701e+04
  2.525992631743360e+09 -3.737934468205287e+04 -7.566247025256920e+04
  2.526190110686640e+09  2.120759141558036e+04 -2.300762701800793e+05
  2.526174493598016e+09 -6.940684239262051e+04 -1.878429997990350e+04
  2.526181728693595e+09  1.564825093150046e+04  1.693449311606383e+05
  2.525924779732989e+09  6.750798029595101e+04  1.975320659867907e+05
  2.526044277305501e+09  1.573475877617213e+05  2.420616976423344e+05
  2.525997074086859e+09  4.754467667006329e+04  2.529868126682611e+04
  2.526029592838870e+09 -6.638429731542571e+04 -6.322212373932533e+04
  2.526112133347902e+09 -1.610469912312243e+05  7.955598426523258e+04
  2.526220049031630e+09 -7.685728557602339e+04  5.800609822657076e+04
  2.526056390408720e+09  9.533213527487009e+04 -8.063153578674333e+03
  2.526130280159686e+09 -4.072690148970578e+04 -5.512070356657472e+04
  2.526194354118155e+09  3.520903021435987e+04  1.212752548130462e+03
  2.526235685614708e+09 -5.366721254671211e+02  9.665239596656477e+04
  2.526021412422814e+09  2.366421795719722e+04  6.835689160379628e+04
  2.525923663175303e+09  1.359360752875530e+05 -3.733585237249034e+04
  2.526228091944100e+09  9.808255096469796e+04 -1.366889531191983e+05
  2.526127143589360e+09 -1.384469925622642e+04 -9.504814733218390e+04
  2.526274682224703e+09 -3.421961561918980e+04  4.167220281239832e+04
  2.526225143529861e+09 -6.880189993319049e+04  1.221403411588185e+05
  2.525947165984003e+09  6.926851145278616e+04  1.984444435645255e+05
  2.525999909630683e+09 -2.038625977791380e+03  1.511810880333902e+05
  2.526153407838969e+09  1.246479330223058e+05 -3.178590929877583e+04
  2.526163913820986e+09  4.078129163004458e+04 -5.323980192999821e+04
  2.526076294587455e+09 -2.258459557740558e+04  4.509656234044582e+03
  2.525993797258190e+09  7.940701302321651e+04 -5.064710651251348e+04
  2.526122972104976e+09  4.855895673220954e+04 -6.713887089925085e+04
  2.526171495688194e+09 -2.179581255868578e+04 -1.544497991259918e+05
  2.526092810473298e+09  4.147653355120623e+03 -9.339516918794182e+04
  2.525980535455516e+09 -3.496186980735266e+04 -6.056529494089517e+04
  2.526172355326952e+09  1.192554606088815e+04  5.281319006350613e+04
  2.525990790531329e+09 -4.882401140196528e+04  6.280233220078755e+04
  2.526143966536110e+09  4.206136904039071e+04  7.664346634859050e+04
  2.525968129648582e+09 -7.588332924639015e+04  4.756812471658667e+04
  2.526140327348999e+09  7.450302069157199e+04 -1.867119029279909e+05
  2.526141750905247e+09 -3.191235231371678e+04 -9.780736209650058e+00
  2.526198543993785e+09  4.667705982233118e+04  2.077799272738701e+05
  2.525974168353650e+09 -1.062764539570188e+05  1.902972427137337e+05
  2.526156092799929e+09  1.988049462382492e+05  2.971178167498816e+04
  2.526184240379175e+09  8.916252331991284e+04 -1.863098892366653e+04
  2.526256529575536e+09 -1.136826887571220e+05  5.168400039120694e+04
  2.526141471923084e+09  8.399998583320528e+04 -3.511128436552105e+04
  2.526037948831363e+09  2.698248015341512e+04 -1.066247420960306e+05
  2.525945781759766e+09  2.843030849667912e+04  1.393665388456638e+05
  2.525943115268531e+09 -7.847158827780397e+04  2.814127699015115e+04
  2.526024082007325e+09 -3.097154883481147e+05  4.100166229472158e+04
  2.526084801176096e+09 -4.480077872364840e+03 -2.107075547860266e+04
  2.526146543746336e+09 -8.456146891178863e+04 -1.011000702991910e+04
  2.526120231065924e+09  6.832729213950681e+04  9.152665775836678e+03
  2.526150576302016e+09  7.226140512034390e+04 -4.691790542906197e+04
  2.526041464529201e+09  4.019490814242442e+04 -1.420652951454464e+04
  2.526062397009973e+09 -9.052043885181984e+04  1.582034033361281e+04
  2.526135980814226e+09  1.476062397342129e+04 -4.734344868975994e+04
  2.526170556022806e+09 -1.532294407845153e+05 -9.968270433455554e+04
  2.526065523360319e+09  1.783560028483641e+05 -1.598414266181916e+05
  2.526113892445012e+09 -5.649772936162114e+04 -9.375895719305705e+04
  2.526278387684131e+09 -1.465912119559604e+05 -1.136928488328340e+05
  2.526093354560859e+09  1.259473073677305e+05 -1.151966852739546e+05
  2.526117836311123e+09 -6.277168507013936e+04  1.493833485831198e+05
  2.525976875534240e+09 -3.682078391386569e+04  1.455452511333569e+05
  2.526045984775442e+09  7.291137694077450e+04  1.458032159960067e+05
  2.526209768579736e+09 -1.236578135912005e+05  2.805366654636774e+05
  2.526306254328725e+09 -9.984143220849335e+03  3.900390912954311e+05
  2.526022255429485e+09  1.176190520357746e+05  3.589430033615078e+05
  2.526158713693113e+09 -4.478160808033380e+04  1.341271135016298e+05
  2.526270760561464e+09  2.065647519054194e+05 -1.209231233754479e+05
  2.526252447675633e+09 -5.421013050652551e+04 -1.576499915490331e+05
  2.525982529662898e+09 -4.989592392395253e+04 -4.399654829812970e+04
  2.526130183005182e+09 -2.483530932949398e+04 -8.783140120977769e+02
  2.526186480065534e+09 -1.228259334424132e+05 -5.224143340440723e+04
  2.526247284523731e+09  7.776125067965966e+04  1.411212988587399e+04
  2.526229892387418e+09 -8.185500621570635e+04  4.608534352324507e+04
  2.526048649813567e+09 -8.871622676123027e+04  4.640049290566985e+04
  2.526224433618517e+09  1.564487770471140e+05  7.423874365704924e+04
  2.526097272837312e+09 -1.031093457456589e+05  1.162341640375608e+05
  2.525963953782443e+09 -6.205664474058145e+04  9.998045788868942e+04
  2.526117561133818e+09  8.909638319419010e+04 -5.255225765309297e+01
  2.526399160181569e+09  6.193300097913836e+04  2.012153581287619e+04
  2.526186777935431e+09 -1.586470369785492e+05 -2.909432693722146e+04
  2.526204006041628e+09  7.749891894274863e+04 -1.782368542745733e+04
  2.526333743223152e+09 -1.308503571052784e+05  2.445352513688616e+04
  2.526062069219683e+09  4.919661521910457e+04  1.433505723140959e+05
  2.526251179179530e+09  7.474534734281269e+04  2.089629586670897e+05
  2.526161700780052e+09 -1.009831264007227e+05  3.625997555122047e+04
  2.526026470023003e+09  5.837540346835187e+04  3.245016201637336e+04
  2.526247703111145e+09  1.098326346743345e+05  2.538857978905668e+04
  2.525975785975542e+09  1.285731566558927e+05  1.009359959371039e+03
  2.526219342829397e+09  2.280470655331411e+04  3.190540823779424e+04
  2.526268938669493e+09  5.929962633611300e+03 -9.803753859723685e+03
  2.526390569908507e+09  1.367096139424167e+05  1.182240959350020e+01
  2.525989273131763e+09 -4.215386048179417e+04  1.112692938517898e+05
  2.526046308775318e+09 -5.735542267923080e+04 -5.779823018622771e+04
  2.526175045417718e+09 -1.172137923386723e+05 -9.485192169359047e+04
  2.526134367886959e+09  1.447786924033165e+05 -1.816929341387914e+05
  2.526187361008010e+09 -5.805229832755681e+04 -3.116112057116441e+04
  2.526128537526346e+09 -7.062193955847970e+04  1.077869840585359e+05
  2.526162504991915e+09  9.350344101549778e+04  6.181133959134831e+04
  2.526095211142132e+09  2.634343546666743e+04  4.913098744476330e+04
  2.525950103903648e+09  1.234776815711013e+05  7.823050648677273e+04
  2.526107683250019e+09 -1.975422510218138e+05  2.076718273065539e+04
  2.526214153166488e+09  1.412336809822292e+05  3.414029746139189e+03
  2.526112006274634e+09  1.033954505967976e+05  2.070046063456389e+05
  2.525999726468524e+09  3.057804730891736e+04  1.972538307635545e+05
  2.526173001949811e+09 -5.922582092815428e+03 -5.371156379227457e+04
  2.526256346433012e+09 -8.043790208416292e+03 -9.186124770299962e+04
  2.526143731295352e+09  7.320545683068526e+04  9.637354708229116e+04
  2.526113048489770e+09  1.634183723633521e+04  6.502516292494399e+04
  2.526088287531618e+09 -1.055296179387160e+05 -1.512163207726092e+04
  2.526176691710935e+09 -1.028675531664387e+05  1.229250102736034e+05
  2.526001155718035e+09  8.150811010476947e+04 -2.150333621988515e+04
  2.526107601661138e+09 -7.097209397056908e+04  3.592671463214839e+04
  2.526123597963615e+09 -1.723303037214652e+04  1.171372850855490e+05
  2.526234818501134e+09  1.438282962432331e+05  1.466900237054308e+05
  2.526213064030542e+09  5.002781740821956e+04  2.319206153752682e+05
  2.526158211761397e+09 -8.276102031521592e+04  1.408138983397145e+05
  2.526110160674403e+09  3.031422405929700e+04  9.382222781894263e+03
  2.526006871753414e+09 -3.640134888016444e+04 -4.676646417660173e+04
  2.526150151568284e+09 -1.367099108530284e+05  1.712610874157242e+04
  2.526194651340282e+09 -2.356713860954391e+03  3.801687573014270e+04
  2.526253150335135e+09 -1.128821630310551e+05  5.683764858619776e+03
  2.526054519857983e+09 -6.274543113405118e+04 -2.440595594735290e+04
  2.526087507168962e+09  5.189364306899090e+04  2.329797413054830e+04
  2.526066073982347e+09  1.585281024089539e+05 -4.527709987981312e+04
  2.526268856047873e+09  3.249954946703534e+04 -3.900788251802931e+04
  2.526128570514686e+09 -2.635171630955787e+05 -1.033755182312021e+04
  2.526043257623211e+09  7.714634268307919e+04 -2.014754567573313e+03
  2.526219193517401e+09 -6.501922743247508e+04 -3.866701498830691e+04
  2.526018225464321e+09 -1.016172643578029e+05 -7.840367688180413e+01
  2.526025181722740e+09  5.514031774536721e+04  1.095091280467575e+04
  2.526020021891436e+09 -3.544110433451411e+04 -1.784491359865968e+04
  2.526001777800741e+09  1.858408931672605e+05 -1.394548696361377e+04
  2.526139362233798e+09  1.700562143122056e+04  5.869918304149609e+04
  2.525908177774293e+09 -2.629679115044116e+04  8.729601644122682e+04
  2.526193000751026e+09 -4.530697421365697e+04  8.539403276743845e+04
  2.526064105954025e+09 -5.060822578273609e+04  1.100311210955742e+05
  2.525976816548126e+09 -6.298254240125965e+04  2.074989188586219e+04
  2.526103486414629e+09 -2.494847566555231e+04  1.190792389065609e+03
  2.526121128578701e+09 -7.505585979653522e+03 -1.740463214250421e+04
  2.526135210115347e+09 -1.079289291024441e+03 -5.802626776387403e+04
  2.526232957923963e+09  1.159307507975679e+04 -2.070157958414068e+04
  2.526109045712382e+09 -2.196818362531911e+05 -2.392197059437982e+04
  2.526258430230992e+09 -5.129734141567117e+04 -2.944818999218172e+04
  2.525956779813155e+09 -7.637866128563229e+04 -2.834274616029602e+04
  2.525992743561256e+09  3.875073419828073e+04  1.268857196266996e+03
  2.526200814128194e+09 -5.248747763338085e+04  5.270112053712003e+04
  2.525935113723444e+09 -2.638959677413228e+04 -1.332604016900313e+04
  2.526030226184029e+09  2.146018765063505e+05 -4.989487449078285e+04
  2.526110546760283e+09 -6.493405606198532e+04 -2.106740182363486e+04
  2.526192066399906e+09 -4.807969178029615e+04  3.017345119344792e+04
  2.526109465799697e+09  6.023099943462759e+03  3.997882724753744e+04
  2.526196356044536e+09 -7.595890313124179e+04 -3.933501376143590e+04
  2.526108670677814e+09  1.164372842226668e+05 -5.120294254231719e+04
  2.526228309891925e+09  3.084268186067813e+03 -8.724108767796599e+03
  2.526329001276888e+09 -3.931122417752256e+04 -3.276922478127852e+04
  2.526060451489367e+09  7.124608475393150e+04 -5.992355240605213e+04
  2.526320565839848e+09  2.578134102771280e+04  5.416971728900285e+04
  2.526249978833757e+09 -4.220126098882989e+03  7.618707261252124e+04
  2.526077399443233e+09 -1.543701552559600e+05  5.239464771987351e+04
  2.526115204643102e+09 -1.435716557679696e+05 -1.336177949641272e+04
  2.526233386109354e+09 -2.528191095054429e+04  3.923048305101087e+04
  2.526121274152239e+09 -8.128479806547996e+04  4.812251025432162e+04
  2.526180324331366e+09  1.102184719651737e+05  3.605694592976372e+04
  2.526002694400550e+09  5.218910704806354e+04  6.231826723994664e+04
  2.526024468518306e+09 -1.486261435550082e+05  1.362267035649531e+04
  2.526117117617703e+09 -1.249776130890661e+04 -1.502485641887266e+04
  2.525959035230158e+09 -5.283921834506292e+04 -4.859520238943957e+04
  2.526084145100568e+09 -8.446845306896803e+04  5.158489186415635e+04
  2.526128883513866e+09  9.543948803905398e+03  8.170471940796822e+04
  2.526063196997582e+09 -8.867577299139928e+03  6.743131612815126e+04
  2.526260304986478e+09  6.173386709946417e+04  2.339887959558995e+05
  2.526063708252968e+09 -8.573768285992730e+04  1.853153551369149e+05
  2.526009867659156e+09 -1.498795428893242e+05 -1.049726388889300e+05
  2.526170428761555e+09  9.813108537496295e+04  2.345918527079630e+03
  2.526052224863568e+09  1.516863399990281e+04 -6.275772755253420e+03
  2.526264325164266e+09 -1.029470982595523e+05  2.918850434154988e+04
  2.526158114835771e+09 -5.122975850416021e+04  1.536733207204073e+05
  2.526006669346573e+09  1.087336361200965e+05 -3.001237113168911e+04
  2.526036622942005e+09  5.284707608076849e+04 -9.242715931244085e+04
  2.526345703222617e+09 -4.777695395452710e+04  1.738997001414608e+05
  2.526274776913196e+09 -8.898999983676709e+04  1.167378520470456e+05
  2.526228494243141e+09  3.536205970144121e+04  3.546487872877787e+04
  2.526191077524641e+09  1.024861896997830e+05  2.243273553534931e+05
  2.526028440449421e+09 -4.336174209028354e+04  6.235121786275273e+04
  2.526116336989985e+09  6.735883252784028e+03 -1.745828008956300e+05
  2.526126660225781e+09 -2.163021767331701e+04  2.906962960410985e+04
  2.526116790783983e+09  2.142259005109508e+05  3.698593593635713e+04
  2.526257362770265e+09 -1.294041791669913e+05 -1.488413858669335e+05
  2.526284442063713e+09 -2.055759584429418e+05  1.980302811723347e+05
  2.526189104741687e+09  9.663750254617230e+04  1.416746308196569e+05
  2.526045943472820e+09  1.656823679960442e+05 -3.797970241029671e+04
  2.526171199285820e+09 -1.511426488293480e+05  6.383461310376436e+04
  2.526145606212324e+09 -8.571888283454278e+04  1.015296999926192e+05
  2.526106233270636e+09  1.265453734509468e+05  3.849223377880105e+04
  2.526170013968816e+09  2.387216540978570e+04  8.883744797264400e+04
  2.526176933097965e+09  4.250222694425914e+04  1.505188292032774e+05
  2.526198880444747e+09 -6.947406101446715e+04  1.021386589449719e+05
  2.526137677644986e+09 -1.295540083067417e+05  1.221885457636141e+05
  2.526223379793990e+09  4.726122482430126e+04  8.491526586642332e+04
  2.526281378162489e+09 -1.512800919856847e+04 -3.352226578507223e+03
  2.526438684355598e+09  1.476729043043875e+05 -7.774373844459350e+04
  2.526121468406816e+09  2.873212670658636e+04 -8.488684722708506e+04
  2.526181467561378e+09  5.655058577035111e+04 -1.793310366956552e+04
  2.526268884708167e+09  7.879677369754179e+03  1.332503055946709e+04
  2.526205204728200e+09 -2.269032043126423e+04 -8.406983811071236e+04
  2.526201601310044e+09  9.154830313843244e+04 -1.148933057983902e+05
  2.526052120815693e+09  7.556277721998299e+04 -1.136967856063587e+05
  2.525972885227670e+09 -1.647336267844778e+05 -9.140430517980130e+04
  2.526133801564918e+09  1.867729814674519e+04  1.226583443448646e+03
  2.525918310769583e+09 -1.001432692153007e+05  2.730208676982555e+03
  2.526214275218196e+09  1.031700148402090e+05 -3.028428088401890e+04
  2.526172424608787e+09  6.556918980621919e+04 -3.258942679610464e+04
  2.526112445834247e+09 -5.441411361791706e+04 -1.428179502554956e+05
  2.526156607791825e+09 -2.065915728738168e+03 -5.451652800282626e+04
  2.526267873100360e+09 -1.364601927746946e+05  1.302157511963765e+05
  2.526264890114618e+09  1.603876566535502e+03  4.586424120483152e+04
  2.526123254851040e+09  5.982142479803297e+03  2.098885388825176e+04
  2.526142985343226e+09  1.473645228416405e+05  4.599445821458806e+04
  2.526157048201414e+09 -7.714014811236365e+04 -8.397077544905897e+04
  2.526092887811295e+09 -6.074038615395431e+03 -1.035937840968980e+05
  2.526076400325523e+09 -6.449117406177672e+04  3.293475971170119e+04
  2.526092192902541e+09  2.064958205199102e+04  4.479923897779826e+04
  2.526097696010631e+09  2.168021735097154e+04 -1.807038458405674e+05
  2.526011835191521e+09 -9.498911998307426e+04 -7.931722618159343e+04
  2.526168019939678e+09  4.900117227049889e+04  6.741166246662987e+04
  2.526267712314405e+09 -1.957478951678188e+05 -6.204217560885730e+04
  2.526154442900431e+09  8.094050389920571e+04 -5.986579402232007e+04
  2.526283931360504e+09  7.518196462902211e+04 -9.991459569518885e+04
  2.525981007077006e+09 -5.027140532791946e+04 -4.677686596891913e+04
  2.525917812923082e+09  3.725297908238129e+04  1.008727256007467e+05
  2.526020874860700e+09 -1.957141580292164e+05  5.521559936502343e+04
  2.526151658316650e+09  6.907110543332575e+04 -4.957789046602300e+04
  2.526131058823450e+09  1.898725597598962e+04  7.318731934819114e+04
  2.526199641909337e+09  7.280845610922878e+04  1.225632685744131e+05
  2.526060312529107e+09 -1.338723020024623e+05  1.107133043914512e+05
  2.526135146141874e+09  1.072879881281443e+05  7.473279425058188e+04
  2.526039210157186e+09 -1.636802002096558e+05 -1.334500052108075e+05
  2.526280479084629e+09  1.756491892981902e+04 -1.203046594246877e+05
  2.525940234744875e+09  2.128309765328199e+05 -2.157746891571043e+05
  2.526125847532487e+09 -1.898230231612164e+04 -2.050321323520353e+05
  2.526077117857264e+09  2.577188613535604e+03 -8.215406694019446e+04
  2.526079489443488e+09 -2.077703127644342e+05  4.953252655557590e+03
  2.526036436178028e+09  1.064255666367493e+05  3.068662060627778e+04
  2.526094053211647e+09  2.452853101541789e+05  2.773180218225799e+04
  2.526212494979925e+09 -1.348630727629617e+05  5.179640794034757e+04
  2.526104000070511e+09 -1.270897037804471e+05  1.212463461798349e+05
  2.526096973074052e+09 -1.966322213387373e+04  2.183216360034102e+05
  2.526062059036670e+09 -2.324464171286696e+04  2.376806180356593e+05
  2.526161461961961e+09 -3.144825067878695e+04  5.394993801795196e+04
  2.526214689050042e+09  1.225893870707685e+05 -6.013816067396640e+04
  2.526207432538226e+09 -5.411345190200223e+04  9.957198107959470e+03
  2.526142114183270e+09  3.717486696759029e+04 -7.280402723374934e+04
  2.526034813813385e+09 -6.193022520505311e+04  8.367289302907547e+04
  2.526191599678143e+09 -7.356606079280458e+04  1.730214033992535e+05
  2.526242280908810e+09  1.795165219580622e+05  3.653193391040014e+04
  2.526060423944243e+09  1.803623785779397e+05  1.683474127077103e+04
  2.526212457500896e+09 -4.302341305268108e+04 -5.772773313233635e+04
  2.526030121738499e+09 -1.609509034898535e+05  6.780290171420726e+03
  2.526142686619606e+09 -1.809370516903741e+05  7.548259657497238e+04
  2.526116464242531e+09  2.043005652238976e+05  5.998622728810675e+04
  2.526099741711637e+09 -1.282629906095439e+05 -3.533080717628513e+04
  2.526130375790484e+09  1.228274355443481e+04 -1.016627201634530e+05
  2.526168344931823e+09  2.284889123935893e+05 -3.378947906414396e+04
  2.526152017507446e+09 -6.191373078719107e+04 -6.125084427169408e+04
  2.525938814354467e+09 -1.460258496619482e+05 -1.292553175135602e+05
  2.526044450105630e+09  1.752334696901487e+05 -5.543820615474251e+04
  2.526065527947308e+09  4.520517917637440e+04  1.286905779669494e+05
  2.526125701735378e+09 -2.012115362323069e+05  3.000377305671573e+04
  2.526266890482114e+09  1.718658114242285e+04  1.704765515479478e+05
  2.526205150364697e+09  8.639048170725023e+04  1.200665091307245e+05
  2.526165904138858e+09  5.653887589617379e+04  8.861472816778533e+04
  2.526100444408836e+09  8.557853553945199e+04  4.734173981038167e+04
  2.525969666717619e+09 -2.102033177904855e+04 -3.150237293123221e+04
  2.526306309953404e+09  3.715224274756172e+04 -1.268350120674404e+05
  2.526228094964863e+09 -2.067640187974276e+05 -4.008156025824085e+04
  2.526149454862742e+09  6.580932681253040e+04  8.288137719736295e+04
  2.526131160717695e+09 -9.442805465511337e+04  1.345639104590862e+05
  2.526215125352260e+09  5.325671694436518e+03  1.706177744470406e+05
  2.526097636529572e+09 -1.147823320354891e+05 -3.115141618913575e+04
  2.526137188396634e+09 -4.633623794187466e+04 -3.360104590616003e+04
  2.526140644364292e+09 -3.276492795601021e+03  1.515762020206700e+05
  2.526052075560964e+09  8.978789024394937e+03  8.022249038200217e+04
  2.525901969827422e+09  1.604116465707443e+05 -4.482909099633596e+04
  2.526183991360707e+09 -2.023228587009375e+05  5.697311882611702e+04
  2.526005167376695e+09 -1.166755092298214e+05 -4.906291708354605e+04
  2.526191589680365e+09  2.100074875559857e+05 -4.919159219825541e+04
  2.525941098648245e+09 -9.471295886744186e+04  2.603256476996333e+04
  2.526206508629428e+09 -1.566918973379232e+05  2.624076916951686e+03
  2.525987577396323e+09  1.323717624036015e+05 -2.555860044522514e+04
  2.526256102748199e+09  8.664225835672067e+04  1.723702422258863e+04
  2.526032244036923e+09  1.623467754941989e+05  5.651725570657896e+04
  2.526043901206179e+09  7.611224388359720e+04 -9.025849605092604e+04
  2.526111010876025e+09 -1.311675595206989e+05 -2.259765378889276e+05
  2.526191330610544e+09 -2.196836048407218e+04 -1.520530181028758e+05
  2.526023165320915e+09 -2.417448939513977e+05 -1.704811494566920e+05
  2.526297377684702e+09 -9.251114822693105e+04  2.306792408643989e+04
  2.526006080448446e+09  5.145783317233634e+04  1.074505695378219e+05
  2.526287952464993e+09  4.523610979141039e+04  1.523494747172750e+04
  2.526190052663114e+09  1.027152399747906e+05  3.366189182233720e+04
  2.526157756469351e+09 -1.252892317092953e+05 -1.407778938357858e+04
  2.525926004306036e+09 -1.444622180250935e+05  1.233098611973787e+05
  2.526083803465424e+09  7.419318721537129e+02  1.100578375671695e+05
  2.526114309547074e+09 -2.389765997527016e+05 -8.035442516012711e+04
  2.526234284588031e+09 -1.628421102398112e+05 -1.737134681239938e+05
  2.526165506834126e+09  9.482015835636260e+04  4.422069311193214e+04
  2.526016572997564e+09 -1.078248340260200e+05  2.156269884343638e+05
  2.526102358885121e+09  1.596731961384136e+05  1.409359939142908e+05
  2.525998826837236e+09  2.596433015062212e+04 -8.106660287775984e+04
  2.526191879703134e+09 -1.834737213050136e+05 -1.356281330684260e+05
  2.526096233609359e+09 -3.725291942722333e+04 -9.028569016523892e+04
  2.526088260592697e+09 -5.276681852095528e+04  1.301669394579441e+05
  2.526147240398140e+09 -2.982457232928512e+04  1.445463579132623e+05
  2.526188944808583e+09  1.697718319107271e+05  5.116732930762891e+04
  2.526176506976485e+09  9.144143409258034e+04  2.395039375085314e+04
  2.526094539142560e+09 -3.137862126865640e+04 -1.178386287807340e+05
  2.526124503451483e+09 -9.501106352579081e+03  6.863813482342564e+03
  2.526129903127475e+09 -6.607783923603641e+04  1.075566832134776e+05
  2.526134128244591e+09 -1.132706842460013e+05  1.471448288606126e+05
  2.526075529299429e+09 -1.283039545571753e+05  1.106132903364957e+05
  2.526084057485724e+09 -3.843730419824366e+04  3.985463461564656e+04
  2.526072657548225e+09 -4.569444262211910e+03  3.013437805080600e+04
  2.526138153204810e+09 -1.742603861267560e+05  8.398027257423848e+04
  2.526211163526990e+09  1.755970077600243e+04  5.318792331013875e+04
  2.526242477157609e+09 -8.964349224917361e+04  4.733960300750227e+04
  2.526072993425161e+09 -1.840786261599293e+04 -2.076726337691332e+04
  2.525900889847487e+09 -9.846183950819843e+04 -8.695164689640037e+04
  2.526211105326299e+09 -1.751656146357651e+03 -4.803313737544941e+04
  2.526375957911736e+09 -4.998926376791159e+04 -1.505665334104891e+05
  2.526101986578535e+09  1.200284662849113e+05 -8.258114874209871e+04
  2.525946817276288e+09 -5.046276701844484e+04  7.118098429063242e+04
  2.526235975610240e+09  3.515544857161934e+03 -2.692015153762931e+04
  2.526085520248440e+09  4.685800810176181e+04 -2.879156916314934e+04
  2.526192743386097e+09 -1.307208479697518e+05  4.019926283813815e+04
  2.526042384244780e+09 -4.162437537354138e+04  4.822460616184538e+04
  2.526033184752764e+09 -9.794471949827904e+04  1.314855352177360e+05
  2.525998078214509e+09  4.288424970618915e+03  5.041613193005323e+04
  2.526071345313404e+09 -6.088753482252965e+04 -4.234404894912898e+04
  2.526224347590235e+09 -1.338993664829317e+05 -7.919973287093150e+04
  2.526020538762306e+09 -6.370379484147183e+04  1.179593576611578e+04
  2.526118819812562e+09 -6.327442543830560e+04  4.160917483954760e+04
  2.526127645406234e+09  3.429391843911493e+03 -2.342376905853266e+04
  2.526081463091153e+09 -9.848531099487422e+04 -1.200307325937201e+05
  2.526175796100269e+09  3.828105528676874e+04 -8.295455655117054e+04
  2.525905716993142e+09 -3.130879162238399e+04 -1.019456927644147e+04
  2.526075174742192e+09 -1.335657846908204e+04  5.138613438480068e+03
  2.526159826901470e+09 -1.050581991236210e+05 -1.460137498288858e+04
  2.526225393015308e+09 -4.900799613480552e+04 -8.066527407131449e+04
  2.526075813957370e+09  3.474686195749510e+04  4.300819542086776e+04
  2.526024198714581e+09 -2.317132755602858e+05  1.474636890896431e+05
  2.526077492580801e+09  5.748241830737237e+04  4.380792988101707e+04
  2.526278625174097e+09 -1.324766822195979e+04  9.434232007219258e+04
  2.526101152636024e+09 -3.749945737529197e+04  6.803420011953171e+04
  2.525991629040543e+09  8.329270462009730e+04 -3.127783418366220e+03
  2.526223871171388e+09  3.150494828546559e+04  1.508916388629586e+04
  2.526183660038318e+09 -3.273200825298205e+03  3.519558041058679e+04
  2.525932038625164e+09 -1.230658749260090e+05 -1.440361826111970e+04
  2.525897903976899e+09 -5.815500112264766e+04 -4.853856585528585e+04
  2.526178565174958e+09 -6.944412107421597e+04 -1.162320332784897e+05
  2.525980317634927e+09 -5.198536792140512e+04 -1.284273549975241e+05
  2.526155849622195e+09  3.475999927548331e+04 -1.210350289345043e+05
  2.526257260777578e+09 -7.183595855606254e+02  6.730236054707298e+04
  2.526212406405392e+09 -5.370678903051966e+04  1.433098463446762e+05
  2.526320078157051e+09  4.723721965879970e+04 -7.972866962155560e+04
  2.526164235213429e+09  2.056857997457900e+05  6.591111646923260e+04
  2.526003640957183e+09 -7.749384918044973e+04  1.347698218535886e+05
  2.526118931849057e+09 -7.237447371993214e+03  1.401327707030342e+05
  2.526165435221715e+09  9.157842613358749e+04  8.933874166973506e+04
  2.526129170036978e+09 -9.781968183034100e+04  7.804049752959679e+04
  2.526083464293062e+09  7.218425131861656e+04 -1.106714728232177e+05
  2.526317711560612e+09 -5.020015689188516e+04  1.543926623553844e+04
  2.525974432325872e+09  4.274000898317154e+04  1.097059863378783e+05
  2.526213045758538e+09  2.954848791618960e+04  1.200044107839670e+05
  2.526156177589264e+09  1.192868531092803e+05  9.367939214937889e+04
  2.526110259559085e+09  3.870414371429663e+04  7.550630700866692e+04
  2.526148399094603e+09  3.292482269832829e+04  5.837789018574706e+04
  2.526235170683716e+09  1.134703985961017e+05 -6.390416890323191e+04
  2.526057619135528e+09  3.352882744465233e+04 -1.860979996283073e+03
  2.526123339356565e+09  4.550870066428807e+04  9.167533721046301e+04
  2.526379231063313e+09 -7.002862754826993e+04  6.833889493317425e+04
  2.526235516520257e+09 -3.814109029617929e+04 -1.521614625715616e+04
  2.526211639204895e+09  1.663375487083425e+05  3.684829878102522e+03
  2.526061189315683e+09 -8.385689971228084e+04  5.495399542533874e+04
  2.526156239021714e+09  1.680622815706333e+05 -1.708867950493394e+04
  2.526286156129200e+09  6.255128575051669e+03  5.848696204865689e+04
  2.526025180748777e+09  5.547026254833210e+03  9.302440318635199e+03
  2.526109917285843e+09  9.275161152433563e+04 -4.824797844165796e+04
  2.526011065172733e+09  3.929664742565120e+04 -5.133649461676314e+04
  2.525905531126095e+09  1.189360879789267e+05 -3.807944515972107e+04
  2.526235310078433e+09 -5.420473155954288e+04 -8.132282001797628e+04
  2.526106195209863e+09  6.295994528179092e+04 -8.426897014032038e+04
  2.526247886993906e+09 -9.268434933509695e+04  1.110310384594048e+05
  2.526168681640950e+09  1.534564787309160e+05  8.552545258222974e+04
  2.526055801366325e+09  1.215980649288989e+05  2.324201636889148e+05
  2.526044216145689e+09  1.326934404500245e+05  1.893990271272789e+05
  2.526136174648597e+09 -1.633165463783576e+05  1.014746609000303e+04
  2.526076788763040e+09  7.892181542728387e+03 -9.310991459452780e+02
  2.526085473361481e+09  1.853994942182037e+05  1.616915393247851e+05
  2.525985819637702e+09  2.441132566946733e+04  4.583176118611940e+04
  2.526273587770860e+09  1.021773592241221e+05 -6.898241283535666e+03
  2.526167614910979e+09 -4.169013838164449e+04  6.083715448479983e+03
  2.526085550932044e+09 -6.470341720642219e+04  4.015198467402376e+04
  2.526156602370672e+09  3.854416107401081e+05  6.404174953911180e+04
  2.526076784698374e+09  4.271413681730270e+04  5.459354141150802e+04
  2.526144307904527e+09  1.455744442395784e+05 -2.683280580824986e+04
  2.526009739521798e+09 -1.712557496015225e+05  7.672912130094715e+03
  2.526116401519257e+09 -3.714359852812311e+04  2.923447592626559e+04
  2.526064075779366e+09 -1.728075702514154e+05 -1.087076674586777e+05
  2.526115039921153e+09 -2.719672061438789e+03 -7.572562541520056e+04
  2.526159597058024e+09  1.530890069200001e+05 -1.052434672484855e+04
  2.526198120952288e+09  1.463312631004172e+05 -5.255944190180162e+04
  2.525995963057788e+09 -1.453404237406397e+05  3.202833253001794e+04
  2.526060957819019e+09  8.598754599929682e+04  1.799342256275364e+05
  2.526123576239184e+09 -7.704026854334516e+03 -1.053099178374613e+05
  2.526225868898179e+09 -3.928349719460006e+04 -1.615216763306013e+05
  2.526080106750173e+09 -1.336566910598681e+05 -6.288790716786985e+04
  2.526182411431583e+09 -8.129097002311796e+04 -9.458874668809469e+04
  2.526198103327616e+09 -6.027907944391792e+04  6.960039603215037e+04
  2.526058041468699e+09  3.139205475868003e+05  6.705808331147232e+04
  2.525949624368534e+09  2.412633735943655e+04 -2.163696352249381e+05
  2.525980226447748e+09  4.909541255762125e+04 -1.917360553256073e+05
  2.526086640156388e+09  1.987491778717603e+04 -1.244303195727468e+05
  2.526072158490709e+09 -2.564371617707505e+04 -6.984566131342773e+04
  2.526077626610744e+09 -2.627837838012321e+04 -1.249673308381073e+05
  2.526228719941395e+09 -3.097789620501851e+04 -9.737970210726792e+04
  2.526088270379333e+09  6.411398782726075e+04 -5.326310194484657e+03
  2.526225013838347e+09  5.651268462598720e+04 -9.354059765116568e+04
  2.526046793230294e+09  6.545206283463864e+03 -1.353976278376628e+05
  2.526045825494670e+09  1.880108562203690e+05 -6.353429653731745e+04
  2.526144235725327e+09 -1.993882915212048e+05  5.501184563629288e+04
  2.526170016801734e+09 -2.683999735043177e+05  5.560606819398727e+04
  2.526028330285249e+09 -8.044102770661132e+04 -1.360017585862672e+04
  2.526184517602040e+09 -5.608631738592521e+03 -9.992949605520919e+04
  2.526011561009287e+09 -7.019393569655772e+04 -5.025317499715090e+04
  2.526127419403898e+09  1.339030491760198e+04 -3.673929978359188e+04
  2.526092976294407e+09  2.830476150462544e+04 -2.091693743928045e+04
  2.526277380695374e+09 -1.208574926458470e+05  5.809608933846978e+04
  2.526242225845466e+09  1.897099709813911e+05  5.201626002552989e+04
  2.526273155775820e+09 -4.256963152011833e+04 -1.134482811103819e+05
  2.526247460336362e+09  3.128418867563806e+04 -1.344912488504959e+05
  2.525978331868381e+09  7.729345222893865e+04  9.386510595026280e+04
  2.526106866687775e+09  6.394913113155181e+04  1.193804848624796e+05
  2.526144822529071e+09  2.338894749970734e+04  1.631632535555759e+05
  2.526123599986030e+09 -3.391398579041677e+04  1.198445813425469e+05
  2.526069988736384e+09  2.790510898506714e+05  6.378194633893261e+03
  2.526261893541335e+09 -1.123813030463962e+05 -1.849559244451579e+04
  2.526186607732187e+09 -1.046533256307493e+05 -5.105299882476835e+04
  2.525941578231807e+09  6.120648814755626e+04  2.456254204263288e+04
  2.526144827612086e+09 -5.958420187130604e+04  5.555082570484676e+04
  2.526141439353335e+09 -2.103430249003950e+05  4.228553089382825e+04
  2.526112336057102e+09 -1.038622330139601e+04  5.553966996015166e+04
  2.526124308283168e+09 -2.283537154411125e+04 -2.475891429992858e+03
  2.526132525678131e+09 -4.983200497398942e+04  1.564457359361259e+04
  2.526346382141758e+09  1.447528824560328e+05  1.011016119854267e+05
  2.526016349344574e+09 -9.203678874051548e+04 -4.289358678175916e+04
  2.526268925674478e+09 -6.633010813828558e+04 -1.581466997213295e+05
  2.526214263433113e+09  9.241112699247949e+04 -3.421592461237591e+04
  2.526379659463911e+09  2.704577497681760e+04  7.608083863912267e+04
  2.526237021521461e+09  1.781585617249958e+04 -3.094203819297758e+04
  2.526270507791677e+09 -3.852718519407813e+04 -1.370382225477227e+05
  2.526254340298411e+09  2.192967222691426e+05 -3.975640342964808e+04
  2.526193531287648e+09 -1.924266999974416e+04  3.432242387552524e+04
  2.526160013668670e+09  1.952842454150482e+04 -4.428897160806297e+04
  2.526158859144930e+09  4.707670078007737e+04 -6.606758800852997e+04
  2.526104440919125e+09 -9.621684289279487e+04  1.487333060259558e+04
  2.526096319669079e+09 -1.489869341773462e+05  6.924254517137841e+04
  2.526093197389790e+09 -3.485328799732612e+04  8.464743005551572e+04
  2.526339320995632e+09  2.718885590014281e+03 -8.064775258017087e+04
  2.526270252193700e+09  8.727245230027405e+04 -1.301029847756338e+05
  2.526168660095253e+09  1.644304374742979e+05  1.538931127248402e+04
  2.526200215129294e+09 -2.329982603839668e+04 -5.674087241363304e+03
  2.526270150717039e+09 -2.753866983620595e+04 -8.974500243915198e+04
  2.526105941120936e+09 -8.933432120784046e+04  5.872753433150594e+04
  2.526190275198455e+09 -5.859297037838009e+04  2.438414264626364e+04
  2.525867414043757e+09 -8.998867339749195e+03 -7.446565309083971e+04
  2.526165451813555e+09 -1.256189844762250e+05 -8.485511846369191e+03
  2.526177707786447e+09 -2.854543770739576e+04 -5.324030182543444e+03
  2.526013945012985e+09 -1.251455899756555e+05  7.741856484500598e+04
  2.526150171973166e+09  7.859692134843208e+03  5.924914492920175e+04
  2.526123811617350e+09  7.613007030301692e+04 -1.144238545142340e+05
  2.526072323876755e+09  8.708008254867746e+03 -1.516145161833344e+05
  2.526277939098873e+09  1.119005350001436e+04 -2.375647666963493e+04
  2.526350877874409e+09 -1.207281461540803e+05  1.498725117639190e+05
  2.526114635922795e+09 -4.869645430806675e+04  1.765628089263244e+04
  2.526192741347750e+09  1.274042912165984e+03 -9.560145319799939e+04
  2.526202369659805e+09  6.923204038502160e+04  1.385959989662282e+04
  2.526050393295698e+09  2.734169823168445e+04  1.605540288523654e+05
  2.526052868442005e+09 -6.566027918369509e+03  1.936451348860752e+05
  2.526233535895108e+09 -1.302469395493045e+05  1.082624418131638e+05
  2.526163128330540e+09 -6.207910418081818e+04  2.507308923564791e+05
  2.526235342599639e+09  2.964889804952091e+04  1.131562065063721e+05
  2.526234695187901e+09 -1.172615836365931e+05 -1.427003836109539e+05
  2.526114955712360e+09 -5.912795998485002e+04 -7.144860640302443e+04
  2.526071243359833e+09 -2.142677571767638e+04 -4.479216742977302e+04
  2.525995024810285e+09  2.187398499855958e+04 -6.480810068964656e+04
  2.525999297210249e+09  3.087839584355527e+05  1.048349280446351e+05
  2.526078638655969e+09  8.024918207026471e+04  2.236918874061428e+04
  2.526128643632650e+09  2.864179606291815e+04 -1.117834579306310e+05
  2.526131629963175e+09 -5.880213865259255e+04  3.492760420459206e+04
  2.526151729192018e+09 -5.904090498860553e+04  4.536333319010967e+04
  2.526040961350499e+09 -1.971561673674446e+05 -2.115172760841078e+04
  2.526227589089860e+09  1.660864467538553e+04 -7.342464154268918e+04
  2.526191684981802e+09  1.308455503875718e+05 -1.358460377348026e+05
  2.526049950033509e+09 -1.420005736188518e+05 -7.915968462172896e+03
  2.526158184984671e+09 -7.878327782474225e+03  1.005144234384689e+05
  2.526114806967100e+09 -3.305361381438113e+04 -2.418548386285978e+04
  2.526075350110358e+09 -5.658679538655351e+04 -9.116462222069770e+04
  2.526223279789151e+09  5.722230867465888e+04  1.543284844570822e+04
  2.526075929232770e+09  1.503700026990451e+05  5.868866232426737e+04
  2.526148049995976e+09  1.048779692843165e+05  4.218987936289981e+03
  2.526138285729671e+09  2.721602925598621e+04  6.471913586189144e+04
  2.526226250303600e+09  3.287563245423748e+05 -1.241363150819344e+04
  2.526061150936163e+09  2.846248357278621e+04 -2.999361851980758e+04
  2.526212653697271e+09 -9.496704371303544e+04 -1.083284514827367e+05
  2.526130103942073e+09 -1.006051183823260e+05 -1.006370015997519e+05
  2.526024880378263e+09  5.110174569018127e+04  1.650597442833541e+05
  2.526162618477947e+09 -1.214773233190528e+05  7.224776594494306e+04
  2.525975795607224e+09  2.773882182738477e+04 -4.574562751062727e+04
  2.526120626266129e+09  1.737337000472893e+05  4.109799571498577e+04
  2.526161602978418e+09 -7.221400911417423e+04 -6.012714191337232e+03
  2.526207792526731e+09 -1.789073671125807e+04 -5.336992890371312e+04
  2.526037652471729e+09  1.217054323769007e+05 -1.647509315284777e+04
  2.526082034673832e+09  9.145855754454318e+04  7.145637486039847e+04
  2.526160245357198e+09 -2.136629703114525e+04  1.198615324088273e+05
  2.526027279074016e+09  1.232637795271650e+05  3.464402342321351e+04
  2.526211937023001e+09 -1.659258067862037e+05  1.410933238326596e+05
  2.526279282144660e+09  1.917107654992776e+04  1.388602643950740e+05
  2.526261772844789e+09  1.960359917351557e+04  2.255282735622902e+05
  2.526044245546203e+09  3.678356035795365e+04  8.979347667360702e+04
  2.526108911634895e+09  2.322974173859879e+04 -5.748783447216824e+04
  2.526293034823441e+09 -7.343453538219897e+04 -5.015867009928962e+04
  2.526358274938470e+09  8.221339226405136e+03 -6.713260761300049e+04
  2.526085644395395e+09  1.052154667134141e+05 -2.784781042901624e+04
  2.526098331180619e+09 -4.056771691679662e+04  1.121334951191442e+04
  2.526292952923787e+09  1.887029165170739e+05  7.215784395514936e+04
  2.526033148977060e+09 -5.189620384283888e+04  1.389485106084336e+05
  2.525992440409589e+09 -1.441082759490901e+05 -4.704451822428918e+04
  2.526286683158703e+09 -1.308302003511204e+04 -5.552384889410855e+04
  2.526060804020914e+09  1.153056797948576e+05  1.174253662263979e+05
  2.525989834802820e+09 -1.959976156871370e+04  8.312077784269326e+04
  2.526267345391995e+09 -3.661797975808941e+04  1.265739918797077e+05
  2.526060448637018e+09 -1.557517834332146e+05  6.219038915420673e+04
  2.526234632331883e+09  2.621500326552847e+04  6.847428796424158e+04
  2.526036937647473e+09 -1.702063518104815e+05 -7.270510742415721e+04
  2.526171064483904e+09  1.823949778322258e+04 -1.096269625767893e+05
  2.526127898000292e+09  1.411748052983345e+05 -6.419049229715788e+04
  2.526138212971900e+09  8.485451608852175e+04 -1.647155853316286e+05
  2.526034108095863e+09 -1.225446022983943e+05  2.090101672576251e+04
  2.525963802837345e+09  1.352920676338729e+05  1.421991417365000e+05
  2.526145787276373e+09  4.277176984752744e+04  3.389099931403738e+04
  2.526117169544970e+09  1.491140956974714e+05  6.411579516974703e+04
  2.526101529350838e+09 -1.273107837722546e+05  9.706807999151385e+04
  2.526371242031071e+09 -1.472060200054131e+05  4.651599899313293e+04
  2.526010269127990e+09 -4.728911995488062e+04 -1.222789712315497e+05
  2.526219124782455e+09  3.334918513595453e+04 -1.204282424365018e+05
  2.526186696526584e+09  3.032256628811196e+04  4.057454062674160e+04
  2.526090873580460e+09 -1.091912646882774e+05  6.891602134038362e+04
  2.526058370395771e+09  3.298706861811911e+04 -2.865029313885840e+04
  2.526093132387992e+09  1.175985949446145e+04  8.005458815013384e+04
  2.526131382238366e+09 -2.560579971827113e+04  5.854010893425078e+04
  2.526257376188409e+09  1.541894048221088e+05 -5.377921744057676e+03
  2.526092859303875e+09  1.407506571170548e+05 -1.564206146678118e+05
  2.526079555266989e+09 -2.701847517041423e+04 -2.002874877670046e+04
  2.525991940406536e+09  1.137161251595517e+05  6.856775426029076e+04
  2.525993201441018e+09  1.369020667175127e+05 -1.574696682995589e+05
  2.526117698779312e+09  7.281908699863293e+04 -1.227336953328175e+05
  2.526121416746497e+09  1.702944266476692e+04  9.546405324350845e+04
  2.526091607857651e+09 -9.982722549620655e+04  5.895606097593691e+04
  2.526210809485573e+09 -7.185294660896203e+04 -8.202725670541287e+04
  2.526235277986130e+09 -1.693677573401632e+04 -7.774151025980245e+04
  2.526124682052801e+09  1.472576035820218e+05  6.306573897392163e+04
  2.526008764632890e+09 -1.883483316452242e+03  5.838700389385165e+03
  2.525959426703056e+09 -4.550559368928289e+04 -1.673242736813109e+05
  2.526099522760423e+09 -7.462185631857743e+04  1.069156703668042e+05
  2.526364071184269e+09 -1.608483188791450e+05  8.586486322168529e+04
  2.526155530700862e+09 -7.200182484664326e+04 -1.132872304055351e+04
  2.525955493947313e+09  1.243532852646263e+05 -1.551718651881812e+05
  2.526340632696946e+09  5.518871265749214e+04 -1.215541327172570e+05
  2.526143989846142e+09 -1.874736412275728e+04  1.474648700072500e+04
  2.526170807425980e+09  1.781248431414631e+05  6.000491161004058e+04
  2.526281956391582e+09 -5.581053075133287e+04  7.300281870134920e+04
  2.526138600799909e+09 -2.274649704990000e+04  6.731904197884753e+04
  2.525863228250781e+09 -1.981182316576969e+04 -2.088817995656055e+04
  2.526327454079007e+09 -4.179525567654619e+04 -1.244397328153991e+05
  2.526131770916717e+09 -8.107871334068791e+04 -1.054911822302141e+05
  2.525863715651610e+09 -2.067715939855322e+05 -2.558431762620097e+04
  2.526008559486765e+09  1.482022795909862e+05  1.104381286313974e+05
  2.526100857348160e+09  8.397970206272416e+04  1.347311552993305e+05
  2.526042512761019e+09  2.378992801538343e+04  8.356280287412251e+04
  2.526334945685727e+09 -1.637981440924132e+05  1.973867524196510e+05
  2.525985632895335e+09 -9.293607854723884e+04  1.401329413444019e+05
  2.525941764460157e+09 -6.053162861884024e+04 -4.636272618656873e+04
  2.525922601193153e+09 -1.374312178274884e+04  3.025771405286993e+04
  2.526136058340158e+09  3.570386507834896e+04  7.278783105252148e+04
  2.526024683079064e+09  4.455031806011009e+04 -7.157121517626510e+03
  2.526019059752965e+09 -4.203430254585599e+04  4.661835903912201e+04
  2.526122965422758e+09 -2.107136427779451e+05  1.403559936097566e+05
  2.526265380108849e+09 -3.137750712069718e+04  1.180988842011012e+05
  2.526186401057921e+09 -8.494301222325943e+03  1.119807740781386e+04
  2.526007008386310e+09  3.795229398092884e+04 -1.206219075480723e+05
  2.526034552992081e+09 -1.465051060656797e+05 -1.642558267153879e+05
  2.526216056719163e+09 -1.098479391559360e+05  2.600190853691398e+04
  2.526194624502874e+09  1.556485915377084e+04 -4.916900737208547e+03
  2.526179572224980e+09  3.154988171251374e+04 -9.311056613333739e+04
  2.526082774439377e+09 -2.901725986337115e+04  5.518365793792636e+04
  2.525990535152940e+09 -2.244999328259283e+05 -2.220133518260989e+05
  2.526256627703031e+09  5.552248859128956e+04 -1.782010469001057e+05
  2.526155462305674e+09  1.443512908549931e+05 -1.301484665087161e+05
  2.526036723060967e+09 -2.899950093175517e+04 -8.338997544317186e+04
  2.526085813563833e+09  1.691145745815478e+05  7.111304636878322e+04
  2.526205816425418e+09 -4.198618361700140e+04  1.589147330578347e+04
  2.526088324246484e+09  3.876690428121443e+04  2.336033569368464e+04
  2.525991329994529e+09 -1.016921369438949e+05  1.584772542809783e+05
  2.526068520455906e+09  9.223481590730185e+04 -2.190318564432627e+04
  2.526079684551139e+09 -1.188241520065453e+04 -1.014220460719476e+05
  2.525994102751651e+09  4.126997464373903e+04 -4.100778925897751e+04
  2.526175588106665e+09 -1.101020987611223e+05 -1.014053211919443e+05
  2.526279325434325e+09  7.292043889934430e+02 -2.028523505022149e+05
  2.525990646919600e+09 -8.190951050098741e+04 -1.928732655931893e+05
  2.526241050784600e+09 -8.798893844694673e+04 -7.290407650268657e+04
  2.526094499948749e+09 -5.635296566708968e+04 -1.134329105671133e+05
  2.526048472483910e+09 -1.173447701140045e+05 -2.750494252867892e+04
  2.526265996755213e+09  4.235323021449381e+04 -2.510196932691839e+04
  2.526178137904880e+09  1.579264634727971e+05  1.897015964467451e+04
  2.526064373547373e+09 -5.065110953473253e+04  6.573297879824927e+04
  2.526137750657522e+09  1.054331423341350e+05  3.166219169383193e+04
  2.526348437382414e+09  8.878185313615383e+04 -3.667053167557344e+04
  2.525847687037700e+09  1.485077257739418e+05 -2.265036002741014e+05
  2.526051569066687e+09 -6.280354722728836e+03 -1.500855292596710e+05
  2.526035280809111e+09  1.073008108259791e+05  9.067798466995754e+04
  2.526147234432039e+09  1.208934448387951e+05  2.059198561013322e+05
  2.526197781244475e+09  6.117528656625422e+04  6.012837192249857e+04
  2.526226535576835e+09  8.295069603284528e+04 -1.173406274368311e+05
  2.525948755553031e+09 -5.800194453827964e+04 -8.479783298406412e+04
  2.526177102802213e+09  4.690624039211217e+04  2.587507097647060e+03
  2.526321597793111e+09 -2.757663198371441e+04  5.209433293914888e+03
  2.526092179797758e+09  1.037956626515277e+05 -7.719991885971744e+04
  2.526258248977554e+09 -1.420200944430311e+03 -1.225472252734231e+05
  2.526103475485512e+09  4.453058396937605e+04 -1.674281038274965e+05
  2.526300165006003e+09  1.712679155145437e+05  1.694831522226275e+03
  2.526106048285761e+09 -9.520743851483986e+04  9.261282504939265e+04
  2.526138760233639e+09 -1.751842312025750e+04  4.277348655366682e+04
  2.526054368577873e+09  2.220862220665088e+05  1.836293387667800e+04
  2.525981675480713e+09  1.185356587323498e+05  5.300519663400610e+04
  2.526222054492007e+09  6.618943356040190e+04 -8.937192510846991e+04
  2.526161945094037e+09 -3.204638911484298e+04 -9.384038734638598e+02
  2.526128363875381e+09  1.361831452667002e+05  1.624927511582980e+05
  2.526272744530704e+09  1.032986667107185e+04 -1.412868654138476e+05
  2.526024432388286e+09  4.440657481441536e+04 -7.784263991038024e+02
  2.526143563482539e+09 -1.461369115469791e+04  7.558725754839071e+04
  2.526169960915213e+09  4.266668290421530e+04 -2.804852636280400e+04
  2.526108029494431e+09 -1.055006093693409e+05  1.689418832809175e+04
  2.525953754361767e+09  7.867025769472029e+04 -6.265906235969710e+04
  2.526061502286859e+09  1.165317410089782e+05 -3.000425446292893e+05
  2.526009578104690e+09  9.563572970584815e+04 -1.287478053559917e+05
  2.526163332795911e+09  8.118959623048129e+04 -2.589716605366208e+04
  2.526216934927631e+09  7.604197575672722e+04 -2.318003588489562e+05
  2.526147828659969e+09 -8.904572448250139e+04 -1.693542141872423e+05
  2.526077502125835e+09  8.393341015252896e+03 -1.469446028900277e+05
  2.526171267614995e+09  8.720775658336002e+03 -1.485722446602805e+05
  2.526196466830983e+09  3.490311709663994e+04 -5.884448623559858e+04
  2.526135484915116e+09 -1.424001857596734e+05  5.634095108438516e+04
  2.526013612614043e+09  1.201883112741162e+05  1.193862000655508e+05
  2.526082161618327e+09  2.449826365503867e+04  9.992653143044491e+04
  2.526047421539405e+09  6.062723050425889e+04  2.277031080936076e+04
  2.526123074292396e+09  8.084140197111649e+04 -1.762591266302589e+05
  2.526151490186887e+09 -4.515602136067953e+04 -1.633051968200385e+05
  2.525942227518792e+09 -8.176115441442560e+04 -7.125412130586023e+04
  2.526062317195916e+09 -9.445954600655427e+04 -1.476259956767382e+05
  2.526121617255797e+09 -5.687854274321697e+04 -1.128364959618088e+04
  2.526143794017187e+09  2.448119563006808e+04  3.828002152452059e+04
  2.525993619035459e+09 -1.570814270401905e+05  1.088886490205532e+05
  2.526156278378901e+09  1.244823534667820e+05  1.187449178353208e+05
  2.526194949029577e+09  2.073951733441290e+04  1.157966835854135e+05
  2.526034935153136e+09 -1.038223981504712e+05 -1.245823861412890e+04
  2.526074250070166e+09  3.886158858335315e+03 -7.513950556859071e+04
  2.526030917723532e+09  5.320238536009553e+04  5.820059140229598e+03
  2.526160828372275e+09  4.082929958294716e+04  2.667254562838183e+04
  2.526177940324404e+09  5.576387546652649e+04  6.953843134494888e+04
  2.526048508145848e+09 -1.578524425709345e+05  1.178254069595970e+05
  2.526334820355461e+09  8.334412779969335e+04  5.567975870770030e+04
  2.526101340171707e+09  2.974205253173571e+04  3.444530276676523e+04
  2.526265800093252e+09 -2.982785372372251e+03  9.099497679956266e+04
  2.526125425343067e+09 -1.055732955062692e+04  1.131081676790207e+05
  2.526111801453138e+09 -1.267218760182816e+05  6.371367373706505e+04
  2.526145351434329e+09 -2.011579043155950e+05 -3.266256704432191e+03
  2.526087824962702e+09 -1.628195242026064e+04  1.158490063634312e+05
  2.526067507568637e+09 -1.687244233860184e+05  1.334563500823698e+05
  2.526169912878958e+09  5.521402551409206e+04  1.774037374959803e+05
  2.526096020871890e+09  9.686400233469578e+04  1.901593685966334e+05
  2.526283513375107e+09  2.973664784234250e+03  1.617898443124348e+05
  2.526152688077406e+09  4.509682369471400e+04  2.547688082479336e+04
  2.526137757050464e+09  9.978033548149047e+04 -9.188810930962197e+04
  2.525995988071806e+09  7.038336717140046e+04  2.953296672757308e+04
  2.526291219217287e+09  4.454741545628710e+04 -9.444229040728731e+04
  2.526189112871161e+09 -8.812657721325377e+04 -1.254107314715146e+05
  2.526022605076365e+09  1.931979726553818e+05  8.807241839181632e+04
  2.526138463439623e+09 -1.020268420651625e+05  3.147981348571746e+04
  2.526226019210135e+09  1.184743946939268e+05  1.578823171509101e+04
  2.526247075171359e+09 -9.686290786739090e+04  6.761693036753824e+04
  2.526024432129008e+09 -1.045203029419242e+05 -2.352751665366255e+04
  2.526108742731042e+09 -1.088143834403335e+05  2.003186916426057e+05
  2.526205645648702e+09  6.706530806668085e+04  8.328539824901026e+04
  2.526061069040907e+09 -2.611682077865559e+04 -1.659008913023490e+04
  2.526102979731345e+09 -2.703928191876889e+04  1.068482195175486e+04
  2.526334231746482e+09 -3.588414408194588e+04 -2.601514893471007e+04
  2.525964553023414e+09 -4.155008765060088e+04  5.728842899202483e+04
  2.526124875108055e+09  1.159122258880362e+04  3.568579822221084e+04
  2.526064446874562e+09  1.622390139523772e+05  2.821683366571669e+04
  2.526378862057856e+09  4.853503812847636e+04 -6.245546122547705e+03
  2.525949607048626e+09 -9.724888688728912e+03  8.542176837336775e+04
  2.526072441411548e+09  9.754804750870095e+04  6.133253231833200e+04
  2.526096126287595e+09  1.636275054659550e+05 -7.130116777466194e+04
  2.526172296230247e+09 -1.367260109996534e+05  6.938680152440554e+04
  2.526162204317254e+09  6.051247542418347e+04  2.388194565228859e+05
  2.526310737095054e+09 -1.306354434287625e+05  1.585252757130737e+05
  2.526129972942459e+09 -2.683674576011370e+05  4.398277525220136e+04
  2.526255579443658e+09 -1.392857534502000e+05 -1.069878353350613e+05
  2.526242873895216e+09  1.248946285807113e+05 -5.163061815886266e+04
  2.526280222363276e+09  6.670988968072820e+04  8.473994546088408e+04
  2.526117173752989e+09 -1.931601226144882e+05  7.768161723010894e+04
  2.526195442108305e+09  2.485391603036251e+04 -7.034697459574696e+04
  2.526200592119250e+09 -1.425143532933842e+04 -4.712392294932599e+04
  2.526269196510041e+09  9.162763358747750e+04  1.012635550964997e+05
  2.526128393571460e+09  2.160327304964350e+04 -3.579339912728686e+04
  2.526221835496530e+09  3.103349941920710e+04 -2.559263612543622e+05
  2.526318194052244e+09 -8.877703267583920e+04 -1.765565207176869e+05
  2.526288889880114e+09  8.401628608363261e+04 -4.523803659269581e+04
  2.526031770753613e+09 -2.233658547375095e+04 -5.993574253143719e+04
  2.526202953531153e+09 -1.253474747308271e+05  1.447998077045697e+05
  2.526044724560742e+09 -7.460258846600629e+04  1.379568560105611e+05
  2.526189472317920e+09 -1.350659145182171e+05  6.103868838226772e+04
  2.526241919923316e+09 -2.580783065532265e+05  6.874451910976914e+04
  2.526002317802786e+09 -1.797700336857969e+05  1.670809949724241e+05
  2.526262096859425e+09  8.153568273511995e+04  6.290760297603428e+04
  2.526034010108414e+09 -1.752669763193908e+04 -8.460779538432136e+03
  2.526105578928743e+09 -2.149009489749279e+05  9.352922304291558e+04
  2.526222755513536e+09 -2.364658100230130e+04  2.304865276364656e+04
  2.526282615928729e+09 -4.785878996611822e+04 -2.737544336117478e+04
  2.525997686151555e+09  1.276158793452003e+05  1.464723349846536e+05
  2.526040163179244e+09 -1.198530508300602e+05  5.004790795292449e+04
  2.526224532118327e+09 -1.295826849217084e+05  7.722058964031481e+04
  2.526170667764027e+09  4.710658190194506e+04  7.468566854365659e+04
  2.526086162876788e+09  8.050661512425099e+04 -9.004992596073775e+04
  2.526199088340213e+09 -1.871021818293407e+05  9.860660165054956e+03
  2.526113542765143e+09 -7.969674993350901e+04 -1.883719884058725e+05
  2.526197545411274e+09 -1.635139898310814e+05 -4.030518735672559e+05
  2.526177335292615e+09 -1.406037181362676e+05 -4.513842106244684e+04
  2.526196531430345e+09 -9.161707555182045e+03  2.211977116413417e+05
  2.526215844086429e+09  5.555811265293974e+04  4.551879628370865e+04
  2.526060664559744e+09 -3.303957570630801e+04 -2.372705029540975e+04
  2.526080567323009e+09 -1.175306268254279e+05 -6.602774839870268e+04
  2.525977448317276e+09 -7.238925608183513e+04  7.362125056636042e+04
  2.526114887844820e+09 -4.378281585269724e+04  5.525955938233912e+04
  2.526337708806035e+09 -7.746346861506021e+04  2.188740410042158e+04
  2.526187911161340e+09 -3.161567327918776e+04  5.984388228008989e+04
  2.526212570471339e+09 -2.296566260557418e+03  3.898251090234041e+04
  2.526224997648933e+09 -1.032393433252214e+05 -9.753141134108021e+04
  2.526078373918915e+09  1.756162284365182e+05 -3.193282952762011e+04
  2.526063861545191e+09 -1.360572572851097e+05  9.896673204487731e+04
  2.526214316464809e+09 -4.299667569688312e+04 -3.663528279003431e+04
  2.526279657020152e+09 -8.427862807231833e+04 -1.656782663067102e+05
  2.526099834801350e+09 -1.462176232179120e+05  1.207267956796905e+04
  2.526158878989463e+09 -5.750484240640374e+04  9.768992250252352e+04
  2.526191602522963e+09  1.725552428060374e+04 -2.622721607948060e+04
  2.526179072828420e+09  1.979104890200654e+05  3.240538214983814e+04
  2.526135361561822e+09  2.086731052555249e+04  1.674940242970290e+04
  2.526113992731488e+09 -6.786827692957059e+04  1.012036578872894e+05
  2.526232768342612e+09 -1.103922708513774e+04  1.174874477809460e+05
  2.526196644536009e+09  4.638482673666638e+04  1.206959260624159e+05
  2.526049346688524e+09 -1.742980654915748e+04  8.275814978104364e+04
  2.526019085939406e+09 -1.098612092040347e+05  1.306804883243691e+05
  2.526227790694992e+09 -2.899674170709675e+04  1.331702270951937e+05
  2.526047115374336e+09  4.050745030320543e+04  8.039739802590277e+04
  2.526147749914850e+09 -6.419755959564514e+04 -5.117075430184853e+04
  2.526054794273332e+09 -2.402279901038649e+05  3.442237401129160e+04
  2.526245295356917e+09  1.548327357424576e+05  1.602491515616849e+05
  2.526103458462890e+09 -3.923982218028267e+04 -4.233417485007551e+03
  2.526038951078588e+09  1.132049453102612e+05 -7.245748148290929e+04
  2.526040973298921e+09  1.148622711351896e+05 -3.182928449517468e+04
  2.526076565009076e+09  2.383214933471754e+02  7.695638161751465e+04
  2.526095419329677e+09  1.894196468081992e+05  8.464823018096725e+04
  2.526123714511427e+09  2.047897229088779e+04  4.848095024702419e+04
  2.526265228641245e+09 -6.711531897269888e+04 -9.257219009924075e+04
  2.526091074405403e+09 -9.054427329564001e+03 -5.265197387767304e+04
  2.526135181110875e+09  1.785968468695914e+04  5.125076877395739e+04
  2.526097722817803e+09 -6.467888224603701e+04  6.020712461673748e+04
  2.526243310786479e+09  1.497807692100646e+04  4.100579826338915e+03
  2.526128845618936e+09 -8.979393443050236e+04 -6.321179266618518e+04
  2.526077795819373e+09  1.584105791034019e+05 -6.191064934730413e+04
  2.526228176541063e+09 -2.471771484274447e+05  1.918171957104385e+05
  2.526044132925039e+09 -9.002340693851997e+04  7.648907559890085e+04
  2.525999036675018e+09  9.391740028753877e+03 -1.170798244939265e+05
  2.526227279599979e+09 -6.303408507768041e+04 -5.753980183873326e+03
  2.526076281682285e+09 -1.406341051415494e+04  1.293497795568084e+05
  2.526071368352935e+09  1.550787492253459e+05  1.484331903888351e+05
  2.526282926669061e+09  9.931949332878785e+04  7.773566045704880e+03
  2.526281794286587e+09 -1.115687338828668e+05 -9.950602865385986e+04
  2.526104847263624e+09 -7.218465468451520e+04 -9.627082935440238e+04
  2.526175307505905e+09  1.514829287693603e+03 -1.179458400331215e+05
  2.526089709747025e+09  1.978123156553905e+05 -8.168272807548591e+04
  2.526221997690456e+09  7.969839935607975e+04  1.875457893566997e+04
  2.526114864650260e+09 -8.103328214506689e+04 -8.532067572726798e+04
  2.526052418980406e+09 -3.030721900966907e+04 -2.462058797786933e+05
  2.525939151407421e+09  1.969199084955943e+04 -1.056539528725961e+05
  2.526286747638913e+09 -2.079804088985716e+04  9.768437525199726e+04
  2.526129670470291e+09 -8.686925993673503e+04  6.614518311469862e+04
  2.526205779236255e+09  6.528135491113149e+04 -1.002101498709726e+05
  2.526219476877122e+09 -5.871524143449264e+04 -6.775163986289804e+04
  2.526157259918026e+09 -4.194105835130677e+04  5.817188933547772e+04
  2.526091590920455e+09 -2.294000777881505e+05  2.150716819569189e+04
  2.526175848998545e+09 -1.712433802215033e+04 -1.707916129124607e+04
  2.525998023643494e+09  2.889104581851943e+04 -5.730874152281834e+04
  2.526084450382460e+09 -2.384194280521902e+05 -9.307891485932050e+03
  2.526003772545771e+09 -1.443701104081837e+05  1.106198443318650e+05
  2.525952409023570e+09  7.942448327587091e+04  1.069872252233361e+05
  2.526016581764951e+09  1.388058542390183e+05  4.995518117198971e+04
  2.526068774811338e+09  1.100064816580738e+05  1.570411077477802e+05
  2.526201257195706e+09  7.651937831494096e+04  2.696578725541094e+05
  2.526042382474674e+09 -4.436880664657988e+04  1.189230374108618e+05
  2.526065962457216e+09  1.826599254687945e+04  7.863235622569919e+03
  2.526033048604429e+09 -1.245179850537365e+05  1.103921238939891e+05
  2.526169433271559e+09  1.186807556307246e+04  5.925549002058804e+03
  2.526215500016309e+09  1.684368244545712e+05 -7.290336587326403e+04
  2.526091225877723e+09 -7.934402110590832e+03  3.814021292199381e+03
  2.526086411535775e+09  1.687456112665805e+05 -6.854360615160107e+04
  2.526039118391854e+09  1.396160397110181e+04 -1.426229740536213e+05
  2.526044335330456e+09 -1.334277759090663e+05 -9.900431653557066e+04
  2.526019453784731e+09 -3.165302862313949e+04 -6.162841569141916e+04
  2.526148646637262e+09 -3.566052670491743e+04  7.836319971975690e+04
  2.526265564777094e+09 -1.214678874209797e+05 -1.600982591916020e+05
  2.526188656536970e+09  8.014985229792094e+04 -7.039311673104274e+04
  2.526070483207061e+09 -1.278295815670197e+05  4.796176193959988e+04
  2.526203762239375e+09  1.152950576948978e+05 -6.433066981227219e+04
  2.526124781081447e+09  1.196152725266498e+05  2.246996710268420e+04
  2.526010716789556e+09  8.325187033269554e+03 -5.629639956420334e+04
  2.526294821813529e+09 -3.794384599038889e+04 -1.103216563246897e+05
  2.526282437033271e+09  4.062150490812818e+04  5.206333057194506e+04
  2.525952476157591e+09  4.506314162260038e+04  2.092396092936501e+04
  2.526225313363687e+09  5.901047721336363e+03 -2.644921150190709e+04
  2.526019835967821e+09  1.383936708525009e+04 -1.106585788051408e+05
  2.525784984256900e+09  1.892945215037387e+05 -1.491012791424537e+05
  2.525956144424091e+09  3.924031506777380e+04 -1.922038072489747e+05
  2.525992470348166e+09 -7.289970488666726e+04 -1.939678815441893e+05
  2.526137916377415e+09  1.951077430888415e+04  5.181458359541046e+04
  2.526266283850988e+09  9.028240624439536e+04 -6.713063836854044e+04
  2.525865103044159e+09 -4.453879742393026e+04  6.693246405596734e+04
  2.526100299244177e+09  9.310248783667572e+03  3.786793139671837e+04
  2.526176804633185e+09 -3.910430427813088e+03 -1.453534891087057e+05
  2.526292417803460e+09 -5.680381146190222e+03 -6.154257452838519e+04
  2.526006772200877e+09  8.947751280230260e+04  1.492920693244657e+04
  2.526052879977750e+09 -3.322424214219488e+04  9.438707370656030e+04
  2.526277070577649e+09  9.130165947556327e+04  9.194515729663847e+04
  2.526144004867445e+09  5.346418239089544e+04  6.561969038541242e+04
  2.526197785027941e+09 -1.674761044451239e+03  9.931536115386663e+04
  2.525997408633505e+09 -2.017934792093298e+04  4.320139554162476e+04
  2.526096951951558e+09  9.645966808338818e+04  2.426044714540057e+04
  2.526244735175616e+09  1.298801938178013e+05 -1.640872788242757e+04
  2.526107739706946e+09 -1.704110472099534e+05 -3.843800216186437e+04
  2.526155927402176e+09  3.027583866280416e+04 -7.412641051800223e+04
  2.526019144626905e+09 -7.886850498480356e+04 -9.172340558251436e+04
  2.526039100633801e+09  5.178598316558124e+04  1.220163238512538e+04
  2.526262947055339e+09  3.045860126371263e+02 -1.547006847938970e+05
  2.525998164577178e+09  5.685093754103369e+04 -9.261118026215350e+04
  2.526197879323478e+09  9.461831846022198e+04 -4.718840532952920e+04
  2.526259360289321e+09  3.143965264475998e+04 -8.915170016654648e+04
  2.526183445327163e+09  5.974483372905850e+04 -1.734406308542672e+05
  2.526003945937796e+09  6.993663522329280e+04 -1.379500929581877e+05
  2.526186579444365e+09  5.295433704103320e+04 -4.785164772565546e+04
  2.526224451454923e+09  6.236874677445629e+04 -5.915622821452795e+04
  2.526026777169208e+09  1.215949738190789e+04 -2.371862594515039e+04
  2.526124078252367e+09  1.422535721412408e+05  9.226139025106886e+04
  2.526084767466567e+09  1.551267563810916e+05  1.270685490221428e+05
  2.526241193209128e+09  3.995899115698563e+04  1.342764076419310e+05
  2.526000367279915e+09 -1.308360174263551e+05  5.649352693405678e+04
  2.526024156352082e+09  1.561423304630810e+04  1.178355577909209e+05
  2.526081811413545e+09 -7.026836699123407e+04  2.410437051608647e+05
