  2.526270190150657e+09  1.382219747603177e+05  3.826047515550430e+04
  2.526172676421502e+09  8.598710863295197e+04  8.105481496868143e+04
  2.526000462844372e+09  9.732883798645250e+04  2.759865209768229e+04
  2.526182281413567e+09 -9.162930952430062e+04 -1.425368691116176e+04
  2.526084944455749e+09  8.030994056201144e+04  1.677628703374905e+05
  2.526241964729818e+09 -5.507053112789837e+04  1.690784131913604e+05
  2.526233868956502e+09 -9.713472146705518e+04  2.023180009793909e+04
  2.526164914612538e+09 -4.778334735947917e+04  1.104839140654969e+05
  2.526229178301725e+09 -9.628865087872930e+04  3.041890022181214e+05
  2.526223537120339e+09  1.313799862569082e+05  1.077540526289964e+05
  2.526135521101684e+09 -8.938315916367865e+04 -5.331082538464857e+04
  2.526291214466782e+09  5.137462202789658e+04  6.909267714718299e+02
  2.526185910046286e+09 -3.576868218484602e+04 -1.885731044497574e+04
  2.526020067135644e+09  6.547796070139040e+04 -2.685939862183016e+04
  2.526089771809316e+09  1.565422462833656e+05 -9.413470791181363e+04
  2.526050507037791e+09 -5.764217282715545e+04 -3.620907992784510e+04
  2.525792691967207e+09  5.358108677163441e+04 -8.319678932036995e+04
  2.525851995119550e+09  4.322477937797434e+04  1.500899137803819e+03
  2.526221315978079e+09  1.213400848402185e+05  9.447134801815916e+04
  2.526074111040748e+09 -5.217514143967401e+04  6.492616793127019e+04
  2.526024575434079e+09  1.362602482652175e+04  1.511156255697719e+05
  2.526105051314304e+09  8.665850018692180e+04  1.358116978062497e+05
  2.525952511404302e+09  3.910139728504885e+04 -3.754831781629712e+04
  2.526112184054981e+09 -5.425186421030195e+04  3.351012215394480e+04
  2.526000750038635e+09 -1.776643107181700e+05 -3.197835668961686e+04
  2.526194190249352e+09  6.644404800490572e+04  4.192478319543385e+04
  2.526063571741004e+09  1.020593111029849e+04  1.616600713911142e+05
  2.526068477215982e+09 -1.552884142620186e+04  1.717357062912951e+05
  2.526180970291264e+09 -5.363581514086021e+03  1.265698373746499e+05
  2.526107668583058e+09 -1.704972198690989e+04  2.101603303412179e+03
  2.526035452903760e+09  4.492431086678420e+04 -1.717735442188074e+04
  2.526006540458528e+09  7.633877410301310e+04 -8.759491571430897e+04
  2.526242402680752e+09  1.202146483755199e+05 -1.257039967253748e+05
  2.526099729806075e+09 -7.362292103265913e+04 -1.837412289278463e+05
  2.526125782981884e+09  4.084735700235667e+04 -1.953844984680745e+05
  2.526247820596673e+09 -5.289584271344327e+04 -2.611619013437685e+05
  2.526088576310883e+09  4.321009465990170e+04 -1.250467481829715e+05
  2.526164154772683e+09  2.569784909516625e+04  1.839463053045259e+04
  2.526178696730047e+09  2.282052433675015e+04  1.002775570856254e+05
  2.526245959756072e+09 -7.449721087027315e+04  2.317646947307745e+03
  2.526119037844234e+09 -1.627585677009884e+05 -4.095710461978556e+04
  2.526135785017897e+09  8.357389590681996e+03  9.836030348081817e+04
  2.526140848167032e+09  8.818488688899088e+04  1.265458466911746e+05
  2.526071121943862e+09  2.407753685000108e+04  1.935228780267141e+05
  2.526009145216395e+09 -1.053968942369154e+05  1.741358979958296e+05
  2.526179850796752e+09 -1.556154697997245e+05 -6.665993644252815e+04
  2.526182101398127e+09  7.007880920088745e+04 -1.200706280076923e+05
  2.525938793286682e+09  1.249726427478807e+05 -7.236066503197071e+03
  2.525954355456735e+09 -2.362275547241082e+04 -4.208503438924847e+03
  2.526078623716799e+09  1.031913180517306e+05 -2.128715398694999e+05
  2.526102430263888e+09 -1.998758585451671e+04 -1.216936904503901e+05
  2.526110440246594e+09 -3.774308656725206e+04 -5.427184672240424e+04
  2.526173627025437e+09  5.394587603174336e+04 -1.220729165322161e+05
  2.526163198937536e+09  4.936600705090887e+04 -7.639805511985440e+03
  2.526054542006873e+09  1.872374196612847e+04 -3.379500885014009e+04
  2.526049251254151e+09 -5.820287563314347e+04  3.744328328205738e+03
  2.526225965430984e+09 -2.185932474900348e+05  4.336260299814679e+04
  2.526204275634732e+09 -6.796649544061488e+04 -1.490161247295963e+05
  2.525978482758934e+09  6.808764641760965e+04 -2.575608413849782e+05
  2.526182724608065e+09  1.617527675628644e+04 -9.764381539792812e+04
  2.526246452185575e+09 -1.132506231717449e+05 -8.746102159344568e+04
  2.526037817659883e+09 -1.267329068470296e+05 -6.043836636185921e+04
  2.526204024984406e+09  9.061898447473301e+04  1.846186741657229e+05
  2.526097051667820e+09  4.863542019744439e+04  1.793264651779267e+05
  2.525882520589551e+09 -2.656901057787042e+04  2.104815964889212e+04
  2.526102070972699e+09  8.743422118353914e+04  1.152223441660917e+05
  2.526076812909908e+09  1.862557414828008e+04  7.765968716356737e+04
  2.526040807528249e+09 -9.784690918219602e+04 -5.558354472576687e+04
  2.526216739759183e+09 -1.952951608230531e+04 -1.285639119602068e+05
  2.526064534771501e+09  1.548787193995710e+05 -5.793644970365288e+04
  2.526294181403001e+09 -8.776738728045736e+04  2.257209509085934e+04
  2.526157583109010e+09 -9.073979779704229e+04  7.043488709628489e+04
  2.526055523611858e+09 -1.724592685742580e+05  4.282552451456178e+04
  2.526180988708961e+09 -1.177926512386447e+05  6.426475568331126e+04
  2.526086948801230e+09 -6.643378155525525e+04 -8.670425101053901e+03
  2.526294234508457e+09 -7.314746026846126e+04 -1.224934795609827e+05
  2.526189150450800e+09 -2.699960832542018e+04 -1.179388921225579e+05
  2.526104480478346e+09  2.171816557713225e+04 -6.256026161625469e+04
  2.526084464568028e+09  1.114360275622006e+05  3.652981704302179e+04
  2.526096329768839e+09 -9.993794366350758e+04 -5.886197060934850e+03
  2.526212668147807e+09  1.914829568186542e+04 -9.575945712849917e+04
  2.526163133434721e+09 -8.295872788613290e+04  1.371675763074725e+05
  2.525900979314338e+09 -3.144613283884665e+04  4.995489235488977e+04
  2.526203443419281e+09  2.197007619736373e+04  9.350519559377688e+04
  2.526260656952534e+09 -7.897084332302504e+04  5.707609987009759e+04
  2.526000894875971e+09  8.154237500126241e+04 -8.523946821840247e+03
  2.526280983326057e+09 -4.733680075680977e+04 -4.058093701052816e+04
  2.526091902708753e+09 -8.623947087474575e+04 -2.732635174481454e+04
  2.526160035065758e+09 -3.085778927378007e+04  4.905490763016674e+04
  2.526225064245951e+09 -1.434042468522699e+04 -4.091924085485167e+03
  2.526386678307081e+09  9.901192475283418e+04 -1.047197206753082e+05
  2.526135165911294e+09 -7.466057506864611e+04 -1.365064749591845e+05
  2.526011423963809e+09  1.691470460139706e+05 -6.333323553305783e+04
  2.526151838396897e+09  1.695948341693532e+05 -1.414375701454096e+04
  2.526075349392562e+09 -5.553305822585465e+04  3.106427842870634e+04
  2.526125788069303e+09 -1.305056744132646e+05 -1.573234893378697e+05
  2.526202914075047e+09 -4.114706572440884e+04  6.196337959017820e+04
  2.526094580774643e+09 -1.166958720772500e+05 -1.819062363977206e+04
  2.526157648994035e+09 -1.701337309116694e+05 -1.406003170624144e+05
  2.526089427392706e+09  8.531153312505386e+04 -3.401138532416546e+04
  2.526002260467710e+09  5.798614280744456e+04  5.002232444539026e+04
  2.525979358464503e+09 -3.710731637867953e+04 -9.874017178093910e+04
  2.526135102927322e+09  1.259105036922786e+05 -7.501923379187123e+04
  2.526119531448043e+09 -1.546479356389416e+05 -9.991223022520344e+04
  2.526110789572995e+09 -4.587637055521249e+04 -9.527975364174461e+03
  2.526210517155543e+09  2.751003151104995e+04  1.031532673227686e+05
  2.526096896903410e+09  2.302892069114321e+05 -6.262357148966135e+04
  2.526222148788310e+09 -1.161003067485306e+05 -1.175457894450817e+05
  2.526082213638038e+09  2.729367752923975e+05 -6.064343164719827e+04
  2.526294484363403e+09  3.966449238268193e+04 -1.496016372685332e+05
  2.526081213547632e+09  6.377977403089846e+04 -7.030215084902546e+04
  2.526106240592268e+09 -9.307552405119897e+04  1.081175941925982e+05
  2.526168438683011e+09  1.342523252081054e+05 -9.872761643078388e+04
  2.526044150617493e+09 -3.297116924854449e+04  4.490728060324257e+04
  2.526044713675938e+09 -9.813408723809640e+04 -8.014220841349778e+04
  2.526170456321812e+09 -3.476365716264912e+04 -1.537884176023848e+05
  2.526127460194946e+09  2.525557064572601e+05  1.982180129610398e+04
  2.526093569835680e+09  1.165220722306322e+04  1.019358087616519e+05
  2.526454824334246e+09  8.593250058521325e+04  7.466524665271817e+04
  2.526153293635263e+09 -1.782743319223172e+05  1.482250547235645e+04
  2.526034698220687e+09  4.919808111433707e+04 -1.398859029256564e+05
  2.526055589692834e+09 -6.352892390002776e+04 -9.541984824541317e+04
  2.526022459457605e+09  4.712829671369260e+04  1.877741714567598e+04
  2.526125579741409e+09 -1.802994736262979e+05 -9.014259880400705e+04
  2.526119962466232e+09  2.308045100344542e+05 -2.860239449893808e+04
  2.526146089341946e+09 -1.313949767025930e+05  7.141143135980645e+04
  2.526075464350476e+09  1.329931985770431e+05  4.330884186773832e+04
  2.526048590336375e+09  8.127617992810858e+04 -8.451097685222724e+04
  2.526014460018786e+09  1.192479771449460e+05 -1.848269493331900e+04
  2.526142494674860e+09  2.892913711662858e+04 -7.061386458174954e+04
  2.526276236956357e+09  7.155703557973262e+03  8.601607981451554e+03
  2.526080487717384e+09  1.082415335263449e+05  8.412371263264376e+04
  2.526162171042935e+09  6.023731321618217e+04 -6.818612151577079e+04
  2.526049411000408e+09  6.994142443825770e+04 -5.296408900719369e+04
  2.526283831467865e+09  4.091264478301350e+04  3.052117476892285e+04
  2.526221212953186e+09 -1.299846635638804e+05 -8.810900455172663e+04
  2.526180879074464e+09  2.503344907330754e+05 -1.794569877212007e+05
  2.526101974654934e+09  1.597851049951900e+04 -2.145520757210039e+04
  2.526078525040142e+09  3.141979397070012e+04  1.004111688512962e+05
  2.526170488055900e+09 -1.179918097933359e+05  4.466093892779863e+04
  2.526012111971872e+09  1.224220052047526e+05  4.003226208422892e+04
  2.526048472463307e+09 -1.312115719877911e+05  1.155335150201588e+05
  2.526007837554097e+09 -1.808836525686784e+03  7.365819653725484e+04
  2.526111586391446e+09  2.077284810934919e+05 -2.407739481481886e+04
  2.526156306800454e+09  4.829127702881955e+04 -4.952917189380761e+04
  2.525988975260536e+09 -6.089217279088451e+04 -1.605292691312354e+05
  2.526155170387354e+09 -9.515735324353492e+04 -5.620515769502893e+04
  2.526126230739047e+09  2.136359238109497e+05 -3.947548815570865e+04
  2.525980703137565e+09 -8.650669920190878e+04 -1.074055896735769e+05
  2.526214167705446e+09 -1.850417510080955e+04 -6.427047612515301e+04
  2.526203300006885e+09  3.977218398123898e+04 -2.647693659167760e+04
  2.526208858286071e+09  1.447599543693475e+05  5.403960522920405e+04
  2.526026759184377e+09  2.568142462384956e+05 -6.088165725885076e+04
  2.526213306953325e+09  1.649416196610057e+04 -9.605625239494196e+04
  2.526148717411546e+09  1.868207587847136e+04  1.255964609831597e+05
  2.526181378809284e+09 -2.439305235329870e+04  1.144404958647130e+05
  2.526180795780914e+09 -3.977322369738389e+04  1.964143031725229e+04
  2.526046202289112e+09 -9.923465080092289e+04  4.068689033279940e+04
  2.525939003583980e+09  5.196712261048297e+04 -2.104818574918993e+04
  2.526080493941937e+09  1.185103951037866e+05 -2.514431318129337e+04
  2.526082952707328e+09  1.109984826681416e+05  6.328374378086918e+04
  2.525998254581130e+09 -3.048192592623876e+03  9.454686474243208e+04
  2.526178689524080e+09 -9.442711696889834e+04  4.480025202789390e+04
  2.526052337755398e+09  1.200541462977077e+05  5.507714192035818e+04
  2.526226431382030e+09 -1.023003597659138e+05 -1.588104271997930e+03
  2.526234042964193e+09 -2.320925915478838e+04  5.806407973817131e+04
  2.526201156451333e+09  7.122918904515525e+04  6.608645045247255e+04
  2.526058800402321e+09  1.903157923777357e+05  2.436321833316376e+04
  2.526164258552049e+09  2.385200117470886e+05  9.083796506185317e+03
  2.526196313007459e+09 -8.436350937405496e+04 -7.502220818867959e+04
  2.525968889056191e+09 -1.298871567329206e+05 -1.846879318743991e+04
  2.526127391254754e+09  2.942505591865751e+04  1.860553097483366e+05
  2.526217958901103e+09 -1.355626888016354e+05  1.424436863771125e+05
  2.526089256870935e+09  4.266080009315856e+04 -3.507388309522835e+04
  2.526183583757479e+09  4.601927227095678e+04 -3.666553665738029e+04
  2.526269863108224e+09  1.045084459428056e+05 -3.903502816877310e+04
  2.526232103246495e+09  6.670942053563354e+04  2.756903775184875e+04
  2.526004525433850e+09  6.538509433782595e+04 -8.277099469154747e+04
  2.526318645166691e+09 -3.315009328495362e+04  1.377302020665258e+04
  2.526164689714571e+09  1.489701550227279e+05  1.567751148568420e+05
  2.525951014651012e+09 -2.672733790792002e+05  3.832527822478430e+04
  2.526091739864275e+09 -1.811376033148100e+04  5.292685521152208e+04
  2.525883920710422e+09  3.198031784638565e+04  5.603743520467472e+04
  2.526048859940513e+09  6.438412481352710e+04  1.598901943623917e+05
  2.526091094259575e+09  1.337493846053513e+05  3.194680311887674e+05
  2.526102096692819e+09 -1.449511114730872e+05  1.673362093112813e+05
  2.526147938418351e+09 -1.390942902650118e+05  7.987550547428476e+04
  2.526156833661409e+09 -8.395520662773750e+03  1.522522334620252e+05
  2.525948679366024e+09  1.068564608730506e+05  6.455794160940882e+04
  2.526068976356911e+09  1.437849262891410e+05  1.922789476376021e+04
  2.526217288952840e+09  3.572873906041047e+04  5.340484208220290e+04
  2.526327080505457e+09  9.737260666097899e+04  2.737358446641418e+04
  2.526199256106609e+09 -1.510771232425177e+02  9.381390166613914e+04
  2.526286382772689e+09  5.687603941856459e+04 -2.293131431128806e+04
  2.526187154383691e+09  8.371789526951290e+04 -1.810623762478842e+04
  2.526152814801900e+09  9.550243114402459e+04 -1.052550682723516e+05
  2.526104772672441e+09 -2.023124741231012e+05 -3.900329248865126e+04
  2.526101406466666e+09 -1.388464961409201e+05  4.027833853345364e+02
  2.526106145131416e+09 -1.633896432923875e+04 -7.594456105861499e+04
  2.526189995133428e+09  1.127516515904351e+05 -3.882333468172891e+04
  2.526428378848428e+09 -1.596899010979035e+04  1.722548913738513e+05
  2.526106165069698e+09 -6.613367140183324e+04  3.131511099092177e+05
  2.526071902111485e+09  1.600858456485649e+04  2.047049140334189e+05
  2.526031157984568e+09 -6.429918182118516e+04  6.713648121673008e+04
  2.526175624176885e+09  2.193634406819317e+05 -2.403549731449154e+04
  2.526078386104320e+09  7.175090434759526e+04 -2.391946005305392e+04
  2.526307827894907e+09  6.120343477999885e+04  1.250244568390672e+05
  2.526144958946719e+09  7.420873554678450e+04  2.489473782332018e+05
  2.526316514514163e+09  2.196645756544685e+04 -1.957565064114297e+04
  2.526164099944586e+09 -3.842669804253581e+04  1.140819318633288e+04
  2.526072661126464e+09  5.770298291442730e+04 -1.593548923574716e+05
  2.526189526837627e+09 -1.465506420805688e+05 -1.333806361687559e+05
  2.526139208026118e+09 -6.678630551557778e+04 -1.443130230473499e+05
  2.526084569316206e+09 -1.554464495919514e+05 -8.737553489817469e+04
  2.526099864160011e+09  5.846826740747952e+04  3.493734926333069e+04
  2.526281407928256e+09 -5.387703329826868e+04  1.655844423555129e+04
  2.526134315771374e+09 -5.597755702519719e+04 -2.726102140469500e+04
  2.526124791749049e+09  6.695630182587204e+04 -1.024424046931435e+05
  2.526151026858884e+09  6.356304911865445e+04 -2.052985203551539e+04
  2.526045574363966e+09 -8.942322677470907e+04 -2.907344529425784e+03
  2.526217171398175e+09  1.626700794787757e+04 -1.560256776094023e+05
  2.526199362111667e+09 -1.723360300382512e+04 -5.930774188988822e+04
  2.526301161306679e+09  7.725201885895897e+04  1.188437540289177e+05
  2.526086257587020e+09 -5.220758837528632e+04 -1.583198904660589e+04
  2.526116051232748e+09  2.271555079455167e+04 -5.931443099158967e+04
  2.525983986758005e+09 -1.089262903037551e+04 -4.405194965448021e+04
  2.526151555211174e+09 -1.106005161652511e+05 -7.613449170833145e+04
  2.526075878156138e+09 -1.054807256329017e+05 -1.100173866382879e+05
  2.526139513943073e+09 -1.254608789986711e+05 -7.904626611587685e+04
  2.526020335337762e+09  1.948317236821959e+04 -3.060054748617369e+04
  2.526178174423873e+09  4.295763514956326e+04 -4.690390288027277e+04
  2.526059748894140e+09 -1.151083207220894e+05 -1.473808676228218e+04
  2.526172631903293e+09 -2.882459943846008e+04  6.429594064574339e+03
  2.526164979829793e+09 -4.611065188664006e+04 -3.700468602343206e+04
  2.526155609259440e+09  4.218155312598171e+04  3.105143392654555e+04
  2.526050502453051e+09 -7.824496821328322e+04 -1.048872594654597e+05
  2.526019614337467e+09 -1.841650353641055e+05 -1.998682438789434e+05
  2.526138671910428e+09 -7.032333114142640e+04 -1.756663526252587e+04
  2.526105310118458e+09 -1.010384090868145e+04 -8.304327899268708e+03
  2.525847938674150e+09  6.671506249842525e+04 -7.322408419147390e+04
  2.526131360002982e+09  1.232053730011308e+05  1.141730805876468e+05
  2.526114142288842e+09  5.841446782042109e+04  3.154179225670610e+04
  2.525994555317941e+09 -2.865381137703324e+04 -8.197329623841395e+04
  2.526104760093596e+09 -5.208677073996147e+04 -4.333406081449939e+03
  2.526253475698095e+09 -2.845011791979827e+04  6.664833890879643e+04
  2.526035188188803e+09 -2.138714193752618e+04  5.936641434177058e+03
  2.525913061902247e+09 -1.240521843842985e+05 -8.179164677301352e+04
  2.526072691119340e+09 -8.799233522943710e+04 -7.122297447427659e+04
  2.526109357107747e+09  1.000924777220399e+04 -1.617986711705765e+05
  2.526117145648959e+09  9.717877658790210e+03  3.048995834230667e+04
  2.525953901858125e+09 -4.520470571595384e+04  2.667387628403216e+05
  2.526259096729921e+09  3.161890110720962e+04  2.173648385975598e+05
  2.526086649394310e+09 -2.378582842177736e+05  1.013196310582370e+05
  2.526236098999506e+09 -3.761195094478845e+04  4.537789598539622e+04
  2.526194572815498e+09  1.191955704707654e+05  5.884160950687737e+04
  2.525972454499309e+09  8.805761408362701e+04  2.700306265732134e+04
  2.526262428824741e+09 -2.054845500101249e+05 -2.872592284948728e+04
  2.525979808698078e+09 -2.919338671175996e+03 -7.425936879380886e+04
  2.526133148580127e+09  7.826571451487194e+04 -6.139934047875064e+04
  2.526126527100539e+09  1.307406140976854e+05 -1.604209376848125e+05
  2.526098489831554e+09 -2.860031471145456e+04 -1.469048540234864e+05
  2.526066375755440e+09 -2.655340036867675e+04 -3.708844967760833e+04
  2.526325471949996e+09  2.513471193983243e+04  8.491334579804435e+04
  2.526024610992306e+09 -1.786528210579695e+05  1.560396327089879e+05
  2.526148345071484e+09 -1.795287779671659e+05 -6.322472093831282e+04
  2.526244532639920e+09  6.017021464575082e+04 -1.465536867835352e+05
  2.526178687531938e+09  1.009748709362248e+05 -8.164025207823468e+04
  2.526253085846259e+09 -1.261276542432264e+05 -2.458054669682099e+04
  2.526124998333487e+09 -2.553262306837412e+04  7.248025004057593e+04
  2.525984700696761e+09 -7.622860519941937e+04 -9.176160175972665e+04
  2.526248193846332e+09  5.156070543878019e+04 -2.301276935782057e+05
  2.526084311195956e+09 -2.634253947529549e+04 -7.600422942066408e+04
  2.526035662781605e+09 -1.965570309729888e+05  1.681139032856195e+05
  2.526060587678253e+09  1.192559602854438e+05  1.221066195666865e+05
  2.526228760200219e+09  4.496630448964657e+03 -5.929546736792928e+04
  2.526111961107760e+09  1.536441268669625e+05 -1.688673841614989e+05
  2.526055311727836e+09  6.821459872864466e+04 -8.538922857934923e+04
  2.526028353435231e+09  1.926111488295076e+05 -7.523135436607257e+04
  2.526050098574978e+09  8.415379382267594e+04 -1.378085566418614e+05
  2.526107266856300e+09 -1.817149833438789e+05 -1.730816022865967e+05
  2.526123522702993e+09 -1.772116082735318e+05 -1.507292002556422e+05
  2.526103203987720e+09 -2.323734939411469e+04 -4.747692788555799e+04
  2.526111963590686e+09 -5.032558758269157e+04  1.968524177237367e+04
  2.525997840201059e+09 -7.141373118930496e+02 -1.764490545334283e+04
  2.526230220797412e+09 -3.680624927181960e+04  6.812353737994633e+04
  2.526168443194032e+09 -1.267369031340933e+05  1.578468883191005e+05
  2.526052984208635e+09  1.610008757510618e+04  1.846342366137181e+04
  2.526061642905605e+09  1.196286654724728e+05  4.351231952004577e+04
  2.526246674483653e+09 -2.144763294046364e+05  1.860284362039322e+05
  2.526132962730029e+09 -2.135125984053919e+04  1.354219329863884e+05
  2.526041910012232e+09 -1.033329336102699e+05  1.624744179478032e+04
  2.526100071142498e+09  3.333868017142307e+04  9.759780880057090e+04
  2.526086368057482e+09  6.327132081889501e+04  1.041005772834218e+05
  2.526072909082865e+09  7.524711894650757e+04 -4.323553097216156e+04
  2.526365299811869e+09  2.757255108794803e+04 -8.703773082322761e+04
  2.526252597385799e+09 -2.777599426939356e+04 -2.030506894490789e+05
  2.526155673429814e+09 -8.009400767790945e+04 -4.845676179452986e+04
  2.526151100723987e+09  3.304293150211917e+03  1.397678768871588e+05
  2.526062714102193e+09 -7.639681932083063e+04 -3.059937150822254e+03
  2.526003662664551e+09  2.107635506386898e+04 -3.675799467909476e+04
  2.525934819568721e+09 -1.310316969906117e+05  1.569137703213089e+05
  2.526161291073992e+09  3.569988840537437e+03  1.690735663311800e+05
  2.526106307516300e+09 -2.096885224542581e+04  1.713228707750101e+05
  2.526020974431225e+09  3.001842241409264e+03  2.372416967049696e+05
  2.526053128035595e+09 -2.968164115552361e+03 -4.694756550757377e+04
  2.526102071918213e+09 -1.704121806498149e+05  1.277434792704294e+05
  2.526135084400325e+09 -1.627308570731571e+04  1.526087692303409e+05
  2.526184719174952e+09 -8.263997015511498e+04  8.193387104968959e+04
  2.526174771663811e+09 -5.992246369971056e+04  7.953828593274811e+04
  2.526307129961670e+09 -8.492203804267215e+04  5.932117178604309e+04
  2.526106724687881e+09  3.305100972509291e+04  9.403549823960918e+04
  2.526078781962751e+09  1.049509682314511e+05  2.172552180908703e+05
  2.526346536635401e+09  1.495063752087369e+05  2.563619966052396e+05
  2.526015651555360e+09  6.190528127328842e+04  1.473408961383414e+05
  2.525861431845811e+09 -5.655928812091926e+04  5.525499995422582e+04
  2.526105227024596e+09  3.097583964060969e+04 -9.301711741763097e+04
  2.526175369079329e+09 -5.710543251243321e+04 -1.952677402269239e+05
  2.526018390140003e+09 -3.763185818553303e+04 -1.418491064001275e+05
  2.526241974341338e+09  3.654411045516026e+03 -6.668815183303738e+04
  2.526152132345944e+09  2.964149590045703e+04 -6.983232012317436e+04
  2.525991641467251e+09  1.699782048192744e+05 -5.831963840220124e+04
  2.526273347597398e+09 -6.407422707351681e+04 -8.791615561498352e+04
  2.526167065811774e+09 -1.095546607114533e+05 -1.574730690079401e+05
  2.526148956411111e+09 -1.585332393254974e+04 -6.734056410828186e+04
  2.526181085469488e+09 -3.458822362057050e+04 -7.125096820978436e+04
  2.526045380584959e+09  1.079865281378748e+05 -2.335929082130757e+05
  2.526180426187270e+09 -4.890533351944434e+04 -1.120934250694214e+05
  2.526261866731149e+09  3.119101991975121e+05  3.671391127352673e+04
  2.526198757021768e+09  1.645921299625939e+05  3.849600268952653e+04
  2.526132081594007e+09 -5.186108379024896e+03  1.154906330636190e+04
  2.526221216929249e+09  4.893063190673757e+04 -1.589754013378134e+05
  2.526143133056270e+09  6.328816870571941e+04 -3.308797722559376e+04
  2.526190866113091e+09  4.446350396012887e+03  5.405236399153806e+04
  2.526073939594172e+09 -6.706122651495540e+04 -1.097523449307238e+05
  2.526106567587903e+09  2.696951799891866e+04  3.583795758335129e+04
  2.526015570963616e+09  2.157810068842184e+05  5.370079775086464e+04
  2.526307602384760e+09  1.095593472071462e+05  1.509990648279958e+05
  2.526258243822230e+09 -5.353428868225310e+02  1.076127349617738e+05
  2.526061469982964e+09 -2.017984655340329e+05  1.079983574371396e+04
  2.526111264521098e+09  3.794366642204707e+04 -1.486504321338991e+05
  2.526087940800434e+09 -1.040804218365152e+05  2.937454301955772e+04
  2.526067393687687e+09  2.878871146857212e+05  2.026940495484959e+05
  2.526252853443954e+09 -7.571888355910660e+04  1.496496694923984e+05
  2.526036660803804e+09  2.221656595290797e+05  6.166980490097613e+04
  2.526135402160165e+09  7.189658700124989e+04 -8.340501250356901e+02
  2.526142602034572e+09 -1.058482377985027e+04 -1.282205233418872e+05
  2.526321206952609e+09  1.919345717982443e+05 -3.170541153727198e+04
  2.526125981144145e+09 -4.404622179812228e+03  1.115347656265986e+05
  2.525971345377673e+09 -5.593956007904373e+03  9.266525051541976e+04
  2.525988302218754e+09  3.155404242796870e+04  6.949909439236848e+04
  2.526220673039106e+09 -7.106104238284222e+04 -1.313651546849576e+05
  2.526009208163300e+09  1.261180031256736e+05 -6.555746703837067e+03
  2.525912387649879e+09  2.993916024891799e+04 -2.360113757082913e+04
  2.526053786870258e+09  9.957903832786577e+04  6.151394404680538e+04
  2.525941638277398e+09 -1.436868909064411e+05  2.667043691767287e+04
  2.526050763658889e+09 -5.118367885652676e+04  1.084200547934289e+05
  2.525936460267562e+09  1.227101163229098e+04  1.136424491272419e+05
  2.526025767641327e+09  1.452408445972910e+05  8.935464485417306e+04
  2.526165708273872e+09 -1.449806368292880e+04  3.995385709244804e+04
  2.526012332517112e+09  1.112985544662741e+05 -6.964202408040772e+03
  2.526139904939757e+09  2.051647500084124e+05 -3.665507594321971e+03
  2.526116568949745e+09  6.971006769161305e+04 -5.101851595672261e+04
  2.526012052609865e+09  2.760248720936718e+05  7.747378475451656e+04
  2.526299954636906e+09  2.016518242303727e+04  1.359883440801795e+05
  2.525995560722840e+09 -4.871800810827850e+04  1.199930862911395e+04
  2.526455832960183e+09 -8.809638077516947e+04  4.312931840561936e+04
  2.526195451367552e+09 -1.930683055140575e+05  2.327863777792943e+04
  2.526089260155482e+09 -1.334195846226858e+05 -1.146717586793350e+05
  2.526190601793935e+09 -6.543293754699547e+04  7.702957150649687e+04
  2.525851329916929e+09  2.899757916597722e+05 -7.286320084749255e+03
  2.526140987038846e+09  5.014581532558522e+04 -3.245300457375869e+04
  2.526203312940490e+09 -2.274375091869285e+04  3.499571715905680e+04
  2.526184096300811e+09 -4.809201465984574e+04  9.848079811200037e+04
  2.526116109741878e+09  8.074379690694535e+04  2.062961363169419e+05
  2.526244911928011e+09 -5.217776045681629e+04  1.982493002796186e+05
  2.526168255873533e+09  5.937769784575872e+04  5.974113419778040e+04
  2.526009179957191e+09  1.329990641044124e+05  6.033065233472059e+04
  2.526161451946504e+09  2.577384122037818e+04 -7.079876728987391e+04
  2.525968432488087e+09  1.321691122201829e+05 -8.365270298854902e+04
  2.526108635302113e+09  1.012299490649399e+05 -1.060048974195903e+03
  2.526152265106756e+09  1.978891245414922e+04 -1.299360421567590e+05
  2.526087945164161e+09 -2.309109405137915e+05 -1.634794722306733e+05
  2.526003874990812e+09 -1.704719167614360e+05 -1.201599211693266e+05
  2.526296879097095e+09 -2.136685298158025e+04  9.480272249621281e+03
  2.526033232746761e+09 -3.211129126097600e+03 -1.051814265937335e+04
  2.526128443056057e+09  1.355079949318992e+05  9.367481104081916e+04
  2.526168579880457e+09  8.504810512227356e+03  1.542781748680400e+05
  2.525901783486356e+09 -2.176450571087433e+04  1.594885596227571e+05
  2.526082381466529e+09 -2.570825028811893e+05  4.268571336999710e+04
  2.526046189297879e+09  1.052474616517898e+05 -1.264790986068523e+04
  2.526177478384016e+09 -9.823652310072584e+04  8.286703485366295e+04
  2.526240995847087e+09 -1.175159814468615e+05  1.137773251805364e+05
  2.526091528721274e+09 -3.858000497132791e+03  8.178991680150211e+03
  2.526061113879205e+09  3.066577247636393e+04  7.295085510987660e+04
  2.526053944411016e+09 -1.005820837909823e+05  1.337080727336699e+05
  2.526147490480460e+09  2.945773848135862e+04 -1.513130826616602e+04
  2.526131494617338e+09 -7.681146964133804e+04 -9.872756337152608e+04
  2.526081279078992e+09 -1.438072458656469e+05 -1.016824725433807e+05
  2.526169582280508e+09 -1.292605315165689e+05 -1.315652861977739e+05
  2.526121230758918e+09  1.853127354244483e+05 -1.295228650076226e+05
  2.526179303627074e+09  1.321087745505490e+05 -1.537432957633315e+05
  2.526037985749757e+09  4.902357123548631e+04 -8.431120930425853e+04
  2.526117469007586e+09 -1.205484902689060e+05 -1.703970593492667e+05
  2.526126198169859e+09 -4.179386244292650e+04 -1.958501777524338e+05
  2.526173997477619e+09 -8.141383729241171e+04 -6.629450947104557e+04
  2.526365359139703e+09 -1.271407440974887e+05  3.970795852778049e+04
  2.526107674053718e+09 -3.642207997045573e+04  1.701391734862789e+05
  2.526048855001332e+09 -1.895075103496086e+05 -6.408174184583558e+04
  2.526043011760090e+09 -1.970243459707242e+03 -9.107337063323939e+04
  2.526117531363208e+09  1.417659476243234e+05  1.745933456712146e+04
  2.526172912208552e+09 -1.512176531289379e+05 -7.274984332078358e+04
  2.526106034275779e+09 -6.702694087158295e+04 -1.243527766920818e+05
  2.526214551396074e+09 -1.792071695752137e+05 -1.062533342992368e+05
  2.526100120201310e+09  2.173016142256232e+04  5.564892894467976e+04
  2.526012283786676e+09 -1.706432183180160e+05  8.401253701998910e+03
  2.526097159990041e+09  2.249314433484532e+05 -1.261913020945233e+05
  2.526021384099541e+09  3.530521183036345e+04  3.278026292399690e+04
  2.526131556429357e+09  7.485027554762893e+04  1.086207448799217e+04
  2.526101183636195e+09 -4.889115682785376e+04  6.235605770981242e+04
  2.526208324164032e+09  8.119440213604597e+03  8.307862520760461e+04
  2.526192087421887e+09 -6.967098955225886e+04  5.596445727863233e+03
  2.526066570653100e+09 -4.001700602591457e+04  5.463281956766322e+04
  2.526397578916726e+09 -9.106176611467965e+04  8.286135254307301e+04
  2.526120641915094e+09  1.559141478551785e+03  7.105848250659258e+04
  2.526196678688962e+09  5.350826645030698e+03  7.491770393970923e+04
  2.526303570883170e+09 -4.520202150624403e+04 -4.672193938938505e+04
  2.526192914999344e+09 -9.125533217525575e+03 -7.643243851763883e+04
  2.526039977300448e+09 -2.392571297189100e+05  8.270436110134644e+03
  2.526176017731393e+09 -5.956294036655605e+04  3.647422786077583e+04
  2.526018121741195e+09  8.749048592362832e+04  2.883685714700766e+04
  2.526129861822379e+09 -1.016146134202902e+05  8.859437304861541e+04
  2.526094904822948e+09  1.145494247062411e+04  9.713062959827029e+04
  2.526390184258348e+09 -4.145292023091577e+03  1.042792448336461e+05
  2.526204277825020e+09  1.527643204568414e+04 -4.942245133692259e+04
  2.526193217258163e+09 -6.649176004881952e+04 -2.220354062729214e+05
  2.525947531135128e+09 -2.081136934775573e+05 -2.962732601534789e+05
  2.526180318073992e+09 -1.577343580659867e+05 -2.017592652820805e+05
  2.525984762258950e+09  7.565717068220838e+04 -3.640781955441553e+04
  2.525867633445137e+09 -7.708167552754015e+04  2.368234911419125e+04
  2.525937991032770e+09  8.686748781023279e+04 -3.161533166490821e+04
  2.526083174096384e+09 -5.121395590566224e+04  3.644979308328091e+04
  2.526041982121769e+09 -1.496300603897471e+05  1.203018821419036e+05
  2.526179850825985e+09  1.807961137024421e+05  5.635568270092458e+04
  2.525980217086389e+09 -2.144590577246526e+05  2.825820814166451e+04
  2.525996757057649e+09  3.048096068845736e+04 -6.316670781679242e+04
  2.526126050191072e+09 -4.535568529381510e+04 -8.722688232751656e+04
  2.526184567494778e+09 -7.032725633478700e+04  6.615671740580699e+03
  2.526183202949137e+09 -9.612012913241587e+04  9.280701685517211e+04
  2.526242200078316e+09 -5.524161163016222e+03 -1.332932286891623e+05
  2.526340533435319e+09  4.974151960607059e+04 -7.224175945737312e+04
  2.526163988453804e+09 -6.013407327128528e+04  3.781704279135645e+04
  2.526220884008149e+09 -1.871385743166216e+05  1.876529322695278e+04
  2.526002262679328e+09 -1.408149607889639e+04 -1.685038534406812e+05
  2.526123495777935e+09 -4.900061514952173e+04 -8.955182061253861e+04
  2.526014080326338e+09  2.477138230532361e+04  3.119939950345503e+04
  2.526258116757674e+09  9.054412781460851e+03  2.318427852034546e+04
  2.526175840472549e+09 -6.430967104413098e+04 -5.879824333612790e+04
  2.526130295638824e+09 -7.886101552407019e+04 -1.192451316369229e+05
  2.526179277427423e+09  4.847622179824184e+04 -6.272541719171812e+04
  2.526191461558699e+09 -7.544552928347373e+03 -3.104086116752027e+04
  2.526136019067113e+09  1.254741453320541e+05 -4.732789790396773e+04
  2.526120237001417e+09 -8.924642590905447e+04  9.878686368520558e+04
  2.526137399584752e+09 -1.225466025549928e+05  2.231403312712368e+05
  2.526236619854318e+09 -4.873598172112484e+03 -7.148729553787736e+03
  2.526008379898854e+09  8.764587907906011e+03 -5.607438760850840e+04
  2.526042123011639e+09  4.272024622535077e+04 -1.915381303688835e+05
  2.526198358317359e+09 -7.385006526068598e+04 -1.170043437609733e+05
  2.526319604298794e+09  3.438253934806446e+03 -1.431194534440862e+04
  2.526243314146205e+09  1.933034859840384e+05 -9.863884174059029e+03
  2.526129586571609e+09 -1.295839321202408e+05 -1.115670331008937e+05
  2.526050521532376e+09 -1.905630080942798e+04 -1.430481557397515e+05
  2.526117452476612e+09  1.783068951828207e+04 -1.082682943748731e+04
  2.526120538918919e+09  1.633480188738724e+04 -4.012593525159615e+04
  2.526130715141457e+09 -8.523681388232205e+04  2.574785278817173e+04
  2.526084299127722e+09 -6.797156930425996e+04  1.875786948916749e+05
  2.526132727451032e+09  5.225989004888199e+04  9.467239045782133e+04
  2.526237101996208e+09  6.383510306196731e+04  2.179413724705996e+04
  2.526143737621408e+09 -4.817075342680870e+04  2.142791612890647e+05
  2.526092539724518e+09  6.555928640735114e+04  4.622051004672376e+04
  2.526165635254603e+09  9.266916052516294e+04 -1.169788306310458e+05
  2.526076246756667e+09  2.371826765033149e+04  3.143901304939403e+05
  2.525949935175369e+09  2.226943235222623e+04  1.698678849283410e+05
  2.526098208529856e+09 -3.793339475129131e+04  3.975423315925896e+04
  2.526176408742978e+09  1.090049711224320e+04 -4.838486535491620e+04
  2.526196380593352e+09  3.121426299139927e+05 -3.547490424976114e+04
  2.526008652191251e+09 -9.386589104006847e+04 -6.414955077030649e+04
  2.526080103704502e+09 -8.032970397685189e+03 -1.054520115705753e+05
  2.525971133767393e+09 -1.907444070000262e+05 -8.502850835052726e+03
  2.526157391276495e+09 -1.322782877624407e+04  6.007757300901850e+04
  2.526162958839712e+09 -1.508599557844109e+05 -3.623579778187093e+04
  2.526215928282749e+09 -8.487052858181857e+04 -8.887966288630024e+04
  2.526122253949726e+09  4.304210493886610e+04 -6.894447812851460e+04
  2.526280582726665e+09 -1.166833224323269e+05 -7.828354798477376e+03
  2.526311061511103e+09 -1.114407065122549e+05  1.625936915134768e+05
  2.526136314754650e+09  8.137644571588165e+04  1.533383861352599e+05
  2.526189145619868e+09  6.314998408056889e+04  2.236813557217956e+05
  2.526126088045817e+09 -1.510846101620847e+05 -1.068833784693463e+05
  2.526300542600144e+09 -5.170104273408814e+04 -1.748926124207703e+05
  2.526205811521105e+09  7.556835994988913e+03 -1.946821326928104e+05
  2.526192114833940e+09  6.742437854844285e+04  3.460492146286159e+04
  2.526015950130086e+09  1.733864463623296e+05  1.803041848109338e+05
  2.526007843218494e+09 -7.096747609508911e+04  6.504004965915059e+04
  2.525996219151278e+09 -4.000411470612814e+04 -1.202897224941812e+05
  2.526243459645021e+09 -2.008369050902033e+05 -9.302194757826804e+04
  2.526155710439179e+09 -1.062515999085475e+05 -5.104052880372899e+04
  2.526026713671464e+09 -7.701477590283123e+04  1.121575477713486e+04
  2.526009195645291e+09  2.460593223951710e+04 -7.454359122201707e+04
  2.526195505525390e+09 -9.376070794403940e+04  2.907055634789460e+03
  2.526123282254412e+09 -1.638117337150626e+05  1.457969234251797e+05
  2.526165079224024e+09 -4.929817930817348e+04  1.934473704310181e+04
  2.526180151490337e+09 -1.036258732946590e+04  3.160720498168375e+04
  2.525993619201304e+09 -1.614369974258742e+05 -5.492899904438085e+04
  2.526223981148772e+09 -3.952332695338177e+03  1.343783490101660e+05
  2.525942844193743e+09  7.534600725992536e+04  1.592236786181501e+05
  2.526220441013175e+09  9.840090337058064e+02  5.201783235870587e+04
  2.526072739148803e+09 -1.716797265088675e+04 -1.134061203074416e+03
  2.526078134569913e+09 -1.076051899943665e+05 -7.199325650528754e+04
  2.526017286227992e+09 -1.481977395106661e+05 -6.744984265666740e+04
  2.526136676738117e+09  4.472462902968843e+04  1.320083412511717e+05
  2.526092477465724e+09 -1.019547500551379e+05  8.937220140375034e+04
  2.526237328650329e+09 -4.788753043790466e+04 -5.696973368878520e+04
  2.526156613875442e+09  4.739483043211512e+02 -2.839768695952283e+04
  2.525964288816805e+09  3.021524555888108e+04 -2.008819474581000e+04
  2.526192803839227e+09  1.059279057873597e+05  2.206191080022790e+04
  2.525914739926984e+09 -8.461991183890565e+04  1.238127484709700e+04
  2.525924808830607e+09  1.243127944343165e+05 -1.115677998229147e+05
  2.526231187542136e+09 -4.336382168247655e+03 -1.993012570192900e+05
  2.526229709563743e+09  2.900504899087339e+04 -7.967504467153433e+04
  2.526178091768023e+09  5.197564662801218e+03  7.391499869613070e+04
  2.526099889251061e+09  1.701223940949682e+05  9.354734819357697e+04
  2.526214829414433e+09 -1.086101133254863e+05  2.112395267335299e+04
  2.526129283430495e+09 -7.015010450739757e+04  2.076695031706618e+05
  2.526128676427376e+09 -1.100980594836588e+05  9.085180916905974e+04
  2.526072101471627e+09  8.781867016132805e+04 -1.164407573629373e+05
  2.526130580067067e+09 -6.028010338471108e+04 -5.289884161323402e+04
  2.525970341820401e+09 -1.502837673341549e+05 -1.066428024617157e+05
  2.526135355405233e+09  6.923721306336345e+04 -1.638684222948458e+04
  2.526075029382625e+09 -2.830681214508903e+04  7.284210466445889e+04
  2.526230500758521e+09 -8.508595622930932e+04 -1.272661705806484e+05
  2.526088835365062e+09  1.398446698948748e+05  4.284505029289331e+04
  2.526159183309170e+09 -1.443278801441963e+05  1.487077240710282e+05
  2.526248920687582e+09  2.507968882360051e+05  4.421153121471126e+04
  2.526078612459077e+09  1.045936591945291e+05  1.586392736759290e+04
  2.526206990012709e+09  8.652158911425946e+04 -8.412142015817133e+04
  2.526020553148015e+09 -2.845064175319858e+03 -1.152974685354594e+05
  2.526126048486014e+09  1.406222862977739e+05 -1.245689217154471e+05
  2.526091893155686e+09  4.324793561647111e+04 -4.892687374487182e+04
  2.525993076534071e+09 -5.586777318735246e+04  6.771021106813708e+04
  2.526040330325008e+09  7.091380218459165e+04 -4.603768743568353e+04
  2.526230181182915e+09  1.273291473132453e+05 -9.712345380190096e+04
  2.526214772098195e+09 -7.181965520271077e+04 -6.522001414383689e+04
  2.526157890569912e+09  1.890600425483054e+04  7.051717800221442e+04
  2.526206683049034e+09  1.305039006189751e+05  2.079085769928844e+05
  2.526045000627895e+09  4.929919593983563e+04  8.982253774917591e+04
  2.526048252440583e+09 -1.619543912927525e+05  4.659690174360783e+04
  2.526045021773839e+09  1.412293913088909e+05  1.243070804570710e+05
  2.526068851754640e+09 -8.716338149643398e+04  9.492322706559394e+04
  2.526119744366356e+09  1.304450573395622e+05  3.825473592158768e+04
  2.525975296005678e+09  1.765471105037185e+05 -5.766997138795804e+04
  2.526042613783783e+09 -4.312823746843310e+04 -1.526426771282275e+05
  2.526134167372518e+09  1.911435131764592e+03  2.171207522120126e+05
  2.526245015292140e+09 -8.275824792162690e+04  2.490022450899063e+05
  2.526159534774230e+09  1.026595393402153e+05  5.702163206967036e+04
  2.526044566977169e+09  2.872459565351909e+04  1.189887533267266e+05
  2.526141378808402e+09  1.968642796414499e+05  1.742101464175165e+05
  2.526166652587811e+09 -4.527581643955829e+04  2.282166599324941e+04
  2.526156401084170e+09 -9.411566912637558e+03 -2.257903419813944e+04
  2.526165806629098e+09  1.382047917849908e+04  4.490851226325586e+04
  2.526244816565997e+09 -7.277583316205535e+04  2.702830115368124e+03
  2.525990402331809e+09  1.159633197891987e+05 -1.968744512946012e+05
  2.526054038822914e+09 -1.787374812158593e+05 -7.734063213439926e+04
  2.526171069765241e+09  4.211146797711030e+04  7.273897398830700e+04
  2.526105393841538e+09 -1.344943702176618e+05 -2.520222242010105e+04
  2.526010063573219e+09 -3.655140202870429e+04 -7.879845954444713e+04
  2.526231480142399e+09  1.461183495804861e+05  1.172669980359037e+04
  2.526201221663425e+09 -1.717636907308327e+05  1.048729320413408e+05
  2.526090250768988e+09  4.345441070778994e+04  6.555896450791042e+04
  2.526216647867945e+09 -6.874533594089258e+04 -6.408023803641263e+04
  2.526150273662508e+09  1.460778736108332e+04  8.870981881592586e+04
  2.526112541422630e+09 -1.240496909479526e+05  2.780136094339191e+05
  2.526280595311268e+09  7.426189904462348e+04  2.895666236332816e+04
  2.526142589337691e+09  3.979901294445177e+04 -7.539587498946843e+04
  2.526076107801022e+09  4.630706531277392e+02  3.949954024401636e+04
  2.526326428259645e+09 -1.090571898675200e+05 -4.430519864995795e+04
  2.526271895212682e+09 -1.316645851457625e+05 -1.969592713663314e+05
  2.526173963847284e+09 -1.856277670396026e+03 -9.588025640435505e+04
  2.526115197503195e+09  9.535782161050010e+02 -2.165934418499097e+04
  2.526012688786217e+09  2.936457133329590e+03 -1.309202874017390e+05
  2.526234260056529e+09 -1.050330182782470e+05 -1.053286765055057e+05
  2.526114407973828e+09  3.823169169073645e+04  4.982801263627619e+04
  2.526117352003656e+09 -4.120606484889658e+04  4.930976991014963e+04
  2.526039851473525e+09  4.142683092020825e+04  3.082769719719235e+04
  2.526170491606448e+09  7.250519690559478e+04  1.759839023385814e+05
  2.526134755780060e+09  5.450108589787094e+04  1.280716865027114e+05
  2.526116283611442e+09  2.318639977116184e+04  3.399580132332304e+04
  2.526086349132010e+09 -1.008226932909574e+05  5.433113361110166e+04
  2.525846610842650e+09 -6.737347661456978e+04  3.651515029991255e+04
  2.526172105525677e+09  9.149657992453827e+04  1.292646686151210e+04
  2.526176372705086e+09  8.931116865127219e+04  1.717900476157960e+05
  2.526190316746317e+09  5.854625257133564e+04  5.016016130471532e+04
  2.526136945044548e+09 -1.330815882041103e+05 -7.951756024159933e+04
  2.526149635531346e+09 -7.247054621028050e+04  5.182934232941293e+04
  2.526024541471021e+09  3.622629631018729e+04  1.630168781941804e+05
  2.525990570093685e+09 -1.182548890606184e+05  1.358411539996273e+05
  2.526032244546624e+09 -9.448623031834798e+04  5.611875808341149e+04
  2.525988464364604e+09  3.362527844705421e+04  7.177440719195874e+03
  2.526183453601332e+09 -9.762339159920486e+04  1.062457771761563e+05
  2.526045618496774e+09  7.839924020014115e+04  2.238113694609398e+05
  2.525742674596281e+09 -9.693942727982113e+04 -6.037132609443017e+04
  2.526122113102297e+09 -1.590561509505020e+05  4.285438275628490e+04
  2.525986068148915e+09  7.359190117844963e+03 -2.516223575245391e+04
  2.526065834083642e+09 -8.706946507269295e+03 -1.575114667182059e+05
  2.526114161368190e+09  8.668384372992546e+04 -1.254078803488463e+05
  2.525996789851321e+09  1.189711970485615e+05 -1.740721346024857e+04
  2.526062891268846e+09  7.073904309157835e+04 -2.282875699240741e+05
  2.525956835548516e+09  1.288334750787336e+05 -1.869078713068271e+05
  2.526293104381725e+09 -8.427186669794586e+04  8.771948164100212e+04
  2.526211427751663e+09  5.460298104648094e+04 -3.815497938632220e+04
  2.526114653844549e+09 -1.365350604711437e+05 -2.023481432134286e+03
  2.526236720917508e+09 -2.338185986302444e+05  2.190418633487711e+05
  2.526162430162561e+09 -8.988658642496145e+04  6.010597397187527e+04
  2.526199256646879e+09  6.880760813961364e+04 -8.442551856669784e+04
  2.526119640770105e+09  2.442649171734916e+04  7.894447110481071e+04
  2.526028084706511e+09 -3.108502744142013e+04  8.028236498855869e+03
  2.526280422913176e+09 -2.738639802842187e+05 -3.568186834479286e+04
  2.525967636166419e+09 -1.236456882070804e+05  1.807790057842480e+04
  2.525931092036212e+09 -1.505845213844790e+03  3.503708508953778e+04
  2.526198643010060e+09 -1.398823644044909e+05  4.591222996814031e+04
  2.526209201313999e+09  2.625406991236272e+05  8.310251662936062e+04
  2.526034792158491e+09  1.433576045333514e+05  2.365486507128197e+05
  2.526092464492392e+09  3.543467334961728e+04  8.719358915679273e+04
  2.526111539332315e+09  3.976958087668405e+03 -5.809510094296455e+04
  2.526148035336015e+09  6.437653355432185e+04  3.099969927497627e+04
  2.526187965974234e+09  7.636538049883500e+04  5.264806304512988e+04
  2.526214901192960e+09 -1.103478080714423e+05  5.084859743118007e+04
  2.526240682590521e+09 -3.606510009617312e+03  1.181315642381406e+05
  2.526194738025938e+09 -4.842856277655438e+04  1.902688065021175e+05
  2.526073247829151e+09  2.602513317447109e+04  1.468527971454198e+05
  2.526088871774198e+09  3.269788609111600e+04  5.345359758661943e+03
  2.526212394161114e+09 -1.212851651687887e+05 -1.129623192478956e+05
  2.526072609947397e+09 -1.520756485360304e+05 -9.384473913541483e+04
  2.526203555341263e+09  1.001269772243744e+05 -9.891039882281190e+04
  2.526043911174346e+09  3.542658081003473e+04 -1.572351559980703e+05
  2.526090095899502e+09 -5.793012991306843e+04 -4.303008126348970e+04
  2.526059241082018e+09  1.426258170447131e+05  4.004309396569582e+04
  2.526104682447750e+09  1.285131887511481e+05  1.006076071329171e+05
  2.526127492447038e+09 -1.006746507956724e+05  4.128187131581263e+04
  2.526208273140006e+09  9.893710265665548e+03 -7.202584948995124e+04
  2.526097302092895e+09 -3.021778418112791e+04 -1.509379219161347e+03
  2.526046705095986e+09  1.016764992797978e+05  9.849676240574429e+04
  2.526165983679696e+09 -7.382161734916625e+04  1.732069441711089e+05
  2.526225877160209e+09  8.804382701959996e+04  1.077409635746552e+05
  2.526146881350194e+09  4.633280528263218e+04  6.839019249422097e+03
  2.526074371053467e+09 -5.374366664062801e+04 -3.536412302577175e+04
  2.526113392721848e+09 -1.270938573634403e+04 -5.503284969439975e+04
  2.526025265762038e+09 -9.677824872804154e+04 -1.037660758569911e+05
  2.526252611128774e+09  8.411587529573776e+04  2.199231339783587e+05
  2.526234049309736e+09  1.287690062236445e+05  6.827686191298300e+03
  2.526139286863246e+09  3.156875389567460e+04 -6.247770021400094e+04
  2.526102083047176e+09  2.747618986522895e+04 -2.031725070024678e+04
  2.526279151436319e+09  9.525911980427825e+04 -1.076319696179451e+04
  2.526186323001107e+09  1.382792411950465e+05  1.879411712141214e+05
  2.526012801619113e+09 -1.243646074378810e+05  1.742317026123290e+05
  2.526108760006569e+09 -6.302682065763278e+04 -5.366824663619115e+04
  2.526016505899030e+09  5.597854391064029e+02 -1.894624186693924e+04
  2.526089054863274e+09  1.744944286979008e+05  5.964428366150800e+04
  2.526186390716506e+09 -3.206100586245532e+04 -1.329657311549858e+04
  2.526202541636334e+09 -7.430786696441122e+03  1.746135613637138e+04
  2.526180332451307e+09  1.240723330859616e+05  1.019403501701847e+05
  2.526146985119217e+09 -1.764249404100920e+05  5.457676730803156e+04
  2.525975635973929e+09 -6.978918496554694e+04  2.035120986582479e+04
  2.526146200046298e+09  9.537550616242457e+04  1.584969172929530e+05
  2.526156016233373e+09  1.368750875767714e+05 -1.076000098562512e+05
  2.526498253489722e+09  2.194478505624866e+04 -7.138583157364454e+04
  2.526003092165612e+09 -1.344266567315266e+03 -2.658669332836726e+04
  2.526220302254169e+09 -2.008849519615481e+04 -1.196315427343980e+05
  2.526131826652757e+09  1.634312183500717e+05  3.387845425258856e+02
  2.525954261290984e+09  6.951830411101645e+04  6.879605375915184e+04
  2.526239174898534e+09 -7.591139818921289e+04 -1.355407059873748e+05
  2.526208252655115e+09 -4.549095095980505e+04  2.120428165801230e+04
  2.526119897122743e+09 -2.302758288214682e+03  8.550491075947066e+04
  2.526183432014964e+09  1.578973706043903e+05 -9.801795856047934e+04
  2.526448692192997e+09  3.541267337942257e+04 -8.984374713104597e+03
  2.526021997392606e+09  1.955469186292426e+04  1.455488692905223e+05
  2.526113015797667e+09  2.989655233494218e+05  1.188141336735112e+05
  2.526140312344729e+09 -2.346161573588408e+05  7.527376325019274e+04
  2.526177959794928e+09 -1.029279254493956e+05  4.520242288371176e+04
  2.526078641117121e+09  7.053721791423624e+04 -5.063916711576935e+04
  2.526199018140026e+09  7.439951415616871e+04 -2.995674782040808e+04
  2.526158858296103e+09 -1.710123998449417e+04  6.706767533073272e+04
  2.525956319973118e+09  1.023831976738141e+05  1.033552336425306e+05
  2.526056789377510e+09 -3.188150166885159e+04 -2.926318377790845e+04
  2.526256246474134e+09  4.359263469044672e+04 -6.621295286557055e+04
  2.526086050862441e+09  1.783690907126013e+05  2.086277592585236e+04
  2.526066854369497e+09  2.125361241747194e+04  1.455080593761962e+05
  2.526007143346386e+09  2.108312562204678e+05  1.220307425890054e+05
  2.526275793452896e+09 -1.274409403862902e+05 -5.208132987546478e+04
  2.526196867963946e+09  8.682458531870786e+04  1.737088589867787e+04
  2.526074211672665e+09  1.227531013627645e+05  9.370937815871183e+04
  2.526001728308018e+09 -1.047991848604218e+05 -5.684954024656187e+04
  2.526068376135170e+09  3.452063423139601e+05 -1.069130499262379e+05
  2.526062866563612e+09 -9.319332009730814e+04 -7.090597430362459e+04
  2.526274376493532e+09  3.637175610469474e+04 -9.113633275118761e+04
  2.526174305718728e+09  5.092386151690455e+04 -7.404112347896094e+04
  2.526190099667975e+09  7.481264918908605e+04  1.722213736761000e+04
  2.526260276908851e+09  6.973412707393873e+03  1.852684512402113e+03
  2.526131283548170e+09  2.112900320104461e+05  4.283768053777912e+04
  2.526277210336496e+09 -2.021483734635017e+05 -7.355107206687448e+04
  2.526048834878335e+09  9.813916927806113e+04 -8.301791953345458e+04
  2.526197406187842e+09  1.183558588565357e+05 -3.350778229977749e+04
  2.525828755791544e+09  2.809147419705082e+05 -7.238893534053909e+04
  2.526367417456879e+09  1.579049714216031e+05  2.436310650074715e+04
  2.525964106560746e+09 -5.444430927367788e+04  1.468604846730285e+05
  2.526089692551792e+09  1.835660101344412e+05  1.582625424176621e+05
  2.526165947873407e+09  8.454667556983908e+04  7.393831987153686e+04
  2.526071691550617e+09 -1.202700464944330e+05  9.757324393010407e+04
  2.526081490930216e+09  2.683333048871426e+05  2.017652118844599e+05
  2.525905239659026e+09 -2.791092190848337e+04  1.011324334474637e+05
  2.526237459325940e+09  6.340277866269852e+04  8.543347790389089e+03
  2.526292669634203e+09  1.502766520409642e+05  5.963517080910481e+04
  2.525921530493326e+09 -4.623552803573618e+04  1.377803073660069e+04
  2.526106778844578e+09  1.499793963128455e+05 -4.607202821890824e+02
  2.526204561866432e+09  9.497686728141736e+04 -1.447219713876772e+05
  2.526230394413414e+09 -1.504290701904120e+05 -1.491427161498186e+05
  2.526274716733112e+09  1.164644133326613e+05 -1.487766892826551e+05
  2.526104169089252e+09 -1.889754893401777e+04 -1.727648180154501e+04
  2.526155051422392e+09  1.077214445108982e+05  7.453233438241552e+04
  2.526022186305098e+09  1.112384475656995e+04  4.456470251144888e+04
  2.526183679821044e+09  6.419283078556694e+04  2.093942688582616e+04
  2.526236313726458e+09  2.604632290914922e+05 -1.318942599794827e+02
  2.525957382210532e+09  1.650889491191396e+04 -6.823834497584123e+04
  2.526221742861582e+09 -7.251093535811151e+04 -9.902849195239763e+04
  2.526115320014432e+09  1.583257850696181e+05 -6.922627761780459e+04
  2.525985565432238e+09 -6.660686335995165e+04 -1.013209143612218e+05
  2.526032323135214e+09 -7.186798172025639e+04  5.634520082440012e+04
  2.526068720848594e+09  3.334640569937462e+04  5.742822586078336e+04
  2.525963829684767e+09 -4.455303011467215e+03 -1.762577115339187e+05
  2.526014111555705e+09  9.256796923279145e+04 -2.395675949532095e+05
  2.526125506018764e+09  1.355470353474852e+04 -1.297753152510020e+05
  2.526018973096703e+09  1.170807631517679e+05  6.148827598412335e+04
  2.526257944487717e+09 -7.701219463323825e+04  1.609952809689409e+05
  2.525961215197550e+09 -3.965652697111783e+04  2.408328671884247e+05
  2.526031327284582e+09 -2.511445439680616e+05  8.079114624574501e+04
  2.525974826169107e+09  3.524555817994836e+04 -9.754848979819333e+04
  2.526199675822954e+09  6.095121368566202e+04 -8.788278163702390e+04
  2.526155079887949e+09 -7.807151562711457e+03  9.700729806256574e+04
  2.526254062329364e+09 -8.984711455952446e+04  7.612129048673005e+04
  2.526165256814428e+09 -1.009369277630579e+05  2.053516914568277e+04
  2.526301836349718e+09 -4.688028640247672e+04  9.316364115071809e+04
  2.526316823208999e+09 -1.051201173833222e+05  7.545049334505596e+04
  2.526288588603302e+09 -1.650044116297867e+05 -9.307514628958562e+04
  2.526171786705866e+09  8.380972447001468e+04 -2.341176148324701e+05
  2.526077874575506e+09  7.684429394290829e+04 -8.756498689910694e+04
  2.526259923742973e+09 -7.008675552839972e+04  3.782147028337000e+03
  2.526240780215227e+09  8.046717249236163e+04  5.696693025157810e+04
  2.526292788959313e+09  6.808632982935885e+04 -1.026497036465444e+04
  2.525993330307291e+09 -8.581124549057207e+04 -5.620184372853790e+04
  2.526073585349761e+09 -1.605153786105965e+05 -1.498561554229446e+04
  2.526217775755632e+09 -1.623733846048852e+05  9.305293739340949e+04
  2.526172254549003e+09  9.292625495619082e+03  3.099319451063866e+04
  2.526204279835324e+09 -2.440172081208834e+04 -7.878272650240920e+04
  2.526171055470872e+09 -7.548100896465359e+04 -8.122320621565892e+04
  2.525988968250099e+09 -8.028605215290783e+04 -7.338246402222611e+04
  2.526092567183517e+09  2.731286833586171e+04 -7.908236388763328e+04
  2.526130551772517e+09 -5.818967932752625e+03 -3.723414433004716e+04
  2.526139533803251e+09  2.735514351950958e+03 -2.281548786136840e+04
  2.526011946752509e+09 -1.423088816349761e+05 -1.131679246991200e+05
  2.526013129737290e+09  1.525462139046695e+05 -1.227179202059947e+05
  2.526256177808531e+09 -5.092486176573532e+04  6.518976422837249e+04
  2.526121334540515e+09  1.093205358920547e+05  3.409700079149543e+04
  2.526116298340277e+09  2.284993149610566e+05  4.041696214720863e+04
  2.526177879455892e+09 -9.395755186270201e+04 -4.832050149370916e+02
  2.525926390777286e+09  7.099880395178625e+04 -1.127833365497761e+05
  2.526109952644582e+09  2.057044209359323e+05 -1.981458979250217e+05
  2.525965321586424e+09 -3.401392856381831e+05 -1.490983914778796e+05
  2.526110388294765e+09 -4.929604937807666e+04 -7.930748454401239e+04
  2.526158026114759e+09  1.004263114735758e+05 -9.214796154515655e+04
  2.526148998870283e+09 -3.459191079174005e+04 -6.019033411651268e+04
  2.526004872076358e+09 -2.135816837166736e+04  4.745449488046134e+04
  2.526066896711149e+09 -1.430029609844380e+05  5.684196414145431e+04
  2.525972973727034e+09 -7.042328737397678e+04  2.367810153285880e+04
  2.525948805969990e+09  1.794482642853570e+04 -7.196700761286076e+03
  2.526048896598363e+09  1.180023895053088e+04  7.702960939830891e+04
  2.526095146177387e+09 -9.145625674050767e+03  1.541239000430633e+05
  2.526084539667965e+09 -1.838309662056398e+05 -7.141985483515539e+04
  2.526101882548499e+09  1.430008596239302e+05 -8.026682474667276e+04
  2.526348914264513e+09  1.127791810975826e+05  1.939295196194775e+04
  2.526130215052240e+09 -9.868313942469307e+04 -1.233260408377857e+04
  2.526127979111582e+09  6.617326589723967e+04 -7.940626644731034e+03
  2.526011113477607e+09  1.854272455191517e+05  1.765756505790516e+04
  2.526120518671620e+09 -1.729375786628902e+05 -5.315594473253773e+04
  2.526017391571212e+09 -1.867159948473569e+05  1.426607206962397e+04
  2.526170230868106e+09  3.834091013507871e+04  1.520411788753700e+05
  2.526060683747705e+09 -2.865315423511318e+04  9.797285647521913e+04
  2.526281601513726e+09  9.858388529069256e+03 -4.422629811906558e+04
  2.526132469736542e+09 -4.757471410767594e+04 -4.374669993703946e+04
  2.526139772892735e+09 -8.855526350018359e+04 -7.034436468702811e+04
  2.526102916611884e+09 -1.486919629921488e+05 -2.575081323265983e+04
  2.526149817426634e+09  8.924309762236616e+04 -1.073663229772153e+05
  2.526244978822098e+09 -3.553121841545566e+04 -1.508188327630250e+05
  2.526034449766683e+09 -1.833179324646103e+05 -3.996920325550903e+04
  2.526178317058967e+09 -2.308787291607959e+04 -1.520749604546523e+03
  2.526055649294711e+09  2.851301040753350e+04  3.388475722856214e+04
  2.526127871368435e+09 -9.765151401705592e+04 -7.822968417973898e+02
  2.526052672087660e+09 -2.756451220556651e+04 -1.360689857108360e+05
  2.526055636040112e+09  9.693686364587872e+04 -6.655910941785201e+04
  2.526069571400456e+09  7.304639491052576e+04  3.269758111546934e+04
  2.526058411029268e+09 -1.894494485887185e+05 -7.998081210338743e+03
  2.526167675900022e+09 -1.194427142174658e+04  1.395442014616898e+05
  2.526120022232790e+09  5.741338722625223e+03  1.216276158330736e+05
  2.525958982354562e+09 -1.119513972854987e+04 -5.500083645270241e+04
  2.526008995200672e+09 -1.015315600785386e+05 -5.219325781952347e+04
  2.526098557365923e+09 -3.609469719032460e+04  5.451335484937706e+04
  2.526133130965755e+09 -1.409753520757705e+05  1.235667439229531e+05
  2.526090535499453e+09  6.298335204087570e+04  1.053664927093639e+05
  2.525895781459752e+09 -5.431091423726431e+04  1.882649708269510e+04
  2.526126681824050e+09 -2.380495416035571e+05  6.647012561807653e+04
  2.526271423142836e+09 -2.036634607994184e+04 -4.584356052512140e+04
  2.526213754435950e+09  8.619915891605080e+04  2.616915532827703e+04
  2.526120143730344e+09  5.850357513307928e+04  2.608339487197401e+04
  2.526145724356444e+09 -2.081592620860669e+04 -1.057084074944351e+04
  2.526193162939316e+09  8.049731788400828e+04  1.168790233556900e+05
  2.526193870161012e+09  5.506905180888268e+04  1.658428134961037e+05
  2.526113609655621e+09 -1.752914688084985e+05 -1.339882714533567e+05
  2.526195048464688e+09 -1.756121210151678e+04 -8.620650763949309e+04
  2.526136771342983e+09 -2.129908233306138e+03  1.912165150023252e+04
  2.526079262080533e+09 -1.811065738777478e+05  1.510226667083218e+04
  2.526056448246117e+09 -6.481525444593339e+04  6.425881467936467e+04
  2.526095744535485e+09  4.883146009262762e+04  1.073200147258812e+05
  2.526056349417159e+09  6.814173141743056e+04  1.655444815014037e+05
  2.526166792042954e+09 -3.056148590922332e+04  7.440391921423795e+04
  2.526092827138486e+09  7.103907747861953e+04  1.464754127340674e+05
  2.526057513208524e+09 -1.604575909012879e+05  2.225818018036132e+05
  2.526093596121395e+09  9.422153966856864e+04  2.303169162138304e+05
  2.526169543501813e+09  6.454449655821780e+04  1.989267127225059e+04
  2.526044463569715e+09  5.521427267126390e+04 -8.010347200812423e+04
  2.526242665407669e+09  3.487056990004424e+04  6.440001607421436e+01
  2.526264076551722e+09 -6.884416651533253e+04  8.876931313693791e+04
  2.525996740169391e+09  9.985963459344348e+04  3.503588931598657e+04
  2.526137538692905e+09 -1.121568331015959e+05 -2.860054371961792e+04
  2.526129877461846e+09  6.216115395590500e+04 -5.382861624961637e+04
  2.526087629544701e+09  4.046729983789311e+04  6.630324229749909e+04
  2.525953277922690e+09 -3.116548414035453e+05  1.247689179027835e+05
  2.526005025872169e+09  1.243673198405248e+05 -4.484363449806767e+04
  2.526256900747301e+09 -1.767495841209171e+04 -1.504679325195728e+05
  2.525999640901296e+09  4.525796487774106e+04 -2.099549672559360e+05
  2.526074441590274e+09 -3.314364538865862e+04 -1.731393049898725e+05
  2.526121821706198e+09 -1.229287652410427e+04  3.020972384989378e+03
  2.526097383559461e+09  1.305680333440634e+05 -2.325952931039787e+05
  2.526026625873598e+09  1.047818040140327e+05 -1.483045314152864e+05
  2.526013186427815e+09 -1.589202952772583e+05  1.428762534464981e+05
  2.526159509598331e+09 -5.098301043949800e+04  1.571293118517100e+05
  2.525991932464911e+09  9.471039638387738e+04  1.114055621397778e+05
  2.526249139162341e+09 -3.229576046978286e+04  8.308938883721561e+04
  2.526171990630972e+09  1.360087231199327e+05  9.126645451989226e+04
  2.526141996691607e+09 -6.150517741527967e+04 -1.968386977148551e+04
  2.526146441179992e+09  1.964699000025694e+05 -9.600943009664258e+04
  2.526167365881875e+09  1.423573802626719e+05 -1.926429212309618e+04
  2.526012331850735e+09 -1.218686773160461e+05  2.663187527270056e+03
  2.526077687144867e+09  1.230979000102559e+05  7.635407460348890e+04
  2.526090157125290e+09 -5.401682196785486e+04  6.157274430779368e+04
  2.526162076913339e+09  7.796497935114044e+04 -1.304690405942983e+04
  2.526119593519576e+09 -9.246467928715807e+04 -4.410485055493552e+04
  2.525990716719897e+09 -1.845717557405683e+05 -7.919854973856680e+04
  2.525980787147213e+09  1.983915823734100e+05  8.225817287732358e+04
  2.526144082546462e+09  1.916242527302800e+05 -8.413438565316517e+04
  2.526196677432045e+09 -2.481668820953313e+05 -1.318117133503598e+05
  2.526097567788890e+09 -2.377157098737168e+05  1.301857072623828e+05
  2.526365191931957e+09 -5.996708395564021e+04  2.262096159791045e+05
  2.525912176263473e+09  9.053455458829564e+04  3.023967193211529e+05
  2.526057389846634e+09 -8.018720495474467e+04  1.268930963751329e+05
  2.526025971845713e+09 -1.744158147752040e+05 -1.172210008876023e+05
  2.526157349018310e+09  1.909992929335525e+05  9.002803478622960e+04
  2.526288150453482e+09  1.152188647597003e+05  7.192660140324140e+04
  2.526056742106523e+09 -9.919025420900225e+04 -9.939679401513189e+04
  2.526247627208776e+09  7.678047821187903e+04 -6.655550231239200e+04
  2.526186313671850e+09  6.458093387244281e+04 -6.036638976046350e+03
  2.526011457650802e+09  1.005396040983741e+05 -1.023511548807081e+05
  2.525892572815519e+09 -9.082102359849232e+04 -7.562086569966376e+04
  2.525978389726616e+09 -1.243787818333640e+05  7.827592372333596e+04
  2.526164578920659e+09  8.578649047097401e+04  1.526789010356145e+04
  2.525973044291452e+09  1.023411393178627e+05  3.792594508093712e+04
  2.525920454018778e+09 -1.466620101907226e+05 -4.604752246569563e+04
  2.526096421158258e+09 -6.042486997284088e+04 -1.389746224088478e+03
  2.526051195331695e+09  1.345330472700240e+04  1.301407795021417e+05
  2.526108633308721e+09 -5.086707200847776e+04  1.299511027527717e+05
  2.526135747311295e+09 -4.354715868540062e+04  7.979567860412062e+04
  2.526046700170660e+09 -1.373276191223888e+05 -9.491242627286701e+03
  2.526141548901680e+09 -6.814370637497865e+04 -9.581129745238367e+04
  2.526228923866745e+09 -1.218680744992599e+05 -1.476957201986727e+05
  2.526187203383741e+09 -1.927501487669274e+05 -1.178016412977648e+05
  2.526157919989420e+09  1.205357433847578e+05 -7.296911808161333e+04
  2.526109320981276e+09  8.811326675356599e+03 -1.170351943777516e+05
  2.526114889737506e+09  4.220967110396526e+04 -7.052249486151547e+04
  2.526227433170799e+09  8.705480435758858e+04  6.801649465328723e+04
  2.526271477504487e+09  5.957573131299927e+04  5.071646142901480e+04
  2.526235277934536e+09  7.352373178518598e+04  8.869809395849353e+04
  2.526092877195421e+09  9.118533930813428e+04 -8.027616743531276e+04
  2.526061685707180e+09 -1.518699481629536e+05 -2.851231167586357e+04
  2.526239565157640e+09  1.321143524389559e+05  4.662918185203575e+04
  2.526003096513252e+09 -2.647547353298444e+04  4.908523815395220e+04
  2.525980533768693e+09  1.336092980381905e+04  1.026827615693811e+05
  2.526193703746281e+09  9.481776005761838e+04 -2.317624359193724e+01
  2.526103379992955e+09 -1.427486429722039e+05 -1.370255462486725e+05
  2.526187155418664e+09 -1.515335279160542e+05  7.160029240521370e+04
  2.526143453257251e+09 -1.229474611532800e+05  2.242781817702840e+05
  2.526195233093349e+09  6.321372528850334e+02  1.037829882205101e+05
  2.526136366496971e+09  1.632263087702174e+05  5.076643418600783e+03
  2.526135868119021e+09  3.824341056698200e+04 -3.352830282770493e+04
  2.526250202242890e+09 -4.202025349299167e+04  3.490166757892142e+04
  2.526126785534123e+09  7.175831590399670e+04  6.063072238198982e+04
  2.526149613462487e+09 -6.007290874421131e+03  1.154668218658613e+05
  2.526242325676539e+09  2.105080064857739e+04 -3.515419676751061e+04
  2.526155300482024e+09  1.819649066957587e+05  2.793266202097581e+04
  2.526079574932611e+09  1.968832012393337e+04  1.333303736087084e+05
  2.526193800779781e+09  6.859471320295054e+04 -5.074616543832002e+04
  2.526274313634895e+09 -9.402354640904232e+04 -4.997510909764189e+04
  2.526051467701755e+09  2.584300991363069e+05  8.994818970367816e+04
  2.526016868521249e+09  2.637699797917227e+04 -1.679989419153170e+04
  2.526195322903726e+09 -5.323683367938787e+04 -3.204995665967837e+04
  2.526121893769504e+09  8.826325236129411e+04 -5.593551421300718e+04
  2.526030670240320e+09 -2.337960211210605e+04 -1.141559354787439e+05
  2.526107671006746e+09  3.332008762163209e+04 -1.593937479364442e+05
  2.526199175741006e+09  3.790100494026905e+04 -2.849690000062414e+05
  2.526051866825941e+09  1.635920796086866e+05 -1.393402303768580e+05
  2.526151143963317e+09  7.666926022626855e+04  8.905643964380643e+04
  2.525917987152721e+09 -2.053863357520336e+04  1.050094261224355e+05
  2.526163209818955e+09 -4.457790776985916e+04  5.672487336361047e+04
  2.526176385829769e+09 -4.246103574724402e+04  7.347312053330359e+04
  2.526367149968303e+09  4.131540975657257e+04  1.079782774430763e+05
  2.526175193018335e+09  1.215026384534072e+05 -7.270326210007849e+04
  2.526170356196402e+09 -5.235221625078446e+04  5.704015066984750e+03
  2.525995186016532e+09  8.281626063994016e+04  4.865429230076441e+04
  2.525984727989224e+09  2.684728171147113e+05 -2.137921078191593e+04
  2.526197017582105e+09  4.980611339659721e+04  8.954618238356774e+04
  2.526249539979570e+09 -2.311687007173547e+04  6.031277124586154e+04
  2.526165218900359e+09  3.482834806167689e+04  6.053917752820003e+04
  2.526055362812435e+09 -6.029606973112479e+04 -1.224162986440223e+04
  2.526264189488347e+09 -2.375371475721616e+04  1.314383611270681e+04
  2.526219582163268e+09 -4.338152793507377e+04 -5.387852474374324e+04
  2.526149134023494e+09  7.369370689224685e+04  2.709603295713809e+03
  2.526197805625651e+09  1.155548385775531e+05  1.627450982146422e+05
  2.526197783264717e+09  5.896807635726035e+04 -3.722364033792859e+04
  2.526083245965169e+09 -2.708090127329959e+04 -7.110148686385463e+04
  2.526170570504352e+09  3.909277892165683e+04  2.561783063417114e+04
  2.525992581257602e+09  5.514369970404566e+04 -6.699113113853722e+04
  2.525810507806131e+09  1.580657326667150e+04 -7.561913587025425e+03
  2.526278615435154e+09  5.587820497295089e+04  1.303218408010363e+05
  2.526154194639100e+09  1.410324813898387e+05 -7.688514525302988e+04
  2.526225736788823e+09  6.535012401127658e+04 -5.725811246028473e+04
  2.525970646117780e+09  8.438543029200973e+04  6.318173428330361e+04
  2.526117275322624e+09 -1.794009144641201e+05  7.556603925970045e+04
  2.526329518528480e+09 -2.900539909146100e+03  1.737674843920494e+05
  2.526175879869583e+09  3.691601916185126e+04  4.294928197872126e+03
  2.526140792294011e+09  1.659392916207644e+04 -9.158872389168479e+04
  2.526073822293324e+09 -3.673172371748951e+04  1.682414082798350e+04
  2.526130006937288e+09 -1.558155061366496e+04 -1.031600444833151e+04
  2.526100642620880e+09 -2.552524487409215e+04 -1.257788375968304e+05
  2.526197554644586e+09  1.411888228941159e+05 -2.034438740724032e+05
  2.526214577014237e+09 -7.228212831461034e+04 -1.042074798345817e+05
  2.526196911987168e+09 -9.736490094829956e+04 -1.808859238427351e+05
  2.526321634200141e+09  1.311800701198361e+05 -4.851917768270592e+04
  2.526166661414387e+09  1.064408292648945e+05  1.356394604200176e+05
  2.526134184798595e+09  1.321570415020847e+05  7.001587279236561e+04
  2.526245194886197e+09  1.252819788386975e+05 -1.166552952748961e+05
  2.526070195477534e+09  6.388542402116349e+03 -2.494074732912541e+04
  2.525902946354620e+09  7.526180772608495e+03  4.313784875265777e+04
  2.526251433723852e+09 -2.178100228468955e+05  1.441199026354140e+04
  2.526015345597487e+09  1.056466237275120e+05  9.790629677700554e+04
  2.526116946940942e+09 -1.050229178851626e+05  4.430810151955031e+04
  2.526247105932665e+09 -1.446101347448107e+04 -1.106718864177607e+05
  2.525914621015532e+09  6.115108034756314e+04 -7.417298005467025e+04
  2.526110515605688e+09 -7.393422389438568e+04  6.720358827127260e+03
  2.525887284497403e+09 -3.871769224537397e+04  6.939022291487386e+04
  2.526201346525544e+09  1.779576458304541e+05  9.042939458004257e+04
  2.526188990837953e+09 -7.897962856920762e+04 -8.487302860301035e+04
  2.526167587581500e+09 -1.147260469454731e+05 -2.064236317456568e+05
  2.526241302934374e+09  2.609367505852156e+04 -3.190721825985017e+04
  2.526146602705556e+09  4.869793430897326e+04  7.565677914544102e+04
  2.526023182836832e+09 -7.938778423885631e+04 -3.264066472498025e+04
  2.526266386703759e+09 -8.922301125084294e+04  8.500057969532139e+04
  2.526050874335717e+09  9.336726366288494e+02  1.138389873453565e+05
  2.526206185244007e+09 -1.416674648820946e+03  1.079549553973391e+05
  2.526037976823677e+09 -1.845125791017654e+05  2.188564573809624e+05
  2.526194621032655e+09 -7.898659281075653e+04  1.265225430165222e+05
  2.526214102794392e+09 -1.954130644005847e+05  5.179969215458189e+04
  2.526096994292349e+09 -2.658565596382064e+04  2.206824926523173e+05
  2.526144809566629e+09  5.327942152580514e+04  1.677151544515667e+05
  2.525951995958788e+09 -4.268380749052856e+04 -4.840307170110126e+04
  2.526025861883457e+09 -4.068246853964869e+03 -3.020317977995891e+04
  2.525957404568348e+09  3.737690600270958e+04 -7.602257192940451e+02
  2.525942275742895e+09 -3.284603968347254e+04 -9.722880782673135e+04
  2.526009730448880e+09 -4.961474672141927e+04  5.665754362611240e+04
  2.526016812229352e+09 -9.212547793552876e+04  1.097290402151018e+05
  2.526003617167503e+09  1.038465119852801e+04  3.647363734041108e+04
  2.526049921710334e+09  3.247555083634215e+03 -6.999073318906885e+04
  2.526268224724740e+09 -1.425437939675028e+05 -6.007132360061019e+04
  2.526036984783728e+09 -7.154450466023386e+04  6.058645900046930e+04
  2.526110231901136e+09 -2.366331083634379e+04  6.369240047824365e+04
  2.526095238193046e+09 -6.037611574586399e+04 -1.105363530224049e+04
  2.526202042081899e+09 -3.608365802446916e+04 -8.964341513166088e+04
  2.526101573414419e+09  6.402789536263747e+04 -5.974953939739102e+04
  2.526062380550548e+09  9.112918389995652e+04  4.989249918737449e+04
  2.526109683398192e+09 -7.054923798852018e+04 -1.334207808775149e+05
  2.526181136782208e+09 -9.412003899403382e+04 -1.347933665584761e+05
  2.526276242404985e+09  3.695234186448855e+03  1.014500129674079e+05
  2.526195768298941e+09  1.568788532768103e+05 -3.918910248343833e+03
  2.526105840320044e+09  9.708448643468786e+03 -7.926175832356745e+04
  2.526222125076231e+09 -5.211730301897344e+04  1.553997949294688e+04
  2.526208278989959e+09 -4.932594171160186e+04  8.686369876681856e+03
  2.526127111304973e+09  1.822592483388234e+05 -1.269311247812157e+05
  2.526182252586725e+09 -5.244145954181626e+04 -5.913802193221566e+04
  2.525955229702132e+09 -5.389021486202395e+04 -1.047724266639538e+04
  2.526198023907476e+09  3.353383060776931e+04  1.019093000772479e+04
  2.526381415414044e+09 -2.028725089027090e+05  3.249235718298855e+04
  2.525876890548154e+09  8.620789959471906e+03 -1.026657042460941e+05
  2.526159619731413e+09  1.390182614882484e+05 -3.586446584869229e+04
  2.526331056270458e+09  9.476744317651517e+04  5.720828295523487e+04
  2.525953804533796e+09  7.268683981934670e+04 -4.236094145635166e+04
  2.526141590474867e+09 -1.186324774043379e+05 -3.193294171514048e+04
  2.526073056988193e+09 -1.361265773373123e+05  3.673697757842345e+04
  2.526254602443335e+09 -2.542101702355919e+04  2.101717296839964e+05
  2.526105666717262e+09  2.050829812675123e+05  1.163021900850546e+05
  2.526094631661386e+09 -6.329332920818054e+04 -1.070829150436191e+05
  2.526288341305776e+09 -1.186321444759041e+04 -5.608544853572734e+04
  2.526068747298300e+09 -2.199151262665458e+03 -1.302076666055405e+05
  2.526117484853557e+09  2.671552606003638e+04 -1.722226903448838e+05
  2.526314689061565e+09 -1.097416050293297e+04 -7.760606139324605e+03
  2.526034058553981e+09  3.955925043815339e+04  3.560576360791037e+04
  2.526029894389283e+09  1.430421876867486e+05 -1.444127905303964e+05
  2.526110362248377e+09  1.827440403182597e+05 -8.886094408515864e+04
  2.525966203894691e+09 -1.133207875009766e+04  6.677997150733619e+04
  2.526066146028372e+09  6.742383486702188e+04  1.288491219687115e+05
  2.526180199868315e+09  8.046983100160025e+04  1.073751788715129e+05
  2.526166621240468e+09 -3.002021204431425e+04 -5.489635152249190e+03
  2.526148128969057e+09  2.356917461253121e+03 -1.510460826959113e+05
  2.526095818914522e+09  5.930526234661648e+04 -8.786059908060450e+04
  2.526091469102691e+09 -1.665133556373301e+04 -1.385378274138889e+05
  2.526051111136706e+09 -9.619275227077970e+04 -1.947223583802516e+05
  2.526101229204653e+09  4.961117792007118e+04 -4.297696699608769e+04
  2.526119804866058e+09 -2.723448588328267e+04  9.710502189353528e+04
  2.526260818575890e+09  8.978505838490149e+03 -5.416078711276641e+04
  2.526164519976282e+09  1.481423839152979e+05 -9.602487325716770e+04
  2.526076190276788e+09 -1.077618939085271e+05 -6.204899955130043e+04
  2.526106141910150e+09 -7.064905174113705e+04  1.627669204587466e+04
  2.526130118718576e+09  1.743386004219530e+05 -3.002569261419727e+04
  2.526242824486032e+09 -1.122896807975899e+05 -7.033953443940904e+04
  2.526070700465270e+09  1.346734757974912e+05 -1.677149575980604e+05
  2.526199998623399e+09  1.913254588890029e+05 -2.456812012005253e+05
  2.526011725383108e+09  1.367884141836566e+05 -6.463313709254481e+04
  2.526015249731411e+09 -1.652302830614452e+04  1.695420134817499e+05
  2.526222713360010e+09  1.099375675290349e+05  1.169420771847868e+05
  2.526297251841284e+09  8.681569136841455e+04 -9.979024774544017e+04
  2.526004221509810e+09  2.975361216546479e+04 -1.092644554525678e+05
  2.526254175580973e+09 -5.450994977748720e+03 -1.250949676254687e+05
  2.526185151959093e+09  3.845986115295370e+04  1.689885538888234e+04
  2.526086481073006e+09 -1.760399937755740e+05  1.805464491257071e+05
  2.526139377654798e+09 -8.107469628945319e+04 -8.262549702910933e+04
  2.526222672244557e+09  1.340654307748936e+04 -1.189089099809258e+05
  2.526174824697795e+09  2.569387882215902e+03 -4.592582664890541e+04
  2.526148315011685e+09 -4.305506225011568e+04 -1.281291233680063e+05
  2.525957196011477e+09 -2.066198218793096e+04 -5.990125579409627e+04
  2.526185226948627e+09 -1.231639832087751e+05  2.735654935497954e+04
  2.526018887814985e+09  1.689811962909057e+05 -8.115547843204194e+04
  2.526052550133267e+09 -6.269665771757392e+04 -4.223993028103933e+04
  2.526175993593838e+09  3.000294257419932e+04 -1.564275081771729e+04
  2.525841292819242e+09 -1.968802433485246e+05 -5.004526375910733e+03
  2.526139826978915e+09  2.250717956880367e+05  3.616241035939672e+04
  2.526039070100614e+09  2.036105904333615e+05 -5.869187721248827e+04
  2.526025179169183e+09  4.544933510550945e+04 -3.654191236597023e+04
  2.526129777239390e+09  1.089090213837365e+05  8.352643764528184e+04
  2.525969711471189e+09  6.259622934862482e+04  2.240853796365836e+05
  2.526002432253523e+09 -1.297371979852712e+05  5.159067027857073e+04
  2.526217569098463e+09 -5.696486162529513e+04  2.017604214888928e+04
  2.526080980803999e+09 -7.595591484038858e+03  6.265759876044083e+04
  2.526203177029193e+09  1.357865914229518e+05  1.079634010510379e+05
  2.526182942313993e+09  9.145485603794362e+04 -5.890566064842639e+04
  2.526263611648693e+09 -1.710393957136416e+05 -2.108574809658594e+05
  2.526230137436654e+09  3.267502418346296e+04 -1.108771323142793e+05
  2.526052745636842e+09 -2.810198480804800e+03 -6.462844175905875e+04
  2.526176112966042e+09 -7.924947186547326e+04 -9.176926106722228e+04
  2.526228133782472e+09 -7.920722688020401e+04 -5.073173132762819e+04
  2.526087056267278e+09 -1.463858069774825e+05 -1.611454655313026e+04
  2.526124483987320e+09  8.914140886739464e+04  3.941026674185181e+04
  2.526112926062280e+09  7.617823152479174e+04  4.763802960023977e+04
  2.526112165219902e+09 -1.160848131966004e+05  1.668301447241334e+03
  2.526138095699511e+09  1.290120897983389e+05 -4.254103234644630e+03
  2.525962033225575e+09 -4.580178684327751e+03  3.696523748528717e+04
  2.526243177372143e+09  1.831461385294446e+03 -3.380204285137646e+04
  2.526018653083687e+09  1.515869424137118e+04 -7.586888513061136e+04
  2.526052168214023e+09 -1.040616313677682e+05 -1.582263467142213e+04
  2.526119961283988e+09  1.633885435812956e+05  5.632055392920482e+04
  2.526081688790641e+09  1.401885565717831e+05  4.807177993978892e+04
  2.526158251290397e+09  1.089601848804287e+05 -1.632946265197289e+04
  2.526076696428218e+09 -4.335279423711076e+04 -4.408263724751549e+04
  2.526071953842402e+09 -3.797091660327654e+04 -6.119359103565264e+03
  2.525974065720759e+09 -4.177182823977375e+04  1.046885109530720e+05
  2.526042008672602e+09  7.944890736009018e+04  2.223642090294343e+04
  2.526056500392825e+09  7.859957618121221e+04 -1.818081188268885e+05
  2.526162251996669e+09 -1.610246023031347e+05 -9.717506347429298e+03
  2.526217046431919e+09  1.349979945892951e+04  4.410826816493698e+04
  2.526063985706026e+09  1.927810017470329e+04 -9.063200404505455e+04
  2.525956440253475e+09  8.967691745744599e+04 -2.224325672733289e+04
  2.526081198288440e+09 -7.134224160334771e+04  1.922011117987987e+04
  2.526220809546926e+09  6.528680116457783e+04  6.945361608940327e+04
  2.526029665180906e+09  4.457766976453608e+04  8.433382259737933e+03
  2.526049896464128e+09 -1.352530518697459e+05  2.319023548234929e+04
  2.526061326576164e+09  1.622592281561504e+05  1.113974833150543e+05
  2.526155577799140e+09  1.973744984245396e+05  1.718625029430597e+05
  2.526061887160186e+09  1.203578103692204e+05  1.080505309439858e+04
  2.526071422397981e+09 -7.717732881526835e+04 -3.314109034470422e+04
  2.526137169077039e+09  1.226805429912428e+05  4.900586066082446e+04
  2.526232995573056e+09  4.937557180831907e+03  8.922691745902249e+04
  2.526220843094625e+09 -2.943376292433124e+04  2.038028372132989e+05
  2.526092317332228e+09  1.089063493745102e+05  8.474708407863276e+04
  2.526076788793475e+09 -2.983063801162863e+05 -8.870346707057999e+04
  2.526118856179609e+09 -8.421287445343449e+03 -1.595309424643137e+05
  2.526136729049957e+09  1.129092533615759e+05 -1.656599518319849e+05
  2.526178455502682e+09 -3.771199616069286e+04 -1.073494778977579e+05
  2.526002840840065e+09  4.588632286500139e+04  9.377647704379749e+03
  2.526039270700032e+09  8.961002948648622e+04 -5.236445871347876e+04
  2.526059477895536e+09 -1.869757075825077e+04 -3.336311320385528e+04
  2.526256236970514e+09  2.595576859889718e+04  6.472296191465843e+04
  2.526016250686111e+09  7.983110936947400e+04  4.047633305210038e+04
  2.526289832388589e+09  1.048231968649849e+04  2.620578529092646e+04
  2.525875903002155e+09 -1.850927899063203e+05  3.309703349881619e+04
  2.526106683238363e+09 -5.582943172553019e+04 -3.072361073509231e+04
  2.526151856926575e+09  9.552047851000360e+04 -4.397413969330961e+04
  2.526038851796112e+09  7.151254654688365e+04  4.975614723654976e+04
  2.526118120726096e+09 -1.793456134146643e+05  1.166066524096953e+05
  2.525940409208024e+09  1.798420066171332e+05  1.801263768440858e+05
  2.526266049497150e+09 -1.029817147832507e+05  2.163766179662128e+05
  2.526124218978467e+09 -7.633433608302963e+04  2.159710971593817e+05
  2.526121481003394e+09 -8.186321916922508e+04  5.529534823800519e+04
  2.526038461973767e+09 -2.162728746059637e+05 -2.584308612076740e+04
  2.526107719952174e+09  1.167663043016583e+05  4.333648061005786e+04
  2.526146396650746e+09  9.514305363367987e+04  1.638892850010644e+04
  2.526072267049431e+09 -4.665289290120924e+04  4.356394061131414e+04
  2.526117191078984e+09  8.079482023136644e+04 -1.251795929800160e+04
  2.526161758284814e+09 -2.068022212260449e+04  4.349419465030078e+04
  2.526093227849208e+09 -6.977534279022738e+04  1.111263671270260e+05
  2.526148463485812e+09 -1.093570247305006e+05  1.400175391267368e+04
  2.526064282534343e+09  1.716909653211073e+05 -4.065207403314902e+04
  2.526212234030630e+09 -8.985963602189836e+04  7.763819357309566e+04
  2.526109873941146e+09  2.295169481432057e+05  1.753547412029176e+05
  2.526287668493151e+09  6.233189518332644e+04  1.149309786282680e+05
  2.526211986067010e+09  1.489436870708342e+05 -2.023186062183417e+04
  2.526079480299638e+09 -1.533781094969220e+05 -1.284031455504437e+05
  2.526136181989432e+09 -3.237163202707469e+04 -1.360767589782124e+05
  2.526204713531956e+09 -1.791760299251495e+05  2.098334030111320e+04
  2.526143199785100e+09 -6.668582682606461e+04  4.748923229671130e+04
  2.526297191588048e+09  1.358287679208792e+05 -4.532863993173512e+04
  2.526197418893271e+09  3.238156552773295e+04  2.608234223453631e+04
  2.526066694722250e+09 -1.531460497980475e+04  1.630804719251584e+05
  2.526062363724398e+09 -7.552457955239248e+04 -3.122875403553480e+03
  2.526068729225279e+09  1.127331984328903e+05 -1.374507255646425e+05
  2.526168984230788e+09  1.149498957220206e+05 -9.741416191902733e+04
  2.526066946938453e+09  4.492662252294179e+04  1.786386734468210e+04
  2.526113038481952e+09  1.664911450761948e+05 -3.048719894210884e+04
  2.525968088457037e+09 -5.540299605200393e+04  3.022388954513520e+04
  2.526198217076173e+09  1.159739435436793e+05  1.197322909299249e+05
  2.526208708527810e+09 -5.706343178266997e+04  6.341738707108821e+04
  2.526202444688715e+09 -5.789792951215780e+04  7.201536432130495e+04
  2.525984220815695e+09 -6.807177943135926e+04  1.388618904579424e+05
  2.526084945445037e+09 -2.657058684688900e+04  7.080961567939539e+04
  2.526073361351808e+09 -1.811924647412115e+05 -1.747870977256866e+04
  2.526109907956852e+09  5.234013254336722e+04 -5.962526573463611e+04
  2.526145545989316e+09  8.003266858502902e+04 -1.605279598418560e+05
  2.526192951413306e+09 -7.394481882151853e+03 -1.322874726352103e+05
  2.525908839211092e+09  4.549577316930052e+03 -1.252691331343139e+05
  2.525981063736437e+09 -1.817158158682795e+05 -6.007624038867425e+04
  2.526127780511930e+09  1.901173787901999e+05  7.267522023645043e+04
  2.526173503867064e+09  1.546265207471551e+05  6.397462220924173e+04
  2.525987546803133e+09  6.085695537333004e+04 -1.896370593993942e+04
  2.526012142546487e+09 -1.172564178815447e+05 -1.057164811608363e+05
  2.526018558378498e+09  5.624996987392381e+04  5.856149455940584e+03
  2.526159083854907e+09 -1.338486632055201e+05  1.089143839234397e+05
  2.526015846974349e+09 -2.481348525856441e+05  1.060946928021213e+05
  2.526014994083056e+09 -7.062997894207668e+04 -1.954917909662286e+04
  2.526167753989141e+09  1.887247110536455e+05 -1.384985566147182e+05
  2.526058975921828e+09 -5.088334360176069e+04 -1.259216176870661e+05
  2.526200701840352e+09  5.342958659514156e+04 -2.216471114064136e+04
  2.525961964540193e+09 -4.362576483207534e+04  1.979408920404455e+04
  2.526045364254498e+09 -1.448036158985447e+04 -1.305978512957367e+05
  2.526120748120611e+09  3.112739860115561e+04 -3.789687630725862e+04
  2.526110501708154e+09  3.136479805698479e+04  6.002181835513841e+04
  2.526111684439606e+09  2.471373139647418e+03  2.036986866048074e+05
  2.526153009791104e+09  3.928151852717099e+04  5.125109883485641e+04
  2.525987450234360e+09  2.889431811701986e+05 -9.483465152088623e+04
  2.526181733211673e+09 -3.380813895949605e+04  4.265269856393989e+04
  2.526146410710234e+09 -1.631342090023132e+05  1.296896246429179e+05
  2.526276395226523e+09 -7.051016444839328e+04  1.421914079993471e+05
  2.526177785529266e+09 -3.137809433938120e+04  2.373070853504853e+05
  2.526129344417970e+09  8.612586171868257e+03  6.332628291608428e+04
  2.526103236711583e+09  2.654475661608158e+04  4.218653482747020e+04
  2.526150600579464e+09  1.642276359682654e+05  5.255649474710313e+03
  2.526116801396482e+09  3.981337229330791e+04 -1.102451277297595e+05
  2.526122416143928e+09  1.217608207787105e+05  3.444196281737450e+04
  2.526218708803401e+09 -9.007811561977374e+03  1.902161814530869e+04
  2.525860646269172e+09 -1.492966944793342e+05 -1.021402494703420e+04
  2.526294277831469e+09 -1.262525104649846e+05 -2.564025073784729e+04
  2.526128752245929e+09 -4.285065238042874e+04 -3.819289394387199e+04
  2.525765514526594e+09  5.363882964503020e+04 -1.735561761501830e+05
  2.526210172675344e+09 -4.461312337738596e+04 -2.753024841108010e+04
  2.525979632872694e+09  8.057464820041670e+04  1.023488965832300e+05
  2.526338381501882e+09 -1.305118050033366e+04  7.173732253103389e+04
  2.525970856808184e+09 -8.522309556354355e+04 -2.160799375256291e+04
  2.526071369089211e+09 -1.423432330365560e+04 -1.282326546859709e+05
  2.526316450950274e+09  2.914413036572188e+04  1.876639178988521e+05
  2.525978686754416e+09  1.911955245811851e+05  2.636710896393794e+05
  2.526153699078131e+09 -1.769665557343792e+04  1.704969320438190e+05
  2.525911936494392e+09  4.008285101216391e+04  7.866699578627627e+04
  2.526217334489676e+09  1.220433043572489e+05 -1.619117993125250e+05
  2.526173864964476e+09  6.611621761277760e+04 -8.745303921869094e+04
  2.526126125760355e+09  1.246935209565537e+05 -7.224233479379583e+04
  2.526232292866827e+09 -1.095814750777476e+04 -1.271153799197690e+05
  2.526166212099535e+09 -1.047751765761522e+05 -1.749414641962220e+05
  2.526294676174198e+09 -4.091751628147159e+04 -5.779617524549994e+04
  2.526219265107465e+09 -1.464047063816991e+04  1.342450562117680e+03
  2.525891683543016e+09 -2.916596046510804e+04 -7.718180775370562e+03
  2.526302793599628e+09 -8.837890495130897e+04 -8.450053913723980e+04
  2.525936358723049e+09  5.425058368769940e+04 -5.081714431923477e+04
  2.526083305660089e+09 -2.096659883955338e+05 -6.570155437613814e+04
  2.526126138324960e+09  8.010196841611830e+04 -9.473327601181809e+03
  2.526052953439417e+09  7.792637879197497e+04  1.226226806297849e+05
  2.526302350281239e+09  6.560026284880005e+04  1.164689047186589e+04
  2.526328559794276e+09 -2.109517186776975e+05 -1.179684412736699e+05
  2.526103011014343e+09  4.659649281594786e+03  5.347523205216904e+04
  2.526263365539810e+09  1.224678492333648e+05  1.940733594144388e+05
  2.526068544666932e+09  2.850723249238718e+04  6.593650660445029e+04
  2.526201563506888e+09  1.270459813744529e+05  5.638187800128106e+04
  2.526103926652565e+09  1.821540844877758e+05 -7.394543156345049e+04
  2.526246222993518e+09  4.402101167071750e+04  1.117614729469488e+05
  2.526133460200963e+09  8.950067526600638e+04  9.552232159376354e+04
  2.526013725890315e+09  5.630230450582644e+04  2.399825093395195e+05
  2.525954508205916e+09 -5.935974871146493e+04  2.733358002802730e+05
  2.526087393370999e+09  6.649036312003806e+04  2.241835029825499e+05
  2.526146187922200e+09 -1.143900178670058e+05  2.566695754900856e+05
  2.526140570660056e+09 -4.696428582320525e+04  2.319735792500361e+05
  2.526114768098972e+09  6.184174629639788e+04  1.441287390448044e+05
  2.526093472065178e+09  1.851615583759946e+05  1.788940167146875e+04
  2.525989030632072e+09 -2.844764451492019e+04  6.947346738940338e+03
  2.526123242093449e+09 -5.792744897455382e+04 -8.360231386771484e+04
  2.526165979091655e+09 -3.917910777724523e+03 -1.364937424024322e+05
  2.526131100803794e+09  1.047186376479905e+03  1.049176310728271e+05
  2.526154024983943e+09 -1.266502651969577e+05  2.220326412536833e+05
  2.526124138431101e+09  1.932549017474917e+04 -7.519912308339460e+04
  2.525914892077615e+09  1.811824506471999e+04 -9.023602168872370e+04
  2.526072711716502e+09  2.006008906963393e+05  2.341817383826115e+05
  2.526077754027220e+09  2.507358206858406e+05  2.188247161467784e+05
  2.526063345665177e+09 -3.074591751541017e+04 -5.050514249453665e+04
  2.526111087517297e+09  4.612531896042777e+04 -1.141937672001712e+05
  2.526326657683288e+09 -8.078981909368560e+04 -1.282259456600673e+05
  2.526099202373601e+09 -2.334088534452673e+04 -8.296950938182976e+04
  2.526240276896761e+09  1.037293131339329e+04 -9.315099573725890e+04
  2.526280728214606e+09  1.637515269006267e+05 -9.897673352710682e+04
  2.526170034718170e+09  9.071685945308191e+04 -5.166996224527794e+04
  2.526039132719857e+09  2.586509858962032e+04  1.558680128844804e+04
  2.526043434822824e+09  1.175587902417399e+05 -2.336071092185611e+04
  2.526063878170408e+09 -1.021009488605560e+05 -1.066455456798305e+05
  2.525936203122728e+09 -1.023522479323521e+05  6.249848821439920e+04
  2.526156908728416e+09 -1.414086966890362e+05  5.599195343186363e+04
  2.526081137356313e+09 -1.342709475124718e+05 -7.337604363667197e+04
  2.526111071733580e+09 -7.800474555765989e+04 -1.122648917627300e+04
  2.526192930403088e+09  1.490407706452941e+05 -1.768437243657044e+04
  2.526145422805321e+09  1.379177521333649e+05  4.562004107676586e+04
  2.526091467325260e+09 -1.707372672728423e+05 -9.660465431679203e+04
  2.526044284161426e+09  1.480407455369049e+05 -3.520973476480832e+04
  2.525876660228900e+09 -6.819707470253599e+04  6.157326709863101e+04
  2.526180318733320e+09  1.405600350263753e+05 -5.347317523066921e+04
  2.526226786153257e+09 -9.934704875098541e+02 -9.390417283496846e+04
  2.526040252195453e+09  6.459743711092393e+04 -3.087389371813188e+04
  2.525998788195796e+09 -1.392805349784880e+05 -3.184798520753972e+04
  2.526180753992423e+09  4.849823630497919e+04 -5.941110285030215e+04
  2.526064543660452e+09 -4.189209159887984e+04 -9.793433922207542e+04
  2.526095903874800e+09 -1.014718504931871e+04 -2.104308298606589e+05
  2.526155956850265e+09  3.903155234895484e+04 -3.123032475089143e+05
  2.526264217516387e+09 -4.641778902689953e+04 -2.063675240082478e+05
  2.526058124574197e+09 -1.973288513243052e+05 -1.437876437085862e+05
  2.526222194247931e+09 -1.575772621875536e+04 -1.823469287795506e+05
  2.526356726263953e+09 -9.124630761919764e+04  3.232086667907960e+04
  2.526177720372598e+09 -1.716447966156245e+05 -1.994840462083416e+04
  2.526089423389619e+09  5.916360700686451e+04 -5.653593656263818e+04
  2.526170404850816e+09  1.768202524105144e+05  4.110368407820989e+04
  2.526210060571536e+09  1.280823446489254e+05  1.448759219226924e+05
  2.526046295201788e+09 -1.725193007166102e+05  6.125443908780615e+04
  2.526204810238382e+09 -1.995463834722590e+05 -3.177826676756563e+04
  2.526083555835124e+09  7.811677189243736e+04 -4.143771770706866e+03
  2.526163815967707e+09 -8.585156499706785e+04  4.497075584871025e+04
  2.526251177186069e+09  5.155666229276941e+04  6.291425150487688e+04
  2.526070815919783e+09 -9.747928264522413e+04  1.511212595440412e+05
  2.526285712387519e+09  1.625660955792000e+05  6.575335526284249e+04
  2.526258088627291e+09 -1.643560662230733e+04 -6.179382736298465e+04
  2.526126640256282e+09 -6.386675075951308e+04 -2.502090695206774e+04
  2.526270458706638e+09  6.799352597486030e+04 -1.605728190483319e+05
  2.526229011606687e+09 -3.589550542371813e+04 -1.193046923364839e+05
  2.526276979862990e+09 -4.302911236856075e+03  6.625501869770791e+04
  2.526277330679864e+09 -3.831086872357683e+04  5.696391067158338e+04
  2.525970815401179e+09  1.245160250000239e+05  5.185321447634802e+04
  2.526073159699008e+09 -4.635175811746530e+04 -1.301926888424205e+04
  2.526171450214057e+09 -8.390375305179111e+04 -1.780711030334859e+05
  2.526195902690659e+09 -1.063293406717749e+05 -7.194374732001947e+04
  2.526305486602732e+09 -3.182617560116603e+04  8.805478784765629e+04
  2.526117942495569e+09  1.315547357388219e+05 -3.829827596479445e+04
  2.526001968269837e+09  9.064646824390627e+03  5.557760894398461e+04
  2.526003022402604e+09 -3.488573134217840e+04  1.165378881790759e+05
  2.525989975133370e+09  6.332786728975447e+04  6.381504424418951e+04
  2.526217659600445e+09 -5.008187705987025e+04  1.618399711158648e+05
  2.526183367119109e+09  1.786556049052683e+04  9.065243009310588e+04
  2.525854980112166e+09 -1.995850060743199e+04 -1.758344271069218e+04
  2.526157300079764e+09  7.089817768988665e+04  3.594120188158064e+04
  2.526182649792671e+09  9.594517548759212e+04  7.958116806418961e+04
  2.526022603564940e+09  5.390867512993202e+03 -1.609968286933377e+05
  2.526186582586452e+09  1.283001235522681e+05 -5.586180150055559e+04
  2.526288043352194e+09  2.800803906656348e+04 -1.743608330751886e+02
  2.526017070933827e+09 -1.124669148467872e+05  5.528584842760267e+04
  2.526165735184363e+09 -2.395384644245706e+05 -1.693836721850280e+04
  2.526004215251713e+09 -3.495023384135937e+04 -1.276804653531620e+05
  2.526222472945162e+09  1.469297297056261e+05 -9.085870337837376e+03
  2.526153339189615e+09  9.118140192170185e+04  1.285965933490354e+05
  2.525939315184544e+09  1.569940366447130e+05  1.233438560034940e+05
  2.526308951197522e+09 -6.966079872214247e+04 -2.619453524682531e+04
  2.526020338808106e+09  1.116102823578177e+05  6.849288460715441e+03
  2.526098334730533e+09 -6.757172905578418e+04 -1.196424986848817e+04
  2.526168909058591e+09 -7.236042153586750e+03 -1.022966749965125e+05
  2.526008820643289e+09 -2.976626245543873e+04 -1.372997585012950e+04
  2.526150243217550e+09  3.396698866482277e+04 -1.201052393141412e+05
  2.526133144880675e+09  4.990379393238002e+04 -2.278556108859418e+05
  2.525971756275416e+09 -4.000438359494228e+04 -2.746396700991160e+04
  2.526065859913698e+09  1.310478480593059e+05 -4.543495957135223e+03
  2.526001354685450e+09 -1.185546955617866e+04 -1.765197411285434e+04
  2.526095463145859e+09  7.626188633988204e+04 -2.924105767239246e+04
  2.526240974449463e+09 -8.316118247566957e+04 -6.098453128634323e+04
  2.526231665632024e+09 -7.994180470797035e+04 -3.374929659283324e+04
  2.526286831930574e+09  1.138787853103171e+05  6.914565137087660e+04
  2.526016450499401e+09  1.186436189999268e+04 -7.776173808729951e+04
  2.526060443832213e+09 -2.661575517960731e+04 -9.714722337051759e+04
  2.526161939149990e+09  4.851030621403000e+04 -1.038814395096154e+05
  2.526217596310554e+09  6.493794412111072e+04 -1.001669354413489e+05
  2.526172701789769e+09  7.024468022036226e+04 -4.086034822864155e+04
  2.526088567705848e+09 -6.630815378579416e+04  1.099748878114179e+05
  2.526021910769504e+09  6.820391377917118e+04  2.743814527373018e+05
  2.526097814849241e+09 -6.763490364659671e+04  9.342191156886180e+04
  2.525978173283971e+09 -4.851333368259948e+02 -1.521625716002961e+04
  2.526182326295204e+09  6.472948562439205e+04  4.709124198550556e+04
  2.525941911596546e+09  7.067717876121815e+04  6.125782988336449e+04
  2.526090518552960e+09  1.148684312045577e+04 -2.047475486991984e+05
  2.526221632774511e+09  1.597731642902179e+05 -1.578867810223349e+05
  2.526104473477942e+09  4.204484211048111e+04  6.186540960895026e+04
  2.526153450772087e+09 -1.256594396063717e+05  2.894606756890462e+04
  2.526255671371038e+09  1.522190271670937e+05  1.480110384576791e+04
  2.526207482186380e+09  1.811493669669598e+05 -3.333295387131511e+03
  2.526081518834846e+09 -2.881151179809922e+04  5.250130678306639e+04
  2.526112942490395e+09  7.038153134862230e+04  2.067978853011303e+05
  2.526218498913208e+09 -5.517480020539742e+04  1.586373853102434e+05
  2.526311325953763e+09  3.059813064940134e+04  1.325682018969167e+05
  2.526232552264773e+09  3.627984392882168e+04  1.491778249146129e+05
  2.526113975919854e+09  1.239761143428043e+05 -3.078290524966584e+04
  2.525976333070911e+09  9.026822784677846e+04 -4.805744483744586e+04
  2.526068916084606e+09  4.321414846640220e+04 -6.297724078587955e+03
  2.526225104740648e+09  2.016390407505883e+05 -7.010157757902925e+03
  2.526030926913543e+09  7.118901916690590e+04 -1.755733473304729e+05
  2.526078567884530e+09  6.148952513465969e+04 -1.162629015686027e+05
  2.526084779911779e+09  5.269880980967940e+04 -5.036937508225295e+04
  2.526069510331053e+09  1.344647023183447e+05 -1.044747902327778e+05
  2.526058817161915e+09 -9.927971285620506e+04  6.767303708407067e+03
  2.526040989674796e+09  1.984289598054241e+04  9.900466481763485e+04
  2.526122841856417e+09  1.316641983722642e+05  1.105167040618206e+04
  2.526182693268149e+09 -1.312312068518484e+04 -4.387747894591861e+04
  2.526245178895788e+09  7.615551223575603e+03 -1.828227895934368e+03
  2.526090405486947e+09 -7.812287886269885e+04 -2.775963528634742e+04
  2.526042098528673e+09 -6.738780240392662e+04  9.916061131460243e+03
  2.526097461560519e+09 -4.486658838821086e+04 -8.013658255450847e+04
  2.525921582375653e+09 -1.805331385996538e+04  7.447120439501968e+04
  2.526137059628989e+09  2.148932797291949e+05  3.593417849474116e+05
  2.526179468929351e+09  4.657784996781836e+04  2.043896140859250e+05
  2.526103144606617e+09  2.285223097520065e+05 -2.373452113495662e+04
  2.526165122100928e+09  1.613091514924164e+05 -9.117111699862964e+04
  2.526148953072407e+09  4.690597718330947e+04  5.126643648296793e+04
  2.526131035459076e+09 -1.223289920851495e+05  4.620801486021100e+04
  2.526186517384991e+09  1.398164752492979e+05 -7.512432230285765e+04
  2.525990609453308e+09  3.635103951671661e+04 -5.788456446947018e+04
  2.526141366663850e+09 -2.561028011245345e+05 -1.023016975356274e+05
  2.526068741552060e+09 -3.983056808676384e+04  1.764546251048008e+04
  2.526088497327343e+09 -1.013432564984189e+05  2.444874803780992e+05
  2.526257905694524e+09 -1.249629432691913e+04  7.168629667127802e+04
  2.525996315216636e+09 -1.719293549788010e+03 -1.277305442018902e+05
  2.526220215735641e+09 -1.989296872302541e+03 -1.115556870625156e+05
  2.526237678518410e+09  1.983634218722582e+03 -1.007398946537802e+05
  2.526186249284601e+09 -3.703989878599159e+04 -1.283646661179650e+05
  2.526211861444540e+09 -6.012645518268691e+03 -7.656080773172656e+04
  2.526261720698989e+09 -1.458974325808455e+04  4.299838990415024e+04
  2.526213365855825e+09  1.483189653901174e+05  5.682988218592247e+04
  2.526193077287427e+09  2.052448562899351e+05  7.370863371425087e+04
  2.526186393241090e+09  6.404846593167586e+04  2.784469125776994e+04
  2.526229147728691e+09 -1.375384642680686e+05 -1.015413465295709e+05
  2.526127609374934e+09  1.628490860888246e+04 -1.443247225559526e+04
  2.526049052925473e+09  1.006889364779589e+05 -4.682091512951395e+04
  2.526161052258461e+09 -1.086147673070859e+05 -2.184942451316930e+04
  2.526372552552067e+09  1.012652578503948e+02  6.689788452610141e+04
  2.526091657073986e+09 -8.718583584509762e+04  5.678854119107174e+04
  2.526201012914277e+09  8.887119499615976e+03  1.198800232506241e+05
  2.526170607875627e+09  3.503690383915772e+04  9.086157120854827e+04
  2.526137025285227e+09  2.536131377761147e+04 -4.459392731749406e+04
  2.526349612532875e+09  1.602341197797686e+05 -9.043405300108925e+04
  2.526248456061384e+09 -3.195687285542255e+03  4.656780360042769e+04
  2.526115538879716e+09 -1.693372357798181e+05 -4.798359196501129e+03
  2.525955266707531e+09 -1.019318754678509e+05 -1.328777923752414e+04
  2.526120665729290e+09  9.222043996738514e+04  1.060146137705515e+05
  2.526110564890974e+09  1.279854832499424e+05  1.123558380677706e+05
  2.526019905727019e+09  8.198281029318180e+04 -3.549941965445597e+04
  2.526032867059709e+09 -3.570986140350299e+04  2.747196399701014e+04
  2.526165395707901e+09  4.110418069738358e+04  8.745653785879770e+04
  2.526151089132587e+09  4.825110718491534e+04  7.924559578920621e+04
  2.526101566925794e+09  4.967689492335869e+04  5.279207121532102e+04
  2.526085207108563e+09 -6.495594932200154e+04  9.265570625104848e+04
  2.526185417124590e+09 -9.881418106624781e+04  4.532999055032147e+04
  2.526300537050791e+09  5.807842531719522e+04 -6.895083874052187e+03
  2.526156843663721e+09  4.709167840698519e+04  1.107557909730845e+05
  2.526103009972320e+09  9.933503462578051e+04  3.277305368324544e+04
  2.526020007937656e+09 -3.272575101438735e+03 -1.124983211827346e+05
  2.525927953241329e+09 -6.757968269508681e+04 -1.289478536148100e+05
  2.526010391837207e+09 -1.238293676671792e+05 -6.850859615229990e+04
  2.526053887320254e+09 -7.866426556105865e+04 -2.281655292130890e+04
  2.526165912673433e+09 -4.074303499384236e+04 -4.032726399768237e+04
  2.526072958072629e+09 -7.041427407549543e+04 -5.063040857017477e+04
  2.525966507766871e+09  4.822687739609985e+04 -1.088186088275779e+05
  2.525920592555482e+09 -5.329443291368848e+04  2.719408328416431e+04
  2.525981750410501e+09  1.455698012971425e+05  1.626062571040241e+05
  2.525975605382459e+09  4.410710167568002e+04 -8.308375435957429e+04
  2.526134374056457e+09 -6.886413793503353e+04 -1.258543443778257e+05
  2.525967931785652e+09  1.337344449391979e+04 -5.279714229859877e+03
  2.526266757603848e+09  7.170156638196495e+03  1.738740118651208e+05
  2.526153331387012e+09  6.875251177460967e+03  1.890338924583966e+05
  2.526110644194447e+09  2.269045144199114e+04 -1.147334479374415e+05
  2.526402671330557e+09  3.388760609466396e+04 -7.382415028938418e+04
  2.526136245142440e+09 -2.308236749203862e+05  1.319678505904530e+05
  2.526229655611603e+09 -2.147325545850839e+04  8.003614454269037e+04
  2.525987407446542e+09 -4.129340423306450e+04  1.079372932402669e+05
  2.526143902557070e+09 -1.170573534179324e+05  1.032056548232660e+05
  2.526121090284817e+09 -4.332154952310631e+04 -8.562781135887490e+03
  2.526084763750558e+09 -8.744232657196140e+04  5.377674758234015e+04
  2.526082769927846e+09  5.193452551160124e+04  5.552384379015653e+04
  2.526078477825300e+09 -7.486580110117909e+04 -1.590119473601035e+05
  2.526066810822832e+09 -7.594337798310036e+03 -2.649617815405048e+05
  2.526261734445195e+09  6.388109828810371e+04 -8.703488491653500e+04
  2.526068665677439e+09  2.220882913955883e+04  1.910025210819176e+05
  2.526205137240685e+09 -2.488809059096605e+04  6.830017668918881e+04
  2.526149477900973e+09 -9.623130357353250e+04 -1.903756643951914e+05
  2.526012473891422e+09  2.805205892148777e+04 -8.513465228361252e+03
  2.526205062318504e+09 -6.800308273809147e+04  9.418955785193515e+04
  2.525904696547639e+09 -1.519635429777896e+05  5.509675290733553e+04
  2.526241196640697e+09 -2.461420397500724e+05  6.813740738976817e+04
  2.526237823758026e+09 -1.343899466799311e+05 -3.481748663789267e+04
  2.526244395158541e+09  6.914825588459126e+04 -1.695711663228210e+05
  2.526021843357453e+09 -2.300342970717058e+05 -1.124139563156232e+05
  2.526176975912473e+09  6.997267069955985e+04 -2.004153291419325e+05
  2.526145490163994e+09 -7.537238522682944e+04 -8.535861888014921e+04
  2.525915891912276e+09  4.713084605874284e+04  7.119784995146305e+04
  2.526155556202846e+09  6.403160362325265e+04  8.728460778080206e+04
  2.525968460834283e+09 -1.531569482830919e+05 -4.658370849763916e+04
  2.526251336120353e+09 -2.535354660472204e+04  1.028755101999792e+05
  2.526075216612396e+09 -2.226518514247437e+04  1.830893210814681e+05
  2.526043807812215e+09 -1.766627428798627e+05 -1.426159278515028e+04
  2.526250033961002e+09 -1.306643827556563e+05  3.549657753148838e+04
  2.526022525895781e+09  7.425762357817835e+04  8.622121779605327e+04
  2.525979876810597e+09 -1.427774741888047e+05  1.700366154743824e+02
  2.526080543753290e+09 -1.293685527943771e+05  4.314227513568779e+04
  2.526069446615044e+09 -8.044119409949260e+04 -6.111932161388232e+04
  2.526199427174454e+09 -1.379100401041842e+05 -8.472494002718007e+04
  2.526248500352416e+09 -1.848104857303831e+04 -1.429563803570595e+05
  2.526234918932089e+09 -1.726096701927256e+05 -2.962994136502787e+05
  2.526234434677700e+09  1.317186417297681e+05  5.189699162000546e+04
  2.526176699438104e+09  2.992024358708214e+04  7.010025419178195e+04
  2.526166798781785e+09  3.377695310267620e+04 -1.263876558028623e+05
  2.525911091521588e+09  5.150210237213608e+04 -3.407617979726079e+04
  2.526072736023726e+09  2.143479327259411e+04  1.880013331610493e+05
  2.525943778780308e+09  2.772805500853295e+04  1.229342614742920e+05
  2.526131398879032e+09 -1.041258160486743e+05  1.371422405967034e+05
  2.526151193969522e+09  3.246678611526533e+04  1.127007243474030e+05
  2.526035736119654e+09  7.773035783474799e+03  3.152344498302392e+04
  2.526207196367940e+09  4.832349046881695e+04 -6.524753801120096e+04
  2.526170524889443e+09 -1.321091821436665e+05  8.734384530432639e+03
  2.526108030337812e+09  2.950046538463735e+04  2.025816243660080e+04
  2.526300857390119e+09  8.633974360798590e+04 -1.791874243742600e+04
  2.526176984026017e+09 -7.554087811176525e+04  5.028336709592957e+04
  2.526233813037908e+09 -8.827265796636022e+04 -8.430751623995369e+03
  2.526159583154599e+09 -6.730818239776895e+04 -1.239180671038013e+04
  2.526211543302555e+09  6.683152644413419e+04  1.206539843957652e+05
  2.526181617330570e+09  4.279419887413888e+04  6.387173091529333e+04
  2.525991592648647e+09  1.293499110530282e+04 -2.261139576985197e+05
  2.525973332755859e+09 -6.014790448504500e+03 -3.503656762834442e+05
  2.526064497509346e+09  5.430174970955215e+04 -9.279107662716520e+04
  2.526238759581388e+09  2.631872640609217e+04 -2.791520058397599e+04
  2.526014213222563e+09  1.154609060928877e+04 -1.877265699450448e+04
  2.526066266453564e+09  2.614223615543883e+05 -7.949840176916379e+04
  2.526126673333685e+09  9.780560616439098e+04 -1.333989603730178e+05
  2.526017130698357e+09  5.804545183305931e+04  9.335831388059189e+03
  2.526064473443943e+09 -1.763509282846536e+05  2.879640410993477e+04
  2.526114019970954e+09  1.129546762800738e+05 -1.161397111926973e+04
  2.526280825119081e+09 -2.669234055249509e+04 -1.394840015698783e+04
  2.526103285628324e+09 -1.038291129238127e+05 -5.471887029988621e+04
  2.526271140012077e+09 -5.534246055381908e+04 -3.979281763373874e+03
  2.525886914542224e+09  3.540853006968740e+03  1.113506126450752e+05
  2.526172574365047e+09 -3.492264597127971e+04 -1.718199930125871e+04
  2.526093698298396e+09 -1.289946614736839e+05 -3.580912284498278e+03
  2.526199483856112e+09  3.134369021431589e+04  1.728484625121125e+04
  2.526125013408452e+09  1.420399720653738e+05  2.078171246036639e+05
  2.526272436414837e+09  2.488863441147027e+04  2.159288907314048e+05
  2.526102969849962e+09  8.409827354108798e+03  1.716703529605511e+05
  2.526346894887402e+09  7.272668135288649e+04  1.242551169059511e+05
  2.526313472607647e+09  2.230234988770162e+05  8.277476341240981e+04
  2.526271890285484e+09  1.002703438168962e+05  1.017059559530468e+05
  2.526086625419016e+09  8.757001709367405e+04  9.046093864079105e+04
  2.526261657483259e+09 -1.112250177284407e+05  1.327693720346547e+05
  2.526030563771098e+09  1.459542791345447e+05 -6.894258740626508e+03
  2.525879094272828e+09 -1.362370115239407e+05 -1.489982334043393e+05
  2.526241233880033e+09 -2.225353077052825e+04 -6.605856254441664e+04
  2.525979564933269e+09 -1.372467810079131e+05 -5.235228406344866e+04
  2.526035254484121e+09 -1.061086993726816e+05 -1.027777809397394e+05
  2.526173015256088e+09 -4.862063198537839e+04 -9.517936959112715e+04
  2.526057056238767e+09 -1.360679983825561e+05 -3.184845050811523e+04
  2.526165591352011e+09 -1.888815570509527e+03  1.331356966163774e+05
  2.526115992142898e+09  2.349710676765435e+05  7.939953584608086e+04
  2.525894418314580e+09  1.198391900426324e+05 -1.773201571381674e+04
  2.526173115410890e+09 -8.718206530513125e+03 -9.839967458333098e+04
  2.526086359764919e+09 -2.971134427268896e+04 -9.991825895106047e+04
  2.526201663134383e+09  1.029455933364006e+05  9.660455266527663e+04
  2.526117991436038e+09 -2.465716849358054e+03  9.362789653162775e+04
  2.526094824654068e+09  9.249952020749822e+04  1.089176379391039e+04
  2.526134325154779e+09 -9.575058360169519e+04  8.714153499903157e+03
  2.526057456774874e+09  2.508193923523622e+05  1.035930041804688e+05
  2.526247550537381e+09 -1.368778192133480e+04  2.404116620917709e+05
  2.526156061969243e+09 -7.024483945440996e+04  8.940514333709283e+04
  2.526005760525585e+09 -2.768685842121206e+04 -1.835196917594012e+05
  2.526221616535150e+09 -1.934625967341852e+05 -1.701058020059343e+05
  2.526152152037553e+09  4.819724396794289e+04 -9.193752790293179e+04
  2.526156987228194e+09 -3.004042240287713e+04  1.147377659986877e+05
  2.526031627404395e+09 -1.036734422260785e+05  2.590217560833124e+05
  2.526040616955121e+09 -1.289452776154113e+05  1.346168282337716e+05
  2.526183253970202e+09  3.850121930817538e+04 -2.567887340123649e+03
  2.526136564251263e+09  8.881668390075953e+04  1.204524588053813e+05
  2.526238763756125e+09  2.703228068574751e+04  1.701553782184841e+05
  2.526202553394077e+09  6.267016412586812e+04 -4.016430110434990e+04
  2.526151343485029e+09  1.243937208775827e+04 -2.273444550494496e+05
  2.526270368979009e+09 -8.155256829527908e+04  7.261548702593427e+02
  2.525930818881333e+09 -8.740797345011216e+04  2.374140064605759e+05
  2.526056979229545e+09 -1.420869804386250e+05  5.932982415435789e+04
  2.526255076518119e+09 -4.326856696856488e+04 -8.717386475402472e+04
  2.526134611579329e+09 -1.284916177498491e+04 -1.285510458332037e+05
  2.526188980537263e+09 -6.535972339613101e+03 -1.662810897033485e+05
  2.526182423220471e+09  1.111547913089059e+05 -1.698613691140783e+05
  2.526125276995679e+09 -1.127765767431876e+04 -1.904868394498319e+04
  2.526008828790412e+09  4.440684351646958e+04 -4.006317324163341e+04
  2.526070286318014e+09 -1.271294002650640e+05 -1.007986874362349e+05
  2.525971050117910e+09 -7.867267934077815e+04 -6.360718882707274e+04
  2.526245416425820e+09 -3.360963783036731e+04  5.739057444213115e+04
  2.526145110944201e+09  4.386516638454347e+04 -2.074216867653630e+04
  2.526214923455002e+09  1.185222116227626e+05 -9.298823430608632e+04
  2.526186389934065e+09 -9.764491857594810e+04  2.445522207730473e+04
  2.525885379992536e+09  7.101376999251964e+04 -2.835432748584845e+04
  2.526055381285511e+09 -2.500904590780890e+04 -1.580104597187601e+04
  2.526071602778574e+09  1.365236125997035e+03  1.363322048555005e+05
  2.526025757712093e+09 -1.567694018583675e+05  9.334948922398034e+04
  2.525997792596142e+09  1.402712915281579e+04 -8.660529902083572e+04
  2.525847148367879e+09  1.387589125630077e+05 -2.219085207809774e+05
  2.526004358902295e+09  7.442183318655507e+04 -6.541651899922756e+03
  2.526183598912736e+09  1.757608542483104e+05  1.037032813986924e+05
  2.526035583096615e+09 -1.703941795253715e+05  9.650704102039989e+04
  2.526196795832803e+09 -4.807549060866627e+04  5.227357346291561e+04
  2.526168775657730e+09 -1.523283171092414e+05  8.483715271904040e+04
  2.526020886834764e+09  8.736394359463523e+04  1.099546824345666e+05
  2.526068601291313e+09 -1.453439629414821e+05  8.106923091872246e+04
  2.526040785078166e+09 -3.731060763285554e+04  2.182419857581262e+02
  2.526016659112670e+09  1.943584654789511e+04  4.038949162447406e+04
  2.526211970080997e+09  1.317510029753018e+04  1.982997651226446e+05
  2.525977547813951e+09  2.771249513359447e+05  1.498809813783137e+05
  2.526329357564300e+09 -1.249299903504941e+05 -7.118750557509298e+04
  2.526147277318092e+09 -3.166204232898139e+04 -1.447869561743537e+05
  2.526133347328866e+09 -5.243002853161923e+04 -4.825561556171859e+03
  2.526132758057337e+09  2.877966052696621e+04  1.038384899290990e+05
  2.526164784798602e+09  1.579358415904182e+05  1.094360618469623e+05
  2.526051686245141e+09 -4.091444755926926e+04  1.643157553645971e+05
  2.526298130621753e+09  1.303474278595600e+05  1.818819290585627e+05
  2.525995279904117e+09 -1.558626874443466e+05 -1.204925461590582e+05
  2.526060749725217e+09 -7.793870270132052e+04 -5.261320091934479e+04
  2.526150735739827e+09 -3.688578970186645e+04  1.269227533800998e+05
  2.526141429424788e+09  9.317059722479293e+04  6.611600061559398e+04
  2.526207327606516e+09 -1.758330975973646e+05  8.145236446852738e+03
  2.526224963662994e+09 -2.013258287776669e+05  7.637126795308664e+03
  2.526182143888639e+09  2.516216486074566e+04  3.360091885681287e+04
  2.526027570005919e+09 -5.043170292483945e+04  9.770433407807993e+04
  2.526001539758164e+09  1.043482305804112e+05 -1.384130918257427e+04
  2.526059110777349e+09 -1.681419240849693e+05 -8.680113897126110e+04
  2.526167213792383e+09 -1.409031551918066e+05  2.954435260566408e+04
  2.526132214898916e+09 -1.626001691963268e+04  1.625002592206106e+04
  2.526074905338142e+09 -7.492990744544519e+04 -1.531919449839964e+05
  2.525943305162146e+09  2.887015629275792e+04 -3.514742653756100e+04
  2.525965578711096e+09 -1.201096880746726e+04  1.463594135344002e+05
  2.526179334567922e+09  1.720947087700854e+05  4.390115351796616e+04
  2.526041864587727e+09 -1.114032598846717e+05 -5.778098876836547e+04
  2.526076496094414e+09  5.019533556881815e+04  3.067648015302652e+04
  2.526181552769887e+09  1.229898127461070e+05 -5.825244636604238e+04
  2.526247767831369e+09 -2.127427299792564e+04 -1.241818511670048e+05
  2.526125377782048e+09 -8.655306506855367e+04 -1.512513293204294e+05
  2.526194710250960e+09 -3.505956757890357e+04  9.443642030577001e+03
  2.526100015281749e+09  1.195757815683917e+05  2.795290782245039e+04
  2.526248322125075e+09 -1.213367162478169e+05 -6.981322302787918e+04
  2.526107259492146e+09 -1.030569668640182e+05 -5.476104563644144e+04
  2.526182965400220e+09 -1.425296726753918e+05  1.879562771045686e+04
  2.526043440260470e+09  2.244439368718653e+04 -2.509729206819809e+04
  2.526256064381845e+09 -1.610165247174050e+04 -3.816718532169692e+04
  2.526070660218357e+09 -9.476201109662186e+04  1.357158185220056e+05
  2.526165946522219e+09 -3.193572143987182e+04  9.588621680516750e+03
  2.526189721913645e+09  1.040304035005895e+05 -1.684456153502257e+05
  2.526047140304646e+09  5.722727207133465e+04 -1.882621032233104e+05
  2.526198940283157e+09  7.133175743285543e+04  4.738895928386401e+04
  2.526039939650237e+09  8.492556101479335e+04 -7.505266290951043e+04
  2.526060422288852e+09  5.425536544269603e+04 -9.900869343555579e+04
  2.526102614940892e+09 -9.543824664309854e+03 -1.112164463966601e+05
  2.526021495985412e+09 -1.537430597974767e+05 -1.380092531394595e+05
  2.526094691260280e+09 -4.986809378498187e+04 -2.045226157260593e+04
  2.526013567359458e+09  1.648792340555415e+05  9.628967463282170e+03
  2.525973541804579e+09 -1.230758466543709e+05 -7.965783537051786e+03
  2.526078050061361e+09 -5.458405305008538e+04  4.421227076462394e+04
  2.526218949439789e+09 -1.478291358453105e+04  5.153530639163707e+04
  2.526255607198205e+09  1.262113311263368e+05  9.029582764360588e+04
  2.526148528271403e+09  9.621919814565824e+04  1.915326328736265e+05
  2.526062887546055e+09  6.271472743515624e+03 -2.078928276814801e+04
  2.525968612420292e+09  1.028154128240340e+04 -1.333532738378481e+05
  2.525991099292902e+09  6.837845857568376e+04  1.031829503029445e+04
  2.526115970491946e+09 -2.120090482537225e+05  4.900957983147958e+04
  2.526239373129737e+09  8.839562860120530e+04  6.441956862956041e+04
  2.526187175484646e+09 -8.610530018215068e+03  1.215745453403805e+05
  2.525939207144733e+09 -6.480271611045930e+04  1.802340696753749e+05
  2.526236103722322e+09  8.346121726728993e+04  1.693660713263573e+05
  2.526104939585259e+09 -2.127664863913734e+05  3.511865031969757e+04
  2.526116421851106e+09 -3.112970919028234e+05 -7.705583175095575e+04
  2.526171241015025e+09  1.805526755291861e+05 -2.185978722958963e+05
  2.526045886044842e+09 -3.549583943822747e+04 -2.298216645742824e+05
  2.526168646611055e+09 -8.788360212923604e+04  2.607349488417583e+04
  2.526366745534386e+09  9.133606483822409e+04  1.217779367357068e+05
  2.525991001604436e+09  4.514670215954946e+04 -9.230849072673824e+03
  2.526158832586113e+09  8.412867508608429e+04  1.716000599612598e+04
  2.526257379301618e+09  9.011669159937790e+04  9.555401292599365e+04
  2.526129292381463e+09  2.345120842122671e+04  1.995778850529867e+05
  2.526146989024660e+09  3.469123811907205e+04  1.831292862206589e+05
  2.526193621051541e+09 -1.548385050564192e+05  3.412141316121793e+04
  2.526239657768968e+09 -1.380355196682151e+05  1.968302167776972e+03
  2.526241531305357e+09  9.236053669937886e+03  3.495362142410688e+04
  2.526237429189609e+09 -1.247091313448765e+05  2.413466779514868e+04
  2.526162773216803e+09  1.414440018504232e+05  1.173650515954306e+05
  2.526176984417635e+09 -1.254472869973741e+05  1.258852849545111e+05
  2.526123288116650e+09 -2.344288310714473e+05  1.151328002944432e+05
  2.526132143646446e+09  6.476874916775222e+04  1.307091541984470e+05
  2.526205387144320e+09  4.998560972223873e+04 -5.291982493917050e+03
  2.526153245085738e+09 -1.275261367819906e+05 -5.673548087704103e+04
  2.526193180873319e+09  4.403083249725611e+04  9.519569974981400e+04
  2.526071415458350e+09 -9.179688086055467e+02  8.404909060164553e+04
  2.526068032468616e+09 -6.194394328607095e+04 -9.469807649061154e+04
  2.526188010315435e+09  1.088180539422548e+05 -8.009246136962075e+04
  2.526183547360673e+09 -3.037491809316445e+04 -2.384568552980572e+04
  2.526297978951032e+09  4.273841649758804e+04 -4.563541808130790e+04
  2.526024732961354e+09 -2.206302054561205e+05 -5.452828916079356e+04
  2.526168998815995e+09 -1.520710723183088e+05  2.362286710957676e+04
  2.526175223070991e+09  5.631795197576968e+04  1.472046470291400e+04
  2.526126116113491e+09 -2.402189818173142e+05 -9.016486275273073e+04
  2.526036841831138e+09  8.640489299157832e+04  1.179238640511641e+04
  2.525971337177096e+09 -9.405690796844498e+04  2.017304181581503e+04
  2.526041294264688e+09 -4.930451002544633e+04  9.917830370822095e+04
  2.526204020026206e+09 -2.103620266075840e+04  6.176128527952335e+04
  2.526272353551212e+09 -7.875368633024511e+04 -7.797626717136055e+04
  2.526196173753568e+09 -9.557132620366942e+04  3.989760502979520e+04
  2.526301494871135e+09 -2.115932636769838e+03  1.726197479660654e+05
  2.526019597559429e+09 -4.719789968905016e+04  1.598243067329726e+05
  2.526173157154053e+09 -8.785821975939756e+04 -9.121840000819822e+04
  2.526208478268603e+09  9.380204788422957e+04 -9.095861753177189e+04
  2.526174993290695e+09 -2.926224274757435e+04  2.044066036707733e+05
  2.525967726991682e+09  2.102562503071330e+05  1.218861278485160e+05
  2.526126919282770e+09 -2.552538608035009e+05 -8.748108574111649e+04
  2.526160465975484e+09  1.404281361002359e+03 -8.395985966875462e+04
  2.526076478469095e+09 -4.391134000711085e+04  1.272739945209189e+04
  2.526046402261199e+09 -1.872623171416868e+04  1.003502949213617e+05
  2.526026751176551e+09 -8.218882882244885e+03  4.740566792492941e+04
  2.525934977248215e+09 -1.729683391080482e+05 -4.890217545063701e+04
  2.526165617483033e+09 -3.054341633192031e+03 -7.667361866839346e+02
  2.526224954533231e+09 -9.463982552889828e+04  1.122584463663672e+05
  2.526074472671104e+09  2.796745559405698e+04  1.370227582170992e+05
  2.526123809639300e+09 -9.468191236017377e+04  1.368741778111712e+05
  2.526244647974662e+09  7.920300737164583e+04  4.003737046695192e+04
  2.526136239932729e+09  1.149275840294540e+05  1.270950852892701e+05
  2.526236117397824e+09  4.179654121507937e+04  7.057997886943212e+04
  2.526055142224686e+09 -6.673570198146813e+04  2.599011424288852e+03
  2.526256803636429e+09  2.614483876601595e+04 -4.076853074095992e+04
  2.526079694828287e+09  1.346907272020811e+05 -5.959763769023353e+04
  2.526300864048044e+09 -1.185413364847046e+05  2.047943500318890e+04
  2.526125653116982e+09  5.663559423730709e+04 -1.027492565904935e+05
  2.526051335315962e+09 -1.419348954661321e+05 -6.980201997498015e+04
  2.526174956990646e+09  1.112690765161119e+05 -6.207279752340587e+04
  2.526112654269579e+09 -4.124816635245760e+04 -1.530040811498927e+05
  2.526135401620728e+09 -1.152898337301870e+05 -3.090412588568844e+04
  2.526111329990499e+09 -2.958167479044362e+04  1.100891032815506e+05
  2.526211734507573e+09 -5.141270358195831e+04 -6.024667855675123e+04
  2.526116978748979e+09  2.024127592456744e+05  3.377497759872628e+04
  2.526131068785146e+09 -1.306741282537088e+05  1.499654733551875e+05
  2.526030350287213e+09  1.179109349112824e+05  8.760176667757332e+04
  2.526165469784228e+09  2.341251761301123e+05  5.373902768861619e+03
  2.525978363652623e+09  5.147023611337622e+04 -9.105880386899691e+04
  2.526201926813652e+09 -1.443198281266422e+05 -8.546276246865746e+03
  2.526208159159315e+09 -7.280659973825852e+04  3.941099449533476e+04
  2.526128149779130e+09 -1.792637492967695e+05  5.479201484915521e+04
  2.526066310485277e+09  1.788054477359715e+04 -1.139968088852754e+04
  2.525973593918052e+09 -1.130803581711089e+05  4.218569832438974e+04
  2.525953549165981e+09 -1.316578068951112e+05  6.061481112917967e+04
  2.526087420308169e+09 -2.466231210664671e+03  7.339312522508606e+04
  2.526149735485383e+09  1.845209293290693e+04 -9.907868711672956e+04
  2.526145882488210e+09 -4.237644048825756e+04 -1.304588508838580e+05
  2.526132271827364e+09 -3.304694919116050e+04  9.276546366887883e+04
  2.526132686719690e+09 -5.754225046787155e+04 -8.398349302381428e+04
  2.526134977006460e+09 -2.630380635648733e+03 -8.333027027476532e+04
  2.526326880823227e+09 -1.116255191954636e+05  2.470029807449970e+04
  2.526122314047983e+09  1.384952722120820e+05 -3.364093719466179e+04
  2.525941932191046e+09  1.582546532711240e+05  6.382458865328971e+04
  2.526145129541266e+09  1.184669325112452e+04 -4.818887663241226e+04
  2.525892658399373e+09 -2.174020577435452e+04 -6.012699048014428e+04
  2.526248069811596e+09 -2.217251864745538e+05  3.070918848855165e+04
  2.526276941951229e+09 -9.350329585239448e+04 -8.014469501974934e+04
  2.526227747559807e+09  8.898565210985241e+04 -7.046101119845260e+04
  2.526242286534519e+09 -1.387465251272181e+05 -5.278401591526158e+04
  2.526262782286615e+09 -1.379210644142036e+05 -6.624658956897154e+04
  2.526162951123875e+09  5.710369599174825e+03 -8.861158017473103e+04
  2.526044729064787e+09 -6.608271424896445e+04 -1.160095511258796e+05
  2.526098814390051e+09  5.959458970097825e+03 -3.557994731762819e+04
  2.526011783990712e+09  4.936576711849147e+04  2.584063608626742e+04
  2.526262024773847e+09 -1.034253439959482e+05  6.819846121712076e+04
  2.526006080946135e+09  3.774464325974835e+04  2.408566441395245e+05
  2.526093198229300e+09  6.321777321254788e+04  3.197330825677074e+05
  2.526110058389966e+09  5.474500530499371e+04  1.854822288349743e+05
  2.526168860923584e+09  2.092185068219163e+05  1.548113885320927e+05
  2.525953960084108e+09 -3.760207939973869e+04  1.592855113149681e+05
  2.526068828491343e+09 -7.614609645298496e+04  1.885852849840557e+05
  2.526155971225342e+09 -2.407281868315861e+05  1.676091089742307e+05
  2.526001257061543e+09  1.074932534165536e+05 -2.576965166697605e+04
  2.526179365795900e+09 -4.506438213172602e+03 -6.823496642835095e+04
  2.526213313607285e+09  8.510540478727920e+04  8.602435300287511e+04
  2.526222431825489e+09 -1.516996075186273e+05  1.933223549795384e+04
  2.526012783838166e+09  7.274641692327743e+03 -1.217295177062252e+04
  2.526104964851128e+09 -9.923006194559147e+04 -1.205706856001660e+05
  2.526137054261484e+09 -1.269920426654143e+04 -1.328685980918887e+04
  2.526222339841177e+09  8.903391757352848e+04  5.827823979346408e+04
  2.525998894807326e+09 -4.198897258729232e+04 -8.517473159117391e+04
  2.526083717218761e+09  4.242553551743575e+04 -1.193972018170403e+04
  2.526131160751364e+09  1.633260067807325e+05  6.571165758670826e+04
  2.526182305716966e+09 -3.451977468606411e+04 -3.418518757590107e+04
  2.526000978632901e+09  9.929461405844684e+04 -5.523776585769403e+04
  2.525960341424473e+09 -6.571369417305780e+04 -1.783470835236924e+05
  2.526092190566775e+09 -1.039616828820610e+05 -1.001135616338729e+05
  2.526068849812111e+09 -8.853224769952497e+04  8.400483567972307e+04
  2.526162748184925e+09  6.714857109763194e+04  1.748851338180440e+05
  2.525997886717969e+09  1.217253677177441e+04  2.440626396545260e+05
  2.526302861682991e+09  6.029645809328114e+04  7.922921620754735e+04
  2.526238762445589e+09 -5.361641475682147e+04 -1.957858877644385e+04
  2.526132040192453e+09  1.594165128982081e+05  2.836588198524143e+04
  2.526111441650963e+09 -5.027968918886327e+02  2.305771678664139e+03
  2.526056403968331e+09 -4.238109296171833e+04 -2.665698990746820e+04
  2.526082050947301e+09 -1.110394908924550e+05  1.393715640970645e+04
  2.526235141444658e+09  1.434098373935511e+04 -6.853193570157699e+04
  2.526213101558659e+09 -2.325181323249545e+04 -1.484367812972516e+03
  2.526156719249861e+09  1.051671752860301e+05  3.306696412615967e+04
  2.526113867744566e+09 -5.864397985261958e+04 -4.331943253539619e+04
  2.526354840456728e+09 -1.087435662291441e+05  1.008909019726356e+05
  2.526116637903178e+09 -7.842483521797229e+03 -1.773190593432845e+04
  2.525930621816608e+09 -4.634324004666507e+04 -1.271178906803685e+05
  2.526311943077497e+09  7.496968697796878e+04 -1.432070160644107e+05
  2.525909043527442e+09 -4.472193660880861e+04 -1.096559135499744e+05
  2.525999795301204e+09  6.086289907613955e+04  1.186686174857244e+05
  2.526092974433874e+09 -5.867533257882339e+04  1.212561925755630e+05
  2.526211483197466e+09 -4.704653119983431e+04  1.420865739129342e+05
  2.526115230806698e+09  8.674909159698675e+04 -2.329139423458278e+04
  2.526119963503024e+09 -5.822441742874912e+04  1.441999077872722e+03
  2.526074391236364e+09  6.474639530289010e+04 -1.010012131082069e+03
  2.526239675035231e+09 -4.658553130436246e+04 -4.846830848680448e+04
  2.526027248894475e+09  5.902006709742796e+03 -3.430151950353943e+04
  2.526109307787294e+09  2.105688596374601e+05 -8.522376334714750e+04
  2.526228023609186e+09  9.049286250562267e+04 -1.383702429107485e+05
  2.526080091360963e+09 -1.650555925752803e+05  6.737486454056134e+04
  2.525960085450609e+09 -1.223089975072517e+05  1.762169668941668e+05
  2.526178677712444e+09 -5.749790929943195e+04  1.124289187461552e+05
  2.526078347059229e+09 -5.389050043553812e+04 -3.622815365007729e+03
  2.526058445343854e+09  5.351727821868379e+03 -1.280373110404672e+05
  2.526207287292391e+09 -9.682870235828939e+04 -1.882240599095536e+04
  2.526081426587178e+09  6.504096931222879e+04  1.645179593120003e+04
  2.525966916142159e+09 -4.700819110735005e+04  5.626932423702316e+04
  2.526034199165443e+09  2.016798155275356e+05 -2.393559941969765e+04
  2.526076449474674e+09 -7.123455887135194e+04 -1.694675441916031e+04
  2.526063104449396e+09  1.037611953175232e+05  1.126803008759464e+05
  2.526265671513712e+09 -3.596376329794643e+03  1.641648004733482e+05
  2.526292352632678e+09 -5.172920222829445e+04  1.072148420351944e+05
  2.526307430823776e+09  1.387988439880381e+04  1.367921629113376e+05
  2.526143340206337e+09  8.310260134949931e+04  1.756640201026481e+05
  2.526087605746653e+09 -2.163038052328753e+05  7.196199045736573e+04
  2.526255352059724e+09  1.633675311855404e+05  8.598466951578448e+03
  2.525997976497575e+09  1.560602832562750e+04 -2.812563935170206e+04
  2.526000533499632e+09 -6.629302268610708e+04 -1.254211011797861e+05
  2.526095844289819e+09 -3.234878436841094e+04 -1.014691063770917e+05
  2.526187878178298e+09  6.125191628411820e+04  4.930241605714546e+04
  2.526030520308356e+09 -1.524287391789746e+05  7.350303337990248e+04
  2.526176295853671e+09 -4.108081210003258e+04  5.204646588834445e+04
  2.526239442328840e+09  9.945038893048232e+04  1.330813129875049e+05
  2.526033077751952e+09  3.703599017316021e+04  1.568639553362608e+04
  2.526057669958489e+09  2.774792253151140e+04 -7.746055097669060e+04
  2.525947251643579e+09  1.349912286011965e+05 -3.894828554101754e+03
  2.526114789056234e+09  1.286558782420045e+05  5.139412310925871e+04
  2.526051446253493e+09  4.227971307898685e+04  5.276118517598882e+04
  2.526068954718948e+09  9.470715757296095e+04 -1.432253366053526e+05
  2.526263393324835e+09  3.842548688724221e+04 -1.891707503928926e+05
  2.525933841941965e+09 -4.193101342497772e+04  7.641783863152686e+04
  2.526174011883574e+09  1.119193190684389e+05  3.819325153756535e+04
  2.525943716401826e+09 -1.307475924137305e+04 -7.622514427431673e+04
  2.526013492883251e+09 -5.529023438024483e+04  3.033562872778112e+04
  2.526036035043473e+09 -1.127688137790286e+05  9.007705734725458e+04
  2.526072385918770e+09 -5.161253224069369e+04  1.124001917560212e+05
  2.526001483568763e+09  6.132984324437100e+03  8.523813445839193e+04
  2.526289005951788e+09 -1.354654866583380e+05  8.298636089355464e+04
  2.526060286790345e+09  1.397863047756152e+05 -1.830736601436045e+04
  2.526162711568596e+09  1.576958628285317e+05  7.241128281624056e+03
  2.526193642494244e+09  1.353545919249579e+04  8.966351864419109e+04
  2.526100571329573e+09 -2.168935879121919e+04  5.746808851035335e+04
  2.526044273266842e+09  2.851766763883157e+04 -1.927313969310833e+04
  2.526105853849856e+09  1.156941840092652e+03  1.943870033905172e+04
  2.526046080631716e+09  3.110054157721577e+04  1.549103376427845e+05
  2.526084731360713e+09 -1.685351870097644e+05  6.720627528954484e+04
  2.526005120825904e+09  8.472653691797622e+04  9.849215276271515e+04
  2.526183468440915e+09  2.138202561476326e+04  1.474310986339309e+05
  2.525985737970526e+09 -1.564962811952311e+04 -1.272275721351191e+05
  2.526393323979318e+09  1.437669517762442e+05 -2.838096109620761e+04
  2.526081107691607e+09 -2.483002950281068e+04  1.070058068063396e+05
  2.526093677059529e+09 -7.084064708482986e+04  3.331726465981686e+03
  2.526086239772411e+09  2.044062068150401e+05 -5.076688077956717e+04
  2.526345229531720e+09 -6.581612811934925e+04 -3.923919918851514e+04
  2.526075862349956e+09  6.901665114105481e+04 -5.122829143760784e+03
  2.526133169542401e+09  1.488603534837558e+05  7.018341338368703e+04
  2.526031138109731e+09 -3.986868600155343e+04  1.613777619451003e+05
  2.526182870360275e+09 -3.199579863070510e+04  2.695257933227834e+04
  2.526083952677272e+09 -5.765175116942619e+04  3.402802643702866e+04
  2.526168539706610e+09 -4.247827326196525e+04  1.380896024790790e+04
  2.526121101207254e+09 -4.210467781346920e+04 -1.520561913831788e+04
  2.526044120649724e+09 -1.480081568750988e+05  2.183980475276452e+04
  2.526127074326350e+09  6.352466859229008e+04 -1.785223665260018e+05
  2.526000113656934e+09 -8.217206174684688e+03 -2.150070397803113e+05
  2.526140663692518e+09 -2.703662793023349e+04 -3.651079666115681e+04
  2.526253793339697e+09  2.470422337314180e+05 -4.202819153721211e+03
  2.525972430620415e+09  1.623781360260540e+05 -6.015283919898164e+04
  2.526087527509486e+09 -2.976281045481349e+04  2.077025016635039e+04
  2.526062321042548e+09  2.526667481735226e+05  2.005656068627688e+05
  2.526303439882942e+09  1.095362289996771e+05  1.661117956269332e+05
  2.526143872056914e+09  5.459820776898573e+04  8.682651973822154e+04
  2.526123465770831e+09  1.154192816817251e+05  7.048002309837798e+04
  2.526054294226404e+09 -7.328746256328677e+04  7.620532466994133e+03
  2.526167666177532e+09 -3.048241848559165e+04  1.818343386894368e+04
  2.526111659456228e+09  1.713572927056444e+05 -6.391457874179413e+04
  2.526095641161807e+09  2.604366173220007e+04 -5.781164929232351e+04
  2.525987821087562e+09 -6.826788756391965e+04  6.131937530454417e+04
  2.526071106706007e+09 -8.912331767177675e+02  3.252070841863228e+03
  2.526177419983827e+09 -1.416864330069302e+04 -8.317808630527090e+04
  2.526188151545892e+09  1.222618914768202e+05  8.639254010654846e+04
  2.526018092514865e+09  7.921206237322604e+04  8.709870088469237e+04
  2.526082448825563e+09  4.060926039611810e+04  7.096197256884538e+03
  2.526078853132730e+09  9.764179244749248e+02 -6.093392660106963e+04
  2.526243968106297e+09  1.639694541787298e+04 -8.552326870487194e+04
  2.526171780138870e+09  2.584003475101076e+05 -8.451048535956303e+04
  2.526127438341092e+09  9.543822022770200e+04 -9.174129578844516e+04
  2.526207335718633e+09  1.727038660491712e+04 -4.258093862413859e+04
  2.525973228854472e+09  8.505045432710036e+04  3.884808741765050e+04
  2.526254220122406e+09 -1.285307440680221e+05  1.531279735667671e+05
  2.526189525748872e+09 -9.124953602939006e+04  1.447470236118608e+05
  2.526147868254926e+09  1.069135861359756e+05  2.315804034623760e+04
  2.526043836919222e+09  1.102489457882410e+05 -4.366417181369825e+04
  2.526074674346171e+09 -2.206024899858527e+04  4.179832414576516e+04
  2.525947117776746e+09  2.701113934118627e+04  6.433409146019944e+04
  2.526127028060564e+09  1.029585393925748e+05 -1.034408398387688e+05
  2.526171424813014e+09  1.434891028252814e+05 -1.394493568030447e+05
  2.526307881778244e+09  3.848501159473602e+04  5.156434236021014e+03
  2.526220377835660e+09 -1.818635926523921e+05 -1.757060912129068e+04
  2.526072283020677e+09 -7.709482175232004e+04 -6.615610288339434e+04
  2.526120435854098e+09 -1.116645105227712e+04  2.139434319137887e+04
  2.526187614251769e+09 -4.664230594052002e+03 -2.128692341093731e+03
  2.526074661217500e+09 -6.885457204894396e+03 -5.970520933564170e+04
  2.526123536257166e+09 -1.525920563230291e+03  1.117185448898337e+05
  2.526040456190556e+09  8.549358764440287e+03  3.991787315587013e+04
  2.525936472272424e+09 -5.661283277919283e+04  2.894225899956559e+04
  2.526159252095129e+09 -1.113291633758224e+05  1.500582420857043e+05
  2.526119059306497e+09 -1.398674096266215e+05  1.038349317997694e+05
  2.526274759217605e+09  2.293667066150694e+05  6.238788387670166e+04
  2.526079964192224e+09  1.322744678087765e+05  1.740584118209151e+04
  2.526147860499716e+09  1.053405051600052e+05 -7.318951392104910e+04
  2.526221466241108e+09 -1.873734991586744e+04  4.677878221835523e+04
  2.526149461228234e+09  1.002436637692779e+05  6.656189158018387e+04
  2.526014074233301e+09  7.633184461113508e+04 -5.651242573159782e+04
  2.526198506560978e+09 -2.414554689533424e+05 -5.759903767183190e+04
  2.526330055423441e+09  5.406772115287336e+04  3.204256596408982e+04
  2.526133642222682e+09 -1.719212373218697e+05  1.123717475564266e+04
  2.526186807861378e+09 -1.780413424388553e+05  2.541106816663360e+04
  2.526060116645618e+09  5.339846669156518e+04  1.102470536267534e+05
  2.526178248782828e+09 -7.226829162449337e+04  1.147134114477352e+05
  2.526194312345090e+09  3.135483782257861e+04 -3.429645968706382e+04
  2.526198498084934e+09 -2.030156185754022e+04 -1.142785769662758e+05
  2.526074506998105e+09  1.189727864838787e+04  1.142583798282610e+05
  2.526206009735556e+09 -8.093520709369320e+04  9.908853575399745e+04
  2.526166143720021e+09  4.864598188838281e+04  2.597837472703611e+04
  2.526129551990315e+09  6.409309541045339e+04  2.335315160982291e+05
  2.526030215708655e+09 -1.259441873759606e+05  1.008032733656389e+05
  2.526148401657242e+09 -1.563914239239513e+05 -4.081696674137609e+04
  2.526196811652413e+09  2.219450547041174e+04  1.237863876743040e+05
  2.526020373946508e+09  2.997280901617347e+04  1.226524008229020e+05
  2.526127583708924e+09 -6.037460262020800e+04  5.910753109166818e+04
  2.526004645736773e+09  1.125135490369680e+04  6.943248900997196e+04
  2.526376770886193e+09 -1.929467729607531e+05 -7.562983790060203e+04
  2.526352784721669e+09 -1.018758138016064e+05 -9.648051220536360e+04
  2.526232980421302e+09  1.428635139985424e+05  7.383464811927616e+04
  2.525997329294939e+09 -5.906208943257388e+04  9.695136076605227e+04
  2.526329995999358e+09  1.008380342015468e+05 -1.882470542551051e+05
  2.526209954100502e+09 -1.533445068582657e+05 -1.705833883594401e+05
  2.526092955984882e+09  7.270478453552211e+04 -3.830717753245705e+04
  2.526048992264157e+09 -1.997921799066334e+04  4.305421760332421e+03
  2.526097779939245e+09  1.468224729059846e+03  1.274248839777932e+05
  2.526234237769886e+09 -1.051309821645240e+05  6.752074383729405e+04
  2.526066080708012e+09 -1.751156024803267e+05  2.859167319500935e+04
  2.526110013027246e+09 -3.715982775580627e+04  4.879584242502801e+04
  2.526230896236387e+09 -1.947286804308096e+05  2.003516641085335e+05
  2.526099486777300e+09  7.516580899622675e+04  1.120702136758139e+05
  2.526211884082130e+09  1.549502271948728e+05  1.032472409253719e+04
  2.526216725561878e+09  2.831020727578527e+04 -9.355783644408305e+04
  2.526302648099294e+09 -6.792245575797046e+04 -4.519700819890684e+04
  2.526075252386907e+09 -7.970337084813863e+04  5.845465472286590e+04
  2.526008991356390e+09 -3.432344377031806e+04  2.901530699541699e+04
  2.526213727820683e+09  3.429872911888990e+04  1.957136866540909e+05
  2.525996101509852e+09  1.878233394159875e+05  3.263378191276890e+04
  2.526309945791401e+09 -1.592437752708793e+05 -1.740249041885301e+04
  2.526183073271688e+09  4.931975776979770e+04 -6.709288828873541e+03
  2.526115982143452e+09 -4.662590261595324e+02 -6.933085514783114e+04
  2.526090601333393e+09  3.462677870537061e+04  2.544342991185514e+04
  2.526068434826056e+09  9.913522759430949e+04  7.715251747412095e+04
  2.526087096871286e+09  3.662948112168768e+04 -8.742742848727689e+04
  2.526108362401295e+09  2.872578911202983e+04 -8.841484693039989e+04
  2.526122667905661e+09 -1.367759615881533e+05 -5.524369665270473e+04
  2.526100658049553e+09  5.094381474377553e+04 -2.814467702095048e+03
  2.526080701875574e+09  1.651372678007862e+05  5.066322718065802e+04
  2.526033842028816e+09  9.594440079418803e+04  1.171579727395927e+04
  2.526241318424356e+09  4.540937471912010e+04  1.029372341233108e+05
  2.526013333732440e+09 -1.702930792980789e+05  2.452902209443951e+05
  2.526157134285038e+09 -1.218183446484690e+05  2.896123029882795e+05
  2.526150135514671e+09 -8.687308931975928e+04  1.651206547017035e+04
  2.526120088364106e+09  5.149016333148370e+04  1.427024290809152e+04
  2.526114561162192e+09  4.658220326927700e+04 -1.051555111072051e+05
  2.526208810823953e+09  1.034709295231575e+05  4.000531022228359e+04
  2.526118105273880e+09  1.145566086537931e+05  4.252598728547199e+04
  2.526044554722973e+09 -1.312944099488594e+05 -1.040151670799563e+05
  2.526249113574309e+09  2.331560607216987e+05 -2.600573619938735e+04
  2.526081092718153e+09  1.910157805627863e+05 -8.332979851498699e+04
  2.526125447900300e+09 -5.588331150149059e+04 -1.420684545703360e+05
  2.526254641739401e+09  6.834186494597368e+04  2.170573689944786e+04
  2.526008164738013e+09 -1.938154345464781e+05  6.143951792787941e+04
  2.526094671053933e+09  5.687140312054567e+04  1.158621657401523e+05
  2.526087070441140e+09  1.023040751797228e+05  1.268208851778285e+05
  2.526190978426869e+09  1.012877924788834e+05 -2.995090595770755e+04
  2.526126421694857e+09 -1.932523216485510e+05 -7.819519462570443e+04
  2.526091603963824e+09  4.503173519160505e+04 -7.867402486047232e+04
  2.525995666139143e+09 -1.710197493821019e+05  4.757641554890433e+03
  2.525962628028996e+09 -1.476237727948278e+04 -1.165149107785063e+05
  2.526182026893462e+09  9.035607750290685e+04 -1.717877598889626e+05
  2.526119186860717e+09  7.867589715407591e+04 -1.715627640058639e+05
  2.526246505621812e+09  1.411775044898642e+05 -3.642239335454057e+04
  2.526176928440028e+09 -2.347291511261589e+05  1.010608247465180e+05
  2.526086974697792e+09  6.019642811270122e+04  4.709422371297306e+04
  2.526061701576094e+09  1.801662118439807e+05 -1.499707807726448e+04
  2.526330841520939e+09 -9.224747269363012e+04  2.935565986058663e+04
  2.526070563939378e+09  5.557928038389725e+04  7.170737534131127e+04
  2.525998181899363e+09 -1.016013263075196e+05  4.481796509806183e+04
  2.526068996097971e+09  1.680568812303152e+04  8.815070914447999e+04
  2.525969468528154e+09  2.788300728395383e+04  5.293586446307553e+04
  2.526234119892920e+09  1.086417658654100e+05 -7.351333021024661e+04
  2.526161338901065e+09 -1.823140748356236e+02 -1.058683155810554e+05
  2.526131763728048e+09  9.954400842111441e+04 -1.944794029481360e+04
  2.526194829796641e+09  6.735119489378401e+04 -7.786219308912312e+04
  2.526283774615633e+09 -2.517030349349743e+04 -1.729731300180656e+05
  2.526183943087263e+09  5.730256297507185e+03 -1.330227420640282e+05
  2.526018793160210e+09  6.993328747986109e+04 -2.999148583304498e+04
  2.526189295614786e+09 -5.613187832587631e+04 -4.533604655041086e+04
  2.526062302516248e+09 -1.171663614360658e+05 -1.596016784114833e+04
  2.526223533051800e+09 -6.377199757771636e+04  5.125516621340858e+04
  2.525991532885932e+09 -4.792064720708143e+04  3.190120092435973e+03
  2.526078761717994e+09  1.758248036504486e+05  2.700936490490014e+03
  2.526224105626702e+09 -1.055211378497793e+05  6.651072520443716e+04
  2.526127017367388e+09  5.025674983183877e+04 -5.270008231881383e+04
  2.526146392371534e+09  1.224070588389181e+05 -5.728042410600686e+04
  2.525993960596693e+09 -6.202360512266553e+04  2.851918839494279e+04
  2.526106719157516e+09  7.888854937268468e+04 -1.366970371287121e+05
  2.525970284741325e+09  1.664394517948874e+04 -3.760588211499027e+04
  2.525939332913940e+09 -5.843794772620592e+04  7.914974459265405e+04
  2.526024899880561e+09  1.583952512696218e+05 -1.530240198637946e+05
  2.526013476487772e+09 -1.948362358139001e+04 -5.715424337173242e+04
  2.526003978005304e+09  2.634697796470576e+04  6.522875542383507e+04
  2.526153390822423e+09  1.242304689138371e+03  1.139367783069246e+05
  2.526000631872200e+09 -4.970742844019708e+04  1.458157023150982e+05
  2.526179129685229e+09 -9.245327325172070e+04 -2.595403090743944e+04
  2.526080065190632e+09  3.071673589446116e+03 -1.004251543732411e+05
  2.526114300443493e+09  1.333021292869747e+04  4.888541833677888e+04
  2.526084520769912e+09  1.309822939205307e+05  2.456638467626914e+05
  2.526151473974183e+09 -2.648720500961505e+04  1.702585228575829e+05
  2.526098467087178e+09  1.557457077660714e+04  5.370666291734087e+04
  2.525959514295765e+09  1.010423774997829e+05  8.523345430813133e+04
  2.526094719261514e+09 -1.043716702150251e+04 -4.469289283941267e+03
  2.526089870490287e+09  8.446738566860603e+04 -1.643732971829516e+04
  2.526186507775432e+09 -6.461688638624013e+04 -4.428107996734791e+04
  2.526079583868199e+09 -9.432855189030827e+04 -1.105531458825233e+05
  2.526139245389688e+09  1.136042984154977e+05 -5.522799616697791e+04
  2.526300233032979e+09  3.609217686797562e+04 -1.221087470998894e+05
  2.526060965697182e+09 -1.282475255222979e+04 -2.237171412684257e+05
  2.526153909988256e+09 -1.200032366453018e+04 -1.360519830374854e+05
  2.525985699025195e+09  6.992356032857695e+04  5.266460285478178e+04
  2.526059325448889e+09 -1.042393530974266e+05  1.256138861663425e+05
  2.526063891564131e+09 -4.864609632528061e+04  1.008170761083828e+05
  2.526153474820272e+09  5.937889121066220e+04  1.347125795904023e+03
  2.525830857607391e+09  6.839521909533953e+04 -1.030785403891986e+05
  2.526060980959133e+09  4.928710813246337e+04 -5.540647946196224e+04
  2.526226665080548e+09 -1.155121547702921e+04  4.190683335755800e+04
  2.526147342117054e+09 -5.012767528605368e+04 -1.287482720069367e+05
  2.526002708142759e+09  3.828226438284619e+04 -9.657631956564964e+04
  2.526192442198559e+09  1.381427961221719e+05  1.047183111740926e+05
  2.526028552564988e+09 -2.230522034267732e+04 -2.941659447868494e+04
  2.526113610890734e+09 -6.055249929147540e+04 -1.019919210790937e+05
  2.526027284308391e+09  4.572734937231598e+04 -1.109482561903632e+05
  2.526341445604587e+09  1.907154153462779e+05 -1.090509691939200e+04
  2.526167817017631e+09 -9.796240566481324e+04  9.966429430271056e+04
  2.526147837858409e+09  2.148780033774511e+04 -4.199805100535619e+04
  2.526154505456487e+09 -2.320607608367060e+04 -1.006574662403020e+05
  2.526154950537424e+09 -1.253451361195301e+04 -1.680556952658948e+04
  2.526044223036108e+09 -1.324446645925741e+05  9.181322165950295e+04
  2.526001316347583e+09  2.476492053657677e+04 -2.423027176525700e+04
  2.526159651709646e+09 -4.892775901683990e+04 -3.412454645218985e+04
  2.526224574206605e+09  6.293243186988958e+04  1.021863254774107e+05
  2.525925218441333e+09  8.229272334378469e+04  2.030202045967469e+04
  2.526083927782430e+09 -7.177040310153924e+04 -3.383630192473030e+04
  2.525901462792998e+09  7.582170466108189e+03  1.206152694059140e+04
  2.526123336252232e+09  1.322536999676844e+05  1.116831604574861e+05
  2.526208880575885e+09 -6.344790329496755e+04  1.787258800803520e+05
  2.526223312095718e+09 -5.978831991538918e+04  7.074247976648656e+04
  2.526063610222811e+09  8.076652126758359e+03 -7.393367663641600e+04
  2.526009006830924e+09  3.278537484337442e+04  8.480781617397792e+04
  2.526218284077721e+09  1.290858823334380e+05  2.139539345323513e+05
  2.526174021660791e+09 -9.330128123316611e+04  1.159432066281550e+05
  2.526161812177376e+09 -5.173627323914354e+04 -5.446226424696222e+04
  2.526137986789819e+09  5.575733311297232e+04 -8.373968792762770e+04
  2.526292907961770e+09  2.154280674266005e+05 -1.209244186895790e+05
  2.526074440389823e+09 -2.671463317264968e+04  7.887027160519589e+03
  2.526032497367165e+09  2.854556377420365e+04  5.811217050872371e+04
  2.526217090697016e+09  1.567426527802926e+05 -1.087041963618720e+05
  2.526142971844357e+09  1.249535960670898e+04 -1.239306623242420e+05
  2.526195931453745e+09  6.279131553597294e+04 -5.381593282593647e+04
  2.526198076014612e+09 -4.195370085565839e+03  1.152397707099895e+04
  2.526036771410951e+09 -3.937287494074239e+04  1.041101243441289e+05
  2.526120234487996e+09 -1.044682404648322e+05  4.811958316381788e+04
  2.526128953940391e+09 -3.679004237974703e+04 -1.080297138139479e+05
  2.526333042658215e+09  9.869796353752818e+04 -1.398126147414056e+05
  2.526169617971395e+09 -6.339619339807704e+04 -1.861413978464106e+05
  2.526047795021115e+09 -5.421775771053508e+04 -1.182778808906619e+05
  2.526100486473432e+09  1.190218901695032e+04  1.721762626838183e+04
  2.526003445881489e+09  5.521350481792819e+04  4.011019824608963e+04
  2.525954691490704e+09  1.712441389349378e+05 -3.694830341619602e+04
  2.526028902108666e+09  6.921219016076613e+04 -2.762420445944997e+03
  2.526283844409552e+09  6.724131310663660e+04 -6.595514694224068e+03
  2.526079750053199e+09 -3.970419400153600e+04  4.373233958489669e+04
  2.526198337769157e+09  1.632617447476727e+05  1.197696049614286e+05
  2.526081100969466e+09 -6.593945029549178e+04 -3.977885260411639e+04
  2.526005740468601e+09 -2.176031935481587e+04 -1.249813791655903e+05
  2.526089119662745e+09  1.095111844748571e+05 -7.765499875580659e+03
  2.526108650117306e+09 -1.051158049402526e+04  4.603147196977190e+04
  2.526053387166401e+09 -6.645876802188810e+04 -6.122205713714717e+04
  2.526252936997722e+09 -2.002931621786954e+05 -1.141288959409581e+05
  2.526053456406403e+09  1.779941052622917e+05  2.683156198866965e+04
  2.526120914760705e+09 -1.181220886312056e+05 -1.161050934846767e+05
  2.526173190487739e+09 -5.352896353588044e+04 -7.178866861480285e+04
  2.525985489780539e+09  2.143696408441640e+04 -5.514187466460458e+04
  2.526047992014676e+09  2.215282493936425e+05 -1.062588518318154e+05
  2.526053824833424e+09  2.044219749359317e+05  4.380883229224011e+03
  2.526138106104776e+09 -1.191894448232827e+05  1.144900363224407e+05
  2.526017465083302e+09  1.181039513121089e+05  3.863101928013354e+04
  2.526103296063743e+09 -1.221008879021454e+05 -7.330208191418217e+04
  2.526052898354436e+09 -5.539174830270291e+04 -8.111136341556907e+03
  2.526008415022180e+09 -4.091070858848440e+04  2.554682079730602e+04
  2.526127751670839e+09 -2.327524368724155e+05  5.643701771445479e+04
  2.526127666166239e+09  4.734626536686206e+04  9.024950732778385e+04
  2.526163638880707e+09 -6.602869758244418e+04  9.422024091080239e+04
  2.526252845136415e+09 -4.031441828286857e+04  9.686822236946225e+04
  2.526195659635929e+09 -4.137636766946426e+04  8.832548980061500e+04
  2.526163184972032e+09  3.115959054925432e+04 -2.898025721032638e+05
  2.526220578822947e+09  2.950006683469063e+04 -1.168131247217000e+05
  2.526032581848608e+09 -1.584835149096427e+05 -2.166986537536739e+05
  2.526253037915174e+09 -1.054067301597109e+04 -2.448152816280012e+05
  2.526020691249951e+09  2.156509466126537e+05  2.516623583177070e+04
  2.526261509661470e+09  1.023351773525813e+05  1.736087778293574e+05
  2.526313680616318e+09 -7.120784779092268e+04 -1.515241077443166e+03
  2.526025588899926e+09  3.687097564457502e+04 -1.069490461045614e+05
  2.526148250463256e+09  1.221595417351204e+05  7.361487943872798e+04
  2.526086025396806e+09  1.715961472725874e+04  1.633176478919340e+03
  2.526230635667317e+09 -1.753506914446736e+04 -3.082297582421161e+04
  2.526171292360833e+09 -8.907963330557256e+04  2.879059888985427e+04
  2.525895192576761e+09  1.501083266537963e+05 -2.053167916355531e+05
  2.526214057449866e+09  4.617828103544354e+04 -1.909630185719887e+05
  2.526193421097042e+09  1.216600310415495e+03  1.462834991325252e+05
  2.526300036723444e+09  8.401363376922952e+04 -4.358370216244215e+04
  2.526067154379296e+09 -1.037841584760305e+05  3.340720726512652e+04
  2.525922722747897e+09  1.923893210098995e+05  1.225705993728290e+05
  2.526080715020236e+09 -8.407443500740372e+04  1.223396970283636e+05
  2.526024183187016e+09  1.370907334640266e+05 -6.741387142121140e+04
  2.526262182712646e+09  6.847115103640198e+04 -8.495500695436215e+04
  2.526168092906626e+09  3.959035111053614e+03 -2.229434012005059e+04
  2.526216270721097e+09 -7.155905779729667e+04 -5.451323364289264e+04
  2.525974310654057e+09 -4.281210434705915e+04 -1.514694550319964e+05
  2.526117645793039e+09  1.346028292663353e+05 -2.015802689835378e+05
  2.526113126317394e+09  6.426240166839957e+04 -1.596962152171293e+05
  2.526207448655080e+09  1.109273314366213e+04 -6.767140817520302e+04
  2.526168221197357e+09  4.571228152743774e+03 -9.257614197013644e+04
  2.526181366410406e+09  2.023917685916552e+05 -1.067162083689440e+05
  2.526185600043930e+09 -4.797186152940104e+04  9.929215185397537e+04
  2.526125132599922e+09 -1.011496647915007e+05  1.413233152603609e+05
  2.526162324904963e+09 -7.732227273943997e+04  5.322136596355611e+04
  2.526102032261102e+09 -7.542151438472312e+04 -3.336787834346364e+04
  2.525917865041504e+09  1.559433429555224e+05 -4.260458396703890e+04
  2.526209279913206e+09  1.851690037014871e+04 -8.233637440657982e+04
  2.526109402940187e+09  1.673596138198924e+05  3.505602216423716e+04
  2.526160071986895e+09  9.687254158717798e+04  1.611838813029224e+04
  2.526147437979156e+09 -9.929842834658129e+04 -4.199460218283918e+04
  2.526092593856184e+09  1.848906267589087e+04  7.116718290120945e+03
  2.526034513311692e+09  8.931517354256671e+04  1.210342478146791e+05
  2.526156829140865e+09 -9.196849731285986e+04  1.561464170505868e+05
  2.526194846926325e+09 -3.209794151219085e+04  1.137551236053891e+05
  2.526132223535525e+09  9.388625271389959e+03  7.104523504802375e+04
  2.526262727513424e+09 -1.334850215907674e+04  5.684810468549922e+04
  2.526104230918673e+09  2.107591582056007e+04  5.960586384425452e+04
  2.526055435445879e+09 -1.269097213409789e+05 -2.074592959948726e+05
  2.526406000308162e+09 -3.139498429450920e+04 -2.626639355841901e+05
  2.525990283749587e+09 -1.040414078215117e+05 -1.029705820955422e+05
  2.526068616591949e+09 -1.602559829794336e+03  2.791894691293701e+05
  2.525997640162288e+09 -6.627989831509627e+04  1.849402430631826e+04
  2.525983959972647e+09  1.135477140203121e+04  3.575272590105888e+02
  2.526088932643888e+09  5.479938648949796e+04  6.779921240458780e+04
  2.526250909743258e+09 -4.876108740765322e+04 -4.382203340737219e+04
  2.526245768793657e+09 -6.143941646569036e+04 -3.972690726279817e+04
  2.526134866980099e+09  1.045508464329102e+05 -2.270118833528087e+04
  2.526215890625069e+09  1.327114439826748e+05  1.013781218578980e+05
  2.526227977862442e+09 -1.450993776377478e+05  4.228268653507717e+04
  2.526223641488166e+09 -1.194216403750237e+04 -8.107384179854905e+04
  2.526037900670238e+09 -1.179216098363443e+05  9.168842621754203e+04
  2.526079681934259e+09  1.022585943931760e+04 -1.090658240273155e+05
  2.526309626254930e+09  3.614698437040159e+04 -8.516681002736650e+04
  2.526149530275501e+09  7.233401824104972e+04  7.794833978102379e+04
  2.526214698102592e+09 -5.691775345600507e+04  4.501781224329455e+04
  2.526064826785565e+09 -4.984558487265767e+04  2.710927643532912e+05
  2.526218197263190e+09 -2.900321903729718e+04 -1.713578483731377e+04
  2.525996505714737e+09 -6.038945313385630e+03 -7.092432972483331e+04
  2.526271040573471e+09  1.771456884282874e+03 -1.187338868757238e+05
  2.526056311267824e+09 -9.271819049109053e+04 -7.886811044210865e+04
  2.526160358935442e+09 -7.614506602454267e+04 -1.140119066584809e+04
  2.526180122400454e+09 -7.543745601552888e+04 -5.602985873873718e+04
  2.526117651967194e+09  1.999049975748281e+05 -1.310411060988801e+05
  2.526056591111370e+09 -2.906825008461782e+04 -1.723712976295507e+05
  2.525976214486392e+09 -8.347273079974833e+04 -1.786369890452800e+05
  2.526097374722926e+09  2.262425846891720e+05 -1.697562357446132e+04
  2.526028222865353e+09 -1.066920986459107e+05  1.360625207759254e+04
  2.526141426462996e+09 -3.901185075247334e+04 -5.912000986612332e+04
  2.526176190295587e+09  4.530213539104236e+04 -6.717988894729468e+04
  2.526243902398223e+09  1.459443971733762e+05 -7.853778257557796e+04
  2.526190256505567e+09 -8.014523029439885e+04  1.450428752647444e+05
  2.526162755380975e+09  6.317583183191512e+04  1.673472934245529e+05
  2.525944492849278e+09 -1.156260942872928e+05  1.949040821737570e+05
  2.526316159991649e+09  1.023895242630781e+05  8.618116903590877e+04
  2.526218243694510e+09  5.571951087822206e+03 -1.142729916801841e+05
  2.526169515025791e+09  2.516372555677223e+04 -7.368729846795090e+04
  2.526198421486857e+09 -3.615212108844891e+03  8.401899937115761e+04
  2.526051790120392e+09 -8.593358118775743e+04  5.860993846951774e+04
  2.526148768103477e+09  2.023436330228350e+05 -1.399541702873004e+04
  2.526008273404413e+09  1.463282306517451e+04  8.694763887331029e+04
  2.526052239174991e+09 -1.054089953995211e+05  2.114572086892310e+05
  2.526047932908461e+09  1.481814629473115e+05  1.148185362560702e+05
  2.526210296056014e+09  6.281608404695714e+04  1.204118400339132e+05
  2.526256736002294e+09 -1.087807452749655e+05  7.147175127123488e+04
  2.526025727661387e+09 -6.008252205556235e+04 -1.130924468513586e+05
  2.526176304767770e+09  1.877245059236761e+05 -2.021510448981947e+05
  2.526112237851325e+09  4.096290143794613e+01 -4.192721062519407e+04
  2.526095989582676e+09  1.566552912866808e+05  1.853133735429520e+05
  2.526277658315123e+09 -8.023080365383811e+04  9.358781465120264e+03
  2.526136600970785e+09  2.898650895449409e+04  3.336363087362959e+03
  2.526326859560162e+09  4.423096358869399e+04  3.101186679707421e+04
  2.526161493117904e+09  9.232624979055941e+04 -7.276100261232303e+04
  2.526206135315920e+09  5.263798048759223e+04 -4.356438981525647e+04
  2.526043274061178e+09  4.281770897692256e+04  2.871225923929154e+04
  2.526048276644565e+09  9.648161148501886e+04  6.007976148658735e+04
  2.526166869806461e+09 -9.440620573010226e+04  1.525443758967500e+05
  2.526083672589497e+09 -9.711906697935198e+04  2.103728421304983e+05
  2.525933539746065e+09 -9.244810244904441e+04  1.431114736644197e+05
  2.526272051282838e+09 -8.351516837728675e+04  8.648400081909786e+02
  2.526173339176112e+09 -3.966415706399130e+03 -1.817933632926063e+05
  2.526164197622288e+09 -1.974791731166972e+05 -1.880488781647859e+05
  2.526169344530385e+09 -1.614360610260919e+04  3.262056138647255e+03
  2.526082141114491e+09  2.738839733798997e+04  1.383420858623117e+05
  2.526073444188871e+09  2.298840073475777e+04  1.420047476487402e+05
  2.526003774256987e+09  5.234736281959619e+04  8.072508075565961e+04
  2.526024405569376e+09 -7.406494991988991e+03 -2.101610136765521e+03
  2.526094565666148e+09  3.453639267377625e+04  5.462293516057485e+04
  2.526145757991794e+09 -1.194296095379018e+05 -1.031324388212629e+04
  2.526119486341952e+09  7.698082446982292e+04 -7.461959162591619e+04
  2.526019600298885e+09  3.730647343333159e+04  8.642032764497865e+04
  2.526261125536841e+09 -1.318037271302589e+04  1.762155695927357e+05
  2.526098067928304e+09 -1.873841884476347e+05  3.133925353702600e+04
  2.526152012870338e+09  2.579629376557114e+04 -1.624293426812603e+04
  2.526031423910073e+09  6.541110496020853e+04  1.332430944359949e+03
  2.526076123700016e+09 -2.632421052212891e+05 -2.895453577895998e+03
  2.526021591461662e+09 -5.112565169130062e+04  1.727751416672650e+04
  2.526068765961613e+09 -2.110765705437055e+05  6.437115828801435e+04
  2.526232902156687e+09 -6.101205715894059e+04 -5.096115296363132e+03
  2.526154490332300e+09  2.549151374390253e+04 -1.823516410929151e+04
  2.526130772350130e+09 -7.610456637093634e+04  1.450830432375971e+05
  2.526023713175175e+09  8.876453147804202e+04 -7.289106737325166e+04
  2.526131683642046e+09 -2.474857491472806e+04 -1.014545416886685e+03
  2.526196954081068e+09  1.008276105446985e+05  6.552129304633039e+04
  2.526112975177033e+09 -1.750346844800485e+05 -1.354482921951765e+04
  2.526079997647404e+09  2.365541817525669e+05 -7.700893848960125e+04
  2.526165923855776e+09 -2.171656933367901e+04 -5.481224823510577e+04
  2.526010246923231e+09 -8.018631397794205e+04  1.045331280115562e+04
  2.526086121203520e+09 -1.198889863042574e+04  2.543846098641999e+04
  2.526211146384667e+09 -6.552360616150544e+04 -4.750289401650254e+04
  2.526087041916533e+09 -9.202330957792490e+04 -1.063475634246034e+05
  2.526179523967527e+09 -1.436553894889620e+05 -6.622896288444777e+04
  2.526107335443300e+09 -7.229896472802048e+04 -8.967625503615476e+04
  2.526133735250333e+09  1.332185084420955e+04 -5.247974000874115e+04
  2.526156330484793e+09 -8.503492566323467e+04  2.175026060285699e+04
  2.526169141800671e+09  1.775057884232739e+05 -2.678177532867296e+04
  2.526156337400187e+09 -1.233250775211119e+05 -4.871205250851682e+04
  2.526173476647177e+09  4.760021535438276e+04 -3.868820521179936e+04
  2.526192003969067e+09 -1.242344313685355e+05 -2.285448014070940e+05
  2.526099525341903e+09  1.394570675022296e+05 -1.231089866422296e+05
  2.526125536781321e+09 -6.843267678392504e+04  1.191552594096074e+04
  2.526037201300781e+09  2.271997928586907e+05 -1.749645958043169e+04
  2.526150766810102e+09 -5.329082551483973e+04  1.154597859164333e+05
  2.526091320172610e+09 -1.032163877685748e+05  2.304473052709601e+05
  2.526034137412980e+09  4.219066563178832e+04  2.044530160500489e+05
  2.526144059197837e+09 -5.257964617067808e+04  5.257375352658058e+04
  2.526004499978449e+09 -2.528343242302807e+05 -4.060748018813552e+03
  2.526117135454743e+09 -1.071552680285351e+04  9.904337445741985e+04
  2.526289693864224e+09 -3.905886965824990e+03 -5.133094658738992e+03
  2.526041974839242e+09  3.265951497440740e+04 -1.281140043277644e+05
  2.526139901888812e+09 -2.350406137049559e+04 -3.714301577139241e+04
  2.525906817134516e+09  5.374460397061706e+04 -8.755724297613709e+04
  2.526046070988066e+09 -2.372191002585715e+05 -6.984713353567504e+04
  2.525952656232296e+09  9.430838901344454e+03 -2.372343521257397e+03
  2.526057997941192e+09 -1.646064186649858e+05  2.278234611875913e+04
  2.526330754023775e+09 -8.119481818899210e+04  8.197620392460423e+04
  2.526149434904182e+09  3.564887375862617e+04  7.004899076280766e+04
  2.525908223153392e+09  1.037584594163531e+05  4.412861037885916e+04
  2.526234546017422e+09  5.274021534986969e+03 -5.809634257461847e+04
  2.526097183373266e+09 -7.745116935230413e+04 -7.655587447977229e+04
  2.526132927153649e+09  6.576665674665105e+04  8.091602910078550e+04
  2.526281367652927e+09 -3.744047588270984e+04  2.032180368864234e+05
  2.526182084837296e+09  7.021775766069564e+04  1.693282762009674e+04
  2.526215122601576e+09  6.077634713496476e+04 -3.825850908207451e+04
  2.526041817125780e+09 -1.322233474700892e+04  1.276276879901283e+05
  2.526178897689311e+09 -1.213141620201568e+03  2.729707255946286e+04
  2.526069879048426e+09  1.698123826242853e+05  5.057198445450317e+04
  2.526260858449718e+09 -1.359687671265426e+05  6.278198899658630e+03
  2.526156961786133e+09 -3.819429028852173e+04 -6.507212790599791e+04
  2.526220487384120e+09  4.633295111482538e+04  5.664974145125598e+04
  2.526194857946724e+09 -1.454203666067496e+04 -6.302119151833095e+04
  2.526150028470194e+09 -1.503950482448204e+05 -5.095644208346726e+03
  2.526148446625490e+09 -7.213904578133079e+03 -1.899011642013071e+04
  2.526035103811967e+09  1.158360416030308e+05 -7.488474851170235e+03
  2.526095226266858e+09  3.722378981552063e+04  6.523703083877242e+04
  2.526080635018542e+09 -8.157159507410426e+03 -1.491292167885927e+03
  2.526156954940678e+09 -3.308278214545338e+03 -1.341784417787753e+05
  2.525859704501072e+09 -1.584892415540311e+05 -2.237421165947965e+04
  2.526151803344615e+09  1.664920981037838e+05  8.675211389123782e+04
  2.525955207686956e+09 -9.661461581933952e+03 -1.292019185511759e+05
  2.526245884757181e+09  3.091189054805553e+04 -1.543236383070224e+05
  2.526204645363566e+09  1.517922278136599e+05 -3.890086997038522e+04
  2.526066265115142e+09  5.297779128067824e+04  1.384806042110671e+05
  2.526142484523911e+09  9.243733595232142e+04  6.312448939694831e+04
  2.526139368944746e+09  2.003260259964161e+05 -4.734541476250743e+03
  2.526274859199467e+09  6.794108669728687e+04 -5.451231222630036e+04
  2.526177087093011e+09  4.133948369568563e+04 -8.161165322661749e+03
  2.526240363617891e+09  1.605567776309226e+05 -5.317508767521977e+04
  2.526052923130933e+09 -7.883004093695973e+04 -1.368747644347686e+05
  2.526040651534968e+09 -7.863906204410811e+04  3.407942183577153e+04
  2.526145778554611e+09  1.278619013615401e+04  9.275682159290346e+04
  2.526175227398235e+09  5.177759349743463e+04 -9.026578671396989e+04
  2.526075822569943e+09 -7.631108478502449e+04 -1.985495299744937e+05
  2.526159855620017e+09 -1.016644324550582e+05 -4.633562832296407e+04
  2.526243851932598e+09  2.060913560289145e+04  6.390714215597766e+04
  2.526096453466059e+09 -8.875031689328680e+03  2.263493885586471e+05
  2.525999350041766e+09 -3.537640637419373e+04  2.003273428410665e+05
  2.525966387739429e+09  5.435519998319820e+04 -1.534625518049213e+04
  2.526158479258254e+09 -4.818846436973254e+04  4.521375465161167e+03
  2.526124761613698e+09 -2.327869676249591e+04 -6.235698613354436e+04
  2.526362791235492e+09  1.339994544664652e+05 -7.949046818098403e+04
  2.526078195466282e+09  4.553090133061423e+04 -1.077069266095289e+05
  2.526068882130652e+09  2.794844313266346e+05  3.049895722080127e+04
  2.526228470722507e+09  1.589263519740484e+05  3.007347422850039e+04
  2.526165203536261e+09 -4.020361532609933e+04  2.314326812628773e+04
  2.526006667983641e+09 -6.896046500427905e+04  6.293950459514618e+04
  2.526074365789901e+09 -5.807900037647062e+04  1.658313211473136e+04
  2.526190809565361e+09 -1.042863956540995e+05 -9.707368578402093e+03
  2.526192554046243e+09  6.198742316194141e+04 -2.630656898826895e+04
  2.525974472208660e+09  1.718090365760088e+05  7.304385032658675e+04
  2.526192043593364e+09  4.587549671473564e+04  1.222212455490083e+05
  2.526102821888348e+09 -1.162321181195008e+05  1.071595429901374e+05
  2.526039565717863e+09 -5.545159882882284e+04  1.995255985632672e+05
  2.526253038142454e+09 -1.380594362602517e+05  1.108418497811088e+05
  2.526048441733171e+09  1.050095724037637e+05 -9.880462660784833e+03
  2.526066344574285e+09 -4.407970427940623e+04  1.066580896692001e+04
  2.526024328102247e+09  1.772731424868706e+05 -7.847543422470312e+04
  2.526206724657562e+09  6.577442089564982e+03  6.563903680255412e+04
  2.526138908923546e+09  2.186833355000836e+04 -9.736411505234218e+04
  2.526185314814091e+09  2.914669269914868e+05 -1.095731752492636e+05
  2.526349976191047e+09  1.527674035965803e+04 -1.179063800349799e+05
  2.526012900598868e+09  8.122836829245393e+04 -1.237115424258797e+05
  2.526083515179646e+09 -6.522939775931183e+03 -2.675456686518501e+04
  2.526029843068104e+09  6.568718303198391e+04 -8.991779009564314e+03
  2.526183833143707e+09  5.852612410743313e+04 -7.110116848337301e+04
  2.526105108702962e+09  9.952913827417279e+04  4.215404370166472e+04
  2.526162505792544e+09 -1.230416306382981e+05  1.889843586622264e+05
  2.526140949266454e+09 -1.469550830765127e+05  1.693094363329520e+05
  2.526000636045687e+09 -4.425141132793762e+04  1.209747500651501e+04
  2.526051290774862e+09 -1.692761240265514e+05 -2.498312038013188e+04
  2.526216951801561e+09  1.260810547303667e+05  1.319279383992953e+05
  2.525987906934249e+09  2.099056638539345e+05  1.488836626080133e+05
  2.526162057569313e+09  2.588307604065055e+05  1.388430207502304e+05
  2.526167543122776e+09 -1.656379469948052e+04  2.896673164077307e+04
  2.526045922563973e+09  1.809431981435854e+05 -1.965774911119917e+04
  2.526109095845571e+09  8.808440896823726e+04 -3.680602391380642e+04
  2.525954420521887e+09 -3.921574861845386e+04  1.237476350262910e+05
  2.526039596228598e+09  4.250385701672899e+04  5.638790848303819e+04
  2.526078174019348e+09 -1.573698247264330e+05 -1.763746328240426e+05
  2.526087356952906e+09  1.409821718457702e+05 -5.781159026263584e+04
  2.526229362643236e+09  1.898592855969863e+04  7.703355220038840e+04
  2.526071948107505e+09  7.084321782114287e+04  1.874124328576850e+05
  2.525965473835943e+09  2.875399046492809e+04  1.624462032934028e+05
  2.526112132644051e+09 -6.771079237079062e+04  4.391736145854113e+04
  2.526004784462325e+09  1.375588796737004e+04  1.249492251126575e+05
  2.526131992912391e+09 -1.684104109475766e+05  2.042766784688485e+05
  2.526251999722282e+09  6.869986503096297e+02 -1.080673041426088e+04
  2.526223545941685e+09  2.651107398512496e+05 -9.769215754603571e+04
  2.526151903703188e+09  1.893724477145562e+05  4.731383790260577e+04
  2.526073422115709e+09  8.080350712824828e+04  1.578421588598969e+05
  2.526109399250761e+09  1.566433491427000e+05  8.356640703916077e+04
  2.526220998193402e+09 -4.434083432771530e+04  4.629327685481403e+03
  2.526202463477834e+09  1.901336063950879e+03 -1.298837685716427e+05
  2.526108288771877e+09 -1.035994494750025e+05 -1.312063092784088e+05
  2.526300079687337e+09 -1.412254870624988e+05  1.403048277993163e+04
  2.526309530111764e+09  6.922356246425188e+04  3.766763658013311e+03
  2.526068698113190e+09  4.545724493770418e+04 -7.529995457886858e+04
  2.526165158550163e+09  5.002163703569910e+04 -9.006212121650111e+03
  2.526249063084654e+09  1.015224001572637e+05  5.207360593407368e+04
  2.526319940393793e+09 -1.179001461083023e+05  6.360605736019835e+04
  2.526156700840031e+09  9.472782490512216e+04  1.721836193963654e+05
  2.525972873930393e+09 -1.496778028345815e+05  6.302537408767338e+04
  2.526275830886289e+09 -5.729625985659542e+04 -3.123894809176633e+04
  2.526217451155526e+09  9.070432197966098e+04  2.425884888896189e+04
  2.526198274015869e+09 -1.563070291968266e+04  9.148456523248320e+04
  2.525980514400212e+09  1.820506691622481e+05  4.601090761646628e+02
  2.525969653028510e+09 -3.534882608324033e+04  1.092604938745217e+05
  2.526236846502740e+09 -7.988486616463924e+03  3.619409826324554e+04
  2.525915419363935e+09  5.698370948429965e+04 -1.914297912316597e+05
  2.526253238477984e+09 -2.337756290493341e+05 -1.792109770974340e+05
  2.526255886052842e+09 -1.501970999668872e+05 -3.646221324240370e+04
  2.526165570765808e+09 -4.760606344981119e+03  8.002477771936217e+04
  2.526159984181282e+09  4.618815645154723e+04  1.473856984559227e+05
  2.526029466996582e+09  1.741241964545882e+05  1.764517138520507e+05
  2.525877764618098e+09 -2.854324061806255e+04  2.267267506361350e+05
  2.526188476347675e+09 -8.205285717607103e+04  1.691654035824144e+05
  2.526204914020508e+09  1.839193995373347e+04 -2.850459887523553e+04
  2.526155594613412e+09  1.064543727177333e+05 -1.283635269055146e+05
  2.526067102970303e+09 -2.005238771075569e+04 -8.144073105652281e+04
  2.526116484735722e+09  2.871374113295111e+04  6.709820189101202e+04
  2.526252991953716e+09 -9.879078496333204e+04  7.628419182001147e+04
  2.526104311422711e+09  1.454516403580724e+05  2.637319222920220e+05
  2.526055959664421e+09  3.488611119399709e+04  1.922112567121009e+05
  2.526078082380518e+09  9.960953194814478e+04 -4.589999063688796e+04
  2.525982694397677e+09  6.008701855680556e+03 -8.959919565544929e+04
  2.526007171181389e+09  1.641915678862133e+03 -2.153875662255314e+05
  2.526254112269892e+09 -2.084631120557614e+05 -6.819052599291014e+04
  2.526104496253176e+09 -5.289503386561573e+04  7.492910769891448e+04
  2.526110049225953e+09  6.180246573334764e+04  1.470789797236864e+04
  2.526117812284385e+09  2.029601808368319e+05  1.471513240555528e+04
  2.526238959190904e+09  4.802469028028002e+04 -7.462351657602412e+02
  2.526080585279963e+09  1.188043287990567e+05 -5.191176773538068e+04
  2.526108702089705e+09  1.683338739738939e+04 -1.086510450488164e+05
  2.526066318629936e+09  2.743736618651940e+05 -2.386464917916269e+04
  2.526154391870845e+09  9.122682698328106e+04 -2.010829053174489e+04
  2.526286516952802e+09  2.342302452769037e+04 -5.168559033828019e+04
  2.526098192410401e+09  4.408324195917968e+04  4.500273599316226e+04
  2.526160110976655e+09  6.068447683899384e+04 -1.114552576367459e+05
  2.525961602752551e+09 -6.075443756470486e+03 -7.063960097379121e+04
  2.526068195958712e+09  3.621478186995897e+04  1.773347252230346e+04
  2.526069477776968e+09 -6.983786229235493e+04 -3.403333987805061e+04
  2.526194890026776e+09  1.320816877355622e+05  1.199748272530394e+05
  2.526289323415454e+09 -1.005320357827694e+05  1.885869168860498e+05
  2.526195358886694e+09 -7.666607671605051e+04  5.178207497142185e+04
  2.526264744302486e+09  9.908166978774563e+04  8.235029806544649e+04
  2.526066565014779e+09  5.155586276161809e+04  1.401735587019536e+05
  2.526166382918253e+09  9.669380900473520e+04  1.397328538505139e+04
  2.525980282164390e+09  6.324978040919250e+04 -1.384542967843025e+05
  2.526021002534936e+09  5.047944629633913e+04 -8.537064805220347e+04
  2.526334135172458e+09  7.184751924155722e+04 -3.609357581515331e+04
  2.526146429666128e+09  8.295934332195472e+04  9.049788107078965e+04
  2.525969507603567e+09  7.886833627624030e+04  2.335608038213272e+05
  2.526119570618898e+09 -4.143021782265883e+04  9.185681453215797e+04
  2.526384282425200e+09  3.745481802290746e+04 -7.596412727779965e+04
  2.526063531085187e+09 -1.149683341234904e+05 -2.019883370556344e+05
  2.526285727738356e+09  4.269608769452514e+04 -1.765234811177799e+05
  2.526153381635251e+09 -1.901836443923991e+05  2.965703896271437e+04
  2.526232329399423e+09 -5.764785100682336e+04  7.093005065624474e+04
  2.526073692044611e+09  1.148161611058249e+04 -7.595375005724723e+04
  2.526104508931683e+09 -5.043428526410006e+04 -1.204357050220326e+05
  2.526084207549345e+09 -8.404016940614214e+04 -8.527347229854122e+04
  2.525942138056064e+09  9.253051924264625e+04 -1.076984085529365e+05
  2.526182380476532e+09  3.493745115378790e+04 -1.170035996076189e+05
  2.526298996567269e+09 -1.402641193954237e+05 -1.260309441087709e+04
  2.526077956434547e+09 -2.477625278964895e+04  9.650454357263690e+04
  2.526165842187800e+09  7.070222822488518e+04  8.509755393830515e+04
  2.525903781392233e+09 -4.426384829861025e+04  1.115427820351019e+05
  2.526178925483295e+09 -2.774259485136071e+04  7.538624106475525e+04
  2.526186177975163e+09 -1.468280501723052e+05 -1.929617627221812e+04
  2.526059386175883e+09  7.476516636125263e+03 -1.083594338548139e+05
  2.525991855341810e+09 -1.888894223984780e+05 -7.017027155120322e+04
  2.526039439957641e+09  9.352267926639671e+04 -6.618097492649872e+04
  2.526147312338531e+09 -1.472258261801323e+05  8.276428890102229e+04
  2.526240121584678e+09 -8.980500476652151e+04  1.956703612448408e+05
  2.526060675425642e+09  4.677539440636931e+04  3.705706255991478e+04
  2.526080479025313e+09  6.365751695396751e+04 -4.636957520961761e+04
  2.526096722280470e+09 -1.953602148412655e+05 -9.053881759734370e+04
  2.526171250686440e+09  8.974585862238900e+04 -3.430728841781570e+04
  2.526117152059855e+09  1.390645523812546e+04 -1.111044816915877e+04
  2.526123606408745e+09 -1.007948171315002e+05 -4.263753389338613e+04
  2.526157753530794e+09  3.214505682898592e+04 -3.096914788581664e+04
  2.525997061870860e+09  1.309031771194370e+05 -2.866729500812636e+04
  2.526123716551689e+09  5.382665400230500e+03  6.855981486336910e+04
  2.525959391297803e+09 -1.576017474604241e+05  1.451254379282065e+04
  2.526096848770119e+09 -2.395619297644327e+04 -1.019316773945598e+05
  2.526192445196834e+09  2.118763356028683e+05 -1.096287357172437e+05
  2.526122353615149e+09 -8.411512935389299e+03 -6.750274175486655e+04
  2.526224935984068e+09  1.244932820146465e+05 -9.136274066748214e+04
  2.526000617741217e+09 -1.201008821160190e+05  2.878631502424460e+04
  2.526227654483799e+09  3.829908459400130e+04  1.167819212049406e+05
  2.526193997751067e+09  1.266950986068310e+05  1.699932699827576e+04
  2.526087195930442e+09  1.198451176296296e+05 -4.507641602767806e+04
  2.526203669588161e+09  1.785808600269301e+05 -1.008632372387364e+05
  2.526029775758241e+09  8.054501093637134e+04  1.963522956461372e+04
  2.525982727525855e+09 -3.442114995211619e+04  1.864794913967347e+05
  2.526225548505784e+09  1.174696334582483e+04  1.202777636124975e+05
  2.526141698860587e+09 -7.859045239733881e+04 -8.467959305928089e+03
  2.526221114564792e+09  4.100599316778473e+04 -4.814646889753889e+04
  2.526200321490726e+09  5.447200161995459e+04 -1.348119764023274e+04
  2.526208244055623e+09 -3.203026806942903e+04 -2.554871198655508e+04
  2.526093777315048e+09 -5.155901032521122e+04 -1.050181563952448e+05
  2.526042034022233e+09  1.173663989942318e+05  4.880993704783544e+04
  2.526073341973183e+09  7.905242892016511e+04  2.110266870477057e+05
  2.526029244402942e+09  9.417883328087023e+04  1.322348075309384e+05
  2.525978365454855e+09 -1.939899273170980e+05  3.516958694065013e+04
  2.526223961595501e+09  3.788319516568445e+03  1.036372179349605e+04
  2.525964626214096e+09  9.405662232424913e+04  6.982230248728386e+04
  2.526304475155482e+09  8.679759271593962e+04  1.404971742422525e+05
  2.526086135527726e+09  1.761190047956441e+05  7.615935138673289e+04
  2.526072926079794e+09  1.446493271106901e+04 -1.536493381261607e+05
  2.525893092526652e+09 -1.046055682800675e+05  4.779570584011474e+04
  2.526244199350068e+09  4.027282769324700e+04  1.919335800342315e+05
  2.526056613064447e+09 -1.755254718835826e+05 -5.313465991357173e+04
  2.526088220440090e+09  9.819185244477926e+04 -1.284595327651935e+05
  2.526179013638109e+09  1.684304245417431e+04  2.401637298130483e+04
  2.526146684650270e+09 -2.144503439127060e+04  2.216788080346230e+05
  2.526044950815022e+09 -7.411965208342182e+04  5.255381102215066e+04
  2.526028166686953e+09 -3.172876629075129e+04  5.911963608006644e+04
  2.526070233881175e+09  5.597872970248610e+04  5.902425858371449e+04
  2.526084268364777e+09  6.436726445950521e+04 -4.082473371006059e+04
  2.526168690326559e+09 -9.337244142633281e+04 -2.079897982084129e+05
  2.525946171374343e+09  3.056549113156716e+04 -2.985545073571592e+04
  2.526086250500166e+09  3.783370737952716e+04  1.715434814632172e+03
  2.525991709805926e+09  5.899768396843574e+04  3.705735349680553e+04
  2.526220174118435e+09  6.279533559399052e+04  1.020785034156846e+05
  2.526228554705924e+09 -3.025971757368598e+04  1.029168550576294e+05
  2.525918876375021e+09 -1.677925477945626e+05  1.629412469881729e+05
  2.526246176850691e+09  7.753138343057199e+04  2.090372788779160e+04
  2.526148057230145e+09 -1.140458893217763e+04 -1.766182734783840e+05
  2.526113174548450e+09  2.817063894195331e+04 -7.756289700878691e+04
  2.526184155379838e+09  5.387175063798996e+04 -8.491285125278309e+04
  2.526166403497467e+09 -3.924373937561852e+04 -4.562378028823834e+04
  2.526234293047427e+09  4.757727911986411e+03  1.698921899171709e+05
  2.526016081302546e+09 -8.661065524247743e+04  1.122177885179033e+05
  2.526078602793633e+09  8.432757468582314e+04 -2.810242373121413e+04
  2.526171751809758e+09  1.309895543022503e+05 -1.088502454499642e+05
  2.526144185616098e+09 -5.953276945360331e+04 -1.177758385702414e+05
  2.526050104916573e+09  7.837946625396115e+04  8.003514817190450e+04
  2.526172452970010e+09  7.429136024022732e+04  2.202020953209652e+04
  2.526150783693038e+09  3.117870866882149e+03 -1.629040006765316e+05
  2.525978972066248e+09 -8.544356712509296e+03 -2.955756717215595e+04
  2.526161177159316e+09  8.019759576383955e+04 -7.110364144877531e+02
  2.525929116984892e+09 -2.144665600109070e+05 -1.097231307092154e+05
  2.526045139565680e+09 -5.043587074254057e+04 -8.755985711448616e+04
  2.526007432689102e+09 -5.768299372999405e+04 -5.677243279601401e+04
  2.526232740656854e+09  5.345131132843369e+04  6.099507121200941e+04
  2.526154896824203e+09  3.109056233492563e+04  2.251947526513402e+05
  2.525843261036751e+09  2.339720482489684e+05  1.205602473101311e+05
  2.526095451327312e+09  1.266665793461435e+05  1.084995463522448e+05
  2.526051990738288e+09 -1.167628338437015e+05  2.019408854325956e+05
  2.526179755347382e+09 -4.957964874090531e+04  1.466372426594413e+05
  2.526263249842157e+09  8.756992687450819e+04  9.109875299573108e+04
  2.526152742895424e+09 -3.644606654598052e+04 -5.791354164526053e+04
  2.526095411122955e+09  9.297200589387550e+04 -5.740895516042638e+04
  2.526333993674366e+09  3.895751854114386e+04 -2.196694906012330e+04
  2.525980256384628e+09 -1.279182540506389e+05 -2.263254648969756e+05
  2.526182525914715e+09  1.484479962575412e+04 -1.148469714383769e+05
  2.526271626215151e+09  3.171566507952055e+04  4.063864561298094e+04
  2.526327585704703e+09 -1.276704303065126e+05  1.193306114732497e+04
  2.526175240681992e+09 -7.883791139527468e+04  4.581589016751503e+03
  2.526176031043618e+09 -8.710430439650756e+04  1.319695892486528e+05
  2.526175075910821e+09  7.132735283771320e+04  4.494185228291573e+04
  2.526028299348458e+09 -6.387213547718769e+04 -2.235555491408273e+05
  2.526222813607514e+09  3.035867076342911e+05 -1.479035917492198e+05
  2.526173352805865e+09 -1.299384164746464e+05  7.930683176599070e+04
  2.526304716522936e+09 -4.232301154469652e+04  3.634484711242793e+04
  2.526179225599737e+09 -1.808216795231863e+05  1.296749232930597e+01
  2.526323176402215e+09 -1.955391638725181e+04  3.408202744860924e+04
  2.526012086329926e+09  2.933387210164731e+04  7.310167629927630e+04
  2.526083245258069e+09  2.273144938854496e+05 -2.340337702732254e+04
  2.526229649149511e+09  6.035858308617493e+04 -2.042150185104766e+05
  2.526101627336862e+09 -1.185872680827014e+05  5.587007112548593e+04
  2.526088211367236e+09 -1.036199745654361e+03  1.342075249412108e+05
  2.526051894853418e+09  6.071441222286550e+03 -1.284895688833493e+05
  2.525993051127226e+09 -1.381616990089747e+05  7.302070499767875e+04
  2.525912228944392e+09  1.446936455765998e+05  2.404688291444790e+05
  2.526279928233830e+09 -4.350856991809211e+03  1.353935147323286e+05
  2.526150881053786e+09 -1.554024310120411e+05 -1.932633170533460e+04
  2.526051645397912e+09 -1.683209872954250e+05 -2.096584766344246e+05
  2.526237066912700e+09  3.038158493934879e+05 -1.749368324104238e+05
  2.526101911975777e+09 -1.168520789490535e+05  1.874677148649632e+04
  2.526225400677365e+09 -6.606064159331114e+04 -1.071960390916555e+05
  2.525996867510672e+09  1.162552335271446e+05 -2.268498831360745e+05
  2.526098330314807e+09 -9.148797899632878e+04  1.444836078014297e+05
  2.525997181160343e+09 -4.677191140227672e+04  1.924408948833877e+05
  2.526004611719720e+09  8.067160480575898e+03  2.349656699681049e+04
  2.526269674426678e+09 -4.945240253856801e+04  9.414018610436621e+04
  2.526126387101428e+09 -9.225116832947650e+04  2.285141614649140e+05
  2.526199268005042e+09 -1.405452491619126e+05  2.298937443703706e+05
  2.526147215010317e+09  1.317697081008367e+05  1.421196349590598e+04
  2.526167049023641e+09 -3.210609939573705e+04 -3.657837362099555e+04
  2.526138503503810e+09  1.068643825377068e+05 -1.960900181004331e+05
  2.526074555115491e+09 -4.367279284554117e+04 -3.431203521304941e+05
  2.526030328746798e+09 -1.676499935470010e+05 -9.163926644705725e+04
  2.526042021399848e+09 -1.066205807810465e+05  3.802423767266981e+04
  2.526026148996471e+09  1.587511130730630e+05 -1.997941814681230e+04
  2.526156968540382e+09  1.744476923675850e+05  4.785110382821853e+04
  2.526016639232059e+09  1.252986855928586e+05 -1.820556229781499e+04
  2.526030297434031e+09  6.237662924607331e+04 -5.272635619175609e+04
  2.526170976411462e+09  1.401924751457472e+05 -1.163174060694319e+05
  2.526053787678271e+09  1.375643180692783e+05 -5.686330074987782e+04
  2.525995747491124e+09  2.191296827868803e+04  4.939656861244381e+04
  2.526152986390291e+09 -1.027865506255184e+03 -2.450568069732329e+04
  2.526105024207385e+09  1.875085157253416e+05 -1.253638495029300e+04
  2.526172004244492e+09 -1.940553357785789e+04  1.328592927174829e+05
  2.526065927035832e+09 -3.491722987655498e+04  1.009005546354353e+05
  2.526076709546009e+09 -3.748394138686149e+04 -5.595783496579994e+04
  2.526045930180912e+09  1.523288464537236e+05 -1.249481572690125e+05
  2.526010618526706e+09  1.023954489839944e+04 -1.650672864271831e+04
  2.526195301380238e+09 -1.844346156088239e+05 -9.871169101494702e+04
  2.526047409342413e+09 -8.502763048113917e+04 -3.653283242134051e+04
  2.526091671909355e+09 -3.814526114382129e+04  8.584189598121564e+03
  2.526187938007797e+09 -3.318953561832081e+04 -1.016044478036589e+05
  2.526147326722546e+09  2.649607024554687e+04 -3.942892075452520e+04
  2.526188549277236e+09  7.761097482426115e+04 -9.625707643501740e+04
  2.526166565950606e+09  3.275619109828898e+04 -5.925281801009097e+04
  2.526286122451418e+09  1.087381096671517e+05 -1.329365963799531e+05
  2.526080892292319e+09 -2.618932592842204e+04 -2.244176162341703e+04
  2.526140535673202e+09  6.014388134794452e+04 -6.084529751766281e+04
  2.526094709193771e+09  1.657995531800555e+05 -1.656043654363480e+05
  2.526082774655357e+09 -1.245413684343128e+04 -7.393917102682835e+04
  2.526123900597217e+09  6.532801577279385e+04  3.172417023325455e+04
  2.526131453919351e+09  8.803445702709304e+04  7.215278215135881e+04
  2.526105377662368e+09  4.626333840649741e+04 -3.166570038572280e+04
  2.526039360361137e+09 -8.254932317220740e+04  5.397627684345003e+04
  2.526055837891497e+09 -1.038712036193740e+05  2.893182751424052e+04
  2.526136476626504e+09  6.378349813682272e+04  9.261996837046237e+04
  2.525995135532330e+09 -6.740794706943976e+04  5.753507400541933e+04
  2.526200320613657e+09 -1.001377596996706e+05 -5.497338046215242e+04
  2.526235941891464e+09  7.573914988687116e+03  1.769071856304896e+05
  2.526053634090400e+09  1.577707057887649e+05  1.429696136237246e+05
  2.526096635456554e+09 -3.701682646653755e+04  1.299950387562372e+05
  2.525978335033603e+09 -3.526605062332586e+03  3.299712306407615e+04
  2.526044638253047e+09  1.501417938096286e+04 -1.768521986782113e+05
  2.526209631016657e+09 -2.312888934890076e+04 -1.658727229005052e+05
  2.526156942191798e+09 -5.828288503200654e+04 -3.824679828483635e+04
  2.526347568463818e+09 -6.496703586318559e+04  6.025704326485936e+04
  2.525864830014050e+09  1.840064489997991e+05 -4.152757712881546e+03
  2.526139363635264e+09  3.920838786289399e+04 -5.841060770725197e+04
  2.525982234240209e+09 -1.328209635536766e+05 -9.275766580902570e+04
  2.526113495297305e+09 -8.584980911374709e+04 -1.189415417821635e+05
  2.526171426287421e+09 -1.739936798617863e+05 -1.906830956180044e+04
  2.526132488002739e+09  2.133392512829393e+05  1.781872343202541e+04
  2.526217026002994e+09 -1.450858792222815e+05 -1.092339204778604e+04
  2.526126961747350e+09 -1.659585911537266e+05  5.408347129719066e+04
  2.526076555320619e+09  4.698906664710041e+04 -2.494469590993808e+04
  2.526031021415549e+09 -9.070950860443836e+04 -1.726737017342180e+04
  2.526179486668139e+09 -1.112542198936556e+05  1.715368306024456e+05
  2.525975930675261e+09  1.885051368830074e+04  1.985229319247375e+05
  2.526206403807776e+09 -3.251509647717956e+04  7.370235790089332e+04
  2.526158287952822e+09 -2.141716326488942e+04 -4.959845055288030e+04
  2.526258685904517e+09 -4.496755772867193e+04 -3.193485083561298e+04
  2.526166756729434e+09  6.657177547083364e+04  2.123526161892398e+04
  2.526157853275779e+09 -5.882807848816633e+04  4.456538295331300e+04
  2.526337373062895e+09 -3.687131691109459e+04  1.287958025694017e+05
  2.526313960519058e+09 -2.947648467988612e+05 -6.537727900268277e+03
  2.526160993659546e+09 -5.427597116099135e+04 -1.830101694859588e+05
  2.525923447939537e+09 -1.764622584330249e+05 -9.452730804702395e+04
  2.526147268158415e+09  1.306936768865038e+04  1.834514746714104e+04
  2.526137727405754e+09 -7.512077650207211e+04  3.601306795139471e+04
  2.526030106143583e+09 -2.287689470768673e+04  5.084990334956459e+04
  2.526151205541201e+09 -1.087005718401850e+05  4.728732639727485e+04
  2.526219410889615e+09 -2.423985585311174e+05 -2.228791795425225e+05
  2.526173365419594e+09 -7.808056710404577e+04 -2.197877221684458e+05
  2.525917791073615e+09  1.392057221237523e+04 -5.911006150008235e+04
  2.526101465694372e+09 -1.299518189271817e+05  1.345862290913942e+05
  2.526241515541925e+09  4.608108073039446e+03  2.200713859841967e+05
  2.525828507984984e+09  7.128661316361115e+04  6.370517771078489e+04
  2.526074068334470e+09  7.920160952381021e+04  2.542795624690247e+03
  2.526058654657615e+09 -9.617453415655647e+03  7.839838361646049e+04
  2.525987434993086e+09  1.362626629851023e+05  3.821181676612329e+04
  2.526051525057629e+09 -1.440339789183356e+05  5.729501748831663e+04
  2.526227924119449e+09  3.527040645278688e+04  6.028475532798865e+04
  2.526263247084277e+09  6.520543852257682e+04 -1.194843747403859e+05
  2.526065292372386e+09 -1.334863445863028e+05 -1.595976408027373e+05
  2.526171120323793e+09 -7.885009045777412e+04 -3.215328903942741e+04
  2.526344202437443e+09  1.185273208198687e+05  1.303228765008748e+05
  2.526225437454967e+09 -1.176175019283541e+05  5.567518419781435e+04
  2.526186552040347e+09 -1.124299604947302e+05 -9.571348039990116e+03
  2.526071901061413e+09  2.787468429855607e+04  2.538119968178286e+04
  2.526134867701118e+09 -9.233875343966967e+03  1.925021209434350e+04
  2.526085609904879e+09 -2.461366071663448e+04  3.043603547218716e+04
  2.526148420730111e+09 -1.206871506041796e+05  1.198858891806667e+05
  2.526128492095028e+09  1.088812568327361e+05  2.298212043572828e+04
  2.526122648047137e+09 -4.473010651379393e+04 -9.562752476278544e+04
  2.526252437252627e+09  2.396257122430415e+05 -2.863102983649028e+04
  2.526030596203073e+09  1.805009501419407e+05  7.859219072282338e+04
  2.526192566436256e+09 -8.604554373681778e+03  3.801700254629354e+04
  2.526112781305066e+09  4.316513882327452e+04 -5.786355611628958e+04
  2.525931804665749e+09  3.145683376959595e+04 -8.702782769782442e+04
  2.526307280236312e+09 -4.947072998157272e+04 -1.021024416161400e+05
  2.526254450910063e+09  2.142171349552996e+04 -5.261569737227595e+04
  2.526213287900723e+09  5.990489174505172e+04  5.165356596288981e+04
  2.526021452395525e+09 -1.837027793529982e+04  2.524820109270644e+04
  2.525985160092043e+09 -6.519693222730188e+04 -3.170327623790607e+04
  2.526078310850109e+09 -7.908755717973318e+04 -5.446238346123800e+04
  2.525968154332678e+09 -2.317983886884223e+04 -3.752778227225807e+04
  2.526183204575385e+09  6.938394239400895e+04  9.305934035647340e+04
  2.526313506857700e+09 -9.821280321095779e+04 -6.174421354864145e+04
  2.526178726943098e+09  2.759746749324258e+03 -7.707077488231775e+04
  2.526136769035007e+09 -1.656940187793231e+05  1.819504181926097e+05
  2.525984588983371e+09  9.053898438534583e+04  2.919739467790733e+04
  2.526019328603462e+09 -5.551268889494147e+04  2.875420382920466e+04
  2.525966628452415e+09  4.681835822325677e+04  1.697131799875466e+05
  2.526257233559143e+09 -1.860579536854699e+05  1.794362451308124e+05
  2.526272887720345e+09 -5.862391192104714e+04  6.898593277644226e+04
  2.526036848216960e+09  1.410008744137324e+05 -1.244401183989602e+05
  2.526059277698349e+09  6.848830670951842e+04 -1.097851221078060e+05
  2.526117350810009e+09  7.837090736006807e+04  1.016029174620751e+04
  2.526250594254233e+09 -3.651744204864488e+04  4.458491065122077e+04
  2.526247021067102e+09 -3.716354917810112e+04  8.092233850522421e+04
  2.526154800777529e+09 -8.359313798587758e+04  1.310869701461643e+05
  2.526112898551080e+09 -6.749516571295372e+04  3.006874132766423e+04
  2.526246153476912e+09  1.171253098606691e+05 -2.359504211277710e+05
  2.525949235067800e+09 -7.083445944483601e+04 -2.205367591828944e+05
  2.526164217819889e+09 -7.094447183289425e+04  6.282816835647682e+02
  2.526115247464575e+09 -2.298016283761880e+05  5.597892117551342e+04
  2.526074329906935e+09 -1.028615007233447e+05  6.853886328093125e+03
  2.526163786108014e+09 -1.781875228942513e+05  7.957800714312820e+03
  2.526312899133311e+09  5.762099775525834e+04 -1.182548752000739e+05
  2.526131674366586e+09 -2.454451272941323e+05 -1.383995723706840e+05
  2.526084508828218e+09  7.228388564998750e+02  6.863843064633757e+04
  2.525926719958531e+09  6.988541998264252e+04 -1.479414866974211e+04
  2.526142310255472e+09 -5.088273343479645e+04 -1.098749828477434e+05
  2.526119392158601e+09  7.797180534018000e+03 -1.348512122277125e+04
  2.526139131799582e+09  7.695565716589440e+04 -1.054434973659283e+05
  2.525919144825118e+09 -1.073564719765801e+05 -1.963609864526324e+04
  2.525892292874727e+09  8.107464234175312e+04  3.172652894765561e+04
  2.526132170270234e+09  5.078929955642438e+03 -7.294636468248803e+04
  2.526075765650190e+09  3.436522848660099e+04 -1.959891459037898e+05
  2.526213811134148e+09 -2.903499601426534e+03 -7.450848515421967e+04
  2.526018700460957e+09 -1.167675338518678e+04 -2.632023473668110e+04
  2.526116784939878e+09  1.655069728573528e+04  1.027003307144118e+05
  2.526366169353434e+09 -2.087876554722164e+05  7.307124731768650e+04
  2.526204061063129e+09 -7.053158974867436e+04 -1.340335752746116e+05
  2.526071447849901e+09 -4.238556333514460e+04 -9.509557743498392e+04
  2.526158903853956e+09 -1.954391476112751e+05 -1.302462075647488e+05
  2.526165418814114e+09  9.233531504133740e+04 -3.378335375343519e+04
  2.526062035165372e+09 -5.451140802587126e+04  1.466544234868225e+05
  2.525919281048238e+09 -9.101696436821646e+04  1.126027465460459e+05
  2.525949355953463e+09 -6.559100097458391e+04 -5.721530926531405e+04
  2.526118865785669e+09 -3.082275482887914e+04  1.058240882825779e+04
  2.526217549043708e+09 -7.415775574412232e+04  1.146161019266136e+05
  2.526069344751317e+09  1.920504505953716e+05  2.703860210955425e+05
  2.526059453230104e+09 -1.585847610223247e+04  1.413541863676250e+05
  2.526190893103961e+09  1.519244667009113e+04  1.122105970066458e+05
  2.526156421035434e+09 -9.459344222860446e+04  3.007592710260255e+04
  2.525993126751766e+09  8.829212283114437e+03 -5.466971185920003e+04
  2.526114232072810e+09  6.733386991109257e+04 -2.577010380189802e+04
  2.526176256477447e+09 -4.815783451172709e+04  1.006209719818272e+04
  2.526352904850973e+09  2.910440723225719e+04 -3.203296998349571e+04
  2.526270694948314e+09 -1.760068546850374e+04 -1.591820407150651e+05
  2.526259969301054e+09 -2.162953753270325e+04 -1.461267041609969e+05
  2.526177528870166e+09  6.264936347881774e+04  7.390686662154482e+04
  2.526320241833310e+09 -2.803274775966571e+04  1.250888366502518e+05
  2.525978800964298e+09  3.508069142586307e+04  1.108415465989469e+05
  2.526197256366874e+09  3.290875043548155e+04  1.669325106752212e+05
  2.526083116638942e+09 -1.351339375999435e+05  4.699285314765980e+04
  2.526190465215495e+09  1.314184400487795e+05  6.547443738205824e+04
  2.526049534457574e+09  1.429550966444189e+05  1.062713597699779e+05
  2.526077012597501e+09  9.669329264802346e+04  4.372604261721298e+04
  2.526220992735687e+09  7.204026653324143e+04 -4.622276246949108e+04
  2.526024307799544e+09 -1.351659895013663e+05  8.051038636763114e+04
  2.526226064777252e+09 -4.666222901478963e+04  9.686170511393808e+04
  2.526048041370639e+09 -5.803682559638273e+04 -1.289146977077136e+05
  2.526034124582995e+09  1.598997871579563e+05 -1.109528356497196e+05
  2.525969207681905e+09 -5.590736893661969e+04  2.733466638079425e+04
  2.526207736172893e+09  6.516129086086841e+04  1.047492134814884e+05
  2.526282132824112e+09  7.635033760315622e+04  7.735800962373312e+04
  2.526030794887160e+09 -3.081037659592112e+04 -6.627148597540148e+04
  2.526240153519785e+09 -8.466696279824642e+04 -1.392088753736663e+05
  2.526116125749537e+09  8.211187246325717e+04 -1.413397955183783e+05
  2.526024528651517e+09 -8.533946265997109e+04 -3.619171739134059e+04
  2.526033642900367e+09 -3.357459426577395e+04  6.815424345323304e+04
  2.526048607128360e+09  1.750548519694819e+05  6.111489802238607e+04
  2.526105608001007e+09  9.863991967944428e+03  6.711064029141061e+04
  2.525993840502518e+09  2.369636189943766e+05  4.607059422804528e+04
  2.526199987199365e+09  1.435557078532141e+05  5.146772162306349e+04
  2.526146835532142e+09 -5.318690390589356e+03  8.331125627525919e+04
  2.526031368011446e+09 -9.064038773106449e+04 -8.544284863119735e+04
  2.526125180849710e+09 -3.391436485298970e+04 -1.439186082850501e+05
  2.526147863953459e+09  3.769372412364488e+04 -3.067470744931931e+04
  2.525882323288545e+09 -1.657491355186891e+05 -9.006814056658186e+03
  2.526131577227349e+09  1.117489774480117e+05 -4.007444976849773e+04
  2.526291276433381e+09  1.187590110298747e+05  1.012339926857267e+05
  2.526042663507015e+09 -6.518896340009058e+04  1.948373934884255e+05
  2.526174238371457e+09 -1.379000010400891e+05  5.624193528018997e+04
  2.526256865435544e+09 -9.711275072874402e+04 -2.931484197521058e+03
  2.526168438683886e+09 -9.239508636498265e+04  2.739925465950777e+04
  2.525957234731631e+09  1.302662945381406e+05 -1.662655017583165e+02
  2.526059631331874e+09  2.980511368808593e+04 -1.941045835435391e+05
  2.526201383685434e+09 -6.276207489224593e+04 -2.747012331639312e+04
  2.526108405092136e+09  1.729824912501764e+05  1.683227230539052e+05
  2.526247611478479e+09  2.350513612103877e+05 -6.238835222609690e+03
  2.526099765568392e+09 -7.967333273286023e+04 -7.532497521396389e+04
  2.526170115071157e+09 -1.997593038575649e+05  6.070481088236207e+03
  2.525911989746076e+09 -6.100927755748993e+04 -2.930571466843667e+04
  2.526025402587631e+09 -4.768336256478587e+04 -2.553116642722266e+04
  2.526185767866035e+09 -1.639754401250440e+04  7.121512197340582e+04
  2.526051300065870e+09  5.701519025240559e+03  1.107134307914346e+05
  2.525925542838562e+09  9.316254743523232e+04  1.605140937247598e+05
  2.526099798658928e+09 -8.444210704281920e+04  5.316672359159146e+04
  2.526185629949551e+09 -4.806670248504030e+03  2.412263788333628e+03
  2.526130900782580e+09 -1.311306930533679e+05  1.228174813992013e+05
  2.526051206412618e+09 -4.356177657673309e+04  1.296327972885152e+05
  2.526087624585906e+09  2.296518702312759e+05 -1.798117335318751e+04
  2.526206333242502e+09 -2.440643355503678e+04 -8.688407824871875e+04
  2.526026847946031e+09 -1.002144107280255e+05 -1.063518820008152e+05
  2.526126848327466e+09  2.591388400422130e+04  6.530215923338570e+04
  2.526140959073062e+09 -5.504840786697692e+04  1.167841245899580e+05
  2.526114922715853e+09 -1.174325476346361e+05 -1.171314064952126e+04
  2.526156650018360e+09 -9.124799746016623e+04 -1.253873922765244e+05
  2.526056595686646e+09  6.278546419648058e+04 -5.146347526874080e+04
  2.526081567275185e+09  4.516513675269170e+04  2.092646965399478e+04
  2.526251909449265e+09  1.469021595763303e+05 -2.131789003660053e+04
  2.526170196625810e+09 -1.193101899512541e+05 -4.209898720151762e+04
  2.526172648011308e+09  9.178807814470958e+03  2.125238310855528e+04
  2.526203829058733e+09 -1.243961120486448e+05 -9.796241562015819e+04
  2.526028165982312e+09  2.834013137133885e+04 -1.340897169624576e+05
  2.526087088950095e+09  5.679193493536429e+04 -4.314295633065363e+04
  2.526181947042562e+09 -7.088262543979508e+04 -7.630045371396362e+04
  2.526176957858887e+09  1.091580582094755e+05  7.867620267278113e+04
  2.526237211182186e+09  2.058388168780133e+04  5.776602738665603e+04
  2.526268786027802e+09 -1.086006055947835e+05  8.227070993350679e+04
  2.525971238819842e+09 -8.190808138169115e+04  3.834684687043761e+04
  2.526167386856145e+09 -7.937608893727657e+04  1.055505086625167e+05
  2.526079038056199e+09 -1.746005418321255e+05  2.305394917429756e+05
  2.526110508809619e+09  9.317012997397987e+04  3.141793362508984e+04
  2.526050853837683e+09  2.587333743188262e+04 -1.751204500913472e+04
  2.526009399459173e+09  1.087731790501616e+05 -1.120154508906999e+04
  2.525984423971439e+09 -1.613865324209840e+04 -3.034500171801553e+04
  2.526050828319623e+09  7.264469443161972e+04  8.627374221251148e+04
  2.526076697708505e+09 -1.916247801840771e+04  6.871799354222463e+04
  2.526204669781230e+09 -1.326759157882072e+03 -2.023970950102468e+05
  2.526114368247703e+09 -1.059567575985251e+05 -2.566141811506337e+05
  2.526330020183677e+09  1.404831238210459e+05 -8.532999861882883e+04
  2.526184415513564e+09 -1.435388486984074e+05 -5.638673275724985e+03
  2.526050403878679e+09  1.024431090673739e+05 -3.727156072142068e+03
  2.525942291136477e+09  7.320418850648310e+04 -4.125053043471713e+04
  2.526193825554361e+09  3.119103354258486e+04 -8.530511834111367e+04
  2.526142351827658e+09  1.974646962758875e+04 -1.194563410690725e+05
  2.525840916620389e+09  1.009330650267866e+05 -1.103678534329212e+05
  2.526258673435826e+09 -1.399652414430226e+05 -5.821041555827309e+03
  2.526191127600401e+09  5.263422678013495e+04  9.412146318972274e+04
  2.526173650232146e+09 -1.232779201239439e+05 -3.854218043195154e+04
  2.526030131186645e+09  6.424752309268888e+04 -2.508540982047946e+05
  2.526159445655845e+09 -1.402347340276925e+05 -1.073375329968976e+05
  2.526128140269787e+09  2.480611661692651e+05  6.563626658641206e+04
  2.526119389470099e+09 -3.868955054574704e+04  5.944440373063274e+04
  2.526102008379076e+09 -1.001195228612749e+03 -9.525581155921868e+04
  2.525884432885026e+09 -7.379058643757156e+04 -1.597957423846401e+05
  2.526022797750356e+09 -1.591571737275366e+04 -5.150262998994751e+04
  2.526034417940810e+09 -1.545994440040526e+05 -2.449597268129862e+04
  2.525952649319005e+09 -1.493898974225547e+05  1.231089273378090e+05
  2.526106153203964e+09 -7.084305899952480e+04  1.317455715100875e+04
  2.526210576205564e+09  3.090868058517529e+04 -4.276136890912737e+04
  2.526090769490667e+09  6.252133957137511e+04 -1.129353465574153e+05
  2.526134502893677e+09 -2.085156399095289e+05 -4.021559688293189e+04
  2.526040403906713e+09  2.163689860219059e+05  1.293031121341107e+05
  2.526026326631001e+09 -9.191612481841817e+03  1.568932689056704e+05
  2.526026018415232e+09  5.730721579044586e+04  6.283886306773010e+04
  2.526206346233777e+09 -1.765509512343452e+05  5.699767971789057e+04
  2.526029239183762e+09 -1.010501668931218e+04  9.386791684057910e+04
  2.526138775567285e+09 -1.517902139140140e+05 -1.167582608830230e+04
  2.526343251292178e+09 -4.053070484197028e+04 -1.050953513577383e+04
  2.526183414360673e+09 -1.613197572628194e+05  3.308441014331300e+03
  2.526134856665139e+09  1.741721829254127e+05 -2.341706171473832e+04
  2.526213447186674e+09  1.081994539116966e+05  6.419026197717158e+04
  2.526173491422697e+09 -1.132255918847452e+05  1.575232812888680e+05
  2.526084477928031e+09  4.316072777321769e+04  4.300291156005068e+04
  2.526245005747788e+09 -1.541668430884115e+05  2.192052405024692e+04
  2.526092011517385e+09 -8.098389386922272e+04 -1.351391547360721e+05
  2.526217395643569e+09  1.014246991117721e+05 -9.935261959509924e+04
  2.526199902805358e+09 -1.578679303114882e+05  2.468782826201851e+04
  2.526147799846624e+09 -2.140626333331747e+04  3.055132158312819e+04
  2.526200269609871e+09  7.880445727677585e+04 -1.763370270426780e+05
  2.526105983213799e+09 -1.077967133563146e+04 -3.439959677476943e+05
  2.526134932054556e+09 -7.649675040905643e+04 -2.178661450953407e+05
  2.526051122137472e+09  7.116679796556145e+04 -1.848856975172152e+04
  2.526182136989940e+09  5.382525186868594e+04 -8.891771661001776e+04
  2.526078409267142e+09  8.156676698080264e+01 -8.149755031734519e+04
  2.526212030500830e+09 -9.714203994334119e+04 -7.578720541113429e+04
  2.526026501214664e+09  5.688324300545675e+04 -4.614440669756461e+04
  2.526065843279420e+09  2.372304669948916e+05  1.648864941107947e+05
  2.526103122739489e+09 -9.367391521286080e+04  7.553725351509755e+04
  2.526312359343568e+09  6.719178971509985e+04  6.673197101687070e+04
  2.526110354156286e+09 -5.397470146684395e+04 -7.205534540287172e+04
  2.526123461411196e+09 -1.506333369130826e+05 -1.412774874715259e+05
  2.526051367702710e+09  1.649055613469665e+05 -2.188256573704602e+05
  2.526167419733539e+09 -4.640024761530641e+04 -2.632030487466869e+05
  2.526228438570740e+09 -1.209542395752771e+05 -9.497342541256885e+04
  2.526142255817310e+09 -4.842615531448205e+04 -2.947031406763240e+04
  2.526199449154387e+09 -1.295745506370872e+05  6.059732262591954e+04
  2.526045364090870e+09  2.106063979043585e+04  2.011785074891837e+05
  2.526090264398948e+09  1.405831490417168e+05  1.654575244130618e+05
  2.525992307746360e+09 -3.286525097842305e+04  8.129527806968393e+04
  2.526050955434124e+09  7.855598003146076e+04  1.552576893676794e+04
  2.526125152707254e+09 -6.199162592656745e+04  4.174364093992498e+04
  2.526299818073895e+09 -4.435149239282496e+04 -2.352219743035897e+04
  2.526214508584093e+09  1.466197120774479e+05 -2.753702375602978e+04
  2.526118895802022e+09 -8.366639202261320e+04  9.725753311633453e+04
  2.526033612365995e+09  8.718344042276562e+04 -3.532487897142928e+04
  2.526052769553188e+09  1.461892571354900e+05 -1.299342508158416e+05
  2.526340589466629e+09  4.082383047732490e+04 -2.020518103371267e+05
  2.525901078294864e+09  1.052014570690878e+04  4.647613580865669e+03
  2.526150850166930e+09  1.370139967788788e+05 -9.719235828662640e+03
  2.526209932037411e+09  8.785150819122704e+04 -1.871081334058614e+04
  2.526365005765222e+09 -1.910933770967065e+05  1.142433530338283e+04
  2.526107881099178e+09 -1.032710440990553e+05 -5.872248358433763e+04
  2.526156572047970e+09 -1.841310272262688e+04  6.671729578784949e+04
  2.526295777386980e+09  1.542031175354793e+05  5.735702362614998e+04
  2.526137078438917e+09 -1.468680467852488e+05  4.920545293819415e+04
  2.526079891005210e+09  7.572772696207307e+04  1.096780986713228e+05
  2.526120570217760e+09  1.230103111206606e+04  7.370400557147712e+04
  2.526233907573476e+09  1.466784793716040e+04  1.012118227773500e+05
  2.526048273757209e+09 -1.556897742111317e+04 -7.315775715455960e+04
  2.526073396808736e+09 -8.976842255019536e+04 -1.847296036057350e+05
  2.526128402103349e+09  1.816100346958856e+05 -4.851992023495867e+04
  2.526152056376053e+09  1.940863094235256e+05 -9.693117100257520e+04
  2.526051912466762e+09  1.732338204237958e+05  1.455992929518200e+04
  2.526033086255579e+09 -2.194256195774095e+05 -6.059916745981132e+04
  2.525920316404035e+09  2.357426772845659e+04  3.430756763053034e+04
  2.526124585931246e+09 -1.459596599985741e+04  1.782269806674884e+05
  2.525854596537853e+09 -1.415112678640216e+05  1.960376186427893e+03
  2.525960231608035e+09 -2.243866915499341e+05 -1.928737240977585e+04
  2.526017145227061e+09  1.799602167956973e+04  1.738440746256467e+05
  2.526217672046128e+09 -1.475921389412904e+05  1.791767567087519e+05
  2.526054807680176e+09 -6.592938105435099e+04  2.036117290470377e+04
  2.526264084654468e+09  2.374980740006914e+04 -1.865466211566003e+03
  2.526133456322776e+09  1.015003075977785e+05 -2.595137716460763e+04
  2.526107791182508e+09  2.386200307584484e+04 -3.805525492745964e+04
  2.526227275960359e+09  6.920990899940697e+04  6.722933536795597e+04
  2.526212526622189e+09 -2.807827856762092e+04  9.712585324432072e+04
  2.526210889662037e+09  1.753276082005887e+04  3.469074435138435e+04
  2.526051519329169e+09 -7.072220901494264e+03  8.938133819841198e+04
  2.526106654481124e+09  1.517237468371852e+05  7.556252225915110e+04
  2.526235824822741e+09 -6.005376956237347e+04 -1.314769322060870e+05
  2.526181553617273e+09 -1.505035827660362e+05  1.847330829401303e+04
  2.526101093801337e+09 -7.096235649605677e+04  1.545037108631383e+05
  2.526033457735917e+09 -6.652959189597715e+04 -2.234905369498613e+04
  2.526111885045712e+09 -1.943083708391348e+05  2.561571103778435e+04
  2.526213381284813e+09 -5.020177974168210e+04  4.937120243132266e+04
  2.525908997629427e+09 -1.973922577470746e+05 -3.127608726916253e+04
  2.526042192824344e+09 -5.398976064311952e+04  4.933160556179349e+04
  2.526262649125670e+09 -4.188113310472918e+04  2.080173209290876e+05
  2.526144623212180e+09 -7.207385947118024e+04  1.759623939824083e+05
  2.526149535320144e+09 -6.463191841222550e+04  6.098117135412781e+04
  2.526203329779624e+09  8.305499243569095e+03  3.819078491967038e+04
  2.526128746883807e+09  8.359511327593634e+04  4.348727519858594e+04
  2.525992835283402e+09 -3.834516045077518e+04 -7.437847430250514e+04
  2.526088311117290e+09 -7.712848437077808e+04 -2.257003382938780e+04
  2.525921753828682e+09  2.737981597276826e+05 -5.792617377252353e+04
  2.525961264044771e+09  2.370502126680494e+05 -1.212199675571983e+05
  2.526202152210656e+09 -6.599780895483261e+04 -8.082643562474716e+04
  2.526140459222171e+09  2.371436374470009e+04 -1.026717617488594e+04
  2.526282485669374e+09 -5.392242595373793e+04  7.857868644059519e+04
  2.526021930095140e+09 -7.764839800795214e+04  1.070601347113741e+05
  2.526042021384313e+09  2.569929999830104e+04  8.822749918761151e+04
  2.526082418381833e+09 -6.392528030831297e+04  3.483320882943645e+04
  2.526057649891429e+09 -9.548870744432497e+04  3.449914675622183e+04
  2.526273792893531e+09  3.225106020133127e+04 -1.252854541410883e+04
  2.525953450545868e+09 -1.383615252936111e+05  3.327660581751709e+04
  2.526025834513637e+09  8.036444122628949e+03  1.072416440998052e+05
  2.526269145240829e+09 -1.760644080935032e+05  4.537653766558995e+04
  2.526127544475512e+09  2.393603005116608e+04 -1.572187249660958e+04
  2.526185419406024e+09  1.608420062754230e+05  9.350568401309606e+04
  2.526221099752666e+09  1.237696375971041e+05 -3.577950449616183e+04
  2.526007934171013e+09  1.653171451726888e+05 -7.918454142957168e+04
  2.526051697704314e+09  2.581479747118438e+05 -1.148918722192775e+05
  2.526380520422576e+09 -4.231493842897448e+04 -1.302923838441595e+05
  2.526100281434253e+09  5.086558424429799e+04 -5.254586501732701e+04
  2.526131381271049e+09 -4.377456354126171e+04 -1.382196887951053e+05
  2.526134772573459e+09 -1.065289211570196e+05 -5.457771914359462e+04
  2.526255376254591e+09  4.270925721473305e+04  6.009459502722928e+04
  2.526056364249083e+09 -1.366773677573458e+04  3.255168849281454e+04
  2.526068333486218e+09 -2.841783299741917e+03 -2.085620225659213e+05
  2.526046853107446e+09  7.976163779662806e+04 -6.364424215633713e+04
  2.526067659861976e+09  9.707027124110609e+02  1.494945484710683e+04
  2.526010212203546e+09 -7.090755458657816e+04 -2.504655889737660e+05
  2.526133748676694e+09 -7.580961443946481e+04 -2.120724550098784e+05
  2.526089969776981e+09  1.220254387361783e+04 -6.042825424224953e+04
  2.526018503146635e+09  1.950332850977582e+05  2.723796917443117e+04
  2.526089526715505e+09  8.853668536160467e+04 -7.192154615322500e+04
  2.526034486664777e+09  1.081026807196077e+05 -6.194107888004865e+04
  2.526076563250456e+09  2.100873627287915e+05 -1.295504181779719e+04
  2.526102545272355e+09  3.101119069880864e+04  2.422137287665298e+04
  2.526208514563715e+09  1.526707407102174e+05  3.475876879367302e+04
  2.526023150207216e+09 -9.132966713992809e+04 -3.871440260825260e+04
  2.526099007749358e+09 -2.724081801369495e+04  2.260988724764550e+04
  2.526248373299844e+09 -8.062119987481227e+04  1.740407531860047e+05
  2.526177002711875e+09 -5.237003087334063e+04  1.247843677745003e+04
  2.526316265177151e+09  9.688738737781910e+04 -1.160265663898103e+05
  2.526274832052306e+09  9.163831311324818e+04 -1.594242495210634e+05
  2.526213807192325e+09  1.817401439606720e+05 -4.926429729077569e+04
  2.526115812764279e+09 -7.882174196929467e+04  1.841885203349770e+05
  2.525943883313708e+09 -1.992810505682183e+04  3.028738075831672e+04
  2.525994383184549e+09  5.455681365385425e+04 -1.989364483555895e+04
  2.526186966584428e+09  1.198992893080470e+05 -1.242071068513941e+04
  2.526187403190994e+09 -4.133285852440586e+04  1.073409217447557e+05
  2.526114310436845e+09  9.398494357160362e+04  8.673242230050656e+04
  2.526195331249313e+09  2.687398736531846e+04  4.568102652209322e+04
  2.526211433626584e+09  1.724347395169681e+05 -6.755084270893753e+04
  2.526049283447702e+09  1.919197888016033e+05 -1.054200443147618e+05
  2.526077189793898e+09 -8.707656458773674e+04  2.269696238867333e+04
  2.526100874772421e+09  5.542262106232179e+04  8.536267215968459e+03
  2.526106881399383e+09 -1.044516498906924e+05 -1.713995277934999e+04
  2.526489465511099e+09 -2.087574609914527e+04  4.108250147157116e+04
  2.526291969563478e+09 -6.534013333505252e+04 -1.022205963240055e+05
  2.526252721338298e+09  7.983060698289104e+04 -7.258714235164342e+03
  2.526169449297760e+09  1.976688178654781e+05  1.720400069438415e+05
  2.526164183209772e+09 -7.905072002038453e+04  1.113394671838894e+05
  2.526063893509258e+09 -7.070965124560334e+04  6.392163887354499e+04
  2.526376304487202e+09 -7.541894837148639e+04 -5.524249758106971e+04
  2.526014678917746e+09  1.181969350539615e+05 -6.370147622095759e+04
  2.526080429280867e+09 -1.087688642374711e+05 -1.288137667009953e+05
  2.526115829586798e+09  2.634008876579301e+04 -4.803628985567321e+04
  2.526316768677601e+09 -6.950324229996186e+04  4.610826133738167e+04
  2.526113495529733e+09  6.697573463160894e+04 -6.286949508856004e+04
  2.526072182862201e+09  5.653381945047283e+04 -1.746968107131558e+05
  2.526100850029032e+09  6.696905870921910e+04 -7.047995718853152e+04
  2.525904184313519e+09  1.566399307310116e+04  1.372756900981119e+05
  2.526150238808961e+09 -6.072329994417154e+04  1.181988793832708e+05
  2.525957566728481e+09  6.053295179561520e+04  1.522705088289222e+03
  2.526034615719624e+09 -6.091133795806672e+02 -5.858657200089796e+04
  2.526236502970119e+09 -9.135617436796194e+03  3.444283467164985e+04
  2.526186110589442e+09  1.228341799262884e+05  6.735935276771942e+04
  2.526243321051700e+09 -2.528819030344061e+05 -1.148791870368258e+05
  2.526100623126483e+09 -6.374876832100330e+03 -7.974372681002505e+04
  2.526135255124693e+09 -3.305965112668695e+04  1.180988242150052e+03
  2.526110520978033e+09  4.779563150600134e+04  1.259039794495214e+05
  2.525952929874787e+09 -8.345836443496594e+04 -3.864749633553508e+04
  2.526224383416873e+09 -1.441012092416217e+05  2.284420011609606e+04
  2.525971358801468e+09  5.169761763749109e+04 -1.158793661701004e+04
  2.526265052404347e+09  4.795796755885333e+04 -1.244182729815370e+05
  2.526197931750237e+09 -4.948687183730770e+03  4.803654636508599e+04
  2.526000005685059e+09  8.781390611277032e+04  1.162206623937446e+05
  2.525990398302226e+09 -8.844348814359866e+03  8.554042506092740e+04
  2.525998499017322e+09  6.918374151262280e+04  9.079090937535960e+04
  2.526083794937759e+09  2.079021061856584e+05 -1.922559121179220e+02
  2.526087534295026e+09  9.418871161308256e+04  3.905424525539696e+04
  2.526285669979948e+09 -4.287965386761108e+04  4.234932219330140e+04
  2.526100454162667e+09  7.607799028581590e+03  7.213303901475854e+03
  2.526128360812991e+09 -3.287107524331659e+04 -3.893062516564969e+04
  2.526247370770988e+09  1.360317925778757e+05 -7.818517246143939e+04
  2.526043144236498e+09  9.584086079644272e+03  1.128558754580755e+05
  2.526071652360447e+09 -2.462050856212946e+04 -5.659255240173696e+04
  2.526205816033576e+09  3.215148004117713e+04 -4.458913867732789e+04
  2.526118551785271e+09 -5.647808731741155e+04 -7.450879930041451e+04
  2.526383043638131e+09 -7.130195659241697e+04  1.231323188931613e+05
  2.526260275330590e+09  9.599004474558402e+03  2.273873721675828e+05
  2.526193401023202e+09 -8.653987866904371e+04  8.867218014729989e+04
  2.526032915024930e+09 -7.487448009301210e+03 -6.913344084008783e+04
  2.525984207670721e+09 -8.142997405744740e+04 -1.876430221821782e+05
  2.525874081726627e+09  4.213035810020886e+04 -2.230578660973916e+05
  2.526152238027402e+09  2.623802899068680e+05 -1.290758042143062e+05
  2.526083474095534e+09 -1.197880723702187e+05  1.419513395096536e+04
  2.526104401033636e+09 -1.349079619550745e+05 -2.216502607152099e+04
  2.526083660266545e+09 -1.247078602440375e+05 -1.877948469607241e+04
  2.526235668000852e+09  1.262932337163901e+04  3.954607483301056e+04
  2.526335605774193e+09 -1.852450532464415e+04 -6.046368099618307e+04
  2.526231775085502e+09 -7.483488384815049e+04 -1.288309009401915e+05
  2.526187437754383e+09 -1.011434762641120e+05 -1.386008887958853e+04
  2.526173942592332e+09 -4.901304096687327e+02 -6.065790615170903e+03
  2.526132329008168e+09  8.784003820452141e+04  6.239525691785256e+04
  2.526248019491939e+09 -2.828134136802152e+05  4.288647619949898e+04
  2.526184325395451e+09  8.815744796032133e+04  3.307909985940321e+04
  2.525983198150703e+09 -8.575578555885190e+04 -9.100576001961657e+04
  2.526396232253545e+09  7.281419527868158e+04  6.020265493557361e+04
  2.526138540346578e+09 -8.447836888121057e+04  1.028121075368264e+05
  2.526097564694019e+09 -5.132943616943853e+04  1.026889684322861e+05
  2.526146802242588e+09  9.243430946476641e+04  3.832497557443206e+04
  2.526119159398753e+09 -2.519383196763140e+05 -8.713603922079457e+04
  2.526233102740276e+09 -3.325882541835541e+03 -3.317260064613586e+04
  2.526171015408220e+09 -5.642602597154817e+04 -1.393669059819732e+05
  2.526186057453783e+09 -8.552162647583452e+04 -1.525640159642475e+04
  2.526079858433982e+09 -1.576901975812232e+05  2.990058795050427e+04
  2.526176227084551e+09 -1.114627239729527e+05  9.380527580906870e+03
  2.526242295604672e+09 -2.022337404880675e+05  7.021771410465716e+04
  2.526283981792494e+09  1.386026063846117e+05  7.017709359810990e+04
  2.526045670110162e+09 -6.480090919762128e+04  1.120153907523035e+05
  2.526038732349135e+09 -1.001600327539409e+05  4.846262828191521e+04
  2.526278797823622e+09  2.293283735394427e+05  4.802372776142834e+04
  2.526135673931293e+09 -4.275151941879140e+04  4.597631551747606e+04
  2.526260760316746e+09  1.138152935030836e+05 -6.599220948734554e+04
  2.526265517129598e+09 -8.007039810218383e+04 -7.178035276754046e+04
  2.526030961074480e+09 -5.831108642297378e+04 -6.478010522536060e+04
  2.526187215855481e+09 -9.398440447011241e+04 -4.530714790645265e+04
  2.526295756285528e+09 -2.401866388565336e+05 -1.208015080264164e+04
  2.526078624511541e+09  3.563777095991233e+04 -1.930099784645950e+05
  2.526295743245266e+09 -2.791681089439848e+04 -1.795727201314279e+05
  2.526105610937860e+09 -1.250152206786281e+05 -7.000095423849334e+04
  2.526094360231837e+09 -7.171610479587421e+04 -6.266181318752386e+04
  2.526067782041214e+09 -5.757685057843756e+04  6.065222976173098e+04
  2.526059284468649e+09 -2.278276422023510e+05  3.331550004151370e+04
  2.526229590164544e+09  1.592234947617962e+05  9.965267220792518e+04
  2.526276889300798e+09  2.586649563875794e+04  1.132461014771885e+04
  2.526219538611092e+09  1.083763838014617e+05 -1.019262371667186e+05
  2.526067343223288e+09 -5.530282571415817e+04  3.869914416704560e+04
  2.526112205478358e+09  3.688251759819500e+04 -3.762447380489972e+04
  2.526119149323924e+09 -2.204268609764520e+04 -1.654479144666261e+05
  2.526154513537389e+09 -9.459151743985625e+04 -6.051642603538989e+04
  2.526220819517759e+09 -8.032049770308757e+04 -1.787795458030840e+04
  2.526202048453482e+09 -1.982510710703610e+05 -2.024159613188962e+04
  2.526049132654295e+09 -2.368059103610041e+05 -5.637733073126199e+04
  2.526184245303448e+09 -7.005622152190399e+04  6.459328797155118e+04
  2.526116884143843e+09 -1.011293734684295e+05  1.269947392090010e+05
  2.526001303684377e+09 -2.093860078506777e+04  9.630733800915163e+04
  2.526091568349441e+09 -3.036824324230885e+04  1.976245431237337e+05
  2.526181368556920e+09 -4.700653744560550e+04  1.280107718624987e+05
  2.526108753321378e+09  3.268802333230397e+04 -4.566922749339126e+04
  2.526226306444749e+09  1.918476274684560e+04  3.351351125244028e+04
  2.526089333510815e+09 -5.893399912549625e+04  7.945663858932134e+04
  2.526115922084401e+09  5.052253967347834e+04  7.867912769184331e+03
  2.526251910115672e+09  1.272484019959378e+05  2.107999971013772e+04
  2.526006902352730e+09 -3.709997242928436e+04  7.974899267754355e+04
  2.526011078591266e+09  5.500786200227309e+04  5.566114777080715e+03
  2.526004668940783e+09 -5.593254222966335e+04 -1.303012337711200e+05
  2.526250450106743e+09  1.469616799197034e+05 -2.394372756426090e+04
  2.525989367331338e+09  7.977118537501665e+04 -2.006345114467248e+05
  2.526089535308689e+09  1.277916011588869e+04 -2.751519357208534e+05
  2.526386254839952e+09 -4.433952536420291e+04  1.479972092351085e+04
  2.526167296764987e+09 -2.256058061428310e+03  9.060917527818400e+04
  2.526269180593347e+09 -2.034071995213605e+04 -4.220249872446596e+04
  2.526075210839945e+09 -3.798300834796508e+03 -5.861824690375733e+04
  2.526037460402224e+09  3.554068295301404e+03  3.053689699146850e+04
  2.526083748847267e+09  3.276110354144615e+04 -2.275209507044707e+04
  2.526216889331770e+09 -5.105098742962291e+04  3.142509271650115e+04
  2.526097620296945e+09 -9.828904275112832e+04 -3.727844389768530e+04
  2.526184239629035e+09 -4.274652850188478e+04 -1.592828063718861e+05
  2.526154455358536e+09  5.945128725206887e+04  4.524271907001676e+03
  2.526161761106169e+09 -1.327054564157476e+05  1.961808342008160e+05
  2.526040679625677e+09  6.434830213355145e+04  9.480167918816398e+04
  2.526115621960272e+09  1.076069140232322e+05  6.339194434754163e+04
  2.526081880851754e+09  2.198638730679639e+03 -1.014857524601906e+04
  2.526075949053618e+09 -7.829602344383165e+04  6.235794394901022e+03
  2.526260798049955e+09  1.180235769767361e+05 -5.511704928087234e+04
  2.526173684511420e+09  6.922599703504704e+03 -1.217063484497371e+05
  2.526259093183470e+09  1.066389518229924e+05 -5.746534336440354e+04
  2.526150947215250e+09 -3.281280097643146e+04  1.389025913202716e+04
  2.526095198356702e+09 -1.123242784954765e+05 -3.294270965020798e+03
  2.526297966356744e+09 -5.065004541060945e+04 -1.168645966979384e+05
  2.526203099651669e+09 -1.416439622429758e+04 -7.451497833330370e+04
  2.526121278691188e+09  3.771054704123363e+04 -5.379382361583726e+04
  2.526012764245036e+09 -1.386622062771312e+05  7.068255277119670e+04
  2.526156320050046e+09 -1.673831333324928e+05  3.676715575594633e+04
  2.526240390742602e+09 -3.661550265016849e+04 -4.906118859904165e+04
  2.525962769908371e+09 -3.148970543032242e+04  6.531981338525657e+03
  2.526112533605367e+09  3.669580867084651e+04  1.017565768718247e+05
  2.526084676388819e+09  2.939554871109000e+04  7.558570424477191e+04
  2.526232859120847e+09 -6.263527603541617e+04 -5.563876150520751e+04
  2.525919200240223e+09 -2.005607951467237e+05 -1.215786864249837e+05
  2.526162711937297e+09  9.473040311853145e+04 -8.992553370169969e+04
  2.526062693697643e+09  1.510199836558523e+04 -1.319235931818462e+05
  2.526058335583186e+09  2.152981303802598e+05 -1.584638766667100e+05
  2.526257478845345e+09 -5.641924087054282e+04 -8.280141738570086e+04
  2.526070113205028e+09 -9.535230115459207e+04 -1.580392400212190e+04
  2.526194657398894e+09 -3.847359758702538e+04  2.435461050802842e+02
  2.526010431458891e+09  8.251796425553132e+04 -9.472041762237018e+04
  2.526106729540607e+09  7.003679257118632e+04 -1.263738327257568e+05
  2.526356239426921e+09 -3.417647856560652e+03 -2.097960651152080e+05
  2.526037345521078e+09 -1.210629519385332e+05 -1.537233577147057e+05
  2.526096605879982e+09 -6.328164931871416e+04  4.401515489777084e+02
  2.526204888686980e+09  8.396126764906221e+03  1.102463058732394e+05
  2.526133949882583e+09 -4.551258809371269e+04  6.893122587121645e+04
  2.526060842375123e+09 -7.711785007482709e+04 -4.218344973289897e+04
  2.526143608110636e+09 -3.342415626642617e+04 -1.282695441294536e+05
  2.526070432799594e+09 -9.716239912419557e+04  5.643270103087218e+04
  2.525954021504244e+09  2.350897017813777e+04  1.732803470902144e+05
  2.526183656907733e+09 -1.750405687713709e+04 -4.874587176242587e+04
  2.526266868778024e+09  2.005503090985874e+05 -9.692273315144726e+04
  2.526247501935655e+09  1.180735702646140e+04  3.734145163688844e+04
  2.526010929444896e+09  1.973130310190547e+05  5.868568283426343e+03
  2.526081121005231e+09 -2.557832428301254e+04 -1.141824138291920e+05
  2.526059148531395e+09  1.944301562170684e+05 -1.836338195699991e+05
  2.526061283401656e+09  1.137635654699218e+05 -3.218128666747020e+05
  2.526118310525985e+09  7.734925226789544e+04 -2.010117275143776e+05
  2.525942549340767e+09  9.070188455057528e+04 -4.560290287689539e+04
  2.525856138430705e+09  3.862516214211727e+04  1.625166203812283e+05
  2.525973926848977e+09 -9.722163594370673e+04  6.733853495913721e+04
  2.526097540308656e+09  2.315061015807022e+04 -5.991420724396594e+04
  2.526027137963383e+09  1.443145604605408e+04  4.042148459288199e+04
  2.526115137113770e+09 -1.119700620587991e+04  2.982978890984965e+04
  2.526291960506223e+09 -4.929875478364970e+04 -1.472937452287060e+05
  2.526139756890150e+09 -5.767665639125416e+04 -1.344802612650263e+05
  2.526177441294235e+09  8.453400645330679e+04  1.336702887923433e+04
  2.526025896355623e+09 -1.451364682429546e+04  2.131930275957868e+04
  2.526070441376896e+09  5.266000174967444e+04 -3.610650765385351e+04
  2.526230715826418e+09  1.376457273020714e+05 -6.106330295116454e+04
  2.526146735615313e+09 -8.355935838025674e+04  3.251367509787902e+03
  2.526132028158996e+09  2.261861587152621e+05 -7.817525318728399e+04
  2.525904273335081e+09  1.771630974527071e+05  1.061371951860969e+05
  2.526114023378364e+09  8.953843337053273e+04  1.676249771525309e+05
  2.526286951330703e+09  1.333149392662464e+05  3.330535534250818e+04
  2.526143639326454e+09  8.892903916520113e+04 -2.444042250716174e+04
  2.526266399304281e+09 -1.656708532673681e+04 -1.769086835596751e+04
  2.526112610087976e+09  2.151826294481964e+04  5.650973511385120e+04
  2.526224658023835e+09 -2.554755247015978e+04  1.868208848035177e+05
  2.526087642979859e+09 -3.356290133268991e+04  1.515344201241073e+05
  2.526156001207423e+09  2.752505508146202e+04  1.404504335863306e+04
  2.526028790870631e+09  7.447716672942729e+04 -9.079324600044056e+04
  2.526259506919477e+09  9.107271131260251e+04 -1.347254050983868e+05
  2.526279623288113e+09 -8.508257467971416e+03 -1.169438419971298e+05
  2.526050181003176e+09  5.999844010407879e+04  5.060941524935886e+03
  2.526014510915655e+09  2.405828983226628e+04  9.686108947873581e+04
  2.526095149165163e+09 -2.399805163506116e+04 -3.077568858418590e+04
  2.525981869929859e+09  2.135519498994141e+05  7.727365289212926e+04
  2.526121225741720e+09  7.749282097414043e+04  2.759044274783868e+04
  2.526040868339813e+09  7.126141775453024e+04  9.641262604575534e+04
  2.526061400538640e+09 -1.714017362635024e+04  1.269911326370090e+05
  2.526000382784765e+09  1.048514541440253e+05  6.658114507576323e+04
  2.526024929531617e+09  7.419181887046900e+04 -2.370300298995536e+04
  2.526255082377716e+09  2.693568503471097e+04 -2.057161497018917e+04
  2.525954525153754e+09 -1.920871702731368e+05 -4.011410984437203e+04
  2.526071540831350e+09  9.327604580639070e+04 -2.281620384411444e+04
  2.526229090953993e+09  1.981964823310860e+05 -7.939649373578571e+04
  2.526069564654042e+09 -7.128437338507883e+04 -9.028815178718045e+04
  2.526159028651319e+09 -3.371088848228217e+04 -1.505271745844698e+04
  2.526032402322520e+09 -2.370151766198245e+04  1.023873986903904e+04
  2.526229283484794e+09 -6.918347033102560e+03  2.523722756037361e+04
  2.526191225896706e+09  1.041059792794187e+05 -5.551521389512019e+04
  2.526164792687674e+09  3.739536670111679e+04  3.976250047043012e+04
  2.526293410789020e+09  2.966654424435180e+04  2.182973284267639e+05
  2.526016957445651e+09 -1.303848644208694e+05  2.923537767368011e+05
  2.525862735544600e+09  8.254074951358302e+04  4.027418136644503e+04
  2.526094560600145e+09  7.900027417636698e+04 -1.917795607231043e+05
  2.526410180405407e+09  2.488155081905390e+04 -1.193795610374326e+05
  2.526157319352592e+09  5.208753255126660e+04 -2.998457445128192e+04
  2.526284518114648e+09 -2.530059706591396e+04 -2.124906634196779e+04
  2.526065032686878e+09 -1.544255879815312e+05  3.995896584267367e+04
  2.526196073144925e+09  9.049139872278192e+04  2.919883861977886e+04
  2.526086511535842e+09  5.723993795065093e+04 -1.131240263114078e+04
  2.525975099462787e+09 -6.870940478442149e+04  6.390956957068772e+04
  2.526066878742634e+09 -1.515289181419623e+05 -2.786267625998583e+04
  2.526097487049040e+09  4.482469373481232e+03 -2.294431539080187e+04
  2.526226062822509e+09  9.556509117839462e+04  1.106910656060588e+05
  2.526129793051532e+09  5.234156522916100e+04 -8.657660467011388e+03
  2.526028693422822e+09  6.729234307858418e+04 -2.615279372901656e+03
  2.526001775419320e+09  2.149228643879649e+04  1.577113472290556e+05
  2.526159788288895e+09 -2.030189819256752e+05  5.734013133327384e+04
  2.526121502455519e+09  1.033498818175175e+05  1.200266894762777e+04
  2.525905631193525e+09  1.621130271631514e+04 -2.251036898668081e+04
  2.526138538159894e+09 -1.393785113953786e+05 -9.832679777582733e+04
  2.526106643275763e+09  1.306495665476173e+05  1.388308462796207e+04
  2.526070684323546e+09 -9.467001751442463e+04 -7.220844130482292e+04
  2.525924651455408e+09  2.151792527654348e+04 -1.134940473104863e+05
  2.525996143729461e+09  6.369900998100510e+04 -1.293365941215872e+05
  2.526199421579042e+09  1.598090557484038e+04 -2.414058602894414e+05
  2.526385206575648e+09  1.951163484759443e+05 -2.865911452077951e+05
  2.526134912233871e+09  3.351603899577231e+04 -3.120600631817231e+05
  2.526311480803248e+09  1.461785536609436e+05 -1.477718638284868e+05
  2.526117317934675e+09  1.303795411089750e+05  8.182563682648528e+04
  2.526046623118326e+09  1.987813630722414e+04  1.031075757596376e+05
  2.525859160035107e+09  1.276156636763927e+05  7.500823667679168e+04
  2.526216970725893e+09  6.379090946426196e+04  5.004494903079025e+04
  2.526053292241317e+09  5.095817902846169e+04  6.562649756066059e+04
  2.526233687531683e+09 -7.054599476368513e+04  1.769188793493074e+04
  2.526160589901976e+09 -5.705068313127878e+04 -6.968245413925033e+03
  2.526273074936137e+09 -1.897712294273884e+05  1.250681519766187e+04
  2.525996389001997e+09  7.896665471122757e+04  4.982797184984619e+04
  2.526268737894160e+09  6.038706411057222e+04  8.653530129096401e+04
  2.526035964678729e+09  2.593973713643593e+04  2.527992389311153e+04
  2.526028953397916e+09  9.526753199161356e+04 -9.563577643302735e+04
  2.526233900455827e+09  1.148474645565648e+05 -1.444294889428422e+05
  2.526058777652695e+09  1.705846835807170e+04  8.548520355741517e+04
  2.526112208101229e+09  1.189819045029886e+05  2.101769717673848e+05
  2.526278797205411e+09  1.073593554475266e+05  1.225697842280462e+05
  2.526056868752766e+09 -2.799114442510775e+04  8.678894030780427e+04
  2.526238998920879e+09  1.310662032145148e+05 -5.244666286639171e+04
  2.526269880754869e+09  1.212465508292930e+05 -5.955106908122520e+04
  2.526061770023865e+09  1.556263833005432e+05 -6.001118178130500e+04
  2.525983711075101e+09  1.111856177007292e+05 -7.101399348608823e+04
  2.526070302988461e+09 -1.496041415061974e+05 -5.415156166832303e+04
  2.526301881125403e+09 -9.850299828992481e+04  1.438095337930530e+05
  2.525876406921907e+09 -2.468411496935147e+05  1.815188874951876e+05
  2.526087976347344e+09  3.261761409925763e+03  5.182806177332182e+04
  2.526109260523447e+09  5.962721324191056e+04 -1.743340781579260e+04
  2.525932215103331e+09  1.128043671635981e+04 -1.066721326951608e+05
  2.526169191057979e+09  1.048111159173030e+05 -1.414873724976042e+05
  2.526129432384359e+09  5.083208403933165e+04 -8.218416467674135e+04
  2.526012055457312e+09 -4.940799350952439e+04 -3.646467383654672e+04
  2.526260311890141e+09 -1.228387496667118e+05  3.961182302141667e+04
  2.526321306040618e+09  1.837617192894167e+05 -2.463211366338586e+04
  2.526129640628549e+09  3.013421918288741e+04 -2.322212999771404e+05
  2.526146093514998e+09  2.235549581562320e+05 -9.390507981042110e+04
  2.526250543835929e+09  7.375648677533958e+03  1.027566867059213e+04
  2.526161514556881e+09  1.500149246971072e+05 -2.679157779242680e+04
  2.525977600269268e+09  4.596385394869355e+04 -1.474089419169148e+05
  2.526160999551026e+09 -8.644824192880280e+04 -1.797062358308599e+05
  2.526190766370930e+09 -2.306640592057612e+05 -1.076128255557024e+05
  2.526234465092867e+09 -1.166497158307678e+05 -6.779825674371189e+04
  2.526149121819077e+09 -1.756606285134098e+03 -2.516321714651433e+04
  2.526043634747766e+09  3.775315136580332e+04  1.314826732066678e+05
  2.526074737535790e+09  1.232104322220584e+05  7.532533033725747e+04
  2.526124631865012e+09  1.477918804418346e+05  1.374949647908474e+05
  2.526056877958566e+09 -2.087125245803571e+04  2.515070302871855e+05
  2.525991202038819e+09  7.935429764080618e+04 -8.049837577973705e+04
  2.526294857510741e+09 -8.394549345644651e+04 -3.096621182368248e+04
  2.526086035283248e+09  1.698669452872709e+04  1.271136282212949e+05
  2.526171946535635e+09  8.507351566355128e+04  1.757099958092501e+05
  2.526118554862083e+09  1.259657532326908e+05  2.786897897679273e+05
  2.525970106305577e+09 -6.143392071349861e+04  1.285954498489269e+05
  2.526063920714800e+09  7.063908538322570e+04 -3.883530482093536e+04
  2.526322835278941e+09  1.619934324307740e+04 -4.476595193463028e+03
  2.526089899123767e+09 -1.563450323900119e+05 -7.085309573685098e+04
  2.526287866845175e+09 -1.339070810089693e+05 -1.065456257567415e+04
  2.526205248680962e+09  1.622188793038588e+05  4.311939099695068e+03
  2.526167324619896e+09 -1.119358607261628e+04  7.767212027153664e+04
  2.526057226368523e+09  8.504818810394930e+04  1.439395779410880e+05
  2.526267150770302e+09  1.088016551732703e+05  2.466155354784767e+04
  2.525968841915132e+09  8.421557380008302e+04  4.577271083131898e+03
  2.526076283302898e+09 -2.896988125202712e+04 -7.774132754814153e+04
  2.526122743050797e+09 -5.345169072500733e+04  4.707197814325642e+04
  2.526085074465357e+09  1.706989199798230e+04  1.277259716505106e+05
  2.526262631932633e+09 -1.837601378955604e+05  1.121487485821883e+04
  2.526152792488834e+09 -7.581112176870496e+04  8.126915982997348e+04
  2.526288101774874e+09  1.267583454005228e+05  1.210901745963260e+05
  2.526096821060321e+09  4.684906970859272e+03  4.061095182315388e+03
  2.526248837605976e+09  1.248581325470479e+05 -1.274943784176207e+05
  2.526176230444985e+09 -1.214491553423612e+04 -9.241773994194646e+04
  2.526190005749160e+09 -3.690335029468243e+04  4.254155924802599e+04
  2.526182051989706e+09 -6.504664105384867e+04  7.467318809604585e+03
  2.526207437705315e+09  9.942501419403031e+04 -1.152160490976473e+05
  2.526125992253635e+09  6.213592586228927e+04 -5.865136093467558e+04
  2.526169310405648e+09 -2.041384756751591e+03 -5.867346797563485e+03
  2.526248461770432e+09  7.663185785495001e+04 -1.906170026738534e+04
  2.526047533466285e+09  1.487978340107948e+02 -6.076659254041372e+04
  2.526174962039726e+09 -4.710343564658542e+04 -1.376689994055196e+04
  2.526217423300861e+09 -1.655741709649803e+05  6.239025814443291e+04
  2.526111557045183e+09  5.614289661576611e+04  4.705443898005481e+04
  2.526060768376043e+09 -1.756884582005676e+05  1.075557282788183e+05
  2.526081711260627e+09 -1.450242078108174e+05  7.133671590787394e+04
  2.526152449956916e+09  1.481550491015028e+05 -1.059217229225046e+05
  2.526076401980140e+09  1.494402993729982e+05 -1.447393167183277e+05
  2.526282574589856e+09  5.102197564886790e+04 -1.708018485057936e+04
  2.526160946658771e+09 -1.289488266764116e+04 -2.310725330320577e+04
  2.526137827318746e+09 -1.083375533879453e+05  1.940604564155452e+03
  2.526210291049320e+09 -8.394441196012637e+04 -1.347637916863154e+05
  2.526218197421120e+09 -1.140214076832390e+05 -9.130458247020812e+04
  2.526262959567660e+09  1.058587321820385e+05  6.959705508472119e+04
  2.526357507887342e+09 -6.021334461170027e+04 -1.162782165390020e+04
  2.526246201765089e+09  1.338461659563333e+04 -9.521344896213693e+04
  2.526083375910246e+09  2.069893012946402e+04  3.568890150369005e+04
  2.526196553562622e+09 -1.615836766791251e+05  3.550430693142861e+04
  2.526213463989297e+09 -8.254300388899748e+04 -1.568003604063124e+05
  2.525986926544678e+09  5.025346946687147e+04 -7.413110764697171e+04
  2.526216718191184e+09 -2.665949833649872e+05 -5.293543128708098e+04
  2.526034269707980e+09 -7.876619204618235e+04 -6.351268392080686e+04
  2.525871948832609e+09 -2.706179681841633e+04 -8.647034656866943e+04
  2.525995446712141e+09  2.203117585430453e+05 -9.296229766409466e+04
  2.526234801169028e+09  1.548972652920044e+04 -2.333376628463797e+04
  2.526324077260029e+09  9.081636966719525e+03 -1.074807905795972e+04
  2.526149890427539e+09 -2.363972861350072e+05  7.858593128080692e+04
  2.526281146763604e+09 -3.918642089022114e+04  6.643895512682537e+04
  2.526386462478278e+09 -6.896970689617912e+03  3.234246148942263e+04
  2.526231231866876e+09  8.639988727270096e+04  7.744575262597797e+04
  2.526056464467096e+09  2.042979444573703e+04 -3.515918906649179e+04
  2.526052674112833e+09 -1.255060246930417e+05 -1.405050269532430e+05
  2.526123391723268e+09  1.709188831903390e+05 -1.106221884550247e+05
  2.526242650568520e+09 -5.181179745530267e+04 -5.511112412926200e+04
  2.525967962625504e+09 -8.987671032280335e+04 -6.710666001043492e+04
  2.526205633789136e+09 -2.055540189382629e+04 -1.061822822887907e+05
  2.526227749874404e+09 -1.974090050811470e+05  1.405922593041183e+04
  2.526233809200454e+09 -7.169811039039423e+04  1.298974951439290e+05
  2.526040241025282e+09 -8.084486549484698e+04  2.249593322900147e+04
  2.526243294573090e+09  1.025856056589873e+05 -4.997394235624000e+04
  2.526247105321057e+09  8.007038131812551e+04 -1.570953368323664e+05
  2.526115390613518e+09  9.534977445817436e+04  7.846007369776955e+03
  2.525968771796096e+09  9.561511913100531e+04  1.327266059426881e+05
  2.525895584067949e+09  2.048394111437332e+05  6.176497857046744e+04
  2.526122721518090e+09 -2.272413695377111e+04 -5.040697033117234e+04
  2.525975349698130e+09 -1.305899882353576e+05 -5.658568269568344e+04
  2.526011035020678e+09  3.046868705850746e+04  5.600603142299724e+04
  2.526142360785618e+09  2.083775685765182e+04  1.152095947429721e+05
  2.526092342380901e+09  1.323939308735862e+05  1.153116044454501e+05
  2.525973633983964e+09  7.525706563077198e+03  5.909583733347589e+04
  2.525978031904698e+09 -4.100127280242543e+04  4.595029186318233e+04
  2.526160712222900e+09  1.434507097953069e+05  1.174364565235202e+05
  2.526159381313068e+09  6.699770141893951e+04  1.139933598942684e+05
  2.526362944223865e+09 -2.941461665014980e+05 -4.754148562805471e+04
  2.526102942895302e+09 -5.842702437863103e+04 -2.186605960528527e+05
  2.526146405835240e+09  1.544283656244499e+05 -2.194007158658424e+05
  2.526140835502616e+09  1.013391828915445e+05  6.866726672154572e+04
  2.526191606575006e+09 -1.478478834711085e+04  1.456346070005465e+04
  2.526137800986785e+09 -2.030965204674166e+04 -4.449286128104379e+04
  2.526013104551004e+09  5.128386133536824e+04 -1.682741331776874e+05
  2.526039172180081e+09 -5.318918898788188e+04 -6.927279299461551e+04
  2.526229852649269e+09  4.396462619628524e+03  1.469932906191898e+05
  2.525990263062632e+09 -4.467002367832817e+04  2.232751122928294e+05
  2.526069853676124e+09 -2.405354782568058e+04  1.164751506281314e+05
  2.526068827626591e+09 -5.525357382021204e+04  1.425553044570922e+05
  2.526021836154637e+09  2.490941889248556e+03  2.448869795247195e+05
  2.526264368772871e+09 -7.067256909742579e+04  7.393185230956133e+04
  2.526194780700758e+09  9.562982243756508e+04 -1.639359637662978e+04
  2.526167078904199e+09 -6.060236945581599e+04 -4.315923360404605e+04
  2.526063124393759e+09 -1.119898718221271e+05 -5.559539196675294e+03
  2.526049166362971e+09  1.482942149268126e+04  5.388863148819970e+04
  2.526325107465699e+09  7.854998552292032e+04  7.270166666751576e+04
  2.526042459349007e+09  4.620801143213944e+04 -9.314906733949669e+04
  2.525959069808436e+09 -1.601790666258566e+05 -1.325394039124926e+05
  2.526067713419484e+09 -7.198785419469594e+04 -1.552613056310103e+04
  2.526167867255404e+09 -5.627462366302172e+04 -6.818928336269630e+04
  2.526229612895617e+09  2.944964841705453e+04 -1.571461725730544e+05
  2.525999778017719e+09  6.394432389422646e+04  3.196407280616956e+04
  2.526194205711896e+09 -5.339916540315305e+04  1.723726475944911e+04
  2.526064808695335e+09 -3.743938305459102e+04 -8.637596483005071e+04
  2.525998906242970e+09 -2.013060432245305e+05  5.065334808077698e+04
  2.526015699726896e+09 -9.924785276103346e+04  5.834249453233858e+04
  2.526126185390518e+09 -5.015078306366969e+04 -6.147104640974198e+03
  2.525992401135360e+09  1.152691818688264e+05  7.627370889192034e+04
  2.526046909626917e+09 -1.107739169928929e+05  1.052791362322799e+05
  2.526113550433705e+09  1.054468106555159e+04  1.199856801495212e+04
  2.526050039956708e+09 -2.204715215702823e+04 -2.859928158106457e+04
  2.526229233295756e+09  1.189476178464368e+05 -1.887219976505009e+04
  2.526093945508700e+09 -8.511372624951997e+04  2.524725760115194e+04
  2.526231848449734e+09 -8.678774978005188e+04  9.476125551110995e+04
  2.526081543666082e+09 -7.875812000018026e+04  2.446674176776712e+04
  2.526173329036704e+09  3.927063332528959e+04 -4.198044784736790e+04
  2.526218172496946e+09  1.640305164269313e+05  3.706020295248029e+04
  2.526009082613720e+09  1.196361589833484e+05  2.548058858678289e+05
  2.525965587504386e+09  5.530574182983837e+04  3.239046097856595e+05
  2.526141077885759e+09 -1.492809937340352e+05  2.676195083016864e+03
  2.526192681373301e+09 -7.618853686282714e+04 -2.466161635523913e+05
  2.525934680574354e+09 -2.574401971377665e+03 -1.969400580892698e+05
  2.525937722507413e+09 -3.964170564447739e+04 -2.318665798927972e+04
  2.526108225221053e+09  8.134800365361793e+04  7.623888399300026e+04
  2.526143373843582e+09 -8.297983178463337e+04 -4.968401706792554e+04
  2.526205196594137e+09 -1.885132435043750e+04 -3.680159260372142e+04
  2.525900030540758e+09 -4.559920713668037e+04  5.018328239862737e+04
  2.526078496219244e+09  1.113922606935794e+05 -1.138486601709225e+04
  2.526078837075699e+09  5.453675688679121e+04 -4.074353199103894e+04
  2.526219363905628e+09  1.294490128338321e+05 -1.599624968665140e+05
  2.526109707219220e+09 -7.827288931119558e+04 -1.642820604039180e+05
  2.525866633053820e+09  6.726052982736123e+04 -4.635294815579033e+04
  2.525999483196218e+09 -3.438198120798718e+04  7.984480039751099e+03
  2.526039791641858e+09  3.142667411896787e+05  4.066262831989606e+04
  2.526268328799930e+09  2.544430455325451e+04  8.454135079224641e+04
  2.525925399174101e+09 -1.966133735864104e+05  1.445744138628882e+05
  2.526130325732182e+09  6.783838333948498e+04  1.592410116395857e+05
  2.526190415157040e+09 -1.133594870111800e+04  3.692087100037094e+04
  2.526086713497203e+09  1.569069812925106e+05 -1.845340869269419e+05
  2.526180018695742e+09 -4.301400722422614e+04 -6.798061196419876e+03
  2.526190040618520e+09 -1.334425459814609e+05  2.167503633515229e+05
  2.526197956870944e+09  5.754289772801055e+04 -5.661607943882069e+04
  2.526139746022235e+09  1.714702585431817e+04 -7.816173267371854e+04
  2.526298614459341e+09 -1.011717294365747e+05  4.836746630218002e+04
  2.526105662770140e+09  1.357445704779541e+04  9.783834928812901e+04
  2.526113425725648e+09 -6.047146677278844e+04  1.219739449062529e+05
  2.525968385964870e+09  6.571461334486649e+04  3.111215400628879e+04
  2.526130990787354e+09  9.589141309894295e+04  4.125240821917308e+04
  2.526095182275758e+09 -1.139711893817191e+05  7.238504289579962e+04
  2.526242247502695e+09  2.419567473534782e+05  6.890358498252810e+04
  2.526158669875146e+09  4.752190928080806e+04  4.279918701296765e+04
  2.526169742921080e+09 -1.279106029287064e+05  4.261641264099383e+04
  2.525988462158160e+09 -6.562316741894465e+04  6.479813282827439e+04
  2.526206410529856e+09 -3.277830660892860e+04 -2.571245678117959e+04
  2.526138448087990e+09  1.491972851059517e+05 -1.184904903135952e+05
  2.526156162678609e+09 -5.551086622197350e+04 -9.705160686250473e+04
  2.526290659587865e+09 -1.242951299256831e+05  2.905029700109013e+04
  2.526044343656112e+09  2.308835214962505e+05  5.524587191165984e+04
  2.525885551010371e+09  7.191547849453101e+04 -4.090756678788771e+04
  2.525998393115124e+09 -3.012066615165813e+05 -2.864305308665580e+04
  2.525958473290969e+09 -1.361543315908876e+05  3.590326335561369e+04
  2.526069854899328e+09 -1.555354386258064e+05 -9.804373888971983e+03
  2.526058086083436e+09  5.670901070049312e+04 -7.647410018130078e+04
  2.526086775444830e+09  5.943183075504890e+04 -1.834602194466374e+05
  2.525966220013466e+09  1.955440220113946e+05 -1.008410303164870e+05
  2.525978115872981e+09  4.802439855952933e+04  1.714855752993310e+05
  2.526167807002638e+09  2.450659545113082e+04  2.085701551666800e+05
  2.526051256151491e+09  1.847499690036784e+02  4.045524793222159e+04
  2.526061448725789e+09 -7.234687982179958e+04 -1.851919431435782e+04
  2.526202302898375e+09  8.756857549224398e+03 -3.369306017783412e+04
  2.526122848602040e+09 -3.385469928794558e+04  3.755394051595946e+04
  2.526157423650133e+09  8.434203262322117e+02 -3.795892297818966e+03
  2.526160815446699e+09  1.868029227452975e+04 -2.568471959584090e+04
  2.526285486127663e+09  5.205282112955512e+04  6.691544585569063e+04
  2.526145058406664e+09  1.615553805852034e+05  1.454569294969596e+05
  2.526212345158292e+09 -2.106884793710974e+05  1.578625208532326e+05
  2.526276058036461e+09 -2.362309374669006e+05  2.161201509481238e+03
  2.526055167821846e+09  3.429096311593950e+04 -1.109513743707485e+04
  2.525920343079653e+09  1.389168824818009e+04  3.981183926822362e+04
  2.526058112833270e+09 -3.508486472381162e+04  7.236589758151281e+04
  2.526150615929435e+09  2.194882043346383e+05  3.115871182242397e+04
  2.526136000004750e+09  5.169472682520974e+04 -1.013857155474154e+05
  2.526283259821156e+09 -8.099294378944230e+04 -1.056282301575677e+05
  2.526132960301050e+09  2.891050111019309e+04 -1.686390326968916e+05
  2.526159244491940e+09  5.543774306245527e+03 -1.472065916230180e+05
  2.526028284330914e+09 -2.444950875976775e+04 -4.143400277897595e+04
  2.526122655811190e+09  3.474142742942338e+04  2.027837580158596e+04
  2.526318585191813e+09  4.639250306616147e+04  9.382355707091116e+04
  2.526142013998551e+09  2.086962028694327e+05  9.799848565312789e+04
  2.526214747349978e+09 -8.998199507320393e+04  4.315812444746289e+04
  2.526056684417418e+09  1.506745347462802e+05 -1.348885747821582e+04
  2.525968966684208e+09 -1.093850769728063e+05  3.829124415515969e+04
  2.526139497187018e+09 -5.959390686922986e+04 -1.589507152453240e+03
  2.526062180153986e+09  2.781689764797303e+04  1.205045850214004e+05
  2.526021096700083e+09  3.914657257942646e+04  2.322120145670860e+04
  2.525906638643337e+09 -9.673296650305507e+03 -1.415412671582310e+05
  2.526095938244642e+09 -2.337708726661582e+04 -1.543500810540118e+04
  2.526162671401961e+09 -8.349045540200750e+04  3.626989644481428e+04
  2.526080806061860e+09 -2.475619850063499e+04  4.944238053515553e+03
  2.526061621486416e+09  4.945413762394921e+04 -5.393421858081431e+04
  2.526044644013424e+09 -1.626983016588539e+04 -1.794881682085994e+04
  2.526135560324872e+09 -2.238360041554272e+04  6.340506419234851e+04
  2.526274007291876e+09  2.370408841414882e+05 -4.357897077372653e+04
  2.525991151338573e+09  9.263013198603643e+04  5.411468102102546e+04
  2.526350009924502e+09  1.281052936246494e+05  1.727367814948168e+05
  2.526120947727483e+09 -1.926261032108066e+04  1.161552932164214e+05
  2.526096111037385e+09  6.854505899112730e+04  1.407195742200641e+04
  2.525904725318987e+09  1.181615654637455e+03 -5.855215858283383e+04
  2.526270555515797e+09  7.348137061297998e+04 -1.147628466374299e+04
  2.526275216445597e+09 -7.622132310875185e+04 -1.303611953156871e+05
  2.526193531111521e+09 -4.712506777979992e+04 -5.847430513873126e+04
  2.526134874246169e+09  8.623884697892435e+04  5.104615439711928e+04
  2.525983112034534e+09 -4.630847884031897e+04  6.817759135237953e+04
  2.526116733426744e+09 -4.222632603152964e+04 -1.081989940158346e+05
  2.526232403267507e+09  2.044201088108576e+04 -1.429423802176198e+05
  2.526052497854708e+09  1.198641263950101e+05  6.537037565361359e+03
  2.526153334424319e+09 -5.373521434366377e+04  3.573896715836949e+03
  2.526033556995132e+09  4.493773664438166e+03 -1.214992337246711e+05
  2.526067147493636e+09  1.718703051700967e+05  5.259816249820823e+04
  2.526132205163715e+09 -8.331619075312093e+04  9.370887356835918e+04
  2.526173637642156e+09 -2.211112590454519e+04 -6.005672938271961e+04
  2.526139952058549e+09 -6.205495958322426e+03 -2.895667762514087e+04
  2.526129064129613e+09  1.118487929604192e+05 -2.725288934009499e+04
  2.526112529710463e+09  4.820581848762475e+04  6.187109697575390e+04
  2.526086235876595e+09 -1.394003572834046e+05  4.535301190047874e+04
  2.526016029766573e+09 -2.116271755459462e+04  8.887850082895032e+04
  2.526073483368106e+09  7.105787893968244e+04 -6.060572181742615e+04
  2.526049737269546e+09  2.418493132288964e+04 -1.323696645314933e+04
  2.525976747971780e+09  4.386828834871616e+04  1.162340266458181e+05
  2.526187185418476e+09  2.282972444049350e+04 -6.540185712563689e+04
  2.526075593759115e+09 -2.767315726124658e+04 -8.367719665112568e+04
  2.526052103270798e+09 -3.639235937594948e+04  7.885873289370950e+04
  2.526081073184891e+09 -4.896153202269017e+04  9.402205065096682e+04
  2.526238916837208e+09  7.777619683448778e+04  2.241569443514780e+04
  2.526057211886062e+09 -1.404107692489238e+04 -5.105442644222453e+04
  2.526282552336709e+09  3.863394815172674e+04  4.687477187503572e+04
  2.526110669453298e+09 -8.047500315583800e+04  5.421113431549503e+04
  2.526130751071772e+09  4.452173655961291e+04  1.312226856080117e+04
  2.526106934330504e+09  1.434197932959485e+05  1.091247690538752e+05
  2.526113975720827e+09 -4.923092903174541e+04  5.209650263997461e+04
  2.526140959448792e+09 -3.133928354307490e+05 -5.989986011862097e+04
  2.526086339759049e+09  9.293273445297009e+04 -4.938445825665409e+04
  2.526081936017890e+09  4.355911315157067e+04  2.145010682752368e+04
  2.526017268739099e+09  7.158185957333917e+03  8.589816394866025e+04
  2.526237648655750e+09 -1.314358629307227e+04 -6.355823790493887e+02
  2.526094884731525e+09  2.322525699036592e+04  4.348459325069143e+04
  2.526172730310008e+09 -4.769140587429749e+04  8.444379940236604e+04
  2.526139352770618e+09 -9.031343795385049e+04 -1.847100287563616e+04
  2.526262904072205e+09  1.454528185347049e+04 -1.120216346060921e+05
  2.526063963886709e+09  1.647717076778034e+04 -4.261987619723790e+04
  2.526048598249419e+09 -1.445649208660416e+05 -9.548988697716792e+04
  2.526390227275772e+09  1.316940727432312e+05 -1.239917887685404e+05
  2.525971758636650e+09 -2.619906461605155e+05 -1.289713079493898e+05
  2.526102549231091e+09 -9.039151405533226e+04 -1.469558023926420e+05
  2.526058211286026e+09  1.061950479557675e+05  3.295859849277046e+04
  2.526139730883899e+09  4.141649012945555e+04 -6.125596016998956e+03
  2.526096612520717e+09 -2.219614373244302e+05  1.141614337280388e+05
  2.526142787014088e+09  5.448285716772621e+04  1.221367849853088e+04
  2.525990620005599e+09 -5.000665734929498e+04  1.521822522715654e+05
  2.526190768490370e+09 -9.472761942975852e+04  1.037605804124228e+05
  2.526331329029452e+09 -1.304114267593419e+05  1.211166462724399e+05
  2.526086588825262e+09  4.138063392227882e+04  3.488027545057340e+05
  2.526226866244749e+09  6.858596831540344e+03  8.429302057899398e+04
  2.526343039074140e+09 -8.388678375034919e+04 -6.978034231487056e+04
  2.526297409699028e+09  1.421341439087386e+04 -5.103790567282122e+04
  2.526152553607025e+09  1.100095607496100e+04 -1.287023153857450e+05
  2.526158434923496e+09 -2.149322968279036e+05 -4.908806777364202e+04
  2.526024521096787e+09 -1.548265201031471e+05  2.625497326395870e+04
  2.526120844237833e+09 -8.286655566916231e+04  1.245090195166207e+05
  2.526103130005165e+09 -5.634484837770252e+04  1.067517730450544e+05
  2.526158343187805e+09 -3.946751945638773e+04 -7.317937524050009e+04
  2.526059544482868e+09 -6.678456706399750e+04  2.365592165523593e+04
  2.526169271811953e+09 -9.452605315958260e+04 -1.035737272950119e+05
  2.526098148431517e+09 -1.229873783744150e+04 -5.591456248844042e+03
  2.526073390546177e+09  3.063348019387526e+04  1.383472309450287e+04
  2.526013075601712e+09 -2.924573053597752e+04 -3.552387960709049e+03
  2.526168366470128e+09 -7.052191445427627e+04  6.948897096671953e+04
  2.526147487130842e+09  1.806940516714143e+04 -1.569529134239957e+04
  2.526130774650352e+09 -2.942556535704195e+04 -4.814061019943852e+04
  2.526093061687397e+09 -7.421653916458180e+04 -6.321131648404757e+03
  2.526115303954663e+09  2.138070071183145e+03  6.399857743842415e+04
  2.526188428704296e+09 -1.098010000163829e+04  1.358374408442078e+05
  2.526162105218309e+09 -4.075850071968185e+04  4.561153133200621e+04
  2.526005495473631e+09 -3.859120846171502e+04 -1.167404661484134e+05
  2.525940484673952e+09 -5.242791761937691e+04 -2.886359070826680e+05
  2.526055973982028e+09 -2.498023366232170e+04 -9.458434866916673e+04
  2.526207762398186e+09 -4.567693652052712e+04  1.934592871798680e+05
  2.526120009437068e+09 -6.762060853975808e+04  5.269048660806549e+04
  2.526152364831820e+09 -1.386818263358527e+05  8.202812164765038e+04
  2.526210441400280e+09  4.054770010245030e+04  1.638207253815134e+05
  2.526184119562201e+09 -1.081234536165820e+05  9.300566063297156e+04
  2.526231336447023e+09  7.473629510903941e+04  5.894353504629340e+03
  2.526150387495154e+09  8.245910099597881e+03 -4.789485790801956e+04
  2.526071989875747e+09  6.026754053559253e+04  4.456152558476245e+04
  2.526186771834096e+09 -8.725099753419403e+04 -1.322780400521739e+05
  2.526076405460151e+09 -7.530007085207896e+04 -1.228104655980284e+05
  2.526082555428493e+09  4.823178606883308e+04  3.227291121281427e+04
  2.526206844553733e+09 -6.998889566126117e+04  4.045727191992803e+04
  2.526168375793715e+09  3.329653087574226e+04  2.215768209492974e+04
  2.525948822447809e+09  9.644409839520114e+04 -8.990379412157601e+04
  2.526084948220511e+09 -2.160934454158412e+05  2.738310161369085e+04
  2.526102817348997e+09 -6.783158665146783e+04  6.261535245028592e+04
  2.526019178684793e+09  1.268781794665662e+05  1.387286466283636e+04
  2.526125552691980e+09  5.540291117380809e+04 -1.408752521696803e+04
  2.526175401832961e+09  2.589183198416862e+04  5.095128007122723e+04
  2.526211922220975e+09  1.341093876825648e+05  7.133697007360205e+04
  2.526180260931533e+09 -5.346832823247934e+04  1.394191855000146e+05
  2.526132110072428e+09  5.426511297987308e+04  1.484627803118185e+05
  2.526365305414557e+09 -2.017112611669052e+04  5.304251800521591e+04
  2.526229960082024e+09 -8.011951300546282e+04  1.081694030836067e+05
  2.526019949740357e+09 -2.629105809747707e+04 -2.087240649102771e+04
  2.526039502499846e+09 -4.215483206764382e+04 -9.374391547105147e+04
  2.525929382472518e+09  1.523665956512488e+05 -7.120365539255698e+04
  2.526124997943766e+09 -5.057614949699712e+04 -1.048853362428352e+05
  2.526239093482945e+09  1.309294602421764e+04  1.019171648856695e+04
  2.526236965378203e+09  1.117848267326863e+05 -2.020902688700764e+04
  2.526470896133214e+09 -1.415736191809457e+04 -1.423110347194897e+05
  2.526104611865572e+09 -1.614061619439907e+05 -4.070648827660317e+04
  2.525986361845421e+09  3.341661020699819e+04 -1.013660303555288e+05
  2.526113357856412e+09  1.007325975914405e+05 -1.505728134827607e+05
  2.526262164725910e+09  1.122872214141075e+04 -1.199840661323596e+05
  2.526051868034914e+09 -3.046004613214324e+04 -2.269513531892848e+05
  2.525913983019938e+09  2.396049399968042e+05 -1.479638960404378e+05
  2.525944353927303e+09  1.143308728355449e+04 -4.710650465298429e+04
  2.526034924502433e+09  2.423294831165716e+05  1.374198134955255e+05
  2.526075058010178e+09  7.583587632244379e+04  5.213920412337384e+04
  2.526175936500840e+09  4.406834483382088e+04  5.926680527718156e+03
  2.526141731458287e+09 -3.181422414309933e+04  1.830881527449796e+05
  2.526161733016543e+09 -4.307423923658743e+04  1.424422320753759e+05
  2.526030846128301e+09 -2.215046957067040e+05  1.699956249692576e+04
  2.525969470562943e+09  1.019702715266350e+05  5.419682607611292e+04
  2.526203270645712e+09 -7.150542220091098e+03  8.322731002814817e+04
  2.526142298462946e+09  7.057575790865120e+04 -3.386775269476572e+04
  2.526241158246524e+09 -1.075584199529826e+05 -4.818918883406045e+04
  2.526165311895748e+09 -5.954519604134077e+04  2.653527211473440e+04
  2.526155573548230e+09  9.933036197859200e+04  5.149792670526565e+04
  2.526119166699474e+09  7.595856650815241e+04 -8.058055702793878e+03
  2.526070428989975e+09 -1.438504911769354e+05  1.546059815059933e+05
  2.526186208863429e+09  3.213604029815691e+05  2.352495960130035e+05
  2.526113093001300e+09  8.766398362770618e+04  5.201914758238476e+04
  2.526238696773859e+09  3.872599738342536e+04  6.307487935442477e+04
  2.526133042592246e+09  1.377608139983380e+05  1.595110982054910e+05
  2.526201995507225e+09 -5.107833395143540e+04  7.618059203025623e+03
  2.526015468773261e+09 -5.059416104420503e+04 -2.081903550453399e+05
  2.526104295490905e+09 -4.724781463540718e+04 -9.547780535237852e+04
  2.525978374379011e+09  2.960986695640069e+04  3.254417451519344e+04
  2.526170107703308e+09  7.597419133573724e+04 -6.362715820985963e+04
  2.526024740324237e+09 -1.022793216219803e+05 -4.284883870846941e+04
  2.526233541663171e+09 -2.644993140882562e+04 -7.835632467010315e+04
  2.525962241008097e+09 -2.467658493591997e+05  8.801366474768729e+02
  2.526005245547663e+09 -1.349620929675109e+05 -4.400342793617107e+04
  2.526181329258901e+09  2.297232351031972e+05 -1.321015820038832e+05
  2.526044340030130e+09 -4.542362853524840e+04  8.963316073614871e+03
  2.526063341076195e+09 -7.778162787781016e+04 -2.823505180108245e+03
  2.526212075391418e+09 -6.894053076742892e+04  2.246192526537194e+05
  2.526083047009947e+09  3.880500001181429e+04  1.429449448588393e+05
  2.526149709846535e+09 -2.369838080414052e+05 -1.914496641771011e+05
  2.526137169359071e+09  2.052695981600983e+05 -7.653766174349471e+04
  2.526271076249355e+09 -9.507058094392892e+04  4.298019509771306e+04
  2.526031289965514e+09 -9.397569550222089e+04  5.476127239495935e+04
  2.526124921012423e+09 -8.459365000610135e+04  4.307498763096461e+03
  2.526184131278627e+09  1.890007624800708e+05  3.936807182862656e+04
  2.526064819420250e+09  4.572145732317329e+04  7.435988304041210e+04
  2.525965134566869e+09 -1.066866347981608e+05 -1.021675581210753e+05
  2.526145956938441e+09 -2.814223375735269e+04 -3.110308247104101e+04
  2.526047689535275e+09 -1.709612191156896e+05 -1.519878961961903e+04
  2.526049796726374e+09 -1.595817087676085e+05 -8.336231759922998e+04
  2.526259556011478e+09  1.745093190371342e+05  8.968306963032112e+03
  2.526051719611286e+09  3.129803868239240e+04  1.303266205510873e+05
  2.526165431963613e+09 -2.797813842488104e+03  3.283995446148189e+04
  2.526244249908763e+09 -9.509244485355307e+04 -9.563749643616960e+03
  2.526149803538364e+09  1.090854201946543e+05 -1.013035226177017e+04
  2.526062782876730e+09 -1.498199113048427e+04 -1.212889931195558e+04
  2.525995826916038e+09  8.034931724732975e+04 -1.135441561105550e+04
  2.525955819049856e+09  1.396921540914220e+04 -2.364449289733474e+04
  2.526102859497955e+09 -6.040975664703059e+03  2.948290315644396e+04
  2.526159945762812e+09  5.270205990393762e+03  4.421210758313746e+04
  2.526025919459479e+09  7.145500601185393e+04 -4.245795085565140e+04
  2.526053532558340e+09  5.371248550416902e+03  1.029786650374124e+03
  2.525889720053284e+09  4.746733229734888e+04 -1.265238872648797e+05
  2.526147283985583e+09  1.351143549077695e+05 -8.777965391894849e+04
  2.526148085463411e+09  3.235773830096168e+04 -2.673589814249962e+04
  2.526070463389001e+09 -6.551632613168558e+04 -3.052323201479751e+04
  2.526179361140210e+09 -6.108174010905516e+04  1.668081335165266e+05
  2.526126595476205e+09  2.072209118601424e+04 -1.463149378885544e+05
  2.526221365069077e+09  1.107109120594970e+05 -7.704842756152619e+04
  2.526078454890603e+09  1.726981970006501e+04 -1.858326114551001e+04
  2.526055456285008e+09 -2.340366677014530e+04  1.090361263903041e+05
  2.526231586965703e+09  8.450135083842068e+04 -1.843116041481844e+03
  2.526021317373017e+09 -2.416160820724280e+04 -5.659432129498920e+04
  2.526197906647638e+09 -4.700653793857619e+04 -1.025072691242141e+04
  2.525976212250913e+09  9.875769954030891e+04 -7.041314695426683e+04
  2.526137748995797e+09  8.326278466961579e+04 -8.387486138268572e+04
  2.525973608362005e+09  7.686563099950366e+04 -1.293249764065975e+05
  2.526073913107857e+09 -2.932606016837456e+04 -1.787914982350952e+05
  2.526163799646363e+09 -1.128743497456959e+04 -8.103154406261805e+04
  2.526220709443020e+09 -4.021837116009381e+04 -5.944047665605880e+04
  2.526130181682386e+09  3.662528537065105e+04 -4.791747751539783e+04
  2.526055798326450e+09 -1.281324607029484e+05 -1.132916468652415e+05
  2.526172648804909e+09 -1.380743826566564e+05 -2.590967577222954e+05
  2.526026278611351e+09  1.091050288863754e+05 -2.854631368945353e+03
  2.526140627728685e+09  3.064014027074864e+04 -8.829244368516465e+04
  2.526032020531507e+09  3.480069211016200e+04  2.527717090784688e+04
  2.526060042771692e+09 -1.043080607853033e+04  2.307140909995246e+05
  2.526183935019243e+09  4.681061194390291e+04  1.212370344065565e+05
  2.526132522160985e+09 -9.212228785060490e+04 -4.014671230358363e+04
  2.526042190613168e+09 -7.410131142239342e+04 -9.521233089260873e+03
  2.526081153677941e+09  1.406959638848102e+05  3.126198172464711e+04
  2.526022225631934e+09  8.827086672472022e+04  7.090831138500245e+04
  2.526101680780386e+09 -3.750816113863699e+04  9.994219179350883e+04
  2.526204498885731e+09  8.542769640258700e+04  1.085528023325845e+05
  2.526090428707064e+09 -6.433987747176937e+04  2.551463458485869e+05
  2.526310992568227e+09 -2.163673705145742e+05  1.812021487165068e+05
  2.525953943360958e+09 -1.750943814065901e+04  7.840504440063168e+04
  2.526028881430637e+09 -2.266137913357981e+05  7.909250909167109e+04
  2.526119127686591e+09  3.577181033838031e+04  6.863613604271290e+03
  2.525962041011732e+09  1.351716175503471e+05  6.169435812694242e+04
  2.526107738403088e+09 -1.966388769984618e+04  9.189096199076733e+04
  2.526100794914827e+09  1.695370265555313e+05  1.371710441737650e+05
  2.526130122869376e+09  1.556333047414827e+04  1.095884174364642e+05
  2.526113304508636e+09  9.812296936523204e+04 -6.030710327592285e+04
  2.526000592119424e+09 -1.042626078359516e+05 -3.405769788988645e+04
  2.526180439161977e+09  7.242224691623243e+04 -3.073938765992306e+04
  2.526076949995282e+09  1.458853565933119e+05 -4.235274995459383e+04
  2.526088046192490e+09 -8.490113569242570e+04 -8.205173892940511e+04
  2.526072568699409e+09 -8.292539002846507e+04 -6.952596885604318e+04
  2.526089875988665e+09  2.078941625463124e+05  1.979416934666212e+04
  2.526253951545966e+09 -1.237082348757913e+05 -1.321865468144702e+04
  2.526030333415635e+09 -1.243523200821399e+04 -1.547274885802618e+05
  2.526202987885539e+09 -8.323330280344747e+04 -1.650942308645895e+05
  2.526282626122945e+09 -2.548326807372309e+05 -8.825035394439090e+04
  2.526151750190629e+09 -4.737098219525581e+04 -7.464657792206726e+04
  2.526152553976336e+09 -2.665940008144092e+04 -3.723324725720892e+04
  2.526029226299900e+09  2.360813385048555e+04  6.049106006548274e+03
  2.526051439660167e+09  6.239008340405667e+04 -9.744519235258416e+04
  2.525940929243577e+09 -2.008174174739928e+05  1.851139064229955e+04
  2.526049802680458e+09  4.042738480954780e+04  1.126292077427595e+05
  2.526141381196191e+09 -3.773702231625444e+04  1.890255325509838e+05
  2.526151216212600e+09  3.863831973326905e+04  9.562610366675095e+04
  2.526289170335427e+09  2.815313111471655e+04 -9.205615564472764e+04
  2.526222181645900e+09 -1.349944484253302e+05 -4.830954069159226e+04
  2.525875981604148e+09  1.819157109578367e+04  2.195449953262848e+05
  2.526062704136705e+09 -3.436170764270821e+03  1.242199138738584e+05
  2.526267606165699e+09 -1.284595026593520e+05 -1.920368643180655e+05
  2.526191610356738e+09  5.796948627390462e+04 -9.301265287083050e+04
  2.526247536626495e+09  2.639852529106854e+04  5.392174964211381e+04
  2.526075060808397e+09 -1.522692917655676e+05  8.605334439222328e+04
  2.526076257830600e+09 -1.252547044936686e+05 -6.043181770202634e+04
  2.526126997180634e+09 -2.661102983195303e+04 -2.985425451370677e+05
  2.526062900707462e+09 -6.071564581070910e+04 -3.822386270541129e+05
  2.526052945626970e+09 -1.619725376613454e+05 -1.340971793533058e+05
  2.526113473696366e+09 -4.495499590863474e+04 -1.161864518858213e+04
  2.526094567236658e+09 -6.517926797860302e+04 -6.531097421643813e+04
  2.526266576088381e+09  8.140164807427209e+03 -1.013524486901723e+05
  2.526159834081963e+09 -1.059049630745442e+04 -1.250374411789495e+05
  2.526204834893620e+09 -3.046472351080866e+04 -5.151725163420290e+04
  2.526120106886837e+09 -9.531757835960411e+04 -1.098973052981750e+05
  2.526122212165953e+09  5.468482978416421e+04 -1.199055866071226e+05
  2.526085580542670e+09 -2.276037905604091e+05  2.223979887991282e+04
  2.526026790649225e+09 -2.986884079189599e+04  5.797825868418172e+04
  2.526082117471747e+09  2.224465170406643e+04 -9.502216307814314e+04
  2.526200445020621e+09  6.962422327811466e+04 -1.065297630309142e+05
  2.526151942451538e+09  1.068657637329074e+04  6.992432938684430e+04
  2.526065927557571e+09 -4.433863447765703e+04 -2.055941647371766e+04
  2.526277306851211e+09 -7.762176692311745e+04 -9.857701740757556e+04
  2.526377018646596e+09 -1.526177985311917e+04  1.291099904896766e+05
  2.526206912687700e+09 -1.582367693012089e+05  8.671694081241696e+04
  2.525941939200270e+09 -7.337174629646179e+03  2.306222399381630e+04
  2.525927066943417e+09 -4.765496019510861e+04 -7.155184746414376e+04
  2.526324935821704e+09  1.394733776132383e+05 -2.489825404940200e+05
  2.526130374286657e+09 -2.674078758175881e+04 -2.905993055210701e+05
  2.526051394635001e+09  9.110864996595583e+04 -7.945699467313476e+04
  2.526061987088305e+09 -1.294042740797102e+05 -8.460614004467474e+04
  2.526036406205424e+09  6.568045616565237e+04 -1.081560804550168e+05
  2.526142406635788e+09 -2.239792527744175e+05 -1.183501174947666e+04
  2.526250876749648e+09  2.663134983130661e+04 -1.768533162162770e+04
  2.526081281984547e+09  6.452017597428523e+03 -4.731258486861782e+04
  2.526170110969507e+09 -4.491646643781738e+04 -1.264742435302160e+04
  2.526016995563147e+09  4.847330655461131e+04 -3.022014873242558e+04
  2.526223622108387e+09  1.165540182537781e+05 -2.332289578629043e+05
  2.526242627792544e+09 -1.461516700521642e+05 -1.788294177171728e+04
  2.526036739372947e+09  1.098393859266483e+05 -1.795063527302863e+04
  2.526165625543236e+09 -1.276029398987819e+05  2.256636474320523e+05
  2.525978644997458e+09 -2.563354901652941e+05  1.400347675507936e+05
  2.526264363699716e+09  9.544018143230044e+04 -4.958699302778696e+04
  2.526249310337564e+09 -6.887939121962461e+04  3.356629830445349e+04
  2.526037053033780e+09 -8.032641962589882e+04 -3.874742589496356e+04
  2.526138928386438e+09  2.726191425614641e+04 -8.119561091132351e+04
  2.526045774510573e+09  1.207212655086280e+04  1.787533681440586e+04
  2.526085411073203e+09 -2.011179706361499e+05 -8.882032857738214e+04
  2.525997568827581e+09 -1.479057469297433e+05 -2.264388427489138e+05
  2.526141272268188e+09  1.824870381745656e+05 -1.863223081660920e+05
  2.526063393722384e+09 -2.691959403137054e+04 -5.459780674679577e+04
  2.526103967159060e+09  2.651452974759368e+04 -1.958182392427523e+04
  2.526208856670341e+09 -1.007813271703589e+05  8.801331207803555e+04
  2.526161034664226e+09  8.026438061658634e+04  1.645679271306524e+05
  2.526025704190509e+09 -7.201448486131919e+04  1.386907741572944e+05
  2.526108829611968e+09 -5.383286006354156e+04  3.630896218805737e+04
  2.526243572592897e+09 -9.677136911697488e+04  8.117118120913394e+03
  2.525970455242548e+09 -1.566215799213984e+05  1.365678034257726e+04
  2.526161369369853e+09  1.904970249279886e+05 -7.214961490835855e+04
  2.526039553771356e+09 -1.762576735268175e+05  5.859237634965638e+04
  2.526118591778700e+09 -1.261951014100222e+05  1.051701495307093e+05
  2.526069945280751e+09  1.068802694313671e+04 -1.246768757370054e+05
  2.526107414553902e+09 -1.747809851829457e+04 -8.060020151574304e+04
  2.526188455456797e+09 -2.822823026321346e+05 -3.506664806397283e+04
  2.526086912532221e+09 -2.950344520714018e+04 -6.958188355945627e+04
  2.526327538653720e+09  4.762183335384727e+04  4.812533427016385e+04
  2.525930836254164e+09  5.784918013173284e+04 -4.588993985739769e+04
  2.526089601236768e+09  3.967122918337770e+04 -3.145926865443168e+04
  2.526047662244196e+09 -1.628975569530693e+05  5.708356985828653e+04
  2.526229657268459e+09  3.389107439585798e+04  7.535931112902463e+04
  2.526189187509398e+09  2.646631820535648e+04 -2.090930918725836e+04
  2.526026647093266e+09 -1.339392016664946e+05 -3.063846243310254e+04
  2.525933819951180e+09  5.024462505383766e+04  6.787059662912274e+04
  2.526260262141939e+09 -1.392252776146219e+05  1.360934524385047e+05
  2.526280976149009e+09  5.674710181348259e+03  1.588267770114269e+05
  2.526137072804158e+09 -8.050375508049096e+03  2.365450907640380e+05
  2.526156012527539e+09 -6.985299238950876e+04  7.388211268138519e+04
  2.526225192692752e+09  4.737394927462609e+04 -5.906279975930345e+04
  2.526260758185164e+09 -1.321531685474262e+05  5.224733993091609e+04
  2.526293365538860e+09 -2.135687666949147e+05 -7.989395853523130e+04
  2.526053127037844e+09 -3.582159662193514e+04 -5.736243350992738e+04
  2.526119752154083e+09 -8.729815022649290e+04  9.870213227995648e+04
  2.526134047724312e+09 -4.603742947974941e+03  1.776866681470984e+05
  2.526044889164254e+09  4.897885681219981e+03  1.386065922292097e+05
  2.526215184293000e+09  7.821906541838776e+03  6.857910118853336e+04
  2.526173724458445e+09 -1.096116658331861e+05  8.046880590658297e+04
  2.526092029755278e+09  3.371987861145317e+04 -5.083375555641466e+04
  2.526098623284080e+09 -3.332688106470171e+04 -1.997694878556230e+04
  2.525958912169044e+09  9.435789177106111e+04  9.656975271781906e+03
  2.526070957197864e+09 -1.005717207637951e+05 -9.746180996216193e+03
  2.526098037827497e+09 -1.221076498927219e+05  7.372913099975375e+04
  2.526085794749702e+09 -1.668980725647349e+04  1.390774727744271e+05
  2.526256411540207e+09 -8.739667072714749e+04 -6.274327069776622e+04
  2.526025860884745e+09 -1.075202267415081e+05 -1.933103059270304e+05
  2.526295683283585e+09  1.849756682664598e+04 -5.702142042148067e+04
  2.526194103669284e+09 -1.548585599033635e+05  2.881782541506726e+04
  2.526067564929616e+09 -5.249485486286142e+04  3.330439451572206e+04
  2.526048942332566e+09  8.005792972234770e+04 -1.054683450430161e+05
  2.525984193712429e+09 -1.473205579997908e+05 -8.319160855736723e+04
  2.526206064618712e+09  2.676543999064947e+04  1.227171752833796e+05
  2.526061423763773e+09  5.527784845257318e+04  1.767834723437660e+05
  2.526134651199492e+09 -9.816854188155301e+04  7.757322517864290e+04
  2.526164922514018e+09  1.153703854769992e+04  1.402152196375269e+05
  2.526428762859096e+09 -2.050799213538570e+05  8.118701743548061e+04
  2.526131913791341e+09  1.117277839268419e+05  1.181018225493331e+05
  2.526154455611562e+09 -1.100578427331720e+04  2.528269931560941e+04
  2.526050286189013e+09  9.376083764334209e+03  8.256593592235743e+04
  2.526117923589322e+09  8.657811178107225e+04  8.076703952427208e+04
  2.526183219005585e+09 -1.063033172773807e+05 -6.440716881632979e+04
  2.526055324173790e+09 -9.328680490314052e+04  2.624151621006842e+04
  2.526104208873610e+09  1.308663492668178e+05  6.833130189514370e+03
  2.526044963135607e+09 -4.916482549093966e+04 -1.299642247065990e+05
  2.526122722160483e+09  5.647223036738508e+04 -1.372237819512461e+05
  2.526188463144200e+09  1.774353049168942e+05 -4.384412771495548e+04
  2.526057691151977e+09 -7.984496661145543e+04 -4.811503891479317e+04
  2.526128055265763e+09  2.348529277579719e+04 -6.403405594635720e+04
  2.526060379702999e+09  4.580435020676145e+04 -4.912098202061432e+03
  2.526120862428270e+09 -7.950786453302251e+03  1.174221562976625e+05
  2.526025463180806e+09 -8.684640161143561e+04  1.566331431449005e+05
  2.526318458931579e+09 -1.122684806746463e+05  1.225684322564913e+05
  2.526192125587813e+09  6.705969991251134e+04  9.752185019760812e+04
  2.526067898992490e+09 -1.300945019176720e+05  3.960071895966446e+04
  2.526195283585831e+09  1.015652848319270e+05  3.319590388194984e+04
  2.526175771263900e+09  1.356930503882471e+05  1.376512430381301e+04
  2.525926839046718e+09  2.024491721589176e+04 -9.773202326691756e+04
  2.526104881613184e+09 -3.675293685202603e+04 -1.308846485308008e+05
  2.526058508430225e+09  3.247484762723616e+03  8.632016602661344e+03
  2.526186900087449e+09 -1.580183018485759e+05  9.026219284188573e+04
  2.526317325698276e+09  1.140415148035413e+05 -1.766280189375153e+05
  2.526282518233666e+09  8.722276175044291e+04 -2.438328436838288e+05
  2.526268175116191e+09  3.340909010988299e+04  6.428478707429511e+04
  2.526103072849722e+09 -1.660690384577566e+04  1.702833625014748e+05
  2.525983629281560e+09 -5.263614975917153e+01  7.594891736475006e+04
  2.526012064090074e+09 -1.246775415903875e+05  1.000942374134266e+05
  2.526265632999187e+09 -1.130343634351643e+05 -4.392607206779640e+04
  2.526055245161591e+09 -1.682630304457139e+05  1.148667727827854e+05
  2.525939454626571e+09  9.454888836667000e+04  1.489800317594371e+05
  2.526208938978301e+09  4.865331117754907e+04 -6.244194474738743e+04
  2.526060280746955e+09 -1.089954514948082e+05 -1.315138745530799e+05
  2.526193547512139e+09 -1.038813448721636e+04 -3.343009380105033e+04
  2.526273413144769e+09  4.117318421577010e+04 -2.942798603460781e+04
  2.526096165824793e+09 -7.490833087992636e+04 -7.816811113368282e+04
  2.526363650267797e+09  4.574083535338438e+04 -7.856509490671950e+04
  2.526049756028685e+09 -8.836795366186590e+03  1.764612223408744e+04
  2.525973176551206e+09 -1.063495245438399e+05  1.360515216337899e+05
  2.526335444293226e+09 -1.636544703903185e+05  1.334878828650413e+05
  2.526106779234869e+09 -6.228583525229502e+04  1.413900809325355e+05
  2.525971208517999e+09 -6.459806883061584e+04  5.655738499502512e+04
  2.526032676042516e+09 -6.414084544349811e+03 -2.668351683618955e+04
  2.526144804731417e+09  1.029388614467555e+05 -3.221292326615963e+04
  2.525830487794857e+09  3.590542733130936e+04 -1.145015445155659e+05
  2.525818617402380e+09  3.708540695352096e+04 -2.534389841218427e+05
  2.526147854676240e+09  1.683746500597282e+05 -5.789557620715964e+04
  2.526091512532918e+09  8.224402057560836e+04  2.826398183159472e+04
  2.526260794809608e+09 -1.909373157098847e+05  6.880463449944125e+04
  2.526094429778500e+09  6.208885190912383e+04  5.909838272712473e+04
  2.526141691538860e+09 -1.511349789436811e+05  3.830288843378483e+04
  2.525971661791612e+09  2.257932807596750e+04 -6.902101905489166e+03
  2.526072878885867e+09  1.858276917015936e+04 -5.443297947673388e+04
  2.526144055315477e+09  7.850777969940938e+04 -4.981936846823561e+04
  2.526083597725731e+09 -4.046061278936476e+04  1.380927653573822e+05
  2.526014020883661e+09 -2.969694156653935e+04  1.650424354585695e+05
  2.526252994406120e+09  1.228399916814148e+05  1.506699264094937e+05
  2.526060970868651e+09  1.180844665588927e+04  1.727734231632559e+05
  2.526057064588764e+09 -8.026983189234114e+04 -7.289890476308833e+04
  2.526146269323427e+09  9.719409501330863e+04 -1.887655894777260e+04
  2.526035481557082e+09  1.180621453732502e+05  1.599903594552675e+05
  2.526145199925440e+09  1.283512439763180e+05  3.524550844460602e+04
  2.526224273790971e+09  1.613046725594293e+03  7.801828838334186e+04
  2.526120560283104e+09  5.775386039713211e+04  3.234203077889187e+04
  2.526042876341645e+09 -1.804515755502411e+05  1.043074126268644e+04
  2.526210707330413e+09  1.038009157288479e+05 -1.237785050917079e+04
  2.526146769769522e+09 -3.299183604873776e+05 -5.972082809091196e+03
  2.526073008665067e+09  1.739615727926979e+05  1.075921014697881e+05
  2.526297721269924e+09 -8.823934669144510e+04  1.244107112049311e+05
  2.526146749755480e+09  1.308698736784663e+05  1.503361150478316e+04
  2.526137452348572e+09  4.256611355417885e+04  2.880338695170643e+04
  2.526105935651254e+09  3.498042626350943e+04  4.207462943098169e+04
  2.526165761172869e+09  1.165773362455937e+05 -1.749135720264527e+04
  2.526028566422513e+09  1.527717251357289e+05 -8.191359992839163e+03
  2.526007221470946e+09 -1.001193357581180e+05  1.000505755985500e+05
  2.526130920852720e+09 -5.106743420287746e+04  2.665219517165225e+05
  2.525959717874296e+09  9.181811656797165e+04  7.345523662019835e+04
  2.526159177804506e+09 -6.741841862179834e+03  6.298889893149970e+04
  2.526281776476806e+09  9.450868853726576e+04  2.781406468786723e+05
  2.526055664106788e+09 -5.391229864503694e+04  2.222324296781938e+05
  2.525969024986042e+09  1.514119810418697e+04  4.547919252132066e+03
  2.526019347476254e+09  9.763913235727954e+04 -2.264900524116028e+04
  2.525936708501516e+09 -2.765196606072990e+05 -7.838332164601117e+04
  2.526080801162823e+09 -5.640023629281844e+04 -8.966861408748722e+03
  2.526014577103584e+09 -7.872272562003369e+04  9.948569329527672e+03
  2.526207676493882e+09 -6.254585364210454e+04  7.377964098672592e+04
  2.526145246620928e+09  1.016093597903214e+05 -6.359586479966930e+04
  2.526083168774466e+09  6.317590703639993e+04 -2.273669472699974e+05
  2.526203540774628e+09 -1.039028093867913e+05 -8.485406902385724e+04
  2.525961151732444e+09  6.591878309193454e+04 -6.243308509331825e+04
  2.526217063144528e+09  2.027275251620490e+04 -7.328388690632465e+04
  2.526153526442019e+09 -5.502717905252683e+04  2.839015912138310e+04
  2.526098810639352e+09  8.808437379748159e+04 -2.023686466642453e+05
  2.526065255730627e+09 -1.227392760201716e+05  8.971055022633215e+04
  2.526031765131076e+09  1.122957727170029e+05  2.443790215401647e+05
  2.526063200346441e+09 -6.438997706796316e+04  1.357417871229800e+05
  2.526342853557001e+09  5.448865121855731e+04  5.194096707300819e+04
  2.525986125624571e+09  2.147309773328435e+04  2.399542625832406e+04
  2.526178071657510e+09 -1.667851915334596e+04  1.192955110835999e+05
  2.526132407259093e+09 -6.014978890794143e+04  1.902035223361073e+05
  2.526073419339553e+09  4.029321806409243e+04 -4.709756575103576e+04
  2.526139399811516e+09 -2.238550266383106e+05 -7.369626349950710e+04
  2.526033646863371e+09  2.360559365310906e+04  1.174715765567798e+05
  2.526271674852108e+09  1.147552552754316e+04  2.097293387867535e+05
  2.526164072638330e+09 -1.528161621710149e+05  1.530178044922479e+05
  2.526095960610643e+09  1.146164587915384e+05 -2.746832503392990e+04
  2.526118116709114e+09 -3.295006044646820e+04 -4.155753567424108e+04
  2.525992551467321e+09  2.837670191706321e+04 -1.531349035393519e+05
  2.526030395812364e+09  3.089346689062659e+04 -1.132938288116946e+05
  2.526006882008460e+09 -6.662775914267055e+04  8.382178695998841e+04
  2.525994239319024e+09  4.065130263047491e+04  1.197734564262812e+05
  2.526150409024198e+09 -4.165798808860476e+04  1.388440563548325e+05
  2.526276438891465e+09 -8.468870979330665e+04  7.594787406730361e+04
  2.526007718491561e+09 -8.477606453646580e+04 -2.037588716133730e+04
  2.526081100480806e+09  2.047645589116602e+05  8.137782652646070e+04
  2.526215609075974e+09 -4.903883206477028e+04 -3.705742170208110e+04
  2.526215940353780e+09  9.721838363362453e+04 -1.508675270117819e+04
  2.526216678453482e+09  3.324054517927230e+03 -1.799309194253385e+04
  2.526324171775846e+09 -1.092059524245642e+05 -1.854046227756157e+05
  2.526082838967557e+09 -1.376523809935198e+05 -2.239083687837562e+04
  2.526119215162721e+09 -1.004204954104731e+03  3.572152323255199e+04
  2.526071816069133e+09  1.102533251988173e+05 -1.822121745109819e+05
  2.526091863171758e+09 -6.728116789457784e+04 -2.253642679316923e+05
  2.526228678960772e+09 -2.870855497412785e+04 -1.689652230870337e+05
  2.526026937218257e+09  5.867474292993802e+04 -2.131429027861974e+04
  2.526151895178888e+09 -8.358114593527047e+04  1.744497124996176e+04
  2.526271318410491e+09 -1.389215000299615e+04  3.369050212947908e+04
  2.526100090000810e+09  5.305197660658043e+03 -1.008805594198015e+05
  2.526088504279889e+09 -9.976413517295173e+04 -2.190706584183713e+05
  2.525942059385168e+09 -1.119624914676063e+05 -7.457791152641096e+04
  2.526134953377159e+09  1.379167298301344e+05 -7.315747598202131e+04
  2.526065407813371e+09 -8.771892181991425e+04 -2.152712175505503e+05
  2.526206293580142e+09  1.081291123771132e+05 -2.055971446428174e+05
  2.526188250388271e+09  1.868641117606635e+05 -8.776158102807128e+04
  2.526066966501596e+09 -7.644210047655000e+04  1.899306578683306e+04
  2.526215124258868e+09 -7.613551457101561e+04 -9.442227852060879e+04
  2.526073482292550e+09  1.055681476334493e+05 -9.848318202232820e+04
  2.526118231832235e+09 -1.283571230355883e+04  3.834636617847582e+04
  2.526263728396708e+09  2.469120070570521e+04  4.498852813646989e+04
  2.526085439296961e+09  6.534711728711994e+04 -2.828444672910264e+03
  2.526157117077744e+09 -3.662584548977003e+04 -1.807902387295831e+05
  2.526063733165489e+09 -6.110332400887390e+03 -9.888832063565496e+04
  2.526010105163840e+09 -1.124947035358625e+05  9.958159791115671e+03
  2.526031749497737e+09  8.779443828518316e+04  4.747432579407794e+04
  2.526140992779579e+09  3.778087053739908e+04  2.804198799484340e+04
  2.526078258433962e+09 -1.422392925960966e+05  6.185091322781518e+03
  2.526270905609789e+09 -3.996042735315883e+04  7.713643831487288e+04
  2.526238831012007e+09  6.514594729638170e+04  1.668695462511424e+05
  2.526167105375042e+09  1.414370503116418e+05  9.589552950875065e+04
  2.525892829568002e+09 -3.460629043921782e+04 -3.041651384492940e+04
  2.526063084215441e+09  5.005139769171318e+04 -8.334599418285588e+04
  2.526146801818610e+09  5.009240094775477e+04 -1.093219084449963e+05
  2.526197328920614e+09  8.969456718638417e+04  1.184326906276983e+04
  2.526295017074483e+09 -3.481811495204724e+04  6.450220915906900e+04
  2.526073945141369e+09  7.265864086478692e+04 -1.116272101870235e+05
  2.525968289673120e+09  1.253304990671894e+05 -1.992924880312658e+05
  2.526061992709203e+09 -1.807515352488596e+05  1.595825520373345e+05
  2.526240518269378e+09 -1.095767058242112e+03  2.116162632966356e+03
  2.526238463882660e+09  1.042675687829265e+03 -1.153076215936288e+05
  2.526199258938306e+09  1.082030645186221e+04 -4.080705905519967e+04
  2.526130555012924e+09  5.813810498100100e+04  3.553265646034980e+04
  2.526193701740260e+09 -1.238795297941158e+04  6.523089224825363e+04
  2.526234947272640e+09  6.958809069413040e+04  5.674924354987917e+04
  2.526171457621896e+09 -8.732225966115261e+04 -4.740413825642271e+04
  2.526168848850340e+09  1.103714721553877e+04 -1.890440101754838e+05
  2.526066795346214e+09 -1.303583904356378e+05 -2.132269123179344e+05
  2.525999695169058e+09  1.909319479521480e+05 -2.041624914851319e+05
  2.526108597971649e+09 -1.175686809869492e+05 -1.587417362167262e+05
  2.525972186562625e+09  6.777359532830270e+04 -4.501605538624409e+04
  2.526004741341760e+09  4.052820406209817e+04  1.261560382427425e+05
  2.526047552006266e+09  8.501961548902933e+04  2.286228704674137e+05
  2.526050070382680e+09  1.237261905782791e+05  1.936338965963254e+05
  2.526201899901124e+09  1.344250598319340e+03  1.172661217906577e+05
  2.526145484086866e+09 -1.484865659555994e+05 -9.471854116031516e+04
  2.526152452748195e+09  1.162135042132694e+05  2.581327937759203e+04
  2.525951832911449e+09 -1.136905252164602e+05  2.565832341467217e+04
  2.525997262177212e+09  9.580826317078830e+04 -2.468110821547499e+04
  2.526231626730208e+09  2.344211612163825e+05 -1.141397312716884e+04
  2.526169573833536e+09  6.687039040739863e+04 -1.725845105926999e+05
  2.526122861757957e+09 -1.799050507310707e+05 -4.758882673968235e+04
  2.525847011014101e+09 -1.766340486321602e+05  1.435160018146664e+05
  2.526189657095612e+09 -2.191302167866455e+04  1.215102054800785e+05
  2.526153721641275e+09  2.031411189996261e+05  3.668095287432964e+04
  2.526268976575113e+09 -1.347337549903783e+05 -8.380756794270668e+04
  2.526176345163167e+09  5.811154141714051e+04 -8.890376062640431e+04
  2.526140564011443e+09  4.339771477457369e+03 -1.013714319583139e+04
  2.525941021676331e+09  1.615611823523964e+04 -5.241954438136669e+04
  2.526193107545959e+09  9.554845695919590e+04  8.518495531326049e+04
  2.526264714345260e+09  5.983668659031542e+04  1.389435640424389e+05
  2.526020306794939e+09 -1.159157395625943e+05  2.484501340371237e+05
  2.526156186672951e+09  1.275997792771991e+05  2.306314316573117e+05
  2.526030760370718e+09  6.558385035824426e+04 -3.705537966757439e+04
  2.526275964956992e+09  1.808518934781915e+05 -5.648146506258368e+04
  2.526280979935421e+09  2.357672918267171e+05 -8.029336768964236e+04
  2.526038685744786e+09  1.315895698216953e+04 -1.719232437861816e+05
  2.526178844856107e+09 -6.953222622551257e+03  7.181335404722253e+04
  2.526053051546847e+09 -1.775248360987632e+05  4.144393709094261e+04
  2.526039289358374e+09  1.084188468497053e+05 -1.486847027486353e+05
  2.525973413402839e+09  5.384768483824324e+04 -8.292005344302033e+04
  2.526149065886988e+09  1.163773128732755e+05  3.742654120986897e+04
  2.526095544201124e+09  8.505269662841223e+03 -5.478940266536683e+04
  2.526068992669665e+09 -7.036385948102456e+04 -1.281635648717394e+05
  2.526281264354365e+09 -4.942497107847442e+04  5.034722746512853e+02
  2.526256560711662e+09  9.537267500035011e+04  8.191522579118703e+04
  2.525930524030880e+09 -4.427892188429693e+04 -1.873543446497453e+05
  2.526097925002886e+09 -2.330772178665810e+04 -1.300252054179716e+05
  2.526342802530998e+09  1.320289293311937e+05  3.763480499869911e+04
  2.526191217044864e+09  1.743201123364655e+04  5.599959285287076e+04
  2.526010244191913e+09  4.874688634487591e+04 -3.114382947241047e+04
  2.526132048444229e+09  8.372805531744310e+04  1.682757358520220e+04
  2.526093243394838e+09  1.030179917899079e+05  1.804764119417267e+04
  2.526107633317362e+09 -1.237059624118206e+05  6.724032677452429e+03
  2.526117750340756e+09 -5.816512306057174e+04  5.135429266754119e+04
  2.526237077053607e+09  1.972674213339342e+04 -5.003251744422130e+04
  2.526025985901018e+09 -8.861664121810987e+03 -4.159354153356623e+04
  2.526209102329391e+09  1.675940505217791e+05  7.908467343449185e+04
  2.525969252199101e+09 -1.026031841720049e+05  5.502722504829260e+04
  2.526070589022001e+09 -2.006569301088704e+05 -1.364455121137154e+05
  2.526223010553124e+09 -3.611106651161192e+04 -2.757492920074308e+04
  2.526304335517591e+09  8.462813353104820e+04  3.226468147691403e+04
  2.526128951288106e+09 -6.479089230868500e+03  7.212448506210337e+04
  2.526155388285004e+09  6.633894706022128e+04  9.634772022390366e+04
  2.526062966927619e+09  2.642125350594427e+04 -6.710436698546598e+04
  2.526145557373631e+09 -7.605056128210097e+03 -1.249802719331661e+05
  2.526175054669030e+09 -9.809367026886996e+04  6.751862772263726e+04
  2.526149669800321e+09  3.289465856215684e+03  6.892353366613155e+04
  2.526072381922215e+09  1.526111600689217e+05 -8.219575991606861e+04
  2.526169606335423e+09 -3.284694771267707e+03 -1.129004595324437e+05
  2.526299346470997e+09  4.458649074616609e+04  7.948054519616929e+04
  2.526255729785212e+09 -1.371133440259811e+05  6.063489185619948e+04
  2.526068602110377e+09  9.306920465379057e+04  3.121460493896651e+04
  2.526083023852757e+09 -9.358216159600683e+04  8.960539989852725e+04
  2.526149164472528e+09  7.158234493978438e+03  6.467353856154631e+04
  2.525946435634500e+09 -2.321086994995764e+05  5.586959409035704e+04
  2.526409057885970e+09 -1.048800913248009e+05  5.165523453033064e+04
  2.526177446292345e+09 -9.304902259157272e+04  8.386650083917091e+04
  2.526257618819655e+09  1.226413028472925e+05 -9.403031593695248e+04
  2.526235589592790e+09  1.489484406208438e+05 -2.437194927236301e+05
  2.526000751536019e+09  5.364306405492476e+04 -4.166732369182818e+04
  2.526125338024318e+09  1.645186382456780e+05 -6.291762809025496e+04
  2.525970096930934e+09 -1.319335812213952e+05  1.216179395085899e+03
  2.526055492775592e+09 -7.693774629147921e+04  1.326005903712370e+05
  2.526215687909165e+09  1.134525591837986e+05  4.590410567863047e+04
  2.526215800900520e+09  2.644861517726314e+05  1.072996838389849e+05
  2.526237931167938e+09  5.223081506877544e+04  1.158362462416805e+05
  2.526159262560143e+09  6.472986542091914e+04  1.454472461391948e+05
  2.526102198003385e+09  1.362363775713671e+05  1.203478441845210e+05
  2.526002901714606e+09 -1.012941075276646e+05  1.437678389124363e+04
  2.526132253291110e+09  3.242884575325577e+04 -7.320816215733218e+04
  2.526160536842288e+09 -1.330082291036887e+05 -5.273149659855617e+04
  2.526164165658360e+09 -6.596531620396115e+04  4.453937930548022e+04
  2.526073720504121e+09  4.544104329845269e+04  7.858226619151235e+04
  2.526203222744177e+09  6.624094469473025e+04  2.748669896506704e+04
  2.526302065904688e+09  3.808457198477525e+04  1.418770760729691e+05
  2.526245761370417e+09  3.307101097930048e+04  2.996541806375285e+04
  2.526014403551209e+09  1.001907979231933e+04 -2.197191555720682e+05
  2.526016323025687e+09 -6.461292662093812e+04 -1.777471865123918e+05
  2.526072706105873e+09 -1.255332807672250e+05 -3.720320118586184e+04
  2.526266509226083e+09 -1.336882371181548e+05  1.150024121022533e+05
  2.526074286208408e+09  2.583605583384400e+05 -6.486773830460933e+04
  2.526128157830716e+09  5.552211810211453e+04 -2.356884535930391e+05
  2.526051554027729e+09  9.113533584118425e+04  9.730575416022749e+04
  2.526007176603976e+09  2.122714573684647e+05  2.477621666200759e+05
  2.526177029066377e+09  1.996007208382395e+05  3.370723679437686e+04
  2.525996905670455e+09 -2.612187985960975e+04 -6.570445733320503e+04
  2.525986251582479e+09 -1.682928316897743e+05  3.028948498440022e+04
  2.526098106467534e+09  7.421418700597947e+03  4.555954777550604e+04
  2.525831587989785e+09  7.957374036800576e+04  5.246689137756359e+03
  2.526072067177925e+09 -1.110638913917248e+05  2.338865423444612e+04
  2.526147183126051e+09 -1.935798224295205e+05 -7.257329420138290e+04
  2.525996427109869e+09 -1.102251580341626e+05 -1.711771599261656e+05
  2.526119090166208e+09 -1.658772374935355e+04 -1.634119787639520e+05
  2.526203807729266e+09 -4.835672086103726e+04 -8.983211982789775e+04
  2.526194449366988e+09 -6.986518593216781e+04  7.773135136733006e+03
  2.525960827686005e+09 -8.632742835458450e+04 -1.332676676020742e+04
  2.526084920461778e+09  1.688235668251220e+05 -1.344172890686809e+05
  2.526021945391339e+09  4.359761819906166e+04 -1.410477440339774e+05
  2.526210630494147e+09 -3.009866434794141e+04 -7.861662401235523e+04
  2.526028107862664e+09  1.009903522810375e+05 -6.644388140463503e+04
  2.526258890680647e+09  3.400798453066684e+04  1.280087391393124e+05
  2.526052364588581e+09 -3.120604144330468e+04  1.351261467489245e+05
  2.526231073017820e+09 -6.411983607267565e+04  2.346374898789800e+04
  2.526038822605088e+09 -3.611643737095414e+04  8.972189535963477e+04
  2.525956898463898e+09 -1.318766403898015e+04  5.618258717230451e+04
