  1.260835481974618e+09  1.416280588918333e+06 -1.275741837850937e+06
  1.262557969760140e+09  2.623242271190287e+06 -5.969646813436938e+05
  1.261665485737650e+09  1.076382848640915e+06 -6.357891214465385e+05
  1.260709319965403e+09  3.214284516630019e+05 -2.122311846688967e+06
  1.263289586331889e+09 -1.156860782697588e+06 -2.494432104317998e+06
  1.262160377112834e+09  1.546656482489374e+05 -7.431740676825694e+05
  1.259674875405492e+09  1.637315329529892e+06  1.380904416965972e+06
  1.260423958490673e+09  5.577129709973920e+05  7.386785251845155e+05
  1.258284946121922e+09 -1.211294381356217e+05 -3.331820974977538e+06
  1.264635555993652e+09 -9.480167619405322e+05 -4.729542895307917e+06
  1.266677599321451e+09 -2.314915831926931e+06 -1.962212979185652e+06
  1.262988385478574e+09  1.406642877398883e+06 -1.206269984129978e+06
  1.266789230597987e+09  1.442074680643704e+06 -2.835919842427089e+06
  1.262644592883607e+09  5.285145522202640e+05 -1.574442639521351e+06
  1.262705667186980e+09 -3.849114679505656e+05 -3.356313374656317e+05
  1.262946229702559e+09  9.203952423145012e+05 -1.256616191216267e+06
  1.261168201038403e+09  2.453266837922422e+06 -1.655574290255476e+06
  1.263901216105793e+09  2.754870148658912e+05 -2.655288078290499e+06
  1.262521389572576e+09  1.150807893412711e+06 -1.728301333735460e+06
  1.262719798960154e+09  3.707741896237296e+06  1.775311124984205e+06
  1.265727180413269e+09 -7.812011994800385e+04  1.002284145359751e+06
  1.267524907067420e+09 -2.166909895288479e+06 -9.749873337777731e+05
  1.263798787407826e+09  1.141156577865636e+06  3.512048578155924e+05
  1.263569489977015e+09 -6.667570904172126e+05  2.068375826730664e+06
  1.264638640345206e+09 -5.447422631121173e+05  3.345066296001417e+06
  1.261166400971345e+09 -1.366985401539596e+06  3.919775008136858e+06
  1.261704178002304e+09 -3.590170568618361e+05  3.638135585595443e+06
  1.262494579720679e+09  1.886812866565900e+06  2.865529973612197e+06
  1.261565803837606e+09  3.478502344422437e+06  1.563518330614546e+06
  1.260708809311098e+09  7.072952755612563e+05  3.800052589594383e+05
  1.261795166493235e+09  3.738144486792583e+05 -1.206225942545325e+06
  1.265485870815049e+09  3.354098177505055e+05 -2.068614131503650e+06
  1.263660325984656e+09  3.093198832964858e+06 -3.334074705979920e+05
  1.262780210218915e+09 -1.050926618910041e+06 -1.333368421470217e+06
  1.261553607948686e+09  6.856349004593559e+05  9.349752651268721e+05
  1.263970870684671e+09  1.581663252607689e+06 -1.581339938768793e+05
  1.263667134581770e+09 -4.204973818283107e+05 -3.242815578184249e+06
  1.260987248598625e+09 -1.537631557261340e+06 -1.388342413293047e+06
  1.262814721443076e+09  1.236719676858100e+06  5.150234515282016e+05
  1.262389447498322e+09 -3.766861724319222e+05 -5.530090025187171e+05
  1.263015067184792e+09 -1.783831520292273e+06 -1.085121363585724e+06
  1.260456012525352e+09 -2.118558208930227e+06 -1.383244231334200e+06
  1.264546044786776e+09  4.811244780925859e+04 -2.376107958426902e+06
  1.266992440603245e+09 -1.229811299772973e+06 -2.803072052165599e+06
  1.262365662575860e+09  2.317088517743788e+06 -1.620870383430436e+06
  1.266655042714228e+09  1.115570441341262e+06  8.413691538674247e+05
  1.263998561531253e+09  1.463990850689753e+06  2.742724983220428e+06
  1.263894133962901e+09  2.120868805865804e+04  2.312201906440840e+06
  1.265431370133329e+09  1.911080693076426e+06 -2.273464141831799e+06
  1.261661175670799e+09 -1.717052098698573e+06 -2.873234894724300e+06
  1.262996682304072e+09 -1.159910167765244e+06 -1.009246721926671e+06
  1.264687530233022e+09  3.538415335364109e+05 -3.850323966470145e+05
  1.262057824835410e+09  3.865206298919482e+03 -2.844981089664306e+06
  1.262796771229921e+09 -9.220578601507586e+03 -1.970729761315111e+06
  1.263229721923714e+09  1.691740317319114e+06  1.030485429680930e+06
  1.262062803555932e+09  7.945674928053536e+05  1.692707944299517e+06
  1.265914364871295e+09  4.168638767312544e+05  1.531533435184912e+06
  1.264025860310896e+09 -7.200292116824156e+05  1.054217536843396e+06
  1.264253571509892e+09 -3.515306460295315e+05  5.282421539448074e+04
  1.261622473968591e+09 -4.322325686216989e+06 -2.182722913161378e+06
  1.263776436990580e+09  8.797920342749727e+05 -3.531479124644035e+06
  1.264953768225927e+09  6.951824464993136e+05 -2.461145555762353e+06
  1.262980173038357e+09  2.810380131053383e+06 -6.661622340047396e+05
  1.262974911057444e+09  1.621382956339964e+05 -5.845501913435748e+05
  1.267610538306199e+09  2.292816262726724e+05 -1.787173865553886e+06
  1.267671032259394e+09 -2.487067135459891e+06 -1.522409742085586e+06
  1.264467668290226e+09 -1.765683182830089e+06  8.483544336399032e+05
  1.267267155359388e+09  1.637379133849928e+06  1.797484099213673e+06
  1.262310005612496e+09 -1.262007035353411e+06  9.354026688430521e+05
  1.264813115943799e+09  9.694350357634852e+05  7.251161655365147e+05
  1.260635415057777e+09  1.216634772798718e+06  1.520518166101599e+06
  1.263480907420998e+09  1.810166769469278e+06  1.581054633065088e+06
  1.263337454108448e+09  2.117122169381136e+06  6.087686075419107e+05
  1.263473126602090e+09 -6.860664662275197e+05 -6.832470863969660e+03
  1.261241184796556e+09 -1.687548765551466e+06 -1.564478030677295e+05
  1.260905649088230e+09 -3.131488643810575e+06  1.259519466131674e+06
  1.263322050272213e+09  2.417003835741560e+06  2.103331600399834e+06
  1.265913812633018e+09 -1.109813603599044e+05  2.511774305568193e+04
  1.259949773371303e+09  4.677582194975076e+06 -4.687317923819406e+05
  1.264887876066360e+09 -2.884802252250232e+04 -2.550278785299159e+05
  1.263795554991612e+09 -5.387945193470444e+05  1.864011164781537e+05
  1.265575802422364e+09 -3.134842037512193e+06 -1.341188820503291e+05
  1.265705495466244e+09 -2.042946867218836e+06 -2.435386455894375e+06
  1.260127497721414e+09  1.386390662742551e+06 -2.059849523117999e+06
  1.261859064125849e+09 -2.604496837748532e+06 -2.082627225196369e+06
  1.264919064246280e+09 -6.510274786716353e+05 -3.225290869452636e+06
  1.263966903102136e+09  4.111395103172946e+05 -9.137856143395584e+05
  1.261272808376230e+09  1.198059645353757e+06 -7.762499774322282e+05
  1.264109924803801e+09  3.265188870275699e+05 -2.559139849933024e+06
  1.266625913951532e+09  3.635065390849309e+05 -2.054211965293679e+06
  1.259099187854583e+09 -3.541738559207550e+06 -1.312743575822697e+06
  1.263071520244443e+09  2.068178844430571e+06 -5.984879817561352e+05
  1.264696168053114e+09  1.738591982065685e+06 -3.231107841558701e+04
  1.260090415704588e+09 -9.332928539433177e+05  7.783152642557328e+05
  1.262682863028404e+09  3.636486201188618e+06  1.000590395823844e+06
  1.267227315266405e+09  2.407270055600861e+05 -7.910835245265104e+04
  1.261946360409588e+09 -2.273530955267794e+06 -1.027994485305565e+06
  1.265292295286290e+09 -1.481759486130577e+06  1.216849220663019e+06
  1.265525599038005e+09 -1.540216964521671e+06  3.959995870978388e+06
  1.261875598833423e+09  2.301351230419857e+06  1.736014793233769e+06
  1.262513967005253e+09 -1.185631514844124e+06 -1.032626386262210e+06
  1.261591276301118e+09 -2.611387757848255e+06 -4.338051320791773e+05
  1.257339786728376e+09  6.519594537478442e+05  1.016938333044193e+06
  1.261363527563423e+09  4.030052873746880e+05  1.242160667192887e+06
  1.263675290481341e+09 -2.725142618267934e+06  1.669061356321479e+06
  1.260331538115942e+09  1.444205465906393e+06  1.315162096194797e+06
  1.261382018683473e+09 -1.797887100587623e+06 -2.385680386271755e+05
  1.262126782084558e+09  3.329748746984862e+06  5.881671034301952e+05
  1.259452450074481e+09  8.749838449216001e+05  2.053785146951411e+06
  1.262313875747257e+09 -1.233234885129467e+06  1.389473798476512e+06
  1.261345274785373e+09  9.846179002687316e+05  5.501554901799269e+05
  1.265169090059739e+09  6.682697339173376e+05 -1.032752598327002e+05
  1.261980624276512e+09 -2.092567536410627e+06 -3.240055778797417e+06
  1.260619177423536e+09  2.218952074110783e+06  3.923709082359556e+05
  1.264441936621588e+09  2.913661085107739e+05 -5.403112273371472e+05
  1.262119643523845e+09  1.650468525745659e+06 -2.333674888170809e+05
  1.263631053224791e+09 -1.143571660780431e+06  6.385215197689942e+05
  1.262589604683307e+09 -1.173209607419247e+06 -1.824074925023519e+06
  1.263856932732380e+09  1.539962926100631e+06 -2.245533330432522e+06
  1.264804109238683e+09  1.489647892637603e+06 -1.313931392644858e+06
  1.265763946266969e+09 -5.661938325878411e+06 -6.086076012394425e+05
  1.259555002792544e+09  6.368680728112946e+05 -7.362887754380135e+05
  1.263986771107172e+09  1.505415453107810e+06 -1.309810147893499e+06
  1.259422917901711e+09  8.848744696143405e+05 -1.162592769118026e+06
  1.260451859520022e+09  2.790356412256352e+06 -1.041176882350930e+06
  1.265045325847468e+09  6.193416999267890e+05  1.686126574755716e+04
  1.262617779631171e+09 -5.083940887614100e+05 -2.523424974011725e+05
  1.259874162357639e+09  7.389238138395378e+05 -3.738292768624977e+06
  1.265884996598849e+09  2.158439033240155e+05  3.309117314676151e+06
  1.266837453167095e+09  3.697812438950954e+06 -5.643045841823202e+05
  1.261383189625641e+09  1.802215903884010e+06 -4.381389133511742e+06
  1.263522229781467e+09 -7.952096859741636e+05 -3.996510972732226e+06
  1.266278345986120e+09 -3.399265943442691e+06 -3.444738732065688e+06
  1.262949591406853e+09  1.410074936573155e+06 -3.386871526319895e+06
  1.262530423462759e+09  3.002305342910860e+06 -9.190830931205032e+05
  1.264482678333025e+09  3.252222174216166e+06  2.065260837345469e+05
  1.262969678007918e+09 -5.160737522092905e+06 -9.361861141833350e+05
  1.262592749158933e+09 -9.735813432778403e+05 -1.754262927228040e+06
  1.265587502996769e+09  3.370010421129301e+06 -8.633704851176898e+05
  1.265971853764132e+09 -1.706082778159156e+04 -4.591511985602020e+05
  1.267018704123265e+09  4.402554059479920e+06 -1.975943381768425e+06
  1.264006333630849e+09  1.605617619415947e+06 -2.012967795865986e+06
  1.263359226170271e+09  1.068212872609189e+06  1.300800773458927e+06
  1.262552785457763e+09 -3.720749085125712e+05  4.056750069521686e+06
  1.261665618510997e+09  1.675964535890207e+06 -1.593518740629442e+06
  1.264145321665965e+09  2.534065118045868e+06 -2.121771497108367e+05
  1.264182443631459e+09  1.194661420956811e+06  8.160053017312947e+05
  1.266061819522239e+09 -7.817411421334279e+05  6.780891375377137e+05
  1.263119656158051e+09 -2.720547788350598e+06 -1.788603402128839e+06
  1.262186405512957e+09  9.241048045271263e+04 -2.651266983743835e+06
  1.262656337261323e+09  5.202290802971447e+06 -1.771747775841726e+05
  1.262374708598554e+09  1.963984222096020e+06  5.239771626756771e+05
  1.264976342986694e+09 -2.947052071848040e+06 -2.545553120557655e+06
  1.263281666570020e+09 -3.565424724578672e+06 -4.169863139250068e+06
  1.264614560164305e+09  2.634768704472059e+06 -2.486562318783741e+06
  1.263405988288890e+09 -1.078278823891907e+06 -2.545137233494919e+06
  1.265181021455352e+09  3.868774750384106e+06 -2.859689515924475e+06
  1.263416653038527e+09 -9.110932878566745e+05 -1.090737222691472e+06
  1.263362839452837e+09  3.582199045463273e+06  1.445070828875025e+05
  1.267511013970184e+09 -7.015594601752704e+05 -1.023474062312452e+06
  1.266554498148521e+09  2.883178140443224e+06 -2.991732317005707e+06
  1.263535563262083e+09  3.983665898441282e+05  7.325192105250839e+05
  1.266925481521670e+09  8.537646766660060e+05  2.210115608393095e+06
  1.265943678007622e+09 -5.611334862200898e+05  3.885285894878783e+05
  1.262924938299205e+09 -5.258054193746359e+05 -2.366384229136158e+05
  1.261401522862504e+09 -2.579703130595872e+06 -3.360022768422358e+05
  1.262826550739614e+09  5.208976804131910e+06  1.326024062250527e+06
  1.265000774845493e+09 -7.236332554779444e+05  2.474998670579025e+06
  1.264502841725040e+09 -1.292079670402944e+06 -1.316615491445187e+05
  1.264087523266346e+09 -2.741883284897144e+06 -2.515412897398835e+06
  1.266052319015587e+09  5.627282179266579e+05 -2.642815749270350e+06
  1.261834976784986e+09 -1.505894324497054e+06 -1.983286049162725e+06
  1.262132120003450e+09  2.156568815476052e+06 -1.315188854540729e+06
  1.264353989302408e+09 -3.269220858516063e+06  2.650384312668537e+05
  1.259934366458715e+09  3.929631266331906e+06  1.926536539069811e+06
  1.264297924432426e+09 -6.333302011822820e+04 -8.817443616177931e+05
  1.260424742627507e+09  4.159602153016452e+06  2.474831947338562e+06
  1.263686592401669e+09 -9.343133441527837e+05  1.148389895978807e+06
  1.263560944850840e+09  8.792822723619975e+05 -2.308536974147603e+06
  1.263103849300451e+09 -2.423935552842557e+06 -3.132549024584109e+06
  1.264790126014179e+09 -1.269097341431975e+06 -2.375051684224160e+06
  1.263532152545365e+09 -2.022735784121419e+06  4.687221128229657e+04
  1.265451478423665e+09  4.167641954534797e+06  3.091192279936653e+06
  1.260812525583542e+09 -1.371992847038666e+06  1.018066620740381e+06
  1.262607742448566e+09 -8.846865019902849e+03 -1.407569478217561e+06
  1.262284560581305e+09  1.466731314125465e+05 -9.676779407896786e+05
  1.261828383273574e+09  1.190025263200126e+06 -8.340641663840624e+05
  1.264801802089249e+09 -1.056560670975292e+06 -1.129057428638107e+05
  1.261777804835729e+09  9.849617480624254e+05  7.483921249994156e+05
  1.265927509990275e+09 -3.288030184288169e+06 -7.434550520424210e+05
  1.264972699960029e+09  5.092728768177698e+06 -2.638592620888204e+06
  1.260954056338496e+09 -1.968694035868329e+06 -5.061395393081981e+05
  1.264558588498492e+09  2.625168623321586e+06  1.469883156015940e+06
  1.262194693470410e+09 -1.466864797309549e+05  1.815886496216642e+06
  1.261840889047811e+09 -6.391383107560060e+05  2.264262293995654e+06
  1.264689825605428e+09 -3.532241816557859e+06  1.618215147984426e+06
  1.265600157769754e+09 -2.340625622618277e+06 -2.870786257291561e+05
  1.262800663132005e+09 -1.530779659215931e+05  6.402743597456284e+05
  1.260360778294083e+09  3.891105852643930e+06  2.088098335236863e+06
  1.266081920375927e+09 -7.942856169443957e+05  1.606414745943725e+06
  1.260787436610368e+09 -1.280354608261263e+05  3.666039461258149e+05
  1.263336973887474e+09  1.120661984237280e+06 -3.220932867041971e+05
  1.261546374309869e+09  2.721570275639810e+06  3.628256992119080e+05
  1.266330468913250e+09 -3.994884633939064e+05  8.123588191536139e+05
  1.265098463310880e+09 -3.571592901825823e+05  8.959468755590052e+05
  1.264423324903079e+09 -2.164568049271218e+06 -6.027298199799471e+04
  1.262415616614418e+09  5.167587057130243e+06 -1.273629074791415e+06
  1.264173648376339e+09 -2.771540519565557e+06 -2.238706947169157e+05
  1.264727275983499e+09  7.796815905860977e+05 -6.665278513221213e+04
  1.258128782778434e+09 -1.467615204675337e+06 -1.306621662317700e+06
  1.261711439689424e+09  5.865271536256566e+05 -2.406095489246324e+06
  1.259327805586459e+09 -2.847964746512716e+06 -1.210130283715703e+06
  1.262976877314291e+09 -6.515154815281765e+05  5.805180570119061e+05
  1.263480335831145e+09  4.692512022258078e+05  4.703146369047472e+05
  1.261611490649279e+09  2.979046085955609e+06 -8.513602468947439e+05
  1.264453198454275e+09  5.236663542779458e+05 -8.407882865190436e+04
  1.263411631640867e+09 -1.742368667233088e+06  2.513773268224028e+06
  1.262326571295401e+09  2.781889047113006e+06  2.669552082405011e+06
  1.260160858717411e+09  1.906520708593426e+06  4.706760523490187e+05
  1.263542558298429e+09  2.814319676233791e+05  8.535582454985706e+01
  1.262974407066843e+09 -5.953890889786922e+05  1.369432807068467e+06
  1.260409542206932e+09 -1.582600054476656e+06  1.898892525853883e+06
  1.262480195869449e+09  1.584846797312554e+06 -3.918796867462639e+05
  1.263776979271734e+09 -1.779705483640595e+06 -1.219601849668822e+06
  1.263392020493867e+09  8.896195228284849e+05 -9.141473181472274e+05
  1.265526876485670e+09 -2.791759139112766e+06  1.040081253082935e+05
  1.264541210134625e+09  3.472429912935298e+06  8.608556965640117e+04
  1.265290256011152e+09 -2.027771022290874e+06 -5.780509065753359e+05
  1.260775246388031e+09 -8.532725815786910e+05  2.661056523505627e+04
  1.263523466390986e+09  1.306457282376548e+06 -3.266406554484251e+04
  1.264231808761497e+09  6.496504845191996e+05  3.448895202141668e+05
  1.266218060509356e+09  2.318527292927170e+06 -1.268202789407318e+05
  1.264345015306676e+09 -2.862233245602468e+06 -1.605835178993038e+06
  1.264724317724913e+09  1.538210583860082e+06 -1.972623778148314e+06
  1.262417415541240e+09 -2.613634443455538e+05 -1.717540287589535e+06
  1.264395379029778e+09 -4.160359589348453e+05 -1.754195010981641e+06
  1.262387889151068e+09  9.901779878987123e+04 -1.536466892644915e+06
  1.261562128251136e+09 -1.598009383634078e+06 -3.399611119975183e+05
  1.260920854997195e+09 -5.857135988567695e+05  6.229524829882771e+05
  1.260482377964305e+09 -1.325052136680970e+06  6.855487599119253e+03
  1.262240102527327e+09  7.308065280712354e+05  2.132830764869097e+06
  1.259822720789343e+09  9.865409186564873e+05  1.615933893388324e+06
  1.259897544721559e+09  3.045601970593291e+06  5.196449055111500e+05
  1.260099769008042e+09 -2.119335119274833e+06  1.595286544225188e+06
  1.261854317934974e+09 -2.680482258248886e+06  2.360901293944613e+06
  1.262187965693484e+09  2.420274152757567e+06  1.281475288642785e+06
  1.264382868533653e+09  3.616895420740470e+05  1.065846439472805e+06
  1.263179860972802e+09  2.515853780416325e+06  2.209509819244915e+06
  1.262542514561666e+09 -1.794501876905321e+06  1.287862975539347e+06
  1.259549594558382e+09 -1.641525483889963e+06  1.504395028603237e+06
  1.264307244017687e+09 -2.343737647180942e+06  1.503974284794330e+06
  1.266300416450988e+09 -6.275208609559181e+05 -1.002066421686001e+06
  1.262224745636948e+09  2.065420801267730e+05 -9.347595615651788e+05
  1.260099427548600e+09 -4.331149653564981e+05  3.485088290833468e+05
  1.263289643108393e+09 -2.510642279149505e+05 -4.511121646153880e+05
  1.264842671896401e+09  2.178510379207291e+04 -6.785404355082614e+04
  1.261807060908769e+09  4.491710877288489e+05 -1.414305092018649e+06
  1.264621037483836e+09 -2.470600601535835e+06 -1.969633687831523e+06
  1.258870246747405e+09 -1.624236516162974e+06 -5.200858562120590e+05
  1.262281631641623e+09 -2.756461557464436e+06  6.341094004742771e+05
  1.264082713335712e+09  3.476101961863547e+06 -1.115805727516809e+06
  1.261751681801933e+09  1.313832833047176e+06 -4.287086001015298e+06
  1.262718331466943e+09  2.987073380600963e+06 -3.754528612772438e+06
  1.261829240073882e+09  3.576955721152861e+05 -2.094048832996719e+06
  1.261964556057291e+09  8.315336300147721e+05 -2.037813526352512e+06
  1.264016534656071e+09 -1.389637847205189e+06 -1.696095445298874e+06
  1.266058520482155e+09  2.090242382149364e+06  4.709186261113376e+05
  1.262669511548153e+09 -1.094390249551892e+06  3.160244145896346e+06
  1.262224140571683e+09  1.995990386975799e+06  3.853602200885577e+06
  1.262222540044864e+09 -1.086496709911860e+06  4.524993937162780e+06
  1.263962254639051e+09  1.411509242072324e+06  4.398387826169705e+06
  1.262168429101565e+09  1.041629608540618e+06  1.607886321903208e+06
  1.260554946537910e+09 -1.559300744722356e+06  1.297103117506647e+06
  1.262306755602458e+09 -2.840551806884234e+06  1.084741077161463e+06
  1.264281139933339e+09 -2.448755895202845e+06 -1.322995582889482e+06
  1.264309345710944e+09 -2.134113471075601e+06 -3.291655491275938e+06
  1.264540625207792e+09  1.748667980665099e+06 -1.602518799687654e+06
  1.266324659309914e+09 -5.672289753003139e+04  5.604895107147885e+05
  1.260969101479736e+09  5.883040402219959e+05 -7.284487688371696e+04
  1.262712021562315e+09  5.811498159389670e+05 -4.604393562193378e+05
  1.267441083885207e+09 -1.362001589661407e+05  1.236039436418060e+06
  1.260637242260639e+09 -4.291937945826678e+05  2.925393499104611e+06
  1.261860364216167e+09  2.407344470793605e+06  5.378643683997623e+05
  1.260379342743650e+09  1.521621479079935e+06 -2.256580688176355e+06
  1.261678455435472e+09 -2.170098124528647e+04 -1.751156201854720e+06
  1.261050073284922e+09  1.503102062499446e+06 -5.556146158879369e+05
  1.260558434817879e+09  3.442468618378317e+05  1.171160442723725e+06
  1.264781592316875e+09  1.519248538849623e+06  1.486317968313345e+06
  1.263485011524784e+09 -2.401837048138608e+06 -5.659269767878309e+05
  1.260507613557216e+09 -2.727199045141025e+06  5.791169015259955e+05
  1.260595427917990e+09 -1.808135227320117e+06  3.511914122135401e+05
  1.262745901731863e+09 -1.121205052712644e+06  6.134671829871384e+05
  1.263673769364457e+09  2.233547089468554e+06  1.317415731193323e+06
  1.261988623218312e+09 -3.100665765802392e+06  1.183373736987217e+06
  1.261970353856675e+09 -3.930750933936691e+05  4.993941760335637e+05
  1.261758194675376e+09 -5.338745710741566e+05  9.714296743146263e+04
  1.262620703393082e+09 -1.249758079350610e+06  2.190492345846317e+05
  1.260147341174446e+09 -5.818576533765497e+05 -8.935217712127042e+04
  1.261529191434249e+09  7.637997421403675e+05 -2.227147149908501e+05
  1.264998042954291e+09  3.474344621395470e+06 -1.287632156514987e+06
  1.262804312161378e+09  1.343630073941131e+05 -1.846973755096027e+06
  1.263651279944136e+09  3.777611469062882e+06 -1.504143766690272e+06
  1.262436480770654e+09 -4.803196935854077e+05 -2.303340426635281e+06
  1.263062279301381e+09  1.186967653213508e+06 -2.143878008091217e+06
  1.266559556533785e+09 -1.906736110116210e+06  1.225687632508663e+06
  1.263231319340920e+09 -2.837102411969837e+06 -1.013555126802075e+06
  1.265158891691553e+09 -4.682578290907132e+05 -3.297648813018559e+05
  1.263562754225116e+09  1.025921656013997e+05  1.243962381630249e+06
  1.259490263371380e+09  2.347532620462183e+06 -1.067048727418329e+06
  1.263148470912419e+09 -2.374196146193066e+06 -2.884274515723377e+06
  1.261931661506780e+09  8.910019975125736e+05 -2.236208396389461e+06
  1.262405829610409e+09 -1.379359922508792e+06 -2.235743579120492e+06
  1.263040731624250e+09 -1.543664229612062e+06 -2.160452875925622e+06
  1.263647971871393e+09  2.483624477291876e+04  6.648094393747230e+04
  1.265677344389591e+09  5.177836491891536e+05  1.132086167924075e+06
  1.262433043845847e+09  1.529516864329125e+06 -8.196890641201328e+04
  1.264078966321898e+09  1.892957536168451e+06  2.513508747217844e+05
  1.266596414832076e+09  2.160413680832350e+06  5.937815842653166e+05
  1.262925944386255e+09 -2.528652168923756e+06 -7.558933567744892e+05
  1.263318457235345e+09  9.388412874488914e+05  3.710736555710719e+05
  1.266463527020511e+09 -2.492002229093330e+06 -1.881210792425522e+06
  1.267066045888088e+09 -9.567617422899733e+05 -1.910670308800657e+06
  1.263500633444597e+09  5.557559690055042e+04 -2.171094761083024e+06
  1.264784116406680e+09  4.997834716978078e+04 -1.087235027979543e+06
  1.264442462851485e+09  9.749154230833806e+05 -5.004513461967767e+05
  1.262358528712895e+09 -3.336948427779499e+05  7.126631035673739e+05
  1.261180814627606e+09  2.344487404742321e+06  1.647201548712958e+06
  1.262804561376173e+09  2.450862452714744e+05 -1.351877413696820e+05
  1.263826542826545e+09  3.433449273098573e+05 -1.233632009653214e+06
  1.264183176216335e+09  1.952380124761828e+06 -5.858635896035243e+04
  1.261752510991237e+09  7.631800671684991e+05  3.267637462718373e+05
  1.260986517322930e+09 -8.538671544070212e+05 -1.942868533595165e+06
  1.265207161883745e+09  1.654559346894705e+06 -4.554886211492567e+06
  1.263998772338835e+09 -2.563245675982551e+06 -2.622432623217597e+06
  1.257901303099710e+09 -5.519927611118790e+06 -8.273505905595928e+05
  1.263737576591550e+09 -1.084437099182219e+06 -2.150342926070471e+06
  1.261765841323569e+09 -3.418309981811758e+06  1.339491475435904e+06
  1.261803960135934e+09  7.244208296512053e+05  6.679208187769109e+04
  1.264907374158416e+09  6.110552140892680e+05  1.531729258121191e+06
  1.259623179535853e+09  2.977089873962014e+05  3.799067537899188e+06
  1.261132082930918e+09  3.248215790325563e+06  2.636454814666377e+06
  1.264660995485278e+09 -3.339302605292251e+05  9.686465589761048e+05
  1.262832950001555e+09  1.252703222622509e+06  1.719996442528734e+06
  1.260391069717921e+09  6.859775022763941e+05  3.791131391227585e+06
  1.262166828508641e+09  2.748701022331650e+06  4.277041106457700e+06
  1.263429181608824e+09  4.837208585955221e+06  3.395392839934564e+06
  1.259628157414771e+09  7.363207991165249e+04  2.384558357257376e+06
  1.261896511740898e+09 -3.067937979066290e+04  1.082852953324141e+06
  1.261473332370357e+09 -4.901253751632611e+05  1.964086425460285e+06
  1.260223989232196e+09 -4.889414632128080e+06  2.906571146198938e+06
  1.262993701138703e+09 -5.761863133111352e+06  1.048608194121361e+06
  1.265491362534678e+09 -1.937186084316666e+06  8.915115646118448e+05
  1.261183295944768e+09 -3.527123679252794e+06 -1.062554955620278e+06
  1.262336277306291e+09 -2.489944572497957e+05 -1.971194380771280e+06
  1.264412718537123e+09  6.765842749770712e+05 -2.095068655542615e+06
  1.261401894668582e+09  5.198527093986926e+05 -2.236056763742604e+06
  1.266745787748387e+09  4.496292083604174e+06 -3.689889322860091e+06
  1.262881176086941e+09 -2.278356190961025e+06 -3.956827946805627e+06
  1.260510764044286e+09 -2.637979370739693e+06 -2.181428732451096e+06
  1.262135556283649e+09 -1.846353808760690e+06 -1.407294746664829e+06
  1.260831809554049e+09  3.044075906130861e+06  5.256427177370315e+05
  1.259658505204147e+09  5.709968743563525e+06  2.572019855036079e+06
  1.263544410022368e+09 -2.742068867591810e+05  2.705899095284107e+06
  1.258770899834927e+09  1.461683180737568e+06  1.715572181777772e+06
  1.263709702698966e+09 -5.952797023615739e+05  2.679234343985268e+05
  1.260895540088404e+09 -5.121517247482911e+06 -4.671140663376300e+05
  1.261924042553154e+09 -3.415113476130250e+06 -6.049540529576506e+05
  1.262026301012983e+09 -8.548028825734850e+05 -3.835346045047616e+05
  1.261047521712794e+09 -1.739953238625857e+06  1.302179395450148e+06
  1.259942178765749e+09  1.189707629879126e+05 -1.171031434453096e+06
  1.264608067129380e+09  1.859689040500087e+06 -7.636214129082612e+05
  1.262827563504663e+09 -7.756165632287496e+04 -4.861819543275686e+04
  1.263585932410985e+09  1.757986974090551e+06 -5.340984675953717e+05
  1.262498153102440e+09 -1.829209042106636e+06 -1.972745173581991e+06
  1.263000591828202e+09 -2.002975694264529e+06 -2.072697782066304e+06
  1.264152771208546e+09 -2.054862508510739e+06  8.099540248918046e+05
  1.266465498057631e+09  4.897262477449310e+05  3.304293532849360e+06
  1.262001222469617e+09  3.624260943344573e+06  2.957205733160879e+06
  1.264028020938089e+09  6.723657965967207e+05  1.133775704047341e+06
  1.259031012668859e+09  4.608959379868274e+05  1.193441822695659e+06
  1.262133744036635e+09  2.428558422672042e+06  2.231437198389071e+06
  1.261117665569562e+09 -2.633418646797839e+06  6.505964843959964e+05
  1.263896869791351e+09 -1.911125373980611e+06  7.509156927930191e+03
  1.264080082480335e+09 -1.683623878802850e+06  2.189974063418844e+06
  1.263909533896641e+09  1.205746993837579e+06  1.149577155736352e+06
  1.268429671584705e+09 -9.181324066908787e+05  2.486394830781571e+06
  1.262571290549152e+09  2.652492736553500e+06  3.551068460379257e+06
  1.261008405372003e+09 -1.209867003363535e+06  3.488068792886925e+06
  1.263386702350413e+09  1.985131608834347e+05  1.994546644359398e+06
  1.262475569774530e+09 -1.549494682907612e+05  1.381405462521988e+06
  1.263755170116616e+09  9.548375462971521e+05  2.121486490166124e+06
  1.265396575484822e+09 -3.423262833611315e+05  7.672977513036812e+05
  1.261922572238295e+09 -5.649920688924867e+05 -1.986832640007060e+06
  1.264346046475957e+09  2.327738046226345e+06 -2.448495440080347e+06
  1.266305860956062e+09  1.633473526154876e+05 -1.632910626825971e+06
  1.266247988777935e+09 -5.013991922304334e+05 -4.919519644758570e+05
  1.265322656086465e+09  1.882641578152927e+06  6.897017799548432e+04
  1.267719772080407e+09  1.590941829520709e+06  1.306822362203034e+06
  1.266862321662814e+09 -5.078691887613823e+05  1.910129757374228e+06
  1.262606896459399e+09 -4.402052670316032e+06  6.864936240381139e+05
  1.263653594331158e+09  3.021322882883743e+06 -5.944724868020132e+05
  1.265164790070979e+09 -3.023134883969774e+06  1.099239765139027e+06
  1.262153319656271e+09  8.309154069638320e+05  1.274938837685286e+06
  1.264204444403046e+09 -2.448722488464822e+06  1.881084164240402e+06
  1.265160684302173e+09 -5.597573325960436e+05  2.153594969230032e+06
  1.259948582603466e+09  5.877879275193451e+05  1.858155437737431e+06
  1.264515152228536e+09  8.764301843162873e+05  1.020585247035435e+06
  1.263129403809472e+09 -2.961221765516313e+05 -2.000631233003406e+05
  1.262962165352465e+09  1.792159239245631e+06  1.125334243223283e+06
  1.263094078478185e+09  9.640416341380044e+05  1.878855652443005e+06
  1.264730188568085e+09 -7.365822934743698e+04 -4.442130239452980e+04
  1.264336005417038e+09 -1.322709707370090e+06 -1.424828982221818e+06
  1.264806626094340e+09 -2.255264006973157e+06 -1.115967909245461e+06
  1.260659330605168e+09  4.090165461732554e+05 -2.679012868734911e+05
  1.261782331950759e+09  1.783564992747014e+06 -1.325102677004841e+05
  1.267583736680141e+09 -5.105363603004289e+06 -1.137460296132643e+06
  1.268167667687453e+09  2.324517486576238e+06 -2.229830222172362e+05
  1.263372078610254e+09  1.882144345571224e+05 -4.245372467731463e+05
  1.265958826747315e+09 -8.736040310858679e+04 -1.792469304671349e+06
  1.261101719443110e+09 -2.131091982937303e+06 -2.445584050661453e+06
  1.262295426517905e+09 -2.362512532162065e+06 -2.653975799668500e+06
  1.260449693572571e+09  2.606311795661006e+06 -1.041727707351269e+06
  1.263095906323501e+09  5.016930167601700e+05  2.152355349258647e+06
  1.263571344160112e+09  3.822003975344426e+04  2.581028203635401e+06
  1.262684933058437e+09  9.873516696612226e+05  5.144453790138941e+05
  1.262497190979595e+09 -8.937241706864983e+05 -4.177102723891272e+05
  1.263957373870406e+09  1.211088840808246e+06 -1.232673301635461e+06
  1.263373341929272e+09 -1.627124215122863e+06 -2.093194279498523e+06
  1.263412727716591e+09 -3.353395735056278e+06 -2.670507492609696e+06
  1.264915818976084e+09 -3.307932134694002e+06 -3.168677016163059e+06
  1.260043110813707e+09  3.623850786001330e+06 -3.644582737838636e+06
  1.262221243889352e+09 -1.778805359075928e+06 -2.539988561165727e+06
  1.260211531702444e+09  4.791273344641438e+05 -1.742032616615070e+05
  1.263970147371560e+09  3.070329693575760e+06  9.887738547858782e+03
  1.263801608214337e+09  8.458528109841046e+05  7.377626048148460e+05
  1.262773943204054e+09 -5.124264761740629e+05  1.627832402143537e+06
  1.265855862102712e+09 -2.110861399421139e+06  2.509557519550070e+06
  1.265959921534044e+09  2.451907806472788e+06  4.219003009329458e+06
  1.266294126150690e+09  4.244890236197739e+05  4.535172646885847e+06
  1.263333469373016e+09  1.236866947335479e+06  2.507005604117188e+06
  1.262465266918373e+09 -1.327871966218178e+06 -1.617061441171818e+05
  1.261478714259025e+09 -1.931181648907202e+06 -1.560490471245350e+06
  1.261710127188787e+09 -1.424082659912970e+05 -1.181794899488741e+04
  1.265961704646627e+09 -4.786043785350419e+05  7.137811539612275e+05
  1.261885029255005e+09 -1.231199707769882e+06 -1.168017214270817e+06
  1.266700029904481e+09 -2.840317811642983e+06 -2.623741215056266e+06
  1.263265626070357e+09  1.820638349610711e+06 -6.767360053074424e+05
  1.263513352334817e+09 -3.188876528063131e+04  6.967339751006732e+05
  1.268187897477399e+09 -1.624994293054515e+05 -1.216560715979514e+06
  1.265215737792965e+09  3.063747711945863e+05 -2.619931575038382e+06
  1.261391854049273e+09  1.908959527886266e+06 -8.341904408764844e+05
  1.265381442518408e+09  1.203077884989690e+06  1.086113556515510e+06
  1.266355079389709e+09 -1.039925151404470e+06  8.745670218567280e+05
  1.262576504851897e+09 -6.522132504114865e+05  8.361984703932573e+05
  1.261149368800301e+09  7.473286088151418e+05 -6.733059980170045e+04
  1.264908724529485e+09  5.965833176860149e+05 -4.576664012562070e+05
  1.260413504286455e+09 -5.334135708064197e+05 -7.001276167478526e+05
  1.262237881915791e+09 -2.393150263562393e+06 -1.864269377823742e+06
  1.260798282322595e+09 -1.522454729322540e+06 -1.939827451344726e+06
  1.265168468303056e+09  3.457085636941294e+05 -1.277169098547701e+06
  1.264099257272342e+09 -1.840148501590425e+05 -8.632241615578274e+05
  1.266359685942985e+09 -9.652623569683568e+04 -2.082801906130204e+06
  1.263605758547569e+09 -2.776098180033979e+06 -3.035872669363840e+06
  1.262320494940872e+09 -1.588746671821191e+06 -1.403040301928911e+06
  1.262930638153645e+09  8.203641666362451e+05 -3.902107202907436e+05
  1.259264294003180e+09 -2.221408245089903e+06  4.243188642351887e+05
  1.262522898400822e+09  1.557828585459869e+06  6.234660256810712e+05
  1.258244377387105e+09  2.283941239968591e+06 -5.158489297504632e+05
  1.263856011174953e+09 -3.119099976370371e+05  4.719343483510620e+05
  1.264265688017157e+09 -5.924809193204420e+05  1.362024661447140e+06
  1.263556779595376e+09  1.904984738431557e+05  3.986134455359753e+05
  1.262743806946711e+09 -1.637707404823334e+06  6.172683078255784e+05
  1.263310774627314e+09  1.208712172499380e+06  7.329602003546497e+05
  1.264990304798452e+09 -1.449091537424671e+06  6.329773441266218e+05
  1.259151305494415e+09 -6.944554863237509e+05  7.674789742597159e+05
  1.263172593119337e+09  1.335999177417806e+06 -3.662529365893673e+05
  1.265606105656463e+09 -1.378757289822993e+06  2.398597353126317e+05
  1.260833206807641e+09  3.807832398692367e+04  1.323055308737005e+06
  1.262816419799400e+09 -4.025904843451395e+06  6.744440465154229e+05
  1.263400108416420e+09 -2.446673508459754e+06  4.100343568725239e+04
  1.264729796730208e+09  2.219334166887013e+06 -3.528819874717368e+06
  1.264311792159366e+09 -7.579529229472850e+05 -2.184099638654695e+06
  1.265756950690532e+09 -6.531969196724733e+05 -4.536997235958687e+05
  1.267978277744080e+09  9.448789118651119e+05  9.967808715221484e+05
  1.260360763778853e+09  5.811520605937680e+05  3.126850149189143e+05
  1.264979646008514e+09 -5.981718858837464e+05 -4.164422781308469e+06
  1.264642870283912e+09 -1.051888668948872e+06 -3.466004571262715e+06
  1.264264749166018e+09 -1.665419094559318e+06 -6.225054822769691e+05
  1.264990511965952e+09  2.333509010746219e+06 -2.890540281405409e+05
  1.262839500141053e+09 -1.774809076972246e+06  1.516886671887134e+06
  1.262403347266467e+09 -1.134016975740622e+06  5.676809170424067e+05
  1.264968672998823e+09  1.709344018129037e+06 -4.991265097227609e+05
  1.264686688307123e+09  3.102648140372789e+05  2.403676904210803e+06
  1.260046634924248e+09 -2.282155252035692e+06  2.014091376679943e+06
  1.261632015311899e+09 -1.134003067650491e+06 -7.534786545254865e+05
  1.263511877652593e+09 -3.039943083695684e+06 -2.264618524195410e+06
  1.260887305025939e+09  1.918793040531112e+06 -1.128989684074299e+06
  1.262011904032796e+09 -5.765759084054630e+05 -3.281342953175338e+06
  1.259677013190334e+09 -1.667644263649903e+06 -3.309836076491578e+06
  1.259244801003464e+09 -2.012256043982287e+06 -7.012328473485669e+05
  1.261973338790230e+09  2.438209460041885e+06  2.733243005144553e+05
  1.262665289145383e+09 -1.051063243733074e+06 -1.971725246071993e+06
  1.264486789715282e+09  1.232025576263472e+06 -2.551614196403920e+06
  1.261286856674390e+09 -2.863308360855547e+05 -2.480606698009312e+05
  1.261959256288005e+09  1.960089097788327e+06  1.566058604742742e+06
  1.263347572181755e+09 -2.683972524548420e+06  1.779169034096419e+06
  1.264573984681489e+09 -6.996242217690259e+05  1.523046486656748e+06
  1.266644123601272e+09 -1.017404204728708e+05 -8.933998225363995e+05
  1.262789137682807e+09  2.900660248013167e+06 -3.558190613775017e+06
  1.261413053326196e+09 -2.836779480143788e+06 -1.244527243153903e+06
  1.260739570526601e+09  1.481124126064561e+06  2.109986521265501e+06
  1.263340083178699e+09 -1.773544491344824e+06  1.484905090425430e+06
  1.263898408715376e+09  1.351795925388430e+05  9.610583444490862e+05
  1.264524017696206e+09  2.137499228555309e+05  1.460103179410658e+06
  1.258421157431391e+09  2.956264633319531e+06  1.927236906882582e+06
  1.263865778990004e+09 -2.884790366851525e+06  1.615456643345682e+05
  1.265072250103298e+09 -2.152724380361119e+06  9.885452487135772e+02
  1.263822359622157e+09  3.817553718270427e+06  1.109026462053939e+06
  1.264385510702683e+09 -2.260564277385090e+06  1.131262029848150e+06
  1.264791273489163e+09  9.098467515333852e+05  1.463826282186146e+06
  1.266097661794938e+09 -2.977662251962000e+06  1.052348933619459e+04
  1.263011962621105e+09  7.495524623988551e+05 -3.011515675689170e+06
  1.262014051597501e+09 -7.392573799252344e+05 -2.150755531917521e+06
  1.262997222163925e+09  2.045964695803848e+06 -1.091904280571605e+06
  1.261761592308480e+09 -1.589970543133507e+06 -1.209930815068911e+06
  1.260933678436835e+09 -1.673762936568157e+06  6.622433946865785e+05
  1.264711614112861e+09  2.064524217362541e+06  1.026871992233205e+06
  1.261728427506746e+09  5.808079320599409e+05  9.439299346006149e+05
  1.261958746804270e+09 -7.920437315658628e+05 -2.386204308715207e+06
  1.259994409790100e+09  1.230836260011523e+06 -4.619051791267415e+05
  1.264127827077485e+09  1.011739937403937e+06  8.332546543749803e+05
  1.266371283210851e+09  5.124717194009817e+04 -7.536755949842208e+05
  1.262030606882204e+09 -8.873824453331494e+05 -5.693165084752460e+05
  1.264187450228484e+09  2.653087669942734e+06  1.971851702220545e+06
  1.261870420590802e+09 -1.444662334884650e+05  1.637587242414864e+06
  1.261297103090037e+09 -2.464711842602206e+06 -2.203831353925454e+05
  1.265160812277960e+09 -3.513074079556409e+05  2.387530702790413e+06
  1.260687579880424e+09 -2.176510103504414e+06  6.866600555622594e+06
  1.263969850160774e+09  1.744749613840925e+05  4.496249492179029e+06
  1.259936622977659e+09  2.178331110283916e+06 -7.143239220710801e+05
  1.264092173670338e+09 -9.797787505984803e+05 -3.067796328776547e+05
  1.260241432334054e+09 -1.765836655192047e+06 -4.744939222132040e+05
  1.260119180468745e+09  1.350632989936744e+06 -3.389317553259438e+06
  1.262427575861068e+09  4.611295457536328e+05 -3.510666415623640e+06
  1.263900464879323e+09 -4.613265527169209e+05  4.134791936917472e+05
  1.259945068866277e+09  1.839107198727273e+06  1.425158416015731e+06
  1.260053667541584e+09 -1.715269911338809e+05  2.526311040683670e+06
  1.263275622614123e+09  1.005929741149915e+06  1.957668759350587e+06
  1.264939834337414e+09  1.933998152234653e+06  5.568714541713988e+05
  1.261321854511357e+09  3.492057357153795e+06  4.049229770968185e+05
  1.263019290673249e+09 -7.071329441533006e+05  2.949154872136368e+06
  1.262162365410276e+09 -2.422770750803913e+06  4.368750080395041e+06
  1.261829991906359e+09 -1.558546091952450e+06  2.193786216434007e+06
  1.260805438148167e+09 -3.108409217050290e+06 -5.860526949596039e+05
  1.260239950142552e+09  2.255834077920796e+06 -1.373110374730229e+06
  1.264321721006716e+09  1.468143651277700e+04 -1.106833291914793e+06
  1.263476895552409e+09 -7.116646463498066e+03  9.450102881552093e+04
  1.262403741593865e+09 -1.570952082964628e+06  1.407839836215396e+06
  1.261802718260029e+09 -2.464731455538143e+05  6.905436032115008e+05
  1.263411373881737e+09  2.869825494438428e+06  1.800829522170074e+05
  1.264743301961348e+09  5.317414046789238e+05  1.269403900718082e+06
  1.264626767074149e+09  1.614612317655986e+05  4.700383980823788e+06
  1.265450354334905e+09 -7.855433512306656e+04  4.540481345017674e+06
  1.261688016518838e+09 -1.509904500282137e+05 -3.918194586675852e+05
  1.259679657637696e+09  2.867863288281183e+06 -5.960250065324859e+05
  1.263852890240541e+09  3.694646105825781e+06  2.904145339296292e+06
  1.262932403013647e+09 -2.731716902687647e+06  1.374524789599053e+06
  1.261653730481182e+09  1.460112465597637e+06 -1.440007391374434e+06
  1.262388530902043e+09 -2.083903440299258e+06  1.259962994659257e+06
  1.263147660875409e+09  1.115006561447011e+05  3.976435027112979e+06
  1.267043687125647e+09 -1.709401658970341e+05  3.837715402460715e+06
  1.263682571857366e+09 -3.019695648364123e+05  4.945062196774813e+06
  1.265654023093403e+09 -4.207174851549899e+05  3.296071991635911e+06
  1.265950569732263e+09 -9.695597007361462e+04 -9.403519921773735e+05
  1.263209936766528e+09 -1.015060590381135e+06 -3.416737866379251e+04
  1.264612219010890e+09  2.336693475291068e+06  1.194120337106755e+06
  1.264595547587408e+09 -1.046934303544363e+06  2.102894370787721e+06
  1.265058292957803e+09 -2.660699605640483e+06  3.702074681965563e+06
  1.261766358132812e+09 -1.596721219236002e+06  2.485227826579496e+06
  1.262721357729940e+09 -2.261115037964395e+04  1.609708984416395e+05
  1.265155661678776e+09  1.914815235341385e+06 -9.617387127038979e+05
  1.260566371773723e+09  1.322881900333085e+06  1.264480301520644e+06
  1.262048494462308e+09 -2.642614898226267e+06  5.178433455780760e+06
  1.262585539755414e+09  1.252516552736602e+06  4.942163426651105e+06
  1.262378208627286e+09 -1.347253181905402e+06  2.896289594949742e+06
  1.261862352736354e+09  7.505353215184422e+05  3.266134990998049e+06
  1.263375216734362e+09 -1.919217198233921e+06  2.539738794727839e+06
  1.261929011605564e+09  1.220133935661935e+06  1.661743965603608e+06
  1.268225290982065e+09 -1.907630664499225e+06  6.849718110458378e+05
  1.261804299047469e+09  9.560392750113033e+05 -2.771779508331055e+06
  1.261940058934954e+09 -5.547849935749897e+05 -3.046808628516074e+06
  1.263420537820542e+09 -6.443845837829921e+05 -3.467802441979009e+05
  1.263768714094619e+09 -2.748185681392545e+06  1.157710798616659e+06
  1.263494888941971e+09 -4.114729186137961e+06 -1.020714862431447e+06
  1.263858994718407e+09 -2.040285387829416e+06 -3.052791505718581e+06
  1.260447218101839e+09 -7.833392735676671e+05 -9.108977639345847e+05
  1.261329252647412e+09 -5.239134746825786e+05  1.051886273414131e+06
  1.263727524880510e+09 -3.887487461425019e+05 -6.459758986525843e+04
  1.264058715402621e+09 -1.273102568877176e+06  3.756726438194975e+05
  1.261081467743547e+09 -5.465198871377982e+05 -7.644674694992626e+05
  1.260649865422679e+09 -1.779373692434220e+06 -3.982762715820540e+06
  1.262117799128308e+09 -1.013988094321445e+06 -3.474009855930156e+06
  1.258598661395903e+09 -2.431633925563860e+05 -2.338897367367547e+06
  1.261036073017937e+09  7.479775952839665e+05 -3.702726568635829e+06
  1.261825673537700e+09 -2.489924043038113e+06 -4.450589409749051e+06
  1.261181603038149e+09  4.972247654175694e+05 -3.574704449754451e+06
  1.264202108910219e+09  3.054377346732098e+05 -2.159962856069817e+06
  1.263318457630396e+09 -5.954917022137959e+05  1.123844211750535e+05
  1.261622607022576e+09 -9.780298734524116e+05  1.871689251519371e+06
  1.261354892402107e+09 -2.978612421648739e+06  7.881836041806536e+05
  1.262915342549213e+09 -4.810744938654147e+05 -3.356092928967051e+05
  1.261741963237309e+09 -9.514576570739421e+05 -9.291863905939667e+05
  1.265787134821658e+09 -2.139041568094814e+05  4.428475483908743e+05
  1.263203514943456e+09  2.812662591910849e+05  3.032974783882334e+06
  1.260959803249704e+09 -6.352200804637007e+05  1.813979795812615e+06
  1.263802580737784e+09  1.727322384805539e+06 -9.126048934366053e+05
  1.258132946320515e+09 -1.091544351807847e+06 -5.196096397757931e+05
  1.262084974933705e+09 -9.027947112357109e+05 -1.551021420986648e+05
  1.263636438427482e+09  8.486337113251882e+05  1.587615289990207e+06
  1.258044126913739e+09  1.726136718775465e+05  3.407301674403784e+06
  1.263013754612663e+09 -2.665678759411693e+06  1.352336536613395e+06
  1.261378583937620e+09 -9.620908220653738e+05 -5.130643057983122e+05
  1.262019865175443e+09  1.098778488346531e+06 -1.626926791390122e+06
  1.260481803765897e+09  3.197572074985278e+05 -1.321796322732179e+05
  1.261825229629291e+09  2.639121410119877e+06 -6.560387499717722e+05
  1.258850953073739e+09 -6.542328730378973e+05 -1.768896194570153e+06
  1.264313679952822e+09  1.217850410837588e+05 -3.318369902833578e+06
  1.262974333077517e+09  1.300619251546343e+06 -9.963498408737653e+05
  1.265369062821731e+09  3.218853848551587e+06  1.191764020370541e+06
  1.260768987701021e+09 -1.158790828993280e+05  8.993061717099001e+05
  1.262368973313908e+09  1.144406793039966e+05  1.621503339091738e+06
  1.262523548701550e+09  3.473370637978302e+06  1.509778938224803e+06
  1.266616603214035e+09 -1.112826283028873e+06 -9.190975259436659e+05
  1.260652464207812e+09  3.020432354062996e+04 -2.083055229164024e+06
  1.266692218255374e+09 -3.738235215934376e+05 -1.487306748091993e+06
  1.260879733358263e+09 -8.857079839850389e+05  4.801806184342856e+05
  1.262093069745049e+09 -1.780540604105999e+06  2.320946110493392e+06
  1.264380059455960e+09 -2.596196835648989e+06  2.087955606669150e+06
  1.264639106938707e+09  2.187966600374458e+06 -4.674441050482149e+05
  1.265682550544579e+09  6.913769282856111e+05 -1.842963632362692e+06
  1.264385851582474e+09  2.893104708550394e+06 -1.165811906735136e+05
  1.266310352074206e+09  1.375932618197855e+06 -3.303510216346404e+05
  1.263769016712057e+09  8.129142755882500e+04 -2.620509352486561e+06
  1.261906965298678e+09  1.141611619856135e+06 -2.634302399472287e+06
  1.262112353619596e+09  3.346152304818574e+06 -2.050316137987121e+06
  1.264864020151083e+09 -1.360529140049009e+06 -2.242767732575863e+06
  1.262246232364243e+09 -8.596933862363363e+05  1.715547567498075e+05
  1.264453536210375e+09  1.360763011944762e+06  1.505165044934722e+06
  1.263738105317745e+09 -6.487583178753236e+05  1.423204986602339e+06
  1.264721309777484e+09  1.302695791602140e+06  2.532596779688182e+06
  1.265584381194217e+09 -1.687372426969065e+06  2.527533381179394e+06
  1.264487266322271e+09 -6.370658124882632e+05  8.630594826548580e+05
  1.261075818173780e+09  3.859219541321312e+05 -6.899365281190856e+05
  1.268897281440633e+09 -4.245040649051534e+06 -1.846998821221468e+05
  1.268488460217945e+09  2.920035191722662e+06  6.905992401348115e+05
  1.260093089668196e+09  2.214298764528906e+06 -1.731511160729384e+05
  1.265035536903584e+09 -1.400378923806413e+06 -1.286395828761856e+06
  1.264909148133575e+09  1.654621773895219e+06 -2.427969424224417e+06
  1.260590615601230e+09 -8.913289956333307e+05 -3.083238105708291e+06
  1.264963612025610e+09 -3.763751301515785e+05 -2.311968214877906e+06
  1.267839113462405e+09  1.175809141519673e+05 -1.426505429630942e+06
  1.260568790392592e+09  2.758184705025924e+04 -1.429319084325572e+06
  1.266749446794376e+09 -1.745938257185492e+06 -1.546584635341992e+06
  1.264529083458032e+09 -7.781965907222034e+05 -6.352998497452018e+05
  1.261313676056813e+09  4.698259178165821e+05  2.360696182606440e+05
  1.263334736439101e+09  3.791927240785276e+06  3.893660418158462e+05
  1.264836956994007e+09 -4.302424268884445e+04  1.172183749992447e+06
  1.264521816669072e+09  1.750108095772990e+06  6.335534026440859e+05
  1.263571266117656e+09  1.805503232276423e+06 -2.101255095530557e+06
  1.262399392537779e+09 -3.920799894103659e+06 -3.128576353040767e+06
  1.259944595330326e+09  1.292830443724604e+06 -1.619759212530866e+06
  1.265087337166946e+09  1.246618892964761e+06 -7.452714574970078e+05
  1.264898372921684e+09 -4.230288603771457e+06  2.227310481733271e+06
  1.263433792158628e+09  1.151923335267384e+06  2.086636274658976e+06
  1.264731868716055e+09 -6.489659511054698e+05  1.385473091260796e+06
  1.258699811804279e+09  6.665931986800833e+05  2.182071574353509e+06
  1.260847367969378e+09 -1.219760918027019e+06  3.274677867632732e+04
  1.259524428594362e+09  1.670533815784281e+06 -3.665625116005661e+06
  1.264888101536491e+09  1.724874534401790e+06 -2.727115342034860e+06
  1.263445864414906e+09 -3.384144968548031e+06  9.365029764649640e+05
  1.261206634456257e+09  1.390211666839996e+05  1.166794913489421e+06
  1.263283382744400e+09  2.800225569349298e+06 -5.406945432828835e+05
  1.264895634181709e+09  2.316163939138972e+06 -3.820732747356762e+05
  1.265078510439816e+09  1.939944605685727e+06  1.573251904242643e+06
  1.262674210053024e+09  1.597964595328344e+06  1.919544368146894e+06
  1.263418691669777e+09 -2.105871255136969e+06 -7.245811888242000e+05
  1.261667673996120e+09 -1.463177478416369e+06 -2.196545383599066e+06
  1.261460903778951e+09 -1.118222519574654e+06 -4.214262486697122e+05
  1.261264938312341e+09 -2.059423781623358e+06 -8.096968390282206e+05
  1.265210107835870e+09  9.614786090268623e+05 -1.029975922910367e+06
  1.261666199734274e+09  8.939516037298905e+05 -2.244692572894412e+05
  1.261579189920340e+09 -3.503594017964985e+05  2.843087463181333e+06
  1.263224097176211e+09 -8.114078073842267e+05  2.547011773179752e+06
  1.263865646568160e+09  1.050836577017765e+06  1.319759337011281e+05
  1.266465807938031e+09  5.012341533420218e+06  1.026239860251099e+06
  1.262835773366488e+09 -5.169413080509055e+06 -4.730604299342623e+05
  1.263497273366510e+09  5.948189485104854e+05 -4.140208445618389e+06
  1.261348800871027e+09  1.503342061827253e+06 -2.092516969429059e+06
  1.262421219820306e+09  2.369635801140286e+06  1.319041484397315e+05
  1.262165786843630e+09  1.672257750729030e+06 -2.098596010204603e+06
  1.261198486578321e+09  1.613320483718368e+05 -3.118255334719548e+06
  1.266383802401966e+09 -1.240443693046028e+06 -3.171373135283048e+06
  1.262387761995018e+09 -4.296468633335708e+05 -4.155903175741459e+06
  1.265875970077503e+09 -3.994824082542498e+05 -2.852918199646643e+06
  1.265328404828730e+09 -8.282829337097239e+05 -2.061714407969553e+06
  1.263414879871980e+09  1.226692218002377e+06 -2.138989517742613e+06
  1.261528051446349e+09 -4.946274163974272e+05 -2.417638740674498e+06
  1.267548864053109e+09 -4.534191145813792e+06  4.997110523581281e+05
  1.264482133371588e+09 -2.981484910002472e+06  2.194308272744686e+06
  1.260707433071216e+09 -8.474436594835581e+05 -9.732208862878339e+05
  1.261654689409863e+09  4.200560725278256e+06 -4.433252848623762e+06
  1.262614399593214e+09 -3.183638718254805e+06 -2.601227597985434e+06
  1.263111310486384e+09 -2.961159761538173e+05  3.057516166925424e+05
  1.260399917292041e+09  4.027259951613780e+06 -4.065568194482964e+05
  1.259655684785567e+09  3.661825939211277e+06 -1.114894917470637e+06
  1.262906217656424e+09  2.319000663088730e+06 -4.768089298165548e+05
  1.264563094972608e+09 -1.136310647809076e+06 -9.653900893564819e+05
  1.267944026911276e+09  1.473941643995593e+06 -1.226821018806380e+06
  1.264947497529099e+09  4.701465142087083e+05 -1.846445593872044e+06
  1.261140782611642e+09  9.388349702197157e+05 -3.015362990800135e+06
  1.261143337959361e+09 -1.426580011594953e+06  1.844609164804585e+06
  1.260780947372458e+09  2.127551539456425e+06  2.440732570833765e+06
  1.265231356666352e+09 -2.225553453553719e+06  1.244890876963870e+06
  1.260606376008754e+09 -5.337363535760283e+06 -8.660187927876697e+05
  1.263839965494828e+09 -4.352279205072284e+06 -1.651757127342938e+06
  1.262142806575888e+09 -1.576904842042083e+06 -1.051380209868906e+06
  1.263737008698517e+09  2.048313574177093e+06 -8.576963173133539e+05
  1.261907265123136e+09 -8.632161035987793e+04 -5.842037485224744e+05
  1.261083193616410e+09 -1.203908615289520e+06 -1.867654214815485e+05
  1.264952455178198e+09  4.581759349042325e+06  1.516651786658683e+06
  1.259457643600552e+09  5.376720446636319e+06  2.141180206252675e+06
  1.261375034121196e+09  1.268578166729288e+06  2.772918084625839e+06
  1.264696391569759e+09 -4.287902699729575e+05  4.314255142506550e+06
  1.264516035552176e+09  3.356367619803919e+06  1.771054190711645e+06
  1.263271824774184e+09 -2.247954486963841e+06 -1.503590710402163e+06
  1.264705613790834e+09  1.113082563607706e+06 -6.546280676642978e+05
  1.265695913746478e+09 -8.697253064640567e+05  1.850864394136633e+06
  1.263136311389810e+09  1.469351804783031e+06  1.933666137881889e+05
  1.265975503666957e+09 -5.262087974613959e+05 -9.596927174014540e+05
  1.266234367641449e+09 -3.035819236143578e+06 -1.295354659160918e+06
  1.258578060715546e+09 -1.996559296312141e+06 -2.917798781097224e+06
  1.263417921404460e+09 -2.528944969267529e+05 -2.207713076210166e+06
  1.265907580329385e+09 -9.323024193308686e+05  7.667410984602376e+04
  1.262334506494753e+09  1.808779217502379e+06 -7.662488816116562e+05
  1.264824665633102e+09 -7.929722013392942e+05 -2.264495298575234e+06
  1.259437573059260e+09  2.057456959570747e+06 -2.187519618338053e+06
  1.263993518179573e+09  3.625576172268252e+06 -1.520489343967858e+06
  1.263639060845247e+09  9.788913943623935e+05 -4.340405362313525e+05
  1.265972696179468e+09  1.536893845423534e+06  3.657509056835007e+05
  1.260169191320385e+09  1.360452443380540e+06  8.042857134892308e+05
  1.260663250723944e+09 -2.709387179033419e+06  1.536503288996551e+06
  1.264470562301180e+09  2.325828337136137e+05  2.060541001896007e+06
  1.265732035790965e+09 -1.305539573853998e+05  2.635095336131761e+06
  1.263789793960383e+09  2.704577155649093e+05  8.310427446269150e+05
  1.261203484374519e+09  2.326676781600934e+06 -1.554818723430136e+06
  1.261629375030277e+09 -2.968173628759106e+06 -2.714737593050998e+06
  1.260254766114396e+09 -9.987830876296445e+05 -3.352984107185076e+06
  1.262532093141208e+09  2.778806225521514e+06 -3.144743611077333e+06
  1.263499566006118e+09 -3.391964570777955e+06 -1.002282416651464e+06
  1.260354060581897e+09  2.180353388671405e+06 -3.061248375987097e+05
  1.262109633680680e+09 -3.107156633631518e+06 -7.152460715541521e+05
  1.267951987319304e+09  8.482866942542992e+05 -7.927330500290769e+05
  1.263691758831865e+09  1.272306948310685e+06 -2.380238778631697e+06
  1.264614186886468e+09  1.624589420527222e+06 -2.844487217811733e+06
  1.261822662124188e+09  3.469890057903503e+05 -1.028678703270296e+06
  1.260276751010368e+09 -1.000643720556880e+06 -2.455139847532020e+03
  1.262174577502148e+09  1.354557870323403e+05  1.305667338432873e+06
  1.262101693578958e+09  5.395728036673807e+05  2.880752578628831e+06
  1.264130108822223e+09  3.834614030648945e+05  3.950586075958262e+06
  1.261651002083122e+09  1.974243832096624e+06  2.458779702753011e+06
  1.262320328174448e+09 -1.312853232252069e+06 -1.668365541071440e+06
  1.263260130556663e+09  3.593349659486839e+06 -3.097093368277497e+06
  1.264754760456008e+09 -2.597815617753255e+06 -1.485827041575481e+06
  1.264767033250538e+09  3.102169730952851e+06 -1.658671784975577e+06
  1.263937592306263e+09  2.249149551012946e+06 -1.100205395237083e+06
  1.266171298843204e+09 -4.034034492815676e+06  1.386240728491476e+06
  1.265652243235761e+09  5.741956526325087e+05  1.737307227955920e+06
  1.262530001199803e+09 -8.170514664348208e+05 -2.028158639280277e+04
  1.261857966901901e+09 -9.230692780606055e+05 -1.616602751663888e+06
  1.261259507242962e+09 -6.457394324479386e+05 -9.574733363779421e+05
  1.263672386350880e+09 -1.246274665347832e+06  4.286213672068151e+05
  1.261908936697632e+09  3.084931425539861e+05  1.517886689354955e+06
  1.265090658074286e+09  2.972497691788851e+06  1.988069583704623e+06
  1.262567547942181e+09 -1.892417280839037e+06  2.604196480701990e+06
  1.263719527021965e+09  5.417176554096041e+05  3.041986207837194e+05
  1.261868520070748e+09  1.031040254748120e+06  4.521015194617418e+05
  1.262481666175851e+09 -2.022898540683178e+06  1.130660037149344e+06
  1.266039652512648e+09  2.927911460098858e+06 -1.162761258452707e+06
  1.262817078271725e+09 -3.958263819774259e+05 -3.147819308658622e+06
  1.262676465194824e+09  4.320689316190978e+06 -2.124267701927115e+06
  1.263616152549843e+09  7.044509617519821e+05 -1.356678548424079e+06
  1.261745694053243e+09 -1.775067055691669e+06 -8.887250574203198e+05
  1.263090051651114e+09  8.824576505511436e+05  7.272849130222077e+05
  1.259690310019245e+09 -7.499424453114893e+05  6.714708834640803e+05
  1.264396350774463e+09  1.721230244881600e+06  3.426457304288497e+05
  1.260368235696670e+09 -1.273707133912750e+06  1.046285827097352e+06
  1.264164163054322e+09 -3.013151935678931e+06 -5.820770842611211e+05
  1.261879868286736e+09  2.401432207357928e+06 -2.371661897482338e+06
  1.258831305552322e+09  3.012640257128701e+06 -8.502880382440565e+05
  1.261670205362385e+09 -2.050138447421729e+06  9.454840070557130e+05
  1.262176502795205e+09  8.568400743739365e+05  1.829267622054475e+05
  1.258981273973593e+09  1.906410104071242e+05  7.323347977127195e+05
  1.262349388898294e+09 -3.635036012291464e+06  9.457029860357319e+05
  1.263871403187095e+09 -9.931609471269221e+05  3.591628907447057e+06
  1.265303996194915e+09  1.376700256794949e+06  5.800641327073693e+06
  1.259700996233013e+09  1.803617161978985e+06  3.277322896080444e+06
  1.263804536861477e+09 -2.828365304691699e+06 -6.405034536890598e+05
  1.261774336853634e+09  1.013023123396178e+06 -1.937535505910079e+06
  1.262713569523217e+09 -1.133227247193761e+06 -2.360388188261998e+06
  1.260778533060811e+09  8.100935426814226e+05 -1.857623520345052e+06
  1.262573443467848e+09  2.888036577798438e+06  9.482501128988112e+05
  1.264989547457035e+09 -4.791002762427269e+06  2.365092629223837e+06
  1.262400807438268e+09 -4.084065732453304e+06  5.406527610483187e+05
  1.262388626787233e+09  1.551951834295545e+06 -1.356590572030093e+06
  1.263106053242101e+09  2.636641014304422e+06 -6.106036399616546e+05
  1.265112144153506e+09 -3.564821513647812e+06 -7.950964830273617e+03
  1.262430607374701e+09 -8.494343543417063e+05  1.420115915460629e+06
  1.264541896692182e+09 -1.903321694872339e+06 -4.736726220975575e+05
  1.264922429776891e+09 -2.357305142761000e+06  9.116174733718061e+05
  1.262143653055304e+09 -9.052088722008116e+05  1.243257881388596e+06
  1.260486656485911e+09  1.332101499899343e+06  8.920702707810330e+05
  1.264331977685126e+09  4.840940168523402e+05  7.911765232540439e+05
  1.264597356238462e+09 -3.081872411581997e+06 -1.239526262740917e+05
  1.261496614634808e+09  1.900158311171469e+05 -1.992002130811729e+06
  1.262037708571149e+09 -3.290485066357556e+06 -3.513586017049104e+06
  1.262792368260730e+09  7.029001406824004e+05 -2.184588599882612e+06
  1.266997683452943e+09 -1.172555181283221e+06 -8.992758463489639e+05
  1.264434730616071e+09 -4.045171621836369e+06 -1.841340644651452e+06
  1.265544096996766e+09 -2.977028393694003e+06 -5.280135314878273e+05
  1.265926378981433e+09 -6.813986431058889e+05  2.707384221966892e+06
  1.262993755875834e+09 -2.197579616220575e+04  4.394407930908446e+06
  1.263860991795108e+09 -4.662402563713375e+06  4.303168940196469e+06
  1.264078575837372e+09 -2.718525278749224e+06  4.743279042306573e+05
  1.265382508575474e+09 -3.042448278406102e+06 -2.662745844904915e+06
  1.262295797077155e+09  4.221776334801567e+05 -3.633118165813545e+06
  1.263079717120759e+09  4.610138452019356e+05  2.208540088854213e+05
  1.260974106108604e+09  5.115292415420666e+05  1.861552263261701e+06
  1.262371158462787e+09  2.405058623553803e+06 -7.016195647415569e+05
  1.264130986818811e+09 -6.151962437719954e+05 -6.978580551580163e+05
  1.261864251248579e+09 -2.761036658749140e+05  1.231711424243444e+06
  1.262316983980430e+09 -2.131051948626653e+06  2.252331821818745e+06
  1.258993021236526e+09 -8.234816718782068e+05  2.795321061476131e+06
  1.261768969727552e+09 -4.046940075118169e+06  2.319030450022879e+06
  1.261886443369112e+09 -1.529164161280294e+06  1.464289963658252e+06
  1.266088188896371e+09 -1.723618714292891e+06  2.408867087224246e+06
  1.263052237789856e+09  9.413217927809939e+04  2.842624554068755e+06
  1.264636393799106e+09 -2.845159108299501e+06  1.155202445767458e+06
  1.262919288157587e+09 -3.182778351848010e+06  9.499001486687234e+05
  1.266466278127083e+09 -3.260365299626810e+06 -4.945286905818900e+04
  1.266572248689857e+09  6.540552973758434e+05  5.262899379418830e+05
  1.264183167239634e+09  1.243045448690003e+06  1.371075287940814e+06
  1.260038841829763e+09 -1.125132941802686e+05  1.889502395361824e+05
  1.261317207443973e+09 -3.013130168516408e+05 -2.596475759458388e+06
  1.262177989017295e+09  1.721171116317145e+06 -3.603289381067572e+06
  1.265853231427382e+09  1.528949655043228e+06 -2.398569479724335e+06
  1.262360427345325e+09  5.730022916246001e+05 -1.798436650057778e+06
  1.260291854130866e+09 -9.577364702895059e+05 -1.159365151724619e+06
  1.265680519532704e+09 -2.115893682096770e+04 -1.111432070166512e+06
  1.259112534164929e+09 -2.214728087803571e+06 -2.275268086387641e+06
  1.260410762803216e+09  1.006334311841089e+06 -1.471504465560260e+06
  1.263096122614654e+09 -1.540954127869194e+06 -3.259800702785906e+04
  1.263504814500836e+09  4.385009546542544e+05 -2.629613761451555e+06
  1.263781835185760e+09 -3.010249401173634e+06 -4.796582273232605e+06
  1.264578068769922e+09 -9.010313805698745e+05 -2.038200187848488e+06
  1.263006295079620e+09 -2.163533371847032e+06  5.760841187911767e+05
  1.261170344069716e+09  1.037843149966085e+06  4.788696159007635e+05
  1.261151551453394e+09  1.086215720727334e+06 -1.106570895092183e+06
  1.260333294986599e+09  2.860474069712071e+05 -2.606245179860352e+06
  1.261251581681527e+09  1.449643974445676e+05 -3.950865610994489e+06
  1.262714137032400e+09  2.215658409246828e+05 -4.106758277706496e+06
  1.261419854586457e+09  3.811264410396897e+06 -2.890774867311799e+06
  1.266583180923356e+09  7.295016746601437e+05 -2.489573298692692e+06
  1.260250707460465e+09 -1.342403590044553e+06 -5.739044001690944e+05
  1.262310360520117e+09  2.100416637087167e+06  1.215124498152139e+06
  1.262600622868326e+09  1.282867806892246e+06  4.674299911556013e+05
  1.259780334156700e+09  4.527837044587526e+06  1.332628691521057e+06
  1.260886575766954e+09 -1.097722526218545e+05  1.914201864525915e+06
  1.262148879327316e+09  1.579518025592068e+05 -7.915382415977942e+05
  1.263749544090284e+09 -2.376192423118340e+06 -1.758199164238945e+06
  1.263656633612753e+09  5.741679648727720e+05 -3.551067710497960e+05
  1.262955385304887e+09  2.332187601626421e+05 -2.031945294299354e+05
  1.259146259483144e+09 -9.871604612185841e+05  9.089092909089874e+05
  1.261471360763069e+09 -6.389787962787296e+04  1.163705799085001e+06
  1.261966632709429e+09  2.190621988238179e+06 -1.377094881123356e+06
  1.265751472041027e+09  1.095055358741980e+06 -3.184983549125041e+06
  1.259323511658906e+09 -5.958546465192335e+04 -1.970130893339596e+06
  1.263949644672441e+09  3.932503645670033e+06 -9.133389625751066e+05
  1.263440267030444e+09 -1.304323464153035e+06 -1.479239371038764e+06
  1.265343172206392e+09 -5.359793858645989e+05 -5.497887730398728e+05
  1.257183814213140e+09  1.532359083160901e+06  3.085662657326477e+05
  1.265432828133626e+09  2.627323082197867e+06 -1.506310972628403e+06
  1.263755770864285e+09  3.917141186562280e+06 -2.978244228801423e+06
  1.262918731685456e+09  8.763167522528092e+05 -3.283089815653409e+06
  1.266377286429611e+09  9.269536008611643e+05 -1.947293667859721e+06
  1.264219120119922e+09 -2.017750098468910e+06 -2.815184082177415e+05
  1.262465961839015e+09  2.429557839719293e+04 -2.239917260615306e+05
  1.263177258039088e+09 -4.512535992871476e+05 -8.734901763621024e+05
  1.263561217278563e+09 -3.504528327017077e+05 -4.157746861118736e+06
  1.263934466525214e+09 -7.157259998976595e+05 -4.360051210852481e+06
  1.262828059955334e+09  2.144824747792770e+06 -1.681116953354956e+06
  1.262200534825915e+09  1.254512266201085e+06 -8.347127803842945e+03
  1.267486867585191e+09 -1.621102446401177e+06 -1.320789465711243e+06
  1.261753753487955e+09  1.704955873806583e+06 -3.058341640155628e+06
  1.264026963666923e+09 -2.741690312501155e+06  7.489048726375045e+05
  1.263853403745951e+09  1.102831632706604e+06  4.157816013403759e+06
  1.263807452775962e+09 -3.281292150761415e+06  8.851626724912624e+05
  1.263830756204067e+09  9.401170872343876e+05 -1.059112247653365e+06
  1.262143549374955e+09 -8.203406684030644e+05  1.151920639428992e+06
  1.259900155372898e+09  8.660419618349235e+05  2.516303514572095e+06
  1.267845333633430e+09  3.362762195320715e+05  1.751553245249252e+06
  1.265065484787832e+09 -1.749343601860348e+06  1.005585848733413e+06
  1.258014174097405e+09 -1.713376816775693e+06  9.424748242592183e+05
  1.263261826352937e+09 -1.778738973419871e+06  1.108864694323975e+06
  1.264656380058396e+09  5.118554395650081e+05  2.863539528341502e+06
  1.263019732979376e+09 -5.593392985465216e+05  3.096969345562362e+06
  1.266462561948505e+09  1.653234098728923e+06  1.205685627024722e+06
  1.268384904053617e+09  1.487780051973392e+06  1.474289054166788e+03
  1.265353128779492e+09 -3.770895825736812e+06  6.258332748241237e+05
  1.267275883688381e+09  4.654532579143457e+05  2.539414898051085e+06
  1.265484020953121e+09 -5.306463174024414e+05  2.853340562161847e+06
  1.261527886497945e+09  2.331778424395869e+06  2.100997910786343e+06
  1.264238576025601e+09 -4.312819179119306e+06 -2.853362171312562e+05
  1.264614149207619e+09 -1.554953275908642e+06 -2.434399826362503e+06
  1.262450349700411e+09 -3.045972848959661e+06 -1.637615293822521e+05
  1.263627618339208e+09  3.831819047701370e+04  3.402010486447757e+06
  1.264341176087292e+09 -1.082632294686051e+06  2.684217403123639e+06
  1.261744243256417e+09 -1.456574250071710e+06  2.065462878325506e+04
  1.261458428440611e+09 -3.313241212549808e+06  5.246777768464875e+04
  1.261915131974598e+09 -6.857771495125245e+05  3.017005235919283e+06
  1.265208558763082e+09 -1.562418180405198e+05  1.010224960616641e+06
  1.262758712002104e+09 -2.555996125714655e+06  6.959242738636399e+05
  1.262993269812345e+09  1.112329397172402e+06  1.340867585417370e+06
  1.258925188876720e+09  4.436487211345190e+06  1.363171654678435e+05
  1.261225528434557e+09 -3.106315438963085e+06  3.680932865009581e+05
  1.265296517975006e+09  1.069512671029422e+06  1.416344833376741e+06
  1.263430290887128e+09  1.762397466987110e+06  2.060370329053049e+05
  1.261917187522542e+09  2.437059578120198e+06 -2.141191250728475e+06
  1.265673076017843e+09 -2.673700862349879e+05 -2.922415326494357e+06
  1.267835727205493e+09 -2.278268871521362e+06 -3.974997826236603e+05
  1.264145249981409e+09 -2.136940793579237e+06  2.134220667168778e+06
  1.262696140463678e+09  1.237379254271357e+06  1.993507736955020e+06
  1.261960422189061e+09 -8.259324191545845e+05  8.575793621769716e+05
  1.262729630340147e+09 -4.955099333916877e+05 -9.699678381582264e+04
  1.260325604199347e+09 -4.471043845538187e+06  1.628803860124000e+06
  1.262828154386940e+09 -2.974698155463218e+04  4.340869241072632e+06
  1.267588843722821e+09  5.831391288251176e+05  4.215944813445922e+06
  1.260629873061350e+09 -5.308599281823630e+06  4.438640895928346e+05
  1.261889857038142e+09 -2.780245243085459e+06 -4.395612816588783e+05
  1.262602499062259e+09  5.527489907147513e+06  9.740969751537181e+05
  1.260949115112881e+09 -2.720573971181153e+06  2.412968706537996e+06
  1.265810602966142e+09  6.042998836655077e+04  2.834866325908029e+06
  1.260759672973786e+09  1.286767553937633e+06  9.108387611649003e+05
  1.264413322295063e+09  3.368716858157832e+05 -1.879626543995829e+05
  1.264608690899541e+09  2.050675451900954e+06 -1.001055495231868e+06
  1.264758527215629e+09 -9.562720769373835e+05 -2.754215249065827e+06
  1.262307217276347e+09 -8.482193443228761e+05 -6.670262202824235e+05
  1.262875968970062e+09  2.458398178241361e+06  3.576771063441524e+06
  1.265775841997653e+09 -1.349555756389303e+06  3.585248554211390e+06
  1.264182732615455e+09 -3.329051005184912e+05  2.043545971941266e+06
  1.263833058696069e+09 -3.530022287822112e+06  2.254477925458320e+06
  1.262318307988420e+09  2.556696154506282e+05 -2.232964896178464e+06
  1.260086538427003e+09  3.221029737848696e+06 -3.275349357442504e+06
  1.261840597135522e+09 -4.544473778598142e+06 -2.435467289825015e+06
  1.266454177154076e+09 -4.215689140808104e+06 -1.129110099093635e+06
  1.263742707722715e+09  5.409620508115652e+05 -2.168728271317603e+06
  1.260534259914737e+09 -4.217063184941700e+06 -2.886060301848238e+06
  1.263185433771393e+09 -1.389032977943547e+06 -7.565039840028763e+05
  1.263147635932797e+09  6.753165712096721e+05  1.295037214073233e+06
  1.265509471367561e+09 -1.538853984525837e+06  6.988167260729572e+05
  1.260100949815977e+09  1.340466627423747e+06  5.359041579640129e+05
  1.261462015502679e+09  5.740263083757601e+05  2.364375460697676e+05
  1.261789649417083e+09  7.057183959012033e+05 -1.880053688991948e+06
  1.265832860927263e+09 -4.914352429230092e+04 -2.183891442104533e+06
  1.266264037895899e+09 -3.137588115252844e+06 -6.797715459053451e+04
  1.264570276922345e+09 -6.911883366075081e+05  7.882837772496389e+05
  1.261331742608019e+09 -1.735574252525518e+06 -6.464086041051750e+05
  1.260487257142505e+09  2.288760515554897e+06 -1.502882964068142e+05
  1.262928905911202e+09  2.738920289595420e+06 -8.446051319999903e+05
  1.266573919956343e+09 -1.609010570534944e+06 -1.506364299533309e+06
  1.263602839547911e+09 -3.365785465665907e+04  8.501453554590372e+04
  1.263087120046836e+09 -3.138224976627721e+06  1.508188468935246e+06
  1.261292495639120e+09 -3.415557778555918e+06  3.298854517676139e+06
  1.262009145459134e+09 -9.919258849902544e+04  5.010666772217682e+06
  1.261999695387119e+09  1.104391419423109e+06  3.305853674883998e+06
  1.261825603860861e+09 -4.868057220580977e+05  1.440394120006039e+06
  1.264074738534751e+09  7.091706590779049e+05  1.043009192085069e+06
  1.261760060393843e+09  1.780237454421084e+06 -1.057352116459505e+06
  1.259729095428698e+09  1.872642226306333e+06 -2.417836334236532e+06
  1.262159914702444e+09 -1.665795298902241e+06 -2.540436261797148e+06
  1.265307534207888e+09 -1.113354392558677e+06 -4.538917565264696e+06
  1.264001765144372e+09  8.213045000315935e+05 -4.664566796379528e+06
  1.264926091656943e+09 -9.111386256928155e+05 -1.891131298107695e+06
  1.263476744533638e+09  4.187402080310294e+06  2.717802911611395e+06
  1.261851890894565e+09 -2.257643320980746e+05  8.355984807492653e+05
  1.262469344864358e+09 -3.075174353063333e+05 -4.696188306852633e+05
  1.264792515359383e+09  1.716169500631045e+05  5.929482653241963e+05
  1.259751227345562e+09 -3.335296949932661e+06  1.968272303085015e+05
  1.262717166229314e+09 -5.914518590180648e+05 -1.519547143132722e+06
  1.264439598321061e+09  1.546028480545300e+06 -2.258456698116765e+06
  1.262506151210129e+09 -4.550050702366885e+05 -2.411998935585151e+05
  1.264558691978471e+09  8.178877064865455e+05  4.148359774139593e+03
  1.258876296773746e+09  1.773008345691249e+06 -1.187788875331256e+06
  1.265269617623958e+09  2.917908910007785e+06 -8.089791532037372e+04
  1.262243844619352e+09  4.154677784884486e+05 -2.738561108360501e+05
  1.264213956089286e+09  3.114193955166545e+04 -6.966490318127776e+05
  1.261114604109890e+09  3.044933093616730e+06 -1.903097165568572e+03
  1.261611686689327e+09  3.040260584616518e+06 -8.198896353139672e+05
  1.262970753566228e+09  1.907432130870769e+05  3.890147643937059e+05
  1.266897298433515e+09  2.518872451619126e+06  1.158985634758290e+06
  1.264505958047131e+09  2.032221505388303e+04  1.269402782271054e+06
  1.261185975003107e+09 -8.852039645632016e+05  9.528985096035944e+05
  1.263817237216505e+09 -3.798103641898816e+05  2.530442922741559e+04
  1.261433059917480e+09 -3.275019585852347e+06 -1.650298478936819e+06
  1.263727156541195e+09  1.437137018850758e+06 -2.271547954943751e+06
  1.262986625966964e+09  2.037593951718265e+06  2.807501281824857e+05
  1.261713204744640e+09 -2.870734964030893e+06  1.324654842385897e+06
  1.261967902184648e+09  5.063366833621151e+05 -8.372713903023505e+05
  1.265724016030938e+09  9.236050040038945e+05 -3.090875262649744e+06
  1.263954287918875e+09  1.124396306039837e+06 -3.107287135207594e+06
  1.262643470550799e+09 -1.857211374837213e+06 -1.974003682131667e+05
  1.260319575598465e+09  7.455849018223541e+05  2.798175982175764e+06
  1.260930864071781e+09  1.990272061293807e+06  3.486015575694557e+06
  1.263281082940682e+09  3.497515776667325e+06  1.635340990690997e+06
  1.262983397955588e+09 -4.514219438431627e+05  6.857401971918496e+05
  1.263744380580821e+09  1.038333702135873e+06 -3.357522916122667e+05
  1.259801128482692e+09  4.040507823502475e+05 -2.698150991807411e+05
  1.267548596926372e+09 -9.849472167298999e+05 -1.201552928311510e+06
  1.261205963250762e+09 -1.159570421471222e+06 -2.899431453953605e+06
  1.263128497606515e+09 -4.157597277421696e+06 -2.771410138277174e+06
  1.263017687729787e+09 -2.692217660492808e+06 -1.323061563945275e+06
  1.262421783726278e+09  8.091530073529009e+05  3.961106099648469e+05
  1.265882447763514e+09 -3.353029207655317e+05  1.603124410803651e+06
  1.261724725903693e+09  9.269903376602862e+05  1.265845749170961e+06
  1.262366041586834e+09 -2.271599363930476e+06  1.867286331027565e+06
  1.263155713588822e+09 -1.968762697716160e+06  1.471453251565461e+06
  1.261908733047352e+09 -1.249972839268854e+05 -9.554199416747660e+05
  1.262604009893860e+09  2.049057354550309e+06 -7.078121810656558e+05
  1.262038680126334e+09 -2.788890211495850e+04  3.708843335122919e+05
  1.264623940849834e+09  5.017876225441729e+05  4.850112136084574e+05
  1.263258130837897e+09 -7.958858202781240e+05  2.083262684551704e+05
  1.262885542175369e+09  1.430721051364061e+06 -6.379977129721077e+05
  1.263882336194055e+09 -6.976769823969027e+05  2.575211772348332e+05
  1.262005226648903e+09 -3.734563768361046e+05 -1.872800719681463e+06
  1.263731866492995e+09  3.942951973664563e+05 -1.430733099519941e+06
  1.261454685365123e+09 -3.297840081426441e+06  6.680416442055407e+05
  1.260896530738712e+09  1.706460712622057e+05  1.274953847090812e+06
  1.262109676012972e+09  2.670723487364074e+06  1.711213472627146e+06
  1.261283960543862e+09  2.729182355336700e+06  2.862927475877596e+06
  1.263194907949971e+09  1.141490642260085e+06  1.226023487777528e+06
  1.258217267532518e+09 -2.739392739491243e+06 -8.148033857930161e+05
  1.263643746208909e+09 -2.319674884141498e+06 -8.240657600911387e+04
  1.260439270496203e+09 -3.903684482945071e+04 -9.940996404552169e+05
  1.261735810234716e+09  2.252695962700220e+06 -2.919004174645939e+06
  1.264686155166916e+09  5.724994516744415e+05 -1.666994075502457e+06
  1.259164611877810e+09 -9.567253095078708e+05 -1.617913202681610e+06
  1.262405619564024e+09 -7.594065767949094e+05 -3.013616080313105e+06
  1.259210901547935e+09 -1.501698279307775e+06 -1.264670526754844e+06
  1.260818742529009e+09 -7.513788019638440e+05 -3.130263450041592e+05
  1.265241331714916e+09 -8.878436185268058e+04 -2.585232546616659e+05
  1.262466668400236e+09 -1.744062597141084e+05 -1.054063273715005e+06
  1.263760506277980e+09 -2.008995894433773e+06 -9.103719964041632e+05
  1.260758831803699e+09  3.228711376336008e+06  4.196708317254338e+05
  1.262688233176039e+09  2.794826235552741e+06  8.910017559222529e+05
  1.261429154659024e+09  1.889092692501521e+06 -1.311452856821097e+06
  1.260888259729708e+09 -1.955658491299172e+05 -2.635690004333629e+06
  1.261583606492728e+09 -2.150511517958354e+06 -1.248334431343461e+06
  1.265174864050004e+09 -9.744854353741079e+05 -9.440642725696916e+05
  1.263845146922152e+09 -9.799102634330757e+05 -2.904104962110455e+06
  1.260563013578609e+09 -1.698008876421408e+05 -4.039780956857159e+06
  1.262798699500374e+09  1.327620720442981e+06 -3.938307386099827e+06
  1.263933884570754e+09 -2.030105963926532e+06 -2.974577088283546e+06
  1.264741795697119e+09 -6.475902643654804e+04 -1.787057920575253e+06
  1.262830682420942e+09 -3.124535149036122e+06  1.127713701110459e+06
  1.263538690967169e+09  1.150746133191441e+06  3.083099584161042e+06
  1.265546978101364e+09  1.230478707639405e+05  9.881048296391827e+05
  1.261811616409537e+09  8.701072527041844e+05 -5.949990253737023e+05
  1.261437817720240e+09 -6.061235376178508e+05 -1.487893890935999e+06
  1.263980058056354e+09  1.562659216824902e+06 -3.578953027620190e+06
  1.265597618671386e+09  1.337598524676284e+06 -5.062504330960041e+06
  1.261471890645434e+09 -6.414624870009455e+05 -4.918457115429908e+06
  1.258823305796690e+09  1.235055208686853e+06 -4.107825592448918e+06
  1.262497566485602e+09 -1.076661135816556e+06 -1.845665203918569e+06
  1.265158175404726e+09  5.998746760292662e+05  4.993531629536464e+05
  1.266272389457750e+09  2.381856570463050e+05  1.121026759685013e+06
  1.262609434226682e+09 -9.465598956989376e+05  1.731619746674405e+06
  1.265408392047028e+09  5.805970362471876e+05  2.798358055279345e+06
  1.263938375312604e+09 -1.819150437450442e+06  3.570995445804850e+05
  1.259993695450250e+09 -6.674192879964787e+05 -2.018742856168333e+06
  1.264112029213094e+09 -3.618810434071433e+06 -4.606822547699290e+04
  1.265021364867068e+09  2.140413978399070e+06 -9.762159550121396e+05
  1.261866573593044e+09  1.049223223609794e+05  1.601431090723158e+06
  1.263304700901082e+09  1.692272430745714e+06  3.550947296221310e+06
  1.258557118589975e+09 -1.564548890529879e+05  4.056687144322499e+06
  1.263592594958082e+09 -1.509568400379598e+06  3.744317059287120e+06
  1.263446552985860e+09  1.306750541312738e+06  2.813202555541745e+06
  1.261765955103070e+09 -2.036970603136117e+06  1.861289824568971e+06
  1.263836891616422e+09 -2.643007767565773e+05  1.730375775758649e+05
  1.260554682470159e+09 -8.155748410971242e+05 -6.264057947737821e+05
  1.260109335202653e+09  1.765780987580854e+06 -4.102771700303325e+05
  1.261464331798480e+09  1.775097161196908e+05 -2.073605457814265e+05
  1.262116681452237e+09 -6.657829341338167e+05  9.158482759748769e+05
  1.266425830591546e+09  2.184536739320647e+05  2.054791511560648e+06
  1.262070780665189e+09 -1.301923221321473e+06  2.226559276848610e+06
  1.262172060534235e+09 -2.340117452366452e+06  1.929057129407945e+06
  1.267172255172055e+09 -3.350259065782576e+06 -2.516660861355267e+06
  1.266938383466030e+09 -1.441504261674874e+06  4.830807036135216e+05
  1.263450775774183e+09  1.552869302537070e+05  7.508321909599712e+05
  1.259799086878896e+09 -1.603162241310216e+06  4.780033643593519e+05
  1.261670829341945e+09  5.079329943179784e+05  7.192546744952890e+05
  1.262224213709748e+09 -7.522189907890867e+05  3.860998263016415e+05
  1.263729113110152e+09 -7.164880109085994e+05  8.268127426988401e+05
  1.260883161036608e+09 -3.087111296495127e+05  2.424050135237630e+04
  1.262171536258197e+09 -2.442957108454638e+06 -3.282916574674908e+05
  1.266863852473366e+09  3.055287811595056e+05  1.174773659751466e+06
  1.259688970688890e+09  2.167474750044495e+06  1.254378424312563e+06
  1.262879304593005e+09  1.116110461910221e+06 -3.964559598452770e+05
  1.262636055359186e+09 -5.797007749868804e+05 -3.249369350517398e+06
  1.265017585337654e+09  1.187097814350876e+06 -5.316606151898788e+06
  1.262746978343456e+09 -5.392258393358318e+05 -5.099968978623424e+06
  1.264607333850896e+09 -1.393524458345868e+06 -4.476148759130873e+06
  1.263735227633816e+09 -1.329982659538518e+06  4.254687604565497e+06
  1.262499644259511e+09 -4.040521178209667e+06  4.109517278443915e+05
  1.261950258257855e+09  1.481006708314046e+05 -1.521005344141674e+06
  1.260434384097076e+09 -2.151224423222272e+06 -1.843571931993985e+06
  1.260410627631724e+09  1.322903766684559e+06 -2.830814910510035e+06
  1.260953402579561e+09  3.750152666719091e+05 -2.159924202961321e+06
  1.263155193241214e+09 -2.661721508220392e+06  7.473871475659545e+05
  1.266375168940373e+09  3.767198794780115e+06  1.455597009371255e+06
  1.263748876458924e+09 -1.841078776725184e+06  6.426826625735452e+05
  1.262049541981627e+09  2.426689152743766e+06  4.066370580067737e+06
  1.263469850810318e+09  2.521015594683732e+06  7.510927551658998e+06
  1.262207327360054e+09  4.790829391890847e+06  5.656403906021857e+06
  1.262815010586752e+09 -8.283899049340952e+05  2.024258197110986e+06
  1.263521905312568e+09  9.547640333506030e+05  3.923174760734654e+05
  1.263725517046145e+09  1.301838084725983e+06  2.642220782250773e+06
  1.264170872084895e+09 -1.069839170136884e+06  5.492199126650594e+06
  1.263789261940564e+09  1.146781995984002e+06 -4.780908025380291e+06
  1.261824025308875e+09 -1.695189873698604e+06 -5.931372580596777e+05
  1.262851606908215e+09  7.494321865632681e+05  3.471828002346392e+06
  1.263107425494940e+09  1.617479262973638e+06  2.127813730429631e+06
  1.264006916070404e+09  1.265699667725936e+06 -2.151997382072165e+06
  1.261032687449777e+09  3.182020212136463e+05 -2.571209989685026e+06
  1.263725104204204e+09 -3.118769794696579e+06  1.738421050538837e+05
  1.264848276697540e+09  4.961639960317748e+06  1.353296281594658e+06
  1.261399099750074e+09 -2.393148328952973e+06  1.671122705594452e+06
  1.257238523640222e+09  5.986692838071208e+05  1.680671072099917e+06
  1.262604968853559e+09  1.290699315939874e+06  2.528001603548566e+06
  1.264848842363358e+09  4.097341410753957e+06  2.547164053091254e+06
  1.263450305765722e+09 -1.425533642538686e+06  4.465534415779522e+05
  1.264174322532235e+09  1.018571612151998e+05 -1.496020720205691e+06
  1.261997709244829e+09  6.192949895317208e+05 -2.962977124081354e+06
  1.260406187231984e+09 -5.545029032349165e+05 -4.653111842676286e+06
  1.263429888030219e+09  3.571997865186163e+06 -2.221236331393276e+05
  1.263257883323403e+09 -3.256442071433463e+05 -1.896331460735467e+06
  1.263801098263358e+09  1.492333145832392e+06 -3.731849971880245e+05
  1.260707387616181e+09  2.282910357148071e+06  2.268670484063791e+06
  1.264411601906284e+09 -1.931584660134926e+06  2.378562507182123e+06
  1.267801645427237e+09  5.759179822180624e+05  2.074150392703985e+06
  1.263496160187671e+09 -1.934461347600198e+06  9.262988031644188e+04
  1.264166226446568e+09  3.740080896498006e+06 -3.008807621335124e+06
  1.262608936194794e+09 -3.355430027357951e+06 -3.716429177938235e+06
  1.261965617995047e+09 -1.015772439368394e+06 -3.542997185597348e+06
  1.261781737084817e+09 -5.274923375371341e+05 -2.335261846672094e+06
  1.261391003910547e+09 -2.594074288608017e+05  2.014641938467480e+05
  1.262105218001466e+09 -1.173608977487641e+06  1.969224127943504e+05
  1.265386573775734e+09 -2.242981194494734e+05 -1.849909308817548e+06
  1.261999187989550e+09 -3.849526862231179e+06 -1.798115526966011e+06
  1.259641211339842e+09  2.278197392257119e+06 -2.323987573862029e+04
  1.263708444671436e+09  5.078421102066473e+06 -3.490100342206360e+05
  1.265345802369863e+09 -1.041390983073238e+06 -1.734148662877275e+05
  1.264783783183304e+09  1.381430947283207e+06 -4.721331202256791e+05
  1.264637790428728e+09  9.105415995433276e+05  1.866180707032173e+05
  1.264952773475003e+09 -6.806582309868928e+06  1.019144032819705e+06
  1.268475264689379e+09 -9.389221748437218e+05  1.930635425066866e+06
  1.264754499614102e+09 -2.400096479506648e+05 -4.540696191634494e+05
  1.266533705123023e+09  2.602909971162455e+06 -1.973347371140484e+06
  1.262277831798099e+09 -1.972961626194899e+06  7.555491038448787e+05
  1.264026422879843e+09 -2.225477579675366e+05  2.400263456789726e+06
  1.264890051170573e+09 -1.626291411143604e+06  9.827471758564278e+05
  1.260524348345046e+09 -3.491687958908343e+06  8.371091188297250e+05
  1.263196671216730e+09  2.602074410727088e+05  3.250549400847406e+06
  1.264809913825335e+09 -1.582194796830202e+06  4.597971476197124e+06
  1.264248038244095e+09 -5.186353112971399e+06  2.518581132136398e+06
  1.259686412197106e+09  1.535917488520657e+06 -5.544772382623871e+05
  1.260768962388301e+09  3.243265568088707e+06  7.618493867333920e+04
  1.264044296758372e+09 -1.528948718922097e+05  2.082930380127856e+06
  1.259876153056926e+09  7.574933648396211e+05  9.510071415520906e+05
  1.265150094591565e+09  4.906900636636465e+05 -5.246683170408262e+04
  1.261929304646476e+09 -6.871052270012433e+06 -5.232886634349731e+05
  1.261286013143544e+09 -2.585320799760615e+06 -2.972063708182645e+06
  1.263844494024643e+09 -1.427575344020225e+06 -3.496233051752898e+06
  1.263486163026543e+09 -7.715753398097145e+05 -7.828741521497292e+05
  1.263097986131840e+09 -3.838132694044530e+05  8.884280947460412e+04
  1.264000032304384e+09 -1.655935234561132e+06 -4.815513521628914e+05
  1.267904643421755e+09 -1.282418253852082e+06 -8.886318090421542e+05
  1.263730453553175e+09 -4.022100241818040e+06 -1.365110946222647e+06
  1.263634011144781e+09  1.442082263438799e+06 -7.873317830161806e+05
  1.262792643064217e+09 -3.020460999682796e+06  1.414036228496374e+06
  1.263359719270044e+09 -2.820532652939745e+06  1.463890190028298e+06
  1.261656612044221e+09 -1.911405919971609e+06 -9.584598457195503e+05
  1.263540450598754e+09  1.034792794890272e+06  3.799314460385342e+06
  1.267422453415725e+09  1.984036365702570e+06  1.959620832392059e+06
  1.262621295920770e+09 -1.165542993520465e+05  7.587894805909711e+05
  1.265282671484426e+09  4.962653406911647e+05  6.888148760412047e+05
  1.262683739692870e+09 -4.495508204144398e+06  3.375124656303140e+05
  1.260673846618397e+09 -2.143051187777738e+06  4.069177001315307e+05
  1.264168308097086e+09 -1.038504863040874e+06  9.970310457594044e+05
  1.260913933417513e+09 -3.285266349853020e+06  1.747886127435069e+05
  1.265001424994792e+09 -6.470455421183440e+05 -9.545653762423615e+05
  1.264687834534287e+09 -3.197890180512065e+06 -2.973109269603022e+05
  1.265091062399436e+09  1.069287371851258e+06  5.663146976813304e+05
  1.264025703973417e+09 -2.823524041330302e+06 -1.468107154426189e+06
  1.263877321127259e+09  6.504596847375570e+05 -3.430140621703664e+06
  1.264764604461281e+09 -2.624501055534394e+05 -3.224543639772680e+06
  1.267152064553719e+09 -1.678648084003430e+06 -2.453894649958282e+06
  1.258920462978966e+09 -2.225347440187614e+06  1.380181201993340e+06
  1.262876829082462e+09  6.766701525104460e+05  2.429986337307208e+06
  1.260231190953758e+09  2.482211701554413e+06  2.316276611934885e+06
  1.260756978513723e+09  8.867711088473168e+05  3.000374950312194e+06
  1.265544664746678e+09  1.341168734644058e+06  1.852187027094039e+06
  1.265334116804575e+09 -1.228945645082606e+06 -4.397630681906583e+05
  1.262041647699984e+09 -8.863119131488554e+05 -1.558161804320217e+05
  1.265573673356363e+09  6.272658991946788e+05  1.584940070108037e+06
  1.262832370574811e+09 -1.816258254294476e+06  8.695728025276350e+05
  1.264700543535969e+09 -1.566127712412056e+06 -7.437249530911816e+05
  1.262587587907811e+09 -3.974862102144464e+06  9.693725339266807e+05
  1.264594241144314e+09  1.384947073081130e+06  2.879609189104199e+06
  1.260446089598263e+09 -1.128760854856497e+06  3.669487214654841e+05
  1.267069302798018e+09 -2.381860679684085e+06 -2.243424295247978e+06
  1.263825156190477e+09  1.503104970822508e+06 -1.997569617574423e+06
  1.261010178914226e+09 -9.102805256882375e+05  3.872392517437409e+05
  1.261667546887565e+09  1.151012701245198e+06  2.634265583104148e+06
  1.261802031138113e+09  1.351998370282173e+06 -3.730460497304250e+04
  1.265005495731092e+09 -1.288652252253088e+05 -1.260281094979722e+06
  1.265475776803463e+09  1.889828772378572e+06 -1.461316058218776e+05
  1.264690093863973e+09  1.839200010866861e+06  1.734907280268353e+06
  1.262056788085780e+09  2.731676380943164e+06  2.785504144231484e+06
  1.261767512647794e+09  2.724114873037145e+05  3.217639081840817e+06
  1.262947741307060e+09  8.621653582861359e+05  2.295024021540674e+06
  1.263328154114557e+09 -5.601889209429293e+05  9.128759272183327e+05
  1.265598147024213e+09 -1.403623685704836e+06  6.004375516263852e+05
  1.262198581292700e+09 -3.562412159796402e+06 -2.952695510226389e+05
  1.263750816968482e+09 -6.444300019020706e+05 -2.368704292884239e+06
  1.262016399350577e+09  2.259963271047532e+06 -2.637460078749413e+06
  1.263028413699871e+09 -3.537382865233104e+06 -5.322637637115668e+05
  1.263332674971627e+09 -4.707560667613741e+05  2.406692259870546e+06
  1.263515976102508e+09 -1.519171569509712e+05  3.622126909722052e+06
  1.262653025297572e+09  3.216694883088022e+06  2.139584535283520e+06
  1.260798718855631e+09  1.065993494862553e+05 -3.159053552953981e+06
  1.263181275166362e+09  1.065077927251641e+05 -2.686537648362936e+06
  1.258713252338152e+09 -1.138910907251195e+05 -7.301320810847855e+05
  1.266116706481293e+09  4.051096650478548e+05  5.338617913942707e+05
  1.261868603967869e+09  1.483896101887590e+06  1.160428972167621e+06
  1.264048776240361e+09  1.961901111287373e+04  2.354210049464207e+06
  1.261246685492775e+09  7.569936270575679e+05  1.760050758128806e+06
  1.263033366222837e+09 -1.579312070873088e+06 -5.855004290551691e+05
  1.263589241118525e+09 -1.805761485101297e+06 -2.304054603422745e+06
  1.261983904062979e+09 -1.044761368666890e+06 -1.396578855991491e+06
  1.266320233282998e+09 -9.107385355154560e+05  9.423277431101181e+05
  1.262810904442438e+09  3.788583622545298e+06  1.002250485719720e+06
  1.262891584450218e+09 -1.284843384310140e+06 -7.266304606816152e+05
  1.261897360170438e+09 -1.611408201166694e+06 -8.439681577673542e+05
  1.260972984460179e+09  1.616621675757782e+06 -5.994070480112638e+05
  1.262764457911185e+09  1.152984793574008e+06 -2.034207508149457e+06
  1.261152033953658e+09 -1.381545835279588e+06 -1.057901579278710e+06
  1.267051777245910e+09  1.732590022994084e+06 -1.774792867052199e+06
  1.260217262713721e+09 -1.607018087650857e+06  1.651791394773092e+06
  1.265164884657811e+09 -1.797776275995399e+06  4.171677595430135e+06
  1.264106973500226e+09 -2.847085677496746e+06  2.488202172606101e+06
  1.265469130779600e+09 -1.963881580638077e+06  2.850687180289596e+05
  1.264927623452582e+09  5.145160568986776e+05  9.496057824078071e+05
  1.263452849467044e+09 -2.641150204469274e+06  1.040363576075394e+06
  1.263480324538907e+09 -2.001897118749545e+06  1.633345133961304e+06
  1.262163735457088e+09 -6.076218063639792e+05  2.906040499421500e+06
  1.263344620465561e+09 -5.290934213269537e+05  2.031853870246333e+06
  1.261802259885550e+09  8.843947019696608e+05  7.269340428411345e+05
  1.262046593383892e+09  3.126669397460303e+05  2.406968551510233e+05
  1.262259453555030e+09 -1.006763318210400e+06  6.672095102112949e+05
  1.261309594485600e+09  2.220603107609333e+06  1.459925808974061e+06
  1.265138808213506e+09 -7.522242071605581e+05  1.375018363884262e+06
  1.263418723866461e+09  7.670048069974680e+05 -2.599033584810612e+06
  1.259078682473790e+09 -1.227566945620909e+06 -2.793067792422893e+06
  1.266791465806367e+09 -2.132519532499762e+06 -1.363320110822027e+06
  1.259478615372668e+09  1.251438109493411e+06  1.318490950979287e+06
  1.261883005194227e+09  4.092224080191830e+05  2.034152969508183e+06
  1.262493533426863e+09  3.491686710990968e+06  1.281472590208124e+06
  1.261978093267946e+09  2.951939343093661e+06  1.344631648836816e+06
  1.263070433470014e+09  1.381826631770952e+06  6.122371937723249e+05
  1.260072504119706e+09 -1.806203861218522e+06 -4.031659445687173e+05
  1.261193144742419e+09  7.112099288296856e+05 -2.087827231922341e+05
  1.263413399789152e+09 -1.450594902535716e+06  2.927135337941384e+05
  1.263560612724730e+09  1.597470250018468e+06  7.765777837652336e+05
  1.261624596354905e+09 -5.365254507901698e+05 -1.351543151838176e+05
  1.261942746859897e+09 -4.661897515387577e+05 -1.940147709914524e+06
  1.263954157258900e+09  2.916845859066967e+06 -3.474606505956276e+06
  1.264145465157636e+09  4.781986119842264e+05 -3.350562602397126e+06
  1.262787975762904e+09  1.988523793392417e+06 -5.264590072636113e+06
  1.263323451086843e+09 -1.997559892638261e+06 -3.578151715646900e+06
  1.261698728086541e+09 -2.323548364909984e+06 -2.096810465338209e+06
  1.265341414813129e+09  8.220016947660855e+05 -1.597869750929456e+06
  1.260774752199166e+09 -8.979271786421014e+04  1.936428511162999e+04
  1.261255612003302e+09  4.733191836750950e+06 -2.101239261626744e+05
  1.259126075624497e+09  2.680214408478753e+06 -1.957953913925589e+06
  1.260884383120422e+09 -1.358670662573668e+05 -1.198550813554914e+06
  1.264776056897025e+09 -3.320269461106983e+05  1.506632992039543e+05
  1.258794457222048e+09  1.374911581632112e+06  8.526834808279337e+04
  1.264112655377784e+09 -1.504339684846953e+06 -2.149204528410768e+05
  1.262068748059989e+09 -3.052802423173598e+05 -1.439160912237683e+06
  1.261686145600738e+09 -2.811486593424980e+06 -3.171026538124193e+06
  1.263496260855031e+09 -2.164096531489682e+05 -3.990204981610390e+06
  1.261418428561336e+09  3.147325822347395e+06 -4.018197750999215e+06
  1.263480159013133e+09 -2.461611573424046e+06 -4.624677857489402e+06
  1.257646081208734e+09  2.870434875163376e+06  1.339220662334394e+06
  1.262943962604047e+09 -1.053806388135887e+05 -2.334353112421210e+05
  1.264159530041854e+09  5.360455945281265e+04 -9.758925140915472e+05
  1.262147491023720e+09 -2.481947764752341e+05 -7.398245100130750e+05
  1.261476886904037e+09 -2.229219708925265e+06 -3.885113981242710e+05
  1.262491892346377e+09  3.666220525465172e+06  1.210110533684992e+06
  1.263156353478554e+09  1.605090336811313e+05  2.506586228247025e+06
  1.261378069633467e+09 -3.566502660315861e+06  1.092028390769354e+06
  1.261317052945996e+09  1.366928537038882e+05  1.276614293848657e+06
  1.263451275563311e+09  1.489481998113920e+06  3.490417511671304e+06
  1.265455733664571e+09 -3.567118952168886e+06  4.443895872989897e+06
  1.262337523835356e+09 -8.704872558793444e+05  2.410309063748602e+06
  1.259576735103037e+09 -2.803005740744928e+06 -4.310024193573409e+05
  1.263676955953018e+09  9.763024241330619e+05  6.047479302970006e+04
  1.263338169712966e+09 -1.910104371222840e+05  2.065864847286135e+06
  1.261857085799765e+09 -2.221804579791329e+06  2.546695101482942e+06
  1.263406117617214e+09  4.178186762149383e+06  2.693158590727998e+05
  1.262361295941206e+09  1.874998709051808e+06  2.264291357346089e+05
  1.265898753971850e+09  1.146379533714532e+06 -1.042611502087577e+06
  1.261284270498302e+09 -1.859826352842969e+06 -3.430899311272612e+06
  1.263262744761331e+09 -2.466342495276808e+06 -3.856716235585368e+06
  1.261737082338104e+09  2.017849103185800e+06 -1.847132648262233e+06
  1.265703093656897e+09 -6.809512763141993e+05 -3.672255164061529e+05
  1.262044995283467e+09 -5.316140248522886e+06 -1.819122423044855e+05
  1.259036410493464e+09  5.933546091107680e+05 -4.679648339495580e+05
  1.263138639092348e+09  1.859681943811198e+06 -7.207290016095694e+05
  1.263639152021152e+09 -2.210535590700867e+06 -1.485034841232423e+06
  1.267227359008405e+09  6.874780287766010e+05 -2.260182223812656e+05
  1.260253227619926e+09  4.133120585341088e+05  1.836177981103337e+06
  1.265516282680239e+09  1.058641753165350e+06  5.464267998881936e+05
  1.264188192837481e+09 -3.520719075199758e+06 -2.014124455913746e+06
  1.257449403622654e+09 -7.082363932038855e+05 -1.494348054792385e+06
  1.264636981095962e+09  4.378121152654644e+06  2.283741832859264e+06
  1.263276327553763e+09  2.064487680753121e+06  2.047484826469816e+06
  1.262378642508698e+09  1.165084806350752e+06  1.274609396917053e+06
  1.264539899872120e+09 -7.217270252356691e+05 -1.123476862200688e+06
  1.261668631729125e+09  2.372865760905163e+06 -3.074407318207826e+06
  1.265198462916780e+09  3.410489887642066e+06 -1.108794895629713e+06
  1.261655148756189e+09  8.168516451590164e+05  2.763114673742523e+05
  1.264950561656147e+09 -3.428065048190782e+06 -3.023235299602656e+06
  1.264236741045648e+09 -1.500189064742130e+05 -3.257541215103961e+06
  1.263363002266781e+09  1.840500402790810e+06  1.354811042239523e+06
  1.262598537520837e+09  8.752960324791927e+04  2.302189097600544e+06
  1.261880199416384e+09  7.778469908815532e+05  1.566412211957292e+06
  1.261423058864036e+09  1.523780630193174e+06  2.479495475596314e+06
  1.266147726736769e+09 -4.573924748484248e+05  3.815046731054929e+06
  1.259101200261863e+09 -1.940466355017171e+06  4.446494372674631e+06
  1.262277642945365e+09  9.465385216095201e+05  3.202645355421679e+06
  1.267309283397562e+09  3.151974536366446e+06 -3.317544106937592e+05
  1.265367245201288e+09  2.026959071189311e+06 -5.460480705924903e+05
  1.260621372256393e+09  1.213304658955275e+06 -1.583728227939061e+04
  1.264115906119301e+09  1.697065573310236e+06 -1.260043424763011e+06
  1.262737526081960e+09  5.049099306996183e+06 -1.210002016269369e+06
  1.263410934372663e+09  4.641920998084182e+06  1.025797537384950e+06
  1.261543758238058e+09  9.953633411349936e+05  2.754240303656048e+06
  1.260596547321671e+09 -9.258348485924096e+05  2.305091589632741e+06
  1.264024058223817e+09  6.688343379768615e+05  1.878967980783753e+06
  1.264101471820786e+09 -2.046287216617272e+06  1.088152178298572e+06
  1.258580646931764e+09 -2.453104628029804e+06  3.484073186278638e+05
  1.264289211834169e+09  4.007437235517479e+05  2.077346486765663e+06
  1.262934497493207e+09 -9.115091429057985e+05  1.925866304030897e+06
  1.265382556895077e+09 -2.402079903627214e+06 -3.907773237398994e+04
  1.262627975540464e+09  5.297861409199164e+05  8.375242051243540e+05
  1.264415614414715e+09  9.029719446783410e+05  1.536193838626803e+06
  1.264364295584132e+09  2.377573992607328e+06 -3.779565776933957e+05
  1.263567189988235e+09  1.349216049138229e+06 -2.769514192792866e+06
  1.263198627180297e+09  1.383890066488882e+06 -2.577822821393938e+06
  1.263994538913743e+09  6.708611847993520e+05 -2.199131972540876e+06
  1.262817074405829e+09  1.209505418406069e+06 -5.434540731276523e+05
  1.259426388020323e+09  4.350411152367168e+05  1.740716207473027e+06
  1.263531155279854e+09 -1.197611675321518e+06 -3.345742259014025e+04
  1.263842704152508e+09 -1.899018386853648e+06 -4.542821468215204e+06
  1.263858121650954e+09  3.039169553730811e+06 -4.648856745511591e+06
  1.264157862190135e+09 -5.574506907528320e+06 -3.304864765036718e+05
  1.262667997871538e+09 -4.347956996627405e+06  2.064790866489733e+06
  1.262144476450599e+09 -3.617110039220331e+04  7.822249428547786e+05
  1.264136897960012e+09 -2.477541698100356e+06  1.986056629936931e+05
  1.263087216123879e+09 -2.438959517183309e+06  7.473288296745407e+05
  1.262804937883431e+09  2.072269766560453e+06  9.819054287600099e+05
  1.261251908550902e+09 -6.923359166284293e+04  1.635438447976166e+06
  1.264221808999403e+09  1.747418242722843e+06  2.323592596950226e+06
  1.265528320946153e+09 -2.647948622962230e+05  2.562001301184880e+06
  1.267248232559124e+09 -2.964452890694957e+05  6.813913383633663e+05
  1.264661308968912e+09 -1.270031327020076e+06  3.608791854291389e+05
  1.262232898207920e+09 -1.428239872260010e+06  1.341293881371038e+06
  1.264041710006408e+09 -2.186705175888624e+06  1.269522439148159e+05
  1.261806824521260e+09 -9.074067686221157e+05 -2.344211817964298e+06
  1.265893655173481e+09 -2.574392018090190e+06 -1.561100282854500e+06
  1.259573314292088e+09  2.555164385925157e+06 -7.178671620221999e+04
  1.258573824140753e+09 -3.077194063108105e+06 -3.136490321845156e+06
  1.262198098908783e+09 -1.900868137153012e+06 -3.854243805952250e+06
  1.263660440570995e+09 -1.760164481719799e+06 -9.236946958618425e+04
  1.262263278135037e+09  2.530249868681582e+05  1.012243642389073e+06
  1.262896942458626e+09 -1.027644583572188e+05  2.261091937830791e+06
  1.260145747664590e+09  1.332074916288340e+06  2.473059534124867e+06
  1.263675365768863e+09  7.335715784396901e+04  1.040374059004055e+06
  1.265133158873556e+09  2.377254546467742e+06 -9.808612644532056e+05
  1.263045884301803e+09  4.683304785740736e+04  4.272345883308458e+05
  1.263873691204629e+09 -4.643776568027071e+06  8.208294904383100e+05
  1.261076425944745e+09 -1.094457151116511e+06 -9.027095261584444e+05
  1.265827859313505e+09  1.210277705844331e+06 -1.834488280119978e+06
  1.265405124097848e+09  1.754964838337118e+06 -1.279495773291392e+05
  1.262879291328862e+09  1.039479971903724e+06  1.747420641633411e+06
  1.263562381175570e+09  4.783982386404222e+05  8.714605102023146e+05
  1.263401111160020e+09 -5.497156664797076e+05  8.095473494464980e+05
  1.262070313465111e+09  8.655292160724134e+05  1.983608415343986e+06
  1.260791941193200e+09 -3.490211805176399e+05  4.265472989831785e+05
  1.263863861833966e+09 -2.512515944982502e+06 -2.934108030072059e+06
  1.263056945185013e+09  4.095341480781243e+05 -3.355532238393767e+06
  1.263878280882968e+09 -4.861654494584082e+05 -2.409304168193580e+06
  1.262367026949112e+09  6.743311409760236e+05 -2.530951163135023e+06
  1.263933322856230e+09  1.601740085889466e+06 -1.805720377725069e+06
  1.263930630067433e+09  4.169580822376249e+06  2.258505314593855e+06
  1.263209188485719e+09  8.076235132416523e+05  1.499314512928098e+06
  1.264779671359215e+09 -4.994402196829625e+06  5.579844881750104e+05
  1.263359857895223e+09 -1.636735124970275e+06  1.390315350725932e+06
  1.260347071629565e+09  3.616472775476876e+06  7.414878123873658e+05
  1.265692421436171e+09  3.955461352571271e+06 -1.308958062030231e+06
  1.264407349856633e+09  6.546237309098806e+05 -1.272640469524132e+06
  1.266905921270514e+09  2.773002400948509e+06  1.910148404631457e+05
  1.262574647659142e+09 -4.031031131919996e+05  9.709815037654285e+04
  1.264366950072734e+09  6.868521856476224e+05 -2.995247139644373e+05
  1.265466039873840e+09  3.457835521285809e+05 -1.344307924824031e+05
  1.258739226111018e+09 -9.791370709668961e+04  1.619094197694510e+06
  1.261512751293594e+09 -2.673113392359259e+06  2.245233330493879e+06
  1.266374944294243e+09 -2.728361131038001e+06  8.074078586551966e+05
  1.264076251553089e+09  1.263389638399417e+06  1.022187474732448e+06
  1.262933395905112e+09  1.414172816089593e+06  1.616761324278537e+06
  1.261701268693845e+09  4.638661860439312e+06  6.394363734450835e+05
  1.261767834144040e+09 -1.209785590189343e+06  2.393177723067933e+06
  1.259104253904215e+09 -6.153643856058593e+05  2.801002384000259e+06
  1.262752859625607e+09 -2.139480513734357e+06  1.087644817588629e+06
  1.265130824364628e+09  3.122787843899995e+06  5.795264169572459e+05
  1.261164169011883e+09  7.520859032294361e+05  1.863357426664849e+06
  1.263652699869185e+09 -1.248469192351790e+05  1.885284764656130e+06
  1.263254547303460e+09  1.527635220672089e+06  2.188762520830675e+06
  1.263400840760808e+09  2.058421598384643e+06  2.812523923444977e+06
  1.261207109022093e+09  1.775250366134569e+03  2.279697087443492e+06
  1.265595711226033e+09 -1.938458114044006e+05  3.400653757417036e+05
  1.265614596997327e+09  3.529995292006079e+06 -2.629470947905608e+06
  1.262312941942337e+09 -1.434937004990115e+06 -3.338215457627960e+06
  1.263929829121032e+09 -2.560644689317457e+06 -2.346894127409881e+06
  1.263082855772390e+09 -7.768701195710581e+05 -2.506775761586223e+06
  1.262787790265289e+09  2.444865805669676e+05 -1.623426481250603e+06
  1.262088256430709e+09  3.473861546610977e+06 -2.700995215856232e+06
  1.265444894317966e+09 -2.413080654049631e+06 -2.204780300154444e+06
  1.264221896047121e+09  9.229510407616075e+05 -1.069922467712482e+06
  1.266646816938683e+09  2.773775933482201e+05  6.981893771823670e+05
  1.261901537313689e+09  1.431479885366565e+06  2.417322877152047e+06
  1.262704805710668e+09 -1.380571770970293e+06  2.364075639309806e+06
  1.261028901599775e+09  6.546077419878076e+05  1.975106503826610e+06
  1.261877343928118e+09  1.091276980541206e+06  3.828847255430026e+06
  1.265203564675092e+09  1.784108810030174e+06  5.168389394856575e+06
  1.262064920102883e+09  2.033724776176102e+06  3.882716577893063e+06
  1.263858413978121e+09 -2.618846370782326e+06  3.357721595769151e+06
  1.261828995305948e+09  2.222914335777519e+06  3.122424478477000e+06
  1.262896720886858e+09 -7.344036983183119e+03  1.444538255954215e+06
  1.263055144282801e+09 -2.785393807626785e+06  6.801645379018268e+05
  1.266774346261067e+09 -1.313032698121835e+06  1.235730477326686e+05
  1.256673505854514e+09  2.202548619748739e+05 -1.655903574318109e+06
  1.263898615355522e+09  8.423674051875756e+05  3.936108490873672e+06
  1.261346400843983e+09  6.001590725878541e+05  1.459829493042415e+06
  1.260657628481078e+09 -5.416987056468548e+05 -2.701876238835609e+06
  1.264621270293289e+09  1.878091599829572e+06 -2.993989655631804e+06
  1.266319569767257e+09  1.138984456746644e+05 -1.102548595132316e+06
  1.263011142362787e+09 -1.442132065293409e+06 -1.370518381218453e+06
  1.264276798129782e+09  1.520296524151054e+06 -6.405969118353371e+05
  1.261029547811682e+09  7.280327378859269e+05  1.263745352492312e+06
  1.264123192008713e+09  7.279750678712759e+05  1.702087974411171e+06
  1.263674025709432e+09  2.826029291185169e+06  1.355368072773316e+06
  1.265026423617006e+09 -2.899122688384518e+06  9.444014901285853e+05
  1.259786023587690e+09 -2.252866604935279e+06  3.421280230123037e+06
  1.266339528734382e+09 -9.384796495280850e+05  2.838330739781786e+06
  1.264691422717362e+09 -3.927675748461570e+06 -3.898522348361261e+06
  1.259173083484643e+09  2.480920546871844e+06 -4.176883716926114e+06
  1.261736636389152e+09  1.060167789396974e+06  1.561830469246901e+06
  1.263720515276378e+09 -1.133812655074571e+06  9.818865193266912e+05
  1.265233568350382e+09  1.784669151214494e+06  8.657393183317925e+05
  1.265138112602084e+09  2.629195655845731e+05  1.229530816016023e+06
  1.265375497343289e+09  1.260958480241341e+06  1.064553530388473e+06
  1.264648166816033e+09 -2.063890818719688e+06  1.246225338657534e+06
  1.258973292126719e+09 -1.173305729526795e+06  1.354840753045712e+06
  1.262377445908802e+09  1.020478696457466e+06 -3.901758088455547e+05
  1.265700847970243e+09 -1.078094798719806e+04 -1.033261346916755e+06
  1.264014176720804e+09 -7.544270998767763e+05  1.112621618994723e+06
  1.262110294143410e+09  1.382975308455227e+06  2.043985191151695e+06
  1.262353249798790e+09 -4.427359577807470e+05  2.027909514851676e+06
  1.263652462305689e+09 -3.281263640848926e+06  1.890988690767764e+06
  1.262916626382360e+09 -8.042123692822027e+05 -1.297329153355237e+05
  1.262091510789682e+09 -2.869419059840520e+06 -1.683995038913445e+06
  1.262986392330335e+09  4.152303674020072e+06 -9.782347518840662e+05
  1.259092296898388e+09  6.217305085324086e+05  5.971792339269987e+05
  1.262486782341046e+09 -1.813037658609021e+06 -9.546257276263786e+05
  1.265267785417389e+09  2.949658869587969e+05 -1.928505924749758e+06
  1.261032369750841e+09  1.017933235013846e+06 -3.724788806924529e+05
  1.264366975693168e+09  1.495959212673970e+06  1.148628537028156e+06
  1.261535180611634e+09 -4.013031103739513e+06  3.914175848291413e+05
  1.264690508169392e+09  1.835598755531883e+05 -1.569496315169475e+05
  1.262586676514710e+09  1.078853207161007e+06 -5.217613663583378e+05
  1.263479898998108e+09 -4.397469949061334e+05  4.906748094362490e+05
  1.262973763959400e+09 -3.151068785893444e+06 -7.333173247336482e+05
  1.264292382742268e+09  3.330769482171905e+04 -2.181806717021926e+06
  1.266653361742724e+09  9.220868627831537e+05 -2.175094321025140e+05
  1.263589075292106e+09 -1.318351452494172e+06  1.020516989430039e+06
  1.263692210416207e+09 -8.797227589089966e+05  2.317669118863502e+06
  1.262171029067651e+09 -5.005648386567961e+05  3.888712237390122e+06
  1.259836968824853e+09  2.275137057431004e+06  2.335003480992834e+06
  1.264644065975246e+09  2.965006608907475e+05 -3.687284682544248e+04
  1.259627092288096e+09 -1.137352067634586e+06  6.246638288888843e+05
  1.268093190393765e+09 -5.886473043324410e+03 -2.973022131477803e+05
  1.259720412931687e+09 -2.440054726808947e+05  3.199848231074693e+05
  1.263658314227108e+09  1.801680103402173e+06 -4.182467730759463e+04
  1.264253937518842e+09 -1.852479293634628e+06 -7.499456130049718e+04
  1.264582978270514e+09  1.644076176955349e+06  1.077529061956722e+06
  1.265975237908078e+09  1.828541256561441e+06  2.981622768216924e+05
  1.263773976205549e+09 -1.187045133355492e+05 -1.567784230284945e+06
  1.263406821041890e+09 -3.806653130237831e+06 -3.399748266609994e+05
  1.265160214900803e+09 -2.133764134521023e+04  2.495001313481283e+05
  1.261355591358703e+09 -1.013397248442159e+06 -3.452169688887065e+06
  1.261850117162219e+09  1.048406158099597e+06 -6.241308470730780e+06
  1.264806118239934e+09 -5.955690352371089e+05 -3.813536493146823e+06
  1.262479763914991e+09  1.844962151418821e+05  6.578875286463939e+04
  1.262023422919977e+09  1.920029040544381e+06  1.446971576348265e+06
  1.265710146069192e+09  2.273954756392251e+06  1.764508580472853e+06
  1.263276514570380e+09  1.894159533832061e+06  1.221431187424011e+06
  1.260915233260318e+09  7.772096143290573e+05 -4.486540794057247e+05
  1.263149873965538e+09 -1.673221868263999e+06 -1.267795693189183e+06
  1.260170354165802e+09  1.822352465487523e+05 -5.453044838643942e+05
  1.262362484169158e+09 -6.276787223984262e+05  1.544114118532232e+05
  1.263858045332098e+09  2.353553210302754e+06 -2.910915506885208e+05
  1.262427948300154e+09  1.630655884687691e+06 -1.529604520136572e+06
  1.260950935506080e+09  8.598936976216417e+05 -2.510716165964283e+06
  1.262317602595320e+09  6.334076983259934e+06 -1.592094397311528e+06
  1.261888828270428e+09  1.659259577578488e+06  7.484081012097473e+05
  1.263357380794284e+09  6.924447399904989e+05  1.256174708619810e+06
  1.265392166101917e+09  3.704855100417283e+06 -5.719815074169992e+05
  1.261917126921902e+09  6.058677128193183e+05 -2.161223434340546e+06
  1.262981734924178e+09  9.739128833457404e+05 -1.891073623197021e+06
  1.259881390345653e+09  1.720099738346272e+06  5.505061150161781e+05
  1.266213285518018e+09  2.542656093555773e+05  2.142218687261140e+06
  1.264964225199934e+09  2.584949713425905e+06  1.324928279292814e+05
  1.262398969378218e+09  6.836860065211674e+05 -1.843916263902618e+05
  1.259953678322779e+09 -4.593785394182092e+05 -3.085412397079371e+06
  1.266496070068815e+09  1.478169612552421e+06 -4.005985977276023e+06
  1.263187720680260e+09 -2.410025061067060e+05 -8.188663498282003e+05
  1.263465789322375e+09  2.462558141024293e+06  2.381588572753712e+06
  1.260881290479702e+09  7.722744633573481e+05  2.497573262523577e+06
  1.262471807556929e+09 -2.535947723323893e+05  1.200138344608502e+06
  1.264015213967750e+09  4.684474892474642e+06  2.764344929434847e+06
  1.259597771951756e+09  7.910385818065600e+05  4.997414666201194e+06
  1.264232782167459e+09  1.704853990873589e+06  1.725973919875760e+06
  1.265211498434469e+09  5.440287162643330e+06 -1.605748752931534e+06
  1.264068181554776e+09 -5.416599448215252e+05  1.842291072475853e+05
  1.261121914905435e+09 -1.996632676127936e+05  1.011779978747940e+06
  1.264729804415186e+09  1.301201474351717e+06 -5.067838847054534e+05
  1.264423098509843e+09  1.163773610120870e+06 -9.012437903146686e+05
  1.257700988208763e+09  1.169277820213533e+05  1.449027562460351e+06
  1.261826529854992e+09 -6.253955183351471e+03  4.469242109759163e+05
  1.261207244798417e+09  1.776264937690468e+05 -1.794085658188596e+06
  1.262312647688250e+09 -1.653275977626279e+06 -2.229903016983998e+06
  1.260085431064986e+09 -1.333470853882443e+06 -6.082580528208954e+05
  1.262936112437749e+09  8.883850733314739e+05 -1.219034490756449e+06
  1.265276080157497e+09  1.240290436050050e+06 -2.562358600643009e+06
  1.262223135355366e+09  1.366308659113830e+06 -1.056760006961101e+06
  1.264764355009881e+09  1.288951850617144e+06  5.472439128739419e+05
  1.264000715101509e+09  7.587084917131242e+05 -8.459203319294093e+05
  1.264626690930411e+09  1.794726595407082e+05 -1.790954523365618e+06
  1.264168798780222e+09  2.136989118830254e+06  1.017932825343573e+05
  1.261175191521528e+09 -1.524185565951709e+06  1.694478723517449e+06
  1.263357702651585e+09 -4.751263706491527e+05  4.633482453839640e+05
  1.261442180427533e+09  4.689832989499081e+05 -1.322138397698173e+06
  1.260513844877619e+09  7.435241744602425e+05 -4.749292612662516e+04
  1.264313808126626e+09 -2.671775276675417e+06 -3.402718303019635e+06
  1.262912452451643e+09  1.069231338411900e+05 -4.550895733803572e+06
  1.263568698009837e+09  3.556275553770874e+05 -1.070205105507259e+06
  1.262356445444406e+09 -3.418156941544116e+06  1.654897699496579e+06
  1.265619668623611e+09  6.134967873001528e+05  5.279882079842362e+05
  1.258627845357199e+09 -1.669572080688533e+06 -2.512723653405041e+05
  1.263531896789526e+09  2.783413174891818e+06  2.414973568990780e+05
  1.262556833982897e+09  7.131862096288728e+05 -1.284421098641041e+06
  1.262519761486238e+09  1.720204852781612e+06 -2.364741304390996e+06
  1.265088649205691e+09  1.168927198712072e+06 -5.994544873952685e+05
  1.264109291185161e+09 -1.584707820981831e+06  1.903516369180376e+06
  1.265979935233981e+09 -1.716334304383439e+06  4.250752796727224e+06
  1.260440988206931e+09 -1.351308098759303e+06  4.209705872149901e+06
  1.266744907769445e+09  6.771786490562747e+05  1.072710275144865e+06
  1.263588178184928e+09  1.531653856465536e+06 -4.660551912337017e+05
  1.257398811485055e+09  1.631925039466809e+05 -7.133291841274591e+05
  1.265661442195260e+09 -1.885682317343873e+06  2.654570844350707e+05
  1.263596162137048e+09  1.632950509328805e+06 -9.798227443310363e+05
  1.263022902594613e+09 -1.165729202747796e+06 -9.834935982217087e+05
  1.264962123441726e+09 -3.175676301693428e+06 -1.103867428467831e+05
  1.262531626857418e+09  1.657287919908989e+06 -1.674551478611250e+06
  1.266652228366745e+09 -6.656039487112581e+05 -3.172901868916868e+06
  1.262696207115329e+09  3.159544070669895e+06 -2.473150654263719e+06
  1.268500044132856e+09 -4.659265652031388e+05 -1.834809825770434e+06
  1.263817308465830e+09  5.432655867549905e+06 -4.077058175984269e+05
  1.262226847014565e+09  2.401613466532796e+05  7.792983349613536e+05
  1.264311447557047e+09 -2.189872604488053e+06  8.476661206418965e+05
  1.263587312088561e+09 -3.960620080335426e+06  2.149190912630768e+06
  1.262604995099166e+09 -1.722383162838224e+06  2.292185815803728e+06
  1.262702684547846e+09  2.589190268931455e+06  5.437577466747992e+05
  1.259446141672157e+09  7.887717190288465e+05 -5.445592365312859e+05
  1.264645973461897e+09  1.286059939374385e+06 -5.247757674615731e+04
  1.264009987579226e+09  7.731732155821314e+05 -2.732372189371610e+06
  1.262055959898978e+09  3.303149796958947e+06 -2.399335866245451e+06
  1.259433134555047e+09 -2.960813352731194e+06 -1.116274792204921e+06
  1.266842635646490e+09 -2.832663473079552e+06 -2.363959567110495e+05
  1.262668376278373e+09  3.851033229964442e+05  8.906167954954590e+05
  1.261459633243292e+09  2.388502761758534e+06  1.056239252703165e+06
  1.261365084824562e+09  2.159569705623656e+06 -1.520776118329688e+06
  1.263081397141680e+09  2.235183297711323e+06 -3.863641266101460e+06
  1.264862508133816e+09  5.694931766343773e+06 -3.700179137625921e+06
  1.262310026947510e+09  6.951895460053897e+04 -2.428577016137355e+06
  1.259957495320100e+09 -2.357694208327753e+06 -1.333391550002478e+06
  1.262542133458009e+09 -4.294003144273241e+06 -1.408836849259570e+06
  1.265035471285014e+09 -9.051072211164642e+05  4.493088578986004e+03
  1.264980946367155e+09  3.820998988791066e+06  1.286386886809369e+06
  1.262902559778198e+09 -6.519608354082487e+05 -7.081137134042380e+05
  1.265638321489453e+09  1.931972913279400e+06 -2.221836801921724e+06
  1.264088450304707e+09 -3.774587622266798e+04  3.134541583999502e+05
  1.264287928418279e+09  2.386428278982931e+06 -4.495935090786412e+06
  1.262943482725755e+09 -3.479511807809518e+06 -4.436634769946113e+06
  1.264837568990992e+09 -1.813322085535257e+06 -3.006546587614461e+06
  1.262651465203832e+09 -3.332164793801522e+05 -1.680340699858316e+06
  1.259274756750951e+09  2.293467578275327e+06  1.470656064845949e+06
  1.263605562828090e+09  1.481372150476601e+06  2.121806154560253e+06
  1.263637192327438e+09  3.595810368119458e+06 -5.307340663333081e+05
  1.262647121138459e+09  1.176520959104677e+06 -1.714991056315023e+06
  1.264038986756815e+09  5.677961339589335e+05 -1.322838235960273e+06
  1.260013954494336e+09 -8.649262981926615e+04 -4.341058989917867e+05
  1.260148389901772e+09 -4.468478293234950e+05  7.320942115172551e+05
  1.263560348133492e+09  8.702867040696945e+05  9.992745105089583e+05
  1.261796705267405e+09  2.673776019380840e+06 -8.732710015536557e+05
  1.262135469640096e+09  1.223443659738349e+06 -1.105221939140440e+06
  1.261941635164873e+09  2.019193888735903e+05  2.089815165103279e+06
  1.262974848934425e+09 -3.125287416214600e+06 -1.472419224125655e+05
  1.266127763434928e+09  5.122625292641604e+05  1.389003735774475e+06
  1.265638616880665e+09 -9.787824539972452e+05  2.166147681975950e+06
  1.263594450547631e+09 -6.654676551909260e+05 -5.075639742069456e+05
  1.260666529553648e+09 -8.237198557656023e+05 -4.585145420440078e+06
  1.265955624547651e+09  2.436682587680201e+06 -5.212719121016847e+06
  1.261187161683725e+09  1.004526949202530e+06 -3.984914788784706e+06
  1.264282240806312e+09  2.121095036472437e+06 -2.861500565749079e+06
  1.262788036823450e+09 -2.521766072444028e+06 -1.809621920532863e+06
  1.260361873999223e+09  1.734206601229542e+06 -1.087299600249872e+06
  1.262965040275553e+09  2.689165856098609e+06 -8.987974276089303e+05
  1.264677854996105e+09  5.757765538617079e+05 -4.662460163624579e+05
  1.263582791214522e+09  2.566619526891941e+05  5.399813933355220e+05
  1.263007295310612e+09  1.311037320217177e+06  2.180515039130508e+06
  1.262019792696818e+09  2.296907461375878e+06  3.740821174077576e+06
  1.267621613263437e+09  4.676666112366103e+04  1.587039272289300e+06
  1.264072849748828e+09 -3.483685979816541e+06  1.300985629269517e+06
  1.263837087464193e+09 -5.623674912314678e+05 -3.105860056470298e+05
  1.264807650452240e+09  5.888941102655783e+05 -2.801221625527959e+06
  1.263361236587004e+09  6.276765710827960e+05 -3.108942955880363e+06
  1.263692090918166e+09  3.490799444584473e+05 -1.303989646403420e+06
  1.261641471367112e+09  2.446103828310234e+06 -5.845712712079064e+05
  1.261177430283045e+09  1.331918537920810e+06 -2.231410927172498e+06
  1.262665885107185e+09  1.823291881970170e+06 -9.322358502380517e+05
  1.264306125203719e+09 -2.608007359279692e+06  2.371369930476051e+06
  1.262532410256416e+09  3.645601225554504e+06 -2.079907621280779e+05
  1.260920514224971e+09  2.750937185240842e+06 -3.748035556576635e+06
  1.265345287485923e+09 -2.525243218465240e+06 -1.318840737386483e+06
  1.261530006391543e+09 -2.075417767095144e+06  1.845530964250438e+06
  1.264855215972789e+09  1.135198072308769e+06 -1.974390882971724e+05
  1.264034773540792e+09  1.660442998803078e+06 -2.844047746785217e+06
  1.267082130173283e+09 -8.653377094225269e+05 -7.502123076843028e+05
  1.263623227915495e+09 -3.458311858365778e+06 -7.337862610655267e+05
  1.260515636416541e+09 -5.874267503873375e+05 -6.467089698148690e+05
  1.265180353334054e+09 -1.646281880819240e+06  2.760029634636249e+05
  1.264435080045948e+09  4.504581737772764e+05 -2.002063438834763e+05
  1.258712969261051e+09  4.739464717655062e+05 -9.721753260875947e+05
  1.262003182841978e+09  1.098791005128561e+06  9.532233577993297e+04
  1.264816336895368e+09  2.237242492235111e+06 -5.238620249663746e+05
  1.265124299854770e+09 -2.618573184058180e+05 -2.823069121182283e+06
  1.262024121317544e+09 -1.789331856395655e+06 -2.419556242926991e+06
  1.265824294777050e+09  3.258711605851332e+06 -9.535278009206586e+05
  1.264325211633458e+09  2.880104195210762e+06 -4.929800751150295e+05
  1.257992044361863e+09 -7.595143937802380e+05  2.537652774327699e+04
  1.259111641286627e+09 -1.814802638462466e+06 -1.317983760221100e+06
  1.264879923787931e+09 -1.122306457139231e+06 -3.448331531541462e+06
  1.264465096349274e+09  9.931411242665255e+05 -2.903080716691217e+06
  1.266478506518199e+09 -3.731281195785695e+06 -1.136276539791181e+06
  1.263971712672503e+09 -3.696172275760202e+06  7.950785280470904e+05
  1.262251580546827e+09  6.013551490723056e+05  8.045944318073568e+05
  1.260559120543692e+09 -2.838667938659620e+06 -9.963872362641548e+05
  1.262301726515381e+09 -7.718346382304825e+05 -2.256507532802519e+06
  1.263302645790092e+09 -9.647376737886803e+05 -1.661606481741986e+06
  1.262919951701869e+09  2.040380252455323e+06 -1.554756014884437e+05
  1.265222291603386e+09  1.189679546891146e+06  5.459438628825533e+05
  1.261371597850519e+09 -3.044127611261141e+06  3.247774094308003e+05
  1.262500393449465e+09 -1.501438412857425e+06 -7.380875594751856e+05
  1.262659506638113e+09  1.258475537688440e+06 -1.157451371859538e+06
  1.264161411722084e+09  3.552451579667679e+06  6.653940014587280e+05
  1.265440663676493e+09  1.884411376710493e+06  1.190414570958561e+06
  1.260825440422266e+09 -8.199573939628738e+05 -1.489196722777601e+05
  1.263223594654874e+09 -3.989122015604564e+06  9.006890505777295e+05
  1.262336052554405e+09 -7.689788405682240e+05  8.736542386760045e+05
  1.261687655019022e+09 -3.340479724215591e+06 -3.159712753178749e+05
  1.260350360597454e+09 -1.767095760369854e+06 -8.062174960623640e+05
  1.263782940533612e+09  4.603493771694085e+05 -2.571738080155429e+06
  1.264390083991051e+09 -1.120748233506813e+06 -3.635855171177662e+06
  1.265062006228907e+09 -3.077732548010714e+05 -1.539064651641297e+06
  1.262119516549332e+09 -2.776923710829644e+05  7.451189487579935e+05
  1.265213370808017e+09  3.067355199740438e+06 -8.044618923549593e+05
  1.261034066007918e+09 -1.399228113115601e+06 -2.534606759434110e+06
  1.264048267096237e+09 -1.278770356996807e+06 -1.494866239715004e+06
  1.264519967145692e+09 -2.803752258424967e+05  1.100504831863484e+06
  1.263470533325453e+09 -4.957790544416201e+05  5.053615117767634e+06
  1.264227314721267e+09  4.350741413815211e+06  4.942860283672662e+06
  1.260849338926996e+09  1.287398264593083e+06  7.431867676645734e+05
  1.262442668951518e+09 -1.787439177244091e+06 -4.930893936473557e+05
  1.262243253004213e+09 -2.982022056098484e+06 -9.722338651452325e+05
  1.263484666413132e+09 -1.387312278105488e+06 -1.880852587400653e+06
  1.259908317112859e+09 -1.947609735721396e+06 -9.765744998469661e+05
  1.262328544659152e+09 -1.137863617875677e+05 -1.244426171434409e+06
  1.260741426568915e+09 -1.495108426882433e+06 -1.604969331640813e+06
  1.261922200979386e+09  3.390801159828351e+05 -1.083143086029135e+06
  1.262414206470927e+09 -3.200488612496696e+05  7.070001996737426e+05
  1.265072016297500e+09  5.099110341705497e+05  8.185535280860279e+05
  1.263623088752893e+09  2.163328698169344e+06  5.766864199546014e+04
  1.263344438794950e+09 -1.289032314059209e+06  1.375566703891052e+06
  1.261267479181142e+09  7.522649561713401e+05  2.336168437247338e+06
  1.264221838366499e+09  1.738070043649664e+05  5.422563419013252e+05
  1.263041111718841e+09 -9.654811321790479e+05 -1.828804168032015e+05
  1.263543720698649e+09  3.844286110826637e+06  1.748649128653420e+06
  1.261868797919931e+09  8.051826072624512e+05  2.317438345503906e+06
  1.264458822932221e+09 -3.496930945525399e+05  1.590050005036514e+06
  1.265813507726572e+09 -5.244678233776944e+05  1.995201459792532e+06
  1.258945291227722e+09  2.606390252127853e+04  1.112088342221130e+06
  1.261914159222261e+09 -8.488605125074252e+05 -7.660325434447140e+05
  1.262131473435554e+09 -6.788685430953304e+05  1.111272730440177e+06
  1.265130048006114e+09 -2.813575645301237e+06  4.403588037959616e+06
  1.265363550085376e+09  6.373232009156847e+05  3.537754388008741e+06
  1.264555059586455e+09 -1.129972326757353e+06  1.497805329062966e+06
  1.266532549327129e+09  7.992219104882965e+05  3.052157062454740e+06
  1.257344366886397e+09  1.291724992915795e+06  3.205045045659844e+06
  1.259089761130990e+09  2.521574590561266e+06  4.166517049332483e+05
  1.265984328822483e+09 -1.110390262760111e+06 -8.958167009132300e+05
  1.259573554940794e+09  6.982018540635215e+05 -1.765036648264444e+06
  1.263361354577366e+09 -1.030055577241757e+04 -3.076423628199783e+06
  1.259831331921795e+09  6.384960581655595e+05 -2.291110843922564e+06
  1.261957286352115e+09 -9.113537754342443e+04  5.135772183069696e+05
  1.261798481976369e+09  2.264325235253631e+06  1.131202133699021e+06
  1.264464467056681e+09 -1.201217727737345e+06 -6.732288538595651e+05
  1.264088916855660e+09  9.475791599105394e+05 -1.273980817795615e+06
  1.259763316742091e+09  9.459537357812470e+05 -1.055636738464144e+06
  1.264965737594104e+09 -1.090289994741112e+06 -1.214951928497067e+06
  1.265720561448723e+09 -2.333762977034391e+06 -5.840086669110125e+05
  1.265123385996721e+09 -5.583692738624208e+05  3.750180908304785e+04
  1.261819434256934e+09 -2.558752900910805e+06  1.742805277971523e+05
  1.261892484733804e+09 -6.494038504773125e+05 -1.807523805383910e+06
  1.263634676642379e+09  1.430831761590017e+06 -2.651769598580070e+06
  1.263935396940566e+09  4.456325471141279e+06 -2.211480866202896e+06
  1.264101267273094e+09 -1.668324464624548e+06 -2.353233636090833e+06
  1.263703490049988e+09  2.215692592652922e+06 -1.105361396455389e+06
  1.263645054075291e+09  1.700217439249312e+06  5.221880213592209e+05
  1.263371878981091e+09 -1.018294991538817e+06  1.042834679872117e+06
  1.264170533020150e+09 -3.212374578869758e+05  2.753300170625641e+04
  1.263343500557235e+09  2.209057934307231e+06 -1.688409951687113e+06
  1.263274969466016e+09 -2.033669522837641e+06  2.489148209790031e+05
  1.260096157300734e+09  3.501989018566500e+05  2.408565879562349e+06
  1.265281369924837e+09  1.236695224290728e+06  7.726995003176085e+04
  1.263832775732625e+09  4.694043589450978e+04 -2.191661823512173e+06
  1.265790266295436e+09 -6.649177466834021e+05  5.855029528541438e+05
  1.261946056173959e+09 -2.436845667145175e+06  1.859422836236454e+06
  1.262231115010050e+09 -3.057593082570160e+06 -6.778735690570199e+05
  1.264596509263776e+09 -2.321582440984505e+06 -1.104848939510725e+05
  1.263149257535060e+09  1.874403846164383e+06  2.309371219070959e+06
  1.263810597784781e+09  3.121380521022617e+06  1.410936801036439e+06
  1.261404422935962e+09  1.054339088591602e+06  8.262748295304411e+05
  1.260885691829712e+09  4.305919274432890e+06  1.483185276270500e+06
  1.265705227016375e+09  2.348415288230968e+06  5.372347918072653e+05
  1.261240926910653e+09 -5.960274354338336e+05 -1.157737284599892e+06
  1.262205167779923e+09  8.350148560928345e+05 -2.842396552388323e+05
  1.265883161614165e+09  1.072905259256192e+06  2.422037330783293e+06
  1.263516615350556e+09  4.568606201939995e+04  2.018919504144743e+06
  1.264367649061004e+09  4.378154158202313e+05 -3.134152202164906e+05
  1.262937186840182e+09  9.501789746196161e+04 -1.912907051064421e+06
  1.262309039932599e+09 -3.127775914629042e+06 -5.758314333918375e+05
  1.264298339972443e+09 -6.577140722773422e+05 -7.736625414601639e+05
  1.262475748982007e+09 -4.665245804434705e+05  2.463221152959826e+05
  1.261916278040281e+09  1.001227343078352e+06  1.772912793537599e+06
  1.263576541920741e+09 -1.441813267615133e+06  9.204508992813694e+05
  1.263758258424050e+09 -5.224449757508354e+05 -4.491254428953588e+05
  1.263172320467506e+09  2.730053925431330e+06 -4.359355847576554e+05
  1.263656489505692e+09  8.035104490329233e+05  3.362299650391584e+05
  1.264008776107134e+09 -1.169767431468689e+06  1.810805667118712e+06
  1.264373041487056e+09 -1.765381284555122e+05  9.101365794092591e+05
  1.262272231271126e+09  3.041942219997230e+06 -6.356822057962996e+05
  1.266619019125756e+09 -7.834475496762528e+05  8.580379486211672e+05
  1.262148705676519e+09  1.519197846873049e+06  1.021588957561083e+06
  1.261836123956688e+09 -2.821406018169531e+06 -5.252104833652613e+05
  1.256409285648047e+09  7.617848779449397e+05 -2.544438927486248e+03
  1.265886249424809e+09 -3.159085192760475e+06  2.198551574996663e+05
  1.264694527001276e+09 -1.184611632417563e+06 -1.061752835463328e+06
  1.262899962852664e+09  8.413840356477180e+04 -2.716998145754457e+06
  1.259142546210731e+09 -6.095301704060894e+05 -3.445553733990275e+06
  1.263837693224006e+09  1.696210007452186e+05 -5.826978208528908e+05
  1.263532966842569e+09 -2.103624091267477e+06  1.319383409682373e+06
  1.263656402149987e+09 -1.945054412173472e+06 -1.132480140943523e+05
  1.262760324362431e+09  1.937918528886325e+06 -2.807402967666882e+06
  1.264008536120698e+09 -1.235691651610628e+06 -2.993933298713197e+06
  1.260871194154299e+09  1.575481298357452e+06  1.026457258923119e+06
  1.260379478721773e+09 -2.911820229247215e+05  2.546708212754074e+06
  1.264736568026506e+09  1.172087608129356e+06  6.105617677221596e+05
  1.266281946954722e+09 -2.268596297694267e+06 -5.813079171102592e+05
  1.264921073216470e+09 -5.524025361259220e+05 -1.121209187997038e+06
  1.261013472846380e+09 -3.914968881429819e+06 -2.719321640334370e+05
  1.266930178667649e+09  1.032888012732552e+06  8.188746959798601e+05
  1.263582690163741e+09 -2.332991586498385e+06  5.276755499627680e+04
  1.258679278504558e+09  3.887438466768452e+05  8.713527712595615e+05
  1.262772293180905e+09 -5.606311289924644e+05  2.321326470910518e+06
  1.259853729126252e+09 -2.022350199321300e+06  2.356497885402456e+06
  1.261495899002886e+09 -2.621219092298484e+06  2.180765475619015e+06
  1.260342879090563e+09 -3.415125846543984e+06  2.539547122324925e+06
  1.264397252429977e+09 -2.235416716675892e+06  2.398873328886612e+06
  1.263760074627018e+09 -5.680999682743723e+05  6.665440441201556e+05
  1.264809523906321e+09 -2.542933718031781e+06 -1.395094000718099e+06
  1.265438470564268e+09  2.705031988797643e+06 -3.220931156945272e+05
  1.263050409502038e+09 -7.148589085062179e+05  2.126501792702030e+06
  1.261743876762357e+09  1.041644593685118e+06 -5.749264642332112e+05
  1.263500851349313e+09 -1.317298726687944e+06 -3.497478804334168e+06
  1.262419714313649e+09 -9.274171296455865e+05 -4.345859456360342e+05
  1.261672425277606e+09 -9.696574738053560e+05  1.912433594167052e+06
  1.258830516787577e+09  5.743450867245473e+05 -1.940536590446107e+05
  1.263096365825224e+09 -2.606142223127550e+05 -1.139045218733585e+06
  1.267056894583211e+09  2.426182857043768e+06  2.880437439252200e+06
  1.263160749742144e+09 -9.141361310093387e+05  3.007983287498993e+06
  1.260819025554020e+09 -2.348423959916284e+05  1.620419323503322e+06
  1.264264172703393e+09 -3.893530503264948e+06 -3.728570684054180e+04
  1.263987684840391e+09 -1.694217897677271e+06 -1.045434154464610e+06
  1.258826011110641e+09 -1.234462746713189e+06 -1.447807396390192e+05
  1.263259782823251e+09 -1.820645380770631e+06  1.364225177767830e+06
  1.263245636846232e+09 -1.862276534107747e+06 -7.016966420920980e+05
  1.262672823837469e+09  1.248400084061375e+06 -3.376496186402614e+06
  1.265917818726995e+09 -1.045342639963341e+06 -1.981975885066388e+06
  1.264641511800790e+09  1.364217521233299e+06  2.753191232243867e+05
  1.267266922552869e+09  9.022185287110951e+05  2.294837723076035e+06
  1.262925430407881e+09  1.008127550155951e+06  2.336360126646841e+06
  1.265356377790395e+09  1.902734587904266e+06  7.668575309144435e+05
  1.263542163203613e+09  1.044502846580511e+06  1.186327771903560e+06
  1.259523154807379e+09 -1.158666349238883e+06  2.037219053580102e+06
  1.263964280797534e+09  2.963416730796719e+06  5.296087835438864e+05
  1.263527885859993e+09 -5.067811745622435e+05 -3.085941289292773e+05
  1.261950943343836e+09  2.627556551952829e+06  2.699522149136586e+06
  1.263818858509697e+09 -2.830946654358807e+06  3.789303751382139e+06
  1.261522632348784e+09  1.907368212028572e+06  5.512641315520441e+05
  1.265519542730164e+09 -1.844018023544644e+06 -5.600513221153221e+04
  1.263795454506803e+09 -8.155549469901854e+04  5.768386667736000e+05
  1.266508321016899e+09 -5.336806789545799e+05 -1.067942372972587e+06
  1.264249408217488e+09 -6.236154572322092e+04 -2.122731048310594e+06
  1.260052720942420e+09 -1.051351674516673e+06 -1.688988481223144e+06
  1.262395302012827e+09  1.219087925326462e+06  1.531722489021729e+06
  1.265459953722757e+09  7.210162578477395e+05  4.544719316095315e+06
  1.264555673742279e+09  1.971149529936661e+06  3.433884457467820e+06
  1.261838677629550e+09  1.710255936757563e+06  1.253071349305388e+06
  1.262451905468429e+09  7.261514543909593e+05 -1.607250607867313e+05
  1.265672125845266e+09 -2.583772796813649e+06  5.738202669504273e+05
  1.259696446635199e+09  3.317085030187325e+05 -7.532935466374841e+05
  1.259727039075402e+09 -5.844921520348594e+05  1.063149703766074e+06
  1.261304186144537e+09  3.275315609034556e+06  4.488469422262009e+05
  1.264264820522396e+09 -5.582680713511663e+05  8.214871486751027e+05
  1.263148338656035e+09  1.772375414753998e+06  4.547640239489703e+06
  1.259749011436703e+09 -1.362826137728093e+06  3.815723045798802e+06
  1.260998527149241e+09  1.286492630531585e+05  1.009308401266721e+06
  1.264464059280843e+09  1.992336806556990e+06  1.446105110035069e+06
  1.263187418551848e+09 -1.233859276200316e+06  8.427850030561258e+05
  1.262771359613118e+09  2.257772282178957e+06  4.219670181056054e+04
  1.261873003882004e+09  1.146945316758309e+06 -1.525760492066426e+06
  1.261493124668186e+09 -8.812702167942086e+05 -4.389647885886108e+06
  1.264506022655293e+09 -9.210459431532226e+05 -5.052004335653853e+06
  1.264289449078126e+09  1.736269722945154e+06 -5.416256788143017e+06
  1.262525047031446e+09  7.404926242363899e+05 -5.355896088063015e+06
  1.265261273106273e+09 -2.278051706294410e+06 -3.221130912438903e+06
  1.264150767760387e+09 -1.101851447316700e+06  2.878278473493066e+05
  1.265276454085532e+09 -1.479453080915709e+06  2.063390244694869e+06
  1.264063593515096e+09  3.204274290477016e+06  4.385428413325696e+05
  1.263701424069689e+09  3.590523867014563e+04 -3.331660520017705e+06
  1.260869619094279e+09  1.398342817633253e+06 -3.504457894329347e+06
  1.260677438650065e+09 -5.708714060201875e+05  1.322909469958057e+05
  1.262422887435334e+09 -1.049371976862389e+06  1.553571774262357e+06
  1.263212769375535e+09  3.489153587650309e+06  9.110542364459389e+05
  1.262275564464100e+09 -1.086580596917890e+06  1.040661591922256e+06
  1.262383536134538e+09  4.842233549095023e+06  9.227225861186585e+05
  1.260423870331890e+09  1.063549746797951e+06  8.395555787625778e+05
  1.259939659776758e+09 -1.085336689878166e+06  1.252084450544986e+06
  1.263594556459276e+09 -2.419276812707281e+06  3.811959684370002e+05
  1.262038311606420e+09  1.199437569819132e+06 -1.173093059213567e+06
  1.262270636648353e+09  2.268916455284919e+05 -1.191909680330131e+06
  1.264868456204478e+09 -2.267653223749173e+06 -9.318008581619638e+05
  1.263017032162373e+09  3.099104845436219e+05  1.197302722221605e+06
  1.263390736986667e+09 -2.799726848333461e+06  6.723942604385110e+05
  1.262956419416281e+09  2.983336492205636e+06  7.299844764075718e+05
  1.262507076659390e+09  3.281311293395632e+04 -1.585944362153732e+05
  1.260882041159929e+09  1.969414396820360e+06 -1.165709637943549e+06
  1.265568362853563e+09 -1.782446064846877e+06 -1.207849468084172e+06
  1.261393936741118e+09  1.331314704344276e+06 -1.238667970063511e+06
  1.261554514479270e+09  3.195194649433182e+06 -1.215131979840590e+06
  1.264909596304455e+09  9.698320578272449e+04 -1.422322339047882e+06
  1.261103958478269e+09  2.638925634964917e+06 -2.669112040262490e+05
  1.264108270084852e+09  5.205987528184793e+05 -6.681939345404855e+03
  1.265954137539307e+09  6.910223349580995e+05 -1.745330806214517e+06
  1.262932677523092e+09 -1.972663641664565e+06 -1.333082957894765e+06
  1.263865183157781e+09 -1.327254902257770e+06  1.703607704875038e+05
  1.264707191034208e+09 -7.527902240967653e+05  1.587609905279939e+05
  1.266963460713346e+09 -3.318255953849338e+06  6.706462083186476e+05
  1.263920605275048e+09  2.482946340836837e+06  8.942350839097147e+05
  1.265269271579696e+09 -8.560668910748651e+05 -5.949224106558512e+05
  1.263981144421850e+09  2.899804601975010e+06 -4.853309931244618e+05
  1.262076473522782e+09  1.897760649154607e+06  6.129357251486485e+05
  1.260095032658942e+09  1.106442578862571e+06 -4.313568274967093e+04
  1.260567981633406e+09 -2.558015876568379e+06 -2.961341362692001e+06
  1.259998815124881e+09  3.568926823695958e+06 -4.390371765398312e+06
  1.261926483176054e+09  1.730703684535712e+06 -3.937576908886726e+06
  1.264178746101572e+09  1.685717009923508e+06 -2.035602013769793e+06
  1.261695583901703e+09  1.056393528132404e+06  1.001445871126058e+06
  1.261102168559307e+09  4.991164055458658e+05  1.210613586574913e+06
  1.263567491201108e+09  2.316012302595266e+06  2.509067904670321e+05
  1.261582752370240e+09 -1.621574722885611e+06 -2.561476183033212e+05
  1.264502803186083e+09 -2.100778215785864e+06 -1.370239413717554e+06
  1.264583853239112e+09 -4.932278901485690e+05 -7.514732414381477e+05
  1.266293940282729e+09 -2.651055798903394e+06  1.141579064911484e+06
  1.265615426073022e+09  2.500922031098212e+06 -9.246183239185693e+05
  1.262057421441595e+09  2.219966245316322e+06 -9.010375523659638e+05
  1.263853496182471e+09  3.787027421749520e+06  2.690643182100218e+06
  1.263994805129177e+09  2.270660998819900e+06  2.033009517507784e+06
  1.261138125852742e+09  3.029647163122772e+05 -1.553700922528563e+05
  1.261647998478577e+09 -1.846283109330955e+06  1.634527976252281e+06
  1.260151655418121e+09  2.823068778126007e+06  2.880253972041843e+06
  1.262578141189241e+09 -1.884042487789649e+05 -3.449008994009232e+05
  1.261782151036081e+09  2.209510500443832e+06 -2.336233838253797e+06
  1.265117745615231e+09  6.253730628353286e+05  1.733930633348966e+05
  1.263258131453240e+09  3.051456296626527e+05  2.115290402737717e+06
  1.259924856895000e+09 -2.780106876219113e+05  2.550795029273463e+06
  1.260282691344555e+09 -7.075515105996036e+04  2.104349233284139e+06
  1.261471176326782e+09 -8.058050969121652e+04 -7.506269244521532e+05
  1.264584963134235e+09 -9.068354807996460e+05 -1.016590966793044e+06
  1.265802196666492e+09 -1.088985625227537e+06  9.625633587958106e+05
  1.264489105868501e+09  1.683501193889936e+06  5.035399285907422e+05
  1.264407131211102e+09  2.389176977869657e+06 -7.850948799237964e+05
  1.262321437421785e+09  2.541362414337935e+06 -1.201332050908676e+06
  1.262432548965315e+09  2.209937950438971e+06  3.560345423176740e+05
  1.261158261221611e+09 -1.643592193895383e+05  1.970337067601984e+06
  1.263654613948448e+09  1.560833606254928e+05  4.205381574851501e+06
  1.265091997060825e+09  4.008794656711659e+06  4.485716529303947e+06
  1.260648533284052e+09  2.901778564004926e+02  1.838972509718238e+06
  1.262634637867686e+09  4.403877749457366e+05  1.158025760019477e+06
  1.265620974844091e+09  4.874394020629113e+05  1.307895360056668e+06
  1.263657512230178e+09  4.291886978700468e+05 -1.225900274789814e+06
  1.263606754938506e+09 -3.065190224045899e+06 -1.817688282281503e+06
  1.260743949958851e+09  7.909223219331321e+05  1.293669108730710e+06
  1.264002311964249e+09  8.759481525665107e+05  2.545147845458036e+06
  1.262708809232395e+09  3.466755271669953e+05  1.661331562909460e+06
  1.264192851320847e+09 -2.084328580416240e+06  9.947389612605772e+05
  1.259714821596381e+09  1.816074949447049e+06  3.572662589460569e+06
  1.263447004248710e+09  2.891532847257053e+06  8.776343589413553e+05
  1.265533217603207e+09 -2.309085856329698e+06 -5.229948320312193e+05
  1.262286572713871e+09  4.216811123651439e+06 -4.506492897285582e+05
  1.261795333862545e+09 -1.580595534126444e+06  1.593059516466794e+06
  1.266203875315265e+09  1.745113195716392e+06  4.171128823570301e+06
  1.263587329301572e+09  4.191601429793100e+06  2.074750511974928e+06
  1.266073913619745e+09  1.319946420235949e+06 -1.416619401077636e+06
  1.263778311183514e+09 -1.472629610826880e+06 -1.723449414894042e+06
  1.266123147389407e+09  1.539505285773214e+06 -1.189277326549679e+06
  1.264855989725177e+09  1.303398462998179e+06 -2.762083939000619e+06
  1.262203166873367e+09  1.500745029279438e+05 -5.122215042208837e+06
  1.262332589008860e+09  5.095668415666859e+05 -4.660705811972628e+06
  1.262941230874924e+09 -1.023209347875380e+06 -3.088034196670943e+06
  1.261310631109265e+09  1.100283346019381e+06 -2.024653748541674e+06
  1.263053741105773e+09 -2.180249719196735e+06  1.764616945186963e+06
  1.260389895098422e+09  6.904219472592722e+05  9.733036959235047e+05
  1.260877457839025e+09  4.142485138944203e+06  2.178043721012511e+06
  1.263632034636136e+09 -5.099922106594346e+06  1.704660655853803e+06
  1.261246981014774e+09  3.984220132086540e+06 -9.488931645364163e+04
  1.264092890914735e+09 -3.137992073530694e+06 -4.058753660273270e+05
  1.264771870326369e+09  3.258581639722150e+06  2.638735921542395e+06
  1.262733786576827e+09  1.910488856473886e+06  3.369513054552821e+06
  1.262864715543010e+09  1.913439284688752e+06  6.613852111115823e+05
  1.262803724881958e+09 -7.598659897093533e+05 -1.989434058649291e+06
  1.262969035347271e+09  2.226500263740750e+06 -2.783115528366312e+06
  1.262069229165324e+09  2.321664829491343e+06 -1.585200577729812e+06
  1.265061923377916e+09  2.852733740076454e+06 -1.311066325317773e+06
  1.263852630430618e+09 -1.156199110938872e+06 -2.713990892055454e+06
  1.264884775353558e+09 -1.960935751930034e+06 -3.672116627058535e+06
  1.259929927991808e+09 -1.223217784191628e+06 -4.419751222358783e+06
  1.263603387718267e+09  1.418594484936392e+06 -2.683751766960735e+06
  1.256204106379694e+09  9.866912249536116e+05  2.781728045207197e+05
  1.266139438695573e+09  3.534052650290717e+06  6.502194015998791e+05
  1.265392521675257e+09 -4.666974266589098e+06 -1.024593642125690e+05
  1.263087801202154e+09  8.822601384776029e+05 -8.813142177544318e+05
  1.266293158796055e+09 -2.157097299362874e+06  8.612129748477909e+05
  1.259330858457096e+09  2.863542194458976e+06  2.376319148444016e+06
  1.260530432161550e+09  2.251546443024287e+06 -1.266157067138946e+05
  1.263747195410308e+09  1.836550463320991e+06 -2.828389656200821e+06
  1.258152104996142e+09  2.911482853049533e+05 -1.283603302773262e+06
  1.263875483053234e+09  5.975254168741211e+05  1.846564772930403e+06
  1.260236081258869e+09  4.302509888462609e+06  2.699163068942090e+06
  1.259832201493059e+09  1.979065350638877e+06  3.072573231636520e+06
  1.261587336743217e+09 -2.295070642761942e+06  3.063632318091465e+06
  1.265019900065108e+09 -1.114834869049017e+05  8.458286405821727e+05
  1.264310479922312e+09 -1.189824341138975e+06 -6.213855239770534e+05
  1.263987748468234e+09  2.921809125295811e+06 -3.136840525140687e+05
  1.264501707515573e+09  1.943611782413988e+06 -3.403364860828783e+05
  1.264116987698742e+09  1.457630164746630e+06  3.974352658752945e+05
  1.266740346779592e+09 -3.483516865517465e+06  1.242631163993303e+06
  1.261862681265316e+09 -9.511862595885817e+05  7.540069241702660e+05
  1.262450382399609e+09  6.902598750196563e+05  3.182463137232632e+05
  1.262207152878987e+09 -1.312210835042318e+05  4.299507067701868e+05
  1.262312113719965e+09  3.071187722672279e+06  1.179094655938616e+06
  1.264280801257435e+09  5.680056521568164e+05  1.484290465495851e+06
  1.264439470415215e+09 -6.906519880289423e+04 -6.257232488930158e+05
  1.260747209828310e+09 -2.045171313534878e+06 -1.371827197681020e+06
  1.261504979856056e+09  4.841660070048609e+06 -7.551697733171253e+05
  1.262793486605657e+09  2.055394247512149e+06 -1.150543713089879e+06
  1.261021827859822e+09  2.398236854670109e+06 -3.997822875287926e+05
  1.264584425489351e+09  2.185860128013636e+05  5.624914482536148e+05
  1.259367225859285e+09 -1.453825473347245e+06  1.443442467389787e+06
  1.263661522637882e+09  1.317082251837231e+06  9.565989054285564e+05
  1.265870305069138e+09 -1.263863937759702e+06  7.109108337258380e+04
  1.261428199374652e+09 -5.026890813135685e+05  5.369328362230323e+05
  1.266060272956822e+09 -2.024562726807324e+06  8.040140858760674e+05
  1.262624177766640e+09 -3.946684928285372e+05  2.961330999523355e+04
  1.265977812768662e+09  4.339033710098508e+05 -1.544077370789529e+05
  1.261273918361179e+09 -8.849060010970787e+05  6.720247421170805e+05
  1.262557114173198e+09  2.746970778693486e+06  4.375576958425983e+04
  1.259826967940509e+09  3.708325338838793e+05 -4.199490332472016e+05
  1.260252580662934e+09 -1.031538475877894e+06  1.305605233520153e+06
  1.262064317134452e+09 -1.697930301719226e+06  3.005565019918532e+06
  1.265043749525648e+09  4.342951308701646e+06  2.508931098619259e+06
  1.263334963555737e+09  1.399379842617101e+06  1.423985693233513e+06
  1.264106948796983e+09  4.849282300279359e+06  3.439630026873271e+05
  1.262187607426929e+09 -1.030056970436854e+06 -6.661732631586283e+05
  1.264751116858377e+09 -1.603139339467126e+06 -5.163607341857707e+05
  1.259234026612154e+09 -8.354412631703325e+05 -1.754075026861004e+05
  1.261390035337944e+09  6.386262720358849e+05  1.765092129356219e+06
  1.265729471558114e+09  1.659279087766484e+06  8.381892362833790e+05
  1.261950670449341e+09 -1.585792518661528e+06  1.619368172964256e+06
  1.262103696846095e+09 -2.451362910963678e+06  2.320349307041485e+06
  1.264468682639418e+09 -1.821622830080697e+06  6.160634133770816e+05
  1.263208954885536e+09 -6.199940805792548e+05 -5.786092168198135e+05
  1.264405951579894e+09  6.076589322666596e+05 -9.727258628392871e+05
  1.265116234342497e+09 -1.168644037714494e+06 -7.178326081628398e+05
  1.264525875733598e+09  5.334822564254820e+05  1.155107219518980e+06
  1.265737024400385e+09  1.653157021190300e+06  2.703675706381369e+06
  1.260954572836929e+09  1.836644790669139e+05  1.927201303358808e+06
  1.266175106986663e+09 -2.737238198309704e+06  8.887064306900643e+05
  1.262004474440680e+09  1.281193786529891e+06 -4.301598881784296e+05
  1.263166294394416e+09  2.883940746008050e+06 -2.418073736464913e+06
  1.259141011628022e+09  1.596175270508668e+06 -1.734538077784656e+06
  1.265380212902438e+09  2.947746939347560e+06  9.090032908236694e+05
  1.261865604859103e+09 -1.483831954558250e+05 -1.783111931459012e+06
  1.265352121657359e+09  1.669578113507304e+06 -8.850166477769953e+05
  1.259285466422250e+09 -2.621913276242545e+06 -2.281600156193489e+06
  1.264718674180731e+09 -9.661281739294900e+05 -3.034698135988803e+06
  1.263841874878227e+09 -6.323272578385068e+05 -2.700463721196051e+04
  1.263964707032823e+09 -1.759104798928196e+06  3.396407235837684e+06
  1.261543203873557e+09  1.273667083786919e+06  2.485768368403855e+06
  1.263566328607638e+09 -7.726538683593930e+05  4.923626096604015e+05
  1.261380218313396e+09  6.684740679452743e+05  1.111430325583670e+06
  1.262509806243459e+09  1.879596033563123e+05  1.413765469470072e+06
  1.263256685228503e+09 -2.497506607056195e+06 -6.853678992811812e+05
  1.265392462419636e+09 -1.615790191317816e+06 -3.071574762841513e+06
  1.263869820918047e+09  3.331718004808202e+05 -2.799837745549741e+06
  1.262735687552699e+09  1.282822276593932e+06 -1.340345831925974e+06
  1.264965337639373e+09  1.757400213518259e+06 -1.830406771343891e+06
  1.260494038811574e+09  1.295917632401776e+06 -2.781030383486117e+06
  1.261036964961973e+09 -2.329856103598197e+06  3.887599684469966e+06
  1.266093802190918e+09 -7.264585440027900e+05  2.006301281225448e+06
  1.260638315557333e+09 -2.300958964511939e+06  1.327939382476755e+06
  1.263207340673476e+09  1.377164474749782e+06  1.021470312756739e+06
  1.259563691247943e+09  9.376927784517559e+05 -1.270021515269620e+06
  1.264499281224959e+09 -1.574893434605276e+06 -3.790446798610168e+06
  1.261815097509764e+09  4.538149360753897e+05 -3.479757717640352e+06
  1.266742009560679e+09 -9.836481347024732e+04 -1.252393030871064e+06
  1.266023273762637e+09  1.786300963786696e+06  7.248264870993395e+05
  1.261844996112644e+09 -4.506397935375994e+05  2.924185326697525e+06
  1.258328573520975e+09 -1.743165133866025e+06  2.893262577264487e+06
  1.259797577798991e+09 -3.358858063532847e+05  4.629778191349012e+05
  1.261734819479868e+09  1.066479705920361e+05 -2.066878719772164e+05
  1.260064760114714e+09  8.652255559911479e+05 -9.107410273340462e+05
  1.257920854699476e+09  6.712374547333601e+05 -1.452531232164515e+06
  1.265872035394614e+09 -7.421327942207765e+05  1.963275911257035e+06
  1.267979962816928e+09 -3.323767590300227e+06 -2.855775289993383e+06
  1.262398193500117e+09 -1.912422459359217e+06 -3.611267179977885e+06
  1.261572114200369e+09 -3.492805927909907e+06 -2.562029956625135e+06
  1.265138832180461e+09  2.455670765201149e+06 -1.719277442050266e+06
  1.262702298790477e+09  5.287347296434945e+05  1.605084825851502e+06
  1.262140535802426e+09 -1.984638628531167e+06  3.284408234515412e+06
  1.263765408719096e+09 -3.556257079188678e+05  3.558511453037722e+05
  1.263207705968908e+09  3.514305477393883e+06 -2.192585528367467e+06
  1.261297133474171e+09  7.010025907241955e+05 -1.557087415195326e+06
  1.266314597970658e+09 -2.369627353280707e+06  7.131097536237020e+05
  1.262725709231356e+09  1.489947927179437e+06  1.462003317707363e+05
  1.267313427962731e+09 -2.985388635755747e+05 -6.531549784156880e+05
  1.265186543263044e+09 -7.542920193103910e+04 -5.430821138132418e+05
  1.262259997704352e+09 -2.728325607869320e+05 -1.131415589292959e+06
  1.260503036659845e+09  1.223913961656702e+06 -1.476778242584399e+04
  1.261774267123142e+09 -1.433488394878543e+06 -1.154235251628876e+05
  1.261221437906929e+09 -5.284908431920573e+05  4.382866636382039e+05
  1.262162963060174e+09 -2.111379600392958e+06 -1.527984907146388e+06
  1.261971502731530e+09 -3.628784474824952e+06 -2.974166222015314e+06
  1.265923569602393e+09  8.698230838289789e+05 -2.747325228460076e+06
  1.262814768267130e+09  1.171729708961961e+06 -1.455542907231458e+05
  1.263673693722523e+09 -1.501821096443362e+06  6.817477108621281e+05
  1.262993488721717e+09 -1.290754517819522e+05 -2.106302372642436e+06
  1.260676102174999e+09  2.905718896616013e+06 -2.105079497376687e+06
  1.262374053593183e+09 -1.252810180665297e+06  1.483517695494078e+05
  1.260621641040191e+09 -3.723553849490333e+06 -9.997695721911184e+05
  1.263412381854897e+09  4.462428252819958e+06 -1.008519817795835e+06
  1.266307161248875e+09  1.836478246082927e+06 -5.079221933147719e+05
  1.268026980333102e+09  1.024510795088251e+05 -1.682320573768651e+06
  1.263570229933755e+09 -2.393106391913580e+06  3.823026837292988e+05
  1.263775643979108e+09  2.485454328129892e+06  2.798382550432159e+06
  1.264078497719668e+09 -2.498520667539927e+06  2.292188710572368e+06
  1.260440539174840e+09  2.189069751277392e+06 -2.295091676735528e+06
  1.260607962580445e+09 -1.344297500484342e+06 -2.240390019885933e+06
  1.264128156194479e+09 -1.948187478230150e+06  8.604692892855953e+04
  1.262734921515877e+09 -3.170800284890650e+05 -1.796855016896606e+06
  1.263659351829404e+09  2.109400844278101e+06 -5.210845368249580e+06
  1.260267908232551e+09 -2.088341790519640e+06 -3.441839212990385e+06
  1.260069115806751e+09  4.346086272731707e+05 -3.256033237776430e+05
  1.264320236023372e+09 -1.408790232841716e+06  1.074309333356797e+06
  1.261780671278574e+09 -8.718894866320892e+05 -4.319861666822977e+05
  1.263260902009211e+09 -2.262162662039427e+06 -1.651699492427371e+06
  1.262012899430490e+09  4.243513635536054e+06  2.506122278515197e+05
  1.261203241060172e+09  2.431550584749836e+06  2.837027527635432e+06
  1.262739804315000e+09 -2.855819146460117e+05  3.821370379941007e+06
  1.263867611335553e+09 -2.855623607276892e+06  2.066987653113944e+06
  1.262966939830407e+09 -5.273023531076820e+05 -4.804756659880957e+05
  1.263352924291474e+09 -3.758484020989382e+06 -1.433513436618184e+06
  1.264001982025236e+09  2.084097175350671e+06  3.804090063361687e+06
  1.262198079683375e+09  1.029155373452784e+06  3.122668230227033e+06
  1.268003629785321e+09 -6.329886517065525e+05  5.100196074224409e+05
  1.262764983223746e+09  7.543671812358628e+05  7.929164329125002e+04
  1.260061498379544e+09  7.638690377668485e+05 -4.206903855183143e+05
  1.261844029722824e+09 -2.488541549186570e+06  1.191388780788134e+06
  1.261682109609426e+09 -6.057752319249678e+05  2.617024223660286e+06
  1.260872993415007e+09 -2.442006064462767e+06 -1.544742384176926e+05
  1.263066299934301e+09  6.232585152073263e+05 -2.495632973550968e+06
  1.264189765003314e+09 -5.604358444089257e+05 -2.573680320248812e+06
  1.261387731485103e+09  1.324005333875640e+06 -2.417407609945539e+06
  1.261496143753588e+09 -5.975084676935559e+05 -6.174525753062562e+05
  1.263957258740912e+09 -1.150608679071260e+06  2.692247598966167e+06
  1.262270865587226e+09 -4.305020026777877e+06  3.422880585315956e+06
  1.264134611538135e+09 -2.994130924765097e+06  3.072964524312031e+05
  1.265487096385122e+09 -3.255625066187430e+06  1.263248711769775e+05
  1.263707410832044e+09  6.303727727850848e+05  1.191201259429026e+06
  1.261139152787890e+09  1.432764413703960e+06 -1.140954791020199e+06
  1.264024334413507e+09 -3.866731809498547e+05 -2.743961237565992e+06
  1.262026791199714e+09  1.392902780070610e+06 -1.889403237761182e+06
  1.263478846959932e+09 -1.279781970997058e+06 -7.061838189011271e+04
  1.263992749143410e+09 -3.108548096104458e+05  9.261830976264311e+05
  1.264005427278595e+09 -1.404111428786820e+06  1.512539767750372e+06
  1.262067990357257e+09 -1.518014586418056e+06  7.247952242610424e+05
  1.263500636226079e+09  6.557392539096673e+05 -1.422639971183487e+05
  1.260717738100274e+09  5.612356893693482e+05 -2.774345738662111e+05
  1.264369873863757e+09 -1.283332736809087e+06 -5.311349878334004e+04
  1.264270624368808e+09 -2.008801493707209e+06  8.928691223266565e+05
  1.260466359451822e+09 -6.958625912014240e+05 -9.145959536925657e+03
  1.263903720817841e+09 -6.009111624242919e+06 -3.074800187019580e+05
  1.265423938993490e+09 -1.088717151867043e+06  5.099426865622072e+05
  1.265455456416503e+09 -1.685012512893502e+06  1.266005815981216e+06
  1.265028553933074e+09  1.360219632114699e+06  2.879134401881211e+06
  1.264397230168244e+09 -5.771050377965716e+05  3.116046673116046e+06
  1.261656453178492e+09 -1.199436517029176e+06  3.008563038297369e+06
  1.263575823981759e+09  8.124550237118180e+05  1.796621256815518e+06
  1.258231059458370e+09 -1.501194397466074e+06 -8.464997726863581e+05
  1.264298974967006e+09  2.125398179895374e+06 -2.372312392871204e+06
  1.261438230700878e+09  1.579916745107428e+05 -7.673116799169241e+05
  1.261611001273660e+09 -1.817311405728551e+06  2.328751502031756e+06
  1.264475010906703e+09  4.495357212760857e+05  1.763321022540627e+06
  1.263061117170725e+09  7.924867574361720e+05 -4.089081856267623e+05
  1.261894281302142e+09 -3.188156465399762e+06 -7.224269776550655e+05
  1.261136782982226e+09 -5.590090693151241e+05 -7.232602883334558e+05
  1.262629029706047e+09  2.483144332288124e+05 -5.901594187908996e+05
  1.264280737905191e+09 -4.657211134632254e+06  7.318196346931383e+05
  1.262808557162560e+09 -1.711808279047887e+06  1.074793637947190e+06
  1.265117700589956e+09 -1.435976750707196e+06  1.330656051791197e+06
  1.266440016753631e+09  3.071676762847634e+06 -2.039069988729428e+05
  1.264494838541931e+09 -1.879022349933813e+06 -1.897305917022286e+06
  1.261613014709846e+09 -8.515253752704744e+05 -2.506231917941662e+06
  1.262534289472553e+09  1.533108358392596e+06  3.625420524820352e+05
  1.262819033769230e+09  6.728095514254202e+04  1.926350930287171e+06
  1.262494689424045e+09  1.526378710189112e+06  1.944427146569133e+06
  1.258653116174963e+09  1.862790225824642e+06  2.135725561834820e+06
  1.261065653934049e+09 -1.309769722532614e+06  8.320017305358037e+05
  1.262662876418750e+09  8.762088376849003e+05  9.195147914420182e+05
  1.263082747483070e+09  5.959133192396924e+05  3.868839858024768e+06
  1.262375489563622e+09 -3.270632543084238e+06  4.461682421873761e+06
  1.261952913366190e+09 -1.169804776150860e+05  1.731312368878862e+04
  1.263125503788228e+09 -9.179431009469618e+05 -3.267510995097186e+06
  1.259374519210478e+09 -1.463678800822939e+06 -1.527161258698677e+06
  1.264176783658264e+09 -3.851748786228402e+06  2.424848016855377e+05
  1.263879281164225e+09 -1.152919092898263e+05  1.074518596305606e+05
  1.264528767906455e+09  3.647806057839303e+05  2.091440432040021e+03
  1.263765555210037e+09 -2.111808289504872e+06 -3.185963191626603e+05
  1.264036483396797e+09  4.844600859479891e+05  1.147573012711423e+06
  1.262053104272434e+09  1.403404324409303e+06  6.857822631197575e+05
  1.262809803191991e+09  1.691382635895928e+06  5.992571007203786e+05
  1.264870681193440e+09 -9.681718843242332e+05  1.631246488276803e+06
  1.264956524096010e+09  1.893642949296825e+06  2.611026352970998e+05
  1.262365769837046e+09 -5.201743831657253e+04 -2.583686448289788e+06
  1.263858376272894e+09  1.837655272342457e+06 -3.883871298007878e+06
  1.266556229280747e+09  1.331537926904849e+06 -1.729256660712189e+06
  1.262444397130943e+09 -2.048493174810191e+06  3.175720230610328e+05
  1.264053622330341e+09  1.232564083085378e+06  7.759357494342697e+04
  1.260547575302237e+09 -2.867633988697465e+06  1.849282465611876e+06
  1.265049596331472e+09  2.427972764423186e+06  2.802680804379929e+06
  1.263245804003921e+09 -2.610182167852505e+06  1.641171824922743e+06
  1.267527600487670e+09  2.682875665087392e+06  1.368415502193371e+06
  1.261278409535545e+09 -2.358613094620526e+06  2.161239735766763e+06
  1.263329198056958e+09 -1.527095524484128e+06  2.104944848605547e+06
  1.266537954166391e+09  6.531308789917465e+05 -1.157715840934160e+06
  1.260134869400464e+09 -7.776390409593860e+05 -1.666726279959005e+06
  1.261439942328358e+09  1.603172356650782e+06  9.105110754611008e+05
  1.265176986704874e+09 -1.210068360906549e+06  3.036034036973708e+06
  1.264177669113221e+09  1.362487092101913e+06  7.858537288164063e+05
  1.266403400344597e+09 -3.778949740765590e+05 -2.920492380199262e+06
  1.261718304907842e+09  2.444390022876628e+06 -2.470980388337376e+06
  1.265576195666285e+09  1.347592622616888e+05 -1.488899843780671e+06
  1.265033217269498e+09 -1.101215603509589e+06 -1.003329799399988e+06
  1.264296337081695e+09  3.189249723064887e+06 -1.176164193909584e+06
  1.262501891582907e+09 -1.462048536696839e+06 -2.137406427271862e+06
  1.263803187058764e+09  2.349431948273174e+06 -9.637016668579084e+05
  1.260259317801209e+09 -1.082987193588429e+06 -2.966920266357289e+05
  1.262775659302707e+09  2.693116489524626e+06 -1.335144634081980e+05
  1.260603422374641e+09 -1.942495735970907e+06 -5.556058597700826e+05
  1.263531410292435e+09 -5.735632911041790e+05  1.087314763332760e+06
  1.264557347907379e+09 -1.059385711731773e+04  1.134253994512666e+06
  1.261370464212205e+09 -3.825757091669058e+05  7.751004016204409e+05
  1.264116775382884e+09  1.170783407043444e+06  1.809109195923046e+06
  1.263775564436384e+09  1.252209214180046e+06  1.991872863650562e+06
  1.260434588172199e+09  1.205350340880421e+06 -7.231715859606956e+05
  1.264258722425588e+09 -8.758857507239475e+05 -1.921629062458665e+06
  1.263795698861638e+09  2.206020037262908e+06 -2.358118073976935e+05
  1.261342614478519e+09 -2.231344679437387e+06  6.518042732499309e+05
  1.261482495213880e+09 -4.430105915291208e+05  1.497408035466969e+06
  1.266749573899402e+09  1.519426182750269e+06  2.067916967556127e+06
  1.263492288819132e+09  4.246518543698415e+04  2.635733098984251e+06
  1.263760796987273e+09 -1.964523795374109e+06  3.718848225564595e+06
  1.264625562677427e+09 -1.182495356618338e+06  1.577024700416580e+06
  1.266287962110994e+09  9.446704727536737e+05 -1.232288660340853e+06
  1.257197820705345e+09 -2.100780904657846e+06  2.508751930660297e+05
  1.264859928690820e+09 -6.285571490454780e+05  1.345489165811003e+06
  1.264222647048918e+09  3.700242111255330e+05  3.359883818844952e+06
  1.263011732624747e+09  1.756311206127621e+06  3.304300167010322e+06
  1.265935655322697e+09  1.580468160385510e+06  6.975745616062897e+05
  1.261247099306568e+09  2.527865599098874e+06 -1.402763727826221e+06
  1.265585317169956e+09 -1.193986127952307e+06 -1.114109713892497e+06
  1.262583003572615e+09 -7.987646650946785e+05  1.788690265013342e+04
  1.260392480142305e+09  1.385752862488792e+06  9.366274720669223e+05
  1.262672169884485e+09 -2.926887950013611e+06  1.503580593489747e+06
  1.263669094335204e+09  1.908909447710298e+04  4.585104605391700e+05
  1.259450837693191e+09 -2.206190028623316e+05 -4.566639543243662e+05
  1.261382177768961e+09  5.060282696092278e+05  3.889302562877137e+05
  1.261748732899586e+09 -3.126906680072022e+06  2.178049262022620e+06
  1.261719057046110e+09 -4.800046487499745e+05  2.964919420645068e+06
  1.264916351616688e+09 -2.590921574369987e+05  1.453333060331554e+06
  1.262456808572841e+09 -2.180218576130838e+06  1.839250649161767e+06
  1.260927602609957e+09 -2.327438063432576e+06  1.295093956067527e+06
  1.265345225446703e+09  1.701153852736694e+06 -3.193641324624283e+05
  1.262114659793222e+09  7.613776046534632e+05 -8.962927629924652e+05
  1.262670356142395e+09  1.944234093722682e+06  9.467336593799035e+05
  1.262269564529036e+09  2.522807242980477e+06  9.730386259885865e+05
  1.263454527617789e+09 -2.800372132781900e+06  8.300355515684336e+05
  1.263875246176544e+09 -2.416609954337822e+06  1.777682409384122e+06
  1.263928344738252e+09  8.152235835782641e+05  1.597560555859280e+06
  1.259382874818456e+09 -2.069811450502880e+06  8.500114085166440e+05
  1.262733830952376e+09  5.148748431448138e+05 -4.210933703584166e+04
  1.261371167158310e+09  4.653896939855559e+05 -1.870969209570529e+06
  1.260301051211022e+09  1.966303014605414e+06 -1.249231443550990e+06
  1.265005554791290e+09  9.452732895661262e+04  2.188949199341259e+06
  1.259375351514515e+09  1.431543135279836e+06  4.128808835740547e+06
  1.262999217630450e+09 -1.433712017547017e+05  3.414170711924153e+06
  1.266043253956188e+09 -4.929120754826312e+05 -9.729966514241448e+04
  1.259715268074987e+09 -1.550265908917543e+06  1.056433377947242e+06
  1.267565367686484e+09  1.105009103319085e+06  2.949586568648812e+06
  1.263199176715597e+09 -1.932492793956145e+06  2.166559826309902e+06
  1.265486895898398e+09  3.799266170322957e+05 -1.684588444001366e+05
  1.260081945192133e+09  2.045756671123954e+06 -2.001642414301452e+06
  1.263528835673663e+09 -1.196593747787164e+06 -2.009338549345673e+06
  1.262686877571858e+09 -3.293537996209950e+06 -1.828928177490165e+06
  1.261387491907525e+09  1.138988020219518e+06 -1.228471387626002e+06
  1.261077963202703e+09  8.202061792593431e+05 -6.000732993181299e+04
  1.267847930062262e+09  1.462284376569737e+06 -8.430661571014030e+05
  1.263755911956342e+09 -5.358536145018645e+05 -5.629160665622015e+05
  1.260210877351187e+09  2.326798077465048e+06  1.407738226941805e+06
  1.261084522215126e+09  3.047704095016501e+06  9.690590402757736e+05
  1.263080218638792e+09  1.735239418735279e+06  1.417992770007704e+04
  1.257887601811510e+09  1.762001470340102e+06  2.863118634287869e+05
  1.261530876246227e+09  2.874077803291241e+06 -5.894158291205234e+05
  1.265695158657113e+09  2.847741691276968e+06  7.242731816652825e+05
  1.261472243085067e+09  1.650048295935999e+06  9.294121350001229e+05
  1.262607251140605e+09 -7.536175427982295e+05  1.415828973071642e+06
  1.262516777545101e+09  2.519568244508881e+05  2.746117230597493e+06
  1.263522218551628e+09 -1.144963230170627e+06  2.266392875881294e+06
  1.265186098673741e+09 -7.920851911095083e+05  5.247959021641993e+05
  1.261511990442093e+09 -9.752173187340512e+05  2.550501277558585e+06
  1.263608199480260e+09  3.216593490710174e+06  3.787419524111653e+06
  1.265142502536581e+09 -2.534307044306314e+05  1.915542589174036e+06
  1.260388850647312e+09  2.010395253064447e+06  1.356972969136062e+06
  1.266550994937685e+09  2.770212279087210e+05  2.538457933962060e+06
  1.260497531937504e+09  8.958364918341013e+05  3.973799506139407e+06
  1.265396684999907e+09 -1.722109066188349e+06  2.546974139106919e+06
  1.262444704569581e+09 -1.870981806687528e+06 -5.180784390323616e+05
  1.264286157117809e+09 -3.878454455659749e+06 -1.746947971423571e+06
  1.260225543815732e+09  2.146038896471372e+06 -6.315507020742726e+05
  1.264952823225903e+09  1.290270060830498e+06  2.607667190637814e+06
  1.260253257335305e+09 -1.532046816766856e+06  1.959448454936426e+06
  1.266881651372588e+09  1.836082384442297e+06 -1.138261094826642e+06
  1.264713012249034e+09 -5.241069010028554e+05 -6.275333143862868e+05
  1.263262115185811e+09  7.626168709719992e+05  7.912638530794687e+05
  1.261670622316445e+09 -2.395465053016685e+06  2.034592090591065e+05
  1.263348525209247e+09 -2.021989470576901e+05 -8.694605498231279e+05
  1.263875250143528e+09  3.183964772619001e+06  5.848710796701871e+05
  1.263087521505708e+09  7.342959555339573e+05  2.909912147198722e+06
  1.260007685768794e+09  9.135922550608973e+05  2.588639608867163e+06
  1.265978159498803e+09 -1.515880890097637e+06  1.520895742374533e+06
  1.261538652469227e+09  2.190582116581619e+06  1.893189327587913e+06
  1.265240240174279e+09  9.935056541680425e+05  1.069009388151538e+06
  1.263380073838667e+09 -2.915763907080315e+05 -2.551371677006623e+06
  1.259551523045392e+09 -3.520716618891865e+06 -3.471874690139553e+06
  1.262180302493475e+09  2.416575702173105e+06  1.194192051772640e+06
  1.266246266915766e+09  1.618667566527991e+06  3.691128259087442e+06
  1.262656125920426e+09 -3.289711945385894e+06  1.601863629570804e+06
  1.265388366733334e+09  2.481248999189031e+06  1.260610681579811e+06
  1.258560054382691e+09 -8.732333975252484e+05  3.245281862802539e+06
  1.262659439046388e+09  2.420610635358530e+06  1.008372317389396e+06
  1.264502920146079e+09 -5.054230702787871e+05 -5.910389169422847e+05
  1.266492575474125e+09  9.453564334709382e+05  6.214790351191396e+05
  1.267659509503686e+09  1.812846537715568e+06  5.414555669080889e+05
  1.260432844419669e+09  6.607286771311775e+05 -7.138707218726799e+05
  1.259966080347001e+09 -9.984498485529559e+05 -1.154405469974834e+06
  1.260793000659849e+09  2.810382154378411e+04 -1.576222503763270e+06
  1.264394344973445e+09  4.909486681478539e+05 -3.233903234338574e+06
  1.260734175790202e+09  2.110367238223280e+06 -3.481711458187574e+06
  1.259473881172241e+09 -2.236467701088978e+06 -2.094511149832650e+06
  1.265258234129097e+09 -2.416492709494879e+06 -1.300851269387292e+06
  1.265230439593978e+09  1.709508656709441e+06  2.501495987661522e+06
  1.264308663930854e+09  3.029747635587063e+06 -2.192228048943171e+05
  1.262917180606814e+09 -3.028006140233221e+06 -1.090900921612501e+06
  1.263939583759493e+09  5.638166750247744e+05  8.547508293005379e+04
  1.265475922624270e+09  1.566711280383546e+06 -6.454791936344897e+05
  1.264806322587267e+09  3.509868172385828e+06 -6.902115702701445e+05
  1.261416444872141e+09  6.547604966715116e+05  6.824063061134415e+05
  1.264046044357324e+09  6.900942608619044e+05 -5.291592344683418e+05
  1.262043894130073e+09  1.712719599017436e+06 -2.476535149275486e+06
  1.266333235256693e+09  2.821945222389149e+05 -2.167860571612267e+06
  1.263122386571905e+09 -9.955286447420365e+05 -2.791765070320059e+06
  1.263251223044227e+09  1.953192416530299e+06 -4.052301799809470e+06
  1.262541963764894e+09 -1.799758137226922e+06 -2.491458057606932e+06
  1.260292575278285e+09  6.450647568874933e+05 -9.725920061182796e+05
  1.259777942298327e+09 -3.695127784233336e+06  1.497734070337723e+06
  1.262316118034038e+09 -3.060084182898279e+05  3.731370875906359e+06
  1.261594105441816e+09 -1.340560694914261e+05 -2.623095603914656e+06
  1.261922184333611e+09  2.540104809912127e+06  2.726791939341054e+05
  1.262450052248921e+09 -1.422980058370175e+06 -3.300099584181549e+04
  1.268596288823472e+09 -3.196645876111254e+05 -8.592518179330542e+05
  1.264372734487646e+09  3.563623796598776e+06 -1.068126372719079e+06
  1.263502530781882e+09  2.980629765529809e+06 -1.358629135721065e+06
  1.263270431286129e+09  1.093581956778893e+06  1.821055428629061e+05
  1.258135644896827e+09  8.110129608464367e+05  1.799365350396643e+06
  1.259724380664554e+09  1.250999003606877e+06  2.777520509541443e+06
  1.259214431819007e+09 -1.139527429236851e+06  3.382735226197178e+06
  1.266663586526121e+09  1.447054736249745e+05  1.935507669372540e+06
  1.266687605342978e+09 -3.059229149384459e+04  6.026362918840954e+03
  1.268950448436996e+09 -1.764015681211871e+06  4.303699568713314e+04
  1.264287856312201e+09 -1.178255263453617e+06  1.086090901567301e+06
  1.261910177931939e+09 -2.500125055373704e+06  5.104776766254522e+05
  1.264008915696486e+09  1.155487838057675e+06 -2.604590659745941e+06
  1.264159772955136e+09 -3.440215665045992e+05  9.575667038122434e+04
  1.262348269500168e+09  1.868469255899049e+06 -2.692802166710928e+05
  1.264262039036583e+09  3.742177987258967e+05  2.240191207386815e+05
  1.262043410803650e+09  3.674352710317557e+05  9.036200478352258e+05
  1.264693629638283e+09  1.594414663754624e+06  7.826197811658913e+05
  1.260119046249625e+09  1.214744443014222e+06  2.807562185860773e+05
  1.260260198730266e+09  7.951275112298575e+05 -3.993191948983649e+05
  1.263139549156334e+09  2.187115824239047e+06 -3.264689914154283e+05
  1.262775627593903e+09 -2.149715765648075e+05  1.720513978522220e+06
  1.263601459615710e+09 -1.587394733601485e+06  1.506938357056460e+06
  1.261217339550354e+09  1.846954328863478e+06 -1.599458930246279e+06
  1.260476067971564e+09 -5.248424619986818e+05 -1.466890411134743e+06
  1.263814666479288e+09 -1.014202299118757e+06  2.118767591928604e+06
  1.262910006345630e+09  1.010457992211062e+06  4.863071708798800e+06
  1.263000970439112e+09 -4.468064399729769e+05  4.352504265148437e+06
  1.264088120848953e+09  1.352139580286567e+06  1.803656569684529e+06
  1.264418974954105e+09  1.966132861217876e+06  2.626232794916325e+06
  1.257902703317845e+09 -3.513258918947835e+05  1.062134496037210e+06
  1.268667720197212e+09  1.077579494479804e+06  5.162768813721969e+05
  1.261807728686399e+09  6.620685117075888e+05  1.614023449257128e+06
  1.261647989799164e+09  7.005787670345850e+04  1.178710115261959e+06
  1.260341967519442e+09 -2.686534237943404e+05 -2.625246093361472e+05
  1.263032877801400e+09 -3.145418164384004e+05 -9.839357188243347e+05
  1.261206064810412e+09  2.130406261958770e+06 -4.795174870924864e+05
  1.265066943287213e+09  7.485727888191545e+05  1.045357193416070e+06
  1.265152377903687e+09  8.381014620217158e+05  1.016258221687196e+06
  1.262670837339079e+09  2.878154137773856e+06 -1.157871719269414e+06
  1.263744554041469e+09  2.422611092737351e+06 -2.674165540291260e+06
  1.263088576259864e+09 -7.641135999751887e+05 -2.150826386736707e+06
  1.262089021306554e+09  1.779332758984947e+06 -1.307839910807823e+06
  1.264836808951915e+09 -1.345191436952294e+06  1.372692546277003e+05
  1.264558077350091e+09 -2.899135255617723e+05  2.242843795309172e+06
  1.263439287219457e+09  2.585112503503212e+06  9.340648437172836e+05
  1.261575225880297e+09 -4.492908091004391e+06  7.174172005362691e+05
  1.264529124127929e+09  1.592040854019613e+04  1.975094375356962e+04
  1.260835869998749e+09  7.612994197629651e+05 -1.816545905174254e+06
  1.263344186533660e+09 -5.700982985619545e+05  4.695397140776754e+05
  1.263978514227186e+09  1.748500133607613e+05  7.985482491709538e+05
  1.266530371134507e+09 -1.404182164903832e+04  1.190106296319860e+06
  1.263480901589795e+09  4.154536128354967e+05  4.150540414923217e+06
  1.262073844546408e+09  2.876303400064313e+05  2.802371077796180e+06
  1.262879672390881e+09  8.282079010070702e+05 -9.766706603012641e+04
  1.264967100754872e+09  2.457372896065710e+06 -4.896757196357308e+05
  1.263227282228032e+09  3.173844949680716e+06  2.852048967977001e+05
  1.262146187260721e+09 -5.341934337677342e+05 -6.326385180736735e+04
  1.263373911638706e+09 -4.137903709569403e+05  2.948757640633711e+05
  1.263015654629969e+09 -1.896736307607329e+06  2.593432779630231e+06
  1.265330931005505e+09 -7.033989520028727e+05  3.123952529565522e+06
  1.264817380582989e+09 -3.995065257795558e+05  1.846648684511636e+05
  1.263895698506971e+09 -5.426361518725397e+06  1.781810751628590e+06
  1.262993845521484e+09 -1.055185530379147e+06  1.800499206130675e+06
  1.266586812903619e+09  8.539137090514778e+05  4.108853619697504e+03
  1.258970775495916e+09 -2.217962783358077e+06  5.930552735800451e+05
  1.265166520067727e+09  1.675878698406527e+06  1.756490975001633e+06
  1.265148417786505e+09 -2.345956127886935e+05  6.942964145721834e+05
  1.261214942875357e+09  2.448815115043364e+04  1.629794551975931e+06
  1.264524886952776e+09 -4.015333525931482e+05  1.642506668634356e+06
  1.264555148828310e+09 -1.167650861923186e+06 -3.332353315675362e+05
  1.263348945238353e+09  2.240551866636591e+06 -1.504671309850246e+05
  1.260968666864944e+09  3.801866839856569e+05  1.593879983764206e+06
  1.260677929501098e+09  1.538944143767516e+05  2.267535407876329e+06
  1.263990329706962e+09 -3.382398895551637e+05  1.015128814395230e+06
  1.261167219380432e+09 -8.610388207041037e+05 -9.395403860029633e+05
  1.265206836744268e+09  5.406767677141638e+05 -1.355428276561110e+06
  1.263704481868151e+09 -2.212717494677929e+06 -1.709794114251304e+06
  1.265388618184351e+09 -3.739399121889081e+06 -1.302892790765774e+06
  1.261821954381376e+09  6.616879494135508e+05 -1.942037165756566e+06
  1.262059795637425e+09  2.001821032964323e+06 -2.074935387296457e+06
  1.261885849781975e+09 -1.680540224634588e+06 -3.792632004564558e+05
  1.262549489150594e+09  2.800096785294477e+06  6.623668914173965e+04
  1.262726247216090e+09 -2.213418029711916e+06  2.043067127620912e+04
  1.261661412510042e+09  3.008258696799905e+05  3.998431466937328e+05
  1.263102940212488e+09  4.412031242625579e+05  1.084808951934328e+06
  1.263725741372269e+09 -1.885777237289830e+06  1.050964522371161e+06
  1.263650210417261e+09  1.591671274749991e+06 -1.254259172024824e+05
  1.261171595301861e+09 -9.277436946490693e+05  6.385408931101589e+05
  1.262143020060255e+09 -3.053980173916965e+05  3.948658033576480e+06
  1.259722779450826e+09  1.292440610804698e+06  3.371737543930130e+06
  1.264856450198967e+09 -1.069175320670803e+06 -1.280079194012272e+06
  1.264229785369241e+09 -4.417683125705503e+05 -2.532196552075233e+06
  1.264125866195538e+09  4.372850410202995e+04  2.192266198527507e+06
  1.262434905961555e+09 -3.238942874266761e+06  4.336160338130374e+06
  1.264502612259579e+09  1.953259253060266e+06  3.020874588535505e+06
  1.262450488573015e+09  2.009941033001759e+06 -3.957484043225471e+03
  1.263690277381811e+09 -9.664445079439199e+05  9.133214512771927e+04
  1.265238321817566e+09  2.559746738852460e+06  1.437313698554026e+06
  1.265962825282116e+09 -2.707628368496211e+06  1.109195579940558e+06
  1.263074285948430e+09  6.510577761646265e+05  1.843286932122422e+05
  1.262865931934212e+09  3.639879820099637e+05  1.778944504916597e+06
  1.265582523336268e+09 -1.263403319728942e+06  3.315222366372798e+06
  1.262520671001990e+09 -8.497352909583612e+05  2.253598010383591e+06
  1.263843232839322e+09 -5.277688231551754e+05  1.042977694288034e+06
  1.261107574870588e+09 -3.277344092806524e+06 -4.253074470578889e+05
  1.262033976168267e+09  1.275870301263449e+06 -1.327462438958024e+06
  1.262466252673654e+09 -9.783062163890335e+05 -6.220904860680717e+05
  1.265960194703882e+09 -3.477292922457598e+06  4.142302267485005e+05
  1.264938869685683e+09  3.372118693092160e+06  1.239822964445640e+05
  1.263286992110361e+09 -1.658160515525747e+06  4.505269631161835e+05
  1.265843747793151e+09  1.811702664384839e+06 -2.692666357309681e+05
  1.258662497711089e+09  3.001751087254932e+04  5.574708829411684e+05
  1.261493639007185e+09 -3.080575953140754e+06  2.138335095655478e+06
  1.264051709212683e+09  1.005346138523073e+05  1.399744225846166e+06
  1.263143994203307e+09 -1.326864536279026e+06  1.053926129710017e+06
  1.264779506594178e+09  9.605717154623242e+05  2.831976942396307e+06
  1.260251610002953e+09  7.144653857341358e+05  2.314664134084076e+06
  1.264203375048886e+09 -3.595868060277365e+05 -2.635913004691140e+05
  1.263564776844599e+09 -2.314378287941054e+06 -2.279770343435328e+05
  1.265819395917954e+09 -1.325987075531940e+06  1.600923156133326e+06
  1.263455636564145e+09 -3.685014120025895e+06  7.690355572145998e+05
  1.262206751008317e+09  6.403566536871332e+04 -4.581595883661181e+05
  1.261604611604120e+09 -1.621847648518785e+06 -7.339073514013975e+04
  1.262738748979467e+09 -4.737368266743874e+06 -2.895824737036588e+05
  1.260922226695752e+09  4.377735884702871e+06  1.792480650633547e+06
  1.263576766295133e+09  1.036381827155098e+06  5.032236247291588e+05
  1.263022706339184e+09  2.630214765258618e+06  6.061701847241420e+04
  1.263658582686419e+09  9.422445827000304e+05 -1.367658426247762e+06
  1.262279787110904e+09 -2.380368136637594e+06 -2.095028261420236e+06
  1.261323081226090e+09 -1.801916205451195e+06 -1.885639835895368e+06
  1.261625435476479e+09 -8.877889737031811e+05 -1.658529538041336e+06
  1.264041125141523e+09  5.673580500247884e+05  1.264659871507044e+06
  1.265106691009289e+09  4.186205617421654e+05  3.846239342883965e+06
  1.259435892146858e+09 -5.419262470630426e+05  2.845316186087152e+06
  1.263177964747706e+09 -2.393946176772518e+06  9.990779812957464e+05
  1.267853476188245e+09 -2.946216407253944e+06  5.780504980083652e+05
  1.262815883677913e+09 -1.900118780409714e+06  6.514114711053909e+05
  1.264530075713179e+09 -5.032511851985880e+05  5.197444756210092e+05
  1.267189899996314e+09 -2.011200578493772e+06  1.281203214775196e+06
  1.265384900255355e+09 -1.877891413356951e+06  2.419775485895554e+06
  1.263966985299812e+09  2.888399176897212e+06  1.136240680608998e+06
  1.261199576158133e+09  9.265442564120771e+05  6.341659611258227e+05
  1.261912255256201e+09  1.610698127189632e+06  8.940689328807311e+05
  1.263470354606877e+09  7.909442816610171e+05  6.310454477025308e+05
  1.264922442900182e+09  1.743109502136379e+06 -1.652788041167689e+06
  1.262026755499418e+09 -2.611296985363279e+06 -3.200496334056887e+06
  1.266811748665673e+09 -6.423702009341517e+05  8.152255204674907e+05
  1.263239895944996e+09  6.856453344163951e+05  3.510662451838377e+06
  1.262003589076259e+09 -1.314237367632302e+06  5.447458291073561e+05
  1.261646130749981e+09  2.091032710628709e+05 -1.355482520594135e+06
  1.266789689752129e+09 -1.326903480441606e+06 -1.594297460289488e+06
  1.261037738426796e+09 -2.029741167767862e+06 -6.147747516592965e+05
  1.262478253992465e+09  8.607885759516130e+04  2.271160562235911e+06
  1.262192842695177e+09 -3.167415210250288e+05  3.250328012860969e+06
  1.260972800748810e+09  3.200282973983340e+05  1.790063167451858e+06
  1.263405861106546e+09  1.530594130400136e+06  1.348970924077687e+06
  1.260696720018840e+09  2.566511306506403e+06  2.661125842815296e+05
  1.261276445313316e+09  8.831004848328319e+05  1.675959933107490e+06
  1.262950075734305e+09  5.206462868619129e+05  6.655317617099285e+05
  1.261919166368672e+09 -1.416232860715586e+06 -5.827287607178413e+05
  1.264548297058692e+09  3.596092522983290e+06 -1.324075961677679e+06
  1.265089682606220e+09 -3.217033648270736e+06 -3.078558401056092e+06
  1.265884287997387e+09 -3.602390750472901e+05 -2.914823470439369e+06
  1.263519174486838e+09  5.629450340994268e+05 -8.926722135537168e+05
  1.263430448214452e+09 -5.295332234093235e+05 -1.055144065081762e+06
  1.261189860237015e+09  4.378138037705554e+05 -1.567966156962374e+06
  1.262712414563660e+09  5.334745115624364e+05  6.342514482398529e+05
  1.262174746827395e+09  4.509528269780292e+05  1.290257887958353e+06
  1.261886831538653e+09  1.791908021866466e+06 -8.017244619983989e+05
  1.266789963657824e+09 -1.035195077799656e+06 -1.708449114574599e+06
  1.260989247454302e+09  5.691579159075241e+05 -2.140598869445612e+06
  1.265059906737562e+09  1.432673365341398e+06 -1.806314208613247e+06
  1.265224985154801e+09  3.566760601230469e+06 -1.989262912254556e+06
  1.263496347110098e+09  2.684802614508127e+06 -1.159282346206765e+06
  1.265071865972365e+09  2.149696570207465e+06  1.625638675290287e+06
  1.263830263435358e+09 -1.891514731235435e+06  2.209473729566053e+06
  1.263768313970332e+09  1.994808126337825e+06 -4.153457736529068e+05
  1.261507713493021e+09 -2.747114583056219e+06 -3.303470427281359e+06
  1.264663879418861e+09  4.335514826046849e+05 -3.544038965623397e+06
  1.266992849190299e+09 -3.201003214537144e+05 -2.585020555947303e+06
  1.260929866226783e+09  2.069779511158167e+06 -1.981035088801485e+06
  1.261487736902989e+09 -6.503374923821931e+05 -1.900595554693776e+06
  1.264849169315948e+09  1.392369584764185e+06 -6.663260659953724e+05
  1.263668903753288e+09  1.251456055084943e+06  3.670414872324624e+05
  1.259611271538324e+09  6.889004751770446e+05  3.102308815665742e+05
  1.264678493960123e+09 -2.886452971181070e+06  1.424476014990030e+05
  1.261293941813947e+09 -2.532912105468270e+06  3.008401731653238e+05
  1.260253715670357e+09 -1.984680197606737e+06 -1.298930104754717e+05
  1.261309337130824e+09 -1.038947085707571e+06  3.941289554815018e+05
  1.265978830378436e+09  5.366069789583303e+05  6.926390782367106e+05
  1.262314621348750e+09 -1.219171931783326e+06  1.013814692211620e+06
  1.262484296339719e+09 -1.693131348344909e+06  4.886019420448039e+05
  1.262212357407361e+09  1.959653193778580e+06  4.827166192074827e+05
  1.264136717205212e+09  3.701644865862717e+06 -1.956306212672528e+05
  1.265575164491149e+09  9.683290947715880e+05  2.603795324132750e+05
  1.259994913188803e+09 -2.313961718097764e+06  1.563020120896566e+06
  1.261989984338988e+09 -1.644144070318150e+06  3.350984993346219e+05
  1.262407238153212e+09 -8.468764824675415e+05 -1.121047607491215e+06
  1.262540025398470e+09 -3.734182663855163e+06 -5.667402120963101e+05
  1.264602319756496e+09 -1.324999046400634e+06  1.123501972846674e+06
  1.260121271357863e+09 -1.704912186050325e+06  1.267061345803463e+06
  1.264706381347422e+09 -1.162057280948771e+06  4.319660259168894e+05
  1.264352396622132e+09  2.536484250568653e+05  4.100893067392273e+05
  1.264489783645910e+09 -1.404502740488223e+06  6.134978279115736e+05
  1.261239391457746e+09  6.446447973316403e+05 -7.836979567872488e+05
  1.262608758482693e+09  1.596277377945566e+06 -1.480631279390715e+06
  1.262306491621663e+09 -1.913550106852464e+05 -1.334914980815161e+06
  1.265083472894111e+09 -1.715025773611213e+06  4.875946976421060e+05
  1.263660062818545e+09  2.992713113265323e+06  8.527345930656486e+05
  1.262910833487054e+09  5.798644800142966e+05  1.821657996690610e+06
  1.264084823851099e+09 -5.751999137432529e+05  2.814788768845672e+06
  1.262886304972034e+09 -7.130193779285412e+05  1.200196953493770e+05
  1.263217096352620e+09  1.496714825090734e+06 -2.720066598258945e+06
  1.261986328579294e+09 -1.029487012654337e+06 -2.326726532625023e+06
  1.259847034591346e+09 -1.029382232976854e+06 -3.589129323834005e+05
  1.266178574359993e+09 -2.356663374051495e+06 -1.959809235638550e+05
  1.260423750739225e+09 -7.530724329400952e+05 -2.295925926391442e+06
  1.266219221213248e+09 -1.617498561976602e+06 -3.346852813690322e+06
  1.263312650065166e+09  2.044934762022224e+05 -1.820704428103615e+06
  1.260366222014547e+09 -2.107674513527509e+06 -7.257803012399152e+05
  1.260613836895038e+09  3.761632868643312e+05 -2.102496021509239e+06
  1.264637264579434e+09  6.429718696188694e+05 -1.890883824561765e+06
  1.262224170138833e+09 -1.061115632284315e+06 -4.929096523909479e+05
  1.266168859580063e+09 -1.118741345031895e+06  3.392222094365161e+05
  1.260477221870953e+09  1.298229740817965e+06  6.072996033753377e+05
  1.262642620271600e+09 -1.186442967979460e+06 -3.463249715947796e+04
  1.264946309789008e+09 -1.983441276649418e+06 -1.183602442584301e+06
  1.265176129382562e+09 -1.137666698733965e+05 -1.987874713272164e+06
  1.267217178211262e+09  2.053430835095587e+06 -1.870106324247286e+06
  1.259608497750349e+09 -1.172008361901553e+06 -1.244011399925503e+05
  1.262206101591218e+09  5.564396812650124e+05  5.244066715135732e+05
  1.262902854452751e+09 -1.032335151823152e+06  6.646398924730445e+05
  1.266174912875913e+09  6.844133214985393e+04  1.541614240547284e+06
  1.262270883644715e+09 -8.157127014713647e+04 -1.037188317007263e+05
  1.260773892714610e+09 -7.258880401966991e+05 -3.208795350648222e+06
  1.263179133445558e+09 -1.384437933098773e+06 -3.046940371166290e+06
  1.262205328140227e+09 -1.425223607154312e+06  2.335901297544132e+05
  1.266020657476410e+09  1.110372827941810e+06  1.582135132178870e+06
  1.261191968349117e+09 -1.640258951218389e+06  1.532108729796390e+06
  1.261471095679734e+09 -5.888408712335095e+05 -2.068188538991889e+06
  1.264897817089545e+09 -7.873203065494420e+05 -3.374103683087112e+06
  1.264857118584443e+09 -1.236303702478145e+06 -2.161684610512970e+06
  1.259297672760814e+09  4.802707992406281e+05 -2.438309471637595e+06
  1.265714629222250e+09 -5.836321405148327e+05 -3.446660606630644e+06
  1.262613209698234e+09 -8.306660977976853e+05 -2.090134105525375e+06
  1.264603748484983e+09 -1.676129349512580e+06  6.524412614045596e+05
  1.265452381408341e+09  7.408128162304091e+05 -5.399820055791243e+05
  1.261116028333492e+09  6.283502295467721e+05 -2.888668096478813e+06
  1.260254696393712e+09 -1.761656682983432e+06 -1.090920486033090e+06
  1.261546773958084e+09  9.593943724785190e+05 -2.612595000504388e+05
  1.262043715379208e+09 -3.043296328314289e+06 -1.493330238973991e+06
  1.261372650966067e+09  6.380809689854188e+05 -6.691961722037912e+05
  1.263846030963737e+09 -1.797936089135274e+06  2.804405120009157e+05
  1.261018081385084e+09  3.385559526956570e+05  5.360057183794221e+05
  1.262848954575262e+09 -8.390101950829572e+05 -2.785842530851329e+05
  1.264852941210363e+09 -3.458927046966711e+05 -1.637723143517173e+06
  1.264613035316277e+09  4.283825012973766e+05 -6.947362839519521e+05
  1.263885616069103e+09  1.160739489447520e+05  2.004176145153883e+06
  1.263842282389598e+09  2.185427395085716e+06  3.429400800505545e+06
  1.260787155519796e+09  2.401978217891108e+05  9.525449700743604e+05
  1.260391299542564e+09 -6.846337303968440e+05  8.233926617265092e+05
  1.257251958950184e+09 -2.735478891756869e+06  1.663594561119736e+06
  1.266481845050911e+09  2.517864037589195e+06 -6.720096111129363e+05
  1.265025650351818e+09  2.347895306316168e+05 -1.256118016780235e+06
  1.265738536364698e+09 -4.635116085824391e+06 -1.080245691005212e+06
  1.262276827726893e+09  1.149415175373891e+06  5.192177002361137e+05
  1.262710367435827e+09 -2.239910098122097e+06  2.113850020746212e+06
  1.264847920848248e+09  1.838863234532387e+06  1.139810221157977e+06
  1.264710518452779e+09 -2.453902933351044e+06  7.648113038472175e+05
  1.263427457770927e+09 -2.968372883227788e+06 -1.438518854331133e+06
  1.264560527209552e+09  8.158538852829164e+05 -1.046276714227590e+06
  1.262921531974142e+09  1.639799041560360e+06  1.206841664728313e+06
  1.266598952438483e+09  1.923884570840767e+06  3.263068394808135e+05
  1.261556940641778e+09  1.378520601903107e+06 -1.661520051127262e+06
  1.260612962849709e+09  1.981256948985418e+05 -1.048275102552583e+05
  1.262058678336885e+09 -2.984771979109870e+05  1.737071558303659e+06
  1.263160917468037e+09 -3.784464957393625e+05  9.347074343085372e+05
  1.263210341083917e+09 -1.207993600144585e+06 -6.586548764969587e+05
  1.260849821640254e+09  3.656028215541538e+06  1.841012571984460e+04
  1.259339435288737e+09 -4.851809938647087e+04  8.920582656605267e+05
  1.263494455558949e+09 -3.927901004569451e+06  1.076225416905619e+06
  1.262523891374657e+09  9.822870797646950e+05  2.503087447249101e+06
  1.261388969581949e+09 -3.585153274906566e+03  3.213917134461641e+06
  1.264684500072560e+09 -9.065504943602831e+05  2.602908876253284e+06
  1.267170216682698e+09 -1.826953860672920e+06 -1.707837941059685e+06
  1.257792351969400e+09 -4.133274769630929e+06  3.203984557518810e+05
  1.263551971116062e+09  1.577223781296515e+06  1.030652233817913e+06
  1.262098013675952e+09  3.198168910512414e+06  9.169161311886555e+05
  1.263406936457190e+09  9.284858756296267e+05  6.213674092579491e+05
  1.258721472130810e+09  1.116071649900287e+06  5.392073871364809e+05
  1.263997298054319e+09  1.522465509074964e+05 -3.442373591739201e+05
  1.263727549966317e+09 -2.556118210960672e+06 -3.063902881432508e+06
  1.265168716624979e+09  9.399361637855145e+05 -3.853002152984635e+06
  1.262776086181255e+09  2.059163543454792e+06 -2.674610524453764e+06
  1.264663602699398e+09  3.558514180143111e+06 -1.101132262778744e+06
  1.266151193947131e+09 -9.313564316504337e+04 -1.018587198463767e+06
  1.262877597406842e+09  1.931444994889306e+05 -1.963223901971458e+06
  1.262623918513615e+09  1.013898989426553e+06  6.282759186889883e+04
  1.263596444651222e+09  1.655391782917140e+06  1.216385922645399e+06
  1.264748220821612e+09 -2.190267152557848e+06 -1.183277013844349e+06
  1.263484435402979e+09  1.119858137558648e+06  2.255229185815868e+05
  1.262650608344092e+09 -4.924773510813631e+06  1.448217566759929e+05
  1.263464269622666e+09 -1.389822228349935e+05 -7.207812470199348e+05
  1.261030692955778e+09  3.314354228029033e+06 -1.423169598741661e+06
  1.261112516996169e+09 -7.905336286661259e+05 -1.170384630530376e+06
  1.264873279900680e+09 -1.843689841536017e+05 -5.359970455733469e+05
  1.265235080569291e+09  1.723626452403970e+06 -1.244028718592967e+06
  1.263635224937866e+09 -1.923702638200144e+06 -3.031299130407986e+06
  1.261020948044959e+09  5.688745776485457e+06 -2.500347639635695e+06
  1.264987750484129e+09  1.753459531339072e+04  6.762239201337465e+05
  1.263707337051801e+09  2.300231287853018e+06  3.514961169233650e+06
  1.265696608132304e+09 -1.873102389607795e+06  3.119871780309027e+06
  1.263927201605198e+09  1.190604642548987e+06  2.892158252986289e+06
  1.263104036724119e+09  1.163846120945482e+06  3.817451054491859e+06
  1.260234701537208e+09  1.977794047423246e+06  1.471581728975400e+06
  1.263761175431889e+09  1.433157993584606e+06 -2.992209028905604e+05
  1.265240050509790e+09  3.750170022378850e+06 -4.228193082110081e+06
  1.263065500964633e+09 -4.038113223301138e+06 -5.092984656020148e+06
  1.266053218656664e+09 -1.653340948951162e+06 -1.282108085793912e+06
  1.264746049885806e+09  2.226243811986402e+06  1.781752033595874e+06
  1.261562615146023e+09 -1.748839793190354e+06  8.094861716858733e+05
  1.261833732983006e+09 -3.032238660103454e+06  1.184405326803667e+06
  1.266965852281715e+09  2.182108268511319e+06  2.539441167102836e+06
  1.263000413709147e+09  5.994092512182429e+05  2.340804228487079e+06
  1.262996249290665e+09  5.272537497008135e+06  3.037742144477899e+06
  1.264854100064246e+09 -4.456476211628390e+06  3.495480023661948e+06
  1.264660804260891e+09 -9.152293954872680e+05  2.320144868189058e+06
  1.263484980839010e+09 -1.410125222664410e+06  1.564777081596974e+06
  1.261120113905052e+09 -5.492603319998778e+05 -5.318895008910309e+05
  1.261481120812417e+09 -2.388175625499545e+05 -1.938647352046607e+06
  1.261757609170338e+09  5.381070929146034e+04 -1.993491926766263e+06
  1.264704260288456e+09  2.089999947603951e+06 -2.664454930185721e+06
  1.262755370174066e+09  5.022473223539889e+06  2.290040777656622e+05
  1.265160547577329e+09  7.687849358945007e+05  1.646279163448184e+06
  1.264064412501886e+09 -1.083103049812371e+06  1.961258992278581e+06
  1.262031112800564e+09  5.471843480802259e+05 -3.554727029581747e+05
  1.260044638784705e+09 -1.075735722138514e+06 -2.264120527021071e+06
  1.263987245947684e+09 -4.258841839548199e+06 -3.129747180210588e+06
  1.263382092299927e+09  1.364112903268181e+06 -2.645514944386585e+06
  1.262172396852692e+09  7.510809609290683e+05 -2.048342838460152e+06
  1.263473921431716e+09 -2.326782540290570e+04 -2.792746050040926e+06
  1.265312737254321e+09 -4.606854404263840e+06 -5.296472369497437e+05
  1.266608423163273e+09 -2.829305701450076e+06 -3.197273333615595e+05
  1.260996949764121e+09  1.670245289407794e+06 -3.085693311746772e+06
  1.261225990534656e+09 -1.092829711450043e+06 -1.289457254927980e+06
  1.261286486887954e+09  1.932282315406945e+05  4.414274197723899e+05
  1.264410509435149e+09 -7.365147807064063e+05  7.999856864499684e+05
  1.265714040096711e+09 -1.255171967155383e+05  7.398793338590855e+05
  1.263508199707009e+09  3.719643309360817e+06 -2.744696930843760e+06
  1.264210629067681e+09  2.508330713870247e+06 -1.947484352532257e+06
  1.264425147472139e+09  5.979812265987534e+05 -1.296346072696954e+06
  1.261798472453218e+09  1.767083633043494e+05 -1.347182713936257e+06
  1.261804259403645e+09 -1.060445812794673e+05 -2.125197181196720e+06
  1.264950445129333e+09 -1.488876403372964e+06 -2.150922115944691e+06
  1.266656495945299e+09 -5.169821194251825e+05 -1.300833587655744e+06
  1.262795158999233e+09  4.942428669263873e+05 -1.117171186680435e+06
  1.259330948107615e+09 -5.017706592899526e+05 -8.536354965584142e+05
  1.264048596039863e+09 -2.513221682792591e+06  1.505711224095395e+06
  1.262733076897772e+09 -1.740200290508699e+06  2.186532544491577e+06
  1.263165922711158e+09  1.814985598446171e+06  7.934824386009339e+05
  1.263391217820533e+09 -2.451458967916453e+06  9.625675129135307e+05
  1.259625560548532e+09  2.136939882345701e+06  1.724223555210180e+05
  1.261045296439158e+09  6.384109628337958e+05 -2.178696613895748e+06
  1.264858607517278e+09  3.032971863412758e+05 -3.259161474565906e+06
  1.266405715800730e+09  7.757675838728745e+05 -2.904624921959750e+06
  1.263986981388825e+09  1.315441027500849e+06 -2.796558404906466e+06
  1.264643528047060e+09  5.897251216086977e+05  8.042429865961266e+05
  1.258776047796357e+09  6.507123910628904e+05  2.221086146221158e+06
  1.261732381288889e+09 -3.848792119128016e+05 -2.219929636428241e+05
  1.264441816994901e+09  1.644609435403708e+06 -3.131369820469132e+06
  1.262740914656998e+09 -1.398387592645411e+06 -2.243381113297096e+06
  1.263113264975467e+09  9.175477497717633e+05 -7.421956512520798e+05
  1.262101523583402e+09  5.890545567825430e+05 -1.933448785209205e+06
  1.264006748290140e+09 -1.806404228970867e+05 -2.517938032328850e+06
  1.261829006176204e+09 -2.446673606826345e+05 -7.137504260630677e+05
  1.264437369507819e+09  2.904297887471486e+05  6.654225078953081e+05
  1.262405662458631e+09 -4.050152661165517e+06  1.061369867621850e+06
  1.260129730237916e+09 -7.445212782077726e+05  5.411636580591063e+05
  1.262802368151733e+09  1.051725799630088e+06 -1.960111429579035e+05
  1.263719121785316e+09  5.204038187864692e+05 -5.872069021299949e+05
  1.262727551345840e+09  3.120638617372320e+05  2.010715733731527e+06
  1.262102553724108e+09  1.684427093375334e+06  4.214837194357501e+06
  1.261985848663109e+09 -9.619107524878203e+05  3.459005277216759e+06
  1.264175147045022e+09 -8.257922559826996e+04  9.489858191185731e+05
  1.260860684044717e+09  1.731295917470775e+05  2.311306878369730e+06
  1.261976553904078e+09  2.457631937547620e+06  2.079318513643067e+06
  1.264091940703849e+09 -4.014428714263652e+05 -2.116541679144120e+05
  1.263331212168015e+09 -7.996326181338828e+05  1.164581364862622e+06
  1.262068508563304e+09 -3.184778946266804e+05  2.079201091880163e+06
  1.259453090470660e+09  1.121344943704091e+06  1.309410656121279e+05
  1.264432255321426e+09  7.107021314369610e+05 -1.829771674383523e+06
  1.268518362888049e+09 -1.172602030627019e+06 -1.108800242309245e+06
  1.264243208868969e+09 -2.858199224466457e+06  2.111480152848457e+06
  1.266425816453452e+09 -3.088185283190198e+06  3.531174722438385e+06
  1.264237698967815e+09 -6.911691219033025e+05  2.378152534933113e+06
  1.262176588949258e+09 -2.702693620170382e+05  1.347397388958736e+06
  1.264630848733031e+09  1.336153101227500e+06  1.947092508291412e+06
  1.261697441592967e+09  3.281980963838410e+06  4.441403362561362e+06
  1.261142496040779e+09 -2.043444605928437e+06  4.360940839688476e+06
  1.264518501060647e+09 -1.982626294122945e+06  2.409585208279791e+06
  1.265949092226841e+09  1.077505432910607e+06 -1.314300948578569e+05
  1.263003185272165e+09  1.750680002048834e+06 -1.016877277974154e+06
  1.264977559470588e+09  1.011580112202456e+06 -3.694429169620645e+05
  1.264471998746549e+09 -1.844452261329702e+06 -6.411923581617270e+05
  1.259704098742757e+09 -4.891080538237930e+05 -6.047517798128321e+05
  1.261291796591098e+09 -2.333652253427841e+06  1.486592833543010e+06
  1.265670179034759e+09  1.912797949279563e+06  3.139191354411515e+06
  1.263395692760380e+09 -1.220046038925947e+06  1.669013314757629e+06
  1.264423202842843e+09 -6.656965654033081e+05 -2.292316960706406e+06
  1.265518744467800e+09 -1.705198815530820e+05 -2.590351199253835e+06
  1.263311809900276e+09 -1.610170218335627e+06 -2.036087596809161e+06
  1.262628721760139e+09 -8.732152718745362e+05 -1.744978530509361e+06
  1.261107221728323e+09  1.738711325679345e+06 -2.913392991551492e+06
  1.264163301064425e+09  3.582923321836409e+06 -4.048746076774506e+06
  1.262068052744326e+09 -2.952596195019190e+06 -2.410340732691624e+06
  1.262876455095078e+09 -2.925930148615544e+06  7.632234480731804e+05
  1.264070463820250e+09  1.888107563520776e+06  1.335377579456738e+06
  1.266423537815495e+09  3.280295856197088e+06  8.486421291933761e+05
  1.264358868422321e+09  1.019299809501590e+06  1.471671033256524e+05
  1.265395199267039e+09 -1.252662460936772e+06  6.009897662654093e+05
  1.263036462306020e+09  2.506831773701458e+05  1.772818112699565e+06
  1.262934190197141e+09 -4.695558832408705e+06  9.995702902498663e+05
  1.262362335582852e+09  6.032832749957190e+05  5.587807117336588e+05
  1.263568322486378e+09 -2.773509108974773e+05  1.780142096103233e+06
  1.262109409828188e+09  5.607067502504364e+05  1.661029018869460e+06
  1.266479229271979e+09  1.909839208332457e+06 -1.121811161446515e+06
  1.261557778234826e+09 -1.386028590252654e+05 -2.110720389999493e+06
  1.266610560223560e+09 -8.467908747624962e+05 -1.781292079821055e+06
  1.262384203988134e+09  2.131444674794603e+05 -8.946695004578633e+05
  1.265377893818371e+09  9.427171983428698e+05 -1.100822402106555e+06
  1.263223686725320e+09 -2.820375814126644e+06  1.457662054796055e+06
  1.265299599667570e+09 -2.430710756248549e+06  1.464878785818838e+06
  1.264046171219121e+09  1.865469844569994e+06 -4.910575850525073e+05
  1.261925953105277e+09  5.290000233807307e+06 -1.579781053957003e+06
  1.263441427357004e+09  8.014163956504543e+05 -1.546974477097543e+06
  1.266856319644767e+09 -2.007636832883722e+06 -5.025995650738305e+05
  1.259437166042617e+09 -6.854653669681323e+05 -5.175338986300428e+04
  1.261366118172154e+09 -2.221889528208612e+06 -7.383537176099642e+05
  1.261232563530445e+09 -2.949324018217460e+06 -1.565851616282041e+06
  1.264164623132888e+09 -3.514682822285737e+05 -1.336338626713338e+06
  1.261999345430956e+09 -3.159497984045618e+05 -4.138803682350532e+05
  1.265224104883334e+09  8.732457756505531e+05 -6.984726263140972e+05
  1.261343607096364e+09  9.652449182263284e+05 -6.967361650922705e+05
  1.263170421722447e+09 -4.427929993251980e+05  2.882281586714017e+05
  1.261719767336836e+09 -1.575906280337853e+06 -5.363960326062765e+06
  1.263874916264056e+09  1.994748721087261e+06 -3.759962346948726e+06
  1.263543712913975e+09 -1.382414163672085e+06 -3.240055560529873e+05
  1.261766586229258e+09 -7.317773714857502e+05  7.645750909021252e+05
  1.264769193591653e+09  1.768178039807352e+06 -1.035469100629163e+06
  1.263766033351287e+09  6.424100939925500e+05 -1.330389864251825e+06
  1.265821857322393e+09 -2.309652064373986e+06 -7.853438891738807e+04
  1.262565927364272e+09  2.947915105524588e+05  1.326329215562289e+06
  1.263008611202824e+09  1.018901120106233e+06  1.778469023382923e+06
  1.261002167678545e+09  1.629254088227581e+06  6.666104093709050e+05
  1.264310335515633e+09  1.784498362329721e+06  5.913654745305753e+05
  1.261782311868566e+09 -2.412203347512899e+04  3.840644638959482e+05
  1.263027835842763e+09  1.684235718230237e+06 -1.517930707960108e+06
  1.266258033189429e+09 -3.587899192074968e+05 -2.215695209098448e+06
  1.263855482499682e+09  3.431643939335898e+06 -1.505087492481219e+06
  1.267401868238058e+09  1.324725165036349e+06 -3.290684833622363e+06
  1.263151825122941e+09 -1.416182926140375e+06 -3.171561791197102e+06
  1.264171559484694e+09  1.015021074414472e+06  5.356265996289017e+05
  1.260986962760074e+09 -2.060146618143162e+06  1.476129065647907e+06
  1.263412736805094e+09 -6.493331080354578e+05 -1.807295722930676e+05
  1.263464308674506e+09  3.648290889831113e+06  3.295323092695842e+05
  1.264787830711323e+09 -2.461187524787861e+06  1.451794018658182e+06
  1.265860432175558e+09 -8.107455100463859e+05  6.369316852834206e+05
  1.260602100485006e+09 -5.496337238998081e+05 -1.289359706714232e+06
  1.261024476897700e+09  2.809763400996941e+06 -1.632782511746320e+06
  1.261204323544286e+09  1.054150388781641e+06  1.633288142322605e+05
  1.260470440910709e+09  2.182910881437403e+06  1.704119887284819e+06
  1.264624455437117e+09 -1.280852811786890e+06  2.397187190385888e+06
  1.262709748004104e+09  2.451498533147079e+05  2.348095656715112e+06
  1.264788720960591e+09 -2.840521621375765e+06  1.172303484118947e+06
  1.261586319921439e+09  6.529309060767787e+05 -4.739503111542679e+05
  1.258545379559157e+09 -2.088547785781902e+06 -3.033636837913127e+06
  1.262211634740443e+09 -2.113824903704134e+05 -2.816306567662154e+06
  1.264296514876661e+09  1.985859451184157e+06 -2.916820116225138e+06
  1.259634976256496e+09 -3.552989592463966e+05 -2.209345156610438e+05
  1.266180759914107e+09  8.265732754563539e+05  1.661041245396948e+06
  1.261928199051838e+09  3.300733618124984e+06  2.873600298282655e+04
  1.265500055262396e+09 -4.163711150926399e+06 -1.576294168782425e+06
  1.262202709189789e+09  1.914101597807746e+06 -1.558579671173928e+06
  1.265600282018780e+09 -2.288420589441894e+06 -8.255345190448985e+05
  1.264222360662323e+09  1.929235767416550e+06 -5.336887451296414e+05
  1.259984091211656e+09  2.602892363684947e+06  1.963921867059140e+05
  1.261541926278746e+09  1.787892074152045e+06  1.855429053452841e+06
  1.260948751552467e+09 -1.275810513332467e+06  7.699941945175972e+05
  1.262700932898450e+09 -1.899563970794725e+06 -1.250484213237883e+06
  1.262528244514060e+09 -2.365512700497720e+06 -5.228646475925238e+05
  1.260762695017848e+09 -1.653759823942075e+06  3.406042493667884e+05
  1.262675383705998e+09 -1.378886276705057e+06 -9.411385820372778e+05
  1.261111780738887e+09  4.012720984616924e+05 -2.207833339221442e+06
  1.264393799044311e+09  3.646821731432819e+06 -1.855486208070776e+06
  1.260872837777173e+09 -1.004902936826016e+05  4.114484456227604e+05
  1.260344701993097e+09  3.253077326106080e+06  1.795080414323405e+06
  1.262521150404690e+09  1.220333764614209e+06  1.089744376599051e+06
  1.264381012537283e+09  2.044990031232233e+05  1.202810426655469e+06
  1.260057475714979e+09  2.863975389714625e+06  1.006056246192643e+06
  1.265821194875605e+09 -2.426959499615347e+06 -7.729305986611574e+05
  1.262289963298913e+09  4.611816388040191e+05 -9.530745695173233e+05
  1.264914482093243e+09  3.881073097204025e+06 -7.080486491213302e+05
  1.263889861105101e+09 -1.244581661937645e+06  5.347264667384641e+04
  1.263405411337261e+09  2.599610496313473e+05  2.442272627214552e+05
  1.263264711402985e+09 -1.894532347702349e+06 -1.698051808110938e+06
  1.264038883558786e+09  9.618847329781568e+05 -3.392671295973721e+06
  1.261928153339362e+09 -6.326233846404917e+05 -3.603578857989663e+06
  1.261479424934314e+09  5.417110225131214e+05 -2.414798211622416e+06
  1.263862001611292e+09 -3.593696536326999e+05  2.021336908984424e+06
  1.262114252287246e+09  2.914008147217763e+06  4.368140576199591e+05
  1.264436511527281e+09 -1.775019405904821e+06 -2.115161155174163e+06
  1.261636980952372e+09  2.546348981380625e+06 -3.137061317026747e+06
  1.261986259986719e+09 -2.436907424946904e+06  3.422608412948400e+05
  1.264839893095235e+09  2.977681941235349e+06  1.571117823974783e+06
  1.263777416872535e+09  1.317230949476751e+06 -8.630053816395128e+05
  1.262790288285542e+09 -2.690219118507790e+05 -6.913981525538495e+05
  1.262173277723364e+09  4.852679294819925e+05  1.548652704129129e+05
  1.261578179462798e+09  2.982719679505421e+06 -6.435582654981591e+05
  1.264269839533431e+09 -3.416875937361689e+06 -1.667314968719853e+06
  1.262659641878061e+09  1.901679292690008e+06 -4.287993132149633e+05
  1.263663179212512e+09  6.750556361638252e+05  1.059971742419997e+06
  1.258683590652794e+09  3.282444214345513e+06 -1.027955374083591e+06
  1.264010702169422e+09  3.873062199959265e+05 -2.181834034491932e+06
  1.263775172764477e+09 -1.607229873066213e+06  6.719597638706445e+05
  1.263485743766963e+09 -3.285209652207931e+05 -2.539230925140490e+06
  1.264724639944483e+09  1.226299229793721e+06 -1.973546551015737e+06
  1.265079623051331e+09 -1.965160466468518e+06 -1.030464811512027e+06
  1.266498755052680e+09  1.110418488491082e+06 -1.312947686467011e+06
  1.264849985644995e+09 -4.214225970110918e+06 -1.805916142331314e+06
  1.264155173104163e+09  1.308570548015812e+06 -1.826744545077915e+06
  1.261412699977095e+09 -1.755664081215168e+05 -1.164358592166883e+06
  1.262061275320754e+09  5.114839847037647e+05  2.235362743798772e+05
  1.263225305522561e+09  1.329387822963148e+06 -3.060408243773188e+05
  1.262542133204568e+09  2.427039943745162e+06 -1.362868774420855e+06
  1.263065382283646e+09 -3.424541131814500e+06  8.297261418990220e+04
  1.261327101878142e+09  2.829976553315447e+06  2.417287470602097e+06
  1.262411066028870e+09  3.022961876655212e+06  3.512468114280817e+06
  1.264036374234176e+09  2.158633920660226e+06  1.861097620632845e+06
  1.262222973595102e+09 -1.295722446386346e+06 -6.623046184440510e+05
  1.262864243644867e+09 -2.597777681630015e+06 -1.938688994133143e+06
  1.268088879222417e+09  7.464278764281259e+04 -4.410780808374967e+04
  1.259014657824317e+09  7.937696064455202e+05 -1.182133716563426e+04
  1.263314889001089e+09 -8.662697810761426e+05 -1.112943608593649e+06
  1.264502056945808e+09 -3.059229548610655e+05 -1.238967310392410e+06
  1.262307309595989e+09 -2.023046769833964e+06 -1.027722733059781e+06
  1.259429671716979e+09 -6.179848973540827e+05 -5.828995674064788e+05
  1.264089868911628e+09 -1.082315953323967e+05  3.001899087301720e+05
  1.264500703759448e+09 -5.781119076309437e+05  1.163157444065627e+06
  1.263787839974168e+09  1.192832851792748e+06  3.202538781414066e+06
  1.260623545547972e+09  2.302082047117617e+06  6.819446915476275e+06
  1.266092722069001e+09 -7.389380807697206e+05  5.996024966580020e+06
  1.266196322818439e+09  2.758139886467865e+06  3.406148524719707e+05
  1.264706666446771e+09  1.874596103772399e+06 -2.403507612635035e+06
  1.262753498633226e+09 -2.600718148387403e+05 -2.542969660121095e+06
  1.261673410683832e+09 -2.458059711936461e+06 -4.080605238410439e+06
  1.265283046248641e+09 -7.907093435258253e+05 -3.116694680985865e+06
  1.263356795619204e+09  7.927835252471006e+04  5.117235131416073e+05
  1.261980333452080e+09  1.493511097500788e+06  9.433239541412113e+05
  1.263860621545924e+09  1.162079479093437e+06  3.497494367661265e+06
  1.262822510982322e+09 -2.838188590872411e+06  3.557971914016261e+06
  1.262845235684704e+09 -5.439495202995655e+05  2.006666955685830e+06
  1.265848551574119e+09 -4.872512119608087e+05  4.889998931023172e+05
  1.263863923087092e+09 -1.357901029977006e+06 -6.830643448274145e+05
  1.264997772273969e+09 -2.905700422301050e+05 -1.467222181788229e+06
  1.259049816484912e+09  4.555625884600033e+05 -1.344198849984643e+06
  1.264912955053029e+09  2.127630951338384e+06  9.703059012522567e+05
  1.261532540043824e+09  1.746818685269938e+06  1.397680124406165e+06
  1.268526837070466e+09  6.908281579383977e+05  5.888312387864831e+05
  1.262284584299513e+09 -1.017294611177472e+05  1.885045767469297e+06
  1.265081349622885e+09 -8.837359255603437e+05  4.057288645147722e+06
  1.261375635210406e+09 -1.013590737231220e+06  3.900061422627840e+06
  1.261703072567790e+09  4.915443546516466e+05  2.031909591522831e+06
  1.266550500581555e+09  1.221944486560179e+06 -5.049677007236762e+06
  1.261723765387536e+09  3.857066561222128e+05 -3.763496127110099e+06
  1.268013748119413e+09  2.709429588080551e+06  3.411026869829401e+05
  1.264889569809451e+09 -2.665181342020100e+06  2.829372985448567e+06
  1.262784657108016e+09 -3.588670022973081e+04  1.674755797465291e+06
  1.262272641651715e+09  5.233173519518642e+05  3.108648110576461e+05
  1.265641682913019e+09 -2.513045223760078e+06  2.732459064714964e+06
  1.265757322627657e+09  1.748476276211153e+06  3.582336169179279e+06
  1.262578848134564e+09 -1.295540170228548e+06 -6.268391747445993e+05
  1.265777856031148e+09  8.256625674899585e+05 -1.641160025316424e+06
  1.266190740281868e+09  1.046778643459474e+06 -1.181713476418033e+06
  1.265012109650159e+09 -1.508193141857360e+06 -2.254631658886457e+06
  1.262214397766235e+09 -1.812414148541457e+05 -7.689553537560204e+05
  1.260721156292110e+09  2.107852691151673e+04  3.110119608033319e+05
  1.263204383969695e+09  1.395352149933620e+06 -3.711432838280044e+05
  1.264134363712567e+09  1.534956887642267e+06 -2.624308861996795e+06
  1.264160333296668e+09  1.117145640902797e+06 -1.163094291037386e+06
  1.264893579210993e+09 -6.152631658327581e+05  2.428387683381625e+06
  1.265431161576074e+09  3.604881514195492e+06  2.941613875359763e+06
  1.260353048873626e+09  1.133788975763245e+06  1.770298359508747e+06
  1.258172453521496e+09  1.083948323862605e+06  3.300567049814538e+05
  1.266602883458918e+09  4.772001934874585e+05 -3.407440878990635e+06
  1.260922173126995e+09 -1.423020308717345e+06 -5.501820289826510e+06
  1.262884831351598e+09  5.898363649813301e+05 -3.972806125445464e+06
  1.264697124773814e+09 -3.029344919785684e+06 -3.011226403470285e+06
  1.264093527891833e+09 -2.327771162989938e+06 -2.245167121726331e+06
  1.267194582055588e+09 -1.058108752397040e+06 -7.760912054686281e+05
  1.262128625848374e+09 -1.431458108238929e+06 -1.997842339926889e+06
  1.261792891688776e+09  1.116887817420535e+05 -2.635137599381190e+06
  1.260707131659716e+09 -1.368545037793511e+06  1.035453488435611e+06
  1.262900566001268e+09  3.525646519670840e+06  1.329941797267898e+06
  1.264269972090008e+09  7.496559119110042e+05 -2.096640476810283e+06
  1.265916123761124e+09  1.266390300566633e+06 -2.529743252207183e+06
  1.265265424722537e+09 -2.193910763989395e+05 -5.958975951811618e+05
  1.263887208984437e+09  3.330045477793088e+06  1.060978090226348e+06
  1.262391001564304e+09  4.725232792288181e+04  1.583253762072406e+05
  1.260857386257000e+09  1.207795645295376e+06 -2.011434614480131e+05
  1.265702881590020e+09 -5.100339303763663e+05 -1.900749679248191e+06
  1.265326358394564e+09 -7.952788697812581e+05 -1.873899134971814e+06
  1.261926894114213e+09 -1.973229364036244e+06  2.673588599801876e+06
  1.259125403771033e+09 -1.980758240795879e+06  4.476363950767119e+06
  1.261987806443577e+09 -3.429449319726399e+06  1.384501060418710e+06
  1.261452652876441e+09 -3.114047310904305e+06  1.566042362978117e+05
  1.264169845595992e+09 -1.322924442938593e+06  8.226192508608443e+05
  1.262619251169101e+09  1.139489550673256e+06  4.027011193613107e+05
  1.259926027873205e+09 -2.580725216534141e+06  3.055132627746323e+06
  1.260633271238997e+09  3.415716971961757e+06  3.647622114578882e+06
  1.265988064847248e+09 -4.751984651644170e+04 -4.580359779997775e+05
  1.263731495576303e+09  1.507023590102641e+06 -1.386518161217791e+06
  1.264102353603094e+09 -1.402190261875575e+06 -5.336501870254594e+05
  1.264117964160769e+09  6.895898489156400e+05  1.920572240258520e+06
  1.261623534005149e+09 -3.111557072952712e+06  1.152274938079158e+06
  1.262357343911283e+09  5.566656607486017e+05 -9.963742043470080e+05
  1.263765211082551e+09 -9.865475289155536e+05 -3.524136438020542e+05
  1.263217437041239e+09  6.206440357558051e+05  6.733254228173990e+05
  1.262532812049911e+09 -1.204990668219051e+06  6.651414510603356e+05
  1.262566767642396e+09 -4.832209195037513e+05  2.080627318151876e+06
  1.264183714673027e+09  2.140657840499354e+05  3.436688566675284e+06
  1.263368786118369e+09 -1.361980705751611e+06  2.917595788376387e+06
  1.264001016104932e+09 -1.612548625369893e+06  1.540294034172862e+04
  1.260728921977214e+09  1.313563683561761e+06 -1.780854470265681e+06
  1.261527618373762e+09 -1.890574248372794e+05 -2.791777334676649e+05
  1.260927545157084e+09  1.654608141921925e+06  1.532683673610966e+06
  1.263811206236760e+09  9.935046845385620e+05  8.567912755218089e+05
  1.264256616917895e+09  2.025715909002287e+06  2.430930563291424e+04
  1.262185882541296e+09 -1.838361142632449e+06  9.530987816205395e+05
  1.262814229460579e+09 -1.211114073753184e+06  1.200203650453120e+06
  1.262424678581920e+09  6.061372048385749e+05  1.241295141512265e+06
  1.263055271930209e+09  1.999726864008902e+03 -1.126075162184001e+06
  1.264899747306023e+09 -5.803788644756344e+05 -4.214395873871130e+06
  1.263493558776875e+09  1.651165257065473e+06 -6.269206846386835e+06
  1.263026985738874e+09 -1.928890869342850e+06 -4.808859225074789e+06
  1.259607331088701e+09  6.929284579320670e+05  5.725770534082390e+05
  1.258617067694945e+09  3.203691953931490e+06  1.430506495904319e+06
  1.263722925231822e+09  2.640530396504524e+06  2.302415708128565e+05
  1.266884953161791e+09 -8.197298176063502e+05  3.065324818938200e+06
  1.266607265967824e+09 -1.209550058206675e+06  3.181928251841189e+06
  1.265198865867584e+09  1.950688815736840e+06  1.032425511162327e+06
  1.261475706737118e+09  2.112886231311042e+06  1.682461697408685e+06
  1.261866341641422e+09  2.608898699710865e+06  7.970438707951229e+05
  1.262828104355424e+09  4.018624299744586e+06  5.468740322484185e+05
  1.262033877418786e+09 -7.569743460019786e+05 -3.938996427912180e+05
  1.261714340902697e+09 -3.102344638588810e+05 -7.751822088356895e+05
  1.263757734280518e+09  2.213833132670701e+06  2.755543073174122e+05
  1.264959653130102e+09 -9.462959740898488e+05 -1.407923496801036e+06
  1.265387141405025e+09 -6.695377815356808e+04 -4.235480220371149e+06
  1.263227465015998e+09  6.450104707409912e+05 -2.968073427031644e+06
  1.264646562155930e+09 -2.924809775485478e+06 -1.007772956380565e+06
  1.258661427148063e+09  3.166480627115145e+06 -1.732409336833814e+06
  1.260829678220879e+09  1.285919114277967e+06 -1.690159841631258e+06
  1.262252485578017e+09  3.064770779918501e+06 -1.345722600678991e+06
  1.265026722403248e+09 -1.075361863359897e+05 -9.934494350431284e+05
  1.263199675007114e+09 -4.051184287377676e+06  1.047416900239520e+06
  1.266191255628947e+09  2.131827379855420e+06  1.717829855352679e+06
  1.265038217852174e+09  2.832274884230208e+06 -3.571503338266109e+05
  1.262496208983413e+09  3.593259348639322e+06 -6.647925379709955e+05
  1.260381262896347e+09  3.154154982467421e+06  1.964646037612472e+06
  1.263884463917976e+09 -1.069346903147180e+06  1.311310108463129e+06
  1.261402701191562e+09  1.637742168094599e+06  1.506604171632231e+06
  1.264669868560781e+09 -1.823725667965387e+06  5.336867261133030e+05
  1.261500376877130e+09 -2.001004362140384e+06  1.017218415504346e+06
  1.264557300385798e+09 -1.120637735213008e+06  2.801762728180951e+06
  1.262773506998926e+09  2.178400321787109e+05  2.256760937102193e+06
  1.266170137556842e+09  2.861979148815698e+05  2.199092377944331e+06
  1.261901816578635e+09  1.966261690441598e+06  2.413582447655006e+06
  1.263671892032799e+09 -4.665878651216122e+05  4.312514180209951e+05
  1.262935312889278e+09  3.138365820977769e+06 -1.604514056523254e+06
  1.264098958403992e+09  1.629704633205222e+05 -1.309612494659943e+06
  1.260460110714119e+09 -5.303848272056697e+06  1.797835932878408e+04
  1.262904466053131e+09  8.057645791318569e+05 -4.233963658773910e+05
  1.262928381856534e+09  1.869854026590587e+06 -6.742418625701207e+05
  1.265899285386140e+09  3.564494189788345e+06  1.353939951556659e+06
  1.261970300812867e+09  2.175499515228589e+05 -2.314936396031180e+06
  1.264993359566329e+09  3.397681004465414e+05 -1.199145105505411e+06
  1.262679486597698e+09  1.066581850263214e+06  1.735488059619299e+05
  1.265438781057698e+09 -2.612334697904664e+06  7.033607339697551e+05
  1.262830316261317e+09 -1.022905401615723e+06  1.215454156000169e+06
  1.261345771556227e+09 -8.376668919742615e+05  1.453374003668119e+06
  1.262527182825346e+09 -9.882665560686020e+05  1.312571566149963e+06
  1.261341339078257e+09  1.587434419108166e+06  2.001690809369166e+06
  1.260241579882267e+09 -7.006808329033701e+05  7.201586360666970e+05
  1.260420868471071e+09  9.881573987035622e+05 -1.593284671361378e+06
  1.262443549775505e+09  3.222915873664048e+06  1.172786115223668e+05
  1.262301028934882e+09  5.236396641157576e+05  2.607846673634653e+06
  1.262125823290542e+09 -1.866744806147465e+06  1.587355541582745e+06
  1.263087230516171e+09  5.243904611211866e+05 -5.510098567033168e+05
  1.261633078768569e+09  2.777416119608040e+06 -3.118144701644231e+06
  1.262589091431322e+09  3.525379747522381e+06 -3.729546367463861e+06
  1.262354528896733e+09  1.518585044692654e+06  3.871505080884664e+06
  1.259002388443150e+09 -2.129486998551727e+06  2.074349284092593e+04
  1.263841131682624e+09 -5.024195194456991e+05 -3.888692611805552e+06
  1.262287374403226e+09 -4.697688123841563e+05 -2.069537401102196e+06
  1.263076686141093e+09 -7.227798698085023e+04  2.971680520963292e+04
  1.261513113506500e+09  1.763670060983721e+06 -5.709879945914241e+04
  1.265453246125936e+09 -3.942362681020716e+05 -1.324713641533930e+05
  1.264418781116323e+09 -9.002357807180668e+05  4.337143636346341e+04
  1.264373221829415e+09  6.872474015731168e+05  6.927856197822900e+05
  1.261235344066607e+09 -1.403985928492435e+06  5.775942203016151e+05
  1.262717527648722e+09 -1.772351312269506e+06 -2.686908278484244e+05
  1.261825076291503e+09  2.165470121010726e+06  6.826171318269226e+05
  1.265286842452278e+09  2.135615864056475e+06  2.114976047861356e+06
  1.265964071647555e+09  5.724773392765409e+05  2.063337166161797e+06
  1.260972852972684e+09  6.195763402843559e+05  1.666306861244672e+06
  1.266757012357426e+09  1.230396272205108e+06  2.824408364240692e+06
  1.263405621356864e+09  5.455057089417180e+06  1.975648343672648e+06
  1.265738418081290e+09 -5.763491247943239e+05  2.279154862971644e+06
  1.259299641519549e+09 -1.087334178195542e+05  1.887308908330598e+06
  1.263377261310234e+09  3.361704102239915e+06  1.889181371099192e+06
  1.264922500827466e+09 -3.359430791549173e+05  1.145581029029861e+06
  1.264525857297762e+09  2.098981726358152e+06  1.113511322826619e+06
  1.265076719659273e+09  2.307194636558754e+06  2.994198267046805e+06
  1.259793477303267e+09 -1.185892315077591e+06  1.928203017394340e+06
  1.261486608016217e+09  1.350969951268105e+06 -8.438749236594338e+05
  1.259720675304636e+09 -2.024401761595358e+04 -3.130024055278058e+06
  1.259841758712800e+09 -2.819391474103138e+06 -3.496299381799623e+06
  1.262207547235445e+09  2.647604315084562e+06 -2.762891222864828e+06
  1.264741867600486e+09  3.236021299298112e+06 -3.004733959470342e+06
  1.265103147425394e+09  1.931152423654096e+06 -1.972457523213151e+06
  1.260808955280941e+09  1.937452510292562e+06  2.859892541693672e+05
  1.256192278470840e+09  5.412158809872861e+05  1.599139764382419e+06
  1.264497726757918e+09  3.904400650218335e+06 -1.264100901015319e+06
  1.263496592687029e+09  2.733606079398114e+06 -6.105515656485287e+05
  1.260033979050567e+09  1.535270808098912e+06 -1.571712921936507e+06
  1.262843276545659e+09  4.011424828559561e+06 -2.423096456739082e+06
  1.259450109728279e+09  1.071916100270432e+06 -4.324081709979335e+04
  1.265944288830370e+09  1.203434839441887e+06  4.196743563367642e+06
  1.260240554329171e+09  3.388645454262714e+05  3.773310937081566e+06
  1.264670796119548e+09  2.444694871213566e+05 -2.821033617929847e+05
  1.261314611253644e+09 -6.231330952154949e+05 -9.039303706539118e+05
  1.262533035063655e+09  2.195884544010078e+06  1.148279642148108e+06
  1.261942234020668e+09 -1.774992571915930e+06  1.359297396323579e+06
  1.259901110269293e+09  9.927344451824181e+05  2.432808198634626e+05
  1.259842521730555e+09  2.298606327148646e+06  1.786615184815688e+05
  1.262425199662862e+09  2.177379980290573e+06 -1.158765690271187e+06
  1.260929959696211e+09  1.653579592227310e+06 -3.130895051032512e+06
  1.263378458111768e+09 -1.308829106468335e+06 -2.716397160779096e+06
  1.262817709234572e+09 -7.026373581962893e+03  1.216018862004676e+06
  1.262727058794740e+09  4.122625792945727e+06  2.560818657378134e+06
  1.264789542016603e+09  1.746867813034913e+06  1.119095387215957e+06
  1.260198694284136e+09  1.733281284057660e+06 -6.829046011866798e+03
  1.262385456232996e+09  2.858830622290827e+05 -6.858659347387720e+04
  1.264868460573498e+09  1.877967338114527e+05  5.236280117909965e+05
  1.262054159498576e+09 -3.171381439757937e+06  7.795512600428466e+04
  1.265891043373946e+09 -1.417669529726205e+06 -2.247452857785794e+04
  1.261083620349414e+09 -1.206613628164341e+06 -4.909255006129111e+05
  1.265756958890515e+09  1.655987612759466e+06 -2.074351069488293e+06
  1.261327216934552e+09 -1.931435256711684e+06 -2.346355817419439e+06
  1.265475908259996e+09 -3.047879614552006e+05 -4.076820078475918e+06
  1.264755042259258e+09  1.587565188834566e+06 -3.373720040675127e+06
  1.263160271418683e+09  2.641347668019500e+06 -6.824594990597580e+05
  1.261905724122596e+09 -1.789957331473041e+06 -2.027596991629831e+06
  1.263377896345339e+09 -5.571217768025102e+06 -2.115628016141600e+06
  1.262857246590708e+09 -6.151464945099112e+05 -5.762894189740398e+05
  1.265543392765371e+09  9.442170792339118e+05 -2.103181116376878e+06
  1.266120758738706e+09  1.635487214844976e+06 -3.634235033156245e+06
  1.263556506930890e+09  6.811392645968050e+05 -2.011506208970980e+06
  1.259844282620248e+09  1.575264027845509e+06  1.437287189810006e+06
  1.266311066947396e+09 -1.233788489523897e+06  1.691567375202316e+06
  1.263525581214452e+09 -4.494452166661117e+06  2.805463793332925e+05
  1.260950294126518e+09 -1.286214771241402e+06 -6.415103575923917e+03
  1.262312855353919e+09  4.004454797941855e+05 -1.502761789888970e+05
  1.264363683750803e+09  7.423498825051410e+05 -5.353594560413981e+05
  1.263453227665069e+09 -2.005470798877051e+06  4.683455139940083e+05
  1.264801114728727e+09 -2.972337422199889e+05  2.309702905747703e+06
  1.263376726140771e+09  1.491748720887150e+06  1.731825339611144e+06
  1.258717905168500e+09  1.451281347857980e+06  1.489542183959119e+05
  1.260434474573912e+09 -4.982585007501578e+06  7.468836030591112e+05
  1.262043601123830e+09 -7.519481976380908e+06  8.103247803060289e+05
  1.264820580664592e+09  1.878065108409862e+05  2.860988600935075e+06
  1.266119913332529e+09 -1.110330561254131e+06  4.626663950446127e+06
  1.265479362020914e+09  1.913716742397584e+06  4.464944179934889e+06
  1.266758693053621e+09  2.023561668342483e+06  4.149394163257500e+06
  1.264485027263125e+09  3.153005985293823e+06  4.575495880534017e+06
  1.263798388084000e+09 -4.662729458044108e+06  2.483097659451568e+06
  1.263521161741886e+09 -4.650703326576786e+06  1.219855670446002e+06
  1.262914901095958e+09  1.644559679428086e+06  2.159420758950164e+05
  1.262179460417524e+09  1.703508247623180e+06 -2.785844179371956e+05
  1.262647630229317e+09 -7.036514709167997e+03  1.638814554262621e+06
  1.264099545510069e+09 -7.604805373456057e+05  1.809099700621649e+06
  1.263131322204082e+09 -4.848090595041123e+05  1.814693139580806e+04
  1.263628011854632e+09  2.007961768769763e+06 -4.527477720713281e+05
  1.265237918800835e+09  1.315112601988295e+06  1.040579227505342e+06
  1.262891127083079e+09 -4.380662901696038e+06  2.812485204348546e+06
  1.262401155929811e+09 -2.734452916939631e+06  2.838898484596961e+06
  1.267338394116439e+09  1.892070267822067e+05  1.314065387170003e+05
  1.261258713466171e+09  1.306418989351413e+06 -8.567114622881273e+05
  1.266161139376500e+09  1.069015003561202e+06 -1.457892143267191e+06
  1.266992354787365e+09  1.633138584123683e+06 -4.928075096938791e+05
  1.261988939472330e+09  6.399689753545976e+05 -7.865487201313573e+05
  1.262696173375085e+09 -6.266347694517829e+06 -2.085077695275389e+06
  1.263477761744181e+09 -2.758875175514391e+06 -6.584969100295138e+05
  1.263199710386825e+09  2.144721832844911e+06  3.967538748008067e+05
  1.264007763676334e+09  2.914965616227184e+06 -1.373402309857113e+05
  1.261032124948933e+09 -2.210323356647056e+06 -1.445854956279151e+06
  1.267238371843924e+09 -1.138856304828257e+06 -3.363944609053639e+06
  1.265121330758587e+09 -7.551512017412072e+05 -2.069145997883997e+06
  1.265525880615965e+09  2.470848483915625e+06 -2.608086129693409e+05
  1.261601625119573e+09  2.603779633407922e+06 -1.963019468746254e+06
  1.259985024974828e+09 -1.756052217009864e+06 -2.280333362248855e+06
  1.264859059508772e+09  2.815031028265571e+06 -2.980948346015010e+05
  1.261110794139474e+09  1.612199010796103e+06 -2.314987639944018e+06
  1.263057215056722e+09  1.115908260453233e+06 -1.431832574556838e+06
  1.264283488605031e+09 -1.746490637853902e+05 -6.398799812352243e+05
  1.262630090202984e+09 -1.695408199847430e+05 -6.936341899915359e+05
  1.265491102697824e+09  2.918850230919404e+05 -1.254970294376292e+06
  1.265986670366320e+09 -5.882867725142159e+06 -2.083584447870849e+06
  1.262825723998055e+09 -8.832755145218077e+05 -2.375193436198696e+06
  1.265648513509860e+09  7.598502753351585e+05 -1.761398902338718e+06
  1.258605890517050e+09  4.303819060010816e+06 -8.799319423154205e+05
  1.264530447527974e+09 -1.644164956093024e+06 -1.114836709895112e+06
  1.260962443618289e+09 -2.285783347787731e+06 -1.419977656832997e+06
  1.265438364708508e+09 -3.580270036182631e+05 -1.070876496597367e+06
  1.261516621355361e+09  9.752577382932825e+05 -1.967076141771808e+06
  1.264781511274333e+09  2.463965870404758e+06 -1.011591500930446e+06
  1.264075469857174e+09  2.207378554345273e+06  1.042143429654605e+06
  1.261960310343628e+09  3.689806054573533e+06 -6.421188408388064e+05
  1.264605492652580e+09  3.106000096201634e+06  1.801316525480073e+06
  1.261539851625261e+09 -1.921391497434388e+06  3.017231880263835e+06
  1.267492749809476e+09  1.237749173328241e+06  2.083569019563448e+06
  1.267743177566839e+09  6.352162902497438e+05 -2.291605879929266e+06
  1.262963481001548e+09 -6.565477903501107e+04 -4.451335274099734e+06
  1.263881739430629e+09 -4.832858935834818e+06 -2.073221894591942e+06
  1.262526082227600e+09 -7.273611329926886e+05 -1.972518241387670e+05
  1.265871934719210e+09 -1.410207092266849e+06  1.270055469516482e+06
  1.264311317741175e+09  3.450007738142649e+06  2.467272461264374e+06
  1.264535328214434e+09  7.918647741895345e+05  1.503762611929239e+06
  1.265708915952102e+09 -1.729267596537838e+06 -5.647530824688710e+05
  1.264365221354805e+09  1.778529462769040e+05 -8.748083649266757e+05
  1.261809640639375e+09 -6.714374958876987e+05 -1.878854168426447e+05
  1.261924898981684e+09  9.169957858420514e+05 -4.196696712208738e+05
  1.264043682765126e+09  3.702514154571584e+06  9.959353334704405e+05
  1.263692797107274e+09  1.236330713203966e+06  1.815123591186235e+06
  1.263301633403732e+09  1.531195449681227e+06  1.772600559619701e+05
  1.263500932836354e+09 -1.971957356003081e+06 -1.950604187468504e+05
  1.264679674405940e+09  2.134143362107276e+06 -2.177276271633470e+06
  1.259847802099532e+09  1.051743188740134e+05 -1.351424694283823e+06
  1.257538108153580e+09 -5.128404511868180e+05 -9.707091484350903e+04
  1.265675816182764e+09 -2.673366964334812e+06 -1.315040832237069e+06
  1.260303159059228e+09 -2.073998640252896e+06 -2.183743612903763e+06
  1.265020405578002e+09 -2.651421595255126e+06 -2.537667384372701e+06
  1.265759246911508e+09 -3.195139823084340e+05 -1.685414312485915e+06
  1.263687095768277e+09  1.011239566504481e+06 -4.612987004544246e+05
  1.267222006393412e+09 -2.065436002375286e+05 -7.486126988694837e+05
  1.263775929386610e+09 -1.261998822764091e+05 -2.151183737525302e+06
  1.262196896757784e+09 -1.804780952862199e+06 -2.918973174287782e+06
  1.259525354652206e+09 -2.373915371258982e+06 -1.592421914458177e+06
  1.262089327260255e+09  1.039465880314364e+06  1.479959671258742e+05
  1.261318012624174e+09 -1.128236305174979e+06  1.182627201428139e+05
  1.266679883973366e+09 -2.102875393502956e+05 -8.898916015901256e+05
  1.264993127965913e+09 -3.085094267536086e+05 -2.749733723308026e+06
  1.262724545406826e+09  1.058282964060519e+06 -1.766196087594449e+06
  1.263817513063001e+09 -2.006292368959734e+06 -6.058072219067162e+05
  1.261361270722290e+09  9.956231303170428e+05  5.172753169296317e+05
  1.265280473783404e+09 -1.132902028435782e+06  1.073141040722647e+06
  1.262658358778958e+09 -2.360003728470042e+06 -1.142452748859355e+05
  1.260186657613575e+09 -1.355797359884802e+06  5.087794754779371e+05
  1.261605047715954e+09 -1.995492194379700e+06  1.869876460122000e+06
  1.260358489387766e+09  5.217502249737349e+05 -8.879767794303480e+03
  1.262201352062452e+09 -6.930762616364305e+05 -2.958972224206653e+06
  1.262968194122174e+09 -7.797750507223180e+05 -3.251901804119795e+06
  1.261260753574709e+09 -2.835751464669277e+06 -2.067268812864287e+06
  1.261297096974454e+09 -3.163158614985341e+06 -1.374796892338426e+06
  1.260785149831657e+09  6.224984062244033e+05  2.423165585981382e+05
  1.264241510828051e+09 -9.444032701425569e+05  1.242093227774218e+06
  1.260311848387991e+09 -1.373076853794963e+06  3.295037176867387e+05
  1.262608598034056e+09 -7.502701955437327e+05 -2.290075827927699e+06
  1.263722388186273e+09  7.416677335784266e+05 -1.184234224601269e+06
  1.262862809425750e+09 -3.818177508024773e+06  1.456038968645103e+06
  1.262276241665188e+09  1.286001813845759e+06  2.283332243648028e+06
  1.261706064053596e+09  1.722659087929528e+06 -9.337819563711551e+05
  1.265379594297568e+09  1.071621673153624e+06 -5.024387347913607e+06
  1.262392767728567e+09 -9.749133789962926e+05 -3.096127041757716e+06
  1.260956937916621e+09 -7.704289899920599e+05  1.778259875133112e+06
  1.264434171089702e+09  1.651490454810026e+06  2.057482582057237e+06
  1.266736142414135e+09 -2.457003648008721e+06 -4.268755283650086e+05
  1.263818357899929e+09  4.542518736710041e+05 -2.484687417010953e+06
  1.261294982887663e+09 -2.442793556235295e+06 -2.117279092329334e+06
  1.263999141708290e+09  6.119583113217223e+05 -3.531108761667914e+03
  1.259818326757336e+09  1.601280812957488e+06  1.825327691845670e+06
  1.263642011319683e+09  5.329195403198972e+05  2.758329136232011e+06
  1.263099697118841e+09 -3.900945657312273e+06 -1.340151196568389e+04
  1.262178200578350e+09 -6.535411181574466e+05 -2.480537248570683e+06
  1.261657542095817e+09  1.481551808366223e+06 -3.465764758062738e+06
  1.260183938289230e+09 -3.313435432068352e+06 -3.044788719697637e+06
  1.262992291319814e+09  1.729967833836956e+06 -1.848957400165599e+06
  1.265413827108454e+09  2.827970028945144e+06  1.453907410010447e+05
  1.261290490710673e+09  3.745378727937736e+06  7.109494127680084e+05
  1.263452199612471e+09  6.721721903676268e+05 -1.119421467788688e+06
  1.260053679653932e+09  3.418794600292093e+05 -6.145977747781011e+05
  1.259789541807169e+09  2.485141994147393e+06  3.390200505392848e+06
  1.264708087422056e+09 -9.637166581245501e+05  4.681803351244383e+06
  1.264285129789538e+09  1.052529847696677e+06  2.599265479368028e+06
  1.265028801970274e+09 -2.218983595411472e+06  2.555620766882800e+06
  1.263152885922012e+09  3.147751970235163e+06  2.260211024000555e+06
  1.260854180416712e+09 -5.704391023770112e+05  6.382065675981378e+05
  1.263798728806602e+09  2.362108792156898e+06  8.935383398156998e+05
  1.262424393152746e+09 -4.007522023685033e+06 -4.770732239476496e+06
  1.260077610440977e+09  2.544894547349012e+06 -5.128231384349331e+06
  1.262914992932804e+09  2.662632902986367e+06 -1.882363985118916e+06
  1.262291325422126e+09  5.392954943794819e+05 -4.121396167168621e+05
  1.261514580659817e+09  1.176823161940482e+06 -2.055357964446644e+06
  1.267022775680373e+09  9.365766897623722e+05 -3.098011238883870e+06
  1.263370195108358e+09  3.771921312800151e+06  1.132375492040366e+06
  1.262877550814059e+09  1.791192872240902e+06  4.988736823592195e+06
  1.260886136490338e+09  1.265271228198489e+06  1.622607389749391e+06
  1.260694582909669e+09  2.276709575543318e+06 -1.471172975801132e+06
  1.261004802613612e+09  2.866521524551457e+06 -9.075763787816785e+04
  1.265011778567960e+09  4.321258997030254e+05 -5.546039116507880e+05
  1.260156263257429e+09 -2.403596102712904e+06 -2.057180869849592e+06
  1.265139014283761e+09  2.571952007065664e+06 -7.707864629385297e+05
  1.265011543875288e+09 -2.094367546968918e+06  8.681299093008190e+05
  1.263738482302787e+09  3.017948781316248e+06 -7.870711389301306e+05
  1.257983135939833e+09 -2.362598412313988e+06  1.283578180987442e+06
  1.261918336261314e+09  2.859318398416026e+06 -2.156183524548093e+05
  1.264618519945244e+09  1.877814434089964e+06  3.578217482743708e+05
  1.265482325116189e+09  5.943941063901579e+05 -2.034778252503091e+05
  1.261768074831080e+09 -9.114337370316223e+04 -2.018754641502975e+06
  1.264683810036381e+09  1.578018992419335e+05 -1.931077024831746e+06
  1.264637109588495e+09  1.330071525883394e+06 -1.956262282608079e+06
  1.264215274485123e+09  1.227718032553663e+06 -1.737488088876439e+06
  1.261488832244800e+09  1.088799009145439e+05 -1.949544655769871e+06
  1.262758870529040e+09  2.016929445322964e+06 -2.112531068988256e+06
  1.261754554464886e+09  2.173432386354922e+06  4.438306837914179e+05
  1.263627427668760e+09 -4.784478308443319e+05  2.503363066919165e+06
  1.261259192059910e+09 -1.589454984517616e+06  1.858454011274774e+06
  1.259938137817547e+09 -4.085357839140390e+05 -3.170374212070031e+04
  1.264639939783845e+09 -7.080541513717206e+05 -2.102007014505473e+06
  1.264304616259651e+09  2.619287552737112e+06 -3.543509344547978e+05
  1.262896675434023e+09 -1.769418095263857e+06  7.655250444299382e+05
  1.263076375476284e+09 -5.438898576485247e+05 -1.411056694421984e+06
  1.261947887813766e+09  4.771058144048463e+05 -1.034755642009135e+06
  1.264849688620079e+09 -2.009482079375664e+06  6.288923670246165e+05
  1.261521613624742e+09  4.388484118456750e+05 -3.317377812846391e+05
  1.261294766887710e+09  7.599295899573901e+05 -8.872649539882621e+05
  1.263728033796255e+09 -1.691992373897145e+06 -3.454036400657309e+05
  1.258989250020044e+09  1.370920530826556e+06 -9.115934133427945e+03
  1.262446545167040e+09 -1.042211579550266e+06  1.901524461469419e+06
  1.261926624397626e+09  2.156298588103383e+05  2.380320669330470e+06
  1.264090007919067e+09 -3.101827781922875e+05  5.962012892376215e+05
  1.260826076741329e+09 -1.821786469664564e+05 -3.835608141159975e+05
  1.262579139835934e+09 -7.444352786358929e+04 -1.111953882130483e+06
  1.264162251723982e+09 -1.863601853184830e+06 -6.235402378975325e+05
  1.261388416606594e+09  6.044803727507609e+04  1.263753640197936e+06
  1.262348264969544e+09  2.142456738520422e+06  2.008479088048149e+06
  1.261246397090074e+09 -3.958572075861997e+05  4.418855154071025e+06
  1.256341675291462e+09  4.917841455093114e+05 -6.751466256381305e+05
  1.263107227772417e+09  4.506170167049253e+04 -3.188970567262394e+06
  1.263652597035315e+09  1.782911374931239e+06 -3.059769236863087e+06
  1.260261794401082e+09 -1.072910299758307e+06 -1.591691175408273e+06
  1.261376735146955e+09  2.923171033221424e+06  8.380971080592376e+05
  1.264438280891173e+09 -6.198150737815846e+05  2.558165437424295e+06
  1.265281768743194e+09 -1.338247654752450e+05  4.414519968015163e+06
  1.264474976376103e+09  1.577435938803535e+05  4.739566601263328e+06
  1.263407396032600e+09  1.637030503904873e+06  2.278385389383556e+06
  1.261149738161584e+09 -1.818480092276644e+06  1.129769211536930e+06
  1.261325518246907e+09 -2.867457671097804e+06  2.467366040248344e+06
  1.265460629547168e+09  2.854176300513326e+06  3.829809099543698e+06
  1.262185052651528e+09  1.615075673909356e+05  2.428555845318680e+06
  1.260341772549666e+09 -1.339949182147273e+06  1.803202682813527e+06
  1.263891276616684e+09  2.095622040052395e+06  5.006697955458885e+06
  1.262128106151941e+09  1.078582013805851e+06 -7.940461965113237e+05
  1.264211431846775e+09  2.794503208879535e+06  5.058457642568479e+05
  1.261107491548397e+09 -1.608428291172510e+05  8.224345887304812e+05
  1.262386845739424e+09  7.857407709393790e+05  2.636438537038733e+06
  1.265761935262156e+09  1.209619238963052e+06  3.441949811718754e+06
  1.263882472564031e+09  2.948570709724961e+06  9.107943105661907e+05
  1.265341737628344e+09 -5.236391156992706e+05 -1.843771047619190e+06
  1.261578310285536e+09 -2.849677616965107e+05 -6.279045715153109e+05
  1.262986526132730e+09  1.983715060987066e+06  1.571259476079150e+06
  1.258577685824270e+09 -3.710779831555214e+05  1.875668451427342e+06
  1.260565808826565e+09 -2.538705982008267e+05 -1.157152121632458e+05
  1.260475413530671e+09 -1.971152669209308e+06 -3.010494570573786e+06
  1.265816953717244e+09 -7.754466106501769e+04 -1.636487952248592e+06
  1.266786822164508e+09  1.276578719685103e+06 -6.299421576711347e+05
  1.263006266536242e+09 -1.143745682822297e+06 -3.227007703357233e+06
  1.256551908583947e+09  1.998184264326907e+06 -3.441789998897842e+06
  1.263925750222654e+09  1.677753846993275e+06 -3.237167010245257e+06
  1.262126989577148e+09  3.975864638652683e+06 -7.635254537564295e+05
  1.263295996906344e+09 -5.121721702864776e+05  1.413886056288783e+06
  1.260159424239863e+09  4.270126419108245e+05  3.774706469864842e+05
  1.259096902501483e+09  1.006477311854503e+05 -9.147078093106918e+05
  1.263051474633839e+09  1.170913448294045e+06 -8.234833231064264e+04
  1.259838475894764e+09 -8.911696903676268e+05  7.740783321753166e+05
  1.262105432218210e+09 -4.232076127230865e+05  2.687817645163179e+05
  1.260889426718296e+09  1.691364300336547e+06  4.767601537170166e+05
  1.266130821570641e+09 -8.420712328659351e+05  1.163695939244628e+06
  1.262068171464445e+09 -2.309574334535922e+05  7.774084740698251e+05
  1.262202496498676e+09  3.822034555562654e+05  1.387661345925875e+05
  1.260455171328904e+09 -1.306538550345006e+06 -9.850779702921018e+05
  1.262893238314066e+09  2.726515239867173e+06 -1.383004776633535e+06
  1.261185427450976e+09 -3.179568768415866e+06 -1.186498113502204e+06
  1.263583809246778e+09  8.172372076433091e+05 -2.601153809736928e+06
  1.265068408148789e+09  2.171498188172699e+06  2.513867171530012e+06
  1.263868199952816e+09  6.559028680798652e+05  2.939306391806955e+05
  1.267639238053517e+09 -1.512904330447987e+06  8.230115737232717e+05
  1.259941946356981e+09  6.007191835639646e+05  9.204274235178842e+05
  1.262894198537175e+09 -1.194967010828386e+06 -5.479296671182567e+05
  1.265594538030552e+09 -1.305678725993280e+06  7.793231464802484e+05
  1.260761980910304e+09 -1.852244258861428e+06  1.921417878029198e+06
  1.265409275218291e+09 -2.374778680998153e+06  4.667908586576369e+05
  1.259321159353312e+09 -5.420661915258061e+05 -9.223879134302656e+05
  1.263686949437324e+09  1.403816057677774e+06 -1.734500494566755e+06
  1.263698827624091e+09 -5.468336426598368e+05 -1.678391154027019e+06
  1.261720151828208e+09  1.054581706600454e+06 -1.224166909038685e+06
  1.262920277688243e+09  3.056520099275195e+05 -1.509419486316382e+06
  1.262188531399210e+09  2.307181541736938e+06 -1.820876730700948e+05
  1.263339958555151e+09 -5.151030176669819e+06  1.911118192745652e+06
  1.264833141434441e+09 -6.308898394010884e+04  3.191569603976541e+06
  1.264031174446684e+09  8.085891850096488e+04 -1.652991107813445e+06
  1.264319799544233e+09 -1.387172191780807e+06 -1.693989373901128e+06
  1.268122640633273e+09 -1.738238496945538e+06  1.312246653795448e+06
  1.264070622808119e+09  6.772376844225437e+05  2.887073418591143e+06
  1.260374080918962e+09  1.641718031863580e+05  2.214546626973830e+06
  1.265753227386238e+09 -1.515921734705263e+06  1.441671440828805e+06
  1.262428254551166e+09 -1.110092933595268e+06 -2.303144587153850e+05
  1.260824684826748e+09 -1.156534675434947e+06  3.779736450355120e+05
  1.261792580831355e+09 -2.333950661907648e+06  1.254975510029255e+06
  1.262668545560085e+09  1.413238573487109e+06 -5.765880613897447e+05
  1.264111050481282e+09  1.336140933084730e+06 -6.308287110787116e+05
  1.266315635701169e+09  5.090721922436993e+05  1.046053873822593e+06
  1.261278426445675e+09  1.486044880197427e+06  4.219816172890781e+05
  1.261650903594209e+09  2.737100419208998e+06 -8.498327595088998e+04
  1.258443700648582e+09 -2.842732052284158e+06 -8.294857947066112e+05
  1.261993279988336e+09 -3.673493379856256e+03 -1.537081331264602e+06
  1.266030248850822e+09 -1.487421670766078e+06  3.281652221200337e+06
  1.265781261583418e+09  8.430156295347163e+05  3.624490875276965e+06
  1.265944051341260e+09 -1.011943723267944e+06  2.530986677227416e+06
  1.265774379163013e+09  6.790938580941306e+05  1.976682645882547e+06
  1.266126004537751e+09  6.465358647923411e+05  5.132145506918366e+05
  1.262891610832727e+09 -1.389382925741790e+06 -5.011920300880568e+05
  1.263224295401440e+09 -2.193052200638026e+05 -6.153316772940309e+05
  1.264644507749411e+09  2.746513596132464e+06 -6.021037368045070e+05
  1.260577038118162e+09  7.153075647714024e+05 -1.391644436088246e+05
  1.263281468048960e+09  8.113685496435617e+05  1.205959789598674e+06
  1.262610570468019e+09  6.795776028016054e+05  9.013358895362372e+05
  1.260316503454190e+09  8.552910647745243e+05 -2.251860155050011e+04
  1.263084717720019e+09  2.273862593554698e+05 -6.825496445384828e+04
  1.263252470907295e+09  2.722342565670293e+06 -1.791765930029467e+06
  1.261324315057030e+09 -1.415789351002739e+06 -1.884257346896909e+06
  1.262686002041214e+09 -6.801138285840878e+05  6.306278941155092e+05
  1.266549267786759e+09 -2.679225221111967e+06 -9.377032794096752e+05
  1.262918280872999e+09  1.781611961348846e+06  1.687460444529546e+06
  1.266164505849334e+09 -1.289661552151342e+06  2.435859790004979e+06
  1.265510236950296e+09  7.766885306686892e+05  1.781643746118506e+06
  1.263196493731729e+09 -1.811760539990536e+06  3.855965715449408e+05
  1.266469721239578e+09 -2.410718905418881e+06 -2.246672064109247e+06
  1.262368636696002e+09 -1.173908325787988e+06 -2.005826181801643e+06
  1.261327789691099e+09  2.209884289538625e+06  2.187570253717680e+05
  1.266260117839281e+09  4.169503254327863e+06  5.520634071194888e+05
  1.263833738344102e+09  2.201364357386325e+06 -1.231744347980551e+06
  1.265074771807677e+09 -1.289624331005527e+06 -2.985701836641944e+06
  1.265886611613424e+09  3.115393188219278e+05 -1.849269338183524e+06
  1.263440722092026e+09 -2.399770728632661e+06 -1.548446084651818e+06
  1.262050610699511e+09  1.074892386040623e+06 -2.522565296455733e+06
  1.259983061813054e+09 -2.671805079190348e+05 -1.796146592035218e+06
  1.263054905743359e+09 -1.608429032598313e+06 -1.737914375161804e+06
  1.258441148485767e+09 -4.730405619286371e+06  2.757207139553783e+06
  1.264825739718595e+09 -3.033847027719581e+05  1.680460794997925e+06
  1.264476055846141e+09 -1.565248826992953e+06 -2.516586811073727e+04
  1.262677275959758e+09  6.543895673727959e+05  7.210661522663413e+05
  1.263790233189961e+09 -5.077673609386975e+06  6.533608592984080e+05
  1.262540645077711e+09 -1.114498152394377e+06 -1.683910200459607e+06
  1.260717150140725e+09 -2.128120594069979e+06 -3.941042963216577e+06
  1.262351499941249e+09 -7.707287788207731e+05 -4.428149672713674e+06
  1.260022454822649e+09  2.461557462369436e+06 -3.791066559953075e+06
  1.264585657482236e+09  2.345104880475212e+06 -1.830389710510349e+06
  1.260987884651359e+09  2.685361998631886e+05  1.409068818171752e+06
  1.259316128272441e+09  1.010917028785478e+06  1.353521092014308e+06
  1.263012421377627e+09 -2.094738538225631e+06 -2.264854165392992e+06
  1.259705553835510e+09  5.923956652568002e+05 -1.609318603581517e+06
  1.264158760761008e+09  4.599734920423104e+05  1.516003360543549e+06
  1.263646434076091e+09  3.714652481567961e+05  2.110230768880592e+06
  1.263835445873541e+09 -2.081514908793788e+06  5.001860640694922e+05
  1.261641158595029e+09 -9.534988203061923e+05  2.020282618766257e+05
  1.265432761146428e+09  6.218376631858094e+05 -4.534711586731663e+05
  1.267680421131055e+09  6.438759575279832e+05 -2.721196579754777e+06
  1.265409929640692e+09 -4.575258091372919e+06 -3.596293540864021e+06
  1.262820124620502e+09 -9.864310028606395e+05 -2.569805520791954e+06
  1.260709416483672e+09 -8.796454907379481e+05 -2.294259804311126e+06
  1.265375569245512e+09 -9.259330129844353e+05 -2.548374321667716e+06
  1.265700650501370e+09 -1.361006840717978e+06 -1.418119845237770e+06
  1.262745389244333e+09  2.642501351593024e+06  4.027906368083233e+05
  1.263576613885225e+09  4.930388322712903e+05 -6.177292034297299e+05
  1.263169678184485e+09  3.350111837873182e+06 -3.198476371794036e+06
  1.263330024342985e+09  6.408006786130895e+05 -3.079712698337135e+06
  1.262204899029269e+09  1.476652914088795e+06  8.381180269345874e+04
  1.265331638576717e+09 -8.557821115349407e+05  1.826163089125419e+06
  1.264506200720318e+09  2.123535150817586e+06  1.215984994972585e+06
  1.262458934776364e+09  2.093246461127593e+06 -7.217113944385740e+05
  1.263311383778610e+09 -7.989656949718635e+05 -1.317804078810328e+06
  1.262497491938090e+09  1.659837541379843e+06 -1.624182818329659e+06
  1.262009902872133e+09  7.336519523367702e+05  1.014916004021636e+06
  1.259098394946039e+09 -7.001381433023793e+05  3.117955705494338e+06
  1.264440983694720e+09 -3.132824631956961e+06  2.092846131818130e+06
  1.261064275147018e+09 -1.175227099174600e+05  9.615116486874969e+05
  1.263648891993693e+09  2.040373421938992e+05  1.076703697194285e+06
  1.265671947492844e+09 -1.780910623325092e+06  4.351740757534972e+05
  1.264608130343846e+09  2.574250588760519e+06 -9.082429737156301e+05
  1.267804433709310e+09 -9.503950513855719e+05 -3.902478488600497e+05
  1.266181342560467e+09  4.218109124689412e+06  9.621636480127553e+05
  1.263315692385016e+09  3.198411939658268e+06  1.131663794636677e+06
  1.262140780349158e+09  5.705469258220005e+05  4.801617562151486e+05
  1.262682557792674e+09 -8.210078995523126e+05 -8.918375797886738e+05
  1.260552004761952e+09  3.064138473787738e+05 -1.382418601580872e+06
  1.264361656495713e+09  2.179469546455370e+06  2.498165411656174e+06
  1.264071026341891e+09 -1.857243967571261e+06  2.589471475194470e+05
  1.262047398295191e+09 -6.018516519260926e+05  9.893976103511113e+05
  1.262609086873377e+09  1.164492532090804e+06  2.428389054137833e+06
  1.262873458244128e+09  1.572544722022251e+06  2.695651713626199e+06
  1.262202246910796e+09 -2.742976162464666e+06  9.552443573296206e+05
  1.263430722977297e+09 -7.561391547448863e+05 -1.180664533810162e+06
  1.258495694569838e+09  4.338647270791463e+05  7.857273322169044e+05
  1.262386402531117e+09 -1.105178427341997e+06  1.676079451198501e+06
  1.262130383138992e+09  1.653545678094839e+06  2.534220718021306e+05
  1.263085528860984e+09 -1.373144551076678e+05  1.370852218064012e+06
  1.260832689866048e+09  4.604283769704568e+06  1.292797275040770e+06
  1.263817435267819e+09  3.629189474265825e+06 -8.407287334103282e+05
  1.262060038938028e+09 -9.011502432529657e+05 -8.478323438887873e+05
  1.260981072593412e+09 -8.430130442825420e+05  1.144280756058164e+05
  1.262280002575872e+09 -3.313042073168018e+06  2.196486319122029e+06
  1.259234446671892e+09 -1.396812121159127e+05  7.056857140080869e+05
  1.261183185576862e+09 -1.956522310371733e+05  2.360493941867689e+05
  1.264023803387812e+09 -2.267459084171133e+06  2.099568683502377e+06
  1.263618971671296e+09  1.523024444832023e+06  1.994624221536124e+06
  1.262780151198044e+09  7.195931118893332e+05 -9.440746799658751e+03
  1.261650231917032e+09  9.199283680778462e+02 -1.287355622732936e+06
  1.267780291331225e+09 -1.406896710952974e+06 -1.301373166871148e+06
  1.262972876299657e+09  1.599630905217341e+06 -9.636029487877339e+05
  1.263394855934069e+09 -1.857203752267078e+06 -5.851030157225891e+05
  1.264023386105744e+09  7.820005412351440e+05  1.751697015379308e+06
  1.267423983143108e+09  4.746680652306985e+05  3.686789628998359e+06
  1.263089657976695e+09  2.950806622806813e+06  3.427902485195159e+05
  1.262318059579796e+09  2.950998491578740e+06 -1.605222756560323e+06
  1.264978601898053e+09 -2.210757675710411e+06  7.613221988172608e+05
  1.261352181952004e+09 -7.863030853315020e+05  2.243200672129948e+06
  1.263047713255347e+09 -4.603436743853414e+06  2.398580505767141e+06
  1.264493681707900e+09 -2.738721536992586e+06  4.434121871649898e+05
  1.262569389224236e+09  3.315319212990486e+06  2.543410888439149e+06
  1.260775509378210e+09  5.950588191228795e+05  2.495608319438709e+06
  1.257668964412492e+09 -2.014678249153256e+05  1.314052736147578e+06
  1.260162861252438e+09  5.276344739332569e+05  2.157065286352547e+06
  1.264702821690738e+09  2.435580268147745e+06  3.560975915052772e+06
  1.259221323843749e+09 -2.737195790983453e+06  2.386391967632825e+06
  1.262541510661590e+09  2.563380712315938e+06  7.256702189506372e+05
  1.261103356394800e+09 -4.030400960642021e+05  1.383585309879799e+06
  1.263929534807546e+09 -3.377054739276744e+05  2.893210894997918e+06
  1.266051396630322e+09 -1.013379656750408e+06  5.515464774798171e+05
  1.261563672366102e+09 -2.902985918780194e+05 -1.808070801466390e+06
  1.261796191934746e+09  2.001654507237415e+06  3.148653933550557e+04
  1.262601735374274e+09 -2.579508839170324e+06  1.893268785922923e+06
  1.261658022852602e+09  7.662536643638839e+05  1.194775595855841e+06
  1.264085960452145e+09 -3.044375290926257e+06 -4.786469549035389e+05
  1.260790949438532e+09 -2.337954107003062e+06  9.838016367634193e+05
  1.261565400265811e+09  3.033236335531516e+06 -2.579401026444322e+06
  1.263602606166672e+09  3.390357602510865e+06 -2.218972305507679e+06
  1.263411243676323e+09 -2.189314785682970e+06  9.313578293154192e+05
  1.260730379716174e+09  6.077751029310449e+05  1.193773605798932e+06
  1.265417708722952e+09  3.404261503408713e+06  8.835762633004821e+05
  1.266123166411248e+09 -1.311501293744467e+06  1.679275895885612e+06
  1.263374490645144e+09  8.733043979238103e+05  2.262905700872504e+05
  1.263849799293364e+09  2.554641109256124e+06 -1.654835325523421e+06
  1.262516952330878e+09  6.389665624310520e+05 -1.572311739268759e+06
  1.261581154048509e+09 -1.750037282588354e+06 -3.172415030127675e+05
  1.263515348832576e+09  2.840968275033468e+05 -4.670410291444114e+05
  1.260435354115442e+09 -9.554768976124460e+05  1.325733578267796e+05
  1.263801990893209e+09 -1.009906734107592e+06  2.433982694409296e+06
  1.264610790312548e+09  1.693758526454807e+06  3.078736224530963e+06
  1.264881293914350e+09  2.765236453893012e+04  3.020658024506059e+06
  1.258670053448616e+09 -1.992414661451793e+06  8.999751629475062e+05
  1.261548961273086e+09  2.271552285915943e+05  1.292835986540488e+06
  1.266577680029240e+09  2.334884734943046e+06 -9.658346280740632e+05
  1.265569038813017e+09 -3.912446308863115e+05 -2.912576776490793e+06
  1.262930052100119e+09 -8.420920472997178e+05 -2.177006380303307e+06
  1.264535489216353e+09  2.073280888350233e+06  1.678009117086107e+06
  1.263580374737666e+09  1.997617012567814e+06  3.179787699160760e+06
  1.264173454701891e+09  9.621018793307868e+04 -3.827465479359443e+05
  1.261999189789251e+09  2.358715326628112e+06 -3.985252039570802e+06
  1.263510165391459e+09  1.727810450035707e+06 -3.534382622123310e+06
  1.260781606034227e+09 -1.258959495651870e+06  2.030812989594883e+05
  1.262286967779425e+09  4.923760747325400e+05  2.977745875669310e+06
  1.261529537867306e+09 -1.937574569162743e+06  1.215550256226791e+06
  1.258863153047003e+09  5.997339539227160e+05 -4.822026928990233e+05
  1.264159983012518e+09  1.860979770951614e+06 -1.691252185977591e+06
  1.262326105823970e+09  3.962943056230336e+06 -1.957633156478057e+06
  1.262482161603472e+09 -2.597515277922214e+06  1.014394211997436e+06
  1.259104932661608e+09 -4.348352058111339e+05  2.870726971197831e+06
  1.262894273303682e+09  9.231226977191777e+05  3.472838398101973e+06
  1.265391642538320e+09  2.092201274295373e+06  1.236756088423004e+06
  1.263566662486445e+09 -2.147766803151498e+06 -5.530964071908855e+05
  1.261774990838699e+09  1.535530127147331e+06  4.395456799654590e+05
  1.263431586571544e+09  1.388880455878092e+06 -6.751310924803634e+05
  1.262705671257552e+09  6.708288302977034e+05 -2.897999785023081e+06
  1.262706823649144e+09 -3.608901811237109e+05 -3.217953770467073e+06
  1.263814879769039e+09  1.911285010639873e+06 -1.674926794328560e+06
  1.261921617431780e+09 -1.841180991950782e+06  6.703639243499297e+04
  1.263503184940592e+09 -1.910819319994534e+06 -6.226134683867496e+05
  1.262936667953811e+09  1.413293389067763e+06  1.309126508345100e+05
  1.264460938456668e+09  1.047362389742928e+06  2.998634880316824e+06
  1.263100043446193e+09  4.631519456139747e+05  2.303959048920666e+06
  1.263802059363757e+09  3.672741396647793e+06  1.928358599858676e+05
  1.260839278269481e+09 -3.611459851797054e+06  1.578161252669385e+06
  1.257229839854573e+09  1.819311891776871e+06  6.330449399266498e+05
  1.262860940055394e+09 -5.040703440177871e+04 -1.414096296609204e+05
  1.263469768680607e+09 -3.506956171157255e+05  3.115886585663958e+05
  1.261966005022003e+09  1.065369237118757e+06  9.683146802023422e+05
  1.263165273931066e+09  1.313894270483904e+06  8.621737488799975e+05
  1.261395526713612e+09  1.536849168608364e+05 -1.304672641303544e+06
  1.264659932322646e+09  8.952253855640993e+05 -3.873008018905638e+06
  1.262979128471275e+09 -8.881376685027932e+05 -2.505087127137606e+06
  1.267407293104562e+09  2.286751856855340e+05 -9.056192075640565e+05
  1.261221162903272e+09 -1.049567050151035e+06 -2.431195039660707e+06
  1.261065157003675e+09 -4.067024360387149e+06 -3.223975402991023e+06
  1.266843213444413e+09  9.847777570002296e+05 -2.684108149994490e+06
  1.261280419708553e+09 -5.162634156087188e+05 -1.480307887747330e+06
  1.260262616793711e+09  1.905366899346164e+05  5.019628706987880e+05
  1.263193442039044e+09  3.952746259171151e+05  1.658069385648206e+06
  1.260166447362031e+09 -9.699386566611025e+05  2.708320771315150e+05
  1.263009707713902e+09  1.623709542502734e+06  2.621031177135764e+06
  1.261649738826013e+09  2.306030746195631e+06  2.959363825293741e+06
  1.261869688268088e+09  1.745355312941410e+06  1.366327381374483e+06
  1.264422343212708e+09  3.216141546254235e+05  1.731343615279677e+06
  1.265052279440267e+09  9.324787698599222e+04  1.513273223729547e+06
  1.267060509996783e+09 -2.134141224491321e+06  4.879082289664783e+05
  1.261530535355213e+09  1.884114616942745e+06 -1.380824068468511e+06
  1.261029328606562e+09 -1.684180211093354e+05 -3.243249356891843e+06
  1.260092308536948e+09 -2.561243763126295e+06 -2.061069266628452e+06
  1.262514932074653e+09 -2.802745283004883e+06 -1.173173536740169e+05
  1.262689690328406e+09 -1.988529113646244e+06  1.380974756032247e+06
  1.265670841241362e+09 -8.422022289762823e+05  2.540085410453480e+06
  1.264333788202885e+09 -8.081597752388734e+05  2.234247199717917e+06
  1.265435860715780e+09 -4.947635544728481e+05  6.243345523469222e+05
  1.257854451931113e+09  1.451155799360826e+06 -4.206594039869008e+05
  1.264711223991173e+09  3.268941475157501e+05 -2.692122737998411e+06
  1.263545743666907e+09  1.741191543265942e+06 -2.689724744224285e+06
  1.263847068840246e+09  1.521340047739635e+06 -1.262258483439917e+06
  1.261942949315382e+09  9.620822120565166e+05  1.392459709800345e+06
  1.264253853126983e+09  2.743727171401602e+06  2.196568333300964e+06
  1.262461157860446e+09 -1.378123890844122e+06  8.150345110514596e+05
  1.262250444873325e+09 -3.925929128414798e+06  4.243545026798786e+05
  1.262165847935416e+09  2.902613472457080e+06 -2.527760377407201e+05
  1.260337536610989e+09  9.163045530752551e+05 -1.787535199436131e+06
  1.266312824499431e+09 -4.617649781665433e+06  7.050380340903933e+05
  1.262958831953507e+09 -2.719620911887264e+06  3.074730976909265e+06
  1.265290312272094e+09 -9.502654965516685e+05  1.923809098478356e+06
  1.263363758114789e+09  6.833325292936165e+05  1.891067965232324e+06
  1.264553628025841e+09  1.234816525642831e+06  2.664332989595864e+06
  1.262891209704673e+09  2.457023478763500e+05  6.444784525591246e+05
  1.263056897540350e+09 -2.367345909712191e+05 -2.068889751245139e+06
  1.264763809012362e+09 -5.032456191763184e+05  1.361961341407944e+06
  1.264511944443443e+09  4.754690994871040e+05  1.455179257341761e+06
  1.266090675845448e+09 -2.889413717162656e+05 -4.341284890789380e+05
  1.259718924647727e+09 -2.255747230942210e+05  6.209397951559599e+05
  1.264947547772611e+09  4.649465963533256e+06  1.656181351570627e+06
  1.265381575923259e+09 -1.758202936821044e+06  1.249978070354563e+06
  1.260454562724338e+09 -6.546636692107882e+06  1.938143772003895e+06
  1.263062482112389e+09  3.257388133093265e+06  1.854978283001899e+06
  1.261821471981340e+09  3.048676340377300e+06  9.251971576694762e+05
  1.262067247474956e+09 -3.616871967150281e+06  2.251288132074662e+05
  1.265296300112731e+09 -1.115777915126513e+06  3.196315691670376e+05
  1.258344880509000e+09 -2.454626163983525e+06  7.146471589914960e+04
  1.262842383453251e+09  2.159817494547310e+06 -4.615919235727231e+05
  1.263605259311444e+09  1.988907883926100e+06  2.853925747964599e+05
  1.263135244864857e+09  2.409724217425359e+06  1.523648026202753e+04
  1.264124313807771e+09 -3.189153419240889e+06 -4.424302503286820e+05
  1.266092621456888e+09 -1.771459565581198e+06  5.446880632961884e+05
  1.261313229194108e+09 -9.162721719904190e+05 -1.398715443309945e+06
  1.266789431747404e+09  1.543279999835484e+05 -2.599695867516509e+06
  1.263296076083672e+09 -7.309125396585489e+05 -2.285045470117327e+06
  1.261011083327894e+09  1.899856230534900e+06 -1.117565790589348e+06
  1.263520799702535e+09  1.526617972141428e+06  3.285335985048475e+05
  1.261744096024426e+09 -6.049585404464411e+06  3.450443175587734e+05
  1.262966418652398e+09  2.990489141458193e+06 -2.032253562444728e+06
  1.260653728797914e+09  5.101501412202553e+06 -2.331464348273852e+06
  1.262895113553109e+09 -2.509341683913118e+06 -4.392783519856909e+05
  1.264106280898364e+09 -7.778643657856111e+05  1.497435927556106e+05
  1.263513665580962e+09 -2.483130871605231e+06  5.829049300517117e+05
  1.261102038787416e+09 -1.929664340739446e+05  1.008825929993668e+06
  1.264158583671126e+09  1.987295414939177e+06  8.000577406009217e+05
  1.260381758827839e+09  4.107727099935670e+06  9.155001273156768e+05
  1.265003481421562e+09 -2.838149463480183e+06  1.358872583241713e+06
  1.266327140528769e+09 -1.405527043387304e+06  2.766728998618471e+06
  1.265860679539320e+09 -1.046542538391398e+06 -9.328764683458256e+05
  1.265568292543486e+09  1.072917617153787e+05 -7.574627135656243e+05
  1.265535061718793e+09 -2.276370289832609e+06  1.564182551804194e+06
  1.264280731756618e+09 -1.114046104684774e+06  1.236760320639640e+06
  1.264131682562070e+09  2.157757974666310e+06 -1.090527947835798e+06
  1.261484795916989e+09 -2.175929681125969e+06 -1.921410377045530e+06
  1.264304393471310e+09  7.849677911460076e+05  2.293570231386335e+05
  1.262981625356282e+09  3.563878938106230e+06  2.378554682429057e+06
  1.262803579699878e+09 -1.246046042004461e+06  3.074789802681898e+06
  1.262719115726712e+09 -1.689772458819049e+06  1.202572634274478e+06
  1.259750811781389e+09 -3.894822138303010e+06 -2.883811692475814e+06
  1.263384041383740e+09 -2.405833353252172e+06 -4.359127801495846e+06
  1.260290179388437e+09  1.042974180890586e+06 -2.256188826033075e+06
  1.261782312232745e+09  2.663363307410613e+06  1.945353383120154e+06
  1.262411625685428e+09 -1.181835482120459e+06  4.787044684040239e+06
  1.264328538704133e+09 -5.652473720369763e+05  2.658543113277361e+06
  1.263482190323589e+09  1.379904129089599e+06  3.683409714936854e+06
  1.266481013615937e+09 -1.257300277853366e+06  2.237884005427102e+06
  1.262398900452197e+09 -2.580454387618315e+06 -2.855788115746448e+05
  1.261697722513614e+09 -1.444468367613967e+06 -2.041279194827378e+04
  1.265371743268198e+09 -7.525473655790733e+05  1.309025389649998e+06
  1.260894373823183e+09 -2.658923927873320e+05 -5.529721282086803e+05
  1.260575599431000e+09 -1.977898086708173e+04 -2.299448439551461e+06
  1.266865309931091e+09  3.460179239061215e+05  5.604922275854247e+05
  1.265885072265908e+09  4.122410306172253e+05  2.421201239115460e+06
  1.261260053375852e+09 -4.968462375553199e+05  1.131517143905411e+06
  1.266199838062010e+09 -5.516372810303863e+06  1.725304890300680e+06
  1.261032956552301e+09  6.708295565259131e+04  1.205529496815197e+06
  1.264440220059300e+09 -5.629025991039673e+05  8.564543184835853e+05
  1.260116150793319e+09 -1.395616382432876e+06  2.586456219328226e+06
  1.262887819323313e+09 -1.662886580883804e+06  2.396668984823400e+06
  1.259171509935934e+09 -1.148243331180121e+06  1.270563237748565e+05
  1.263300919304284e+09  2.723268987977995e+06 -1.058513750453528e+06
  1.264672279544381e+09 -2.285736057796689e+06  3.209894095171259e+05
  1.264415088727874e+09 -1.809685503349830e+06  3.252547436470419e+05
  1.262380992658322e+09 -6.250889531003175e+05 -1.471667700588857e+05
  1.258953209404257e+09 -1.723545729257791e+06 -1.384339221048321e+06
  1.259858032062686e+09 -2.569988999697599e+06 -1.727666762610347e+06
  1.258386812181998e+09  1.257629133439076e+06 -5.113373968448542e+05
  1.260577797193871e+09 -5.679625602707164e+05 -1.781160567534556e+06
  1.262913764552929e+09  1.608607271207574e+06 -2.783846468598409e+06
  1.264160925078707e+09  1.516127902347938e+06 -2.251028165245857e+05
  1.258802958485365e+09 -5.048316479832824e+06  1.897076175140257e+06
  1.260908956500580e+09  1.444883571751299e+06  3.486605755866490e+06
  1.260554420893079e+09 -1.197194227083146e+05  4.253727479093297e+06
  1.263402850461891e+09 -2.065735182192438e+06  3.671417865153302e+06
  1.262863600146721e+09 -9.894354377892562e+05  2.986950876648515e+06
  1.268500832780156e+09 -7.826262341774895e+05  5.424063546348129e+05
  1.262507467576572e+09  1.624737212390421e+06  1.848907713875183e+06
  1.263124839722914e+09 -2.668862144832106e+06  4.276668212421356e+06
  1.265733452299224e+09 -1.926123352057487e+06  6.820433605284048e+06
  1.267720103519749e+09 -5.262971870606124e+05  4.720618478407336e+06
  1.262655879695346e+09 -1.720775527099986e+06  3.570523517450690e+04
  1.261091397513342e+09 -3.718121541568590e+06 -5.903494348220974e+05
  1.264844670636614e+09  1.178636227706851e+06  6.215572043326498e+05
  1.266810540697460e+09 -6.826331424070589e+05 -7.278693119196821e+04
  1.261782601404522e+09  1.984326370394670e+06 -1.073006976233090e+06
  1.263767434178089e+09  2.291400675538671e+06 -2.188737268774979e+06
  1.264705720999153e+09 -4.627219886875882e+06 -9.760891001293876e+05
  1.263648405068308e+09 -1.663721865758275e+06  2.993270429576600e+05
  1.263101756056283e+09  1.053691081598184e+06  8.543447233772454e+05
  1.265641408450069e+09  5.550186923731441e+05  2.288756996429057e+06
  1.265740840999506e+09  2.183140555703809e+06  1.144051044381030e+06
  1.264287837849046e+09 -4.891954070016632e+05  5.320063037719160e+06
  1.265690904985287e+09  1.228330018980672e+06  4.121910472998953e+06
  1.260879124512422e+09 -1.357708601018261e+06 -1.419806687574505e+06
  1.264117082949870e+09 -8.518786501250598e+05 -1.995437316161302e+06
  1.262043288498091e+09 -1.059443549735154e+06 -7.121023775406871e+05
  1.265456396688648e+09 -1.565381004119357e+06 -7.015543704284405e+05
  1.260332775273432e+09 -1.735156312250340e+06  5.059483815438703e+05
  1.261851557678714e+09  1.115347718584734e+06  1.105274773047368e+06
  1.265978027739744e+09 -8.342333045310358e+05 -1.238713896494991e+06
  1.263098674597513e+09  1.562651044715501e+06 -3.056368520034437e+06
  1.267191576926396e+09  8.185096891497935e+05 -2.324531018655852e+06
  1.266820039230169e+09 -2.928128808397118e+06 -5.664078938711286e+05
  1.261998415435699e+09 -4.181944889878756e+06  9.526286991912129e+05
  1.266331081381222e+09  1.143096675789330e+06  3.165745994812691e+05
  1.264805414890251e+09 -1.081234886916502e+06 -2.764431581159427e+06
  1.261421655723089e+09  3.573632017934974e+06 -9.049371880039067e+05
  1.263650609949158e+09  9.587460797920134e+05  3.061087835777197e+06
  1.261043741282458e+09  4.951180285755427e+05  2.339099255511341e+06
  1.262706006004506e+09 -1.164409686438608e+06  1.786786718354342e+06
  1.261277639576587e+09  8.425243623850545e+05  1.697688272220804e+06
  1.264006861088663e+09 -6.951098773101436e+05  1.342485361203650e+05
  1.259755124507082e+09 -4.341583331980347e+05 -9.027237339630409e+05
  1.265452565728916e+09 -1.238654682874066e+06 -9.176532664438521e+05
  1.260282426334102e+09  2.093890434369647e+06  3.857359580000960e+05
  1.263208773695782e+09 -4.511795506968466e+05  1.799614459661224e+06
  1.264329393786391e+09  5.681238596707000e+05  9.697221967489240e+05
  1.263593031831225e+09 -1.541382861951125e+06  1.046382299874697e+06
  1.262064745537669e+09  2.561934897273507e+05  2.537415707994787e+06
  1.264468344813666e+09 -1.122839333634305e+06  1.569241935322391e+06
  1.260655506510762e+09  3.252056629898112e+06 -1.548193558899046e+06
  1.262121619644947e+09 -2.874278004040217e+06 -1.615986436967324e+06
  1.264079174836915e+09  1.974364911902105e+06  1.384977984085422e+06
  1.260660174795779e+09  3.378023537164259e+06 -2.317496467720537e+06
  1.261390591977037e+09  6.285043181826081e+05 -1.633034050625234e+06
  1.264240105773950e+09 -2.258674609205894e+06 -2.480992752903549e+06
  1.264818774908166e+09 -4.164628531371609e+05 -1.374218353855226e+06
  1.262546698878542e+09 -1.029973576096635e+06  1.303981691256686e+05
  1.262904842980578e+09 -1.613469701705557e+06 -8.616056658381986e+05
  1.267109166909544e+09 -7.349195532397574e+05 -1.813996649436849e+06
  1.262727599062555e+09  2.278222848611121e+06  8.332602719929329e+05
  1.266677952814769e+09  2.377158519684761e+05  3.117446962079692e+06
  1.262606456293216e+09  6.261642692718707e+05  1.208471591877872e+06
  1.264393618582370e+09 -9.849209438737890e+05  8.533580264166566e+05
  1.263087037941447e+09  1.726367476633075e+06  2.766167752290681e+06
  1.261407365744168e+09  2.088203965216020e+06  3.063342243173762e+06
  1.265427826266164e+09  4.513690558758745e+06  2.768817694444780e+06
  1.263468011670401e+09 -1.271745405452552e+06  9.028998325633287e+05
  1.262177572075931e+09  1.017611631335876e+05 -2.252899876989298e+06
  1.264101836738271e+09  1.446117423923445e+06 -6.371042409742804e+05
  1.262418590561810e+09  8.269874679519014e+05  1.224203002608898e+06
  1.261387252847118e+09 -1.186514784602891e+06  3.962470367839316e+06
  1.259120111173258e+09 -1.468643692397294e+06  4.310295601247240e+06
  1.260268540572526e+09 -1.328872584138032e+06  9.840105898465032e+05
  1.263656475628473e+09 -3.011579391268387e+06  1.184276260365613e+06
  1.259043330390215e+09  8.002411088747194e+05  4.460839913498450e+06
  1.261565821471587e+09  1.709221280721726e+06  3.483301768438728e+06
  1.262933526890524e+09  5.009978326894844e+05  4.427311714082606e+05
  1.265056847420444e+09  2.567238022212367e+06  6.702661322767304e+05
  1.263683068929243e+09  1.505987244856033e+06  1.801058585763415e+06
  1.260823347767493e+09  1.659864807090618e+06  4.867726997426925e+05
  1.262643642500164e+09  8.636970190667415e+05 -7.196311605945092e+05
  1.262331465147976e+09  1.150061842391461e+06 -1.264621152620338e+06
  1.262878801799303e+09  4.977048692256317e+04 -1.246617861910042e+06
  1.263312512984667e+09  1.127766137640626e+05 -1.046736947182662e+06
  1.259355257550578e+09 -1.083892943397597e+06  9.784787526830509e+05
  1.262974536261288e+09 -2.805247822375358e+06 -2.318714396239995e+05
  1.261568641877352e+09 -4.556383762496156e+05 -1.024112650949858e+06
  1.264207048807346e+09 -9.916723813382613e+05 -6.219794828633695e+05
  1.259709700021370e+09 -2.850039231214926e+05 -1.212084307445921e+06
  1.263196857897099e+09 -2.182216736548577e+06 -2.316146611177658e+06
  1.266789467074366e+09  6.777128768284339e+04 -1.379506996267715e+05
  1.267010554915255e+09  1.097536110231312e+06  2.138482135481952e+06
  1.265125405163232e+09  9.586993213031092e+05  9.814052537554814e+05
  1.262854356720294e+09  2.800844570197094e+06 -4.551312262716636e+05
  1.262849958613854e+09  2.684040173787240e+06 -1.649445043529595e+06
  1.262489907141389e+09  1.648369470811716e+06 -1.687057193961432e+06
  1.262486328139765e+09  1.032146012483721e+06  2.249701199180984e+05
  1.263695405684494e+09 -1.168692771405487e+06 -3.854820130879933e+04
  1.263797643562315e+09 -1.241720765647105e+06 -1.365046744632572e+06
  1.264406214478097e+09  8.815510830350192e+05  8.466699896889972e+03
  1.261197068215405e+09 -6.872324270954272e+05  5.679010092141113e+05
  1.263132793142445e+09 -3.517216539368997e+06  6.733289037435815e+05
  1.262889541364197e+09 -1.595022507230890e+06  4.370867745728845e+05
  1.264565743415705e+09 -1.783778613715232e+06 -1.402350324839527e+06
  1.262540085009374e+09 -5.179045053596218e+05 -2.198777092609929e+06
  1.262099419866024e+09 -1.350376163136363e+05 -1.379715873207208e+06
  1.260497954288989e+09 -5.661774505093532e+05 -1.563282796375395e+06
  1.266407244310370e+09  4.777627203003067e+05 -1.595625713318612e+06
  1.261881038189932e+09  1.744138711132052e+06 -4.200320869978474e+05
  1.264208918147476e+09  7.903328645046090e+05  6.453630746495554e+05
  1.262064599050465e+09  2.205069187204520e+06  3.857669698497485e+05
  1.261668580830323e+09  1.097609639186908e+06 -2.755974321335661e+05
  1.260440554828579e+09  4.207557604091370e+06 -1.656467634554333e+06
  1.260390445809514e+09  1.119342421726415e+06 -1.699270337181542e+06
  1.263641803211586e+09 -1.705120783291612e+06  2.070742916637080e+06
  1.259635485667528e+09  2.110300936066542e+05  2.656805762022556e+06
  1.263396246770140e+09 -2.464248335815933e+06  1.293463272998822e+06
  1.258043282583592e+09  6.262699553254498e+05 -1.020360583885591e+06
  1.264578655583445e+09 -2.013471879559094e+06 -1.149982925957565e+06
  1.265462183928936e+09 -2.209712540184761e+06 -1.918768439479810e+05
  1.263440431493192e+09  3.387761061518380e+05 -1.419762481928482e+06
  1.262163792691494e+09  2.000100375122434e+06 -2.035972240685961e+06
  1.261015906371938e+09  1.018566600345626e+06 -9.316147605399820e+05
  1.264035563066457e+09  5.528533296617714e+05 -1.719524730070594e+06
  1.262495202176156e+09  3.486535055530807e+05 -4.003488068623565e+06
  1.260214603007656e+09  2.498404843947971e+05 -5.528601444821462e+06
  1.258563303038921e+09  9.917145158079185e+05 -5.009524180200591e+06
  1.265887748921501e+09 -1.690659733002164e+06 -2.616907820942470e+06
  1.261807377239756e+09  4.531849659746969e+06 -2.792942068468511e+06
  1.263353074482147e+09  2.126000571470156e+06 -3.805151460416171e+06
  1.265844628379951e+09  2.558524171240258e+05 -1.874360462879172e+06
  1.264341111308427e+09 -5.088595587572198e+05  1.030183449170932e+06
  1.261485991272988e+09 -1.665809410991910e+06  3.025179691766792e+06
  1.260178067207806e+09 -1.331759190735827e+06 -1.321470466745725e+06
  1.263171504115376e+09 -2.369831156239529e+06 -7.732710651544437e+05
  1.261333462625205e+09 -1.913160900287070e+06  7.068954481552222e+05
  1.263731762976210e+09  1.728150792127325e+05 -1.315006379739184e+06
  1.263447035371936e+09  7.054173883841459e+05 -2.440461386524886e+06
  1.258487432649233e+09 -1.644788458509163e+06 -8.811367879954173e+05
  1.262151327777346e+09 -1.263016234281090e+06 -3.508790949859215e+05
  1.259503280210068e+09 -8.450491983220421e+05 -1.629982173025126e+06
  1.267024499863709e+09  3.131463354599259e+05 -7.017347230278513e+05
  1.263186991320590e+09 -1.060511759655890e+06  2.443657897161976e+06
  1.263186691135347e+09 -5.022509186913085e+05  2.866619675755072e+06
  1.268671935136041e+09 -4.132515251642040e+06  1.084452712660252e+06
  1.261965735068953e+09 -1.479734301514138e+06  8.195667486543560e+05
  1.260593175272663e+09 -3.052034224573518e+06  2.661421758447515e+06
  1.263619530911296e+09  3.847861678144571e+06  5.036779452843074e+06
  1.260391328839053e+09 -1.655588066536643e+06  3.931949968678797e+06
  1.263151433233328e+09 -1.031751000509560e+06  3.991506808539543e+06
  1.261197667960980e+09 -1.294184201296107e+06 -3.739496607954283e+05
  1.262158775208147e+09 -1.374486247358365e+06 -5.097387346889014e+06
  1.263642296370853e+09  1.962850469301456e+06 -5.075970811450971e+06
  1.266682797495705e+09  5.074681925797265e+05 -2.666095619877849e+06
  1.267080985735158e+09 -9.224846582627567e+05 -1.053866635390253e+06
  1.261519436569530e+09 -3.635907816108192e+06  1.786847600230394e+05
  1.260058186068080e+09  1.151686673912642e+05  1.974349919020484e+06
  1.261607119902410e+09 -1.383399758668768e+05  2.767712753281511e+06
  1.262861093245756e+09  3.417082653012154e+06  9.249196949502997e+05
  1.264373944050866e+09  1.613045829548778e+06 -2.916362501207640e+05
  1.263653058298982e+09 -3.963427515803717e+06 -1.401716635952258e+06
  1.260894697539280e+09 -2.130930704297018e+06 -2.899812244167385e+06
  1.264620559060702e+09 -1.126749183234546e+06 -6.776262845741981e+05
  1.261485697933426e+09  4.280734933823354e+06  2.265116693699500e+06
  1.265027871736928e+09 -4.217311793260647e+06  4.341718704224658e+05
  1.265269039908145e+09 -2.319026659457562e+06 -4.510633554120469e+04
  1.262254210522926e+09 -4.830679926352110e+05  1.114802340327271e+06
  1.264198989668992e+09 -1.853401144474441e+06  2.719734036118972e+06
  1.265815094746325e+09  2.752268285069532e+06  4.728887286630974e+06
  1.261761662368506e+09 -6.817696856001202e+05  5.581278894415992e+06
  1.263815307896770e+09 -1.858360286316418e+06  3.623409193997791e+06
  1.263040471141278e+09 -3.912311528493620e+05 -4.089502417447498e+05
  1.260529180358407e+09  2.365806002203163e+06 -2.778448895979027e+06
  1.263169809191266e+09 -6.835446042754495e+05 -1.701836324919074e+06
  1.265144867576893e+09  4.718983810801296e+06  3.538882462002395e+04
  1.267449747798477e+09 -6.372305489848903e+04  2.649615623592444e+05
  1.263944757212400e+09 -2.361064601221076e+06 -2.703184973899910e+05
  1.266984711327861e+09  5.144645073499063e+05  3.447502547754029e+05
  1.264560037450176e+09 -4.910076532701297e+05  1.819746582065175e+06
  1.263402370749913e+09  1.543697101248658e+06  1.952806859230727e+06
  1.264222167255770e+09 -3.511789925141687e+06 -1.223603910371426e+06
  1.262531015734037e+09 -2.580296050850572e+06 -7.042718303552782e+05
  1.262978655729897e+09  5.389199688597346e+05 -1.686963201048150e+06
  1.261590072806178e+09 -3.466512508060188e+06 -1.234447462887667e+06
  1.265609467677437e+09  1.267319264658040e+06 -4.932435900145148e+05
  1.263679840566248e+09 -2.313998253152598e+06 -1.988870854012361e+06
  1.263135648378283e+09 -2.343298779940512e+06 -3.599588542090221e+06
  1.261151528516800e+09  1.864355331775804e+06 -3.685592301433287e+06
  1.266018707250796e+09  2.586737593177796e+06 -3.756963437732812e+06
  1.263070824959986e+09 -5.980888630546833e+04 -1.247546499370248e+06
  1.263699565946830e+09  3.814622619403589e+06  1.167490998226797e+06
  1.260068773350017e+09 -2.611550238699327e+06  7.315368168277177e+04
  1.263990873684268e+09  2.497631277670108e+06 -4.793889660398597e+05
  1.263714495646800e+09  1.167329985434416e+06  3.681959405838507e+05
  1.262608273832899e+09  1.142801950330309e+06 -5.486251817191429e+05
  1.262848073382680e+09  8.852175035849721e+04 -2.201506504996292e+06
  1.267366247969052e+09 -7.499855203786248e+05  3.963348978387763e+05
  1.263775514583639e+09 -2.539409988569287e+06  1.699404737572183e+06
  1.263718929619837e+09  2.317397924021243e+06  1.684971468095140e+06
  1.265357946766234e+09 -3.253469849092184e+06 -3.658982693220673e+05
  1.261496673838890e+09  4.675497197539149e+05 -2.296558830892714e+04
  1.263472143397928e+09 -4.431569751917163e+06  3.180681780957852e+06
  1.260693610552226e+09  5.024577490472118e+03  2.214756581772517e+05
  1.263834103579137e+09 -7.846805808417822e+05 -5.189992765337860e+06
  1.260781884816181e+09  4.477629613925222e+05 -4.963760439323911e+06
  1.263196328613505e+09  1.685041966523990e+06 -1.986152003598709e+05
  1.262931122966573e+09  1.642034684114540e+06  2.358654823202255e+06
  1.261657899737824e+09 -3.159099212267295e+06  4.143343447915252e+05
  1.263347161950057e+09  5.165152742771488e+06 -8.170125882240677e+05
  1.265910408265940e+09  6.899182105039922e+05  8.283023937492915e+05
  1.262253616081238e+09  2.157982097843593e+06  1.110831006939131e+06
  1.266715947007277e+09  2.471353489213358e+05 -3.996877836550643e+05
  1.266131675602158e+09 -8.991029755495861e+05  3.489133080515422e+06
  1.267756383822014e+09 -2.214848546305847e+06  2.897866804048840e+06
  1.265882925254158e+09  2.073998810825693e+06  1.904457019910693e+06
  1.262807353584413e+09 -3.563844211717193e+06  1.857062376620836e+06
  1.262546810747294e+09  2.037786483358461e+05  2.348985879962541e+06
  1.264920595101774e+09 -4.400092567396275e+06  4.112421934111830e+05
  1.262682191829770e+09  1.817659055629923e+06 -6.921347480961607e+05
  1.262259607333331e+09 -1.794393402190629e+06 -7.296718352087100e+04
  1.265648378489110e+09 -7.492253713811515e+05 -5.158820300715407e+05
  1.264432452078366e+09  1.983948254267191e+06 -3.504330778039404e+06
  1.260938062871513e+09 -1.585049306941580e+05 -5.308081176179951e+06
  1.262744557297409e+09 -3.250133996391999e+06 -2.861644054169730e+06
  1.266119255985649e+09  1.504905514710094e+06 -7.958908596094939e+05
  1.259590490153692e+09  1.490725485832279e+06 -2.485817931369458e+05
  1.263087040800841e+09  1.416431147113484e+06  2.145867706785222e+06
  1.264256948855801e+09  5.258745370015677e+03  4.097807308001412e+06
  1.262470000567006e+09 -1.076160026954500e+06 -1.839253318322466e+06
  1.265980188343785e+09 -2.633046763892470e+06 -3.375454799462288e+06
  1.266558830731101e+09  7.677915010925615e+03 -1.155924321204055e+06
  1.261892592076944e+09 -3.310774884733653e+06  9.347496843298483e+05
  1.259682435428243e+09 -1.078088788589267e+06  6.674748023368404e+05
  1.261715868806274e+09 -6.033282609806958e+05  4.722730552258788e+05
  1.257735844523531e+09  1.209194645796214e+06 -4.075776782548961e+05
  1.260745553772160e+09 -3.353764188235216e+05 -1.267938147312910e+06
  1.264981220335714e+09 -1.053120616166388e+06 -1.608815764311582e+06
  1.264268164342799e+09  1.296154624163112e+06 -5.348456647681757e+05
  1.259976789510006e+09 -1.350952338858778e+06  9.631154735672176e+05
  1.265032274089124e+09 -3.920157656577013e+06  8.703663807107038e+05
  1.258671559039540e+09 -1.017186651693030e+05  1.438872416433667e+06
  1.264884621759252e+09  6.802999364383321e+04  1.517663368630031e+06
  1.259815915980541e+09 -1.470601376805238e+06 -6.188395655444837e+05
  1.265046268391015e+09 -7.984363867407897e+05 -1.177761832653122e+06
  1.261565135587339e+09 -1.640532407163444e+06 -7.229496649127692e+05
  1.261181019501382e+09 -1.930832578806923e+06 -2.108106639019890e+06
  1.264540331161023e+09 -2.281736198325974e+06 -9.170001595137162e+05
  1.263600276947059e+09 -1.304147747607822e+06  1.985910121829205e+06
  1.263705021754633e+09 -2.026246903899215e+06  3.708358041054662e+06
  1.260353364696089e+09  1.746207763179990e+06  1.452495974461346e+06
  1.261799993717498e+09 -4.342671245855600e+05 -1.130642858853126e+06
  1.260325334734313e+09 -1.816150307789402e+06  4.847927847933021e+05
  1.262835261321953e+09 -5.728668430100656e+05  1.112956279926700e+06
  1.259716461077181e+09  1.063579249918906e+06 -4.385536047946400e+04
  1.266194834588808e+09 -1.410380831178299e+06  1.106971278739790e+05
  1.260566295100036e+09 -4.072040783590509e+06  1.574715732734451e+06
  1.258705540840197e+09  6.715859563078833e+05  1.289295465604097e+06
  1.266532800142964e+09 -2.483041719349622e+06 -2.507122747265174e+06
  1.262892370149834e+09 -3.603935500067310e+06 -3.864844254944700e+06
  1.259759747285437e+09 -7.056076678748315e+05 -1.252959890817635e+06
  1.269804632713554e+09 -2.166988361051155e+06  1.802298755357445e+06
  1.264186159129304e+09 -6.895532815540293e+05  1.051093238951128e+06
  1.261287268932671e+09 -2.955445012590276e+06  9.610758488375186e+05
  1.265150154377970e+09 -1.237607581478974e+05  8.384892229922339e+05
  1.268296160162456e+09 -1.121687683013831e+06  1.141094654151831e+05
  1.263732225997354e+09 -9.080951273587018e+05  3.460210875420416e+05
  1.261585261779742e+09 -2.333406528479221e+06  9.077415168964623e+05
  1.263836108183889e+09 -2.356909536802445e+06  2.129417900993506e+06
  1.266055744525631e+09  9.353448305985125e+05  1.395727366765354e+06
  1.261047443319283e+09  5.642655696787599e+05 -1.546027657412289e+06
  1.264758544875919e+09 -8.905278886575871e+05 -3.648739112203377e+06
  1.265914771770514e+09 -2.175066384325493e+06 -4.330370002345146e+06
  1.264852075383903e+09  6.453434108387537e+05 -2.775208398464283e+06
  1.263071343764350e+09 -1.952860266897713e+06  4.618608916277179e+05
  1.263550976900938e+09 -1.418600390940310e+06  2.615551209639966e+06
  1.263929080751361e+09  1.025238703772948e+06  2.422071969894635e+06
  1.264032459416253e+09 -2.211023248676431e+06  2.508315436697449e+06
  1.265081771296202e+09 -9.669941676836156e+05  2.556854891023471e+06
  1.262416593807267e+09 -2.399704099332073e+06  1.743859194379853e+05
  1.266184172585910e+09 -3.309152688808526e+05  4.241821033862395e+05
  1.262882097474509e+09  1.150585926958368e+06  1.558014952057806e+06
  1.264612304078113e+09 -4.094234665423878e+06  3.057713199453297e+05
  1.260585026690946e+09 -1.908668115141612e+06  1.072329623594110e+06
  1.262379188000155e+09 -1.245235114002406e+05  2.571590923494320e+06
  1.266147181636088e+09  1.419928682697239e+06  1.310734522712430e+06
  1.262403625969497e+09 -1.271955654874104e+06 -7.042674336945135e+05
  1.265346540724102e+09  6.404894207992145e+05 -4.777179004226738e+05
  1.265058027577791e+09  9.449834116179630e+04  3.038927927506529e+05
  1.262126115386988e+09  1.095779154601674e+06 -2.250700891269733e+06
  1.266606006548248e+09 -7.502498789231295e+05 -4.962574861723829e+06
  1.264875240733042e+09  1.196911539144159e+06 -3.284875689422478e+06
  1.264266739547076e+09  1.632709590500731e+06  1.150362382035088e+05
  1.263884186990223e+09 -2.325172499670571e+06 -1.771324040345532e+06
  1.260751326497538e+09  5.437332103034848e+05  5.406901498852228e+05
  1.265404356503983e+09 -8.216125536910862e+05 -1.078108410418437e+06
  1.264311065427013e+09 -3.778244157680047e+05 -6.840664251634445e+05
  1.264055628247938e+09  3.259256690919355e+06  3.522362328168862e+06
  1.260351185629697e+09 -3.006744869222729e+06  4.126494884008185e+06
  1.264648354570825e+09 -1.670846297569411e+05 -1.908855260115748e+05
  1.264532822654183e+09  1.603293445689210e+06 -2.771087792037290e+06
  1.264295664109012e+09 -1.235797932097864e+06 -1.489378240746640e+06
  1.264624089665552e+09 -2.273773809811501e+06 -1.429788838755387e+06
  1.265880688992001e+09  1.590229533437292e+06 -1.682684506013857e+06
  1.262751377007935e+09  1.965016929995034e+06 -3.259237174297380e+05
  1.262223651745698e+09  8.363541994795713e+05  6.466468453656307e+05
  1.261588253826569e+09  7.708306962651887e+04  1.156666524529894e+06
  1.261850679534265e+09  4.553770124572387e+05 -7.508495848114851e+05
  1.266054237142696e+09  9.481942019680226e+05 -3.407205919850738e+06
  1.261489064605750e+09 -1.109261891089239e+06  2.864396909679417e+05
  1.262394042692375e+09  2.602679545667704e+06  3.060109247714944e+06
  1.263210390402860e+09  1.067618607500840e+06  4.395693592836285e+06
  1.264118025182576e+09  5.322734960476782e+05  2.030516666754076e+06
  1.262026377135855e+09  1.868063057514468e+06  5.056135563966100e+05
  1.262229857388763e+09 -1.671030696074175e+06 -9.108803333376048e+05
  1.265664322850080e+09 -4.460015631644606e+05 -9.163107691826338e+05
  1.260917936736556e+09  2.740814012380951e+06  1.521374499948774e+05
  1.265007428526733e+09 -3.385528007395898e+06 -2.087068257799703e+06
  1.261729352172902e+09  3.222181187315832e+04 -2.482894802571442e+06
  1.262019360443000e+09 -3.247895656641504e+05  3.344936745271193e+05
  1.262270580162311e+09  2.231183488360251e+06  2.245450721401068e+06
  1.260413257924255e+09  2.209410356166468e+05  2.155364338964173e+06
  1.265493836788874e+09  1.694844998454897e+06 -1.024600942991755e+06
  1.264927542533226e+09 -4.037116039579652e+05 -2.277693117936461e+06
  1.261301844528713e+09  7.333459106742934e+04 -6.733052981924148e+05
  1.261157633405119e+09  1.683009040570755e+05 -3.108409691542232e+06
  1.260954773058126e+09 -5.539805858557299e+04 -2.101332119067693e+06
  1.261501552020711e+09  1.248722499718034e+06  1.067607846352266e+05
  1.263591124934480e+09  1.743448186447718e+06  1.418220136585400e+06
  1.262718547475391e+09 -1.087184509422121e+06  1.087872162083188e+06
  1.262175826054844e+09 -2.345450768702857e+06  1.228665338116783e+06
  1.260108224456791e+09 -2.397691580437999e+06  1.647574647938884e+06
  1.263843880043793e+09  3.222155348294617e+06  1.233388989034304e+06
  1.263005271931139e+09 -1.642414990676366e+06  1.270359900923246e+06
  1.264043297545139e+09  1.557147106801501e+06  6.088436700231445e+05
  1.261337690607551e+09 -2.383907165232316e+05 -4.775964420961065e+04
  1.263819822030464e+09  1.254726020698863e+06  7.141369002590944e+05
  1.265254007227182e+09 -2.100456001660272e+05  2.195033005501622e+05
  1.263146381377276e+09  2.431962340259934e+06 -1.840844412937321e+06
  1.262312151614325e+09 -9.689871708772810e+05 -2.726307277812340e+06
  1.264142465944094e+09 -1.962616897790524e+06 -2.811484319447561e+06
  1.262483882612235e+09 -3.996843797042086e+05  5.795512764294265e+05
  1.260289730071085e+09 -3.777127171646694e+06  5.239051494773942e+05
  1.260774246184391e+09  3.170271003924431e+05  9.188788116518569e+05
  1.262258094916331e+09  2.005028216194468e+06  2.579778491619119e+05
  1.260018275872416e+09 -2.833667271937632e+05  1.291150634691336e+05
  1.262511000229943e+09 -1.220004864765671e+06 -4.240286192975949e+05
  1.263472357391333e+09 -2.425240438276934e+06 -1.754510661697792e+06
  1.267163560102478e+09  2.310519351102537e+06 -2.066740412643737e+06
  1.263957172038110e+09  2.137750745675331e+06 -1.926335519208877e+06
  1.260308286617627e+09  1.817524535570564e+06  5.676402460226098e+05
  1.262270659481099e+09  1.337990029098331e+06  2.905084634081242e+06
  1.263273332275836e+09  3.358937127950304e+06  1.046597169715362e+06
  1.262562399722336e+09  1.178537913585025e+06 -9.189962449981064e+05
  1.263386376035404e+09  2.690183218457840e+06 -7.817647360813770e+05
  1.262460101875839e+09 -2.040991449346296e+06 -5.072651228922756e+05
  1.264399095815647e+09 -2.418757660187135e+06  3.019355904798346e+05
  1.262653557662212e+09 -2.401694755489307e+06  2.229029163823416e+06
  1.265448730894264e+09 -3.969435379960922e+06  3.856253046172920e+06
  1.262345222596496e+09 -8.319580782873572e+05  8.938385101997138e+05
  1.263341424006607e+09  1.509067556855666e+06 -2.202405668908519e+06
  1.261087095436751e+09  2.273650585077761e+06 -1.397328538287890e+06
  1.261324227430544e+09  1.448139879583118e+05  1.857763333742548e+06
  1.262050502868192e+09 -1.452725869993113e+06  2.156939955428187e+06
  1.267185797361857e+09  2.665665586687613e+06  1.157730470128954e+06
  1.262503196685920e+09  3.519618744451947e+06  3.703525933265875e+05
  1.263948395467908e+09  2.331433305909692e+06 -7.336052029314495e+05
  1.262757726059109e+09 -1.027007610844690e+06 -1.889450773867459e+06
  1.263095622954636e+09  3.936650202218169e+06 -3.032300387041786e+06
  1.261214715473174e+09  2.208682854088842e+06 -1.327730389071812e+06
  1.262242740549210e+09  2.327226831756059e+06  1.128747313731104e+06
  1.261342611218106e+09 -4.776377754785158e+06  2.548357313363885e+05
  1.258475130103073e+09 -1.500532941672227e+06 -7.416966520050711e+05
  1.264717879765232e+09 -3.007838569878250e+06  1.131509943325045e+06
  1.259033487057929e+09 -3.094726142317281e+06  1.403403352890405e+06
  1.263290645837077e+09 -1.910056443318316e+06  1.221316512964591e+06
  1.263930575393268e+09 -7.727193781646620e+04  1.688233061031534e+06
  1.261504237335516e+09  1.495595643334134e+06  1.937383780412758e+06
  1.261927086819746e+09  3.189580036124357e+05  2.009481413440517e+06
  1.261706442396723e+09 -1.977536506466186e+06  5.684822507365418e+05
  1.263318339169639e+09  2.815186799302678e+06 -2.287952786280644e+06
  1.263319739968629e+09  9.401843342279450e+05 -1.639303668209512e+06
  1.257936247740243e+09  1.362701159866375e+06  2.709133193759450e+06
  1.260176404768512e+09 -3.932651680964400e+06  4.275140924996137e+06
  1.265610599256200e+09 -2.784384218746680e+04  2.176137174180980e+06
  1.261878359516160e+09 -1.155764247706211e+06 -2.197916296086355e+06
  1.260738249096285e+09  9.972289991180897e+05 -4.920498487986537e+06
  1.265976077604501e+09 -6.145006360932828e+06 -3.006694858956503e+06
  1.264855240059907e+09  3.943465247945336e+05 -4.880183318510471e+05
