  2.526127085725371e+09 -6.745387376825663e+04  1.973188645855229e+05
  2.526143293569852e+09  2.208613515544543e+04  1.578000221062824e+05
  2.526158413356520e+09  6.049189783658902e+04 -4.218003202108096e+04
  2.526142786823990e+09  7.109498358122609e+04 -5.048982734661922e+04
  2.525909158192019e+09  4.642270842498215e+04  1.728641005742364e+03
  2.526018027495719e+09 -1.636580628278025e+05  3.133250272168498e+04
  2.526253669388609e+09  4.009562512840237e+04 -6.002158029769827e+04
  2.526218852149546e+09  1.106918572557317e+05 -6.287305174554139e+04
  2.526220584186001e+09  8.582525077483896e+04 -2.424459637045162e+03
  2.526148252050890e+09 -2.620412517880555e+03  1.998312831301830e+04
  2.526087400987882e+09 -2.591310957471502e+04  1.150644320563329e+05
  2.526031963568656e+09 -6.158342051623040e+04  2.096289848872580e+05
  2.526052003095833e+09 -3.002205844444828e+04  6.690995382188930e+04
  2.525931477384969e+09 -6.980589239060367e+04 -2.963982411496210e+04
  2.526045713209202e+09 -4.137019454716460e+04  2.560282330598898e+04
  2.526229871567582e+09  1.954731339161578e+05  2.625670799691512e+04
  2.526138255067355e+09  5.134780417296104e+03 -1.182075151713554e+05
  2.526093124048243e+09 -1.037329579953275e+05  6.651040949932183e+03
  2.526068810179183e+09  9.094056144674298e+04  7.095474369032157e+04
  2.526062577572191e+09  6.297813878169237e+04  4.747768019928673e+04
  2.526249780315371e+09 -8.385134469669999e+04 -3.278945529801230e+04
  2.526178736495434e+09 -2.363603070283912e+05  2.111791816242259e+04
  2.526178719457304e+09  6.021941032931325e+04  3.539048824786284e+04
  2.526032904344049e+09  1.084841562834609e+05 -9.128964338327455e+04
  2.526155373421350e+09  1.656823735328105e+05 -1.398454308175712e+05
  2.526080278668255e+09  8.710844016557548e+04 -3.446613680943381e+04
  2.526055543266097e+09  4.851155822667642e+04  1.074338317060140e+05
  2.526059069678234e+09 -1.394281349392639e+05  9.250745437924610e+04
  2.526117307840448e+09 -3.541518781043026e+04  4.905928145527514e+04
  2.526299326413363e+09 -7.675076888297056e+04  4.961112825436029e+04
  2.526313273532309e+09 -1.038743911298951e+05  6.723815327678563e+04
  2.525993362159816e+09  2.518692489192807e+05 -5.237534466050740e+04
  2.526131364525071e+09  2.498507910356705e+04  1.057111672234505e+05
  2.526191264471381e+09 -1.508453774780838e+04  3.697752419483056e+05
  2.526139698093672e+09 -6.352430410301615e+04  2.606569832039208e+05
  2.525987265648813e+09 -4.590983807797078e+03  1.396004530174974e+05
  2.526085304216617e+09 -1.144941283307089e+05  1.785439734551442e+05
  2.526279183044232e+09 -1.645700682626613e+05  5.972516143268789e+04
  2.526228289421805e+09  3.695812850372703e+04  1.552441788718232e+04
  2.526157751972867e+09  1.956128575896261e+05  6.923796931752586e+04
  2.526176691828669e+09  9.585603096867679e+03 -1.869572849365463e+04
  2.526056531229022e+09 -2.641332695980673e+04 -7.422332213608694e+04
  2.526214494877820e+09  3.535398690717481e+04 -6.543759341376694e+04
  2.525990516880755e+09 -9.163142711242428e+04 -2.371140962574631e+03
  2.526000884873154e+09  2.418273369534989e+04 -2.155886396465311e+04
  2.526059874099972e+09 -2.580028596530948e+04  2.227661652898614e+04
  2.526045140360771e+09  1.000529964958502e+05  1.004669483068672e+05
  2.526025565034184e+09  7.394027454075823e+04 -2.880967494089517e+04
  2.526128702131196e+09  1.450512624857069e+05 -7.981854878821614e+03
  2.526142447984376e+09  1.477405143377815e+03  5.903698520830472e+04
  2.526160080901847e+09 -1.817149528421119e+05  1.751918237568679e+05
  2.526173971647232e+09 -1.186565911305725e+05  6.545673083997436e+04
  2.526116410493102e+09 -2.566262449251418e+04 -6.389427575476794e+04
  2.526324761373444e+09 -9.358490703530633e+04 -8.970423956731881e+04
  2.526004769807244e+09  5.259565635211091e+04  4.028122597983573e+03
  2.526219678009471e+09  6.068809351830091e+04 -2.111090670261404e+04
  2.525918034713789e+09 -8.204433940927824e+04 -9.388909961121232e+04
  2.526061934199731e+09 -5.455065316206228e+04  2.476104212982312e+04
  2.526098421421177e+09 -8.300016757808696e+04  1.642667975424323e+03
  2.526042242570273e+09 -5.489884357151832e+04 -3.255815735235536e+04
  2.526229441689749e+09  8.134027465511655e+04  2.178979368753725e+04
  2.526122329199727e+09 -3.250963704483840e+04 -1.076749555423800e+05
  2.526187825533501e+09  1.695858915545496e+05 -2.132669485137821e+04
  2.526125876317058e+09 -2.799279711982736e+04  1.173539839093895e+05
  2.526134322911568e+09  2.380075781401740e+05 -4.077954139736909e+04
  2.525944775996437e+09 -4.815487373436196e+04  1.960662979068561e+04
  2.526152163990090e+09 -1.149690620066003e+05  1.335023239299585e+04
  2.526154744203059e+09  7.813377809937415e+04 -6.271364006084530e+04
  2.526072710687281e+09  1.283866237140400e+05 -3.013575633485848e+04
  2.525969951903788e+09 -1.528313518847547e+05 -8.264166974396317e+04
  2.526188543334593e+09  1.715468427196627e+05 -1.015180046653957e+05
  2.526259095162541e+09 -1.549877077913391e+05 -3.357443077254342e+04
  2.526072072894335e+09 -1.476505406643709e+05  2.429737787329801e+04
  2.526120769607806e+09 -1.784161735427869e+04  2.262997841680984e+05
  2.526115126876535e+09  4.882117564243206e+04  1.629787757180845e+05
  2.526095650393733e+09 -7.360159512807245e+04 -5.855907706120345e+04
  2.526075114806280e+09 -4.462818091745651e+04 -4.721437299077952e+03
  2.526149110827329e+09 -3.375006724521006e+04  1.722708359852218e+05
  2.526157976640743e+09  8.983458280105703e+04  3.082340125394403e+02
  2.525726648727776e+09 -2.029523566774339e+04 -1.569085520044008e+05
  2.526051644535167e+09  1.593354422589584e+05  8.061919299071416e+04
  2.525865926566393e+09 -1.032100130593886e+05 -6.566304771816684e+04
  2.526093214377221e+09 -1.529329603961820e+04 -1.894397536097204e+05
  2.526164713648855e+09  1.825300476607977e+05 -1.085342938326597e+05
  2.526163697545575e+09  2.062560049308777e+05 -1.029718311547043e+05
  2.526042766977040e+09 -1.416405120818708e+05 -1.197699852110466e+05
  2.526147480902223e+09  1.095082985400208e+05 -1.129490682902315e+05
  2.526262738260546e+09 -1.449380648900666e+05 -1.511512364178651e+04
  2.526050701994672e+09 -7.010342564642418e+04  4.091927763948729e+04
  2.526011420509494e+09  9.483301426233491e+03  7.004580362397668e+04
  2.526265886203398e+09  7.653533405110752e+04  1.317568813244692e+05
  2.525945349397285e+09 -1.244683317758092e+05  7.091918242958328e+04
  2.526000669398735e+09 -4.886279259240511e+04 -3.230699089003750e+04
  2.526084407652870e+09 -1.471327598103448e+05 -5.781588905810378e+04
  2.526179889415458e+09 -6.573069866810984e+04  3.490235552583524e+04
  2.526053028888085e+09 -2.393450278170033e+05  7.646341694468987e+04
  2.526143085293049e+09  6.865807041009888e+03 -3.695289804477291e+04
  2.526306068741491e+09  2.486525729878154e+04  8.883660990242264e+04
  2.526115103936594e+09  2.879602909016074e+04  1.046109820821290e+05
  2.526114483357031e+09  6.328975551942480e+04  5.794295329611143e+04
  2.526069031718600e+09  6.118597167944553e+04 -2.336404045670154e+04
  2.526151644868335e+09 -2.785387274801219e+04  5.911769250225322e+04
  2.526228724024347e+09  6.709044371332717e+04 -1.522549544873789e+05
  2.526153003066512e+09 -1.298890865109379e+05 -2.315465102300690e+05
  2.526162513821523e+09 -5.567177191880043e+04 -8.949809885769896e+04
  2.526149695519445e+09 -1.372190107803093e+04 -1.982697315117529e+05
  2.526050914039299e+09 -9.579249353159801e+04 -2.013549354568275e+05
  2.526274141008970e+09 -2.525623181012149e+05 -1.408983574723124e+05
  2.526080426380516e+09 -9.309482072728593e+04 -2.685036703212978e+04
  2.526047892505354e+09 -1.704110467202303e+05  1.258545514328755e+03
  2.526244573196939e+09 -1.268795189326495e+05  4.943621007194242e+04
  2.525945451520202e+09 -1.459243969805816e+05 -1.266930418352596e+04
  2.526141545376220e+09  3.301080632937583e+04  6.043085133401793e+03
  2.526261943382129e+09 -2.859755345960963e+04  8.225829237244869e+04
  2.526183958872172e+09 -9.969614470115886e+04  4.612367657380411e+03
  2.526114093594932e+09 -1.523571473314951e+03 -9.946983758440711e+04
  2.526138341199886e+09  2.817739303576562e+04 -9.268111880669603e+03
  2.526239366975677e+09  6.063336234455800e+04  4.784677372746146e+04
  2.526117620432610e+09  6.396929274864437e+04  3.950126626703097e+04
  2.526062249756886e+09 -6.636774336606241e+04  4.370155421607569e+04
  2.526044618391214e+09 -8.856656291507324e+04 -8.223487020993838e+03
  2.526120999985120e+09  1.641724722375016e+03 -5.090623890003189e+02
  2.526092082283632e+09 -6.255791291035351e+04  7.769414282298053e+04
  2.526092323954783e+09 -9.425146405190858e+04  2.274569991973927e+04
  2.526146354143536e+09 -2.088155111020972e+04  8.040949943991215e+04
  2.526213298173604e+09 -1.112093154312277e+05  1.162433442431436e+05
  2.526255540057659e+09  9.784480514753284e+04 -9.417707069947873e+04
  2.526272502235372e+09  1.679123921002960e+04 -1.162250727864965e+05
  2.526160213820315e+09  1.922282622329966e+05  1.482775896916119e+04
  2.526265057881532e+09 -8.014520228470885e+04  2.173660786838027e+05
  2.526326574839468e+09 -1.053755917512290e+05  1.292485476809428e+05
  2.526204654057896e+09  3.168673630244902e+04 -6.442278378374525e+03
  2.526121631530810e+09 -4.209858155985639e+04  3.819338283988182e+02
  2.526058191264809e+09  1.089695353613263e+05 -2.108710337556666e+04
  2.525891637868308e+09 -9.473941250193131e+04 -1.126151575772130e+05
  2.526063554635076e+09  5.924529897515976e+04 -4.185965555098839e+04
  2.526179849893991e+09 -2.170964950331696e+04 -2.021323417792332e+05
  2.526007324759190e+09 -5.236880695551785e+04 -1.826603707548792e+05
  2.525980296609129e+09 -1.116213714217476e+04 -3.504454680237663e+04
  2.526098674280012e+09  1.160451034120031e+05 -6.989670277155982e+04
  2.526122508462717e+09  9.688717946372600e+04 -9.515738631153654e+04
  2.526075697527905e+09 -1.570630019750305e+04 -1.520983819761098e+05
  2.526146261951768e+09  1.726428718327198e+05 -2.188637181916251e+05
  2.526060548515664e+09 -2.020252625346329e+04 -2.626764960595907e+05
  2.526074025436749e+09  2.987560703760055e+05 -4.559205307936366e+04
  2.526252415179313e+09 -7.839908046946861e+03  1.581322832012922e+04
  2.526080659414992e+09  3.266763740865269e+04  1.119274618162308e+05
  2.526175437337521e+09  1.303505196977598e+05  3.684378612682161e+04
  2.526061062811646e+09 -2.813781709926738e+04  1.263675937973079e+04
  2.526045247391542e+09 -1.876451567154936e+04  2.691934857339365e+03
  2.526187228570597e+09  9.902755297696474e+04  3.406700436106305e+04
  2.526204606665131e+09  1.233744520132181e+05  1.171150763171832e+05
  2.526106639910574e+09  1.239581161037167e+05 -1.861433243253850e+04
  2.525889063258805e+09 -1.122160802911263e+05 -6.863417238043435e+04
  2.526007662361250e+09  5.316346023194911e+04  1.234657013920520e+04
  2.526172483501405e+09  1.192806191657233e+05 -6.262605558982911e+04
  2.526018548337646e+09  8.976503303800884e+03  2.645292161985347e+04
  2.525980068803560e+09  1.083141123667995e+05  1.025943843761405e+05
  2.526308936766783e+09  1.776492006544797e+05  2.051394561489578e+04
  2.525896270440640e+09 -8.755875756196771e+04  9.940095390793402e+03
  2.526067614869069e+09  1.939069389439829e+05 -1.075655636590510e+04
  2.526089431749993e+09 -4.640237882855965e+04  3.197471691894275e+04
  2.526216016622979e+09 -1.225532568542846e+04  9.764341727159324e+04
  2.526278878393191e+09  1.505255829357903e+04  5.868190818245173e+04
  2.526106138033405e+09  6.979215363028448e+04  1.362169895492056e+05
  2.526099516850513e+09 -3.230517506580683e+04  3.238364500619960e+04
  2.526189645645680e+09  1.516977671385705e+05 -1.489210885801123e+05
  2.525991716337691e+09  4.960291167494026e+04 -9.548252840984636e+04
  2.526065794312030e+09  1.454930120518043e+05  4.336477385739639e+04
  2.526093474633991e+09  2.521147356036189e+04  1.017912125994428e+05
  2.526238757843210e+09  2.123523649883408e+05  1.532635920663667e+04
  2.525961977141513e+09  1.723490579801946e+05 -7.023350150269188e+04
  2.526177410348334e+09  4.615199016233510e+04 -1.921034031539294e+04
  2.526062111098444e+09  2.686043065235426e+04 -2.222358279391448e+04
  2.526145430139442e+09  1.151506989348158e+05 -4.481156067843258e+04
  2.526110426895635e+09 -1.297943899515076e+05  3.196012394671980e+04
  2.526071868143022e+09 -1.951699507556696e+04 -1.716718787943373e+05
  2.526028426865756e+09 -1.344505964281189e+04 -1.842144220414734e+05
  2.526180448642551e+09 -1.222753384954008e+05 -2.314439359034586e+05
  2.525994897483963e+09 -1.228662049404901e+05 -4.847618449621659e+04
  2.526055273509497e+09 -9.372659409153601e+04  9.316027961686032e+04
  2.526119082636000e+09 -5.005669511736181e+03  1.294013822790119e+05
  2.526175205682464e+09 -9.374855860104668e+03  1.104190380885096e+05
  2.526145585729498e+09  1.046916545382577e+05 -2.292567191787966e+03
  2.526233401202957e+09  1.438108611337402e+05 -5.782576419575559e+04
  2.525985727575989e+09  5.778923163907137e+03  1.147554421474514e+04
  2.526049850990906e+09  6.644180303409067e+04  3.955876360874670e+04
  2.526068956743537e+09  9.757003217374603e+04 -8.324915928078350e+04
  2.526073118615646e+09  7.448839257600508e+04 -8.195477988064941e+04
  2.526395382897619e+09 -1.945235001726344e+04  3.117540619199257e+04
  2.526047734362271e+09  1.679830138485981e+05  4.498752900383220e+04
  2.526073761619042e+09 -1.422493604782418e+05 -1.085907481327518e+05
  2.526153871223493e+09 -8.223281333776168e+04 -3.170538165828498e+04
  2.526156599000554e+09  8.018976779795554e+04  8.706502711873013e+04
  2.526111134873756e+09 -2.099205368305315e+05 -1.147070543677662e+05
  2.526197971670373e+09 -2.096519821868156e+04 -1.126159093696922e+05
  2.526026742739752e+09 -3.373604705037373e+05  9.987483716122620e+04
  2.526077309897063e+09 -1.007871365078391e+05  4.008034189873986e+04
  2.525975441919102e+09  6.589041964877630e+03 -8.342012845211779e+04
  2.526119602336204e+09  1.709526316056261e+04 -2.670954831729119e+03
  2.526151400798058e+09  1.025079137190594e+04 -5.701211129536619e+03
  2.526033940567824e+09  1.470191942768227e+04 -3.990159983833903e+04
  2.526126541297042e+09  6.390071621635859e+04  8.636666615066165e+04
  2.525995026582232e+09  5.909757702649664e+04 -5.627564142375719e+04
  2.526124790539008e+09 -4.287565495668666e+04 -6.529496734643995e+04
  2.526091991623801e+09 -3.213002111129192e+04  7.866142501362856e+04
  2.526205345151232e+09  6.182100266800704e+04 -1.027394973482343e+05
  2.526240895512800e+09 -6.941986239531427e+04 -2.116694255580010e+05
  2.526097214704620e+09 -2.088945212812407e+04 -6.184069816238526e+04
  2.526165204016079e+09  2.188120198295650e+04 -8.676321715793933e+04
  2.526236927446645e+09 -1.008696963313575e+05 -1.473282144022104e+04
  2.526160722290944e+09  5.256520644021843e+04  1.667275637814228e+04
  2.525917022210216e+09 -1.442821652035328e+05 -4.286608361346496e+04
  2.526205606715799e+09  2.277744067517022e+04 -1.380824633655231e+04
  2.525958311164311e+09 -1.900114630100090e+04  8.084532455665036e+04
  2.526211367521150e+09 -1.963392708583755e+05  7.078395525374950e+04
  2.525850655317375e+09 -9.205854383950261e+04 -5.001536520823522e+04
  2.525925498418034e+09  2.418586260253598e+04 -1.756278304839380e+05
  2.526192934763511e+09  9.640805174328433e+04 -1.585398045091785e+04
  2.526220727092958e+09  1.290249362629786e+05  1.529546201428791e+05
  2.526153681673266e+09 -2.261545984137896e+04  7.399377737748378e+04
  2.526292043948821e+09  2.103520820984012e+04  5.786725463717384e+04
  2.526247408315249e+09 -1.718917586816479e+05  4.574640100751053e+04
  2.526304526625314e+09  6.182904816956943e+04 -6.802738365804427e+03
  2.526101770534779e+09  9.399554303612967e+04  7.931186926994647e+04
  2.526279078118585e+09 -6.612273525146802e+04  7.828550735886674e+02
  2.525981259303383e+09 -5.379292046231648e+04  9.174788351467301e+04
  2.526107158879905e+09  1.601628696483421e+05  5.632025554768927e+04
  2.526258322810736e+09  1.155797107641585e+03  6.509884029160161e+04
  2.526115662069170e+09  4.900435111772828e+04  1.119855469637017e+05
  2.526186305941807e+09  9.220073763780290e+04  1.241347017329116e+05
  2.526032504182204e+09 -1.782061040541721e+05 -1.279518862857487e+05
  2.526046979637209e+09  1.329211762629682e+03 -3.046788389516619e+04
  2.526317386903795e+09  1.039700498816587e+05  2.362347749662708e+05
  2.526205171530595e+09  4.947876486340155e+04  6.623980882556917e+04
  2.526134873397460e+09  5.095277955641423e+04  8.261224619033304e+04
  2.526252157958898e+09  1.585538095975538e+05  1.071028246538903e+05
  2.526164171475930e+09  8.842069928921759e+04  3.720771834667504e+04
  2.526114163987166e+09 -1.261330363995675e+04  4.317048567402229e+04
  2.526069144176605e+09  2.816706249676750e+04  1.491470192663085e+05
  2.526177746066022e+09 -5.793932707891217e+02 -1.192260196597888e+05
  2.526384192498046e+09  1.046983174809695e+05 -2.701191222876823e+04
  2.526220064154733e+09 -7.430858435649076e+04  4.994376979616983e+04
  2.526296516250336e+09  2.084869543824848e+05  1.158589175589548e+05
  2.526178431799395e+09 -4.578277822040976e+04  1.324024073598296e+05
  2.526206701801352e+09 -7.208667250930355e+04  8.607767948307475e+04
  2.525924241480656e+09  1.144949655181487e+05  8.980368745884730e+04
  2.526036706182433e+09 -2.042798693859251e+04  4.559431653110188e+04
  2.526185114035780e+09 -7.322657198750082e+04  1.009663755622087e+04
  2.526069426703582e+09  6.948585937634925e+04 -1.407914563763188e+02
  2.526190279422868e+09  8.153714156867217e+04 -5.713006280253804e+04
  2.526261578594965e+09 -1.376305614653276e+04 -2.958328279818629e+04
  2.526062331250709e+09  7.812481869345601e+04 -4.425829435556417e+04
  2.525970547436468e+09  2.538302692152653e+04 -3.628954485706659e+04
  2.525945037398320e+09  8.707307288643508e+04  1.101197143938409e+05
  2.526309303404456e+09  7.860046638195310e+04  1.724645751336240e+04
  2.526225884806804e+09  1.048951613348541e+05  1.537929661629555e+05
  2.526026585986185e+09  8.976670923713886e+04  1.121069819547348e+05
  2.526129904202482e+09  7.574545905668638e+04  1.290161628567989e+05
  2.526119490754701e+09  7.958037323111808e+04 -1.659346015626634e+04
  2.526015522771127e+09 -1.122158873320557e+03 -4.299824184328038e+04
  2.525959011353531e+09 -3.440882059521973e+04  4.668922180024203e+04
  2.526089871256742e+09 -5.246614667757542e+04 -7.867406167809266e+04
  2.526013387746413e+09 -1.692041091793473e+05 -8.616135296528460e+03
  2.526099384976012e+09 -9.128451465077861e+04  1.611277015714534e+04
  2.525943786785095e+09  2.381598607936799e+04 -6.309357323429143e+04
  2.526133849101581e+09 -2.318459998517043e+05 -1.022320202960090e+05
  2.526031928590634e+09 -1.164819179461136e+05  2.339555839656369e+04
  2.526299722867831e+09  4.245069601834763e+04  6.680464057338238e+04
  2.526038026887844e+09  2.917587045040852e+04 -1.656196790043367e+05
  2.525927066974572e+09 -3.082795934927254e+04 -1.819581982190637e+05
  2.526274163786444e+09 -1.460819452409866e+05  3.159510325477493e+04
  2.526090319356755e+09  8.491644418523685e+04  9.116949413320882e+04
  2.526189546133254e+09 -6.032287519477075e+03  6.545636608657287e+04
  2.526048094730129e+09  2.064484033396444e+04  1.224159086133495e+05
  2.526237988884633e+09  7.057018750336498e+04  5.134845592441782e+04
  2.526138892849108e+09  4.264940959817159e+04  1.084931631099101e+05
  2.526058476025010e+09 -4.253664163948013e+04  2.004937254514642e+05
  2.526122232110724e+09 -5.668151778527658e+04 -4.498878680167074e+04
  2.525947829154193e+09 -1.953048241135053e+05 -3.810981479308775e+04
  2.526050745045805e+09  1.058244433583156e+04  5.238460365437588e+04
  2.526299434524247e+09 -2.356939892177423e+04 -3.724205736793566e+04
  2.526166614366366e+09 -5.027814685112098e+04 -1.405279568905279e+04
  2.526121271110863e+09 -1.032766975495382e+05 -2.671888042914309e+04
  2.526258718793764e+09  8.732775849559298e+04 -7.102937926220172e+04
  2.526205698796832e+09  9.521051295853540e+03 -4.887238054836914e+04
  2.526206227724586e+09 -4.134546350947395e+04  9.708510017166182e+04
  2.526048001309031e+09 -9.674934563011536e+04  1.751218936073252e+05
  2.526041520353433e+09  8.741402690667892e+03 -1.185478969334577e+05
  2.526191810079472e+09 -8.272442229074592e+04  1.941009550033882e+04
  2.526151868907024e+09 -4.942541466194027e+04  1.647238575006323e+04
  2.526021107187314e+09  1.189810050751820e+05  5.461705962580373e+04
  2.526038640418267e+09  7.067154836619960e+04  1.199263056218578e+04
  2.526242699630741e+09 -4.858991588907782e+04 -1.298297706830536e+05
  2.526026991228706e+09  5.493254590883630e+04 -2.049351419267436e+05
  2.526222879677399e+09 -8.001636831559721e+04  1.162452016977405e+05
  2.526105630908438e+09  1.078466794424419e+05  2.759422340459218e+05
  2.525909834040089e+09  7.027475057632080e+04 -1.174304088115948e+04
  2.525960665248485e+09 -1.202180049199943e+04 -1.077065236531440e+05
  2.525943757455445e+09 -9.104850213050260e+04  4.184954360666370e+04
  2.526034142284658e+09  1.301745348896359e+05  2.272427496154313e+05
  2.526166932057335e+09  1.261675084046104e+05  8.495355625632673e+04
  2.526076714201060e+09  4.067369761035545e+03 -4.274589342838456e+04
  2.526321334416528e+09  9.249807495228073e+04 -1.177881010902040e+05
  2.526014223746241e+09 -3.677550425515929e+04 -5.646703309209965e+04
  2.526290160650447e+09  1.168438734699833e+05 -9.870506851082481e+04
  2.526280930803515e+09  6.905606119378516e+04 -1.327869657928403e+04
  2.526117018846714e+09  2.940401378991285e+05 -1.219391934536665e+04
  2.526053387043884e+09  7.046724214887799e+04  4.894557819015477e+04
  2.526286554588573e+09 -7.656188564703404e+04 -3.528208301699260e+04
  2.526126182139647e+09  5.909974561813293e+04  4.576968646767209e+04
  2.526027001089934e+09  9.136504363933066e+04  2.540545675676281e+04
  2.526222590936285e+09  1.598686679564579e+05 -1.045089337829619e+05
  2.526130232051084e+09  3.503306192655023e+04 -1.134512131912569e+05
  2.526167878674770e+09 -7.809792301425338e+04 -1.380978102919683e+05
  2.526170927942522e+09 -1.660518811788572e+05  6.171738812925669e+04
  2.526135608685997e+09  1.959220829781187e+05  1.080154246958087e+05
  2.526120808998370e+09  1.060737279450919e+05  3.338450570979097e+04
  2.525983031640323e+09  1.319205802437405e+05  9.286075507722632e+04
  2.526233820651611e+09  9.449028781139152e+04  1.223639041523742e+05
  2.526094716946465e+09 -4.528038128339731e+04  6.893514925800031e+03
  2.525992434524531e+09  1.050775340960911e+05  2.694242649953137e+04
  2.526144153324417e+09  6.880836290371299e+04  5.713743234637333e+04
  2.525988309770027e+09  1.140594810444273e+05 -1.277997671013104e+04
  2.526161189921403e+09  9.217094007011480e+04  1.149391551232274e+04
  2.526046044983451e+09 -3.397002122348524e+04  3.677357828795369e+04
  2.526122760166983e+09 -7.431192103420844e+04 -1.388115215116739e+04
  2.526235090159733e+09  1.178565958594370e+05  9.165699348676717e+02
  2.525991655875674e+09  9.268213088718778e+04 -3.011059579923493e+04
  2.525943728179472e+09  9.123735875997762e+04  4.394506155877333e+04
  2.526146028124011e+09  8.714208378480549e+04  1.165408918167141e+05
  2.526042195645427e+09 -1.046907328635356e+05  4.801260363492224e+04
  2.526200371093371e+09  1.177070475041581e+05  4.942467877874801e+04
  2.526168896211113e+09  1.058865157505963e+04  3.403731900582928e+04
  2.526150641395952e+09  1.301425568942231e+05 -8.705564859124494e+04
  2.525924999231337e+09 -2.021188704875915e+04 -6.740454537332745e+04
  2.525893225638065e+09 -2.632392921655108e+05 -9.494924527963751e+04
  2.525864626791637e+09  6.668076763339184e+04 -1.856952354002892e+05
  2.526092819340287e+09  1.028413535670717e+05 -2.486606607759733e+04
  2.526152136206892e+09 -5.054021828821459e+04  5.613862609341857e+04
  2.526113598482450e+09  1.728460704009212e+04 -7.150501661886729e+04
  2.526128166174267e+09 -6.625481618978723e+03 -6.388743479954009e+04
  2.526171509897655e+09 -1.252604654775973e+04 -5.443103708720813e+04
  2.526183571512395e+09  7.778929883543553e+04 -5.789499058113707e+04
  2.526122591906911e+09  3.065670734476706e+04 -4.409344064566470e+04
  2.526112609212343e+09  3.144267803842584e+05 -9.161799452510197e+03
  2.526196167421254e+09  5.844541843077142e+04 -3.950308902843588e+04
  2.526013446426641e+09  2.201909295497451e+04 -7.497614021961659e+04
  2.526239809652651e+09  5.564520320935419e+04 -8.605676327021042e+04
  2.526106888028617e+09  9.523181638097728e+04 -1.166212507771072e+05
  2.526173925452922e+09  2.466838220706955e+04 -2.066313959892925e+05
  2.526027199807619e+09 -1.145534354549228e+05 -1.699378288592484e+05
  2.526298446249339e+09 -1.606807455399954e+05 -1.053055812572572e+05
  2.526196137902189e+09 -1.763450359852950e+04  9.654602642117595e+04
  2.526008356370917e+09  1.903649331013390e+05  2.356236836693368e+05
  2.526405944728392e+09 -2.042186247609695e+04  1.619632091925382e+05
  2.525965572881165e+09  1.745612720304867e+03  3.664838202549331e+04
  2.526109091472286e+09 -1.793784898200573e+04 -9.957547232005745e+02
  2.526177175152843e+09  1.190070518857857e+05 -4.882074527895509e+04
  2.526087852173095e+09  2.358912948031933e+04 -1.703413305701587e+05
  2.526234357082152e+09 -5.778977636288130e+04 -7.064637162399304e+04
  2.526004251432052e+09  1.997602813231738e+05  1.842705717766205e+05
  2.526262560950542e+09 -1.046286978675306e+05  1.233325030304213e+05
  2.526156099268643e+09  1.761632915207830e+05  4.853695492415702e+04
  2.526089504477839e+09  1.406317804077234e+05 -2.425296045351989e+04
  2.526265119178796e+09  1.137732993248377e+05 -8.127537834668549e+04
  2.526196072084743e+09  4.981461325095978e+04 -5.240006286164594e+04
  2.526108626816348e+09 -2.624969738916436e+05 -1.445254514236122e+05
  2.526056419409156e+09  5.615418953043292e+04  3.241571884344076e+04
  2.526225109131070e+09 -6.928862030494929e+04 -8.708183119987516e+04
  2.526161157458952e+09  1.079199196952161e+05  6.674854330171458e+04
  2.526157049565891e+09  3.477477059164736e+04  1.280274234374097e+05
  2.526084307965204e+09 -1.594420826421469e+03  1.434608853301087e+05
  2.526139615149212e+09  5.885351425185800e+02  2.237478783314299e+05
  2.526180176597620e+09 -3.835387660971910e+04  4.921524160004768e+04
  2.525994616743349e+09 -8.188191849116777e+04 -1.419414028458008e+05
  2.526054820890738e+09 -1.091894898087497e+05 -1.299366088372387e+04
  2.526037022993493e+09  1.178194373649489e+05  9.879167157097685e+04
  2.526105091896976e+09 -1.150870947544954e+05 -5.329253436046711e+04
  2.525902952035821e+09  4.491203249920695e+04  6.101751173003594e+04
  2.526215473728408e+09  5.481652922312496e+04  2.165562712103410e+05
  2.526130813775239e+09 -2.635786284273490e+01 -2.336738181126211e+04
  2.526134569288366e+09 -3.441243664552679e+04 -1.650736302010866e+04
  2.526078938217778e+09 -1.513544406975086e+05  1.664092328107669e+05
  2.526095817614260e+09 -1.817157418335673e+05 -1.652064157293967e+04
  2.526240837543839e+09 -2.826764001747442e+04 -9.522292602344393e+04
  2.526146348942773e+09 -6.327023422267998e+04 -8.798155316991732e+04
  2.526199450463277e+09 -2.277028324016253e+03 -4.845885814255499e+04
  2.526083662507989e+09 -1.714727465543313e+05  1.846271729166603e+05
  2.526060974139319e+09 -1.436395214741806e+05  1.802660513108589e+05
  2.525947709749457e+09 -4.958001949948620e+04  8.079010530206899e+03
  2.526102451501841e+09  1.272880680263343e+04  1.732711019252275e+05
  2.526117961229939e+09 -6.654598068604991e+04  1.508482186418644e+05
  2.525977912105877e+09  2.481147427006540e+04  1.813350956785637e+04
  2.526015297661823e+09 -1.571388328971481e+04 -7.290752923406661e+03
  2.526063477710471e+09 -1.698032546097366e+05 -3.892001146352279e+04
  2.526128953298194e+09 -7.259905010936211e+04 -6.671818843438083e+04
  2.526092152283885e+09 -3.596423145656032e+04 -2.058336547971754e+05
  2.526124141743364e+09  4.689989553205320e+03 -4.175428136349563e+04
  2.525996884392322e+09 -2.979024962789100e+04  1.400537722483233e+05
  2.526101933003070e+09 -8.553920832468662e+03 -6.020302014857761e+04
  2.526013989515585e+09 -8.805619183349886e+04 -1.797078965174918e+05
  2.526209861952362e+09 -2.767222289403866e+04 -1.446494991767404e+05
  2.526124001973212e+09 -1.003170594613920e+05  6.928175414072396e+04
  2.526285036489585e+09 -2.745326888800112e+05  1.473372979134161e+05
  2.525953439275441e+09 -5.490928169648396e+04  9.837480120022083e+02
  2.526078336430241e+09  4.370660177023406e+04  8.897163295055507e+02
  2.526161709111810e+09 -1.161052318523581e+05 -2.600653442164836e+04
  2.526203093060383e+09  6.879071924908725e+04 -1.396894132465131e+05
  2.525957439142632e+09  1.889805024688237e+04  9.648246338004922e+04
  2.526082954948801e+09  2.883234436558117e+04  1.033668120804081e+05
  2.526310278241273e+09 -9.237824307313457e+04 -3.155684092126373e+04
  2.525942670401283e+09 -1.662932780442786e+05 -1.208778833248047e+05
  2.526060939570652e+09  3.884013626566448e+03 -1.469742898565286e+05
  2.525985579365700e+09  2.562593076850346e+04 -6.573616892149253e+04
  2.525839808445952e+09 -1.624158889233873e+05 -6.206456231215841e+04
  2.526237885047840e+09  2.584635000383002e+05 -1.007505121431815e+05
  2.526141317794012e+09  8.463699466374703e+03 -1.176895179789704e+05
  2.526099146537398e+09  3.486281969096878e+04  1.949274551464175e+04
  2.526175209673706e+09 -3.537628264886036e+04  6.221974714686396e+04
  2.526052335442149e+09 -2.923771082484943e+05  1.508451653947672e+05
  2.526185716180445e+09  7.939648130657244e+04  1.079342741134240e+05
  2.526107802295581e+09  6.716527694633824e+04 -3.476175862671388e+04
  2.526064542872774e+09 -1.911481069726334e+05 -1.790596630833056e+04
  2.525981592146474e+09  1.495475114692089e+05  4.098902657368404e+04
  2.526163607443873e+09  1.434979898916725e+05  1.691968132704929e+05
  2.526026860682045e+09 -1.063856652268098e+05  1.133551782958924e+05
  2.525966060148546e+09  5.524607996928971e+02 -1.378423946973758e+04
  2.525906996027382e+09 -7.983299695148936e+04 -7.579520323928841e+04
  2.526034708805129e+09 -3.552017565525742e+04  1.491988310228242e+04
  2.526148935975648e+09 -5.344232563633606e+04  1.450828571851413e+05
  2.526107731693232e+09 -1.258511745633239e+05  5.356650507802982e+04
  2.526090308211868e+09  6.763848434972693e+04 -1.507595914192619e+05
  2.526029780166756e+09 -7.656965543062170e+04  1.849126527875615e+04
  2.526115136546981e+09 -4.410053930088342e+04 -1.906809774229698e+05
  2.526064188079858e+09  1.043163923362206e+05 -3.014629123372526e+05
  2.525986569551123e+09 -1.353552473959923e+05 -7.210421913009277e+04
  2.526064852292274e+09  1.119594855356710e+05  2.703817606522108e+04
  2.526156831626615e+09  2.240674389206286e+04  5.524235569972848e+04
  2.526125032966033e+09 -7.488922675733932e+04 -3.021796863661107e+04
  2.526236703958065e+09 -1.016741447067018e+05 -2.225013850217161e+04
  2.525963721867332e+09 -5.040651380105497e+03 -2.667399973475537e+04
  2.526200889040292e+09 -1.339267628895316e+05 -5.150237306702952e+04
  2.526085693087129e+09 -1.268493699591132e+05  1.672065274373742e+05
  2.526126823373946e+09  2.396246686286996e+04  1.373315237252990e+05
  2.526315062876668e+09  4.417695671641501e+03 -8.421576443267387e+04
  2.526317264983757e+09  1.309192760142217e+05 -6.680820274817687e+04
  2.526133482632303e+09 -1.491311283606106e+05 -1.316969465030128e+05
  2.526108573269278e+09  3.453923516591487e+04  9.446575290855282e+03
  2.526193729203439e+09 -2.044079876228962e+05  6.894060142454295e+04
  2.526111605393766e+09 -3.680829340066749e+04  5.137064877558639e+04
  2.526119052077277e+09  1.629757899571280e+04 -2.860018771033612e+04
  2.526118511510648e+09 -3.745610012921481e+04 -1.201333779076324e+04
  2.526129899638022e+09  1.653338031848255e+05 -7.246530667530606e+04
  2.526051888881511e+09 -7.697395076437481e+04 -6.717056811890763e+04
  2.526165672970621e+09 -1.018201103144962e+05  4.010740643049800e+04
  2.526135347246325e+09  6.699186904894363e+03 -4.113249434209452e+04
  2.526096501455872e+09 -8.160732975249860e+04  3.393740193297388e+03
  2.526195718154490e+09 -2.255062611291511e+04  1.334655410501111e+05
  2.526059807624480e+09 -1.093172281988228e+05  9.878156084249308e+04
  2.526056474223233e+09  5.310845642772831e+04 -2.779166956435959e+04
  2.525969278519934e+09 -1.960054254641500e+04 -9.275917715386819e+04
  2.526144061998640e+09  1.466349364194684e+05 -2.252507515629265e+04
  2.526241390231726e+09 -1.560298286300477e+05  6.250982793892908e+03
  2.526073475987345e+09  7.843212920499872e+04 -1.689451280828367e+05
  2.526183586555670e+09 -3.316742107403185e+04 -2.163759258107552e+05
  2.526197934996088e+09 -1.194314166993927e+04 -8.896888289165916e+04
  2.526129894628132e+09 -8.405953474792885e+03  1.632384595405218e+05
  2.526011748431271e+09 -9.123900873730541e+04  4.556783900533733e+04
  2.525986140915161e+09 -8.346885025891999e+03  1.009787963620794e+05
  2.526031587149828e+09 -1.686574747392003e+05  1.026173505719799e+05
  2.526245829449326e+09  5.912353762770185e+04 -5.867802220271016e+04
  2.525924705818008e+09  1.421654992683613e+05  1.626230046314715e+05
  2.525973259555787e+09 -5.284323231508001e+04  1.051508104603153e+05
  2.526051470942392e+09  2.358276877762843e+04 -2.099728682432492e+04
  2.526135629622029e+09  5.669062035825336e+03  2.476495418079547e+03
  2.526327488054722e+09  1.200571399490605e+04  1.387813723987630e+05
  2.526247071899859e+09 -1.108163361303904e+04  1.729719308236183e+05
  2.526079656380405e+09  6.727031143259074e+04  6.495731097468524e+01
  2.526186522089191e+09 -3.349851282428252e+03 -9.901931847030483e+04
  2.526206904266253e+09  3.772735000945791e+04  1.000523442770350e+05
  2.526077615084325e+09  6.332893807347125e+04  1.016270023873245e+05
  2.526228879593580e+09  8.289602506262227e+04 -3.611639898826601e+04
  2.526195794326626e+09  6.450305110068258e+04  1.353230458285052e+05
  2.526156080270745e+09 -7.297906569521828e+04  1.409131032647076e+05
  2.526044036518088e+09 -3.522065741061629e+04 -4.517093768171151e+03
  2.526058916558181e+09 -2.156174329389697e+05  5.882982741798181e+04
  2.526244361258251e+09  2.516255914226900e+05  3.182650928394380e+04
  2.526075797443649e+09  4.296455966952373e+04 -5.826578612806904e+04
  2.526114476902701e+09  7.109701201706845e+04 -6.674060485193564e+04
  2.526144541277579e+09 -6.277565017348737e+03 -3.141772060392937e+04
  2.526073484482367e+09 -1.141635324381245e+04  1.429898880361965e+05
  2.526303585281796e+09 -1.638149890115321e+05  1.783139061789785e+05
  2.526266859722258e+09  1.766633240814856e+04  1.126283157849560e+05
  2.526018387175975e+09 -1.347409677722736e+04  1.793570579022074e+05
  2.526160865484815e+09  6.230265978518338e+04  7.852927062037897e+04
  2.526290659450835e+09  7.811725056414522e+04 -4.215210992186610e+04
  2.526195688189204e+09  2.319186240350985e+04 -7.391952027639025e+03
  2.526174627125676e+09  8.642738660652842e+04 -3.455588903210557e+04
  2.526203542398286e+09 -9.091941109022824e+03  1.356208969255863e+04
  2.526289141606390e+09 -3.849897129251203e+04 -5.441786803775700e+04
  2.526273981103092e+09  7.395653867063345e+03  5.561849338446697e+04
  2.525968880242785e+09 -7.683877177305910e+04  1.644861879471439e+05
  2.526079132685021e+09  1.035147498937220e+05  7.274690648295300e+04
  2.526077353832179e+09 -1.708060696487431e+04  6.081422979917459e+04
  2.526243713576650e+09  1.381634758588044e+05  3.777841072800860e+04
  2.526127133166917e+09 -1.457527581372649e+05 -2.017239974739016e+05
  2.526198604369130e+09 -1.008623240101256e+04 -1.082010735376119e+05
  2.526034880594984e+09 -9.556099754348025e+04  4.918920636190544e+04
  2.526112461242979e+09 -1.733600938743795e+03 -1.021485689677065e+04
  2.525996378098521e+09 -6.704149639467092e+04 -3.077636153398897e+04
  2.526331802536284e+09 -2.597521728048567e+03 -1.430346197156876e+05
  2.526045535866423e+09  1.185922990576380e+05 -1.725729602988500e+05
  2.525875970333738e+09  2.626404805904720e+04 -6.770611602883739e+04
  2.526209462002484e+09  3.803412279350427e+04  9.657705681181327e+04
  2.526123311364455e+09 -6.530499025315046e+04  1.125999061541781e+05
  2.526153326406450e+09  9.878449632799299e+04  2.704826535679412e+04
  2.526155995721803e+09  1.789265248133260e+05 -1.048975751395978e+03
  2.525992056754105e+09 -8.766552424961817e+04 -8.717303559776579e+04
  2.526013957020276e+09  7.924597368161485e+02 -1.417924194502275e+05
  2.526024704351484e+09  3.872588799230906e+04  2.591795379425224e+04
  2.525921508574000e+09  4.076153103150171e+04  9.090869087845937e+04
  2.526253657591136e+09  4.185174632274627e+04 -2.455026852893643e+03
  2.526117231122033e+09 -8.904556165830977e+04  1.477179650806731e+05
  2.526125643591382e+09  1.023130391158564e+05  5.343596414803527e+04
  2.526048604046609e+09 -2.965293050611159e+04 -2.228285249101697e+05
  2.526036615247751e+09  2.634442059770896e+03 -1.022723791819324e+05
  2.526261595121389e+09  1.698619982279078e+05 -7.934468779335089e+04
  2.526107050591244e+09  9.581430852247169e+04  8.538457909807644e+04
  2.526264879070552e+09 -1.666610463564657e+04  1.575417125088722e+04
  2.526164520268831e+09  2.510116089047788e+04 -1.593128010078486e+05
  2.526185834593140e+09  4.335320226676227e+04 -1.915830410469323e+05
  2.526081909040291e+09  1.961081459506173e+05 -5.688413283765799e+04
  2.526001174286167e+09  1.192050948645659e+05  1.033448121488467e+04
  2.526205205120049e+09 -2.015877304276334e+05  2.354508297980216e+04
  2.526054608079428e+09  1.289770328774148e+05  2.681512926837220e+04
  2.526027433611271e+09 -9.744998052399885e+04  4.747986189299903e+04
  2.526207456959890e+09  4.878070109523128e+04 -1.141486637670784e+05
  2.526104196579014e+09  3.993612760787364e+03 -6.291031367115513e+04
  2.526111507753073e+09 -1.085242735557914e+05  3.813097632113390e+04
  2.526338947051335e+09  1.452176117701870e+05 -4.109924015632353e+04
  2.526206737279437e+09  1.580672557345888e+04 -6.352000531561649e+04
  2.526165985752652e+09  8.191397151991399e+04 -6.474589669480803e+04
  2.526229184817999e+09  1.828634881448825e+05  4.967409167762808e+04
  2.526154847438790e+09  2.859423646628927e+04 -4.812906658901251e+03
  2.526251712451647e+09 -1.382434001019633e+05 -1.217636166658771e+05
  2.526170460156536e+09  1.688779889506032e+05  5.683019137948280e+04
  2.526194992126180e+09  4.202645481428830e+04  6.009488362264571e+04
  2.526144503048877e+09  3.249448165175058e+05 -6.703996009368228e+04
  2.526123912295749e+09 -1.348415498270768e+05 -2.481228370251352e+05
  2.525781976564867e+09 -5.855472081794380e+04 -2.523619614165419e+05
  2.526206261620379e+09  1.558225036630162e+05 -1.418032017917482e+05
  2.526011164792907e+09  1.322994428141357e+04  4.545342842529644e+03
  2.526074910496737e+09  1.993808343094427e+05  1.887327344812555e+05
  2.526087747324454e+09  2.010132682983112e+04  1.413628326250853e+05
  2.526254126813474e+09  2.023623238478741e+04 -7.992071544455292e+03
  2.526002280362153e+09  1.450617655437728e+05 -1.379026474184318e+05
  2.526236745171544e+09  7.462802093330756e+04 -2.643682192059158e+05
  2.526035425501081e+09  1.904016211807070e+05 -1.498516820130460e+05
  2.526364376114001e+09  8.899051900966838e+04  1.259915373766634e+05
  2.526078011268722e+09  3.982067418226379e+04  4.356443701925804e+04
  2.526320555306845e+09 -9.297359725932818e+04  1.551691690867502e+05
  2.526172058407277e+09  1.214486097148721e+05  1.400349865085975e+05
  2.526147828432190e+09  1.140546418496594e+04 -1.884487017037580e+04
  2.525941489617629e+09  9.585450780189596e+04 -6.666085675386922e+04
  2.526037371752666e+09 -1.349464126903928e+05  2.889440141132683e+03
  2.526063188561271e+09  5.593068219007854e+04  4.332357833609625e+04
  2.526050823728354e+09  5.533532563009358e+04  1.311439967006515e+04
  2.526348398129797e+09  1.127015459519764e+04 -9.124411374838065e+04
  2.526205918976904e+09  1.262522917031493e+05 -1.499208028098959e+05
  2.526276533946235e+09  9.480472115908400e+04 -5.719247319936310e+04
  2.526135647007825e+09 -1.556189451558302e+05  8.772286926620887e+03
  2.526146861151763e+09  1.537462725362368e+04  1.020830160350993e+05
  2.526139589045295e+09  1.698917624018807e+05  1.157053871754539e+05
  2.525928230655763e+09  2.242093689216182e+05 -9.089575144070573e+04
  2.526324076985954e+09  4.583118480627798e+04 -1.038721872633601e+05
  2.526064004033939e+09  4.740764074153313e+04 -1.127151526880872e+05
  2.526019488732879e+09  1.151850099582039e+04 -3.739696941619227e+04
  2.526116812675298e+09 -1.170095228712799e+05 -2.245366691483313e+04
  2.526132648580550e+09  1.722193179484028e+05 -9.818068820445574e+04
  2.526081743829872e+09  2.406508485101434e+04  6.095025697013689e+04
  2.526081786058650e+09 -5.402035506702960e+03  1.951591848989134e+03
  2.526216765133897e+09 -3.243112617864535e+03 -9.963763648262783e+04
  2.526048953473510e+09  1.073141155013859e+05 -6.271147238119401e+04
  2.526031687423146e+09 -1.897324812601118e+05  3.686272081333115e+04
  2.526064419554679e+09 -8.090677555503999e+04  1.041884033914779e+05
  2.526080635154661e+09  1.511820603433182e+04  7.190567476395157e+04
  2.526094449495005e+09 -1.250376091510404e+05 -6.376502844551840e+04
  2.526198599407376e+09 -1.677309660648089e+04 -1.726050132741788e+05
  2.526255387087269e+09  9.734292253904406e+04 -5.539229415289406e+04
  2.526171553005128e+09  6.358679853143590e+04 -1.505449750792998e+04
  2.526099041399317e+09 -4.240850427250494e+04 -4.144085695877890e+04
  2.525972926823889e+09  5.174648873123265e+04 -1.250890165328130e+04
  2.526073338865728e+09  1.158061269860622e+04  1.807552174007187e+05
  2.526113057733468e+09 -2.533941043903325e+05  4.466210516984714e+04
  2.526112789293056e+09  2.487948497304379e+05  8.584824771223089e+04
  2.526103525516927e+09  5.320964530183212e+04 -1.907496464421623e+03
  2.525962045452905e+09  1.075824866373858e+05 -4.502824911040557e+04
  2.526215363454659e+09 -2.909754044894374e+04  4.703470028833579e+04
  2.526100282366761e+09  5.568013832795963e+04  3.359148438490136e+04
  2.526148142477605e+09 -1.967700284051807e+05 -1.174992077168380e+04
  2.526207526015070e+09  8.706869003793516e+03  7.940980313650798e+02
  2.526100165506880e+09 -5.145235116716963e+04  1.253313552377155e+05
  2.526183272382623e+09  6.560336491521564e+04  1.233787823248358e+04
  2.526257046498860e+09  1.274963330375197e+05  3.482348596608848e+04
  2.526154258834584e+09  6.295809459249233e+04  9.256707764913188e+04
  2.526235653880229e+09 -1.719815254299305e+05 -5.403715467409592e+04
  2.526040546557352e+09 -1.137504537674891e+05 -1.892175812009820e+05
  2.526211508721899e+09 -2.141793249465281e+04  1.364314303562883e+04
  2.526152882360852e+09 -9.638995129593386e+04  1.347528840790899e+05
  2.525992407544803e+09 -2.530707555079407e+05  2.169738040468299e+05
  2.526275540586610e+09 -1.978448412401660e+04  1.425453723883576e+05
  2.526106328488625e+09 -7.490247128274012e+04 -2.156131645354012e+04
  2.525988357615068e+09  3.934613256246853e+04 -8.481476483820926e+04
  2.526198352073568e+09  1.107340742282593e+04 -3.350261925165833e+04
  2.526174850147350e+09 -3.372891300460976e+04  3.040315692340251e+04
  2.526089034901481e+09 -1.590219136810021e+05  1.935614414509139e+05
  2.525973100978391e+09 -7.675498586172360e+04  1.115958949589749e+05
  2.526139617918483e+09 -5.311140750341816e+04 -5.820891389362240e+04
  2.526095721559706e+09  4.590580241954367e+04  8.356757534829481e+04
  2.526218466741729e+09  8.621857548570260e+04  2.678621307862274e+05
  2.526192127845679e+09 -3.631204032074939e+04  6.478897636402916e+04
  2.526273367593412e+09 -1.903575073765060e+05 -4.795154740628717e+04
  2.526061999301536e+09  4.330452489106823e+04  4.797702708903188e+04
  2.525982915985404e+09 -1.284887878337833e+05 -1.301634480720374e+04
  2.526081554799048e+09 -6.463456585276150e+04 -9.120914966912277e+04
  2.526130300881057e+09 -2.614040840014801e+05 -1.345532481115890e+05
  2.526144364801644e+09  3.179295274748874e+02 -1.569650626956425e+05
  2.526115663428852e+09  4.408181204774958e+04 -1.601278803250100e+05
  2.526142388290949e+09 -8.631318145356467e+04 -2.483054055520212e+05
  2.526203488634958e+09 -4.470692710406063e+03 -1.464064519164510e+05
  2.526205170748686e+09  1.934654143525247e+05  5.526176695881260e+04
  2.526064201446454e+09 -1.839197134591806e+05  5.067051388410944e+04
  2.525967083423313e+09 -1.499389351493701e+05 -1.435821060039604e+04
  2.526105965671829e+09  3.278041013557278e+04  9.620631312730839e+03
  2.526121908715024e+09 -1.252608456860032e+05  5.042143371435185e+04
  2.526256855292769e+09  9.869465925613185e+03  7.747118506018142e+04
  2.526094655301647e+09 -2.128229916022508e+05 -6.795450811728579e+04
  2.526061469941679e+09 -4.878470294449668e+04 -8.081428937761608e+04
  2.526001556867754e+09  7.636469978677738e+04  7.595325167951887e+04
  2.526052586756905e+09 -7.886064426593832e+04 -5.704516208203661e+04
  2.526173507132303e+09 -1.785963880640734e+05  3.520066099714179e+04
  2.526134135190695e+09 -2.169928597911511e+05 -3.469365406775428e+04
  2.526219852981713e+09  5.121050535252178e+04 -1.213455030830880e+05
  2.526019161310934e+09  8.499446865298285e+04  8.352340887778252e+04
  2.525985886967304e+09 -1.419085805391334e+05 -3.164968970295205e+04
  2.526312198490600e+09 -7.863133575415309e+04 -1.223128207595516e+05
  2.526116033313190e+09  1.613263081607746e+05  2.885799094709568e+04
  2.526088200040186e+09 -1.322937747521594e+05 -1.521944715104066e+04
  2.526106229979392e+09 -9.996363812232856e+03  1.466055905982770e+04
  2.526023039984897e+09  7.370431561265618e+04 -1.065605967895442e+05
  2.526115047788123e+09 -9.262041774657019e+04 -1.554247236730122e+05
  2.526025404717315e+09 -3.134562016806589e+04 -1.570000437634578e+04
  2.526110277286431e+09 -1.844412550161253e+05 -1.005404095937707e+05
  2.526023173133829e+09  3.145270340837166e+04 -8.728743566658359e+04
  2.526167060092971e+09  2.305562875673827e+04 -2.505459696574672e+04
  2.526167133499649e+09 -1.109204184955601e+05  1.179710047150486e+05
  2.526118601902125e+09 -2.241288939210586e+05  7.225714511240297e+04
  2.526270198483330e+09  7.522839988335967e+03  6.876522303764042e+04
  2.526147306840545e+09 -1.419654539286341e+05  1.791819696425592e+05
  2.526250532267449e+09  2.942074231951818e+03  1.316868650391400e+05
  2.526003114722551e+09  2.053182888390287e+04  7.732890205928218e+04
  2.526067181577945e+09 -3.426740954915527e+04 -3.642353291062592e+04
  2.526187997132796e+09 -1.841925315917638e+05 -1.107409689766882e+05
  2.526331526273238e+09 -3.286737547002669e+04 -6.685593810719402e+04
  2.526203395260655e+09  3.979260092865373e+04  8.130103758308711e+04
  2.526127660375998e+09 -1.400915201694646e+03  2.931661898238794e+04
  2.526111400060436e+09  1.257855359506967e+05 -3.417633517679409e+03
  2.526047183441022e+09  1.054781961075622e+05 -1.395276142656279e+04
  2.526054834758052e+09 -7.243212389167654e+04 -1.078375890117640e+05
  2.525977021475315e+09  5.270226571039949e+04 -1.291181924884476e+05
  2.526154284011177e+09  9.487122932509810e+04 -8.668357604809338e+04
  2.526245473961119e+09 -1.121255766935061e+05  2.997144823954906e+03
  2.526200428878241e+09  5.157353171643597e+04 -4.173464540248382e+04
  2.526011693453881e+09  1.116611888454936e+05 -1.593774357631524e+05
  2.526009440111203e+09 -5.461566780441441e+04  4.443849233782734e+04
  2.525997773079138e+09  4.289883033028460e+04 -1.997369778827950e+04
  2.526271429633012e+09  1.947804204122121e+05 -1.442765124315690e+05
  2.526043508393805e+09  1.278394966152388e+05 -1.014710111040034e+05
  2.526143138816419e+09 -1.776423271396816e+05 -1.421241054970163e+05
  2.526055793528443e+09  2.761612186935521e+04 -1.573986459441197e+05
  2.526045312873994e+09 -1.476031471193574e+05 -2.576572117176911e+04
  2.526055526662318e+09  4.072254420520924e+04  8.185032070485537e+04
  2.525950223642983e+09  2.304797904842508e+05 -3.543359680500152e+04
  2.526079648603972e+09  2.252752018328983e+05 -1.068115844646625e+05
  2.526100198932117e+09 -1.163154027410905e+05 -1.267271200479830e+05
  2.526267387350303e+09 -7.406584141338151e+04 -3.947226530216465e+04
  2.526167168346869e+09 -5.237924389618880e+04 -2.803396581965731e+04
  2.526053787949484e+09 -1.044629673064173e+05 -7.027568364701280e+04
  2.526054249755845e+09  6.917576186510932e+04  8.888831319311098e+04
  2.526079008578444e+09 -7.879388299526303e+04  1.767963728433253e+05
  2.526230717926716e+09  8.264655732653057e+04  1.635820362381460e+05
  2.526031579221023e+09  9.356334059915668e+04  9.577885959373263e+04
  2.526197131880360e+09 -6.065919251622097e+04 -3.532230450307473e+04
  2.526228367227447e+09  2.129201414477166e+05 -1.844282770778670e+04
  2.526046040898981e+09 -6.880379311489567e+03  9.156164963863441e+04
  2.526065041829640e+09  1.215851799995673e+04  2.571721191488195e+04
  2.526075342649417e+09 -1.717293481963233e+04 -9.033734844905591e+04
  2.526159042502164e+09 -3.967515511051053e+03 -6.554622166372417e+04
  2.526083268785381e+09  1.210235667165392e+04 -6.383278805336973e+04
  2.526224670054467e+09  1.414173371425371e+05 -1.077412294506493e+05
  2.526320295205136e+09 -8.703125236585247e+04 -1.161441529277051e+05
  2.526142856376277e+09 -6.858728226963896e+04 -6.490546557488723e+04
  2.526161639452971e+09 -1.156764839791089e+05 -6.701438883008252e+04
  2.526274863147238e+09 -1.257273046654747e+05 -5.528538919767260e+04
  2.526116621803650e+09 -3.331799356156751e+04 -9.460534665624145e+04
  2.525954402489814e+09 -2.393474396681910e+05 -1.483344854267912e+05
  2.526024350300015e+09  5.039102365838923e+04 -1.139016979125266e+05
  2.526084922097246e+09  2.598807531673554e+04 -9.784469821455376e+04
  2.526052928066930e+09 -4.321839225574268e+04 -2.080448317281960e+05
  2.526057823404468e+09  1.061041690504185e+05 -1.189867931476309e+05
  2.526212790585652e+09 -7.412790508213284e+04  1.190147232534522e+05
  2.526310119541444e+09  4.670363029996073e+04  1.933117373044048e+05
  2.526175288590326e+09  1.201544690279197e+04  1.846518932013279e+05
  2.526005082750157e+09 -9.379220167922732e+04  8.314017146500642e+04
  2.526096351733816e+09 -7.073970087704482e+03 -7.303758773400218e+04
  2.525981078520726e+09  1.441052894318406e+04 -8.176338828801806e+04
  2.526039451104763e+09 -2.356212834262173e+04 -2.258627606321187e+04
  2.526114652882542e+09  9.863376392791746e+03 -6.391415036534402e+04
  2.526157942308089e+09 -3.302974405433959e+04 -8.116787223019521e+04
  2.526202759452979e+09  3.347702998521156e+03  4.391515597334027e+04
  2.526177067822732e+09 -6.232714322068007e+04  2.499006762051396e+04
  2.526203461170919e+09 -4.981519312679209e+04 -4.917875108751978e+04
  2.525904120340417e+09 -5.907324438160588e+04  5.959699902841798e+04
  2.526113401822720e+09 -9.565761146097677e+04  1.090768797234406e+05
  2.526051084481893e+09  7.329559913152602e+04  5.081523096756893e+04
  2.526183168190128e+09  7.487311577492044e+03  6.261288233089261e+04
  2.526234046081940e+09 -7.569375728293497e+03 -2.686435723643721e+04
  2.526125575835838e+09  3.045386818448588e+04  1.062344178186366e+03
  2.526167198112614e+09 -1.698423512156322e+05  1.352458904314170e+05
  2.526081036353553e+09 -1.102302579355734e+05 -4.098969501344184e+04
  2.526134233071691e+09  3.502526011496986e+04 -4.671597524818161e+04
  2.526277658977764e+09 -1.863646741266421e+05  9.958844814006827e+04
  2.526275530717673e+09  1.812633901500097e+04  1.018036763271193e+05
  2.526044326494595e+09 -1.434179944753321e+04  4.261249203290249e+04
  2.526109480819578e+09  3.248470238741511e+04 -3.017177561173437e+04
  2.526213338309256e+09  4.197356597984637e+04  7.801852300423197e+03
  2.526109648101446e+09 -6.980874558224180e+04  1.082634023420427e+05
  2.526191645635703e+09 -4.055196368713689e+04 -4.897439100611710e+04
  2.526238358834732e+09 -1.414458099292617e+05  2.475609654794674e+04
  2.526078159605755e+09 -6.333460464278841e+04  1.874392233241244e+05
  2.525882277493546e+09  4.955430837027682e+04 -3.297728596659063e+04
  2.526099938260056e+09 -2.678399132418433e+04 -1.423469352572564e+05
  2.526167469770791e+09  7.975673849127674e+04  7.142014187872305e+04
  2.526221157244162e+09  9.529069259748224e+04 -1.020789716237376e+04
  2.526125141191134e+09 -1.528883177627308e+05 -1.243530328951354e+05
  2.526138591246337e+09 -7.720995068454785e+04  1.726802513895149e+04
  2.526078143923590e+09 -9.717672508156183e+04 -1.676245498313213e+04
  2.526256778983495e+09 -1.065909320532116e+05 -1.639276897756013e+05
  2.526250087512476e+09 -1.017770367522701e+04 -7.964150169839605e+04
  2.526002724538671e+09  5.376481684830505e+02  2.287378559840366e+04
  2.526098669432511e+09 -1.458299777075402e+04 -8.077939206349873e+04
  2.526131230681020e+09  5.157928332809330e+04 -5.293143316558978e+04
  2.526261534192077e+09 -4.702646750846843e+04 -4.209720347335888e+04
  2.526154536536533e+09 -5.906458701652801e+04 -5.871189731850667e+04
  2.526297614352055e+09 -1.507829550619080e+05  4.309495213759848e+04
  2.526304024622030e+09  7.333678159975074e+04  6.997490096465778e+04
  2.526267801264849e+09  9.854060517171863e+04  2.389405773121469e+04
  2.526166795862614e+09 -1.677637375587737e+04  4.452622760278988e+03
  2.526226521780402e+09 -1.530264423020658e+04  5.321317765250721e+04
  2.526212932062150e+09  1.976426644259730e+05  1.145107717408747e+05
  2.526265037239579e+09 -1.025700194151700e+05  3.188722954114500e+04
  2.526152818910371e+09  2.856874898353359e+03  7.224965955289837e+03
  2.526131992982098e+09  3.655508830835938e+04  9.765973638916458e+04
  2.526017382342849e+09  6.008056498326163e+04  4.364247468871297e+04
  2.526162625585987e+09 -1.229870708526336e+05  9.089256501177337e+04
  2.526141038426140e+09 -2.107705511038401e+04  1.327106865048355e+05
  2.526136890954909e+09 -2.017618581200938e+04 -3.767142285983637e+04
  2.526069263127922e+09  2.239227985503982e+05 -6.916829126820923e+04
  2.525977915655536e+09  1.559457259150097e+05 -1.533276211801576e+05
  2.526219459963108e+09 -1.924362763802148e+04 -7.306349899462424e+04
  2.526050387526101e+09 -1.640921718468796e+04 -6.551654752198909e+04
  2.526215667139127e+09  3.279728296237299e+03 -6.836005680021364e+04
  2.526082257876993e+09  7.037961857892177e+04 -5.220803099504579e+04
  2.526086615216921e+09  3.657051247665533e+04 -3.442449836557452e+04
  2.526171844811873e+09 -1.005024926276590e+05  5.686174764036131e+04
  2.526109767951881e+09  1.509996966287866e+04  1.604840816228676e+05
  2.526048919287339e+09 -9.160248434031976e+04 -1.001714387427607e+05
  2.526127339978081e+09 -8.813919515021436e+04 -1.304922432885182e+05
  2.526130238587466e+09 -6.494663484371372e+04  1.048099655018650e+05
  2.526047958499372e+09 -2.932027547620272e+04  1.384228282630351e+05
  2.526048991484402e+09  7.228365366097132e+03  3.142132860737515e+04
  2.526195488585981e+09  1.122201412967064e+05 -1.822247443903016e+04
  2.526252556880254e+09 -1.536420652459667e+04  8.330644342089475e+04
  2.526167263596985e+09  9.990473821353313e+04 -3.070587928894255e+04
  2.526219701944228e+09  1.661120999264785e+05 -7.485966881002113e+04
  2.526181334815155e+09  1.433665788191557e+04 -2.312731091122096e+04
  2.526057060221566e+09 -5.263073239936086e+04  1.632085345923930e+05
  2.526079541813344e+09  1.594887354329523e+05  1.221122015382017e+05
  2.526063311699800e+09  1.479118264912802e+05  4.775759209440238e+04
  2.526151902704059e+09 -1.155652637541760e+04 -1.022552233016547e+05
  2.526080343063305e+09 -1.320604861856056e+05 -1.278004549395733e+05
  2.526163062168584e+09 -3.781750258276891e+04  9.883128182848834e+04
  2.526264724323432e+09 -8.412623713346547e+04  1.599508596607390e+05
  2.526179187317230e+09  1.468932371944189e+04  4.700211794120283e+04
  2.526082796604156e+09 -1.035230302550632e+05  5.894003277214780e+04
  2.526353768808478e+09  2.950914934305614e+04  8.996188639823301e+04
  2.526088208803045e+09  3.637600254144761e+04  1.077310399640924e+05
  2.526077276119745e+09  3.006378573171443e+05  5.107604291711483e+04
  2.526146153777375e+09 -6.109694055818254e+04 -8.203281821155222e+04
  2.526175869820883e+09  3.562378629857069e+04  3.458933392068231e+04
  2.526319208297949e+09  6.523297366328444e+04 -1.240136904961719e+04
  2.526223523243505e+09  7.687041791368765e+04  8.078642322455067e+03
  2.526234076033971e+09 -4.235275346766086e+04 -9.567923525495734e+04
  2.526141136171299e+09  9.492265962040017e+04 -1.874531152119216e+05
  2.526161792198971e+09  9.896857881896012e+04 -7.766099053040723e+04
  2.525980533523780e+09 -2.640385964800790e+04  8.284882779757166e+04
  2.526073722319698e+09 -8.199811330582411e+04  1.205623261492804e+05
  2.526163449869846e+09 -3.784328771268483e+04  1.774901012646861e+05
  2.526230683874099e+09 -7.100628514573787e+04  4.235448798352561e+04
  2.526239261344063e+09 -9.427790898839012e+02  1.577718940691068e+04
  2.526300540617053e+09 -4.961474919118593e+04  7.648948950428749e+04
  2.526163157156022e+09  8.726155838605599e+04  1.336145263236974e+05
  2.526183748853965e+09  1.625636745054286e+04  3.253628281920112e+04
  2.525964349458282e+09  1.798760811635992e+05 -1.518404488242232e+05
  2.526262352568504e+09  7.065504763537040e+04  2.690406537874338e+04
  2.526083333443270e+09  4.693685658439202e+04 -2.132508484380124e+05
  2.526367449053600e+09 -1.635496982969904e+05 -8.863996432754904e+04
  2.525938572653518e+09  1.383728039962298e+04  3.305747634426306e+04
  2.526166194797446e+09 -9.253899917662796e+04 -9.579635976913502e+04
  2.525932331407745e+09 -8.755305862004991e+04  2.532283042655210e+04
  2.526170848720516e+09  3.944902178291057e+03  7.881582736864476e+04
  2.525939898180753e+09 -8.639683369285869e+04  2.238046137791080e+04
  2.526037484986877e+09  7.105386117685121e+03  7.995096775769070e+04
  2.526245103343721e+09  1.302008859397611e+04  1.063864782538873e+05
  2.526199856080167e+09  6.651305422179232e+04  8.385001903602295e+04
  2.526216913908607e+09  7.876975659038697e+04  7.486411975043261e+04
  2.526098542148793e+09  3.891101766088931e+04  1.823517471427562e+05
  2.526217451042390e+09  4.021895733297709e+04  1.330074276036303e+05
  2.526195917463948e+09 -6.012707709645957e+04  2.219862313102128e+04
  2.526097236875556e+09 -7.803888266930706e+03 -7.847293383343006e+04
  2.526196061580336e+09  2.104198325199079e+05 -1.594358488525632e+05
  2.526117398928264e+09  5.350567522637709e+04  4.695786757355323e+03
  2.526120781795678e+09 -1.078990493109971e+05  3.701755441084411e+04
  2.526162620565273e+09 -4.559975552943442e+04 -3.738189153809508e+04
  2.526040492130131e+09 -1.299237011455279e+04 -1.469967167688049e+05
  2.526117449966134e+09  4.430615005187108e+03 -1.064385924491017e+05
  2.526111127348347e+09 -7.995865187867811e+04  1.002658083491682e+05
  2.526168314967109e+09  1.205897186186933e+04  5.484787643628707e+04
  2.525981808187673e+09  1.589905362726342e+05 -8.322580150620325e+04
  2.526169776778544e+09 -1.468389183773841e+05 -1.344883509626251e+05
  2.526138246994322e+09  4.111233746397146e+04  2.289736963835219e+04
  2.526066120215915e+09  9.054738283488434e+04  7.486457551859552e+04
  2.526195742648371e+09 -8.280132586920122e+04 -1.558472842697543e+05
  2.526150306825324e+09 -2.260724386564118e+04 -7.832091111001803e+04
  2.526194090795944e+09 -1.194563169162613e+05  6.281297310333862e+04
  2.526151347290085e+09 -2.417892679093976e+04  1.170738129018478e+05
  2.526251330162553e+09  7.291980204318347e+04  5.792840259559196e+04
  2.526127270775706e+09  1.064344434302284e+05 -2.013670688125485e+05
  2.526260937328750e+09  8.583161643229867e+04 -1.374518366595960e+05
  2.526045370241099e+09  3.654746848918352e+04 -8.842679556048091e+04
  2.526078627005455e+09  3.677421814259596e+04 -1.189911296461394e+05
  2.526131742154197e+09  1.276532144986912e+05  3.869698881257040e+04
  2.525954449594225e+09 -3.099839573355997e+04  6.436427004235605e+04
  2.526233045480917e+09  2.319317360256308e+05  7.985578489762510e+04
  2.526038601978024e+09  1.597305835462364e+05  9.078752019630739e+04
  2.526056767212933e+09 -2.159116874875752e+05 -2.787357333417842e+04
  2.526327157067653e+09 -8.471699857566424e+04 -9.257187689934261e+03
  2.526046379166539e+09 -6.873607305397996e+04  8.636347799534444e+04
  2.526156412657665e+09 -2.024588127327699e+04  6.843248543354915e+04
  2.526183777995750e+09 -6.236546326054656e+04  2.222317270615138e+04
  2.526294079036517e+09 -1.483475995548186e+05  2.927841787619877e+04
  2.526132469130335e+09  3.331201161099749e+04 -6.755265391588413e+04
  2.526108594418703e+09  7.680227459781547e+04 -1.452432067657583e+05
  2.526104918886758e+09  9.234067870556517e+04 -1.242389351854687e+05
  2.526055943816812e+09  7.176141875403328e+04  1.848868659098621e+04
  2.526062792038625e+09  1.090119647984587e+05  8.260025453190567e+03
  2.526026328912347e+09 -1.711080985169241e+04 -1.296571336361634e+05
  2.526351068525390e+09  2.339592430941015e+04 -1.271472894531884e+05
  2.526006542118484e+09  9.171122241485864e+01 -1.128548205515700e+05
  2.526039998111718e+09  7.134098918450024e+04 -8.363522869258001e+04
  2.526072716591611e+09  1.036857592281395e+05 -1.706799734668790e+05
  2.526054394985491e+09 -2.597611416527722e+04 -1.664945270703798e+05
  2.526049405828518e+09 -1.786171910055864e+05  1.111108225898002e+03
  2.526071350075613e+09 -1.712486724584426e+05 -4.684785524480452e+04
  2.526073149158072e+09  1.702216343657363e+05  1.112524189351499e+04
  2.526164164692464e+09 -5.207566921904875e+04  2.681374097143232e+05
  2.526030831136062e+09 -1.478225934416696e+05  2.645446975549394e+05
  2.526314562864452e+09 -1.388061068319739e+04  1.911722057697505e+05
  2.526088816339853e+09  1.839600394241489e+04  3.712799867935581e+04
  2.526043191096840e+09  4.049447644223960e+04  1.438211653694883e+04
  2.526087768173563e+09 -7.922504591197800e+04 -8.675814854746815e+04
  2.525997648415233e+09  5.575208891648275e+04 -7.105876323102787e+04
  2.525944480842962e+09  5.441124413467362e+04  1.723140443398058e+04
  2.526134027322324e+09 -3.504907876123121e+04 -2.593838690764969e+03
  2.526160513805412e+09 -8.898361650160770e+04 -3.711176896598481e+03
  2.526231328061992e+09  1.939183454572643e+04 -2.788146558549651e+04
  2.526355214803187e+09  7.022955097980518e+04 -6.400664202197222e+04
  2.526148299605696e+09  6.004327228466491e+04  9.693288381504919e+04
  2.526043063304802e+09 -5.849939140733064e+04  1.259732278423444e+05
  2.526191856603312e+09 -9.511839907724131e+04  7.573441907476517e+04
  2.526141433597556e+09  1.970636934160816e+05  1.103154615715317e+05
  2.526177550546319e+09 -7.120802872231021e+04  6.228116744957567e+04
  2.526138420091444e+09 -9.891236331772595e+04 -1.962860558239825e+04
  2.526142540402249e+09  8.188955867019945e+04 -3.975083869041293e+03
  2.526035195516028e+09 -5.700485206887813e+04  6.440591470213328e+04
  2.526208755981444e+09  2.269899142327672e+04  8.165125103644514e+04
  2.526150766158994e+09 -1.825010464564076e+05  1.376510718652145e+05
  2.526268522380157e+09 -7.889904487238277e+04 -1.095658536796015e+05
  2.526161007718614e+09  3.186330451202474e+04 -6.831376223844406e+04
  2.526102790344829e+09  7.422425215755077e+04  1.002306642258581e+04
  2.525967419750637e+09 -2.024884500327362e+05 -1.101772405652888e+05
  2.526340559582406e+09  1.127414454358381e+05 -7.271198337510112e+04
  2.525999823701174e+09 -1.245408111980255e+04 -1.067645402195634e+05
  2.526123228563034e+09 -4.006929034117842e+04 -4.076794992842243e+04
  2.526027250599384e+09  8.150949809466547e+04  1.274576744707371e+05
  2.525995397185714e+09 -4.583567290105391e+04  7.828629065157991e+04
  2.526227281676790e+09  1.154887868874479e+05 -9.907498049405403e+03
  2.526005766657877e+09 -2.711763073973352e+04  3.980080999370129e+04
  2.526137200588871e+09 -2.990235330091813e+04  6.103892721917422e+04
  2.525946995136058e+09  7.461057856801897e+03 -4.797472561146505e+04
  2.526187567077263e+09  1.058940721471724e+04 -9.224372697259346e+04
  2.526149884255430e+09  1.319443793503817e+05  3.862677203204928e+04
  2.526258566105057e+09 -5.180843849572539e+04  9.792078248362639e+03
  2.526104313589331e+09 -9.553065866241266e+04  3.442024265194545e+04
  2.526147603423009e+09 -1.321261310919527e+05  2.269506002618163e+04
  2.526141934108983e+09  8.160779888314835e+04 -1.476731445115164e+04
  2.526076043332052e+09 -1.338073677140482e+05  1.707710469293129e+04
  2.526008175846903e+09  3.232875333877141e+04 -1.178779431086364e+05
  2.526228788186373e+09 -7.909416712097303e+04 -5.518628675439872e+04
  2.526204257520205e+09 -4.866235190315079e+04  5.985388850843234e+04
  2.526262889517999e+09  5.347010610693519e+04  6.140310361265915e+04
  2.526239061554087e+09 -1.351865913968756e+05  8.783454010877898e+04
  2.526118423703009e+09  7.693135993494297e+04 -1.008286120727633e+05
  2.526166668665232e+09 -6.576820129096863e+04 -7.581854751201184e+04
  2.526010105361882e+09  3.732678633170191e+04  3.758616935313988e+04
  2.526004540215132e+09 -6.884148047037941e+04  4.434034260360920e+04
  2.526237129400840e+09 -6.648077261763904e+04  6.407336372508096e+04
  2.526110120065940e+09  5.813029916349356e+04 -4.975566346444067e+04
  2.526055505753069e+09  8.505716853894098e+04  5.288975914258626e+04
  2.526146883565351e+09  1.856290393568465e+04 -1.210281225004022e+05
  2.526099328035316e+09 -1.239112225736795e+05 -3.885469815892278e+04
  2.526095231056710e+09  1.075530588745390e+05  1.148956634468283e+05
  2.526142786045556e+09  1.509150708463085e+05 -7.802860084296172e+04
  2.526137496219393e+09 -1.186308209395542e+05 -1.160852535088628e+05
  2.526243999218020e+09  9.837527952957898e+02 -2.070382089628984e+04
  2.526264854711638e+09  2.198424903972470e+04  4.834008206086066e+04
  2.526102231537828e+09  6.573288661452782e+04 -9.794480889296625e+03
  2.526217044863663e+09 -1.521686810453676e+05 -1.077139830103141e+05
  2.526104570866598e+09  1.079847218930243e+05 -5.670736835671170e+04
  2.526092398352286e+09 -8.470842953904101e+04  1.674050211864617e+04
  2.526251899477789e+09  6.007496980112791e+04  9.453466089272115e+03
  2.526226947544824e+09 -1.528747295813414e+04 -7.845705959836463e+04
  2.526199423074074e+09 -1.157820369930488e+05 -1.513180905443609e+05
  2.526036101333954e+09 -1.626948782319564e+04  3.111660750039006e+04
  2.526122988958817e+09  9.651756262029335e+04  2.341884477897314e+04
  2.526007388982570e+09  3.392098630344321e+04 -1.211010224943878e+05
  2.526190804281965e+09 -7.060123109919202e+04 -9.908719741189427e+04
  2.526053436666136e+09  5.850782018098491e+04 -7.061759383493167e+04
  2.526313434887762e+09 -9.966960781233036e+03 -1.958905760804779e+04
  2.526154309331924e+09 -6.840445227005769e+04 -1.062985069702003e+05
  2.525933945018262e+09  8.495452499059087e+03 -1.329409820780840e+05
  2.525994829732865e+09 -1.057505905354680e+05 -3.585593666197220e+04
  2.526056374834418e+09  4.834447957510548e+04 -1.717591601276770e+04
  2.526143021150232e+09 -1.220994024671713e+05  2.360568560304376e+04
  2.526181923225294e+09  1.441486782751735e+05  1.017426819299720e+05
  2.526224217853557e+09 -3.012164490511248e+04  4.698354049161309e+04
  2.526380615763774e+09 -1.442753216605108e+04 -8.195925731152343e+04
  2.526086017545485e+09 -4.101250275525969e+04 -1.382095725970168e+04
  2.525953480979594e+09 -8.458607754554378e+04 -2.039729991229170e+04
  2.526153898004575e+09 -7.185953710811900e+04 -1.924499475571888e+05
  2.526117366194242e+09  7.966062747840141e+04 -1.396188954538166e+05
  2.525986625778351e+09  6.533618280455100e+04 -7.941801641136641e+03
  2.526007011018798e+09  1.722418836372661e+05 -1.154038672445575e+04
  2.526010385944293e+09 -4.797048647900578e+04 -2.825136172061058e+04
  2.525967825552659e+09 -2.530984350985501e+05  7.061750692357155e+04
  2.525982710515098e+09 -3.251374398715305e+04 -1.061308535194176e+05
  2.526042076610905e+09 -3.179108158258977e+04 -1.572547342560139e+05
  2.526055754462535e+09 -9.885331077788863e+04 -6.290359658242622e+04
  2.526093216692459e+09  2.091179644848540e+04  4.903792480159109e+04
  2.526039052050251e+09  7.380867451994552e+04  1.065539618549033e+05
  2.526056003317107e+09  1.665798221806910e+05 -6.529925146466750e+04
  2.526026608579904e+09 -1.991419613630441e+04 -1.464390364886839e+05
  2.526173395013108e+09 -1.171050473937346e+05  1.006212372399552e+05
  2.526183184035890e+09  1.138607771710513e+05  2.051101808999118e+05
  2.526174037971939e+09 -5.767631529217627e+04 -7.901585582032148e+04
  2.526193473276099e+09 -5.915454067708808e+04 -1.955999629368236e+05
  2.526104927779913e+09 -5.605391931442672e+04 -6.239632612959365e+03
  2.526195797165236e+09 -4.719271051379689e+04  1.164889360185238e+05
  2.525969999345485e+09  2.606423579661249e+05  3.403676765696320e+03
  2.526172618747556e+09 -9.034384139453480e+04 -4.000054409818782e+04
  2.525902608952707e+09 -1.025555217894715e+05  1.312720911948220e+04
  2.526220119372385e+09  7.583671490711044e+04 -5.366676032435370e+04
  2.526205248834197e+09  3.023240936905320e+04 -2.843258209444000e+04
  2.526177054528251e+09  5.973916374357260e+04  1.798527332929487e+05
  2.526208416305078e+09 -9.033441297144163e+02  1.291591655512692e+05
  2.526116987318807e+09  1.679315580650843e+05 -8.362926685491321e+04
  2.526055534940965e+09  5.386407218916935e+04  1.920812023577445e+04
  2.526188821022705e+09 -1.386736322599198e+05  7.326090542805701e+04
  2.526251499077361e+09 -8.543608249112475e+04 -2.840376454975398e+04
  2.526204139143135e+09  6.922829014936002e+04  7.632364271495282e+04
  2.526096677804300e+09  7.224780456463224e+03 -2.879250917353248e+04
  2.526155424392832e+09 -1.661302824443381e+03  6.595987792344263e+04
  2.526156358524934e+09 -1.277848933189479e+05  3.563711586267082e+04
  2.526119197349468e+09 -1.305307101734107e+05  6.149226579546556e+04
  2.526182961738215e+09 -4.853237009063619e+04  5.057541238137335e+04
  2.526017209316816e+09 -1.241961162264969e+05  8.617618857756397e+04
  2.526197379089751e+09  9.644184117631742e+04  1.500161019562598e+04
  2.526140025668411e+09 -3.777523664001492e+04  1.360885623410949e+04
  2.526198729439810e+09  1.055282343900404e+05  2.430025565747197e+05
  2.526133854307417e+09  1.644524414747842e+05  2.037771624667631e+05
  2.526179185253200e+09 -1.172148137541368e+05  2.066796084526712e+05
  2.526196771226612e+09  2.439916826800443e+03  1.848404085949542e+05
  2.526113385052029e+09  1.532507211430456e+05  5.997321665516775e+04
  2.526391476400359e+09 -1.785737380391968e+05  3.165171523354249e+04
  2.526006558748137e+09 -5.400107672949554e+03  5.615327408257755e+04
  2.526113798027125e+09 -7.323590550229512e+04  6.619966245068063e+04
  2.526021050294573e+09  7.113674506907165e+04  4.668334307101188e+04
  2.526011106894365e+09  6.241052391411678e+04  8.052654058670579e+04
  2.526344263150457e+09  4.164874830177252e+04  1.972730569409684e+04
  2.526035540224350e+09 -1.616278157557873e+04 -6.738744436836638e+04
  2.526171936931300e+09 -6.113428161065298e+04 -2.418099506119102e+05
  2.526295764873853e+09 -7.867195466165792e+04 -1.946977461526401e+05
  2.526055401250084e+09  9.570641748345102e+04  6.917264025586727e+04
  2.526236000038581e+09 -1.757429687350838e+05  1.708748065879110e+05
  2.526176949337910e+09  7.780378484434891e+04  1.995272793161338e+05
  2.526219144725787e+09  1.272953466886785e+05  7.752053151525068e+04
  2.526157115723122e+09 -1.892559242830705e+05  9.702155741249211e+03
  2.526191328526331e+09 -1.317891988442952e+05 -3.460081870320963e+04
  2.526141370244081e+09  1.290130666186790e+05 -5.562079177994630e+03
  2.526099293945217e+09 -2.864676086405793e+04  8.520489355454384e+04
  2.526244372852054e+09 -2.578850354455062e+03  3.156261922002421e+04
  2.526143184393250e+09 -8.057470470183133e+04 -1.527042829236342e+04
  2.526030691009790e+09  2.959620231048088e+04  1.985036429070844e+04
  2.526239559128973e+09  1.021960094313006e+05 -4.075808857656550e+04
  2.526167853159558e+09  8.963795649748424e+04  2.837605805107969e+04
  2.526000303242937e+09 -1.715506787504384e+05 -1.892380456774565e+04
  2.525987143476055e+09  9.340485168387363e+04  5.243058120008738e+04
  2.526355339533456e+09 -1.132432078909387e+05 -2.242053387585789e+04
  2.526138812203408e+09  5.420050936993991e+04  2.352363093997457e+04
  2.526113100847479e+09 -4.357196625629615e+04  1.532818103284829e+05
  2.526261785944632e+09 -1.498999882565164e+05  1.359518793996057e+04
  2.526129160592264e+09 -8.100182866465289e+04  2.940573921443522e+04
  2.525918723524072e+09 -1.540374112470484e+05 -8.193966387072520e+04
  2.526175184900501e+09  1.237145168147243e+05 -1.197284084653546e+05
  2.526013329072487e+09  7.133955626343726e+03  5.837732740886230e+04
  2.526169563097555e+09  3.230906341759022e+03 -2.988770218374091e+04
  2.526173765436978e+09 -2.403228010480094e+04 -1.102928016626573e+05
  2.526238173156482e+09 -2.657291999581509e+05 -9.969362134962447e+04
  2.526096084396214e+09 -2.444644272988313e+03 -1.327949294838505e+05
  2.526041596240808e+09  1.449116208323777e+05 -1.159603901840161e+05
  2.526271150959969e+09 -3.482630490670295e+04  6.362196340675803e+04
  2.526177310019950e+09 -1.580583911671870e+05  9.930770079918718e+04
  2.526205661307137e+09  1.142996896604511e+05  2.238761140884063e+04
  2.526160208270894e+09 -7.160814268301445e+04  3.819070919482212e+03
  2.526081323762293e+09 -1.312324429762113e+05 -6.002094016848708e+04
  2.526250403360415e+09 -7.368712009528279e+04 -9.626602228420618e+04
  2.526155727623233e+09 -6.098189405893860e+04 -4.141790028641606e+04
  2.526034644475892e+09  1.534187410176937e+05  9.299860878940951e+04
  2.526227626269891e+09 -1.038686330796252e+05  9.531030169922160e+03
  2.526207226595068e+09 -8.128889411182445e+04 -6.531699860170635e+04
  2.526143610028357e+09  4.589442822449084e+04 -4.571217383767129e+03
  2.526301400708190e+09  2.081574981047591e+04 -1.068615007216176e+05
  2.526031690372114e+09 -4.077071909596040e+04 -8.064814025213924e+04
  2.526118007670551e+09 -2.264104300730824e+05 -5.090218499367638e+04
  2.526043334780159e+09 -3.058703195185284e+04 -1.480641231713408e+05
  2.526088275868946e+09  1.080982501864745e+05  2.517905773925194e+04
  2.526305853707376e+09 -1.835377086358625e+05  3.854002998874080e+04
  2.526150059977583e+09 -8.646409060176648e+04  1.136428368684745e+05
  2.526191754996050e+09  1.549739480636957e+05 -9.042169240770150e+04
  2.526120690446119e+09 -1.320873986112094e+04 -6.747214691681945e+04
  2.526197015206696e+09 -4.310089050312201e+04  2.457409018318402e+03
  2.526263220874705e+09  6.152197526090010e+04 -4.861618155040094e+03
  2.526040463793795e+09  5.509260856493685e+04  1.643356726756560e+05
  2.526152482430146e+09  1.804041081065768e+05  7.184357835846930e+04
  2.526148457564546e+09 -6.731531962791592e+04 -1.267761552963726e+05
  2.526296047839604e+09 -4.019564930981211e+04 -1.940312653983531e+05
  2.526113487475109e+09  1.253269898585655e+05 -8.002380936769291e+04
  2.526281276345616e+09  2.789631261872489e+04 -1.259423662156975e+05
  2.526103595857575e+09  4.157829192693284e+04 -2.152147355928780e+05
  2.526114909616879e+09 -1.672535310365336e+05 -1.618837962563985e+05
  2.526224506516549e+09 -9.571441078352835e+04 -3.642243899140053e+04
  2.526121128992602e+09  4.037949244440929e+04 -6.878948309200583e+04
  2.526280846781077e+09  2.812530362930195e+04 -8.243817909657722e+04
  2.525882618294209e+09 -2.149730345346488e+04  2.755278846038645e+04
  2.526289168454875e+09  1.088585288548446e+05  9.592387459377176e+04
  2.525971635097188e+09 -9.936292254474165e+04  2.485903395780595e+04
  2.526252725622958e+09  2.133926233260822e+04 -2.803316678912193e+04
  2.525975183353645e+09  1.693325333534133e+05  4.925410253457981e+04
  2.526127979488426e+09  2.607022756196791e+04  4.121935402434203e+04
  2.526192278281941e+09 -9.336703711150473e+04  1.311848569459049e+03
  2.526223304097686e+09 -8.636282693410455e+04  4.227775468843919e+04
  2.526060047552672e+09  4.965517465393129e+04  1.353299574657013e+05
  2.526154691418660e+09 -3.763461920301779e+02  1.482260682376963e+05
  2.526012250899378e+09  6.226139439605270e+04 -1.746744361372781e+04
  2.526200493915476e+09  1.578041883728518e+05  7.003820238917193e+04
  2.526196508952906e+09 -2.654998417590884e+04  1.047393709162686e+05
  2.526145294454960e+09  2.856279829298495e+04 -3.042373284744774e+04
  2.526229759164953e+09  1.657205775752760e+04 -5.480626997297211e+04
  2.526244667963736e+09  1.548055091643195e+05 -4.067065844081226e+03
  2.526273262180333e+09 -1.435569303948791e+05  6.531706357640450e+04
  2.526065827981136e+09  5.242818188748549e+04  9.070581097036984e+04
  2.526010046532915e+09 -1.273709637281848e+05  1.025969210214538e+05
  2.526102451988466e+09 -1.075041749489246e+05  5.141816136354231e+04
  2.526020770068162e+09  1.238441491509735e+05  9.418152852687449e+04
  2.526081360741320e+09 -3.530183912405337e+02  8.982529078257602e+04
  2.526183984792677e+09 -1.510829355312576e+05  1.198950317378925e+05
  2.526131034899699e+09  2.614273243449570e+04  4.908194498275878e+04
  2.526085545006998e+09  5.712244241028640e+04 -1.052489712149680e+05
  2.526142719714437e+09 -9.470953558056802e+04 -2.909620323961030e+04
  2.526150723078304e+09  1.361779446732295e+05  1.660611449133009e+05
  2.526126592944892e+09  1.308673239529128e+05  4.421181028557807e+04
  2.526071020425557e+09 -3.621982908496301e+04 -5.533799294170804e+04
  2.526276496171699e+09  1.059224140290635e+05  4.057870634378998e+04
  2.526101314504587e+09 -6.219743058166804e+04  6.416470087634931e+04
  2.526246876426440e+09  3.149399634249811e+04  5.939523507570964e+04
  2.526099736621204e+09 -1.839296323795624e+05  4.105367259736918e+04
  2.526161964344009e+09  1.949483270958043e+04 -4.145261489910167e+04
  2.526056211890707e+09 -1.399191999871042e+05  1.046360381795058e+05
  2.526235852164637e+09 -1.317776076465062e+05  1.733511412056996e+05
  2.526147605447202e+09  1.428366262783882e+05  2.792246786343830e+04
  2.526051511568550e+09 -5.398388317435398e+04 -1.403950550720957e+05
  2.526127644716007e+09 -6.620914901521255e+04 -1.071852626124829e+05
  2.526226598008887e+09  9.400816221546615e+03 -5.682755961968563e+03
  2.526086025062120e+09  2.219442106517730e+04 -6.672018620099826e+04
  2.526055095047955e+09 -3.552255772819376e+04 -4.409073518307449e+04
  2.526214761530658e+09 -1.083738205015007e+04 -7.023170437559928e+04
  2.526301628887007e+09 -3.884373128525773e+04 -5.590751871395588e+04
  2.525993813021027e+09 -4.242115167267976e+04 -5.484304915191606e+04
  2.526109223955482e+09  9.076445113155630e+04 -6.421019276433333e+03
  2.526066555649754e+09 -4.294165700709017e+04 -3.895903659120353e+04
  2.526110182416811e+09 -3.182688299998845e+02  1.269871289603611e+05
  2.526094805085450e+09 -5.383286657004734e+04  1.288027482966083e+05
  2.526106596198732e+09 -5.938487468899030e+04 -4.063857111965120e+04
  2.526481294736449e+09 -8.016747251885582e+04 -6.525820728183491e+04
  2.526172853741243e+09 -4.178365103358240e+04  3.235663486091630e+04
  2.526118718218259e+09  3.458732714332698e+04 -3.000057199162431e+03
  2.525878700018574e+09 -1.007141785350763e+05  4.861042683251202e+04
  2.526159022598410e+09 -7.047545806070679e+04  9.280796252976070e+04
  2.526120808999698e+09 -6.742997420210298e+04  1.639563815215160e+04
  2.526112863779443e+09 -4.131270959003468e+04 -7.409447327614078e+03
  2.526058817874011e+09 -7.765506350827869e+03 -3.220975139162032e+04
  2.525938039581849e+09 -5.896308710212586e+03 -1.189791463418687e+05
  2.525881109064475e+09 -2.589849364027607e+05 -5.001841325905733e+04
  2.526465006751637e+09  1.218934644472438e+05  3.149422516275127e+04
  2.526283598338891e+09 -3.163791710025666e+04 -8.198405178975593e+04
  2.526028068942018e+09 -9.985102722448367e+04 -1.739282363603469e+05
  2.526132955021856e+09 -4.068593088221946e+04 -1.893936639377987e+05
  2.526135668254584e+09 -4.779417779737395e+04 -9.776154738990724e+04
  2.525946426570450e+09 -9.463393222476752e+04 -7.542870380869939e+04
  2.526180406298780e+09  7.838550499319402e+04 -8.687211399995437e+04
  2.526148927993211e+09  3.597095344281953e+04  8.178225377625157e+04
  2.526135881128729e+09 -5.877378504321934e+04  1.480332291264957e+05
  2.526228920910469e+09 -5.147499923049661e+04  2.638723495874280e+04
  2.526204581277788e+09 -4.251625835581857e+04  6.772885295154533e+04
  2.526143766646729e+09 -4.271322551928484e+04  5.968763437155834e+04
  2.526207868933088e+09  5.103021340367358e+04 -6.071828400718328e+04
  2.525958286454264e+09 -5.333141924350813e+04  5.078807386367372e+04
  2.526230164947356e+09  6.461101000038767e+04 -3.011354866767360e+04
  2.526213738122700e+09 -1.705856829152950e+05 -5.362436441096457e+04
  2.526143695101790e+09  2.474549580055203e+05  1.463804769557546e+05
  2.526134006726978e+09 -8.117735148876463e+04  1.255036379461305e+04
  2.526331194778700e+09 -1.862199031469412e+04  3.642600421405723e+04
  2.525992542187335e+09 -1.520278220469677e+05  4.305378981871984e+04
  2.526218244631815e+09  8.095506540509073e+04 -2.488813801788259e+03
  2.526040956853683e+09 -7.940143759045016e+04 -5.558246944701683e+04
  2.526068896829823e+09  1.305199555059397e+05 -8.506743140592705e+04
  2.525893799524336e+09  1.113782499351178e+04  4.107398939747596e+04
  2.526229155432418e+09  1.310934980930993e+04  1.028643087145493e+05
  2.526047007157630e+09  2.181973280837520e+05  5.874708371910689e+04
  2.526026842350853e+09 -1.846388469717413e+05  2.325046267793671e+04
  2.525938787767398e+09 -5.818493676027277e+04 -1.946565806281916e+04
  2.525915150282260e+09  8.822889904420031e+04 -2.939916331514867e+04
  2.526171039088357e+09 -2.137430055027595e+03 -6.701201116070640e+04
  2.526177712043154e+09  8.561317681054841e+04 -3.924719653909560e+04
  2.526059708006724e+09 -3.294113587550214e+04 -1.106615943308548e+05
  2.526064621451028e+09  2.260043660838687e+05 -5.467433609459549e+04
  2.526208737914575e+09 -7.282648909197818e+04  6.151070451475543e+04
  2.526152374827649e+09  7.576958421810693e+04 -3.145209014257859e+04
  2.526054539223488e+09 -8.322244331631385e+04 -3.280564008618239e+04
  2.525966542025315e+09  1.413926841164554e+05 -2.175053546706143e+04
  2.525993231599077e+09  1.164276264568154e+05 -3.716891607149364e+04
  2.526162989510223e+09 -2.385929916071892e+04 -1.605378419480396e+05
  2.526019856512153e+09 -5.041241543616514e+04 -1.075835912187401e+05
  2.526202859045787e+09  5.422326633199677e+04 -4.474419448468101e+04
  2.526232492011865e+09  3.839876825566423e+05 -1.748633305428212e+04
  2.526061144088742e+09 -2.116578418191391e+05 -4.543468679256877e+04
  2.526219007849187e+09 -6.233319025749818e+04  1.209714994506253e+04
  2.526232054031988e+09 -4.221118452921414e+04  2.153859591546468e+03
  2.526155689340320e+09 -1.527622745395856e+04 -1.146813455764251e+05
  2.526162272665246e+09  6.596750555326580e+04  7.051479274289636e+04
  2.526100400597314e+09 -2.689555080036609e+04 -1.863689319221559e+04
  2.526016930791385e+09  1.377657404804346e+04 -7.873117730794661e+04
  2.526114518861802e+09 -8.187793510191399e+04  6.283695447151083e+03
  2.526038021139503e+09 -1.095376108502666e+05  2.809116067549004e+04
  2.526068171496654e+09  5.319442773699039e+04  1.915618093667075e+04
  2.526174351298637e+09 -1.774013036952948e+04 -1.594780278096646e+05
  2.526243295918793e+09  1.465827931059680e+05 -1.450676570754249e+05
  2.526073990822448e+09 -9.536129903975641e+04 -3.934094547150633e+04
  2.526027868930121e+09 -3.156551697177649e+04  1.551653160086149e+05
  2.526068310003852e+09 -4.030770029409614e+04  2.010572977691136e+05
  2.526201123625569e+09  2.165739023648110e+05  3.047491152720072e+04
  2.526287040409598e+09 -1.351059152623566e+05 -4.624634266229649e+04
  2.526226474258871e+09 -7.020905111910077e+03 -6.194548411796207e+04
  2.526217010454597e+09 -5.339726922471181e+04 -2.650793973166871e+04
  2.526175791106047e+09 -7.664412681754818e+04  6.757236788112926e+04
  2.526046111702468e+09 -1.435230898198462e+04  8.786802562284772e+04
  2.526224397959104e+09  1.017245783428495e+05  2.681062190163694e+04
  2.526226291005835e+09  4.277138084431179e+04 -1.589957809395990e+05
  2.526199735178039e+09  2.042246239571555e+05 -2.057188096097454e+05
  2.525964605253710e+09 -5.381871653092070e+04  1.791395300495089e+04
  2.526146596224281e+09 -4.710858605419094e+04 -2.571817939330835e+04
  2.526184631436859e+09 -8.810245557258825e+04  1.900117982243537e+03
  2.526043678188388e+09  2.922664837835950e+04  2.208970931436541e+05
  2.526139551707076e+09  2.580890527032467e+04  1.593261862326218e+05
  2.526232583853028e+09  1.039278387583515e+05 -9.439069201923913e+04
  2.526079820561390e+09 -1.330712491487290e+05 -5.313368017542880e+04
  2.526126856169254e+09  1.158169843013709e+05  7.602121472890186e+04
  2.526122167622915e+09 -1.299343502352223e+05  1.074111043054069e+05
  2.526054867522237e+09 -1.594332746381871e+03  7.094792486864119e+04
  2.526280346260984e+09  2.274745652535907e+04  6.156184244196012e+04
  2.526360016021655e+09 -1.194139259333874e+04  7.363254837933416e+04
  2.526072735283517e+09 -1.513682716870348e+05 -1.724146827920633e+05
  2.526313201194963e+09  8.358102059884439e+04 -2.478501141852090e+05
  2.526176508174520e+09  2.104383602288458e+04 -6.869270244443323e+02
  2.525989923557633e+09  1.619090310862166e+05  4.833811845407030e+04
  2.526232962488349e+09  1.248942411539343e+05 -2.070092302127113e+04
  2.526119820000751e+09 -2.085906358663988e+04  9.024812266788154e+03
  2.525878675960748e+09 -3.502079351555556e+04 -2.188630555960652e+04
  2.526173002976463e+09  3.716674180276378e+04  1.684340631712193e+04
  2.526046078807790e+09  1.508867181135900e+04  1.466507949051914e+05
  2.526002330754320e+09  7.184979490103625e+04  1.765775476600213e+05
  2.526024446787685e+09 -1.312956073542855e+05  1.684408063973542e+05
  2.526049224085158e+09  4.764737693226500e+04  8.797722688966413e+04
  2.525938205335468e+09 -2.132803687726848e+05 -6.282248399294674e+04
  2.525955815631040e+09  1.048338686182394e+05 -1.378426322544516e+04
  2.526256982508581e+09  1.531710580436600e+04 -3.044709504304104e+04
  2.526133924423716e+09  4.297141025457683e+04 -1.749047841996477e+05
  2.526147843760543e+09 -6.901374706134084e+04 -1.735621310951315e+05
  2.526161978178370e+09  7.373065687610372e+04 -2.652001442983485e+04
  2.526119726354931e+09  1.605193313878612e+04  2.823096461952431e+03
  2.526150486620401e+09  3.639251250131801e+04 -6.671817222610349e+04
  2.526181203740779e+09  8.645797123077023e+04  1.298423421713822e+05
  2.526156633755661e+09 -3.401801988174685e+04  2.030290496950289e+05
  2.526171921284180e+09 -6.790394149887504e+04  5.992273839561199e+04
  2.526074478355619e+09  1.238616831887595e+05  1.696409347781417e+03
  2.526246924923294e+09  1.083293249088083e+04  9.468827856571198e+04
  2.525952595949864e+09 -5.353169812898734e+04  7.722410032866057e+04
  2.526067267020570e+09 -5.348074098166975e+04  1.501469597953029e+05
  2.526187121717637e+09 -3.123122572928725e+04  1.730186465814112e+05
  2.526278877449876e+09 -2.040395590440673e+05  2.007160458444012e+04
  2.526122708659733e+09  2.884819563717372e+04 -7.496569433613680e+04
  2.525954478118146e+09 -9.428694633216600e+04  1.437951890470493e+05
  2.526086729787601e+09 -5.023747639584154e+04  1.604581633329284e+05
  2.526219558690737e+09  2.045556261621206e+04  8.874981316314456e+04
  2.526247902030593e+09  2.588631893043729e+04  1.865574388815452e+05
  2.526208368513972e+09  2.058665894474760e+05  3.852623285435309e+04
  2.526012733399756e+09  1.232636837675920e+05 -1.274955252270447e+03
  2.526032678081403e+09 -3.708675764873717e+04  4.256476826908649e+03
  2.526259233364123e+09 -1.631146188578592e+04 -9.014033161767584e+04
  2.526128625552670e+09 -9.689962276578275e+04 -3.218703878295934e+04
  2.526102440820619e+09  1.114996080731956e+05 -4.244606787218649e+04
  2.526121284080501e+09 -5.344242278944002e+03 -2.095429762244820e+04
  2.526351989731401e+09 -7.108528820460197e+03  8.012955393440585e+03
  2.526128480668948e+09 -2.197636048726406e+04 -1.508634559888004e+05
  2.526209801816821e+09  5.834390582463489e+04 -1.343324045256494e+05
  2.526089524087255e+09  6.356522043434251e+04 -3.477959094835492e+04
  2.526228268494447e+09 -4.307377970059140e+04  4.643593150141649e+03
  2.526174921185235e+09 -8.016004957617039e+04 -8.937379306107759e+02
  2.526121369909121e+09 -2.659983800369082e+03 -2.146130008351896e+04
  2.526251390256454e+09 -8.532871411965799e+04  1.488835727200647e+05
  2.525976671023407e+09 -1.088864405532426e+05  1.824634349118200e+05
  2.526130622623941e+09 -9.505770946442033e+03 -4.151434468116384e+04
  2.526008619965974e+09  1.427536328737212e+05 -3.479229576575346e+04
  2.526239561291591e+09  1.192104831818014e+04 -1.563510785920057e+04
  2.526349170135610e+09  1.048255534839426e+05  5.975678788377112e+04
  2.525992053076800e+09 -9.821682981171925e+04  1.089951364005662e+05
  2.526174168123420e+09  3.973473531318503e+04  1.438285841619177e+05
  2.526307585369320e+09 -6.936507637882838e+04 -1.622028523286688e+04
  2.526131432970105e+09  1.118414766419009e+05 -7.975938247229718e+04
  2.526139376802653e+09 -5.146836372091214e+04 -1.405432824499107e+05
  2.526183987071544e+09  1.668504435898084e+04 -7.367682617025496e+04
  2.526085644108989e+09  2.689429841858335e+03 -2.894353893628530e+04
  2.526182710310627e+09 -7.462528918214026e+03 -1.057096858056455e+05
  2.526138988639985e+09  1.414770456975351e+05  9.253541989654489e+04
  2.526219860987375e+09  1.123067645155155e+05  1.215432156758681e+05
  2.526144680976247e+09  6.421692931038793e+03  1.336143516342622e+05
  2.526219116698197e+09 -6.711978564107759e+04  9.945888061306911e+04
  2.526069867883288e+09 -2.647475781141696e+05 -1.406717472675511e+05
  2.526122042964035e+09  7.581207637606910e+04 -1.723106276995946e+05
  2.526213298320054e+09 -9.558177392562386e+03 -2.784902337007619e+04
  2.526293090186901e+09 -3.643916435000549e+04 -1.051824199524253e+05
  2.526013140370970e+09 -9.433834060536651e+04 -1.007114902435617e+05
  2.525899339681553e+09  1.646562297401228e+04 -2.131128932619852e+04
  2.526226504746290e+09 -4.764498492645007e+04  2.152422817880032e+04
  2.526036891111279e+09 -4.851783144342818e+04 -2.595875156797157e+04
  2.526103132806697e+09  5.912731016143033e+04 -1.417829628554750e+05
  2.526217481249393e+09 -3.719820077212568e+04 -1.592802015735321e+05
  2.526068644431733e+09  4.275053182434291e+03 -1.650032278872593e+05
  2.525841770461104e+09  1.018589578201878e+05 -5.666730474554154e+04
  2.526309623145800e+09 -9.716599564404879e+04  3.083501876537809e+04
  2.526032638391749e+09 -2.329645693754917e+04 -9.605611654956374e+03
  2.526160898065899e+09 -8.291575649160601e+03  3.437451399406185e+03
  2.526175250628198e+09  1.851270429271528e+05  1.395332417971988e+05
  2.526213762374577e+09  3.095575531460810e+03  2.135686642705187e+05
  2.525932173170914e+09  2.066077389986046e+05  7.249099528112283e+04
  2.525962603996801e+09 -1.033110441990744e+05 -6.890903890859988e+04
  2.526244991583552e+09 -6.489620584763330e+04  7.886000031550264e+04
  2.526038606877481e+09 -1.354741065696289e+04  1.674704250900922e+05
  2.526279844152907e+09  7.306175535381897e+04  2.323249962416518e+04
  2.526333119245209e+09 -8.941010825581779e+04 -1.092650568042293e+05
  2.526078122853437e+09 -8.418950198736019e+04 -1.130732965260604e+04
  2.526342860455928e+09  5.798801005730964e+04  9.989919431626820e+04
  2.526218187016499e+09  1.754589391100365e+05  5.484416215587687e+04
  2.526095176024506e+09  5.842189622161287e+04 -8.826805822224822e+03
  2.526136494208385e+09  9.817939618284581e+03 -1.192358581783360e+05
  2.526061352346479e+09  1.653280802056973e+04 -1.654103235931052e+05
  2.526139943595526e+09  3.923704423884396e+04 -2.154414117750608e+05
  2.526134192823838e+09 -9.145166082216066e+04 -2.063513021494885e+04
  2.526118169756399e+09  4.141523360549664e+04  1.561381673123038e+05
  2.526162181990736e+09 -6.670288421167200e+04  4.343255167779725e+04
  2.525988765757298e+09 -3.435537079969049e+04 -2.933441406254470e+04
  2.526022062011102e+09 -5.440981735441345e+04  3.000396366465697e+04
  2.526196248967967e+09 -1.516616823469314e+05  1.747920872146410e+05
  2.526058496894427e+09  2.637384904322698e+04  7.579262439511402e+04
  2.526106743900924e+09  1.440438922793851e+05 -9.937886493767798e+04
  2.525995533197118e+09 -1.920973583709032e+05 -1.807041157880712e+05
  2.526069622403427e+09 -5.869931724407605e+04 -1.189413220911303e+05
  2.526293874131013e+09  3.958217489364615e+04  5.013165203813906e+04
  2.526089588149180e+09  1.589008860969592e+05  6.438450110672787e+04
  2.526089585288232e+09  1.730557817972218e+05 -8.159677295299736e+04
  2.526108938820367e+09 -7.845745286299242e+04 -9.899774677233078e+04
  2.526258326414275e+09  5.018902810365020e+04 -1.195347065933060e+04
  2.526104624874989e+09  7.438349126764364e+04  3.009187621106266e+04
  2.526179978416265e+09  2.408727361081983e+04 -5.691661308844712e+04
  2.526162188368998e+09 -2.106627583373417e+05 -1.659106497722699e+05
  2.526209283884621e+09  8.938321984460898e+04  5.521733755583165e+04
  2.526254845790391e+09 -1.884194884022347e+05  9.393472420674167e+04
  2.526184680796623e+09  1.280348468562355e+05  4.319913499594806e+04
  2.526128958285997e+09 -1.065936811191667e+05 -5.146592612149939e+04
  2.526057650109346e+09 -3.912458283409360e+04 -1.166522989649327e+05
  2.526111489238235e+09  1.096102978503007e+05 -1.092353464650359e+05
  2.526053832437534e+09 -1.263497907999774e+05  1.230262104148725e+04
  2.526169845497797e+09 -5.120844045324088e+04  7.016246503534471e+04
  2.526019469942494e+09  6.823438390096405e+04 -2.671484996778774e+04
  2.526217956154847e+09 -1.739093369810190e+04  6.394754617507876e+04
  2.526186287616024e+09  1.137650077201215e+05  8.769038368490424e+04
  2.526160728853611e+09 -3.557508087988407e+04  2.410949341251515e+03
  2.526062992216382e+09 -1.068798758472802e+04  3.354069474048447e+04
  2.526072624679156e+09  6.278058367231468e+04  5.444331789167807e+04
  2.526136357239223e+09  2.071482236324961e+04  1.054522991013032e+05
  2.526160978869932e+09 -3.696847589325684e+04  1.725438299560229e+05
  2.526193522577189e+09  6.859952017153730e+04 -7.679132385688508e+04
  2.526208290144109e+09 -1.120771435483039e+04 -1.407801750391551e+05
  2.526089564154390e+09  1.397060243338956e+05  7.508637598134496e+04
  2.526020994327577e+09  6.801064342799853e+04  1.345650091556126e+05
  2.526206515281056e+09  6.785711455580386e+04  3.072665496963006e+04
  2.526198811142573e+09  4.326444151426957e+04 -2.556992605060339e+03
  2.525817749813882e+09  1.562563509302365e+05 -6.071760479608906e+04
  2.526017518876933e+09 -5.253325502059818e+04 -6.975786954733916e+04
  2.526109768187201e+09  2.680298151091876e+04 -3.299629990224191e+04
  2.526105109360644e+09 -1.076852089430485e+04  1.586342649896299e+05
  2.526149003517853e+09 -4.773868368290603e+04  1.295166549015287e+05
  2.526222852483012e+09  5.081134103535669e+04 -2.266210425936816e+05
  2.526098053759787e+09  5.625939397283318e+04 -9.777216981962614e+04
  2.526010258594599e+09  9.698131467653322e+04  8.142032711108326e+04
  2.526000300620852e+09  8.491225923253037e+04  1.742938133326790e+04
  2.526178477023920e+09  8.148391980688833e+04  7.384302640090301e+04
  2.526034902346056e+09  1.049978366993051e+05  1.480352865517156e+05
  2.526247930238341e+09 -4.644618614761811e+04  5.978155630888900e+04
  2.526071441834706e+09  5.349409744385254e+04 -1.000640010150621e+05
  2.526242120725869e+09  7.065140066252789e+03 -6.855597455625972e+04
  2.526166926292113e+09  1.112965302676707e+05  5.978519303551875e+04
  2.526198639402228e+09  2.181738434733555e+05 -3.986356432029093e+04
  2.525959149826805e+09  1.802693300023949e+04 -5.610032768559165e+04
  2.526243629826784e+09 -8.973775638229013e+04 -7.075760919969264e+04
  2.526028591113006e+09  2.348874437712622e+04 -9.871130338535761e+04
  2.526108670195319e+09  1.026969327779685e+05 -1.252554017025968e+05
  2.526167589198422e+09  1.474392508768028e+04 -1.636635906571141e+05
  2.526079966705912e+09  4.036406288645574e+04  6.003036423792259e+04
  2.526179632463628e+09  1.037027752518444e+05  2.226182856541367e+05
  2.526063197525073e+09 -2.853984854600079e+03  2.226963845250531e+05
  2.526102649691832e+09  7.566013656520774e+04  1.074985974015644e+05
  2.526037571646452e+09  4.854959899298451e+04  1.111145810728719e+05
  2.525952180908191e+09  1.404439864221570e+05  1.571066638517214e+05
  2.526142981453978e+09 -1.495104467819419e+05  3.906073714228312e+04
  2.526112862000561e+09 -1.180328077057305e+05 -1.134141734769434e+05
  2.526074995761974e+09 -1.349542727314322e+05 -4.415698303582100e+04
  2.526166114575544e+09  9.638279663026333e+03  1.134809979321887e+05
  2.526131742101989e+09  1.404356129404257e+05  1.138262254735809e+05
  2.526310668372921e+09 -4.404596825815854e+03  1.693910058786212e+05
  2.526115347278998e+09 -2.739341364653052e+04  2.469725939500662e+05
  2.526228400136912e+09 -1.266639554133592e+04  2.640685168444304e+04
  2.525942485768798e+09  3.552035365170683e+04 -1.477812369651567e+05
  2.526205560231752e+09 -3.481932994038204e+04 -1.093113853044435e+05
  2.526241303999022e+09 -2.636848590946902e+04 -5.320464000559272e+04
  2.526068841067619e+09  2.793112874857325e+03 -1.336423214460277e+05
  2.526318026995709e+09 -2.020638675544513e+05 -6.854833329409210e+04
  2.525966994422291e+09 -1.911855920708757e+05  3.678048637179867e+04
  2.526084637475368e+09  3.680021611508867e+04 -4.368934677083511e+03
  2.526367815777128e+09  3.965030168740428e+04 -1.157420254532145e+05
  2.526128523029737e+09 -6.053226995369152e+04 -1.687892552600609e+05
  2.526132641764883e+09 -1.596833099029758e+05  6.470218230734358e+04
  2.526242823972782e+09 -2.302081953157180e+05 -7.007871968108253e+04
  2.526264577676683e+09 -6.351867453799816e+03 -1.451159867323878e+05
  2.526137564247507e+09 -3.745509275040255e+04 -1.704213018188323e+04
  2.526196047285578e+09  9.010828416061879e+04 -4.390746044658241e+03
  2.526145636399855e+09 -2.805224414203205e+04 -4.257869262871664e+04
  2.526057233338676e+09  1.738200244279718e+04 -5.934418858969375e+04
  2.526161280937796e+09 -6.809856893688778e+04 -8.500743105345150e+04
  2.526090795527293e+09 -1.463070772908422e+05 -7.403036039992899e+04
  2.526073783664970e+09 -9.372372724141297e+04  7.770490397801201e+04
  2.526069583659908e+09  3.327755640180467e+04  1.187688264838691e+05
  2.526026763188388e+09 -3.652447839439241e+04 -5.746334339918068e+04
  2.526125605943200e+09 -7.293477628852637e+04  1.015991474385520e+05
  2.526171109432573e+09 -3.978198918935563e+04  1.119698603062505e+05
  2.526134419600410e+09  4.757528689574404e+04  3.226529146042606e+04
  2.526171766139150e+09  7.554786608215910e+04  1.169497185844486e+05
  2.526221549258118e+09  2.240515282477601e+04  5.759007076277735e+04
  2.525975572902304e+09 -1.250104377609263e+05  7.211729602676714e+04
  2.526114220829020e+09 -1.326372897405829e+04  1.340891296027687e+05
  2.526030688957245e+09  3.923358968517039e+04 -3.946323609760602e+04
  2.526044157573956e+09 -2.322221667741961e+04 -6.055646781685570e+04
  2.525908216456001e+09 -3.227497827913950e+04 -7.725035800635896e+04
  2.526240895832192e+09  8.437376596211572e+03 -2.231752274172715e+04
  2.526147149688083e+09  8.603230343787558e+04 -4.333518380461307e+04
  2.526025448048452e+09 -3.741400526368499e+04 -1.315489382436662e+05
  2.526069938213022e+09 -9.387680770359386e+04 -3.354565492537105e+03
  2.525958809900040e+09 -6.788029698897054e+04  9.450369083353970e+04
  2.526089403386313e+09  1.502522164246822e+05  1.234475916156117e+05
  2.526193610060932e+09  9.634843102082191e+04  8.264792768561654e+04
  2.526006926365239e+09 -1.004403102502638e+05  2.083158693573769e+04
  2.526249029109944e+09  7.752260715846368e+04 -5.004756895309919e+04
  2.526246476094950e+09  9.257215913054073e+04  5.136718995352509e+04
  2.526118012378977e+09  1.186739466880285e+05 -2.148119991720887e+04
  2.525974131986060e+09  1.018768054403025e+05 -1.189722697855573e+05
  2.525965457934728e+09 -1.187231792771748e+05 -1.320284728619177e+05
  2.525897672863307e+09 -1.262949237352121e+03 -9.901351718694036e+04
  2.526215680951234e+09 -7.175035032140149e+04 -1.516273337580205e+05
  2.526065901583226e+09  6.769651728960639e+04 -2.026402518235744e+05
  2.526300428428756e+09 -1.237515319435963e+05 -5.554527277690556e+04
  2.526165498453506e+09  6.252593314629584e+04  3.103687482539285e+04
  2.526139560565002e+09 -2.776385533775785e+04  4.121513280788506e+04
  2.526166313816341e+09 -9.564247256126470e+04  9.420660016761777e+04
  2.526177225657323e+09 -3.305289900488453e+04  9.530469636736927e+04
  2.526171075488604e+09 -2.521882020253153e+04 -1.421802934543445e+04
  2.526086136442250e+09  1.674468506093674e+05 -9.504494962877547e+04
  2.525970203374953e+09 -8.207992171137966e+04  4.611807876020391e+04
  2.526025089114216e+09 -1.385978528190779e+05  8.147260901114496e+03
  2.526089863744468e+09 -1.040346089543614e+05 -4.757762447907100e+04
  2.525985123546648e+09  1.476143898809110e+03  6.508404111142660e+04
  2.526171020344821e+09 -2.986509574925690e+04  7.614764812564710e+04
  2.526087966569850e+09 -1.873869654464691e+05  1.601002879976460e+05
  2.526189511464566e+09  2.833216432539979e+03  2.198951289458900e+05
  2.526097697710971e+09 -4.939460895258130e+04  1.418175482042860e+05
  2.526010006869005e+09  8.693973845939781e+04 -7.518837427440740e+03
  2.525951673373721e+09 -1.597273768177412e+05 -2.330697303311666e+04
  2.526095131285813e+09  1.036115302235679e+05  1.364851538786071e+05
  2.526167270048212e+09 -7.475727135006571e+03  1.626534734455633e+05
  2.526159611224971e+09 -1.527744826150896e+05  4.460614070766582e+04
  2.526160945091153e+09  2.466858725234887e+04 -3.391414774234546e+04
  2.526090524859250e+09 -8.113458370301197e+04 -1.691765156733602e+05
  2.526019422828320e+09  1.702556271209087e+05 -1.067448673025241e+05
  2.526252200656546e+09 -5.565740549520077e+04 -6.228021498252358e+04
  2.526291337984486e+09 -2.088762795198851e+05 -1.745227334385218e+05
  2.526280465232515e+09 -3.185119313458214e+03 -4.699187433177765e+04
  2.525994744609237e+09 -1.122411368752025e+05 -1.128366263994342e+05
  2.526076738688606e+09 -1.858331607018045e+05 -1.380379211295617e+04
  2.526263761596489e+09 -1.841828517826826e+05 -1.078254520091543e+05
  2.526166268534886e+09  8.758315649461281e+04 -6.837793526811953e+04
  2.526147928068542e+09 -2.687261777514871e+04 -8.077448064992810e+04
  2.526167063401901e+09 -8.150354965698440e+04 -1.027744418208399e+05
  2.526094097660620e+09 -7.776613958178461e+04 -1.390384838634215e+05
  2.526282274473640e+09  1.556860698222003e+05 -1.955426627786946e+05
  2.526281490646434e+09 -1.751128499385889e+04 -7.205714853887912e+03
  2.526181445748765e+09 -2.048576892959638e+05 -1.167940552984807e+04
  2.526292240450129e+09 -1.238702229093930e+05 -1.226047660064921e+05
  2.526391100133682e+09  5.623820280929818e+04 -4.002724155388889e+03
  2.525983773665082e+09  1.342012862136127e+05  9.573878148902580e+04
  2.526149549661322e+09 -4.611807510572067e+04  2.294693693473288e+05
  2.526161069522270e+09  4.009675261332991e+04  2.490438028887359e+05
  2.526150587576729e+09  1.517091485558341e+05 -5.879134708781703e+04
  2.526193943364582e+09 -4.437520360879507e+04 -1.258176637947983e+05
  2.526021553895221e+09 -2.840531365498386e+04  1.975564812559984e+04
  2.525832565660800e+09 -1.131639378667373e+05 -7.035245633874089e+03
  2.526340611619819e+09  1.147890204195266e+05 -1.893149074850883e+04
  2.526113780399736e+09 -7.239249599116488e+04  6.613058775182819e+04
  2.525991558337779e+09 -2.130741546529967e+05 -5.099795822871593e+04
  2.526089350020972e+09 -1.353203459634985e+05  4.661682341390580e+04
  2.526062616436852e+09  4.758433964598412e+04  9.036961634970852e+04
  2.526126210306077e+09 -8.703564105832900e+04 -7.852649758935452e+04
  2.525980334564320e+09 -2.191633042183246e+05 -1.212057369407783e+05
  2.526250803982035e+09 -1.074182954309249e+05 -1.101324655611569e+05
  2.526158053414989e+09 -6.716218560957891e+04  5.810031826468196e+04
  2.526201346973972e+09 -4.658919996348314e+04  1.226209826226602e+05
  2.526093611665709e+09 -7.475132408637973e+04  5.419556834162073e+04
  2.526088454575812e+09  8.301292099589971e+04 -2.865122733262018e+04
  2.526177878270545e+09  1.508308240122698e+05 -1.460806712877272e+05
  2.526208948076053e+09  2.843600637338408e+04  2.185377299470082e+04
  2.526248419301508e+09 -8.745590413262486e+03  3.670646323236113e+04
  2.526128832660209e+09 -5.068037295393425e+04  1.137588619343420e+05
  2.526106458958104e+09  8.849791601457540e+04  1.917781118463394e+05
  2.526291684223377e+09 -1.071643881044322e+05  1.272176020003809e+05
  2.526057043788951e+09 -7.193436761589034e+04  1.832764512509190e+05
  2.526119218214597e+09 -1.162527486872579e+05  9.247711911131954e+04
  2.526152339679447e+09  4.216831031146506e+04 -7.050463450676505e+04
  2.526383298507464e+09 -1.329710543374999e+05 -8.296954146581539e+04
  2.526030356493405e+09 -1.078767532298500e+05 -5.834607397300209e+04
  2.525857738317726e+09 -4.749581369559513e+03 -2.232734421543812e+04
  2.526155528393417e+09 -1.361166807290987e+05  5.149422195584804e+03
  2.526177101918107e+09 -1.966559665145443e+05  2.993398996666225e+04
  2.526228931525598e+09 -2.189588055940485e+04  3.633267592390464e+04
  2.526042274137599e+09 -2.971852003709984e+04  9.657969751082500e+04
  2.525981377945821e+09  6.615587151370614e+04  5.213174186614749e+04
  2.526064821153230e+09  1.988079813474184e+04 -1.099232767687133e+04
  2.526275185550870e+09 -1.396027092573727e+05  8.939966558697633e+02
  2.526144055993073e+09 -3.087658603962109e+04  1.444428647165454e+04
  2.526088368251958e+09 -3.160101013029274e+04  5.755526727364887e+04
  2.526219322060092e+09  2.623950459531555e+04  2.338249009181710e+05
  2.526239344853878e+09  7.827879629831295e+04  1.141752405126190e+05
  2.526102433086968e+09  2.747497167209489e+04 -1.652474520620424e+04
  2.526172693010250e+09  2.121746991164307e+04 -2.404604210628523e+04
  2.526179835296710e+09 -1.119010140223659e+05 -1.262953551608967e+05
  2.526192642442720e+09  5.489716016919701e+04 -6.033709153406217e+04
  2.526107487562329e+09  4.515903712900472e+03  8.954536868593306e+03
  2.526121438060009e+09 -7.153338658085885e+04 -1.020097404459034e+05
  2.526130056042659e+09 -1.102027766761533e+05 -1.020018908004860e+05
  2.526067085203817e+09  4.084603848481411e+04 -5.395042236490827e+04
  2.526091801018740e+09 -2.657483346013993e+04 -1.856791840043210e+04
  2.526054785815966e+09  1.690015192450993e+05  5.056027902093274e+04
  2.526309025286730e+09  3.688706745572854e+03 -8.011167744970613e+04
  2.526203612206168e+09 -9.059314453099872e+04 -4.493160156501489e+04
  2.526137905296288e+09 -3.384658097944595e+04  9.913279255779911e+03
  2.526283460431169e+09 -6.874454108401923e+04  1.147225902103866e+04
  2.526275606317800e+09  1.067516318768629e+05  5.530636620462622e+04
  2.526206263519185e+09  7.165492742018751e+04  8.647770022018085e+03
  2.526011787954525e+09  4.387975946018472e+03 -5.642318485170032e+04
  2.526183854521103e+09 -4.814652123283758e+04  5.684631561041530e+04
  2.526073862392419e+09 -1.143112319247806e+04 -2.221774581561587e+04
  2.526160032123471e+09  1.244206464182441e+05 -9.752131428457762e+04
  2.526170438299532e+09 -1.151910109532219e+05 -1.011238307754202e+05
  2.526322874848420e+09 -8.111532455455186e+04  1.271631525926897e+04
  2.526091048763592e+09 -1.764624550034211e+04  4.045613796454098e+04
  2.526084040477437e+09  3.962492902478561e+04 -1.144783876588877e+05
  2.526015070644944e+09  1.005150599006796e+05 -4.729495906006702e+04
  2.526245174266498e+09  3.261244323070175e+05 -3.424697093160613e+04
  2.526171068724109e+09  2.962052205552207e+04  1.216906894656519e+05
  2.526197858158583e+09  1.611729190922296e+05  7.031380667965626e+03
  2.526083421584888e+09 -4.445743573828833e+03 -7.884653645344917e+04
  2.526063219923546e+09  1.312183684326676e+05 -8.177455263846717e+04
  2.526125856232985e+09  2.643301193222823e+05 -5.689020520677976e+04
  2.525944678919821e+09  2.970840436961345e+04  1.117565435775515e+05
  2.526040709252264e+09  1.083159601895101e+05  9.641046422302758e+04
  2.526087027211440e+09  7.310094023672663e+04 -1.103042547492019e+04
  2.526057303005962e+09 -2.251088619556400e+04 -4.220284646001877e+03
  2.526006122614662e+09  7.219673733597784e+04 -1.213536755477124e+05
  2.526149356632851e+09  1.349460933285218e+05 -2.182082459963174e+05
  2.526038028725914e+09 -7.251057230295369e+04 -1.589221387264974e+05
  2.526314736399220e+09 -6.323742176138220e+04  4.487581287175673e+04
  2.526087507808639e+09  9.969366979694000e+04  1.058529717267163e+05
  2.526271487056424e+09 -1.108165928834297e+05  9.451979992773122e+04
  2.525921537552174e+09  1.279180007942014e+05  1.477713906022251e+05
  2.525971509389215e+09  6.257500988959917e+03  1.770663749868157e+05
  2.526176007933731e+09  1.628987670135698e+05  3.500876591371582e+04
  2.526217322603247e+09  8.909072775200708e+04 -2.242782202490445e+05
  2.526121192524363e+09  4.731392109878128e+03 -1.415586572170837e+05
  2.526207214265080e+09  2.845209224669191e+05 -6.167165194803124e+04
  2.526201771886763e+09  8.646357626548607e+04  7.065673827631399e+02
  2.526090066297940e+09  6.424047379296017e+04 -6.801434668152593e+04
  2.526042218995244e+09  5.128469115663256e+04 -2.079634263501184e+05
  2.526215075409459e+09 -7.106372328650719e+04  5.655525554339495e+04
  2.526267204473952e+09  5.725701792682521e+03  8.086593542261422e+04
  2.526129357878973e+09 -1.067274431870847e+05 -1.491643252020387e+05
  2.526062186587677e+09 -8.347751555127557e+04 -7.778881443808461e+04
  2.526044609997585e+09 -1.236443941998130e+05  4.133128543158295e+04
  2.526213601642157e+09  3.182185234919883e+04  3.921447364272131e+04
  2.526212816287577e+09 -6.949820913726522e+04 -2.010876974235993e+04
  2.526039194409295e+09 -1.879307499370025e+04  2.323075778244389e+04
  2.526085657426680e+09  8.042656000809305e+04  2.643274308628892e+04
  2.526129879276013e+09  3.932999542987358e+04  1.806426837318506e+05
  2.525933322449249e+09  9.112237213701522e+04  5.027686233166463e+04
  2.526094605876816e+09 -2.718906413785252e+04 -7.921533409971499e+04
  2.526018413717658e+09  1.058514368843902e+05 -6.921344717483164e+04
  2.526183240750747e+09  8.888752039972530e+04  1.667578432632177e+04
  2.526335421968932e+09  1.305333346563618e+04  6.246697462605621e+04
  2.526202507086660e+09  3.700462812464463e+04  2.476118590040645e+04
  2.526237735664227e+09  4.692982688805298e+04  7.790629702575173e+04
  2.526088182680996e+09  3.215607112088404e+04  6.750033961876575e+04
  2.526206009114990e+09 -1.936380055777613e+05  4.884706923097023e+04
  2.526114172256701e+09 -1.082510539484625e+05  6.427741607547109e+04
  2.526040919444620e+09 -1.110320523315917e+05  9.429938177463016e+03
  2.526228512088928e+09  1.311130637588445e+04 -3.259374726278108e+04
  2.526140266966047e+09 -2.816674242081179e+04 -9.176219717672840e+04
  2.526080676781616e+09 -2.666027029098338e+04 -1.276640881639954e+05
  2.526119116280423e+09  6.397642096575227e+04 -1.883643184866215e+04
  2.526129729717338e+09 -3.405983535313932e+04 -7.011086223433225e+04
  2.526101999564645e+09  1.473470003031369e+05  3.821404418060544e+04
  2.526026204370170e+09 -2.980435547565261e+04 -1.176405559807249e+05
  2.526100277780226e+09  5.822025039741764e+04 -1.664260772577371e+04
  2.526054423250813e+09 -7.622709192009643e+02 -5.748202739152993e+04
  2.526007180670133e+09 -4.541647156496625e+04 -2.870493426726235e+04
  2.526091402700888e+09 -1.045983631811945e+05  1.506457374065970e+05
  2.526182500731675e+09  1.894761482016850e+05 -3.732360795298789e+04
  2.526078112935357e+09  5.984821675430378e+04 -1.384918202992026e+05
  2.526072350486929e+09 -8.970510919135346e+04 -1.410418744946681e+05
  2.526108657620697e+09 -7.308206690914714e+04 -1.931796535914256e+05
  2.526219562730087e+09  4.150038225577027e+04  1.457599415067583e+04
  2.526183380372087e+09  9.308742629437521e+04  2.230831989448434e+05
  2.526020884357702e+09  6.848072931190516e+04  1.324455283506582e+05
  2.526234278552537e+09 -5.221596928966476e+04  1.458620935389698e+05
  2.526009803322234e+09 -1.025363362981588e+05 -7.701427384474131e+04
  2.526039625965950e+09 -7.201759945873916e+04 -1.080514697451348e+05
  2.526044446072735e+09  5.371741880506760e+04  3.878931935561997e+04
  2.526166325936226e+09 -8.140754800724424e+04  2.660818983845599e+04
  2.526015998889721e+09  1.852341554105327e+05  3.493209298514074e+04
  2.526207762040796e+09  1.457135843227217e+05  4.062416565590369e+04
  2.526091711791027e+09 -6.282447244338738e+04 -3.066020735205081e+04
  2.526126805364003e+09 -6.568974538888421e+04 -1.029628074662390e+05
  2.526231967541063e+09  2.281158692706596e+05 -1.515839533153456e+03
  2.526172720709235e+09  1.731504075106245e+05  2.497840763496123e+05
  2.526029543164993e+09 -1.391497061998842e+05  1.411562913059255e+05
  2.525927528276031e+09 -6.230728128477372e+04 -3.938183643359126e+04
  2.526080317993082e+09  7.599170891308552e+04  1.520327703419933e+04
  2.526216444596914e+09  1.113027560383637e+05  4.382789991017967e+04
  2.526081962702647e+09  4.255050804260233e+04  1.840742210827884e+03
  2.526333845671232e+09 -3.444128400565148e+04  1.228318405246665e+04
  2.526085631115054e+09 -1.549464985097238e+05 -6.956605828150408e+04
  2.526346912384829e+09  1.436513529114355e+04 -1.325979076344102e+05
  2.526144667934524e+09 -4.804356027493341e+03 -1.181697207956818e+05
  2.526248488239557e+09 -5.890625500639156e+04  3.420831369405752e+04
  2.526108918795481e+09  2.497923045131379e+05 -5.643549109177361e+04
  2.526036116752604e+09  4.112004295326909e+04 -1.242465945746053e+05
  2.526182255896834e+09 -5.264704826527648e+04 -5.728919165216469e+04
  2.526194917708315e+09  9.418430201321584e+04 -6.541760965823987e+04
  2.526214632658205e+09  1.317850999282966e+05 -6.117002999735205e+04
  2.526109280034710e+09  3.114581117646769e+04  4.069232466261263e+04
  2.526098851917509e+09 -2.853674610302481e+04 -4.544572574949823e+04
  2.526126125848472e+09 -3.796205254200194e+04 -7.538813040603744e+04
  2.526068271999142e+09  2.268010005466704e+04  6.641803892394382e+04
  2.526174659733925e+09 -6.545966215026821e+04  6.151505597788538e+04
  2.525892911987263e+09  5.561055840470042e+04 -2.044006809764632e+04
  2.526118714858134e+09  4.467640990600805e+04 -1.008636988045990e+05
  2.526173768698810e+09  1.505296867563509e+04  2.400879482791829e+05
  2.526042198998291e+09  1.433621025649920e+05  1.569453738611934e+05
  2.526399738959140e+09  3.692600770298077e+04  1.076357182089876e+05
  2.526138934073134e+09 -8.030627331163781e+04  6.139289021255757e+04
  2.526218488276326e+09  8.886622033304442e+04  1.001922944744822e+04
  2.526082380621093e+09 -1.989434027736101e+05 -2.771650122732751e+04
  2.526098143527782e+09 -7.284593074374786e+04 -1.242463180447614e+05
  2.526053127792489e+09  4.053329960249830e+04 -1.326788917554205e+05
  2.526170147423296e+09 -6.901407120970730e+04 -2.008503655585223e+05
  2.526316580992240e+09  4.181508751588291e+04 -7.225944334208782e+04
  2.526016318419628e+09  1.313658211268904e+04  1.731117376568273e+04
  2.526326542464011e+09  2.976933292617003e+04 -3.420581779695724e+04
  2.526239651071045e+09  7.861135680547752e+04 -2.098537875602924e+03
  2.526133305297629e+09  4.892950920622447e+04  3.174968317941343e+04
  2.526218525484112e+09  6.980377665872162e+04  1.727297076543315e+05
  2.526078694978080e+09  1.477486823346760e+05  2.373612627451383e+05
  2.526342558629573e+09  1.604044545661787e+05 -1.331899519307050e+05
  2.526179293471625e+09  1.617304050948892e+05 -6.092928151962615e+04
  2.526023497956183e+09 -1.244634774596097e+05  3.274623489335878e+03
  2.526192472798965e+09 -6.038823016626586e+04 -9.011617766960990e+02
  2.525906922041567e+09 -1.195142411802406e+04  3.747730308659014e+04
  2.526121413020268e+09 -1.620982709919517e+05  7.424859361290676e+04
  2.526169107478928e+09 -2.731387304080627e+04  1.694344900131440e+05
  2.526135698185594e+09 -1.277302449533702e+05  7.924744231483783e+04
  2.526025023047873e+09 -1.214816449926775e+05  2.240117454823817e+04
  2.526051385522673e+09  2.053129720376324e+05  1.539729612570035e+05
  2.526174931524051e+09 -1.032324145961450e+05 -5.255401721198135e+04
  2.526254098318665e+09 -1.117873373956140e+04 -8.324321285896236e+04
  2.526076534956490e+09  1.464881684087769e+05  2.262081563691795e+04
  2.526052571768372e+09  1.547057472724083e+05 -1.504720823825520e+05
  2.526114944856647e+09  1.482359004158026e+04 -2.118359855727958e+05
  2.526122716807149e+09  1.815965873817730e+05 -1.542948065884919e+05
  2.526180144664009e+09  1.678525135418575e+05 -4.385824341067368e+04
  2.526071282274657e+09 -1.052926433316448e+05 -4.412497348856227e+04
  2.526175718629693e+09 -2.015575353353331e+05  2.387613885150175e+03
  2.525997049199485e+09  1.689222889771080e+04 -7.049640877486451e+04
  2.526167991673502e+09  7.292966430762480e+04 -5.070501935816894e+04
  2.526164796188743e+09 -1.361767286197863e+05  4.041570434515737e+04
  2.526123947426954e+09 -4.418307706345990e+04  8.742168390344206e+04
  2.526352397580424e+09 -1.315006963251228e+05  4.562838887836854e+04
  2.526197447999897e+09 -3.245871094820707e+04 -1.257686896868224e+05
  2.526007094363168e+09  5.476262145851855e+04 -2.181335595042352e+05
  2.526114222477954e+09 -3.113156335059775e+04 -1.088104128719254e+05
  2.526191671796368e+09 -1.307883180338967e+05 -1.938567706343206e+04
  2.526182642806357e+09  1.013373184631697e+05 -3.708782323600864e+04
  2.525954890107224e+09  4.373237962998581e+04  6.674143544260133e+04
  2.526221712780187e+09  4.748208869447932e+04  1.445713696024599e+05
  2.526206372545175e+09  5.371210961810534e+04  6.750556899243034e+04
  2.526232383154792e+09  9.067630107917322e+04  4.926448225475301e+04
  2.526181065680564e+09 -1.492439469783664e+05  3.400568219269579e+04
  2.526073901726851e+09 -6.251297332014737e+04  1.388999408956827e+04
  2.525947845943923e+09 -4.520588932985452e+04  1.636848107834038e+04
  2.526166329375094e+09  1.119784041628120e+05 -3.603230870640208e+04
  2.526092350092765e+09  5.602489814069425e+04 -1.845318699086440e+04
  2.526196917578816e+09 -1.236840433741783e+05 -5.294163367494440e+04
  2.526370010886413e+09 -3.161863056989864e+04 -1.083456678866804e+05
  2.526082996114979e+09 -9.746189520750707e+04  1.383124632060371e+05
  2.526170305713102e+09 -9.541250910355570e+04  1.539547849443597e+05
  2.526139660552047e+09 -1.152220258027525e+04 -1.173791742399379e+05
  2.526334060301356e+09 -7.386097159685197e+04  5.763665453427332e+04
  2.526082087174030e+09  3.336167683643207e+04  1.816626091379917e+05
  2.525939828964382e+09 -3.088217883543902e+04 -8.644817536314414e+04
  2.525962383239343e+09 -1.243841739847092e+05 -1.470187577385493e+05
  2.525932502251606e+09  4.380927810040279e+04 -1.896089818092156e+04
  2.525882176870710e+09  6.972351660382212e+04  6.731923024509521e+04
  2.526046973419139e+09 -5.351934164652554e+04 -5.426275120378484e+04
  2.526097849605452e+09 -5.770598097074335e+04 -4.291313318211288e+04
  2.526074999695532e+09  5.436801677571738e+04  8.621782709740085e+04
  2.526035112825857e+09  1.241331205161626e+04  5.641129111153103e+04
  2.526070000171685e+09  1.674929090101591e+05  4.286649021895952e+03
  2.525985777432020e+09 -1.088947706293154e+05  1.337696059477510e+05
  2.526058240857052e+09 -7.391507514542714e+04 -1.114758240322932e+03
  2.526137446424405e+09 -6.509257599001774e+04  1.891622912878334e+04
  2.525984630259692e+09 -2.513444865287747e+03  3.284085740824463e+04
  2.526202427128049e+09 -8.736961701881327e+04 -1.210005150009952e+05
  2.526080703943146e+09  8.883353798568295e+04 -7.230424806481565e+04
  2.526153985611808e+09  1.073624279532717e+05  7.109780166229827e+04
  2.526236623986861e+09 -2.850218525897339e+04  2.453881674446829e+04
  2.526088082738135e+09 -1.513153055249725e+05  1.497100251365411e+05
  2.526267066727562e+09  2.245396899939596e+04  3.131081422864110e+05
  2.526220465171170e+09  3.128512038732029e+05 -2.472239544601462e+04
  2.526205065884981e+09 -7.321475106620835e+04 -1.588266082610899e+05
  2.526269915540012e+09 -5.288663395673002e+04 -5.332805346262990e+04
  2.526258489837401e+09  1.528739238389754e+05  1.206503749010342e+05
  2.526112071056051e+09 -1.280858661243797e+05 -1.205940902184317e+04
  2.526208877980800e+09  2.623675100522826e+04 -9.490727479116766e+04
  2.525996878253848e+09  2.812340585836163e+04  3.551443330473005e+03
  2.526212323570651e+09 -1.637217416351852e+05  7.630068676870130e+04
  2.526229861046640e+09  1.046062571231077e+05  4.159359595169651e+04
  2.526099618714703e+09  1.149053078247574e+05 -2.779136616809294e+04
  2.526120651505506e+09 -1.308046186167753e+05 -3.776665056837723e+03
  2.526328678760910e+09 -1.642786829857738e+03 -9.650597364403307e+03
  2.526120803615876e+09  4.424847799598391e+04 -5.852648043951381e+04
  2.526165048125927e+09  2.254582372704239e+04  8.057938756048679e+02
  2.526146169988173e+09  1.201704238544800e+03 -8.844555706739309e+03
  2.526247428157367e+09  9.728114523737383e+04 -2.269352881332021e+04
  2.526007359376472e+09  1.960789093356164e+05 -7.186876437773224e+04
  2.526061517034721e+09  1.563809339914913e+04 -1.235279942466482e+05
  2.526122820376787e+09  5.565866554597858e+04  6.156449297759752e+04
  2.526334396213950e+09  1.874045627193160e+05  3.536897633747639e+04
  2.526221578386649e+09  1.296839478128473e+03 -8.442855064074276e+03
  2.526001956609783e+09 -2.065051565631456e+04 -1.213690177114679e+05
  2.526187475529685e+09  1.920130901362677e+04 -9.999331653577054e+04
  2.526023966934674e+09 -4.487999853888241e+04 -7.572158691056646e+04
  2.526022128012944e+09  6.233196818218078e+04 -2.597491044278775e+05
  2.526143666690150e+09  1.533674423284555e+05 -1.092203017818655e+05
  2.526163092095417e+09 -1.392407142951740e+05  1.129369999805965e+05
  2.526178080682721e+09 -2.952208761706040e+04  1.788665035772594e+04
  2.526214592297697e+09 -1.009047155668198e+05  2.361724619267005e+04
  2.526087552739222e+09  5.882617873122264e+04  1.796395643553097e+05
  2.526141551637691e+09 -1.318614310378104e+04  2.334592442036007e+05
  2.526129332533636e+09  1.149420471095947e+05  1.884676525508575e+05
  2.525945104558056e+09  2.821132875509560e+04  2.751310008291283e+04
  2.526127854423488e+09 -1.867286890085274e+04 -9.365804018003422e+04
  2.526053696526560e+09 -4.052605404450395e+04  1.149283720245841e+04
  2.526180787718722e+09  2.078410885102244e+05  1.042320133097391e+05
  2.526339963027225e+09  1.288429872440784e+05  1.794899644791577e+05
  2.526136683931250e+09  5.394383781198063e+04  1.986070489420497e+05
  2.526180810581375e+09 -6.186303949066135e+04  1.365981030935763e+05
  2.526031627447814e+09  2.964824591505746e+04  1.454033715386020e+05
  2.526337911960702e+09  8.435499383542669e+04  1.055687832368177e+04
  2.526073789161960e+09  1.527721764990606e+04 -5.605290047406568e+04
  2.525885178327809e+09 -1.319329171722857e+05  8.519810985730775e+04
  2.526130800727016e+09  6.935039897743170e+04  2.469931036809855e+04
  2.526266540335159e+09  1.501953937460736e+05 -1.743353862174291e+05
  2.526082264658886e+09  5.045592948906031e+04  1.517217008119915e+03
  2.526067335754937e+09 -5.307164543722477e+04  1.841203604590495e+05
  2.526189264255246e+09 -1.559513764376286e+04  1.358859467670186e+05
  2.526316874085487e+09  5.803000204845495e+04  1.901850114927790e+04
  2.526132397217602e+09 -2.815019455768408e+04 -5.479334757462842e+04
  2.526144854611466e+09 -1.417168156383375e+05  4.168040609247331e+04
  2.526139422214686e+09  1.503218326863764e+05  1.884816735383123e+03
  2.526282127850992e+09  4.540935570650303e+04  3.338284151704458e+04
  2.526154698316548e+09  1.296988650669674e+05  9.382541619999026e+04
  2.526236764067407e+09 -1.259984995508264e+04  5.987293418662157e+02
  2.526169882240883e+09  1.443963306049226e+05 -3.744873377307557e+04
  2.526084768074709e+09  1.046951034688812e+05  6.342787896523400e+04
  2.525984523905098e+09 -9.802160882784857e+04  3.389691394659458e+02
  2.526135993943532e+09 -4.893578302558558e+04 -9.992581177959056e+04
  2.526108835807171e+09 -8.212251900155097e+03 -9.686371123415302e+04
  2.526092401600636e+09  1.130205142220573e+05 -5.276509927432518e+04
  2.526103110957769e+09 -3.438485368725372e+04 -1.553786597945251e+05
  2.526224849802914e+09  3.844719172993733e+03 -1.107687157350663e+05
  2.526199246582772e+09  9.907530620340258e+03  1.430839805787639e+05
  2.526026827625420e+09  6.817944254978327e+03 -1.554970546527533e+03
  2.525856168627897e+09  3.672042639112833e+04 -6.693324415110218e+04
  2.526285675878000e+09 -1.192458445718804e+05  4.641707066401932e+04
  2.526205500046602e+09  1.801604495753155e+05 -1.127365319396046e+05
  2.526185019029171e+09  8.301352495273727e+04 -1.006808871019037e+05
  2.526170751017338e+09  1.048020718535180e+05 -3.984253324288072e+04
  2.525916446233323e+09  5.778309791974939e+04 -6.542998745257431e+04
  2.526121452491802e+09  2.316014244255477e+05 -1.096523111373596e+05
  2.526188103108107e+09  3.278128786576726e+04  4.431827469885442e+04
  2.526176091652887e+09  9.011059544563247e+04  1.292202932519437e+05
  2.526292735832817e+09  1.110787374201007e+05 -3.720241526677529e+04
  2.526317790483912e+09 -8.113496598240535e+04 -7.097764275820646e+04
  2.526081632185963e+09 -1.136806683994150e+05 -2.001133837186397e+04
  2.526135154839644e+09  5.643382268559613e+04  1.446094841481722e+04
  2.526131870086491e+09 -3.296624480256112e+04  3.189646757655405e+04
  2.526161420580382e+09  1.348215464822543e+05  1.542132357644895e+05
  2.526141670374681e+09 -1.814100869607648e+05 -6.134141095356178e+04
  2.526092888156631e+09  3.679224555540958e+04 -9.687131353060273e+04
  2.526120959743083e+09 -6.594106584934285e+04 -9.035915662348643e+04
  2.526203461182921e+09 -6.751058342764946e+04 -1.463268148172139e+05
  2.526254811443452e+09  7.828756214571942e+04 -6.088342048614682e+04
  2.526266922039099e+09  2.387753600296366e+04  1.837199311637132e+05
  2.526084855047064e+09 -6.554851483836235e+04  2.162062297527390e+05
  2.526104948791296e+09 -1.086928403407609e+05 -1.235376269309339e+04
  2.526076825896677e+09 -3.584075509634777e+04 -1.960874204077572e+05
  2.526096189004727e+09 -1.817925625803968e+04 -7.662141063391813e+04
  2.526051678693572e+09  1.918513005478441e+05  8.754719451934670e+04
  2.526039733929091e+09  2.191163611911092e+04  1.298583952442629e+05
  2.526220087841796e+09 -6.695244610285712e+04  2.139088367126638e+04
  2.525967869823596e+09 -8.898098314000852e+04  1.450398491293413e+04
  2.526142997658209e+09 -6.720716689926456e+04  7.261087716895528e+04
  2.526147026412493e+09 -5.079704901623586e+04 -6.825233003835427e+03
  2.526003642666938e+09 -7.318400158892066e+04 -1.340413069243645e+05
  2.525983738007083e+09  8.596825479174266e+04 -1.323222411163324e+05
  2.526303336332852e+09 -3.958892739533784e+04 -1.432795862976863e+05
  2.526068920286226e+09  1.148537319710944e+03  1.266269694521104e+04
  2.526006599634736e+09  1.187446183263103e+04 -8.247742707650666e+04
  2.526273789639082e+09  5.209245375557849e+04 -2.216635779450456e+05
  2.525951134121022e+09  6.221538590961613e+04 -2.471722671080913e+04
  2.526024754514994e+09 -1.268553097467765e+04  8.701187099478417e+04
  2.526167271550967e+09  6.514111327589198e+03 -9.959614104250213e+03
  2.526284840474288e+09 -2.745190492106753e+04 -1.238932592647428e+05
  2.526211983847320e+09 -2.570022526668792e+03  7.380205809951137e+04
  2.526016422520113e+09 -8.957456148291958e+04  1.335071321567972e+05
  2.525998106026356e+09 -1.680393953431072e+05 -9.286132242277381e+03
  2.526174292644307e+09 -4.756114714556839e+03 -6.508464236343587e+04
  2.526199901162095e+09  1.545573295885432e+05 -7.471714098184195e+04
  2.526246726004596e+09 -5.394143105170823e+04 -9.489435564522259e+04
  2.526108053623971e+09  3.657276915508788e+03  1.311692317957226e+05
  2.526200845515698e+09  2.952489689566725e+04  7.068816681069555e+04
  2.525936951033319e+09  8.492987983304512e+04 -9.180215493298601e+02
  2.526204435236758e+09  9.718217455827631e+03  3.525232015850977e+04
  2.525986530434985e+09 -8.078824557795252e+04  8.407024322852085e+03
  2.526188878048513e+09 -4.333174052489625e+04  6.714537142062350e+04
  2.526245693948852e+09  9.802407211782201e+04  4.942122486096120e+04
  2.526224389744790e+09 -1.337129055912490e+04  2.084800780204963e+04
  2.526284482681615e+09 -9.959273396641227e+03 -4.849321427104576e+04
  2.526063348008693e+09  6.955161699798505e+04  5.228293800572865e+03
  2.526162143756543e+09 -1.186729616866356e+05  6.735012413478550e+04
  2.526101806311563e+09 -2.563146563362726e+04  1.918550643990026e+04
  2.525999848832210e+09 -4.660352155534690e+04  8.469628100620385e+04
  2.526225998084790e+09  3.097647817656794e+04  1.485135958215134e+05
  2.526067049458673e+09 -9.738196992545947e+04  1.895350739643776e+05
  2.526028599048635e+09  1.242546893166834e+05  1.143064620093405e+05
  2.526120424485437e+09 -4.979734606984397e+04 -1.036291697275054e+05
  2.526148961962817e+09 -1.390311223436613e+04 -9.920758814191655e+04
  2.526038941233994e+09  7.140204995882616e+04 -1.882194729661939e+05
  2.526124342887520e+09  9.464695590571122e+03 -1.669131459600262e+05
  2.526043022675819e+09 -6.903212959483813e+04  5.938491967465263e+04
  2.526165925959345e+09 -3.575165614173422e+04  3.972219643879635e+04
  2.526087990431699e+09 -4.939937514355406e+04 -2.567888736888161e+04
  2.526062402904833e+09 -1.827801460973639e+04  6.865967420125136e+04
  2.526333841588419e+09  1.370739386239997e+04  3.018011659801780e+04
  2.526071987668976e+09  7.087757660528645e+04  5.085384767324652e+04
  2.526043798769042e+09  8.126868639849010e+03  5.085784848014853e+04
  2.526060632493666e+09  4.761028712084389e+04  3.645513991411851e+04
  2.526045177847269e+09  6.205673918301775e+04  8.731180323431746e+04
  2.526150480315362e+09 -1.138177219947830e+05  4.751503613898158e+04
  2.525907851845309e+09 -6.484193351474567e+04 -4.534627261068730e+04
  2.526230687906986e+09  1.399706127598825e+05 -1.122242749511353e+05
  2.526097308240603e+09  6.754101159039349e+04 -2.460666588083191e+05
  2.526272602360841e+09  6.268286857336876e+04 -3.021075499201842e+05
  2.526084371411031e+09  7.351093494784087e+03 -1.044500664091988e+05
  2.526071873210031e+09 -6.952497037065559e+04 -2.444435835158243e+04
  2.526252445355980e+09  3.478032468267065e+04  1.448242267493624e+02
  2.526323093459751e+09  8.806620418148092e+04  5.401012873208325e+04
  2.526068536786665e+09 -1.860513344208982e+05  6.537914371834276e+04
  2.526224668749025e+09 -1.358688251992909e+04  8.878449835731613e+04
  2.526178053630082e+09 -2.791345902366142e+04  5.315584530219156e+04
  2.526154459489176e+09 -9.070567588035320e+04  6.698484025701764e+03
  2.526062917073749e+09  3.975864437692100e+04  3.180893166317930e+04
  2.526018603105020e+09 -5.410827847398259e+04  4.101161494858097e+04
  2.526184083465692e+09  1.341824287882866e+04 -7.355481700154021e+04
  2.526223931234985e+09 -5.366155035486721e+04 -1.201828358058236e+03
  2.526062425997900e+09  1.413974679128517e+04  1.965485650191698e+05
  2.526182878668267e+09  7.368488024489343e+04  6.021477827664604e+04
  2.526008871428892e+09  1.059896230238252e+05 -2.318626885555680e+05
  2.526249369293243e+09  7.699548980032909e+04 -3.564148902107729e+04
  2.526271470715828e+09 -5.515667746297637e+04  6.178742073498247e+04
  2.526189056040181e+09 -1.792569346207753e+04  1.383775409252299e+05
  2.526262186000346e+09  1.515124313149783e+05  2.699726886355533e+04
  2.525981548684097e+09  1.233866806400223e+05 -2.057236455355849e+05
  2.526255661921870e+09 -9.728109616204078e+03 -1.550900973364048e+05
  2.526153340446534e+09 -6.873209097341471e+04 -9.223979881574318e+04
  2.526153591694620e+09  4.925235095415683e+04  1.138682546899226e+05
  2.526113318300735e+09 -2.002604278539134e+05  1.797678871465261e+05
  2.525933221937907e+09 -9.699178675599676e+04 -1.985161229463867e+04
  2.526143847383677e+09 -8.716258052813029e+04 -6.249933179034502e+04
  2.526007405124836e+09 -1.590649453982454e+05 -8.534339814581210e+04
  2.526371259279966e+09  9.989712162808562e+04 -8.843665657896409e+04
  2.525932060893267e+09 -6.469193913504248e+03 -8.209674956248677e+04
  2.525990165683373e+09 -2.771078823878546e+04 -2.051961079364119e+05
  2.526052010351218e+09  7.758394942522678e+04  1.677632914747858e+05
  2.526199937337702e+09  6.783358743367376e+04  1.333448988083816e+05
  2.526328913355581e+09  1.390820482458989e+04 -4.731767780903674e+04
  2.526074850553574e+09  9.905228827661835e+03 -8.723785181007429e+04
  2.526159465572600e+09  1.740987091280905e+05 -2.830832836474339e+04
  2.526128855864190e+09  5.211110454908665e+04 -1.226539479632245e+05
  2.526191727324233e+09  7.564747877630015e+04 -8.375189946361198e+04
  2.526075582181818e+09  2.188360979295982e+04 -1.255654557577611e+05
  2.525996789992011e+09  5.265763517913804e+04 -3.794794379692012e+04
  2.526195863987989e+09 -2.142924893301398e+05  6.231542921179358e+04
  2.526053966974056e+09 -9.962350108443282e+04 -5.943902337091358e+04
  2.526211476102852e+09 -8.974669114138512e+04 -5.952557564231777e+04
  2.526288478074980e+09 -1.032473607589647e+05 -2.230575797174388e+04
  2.526016932424589e+09  1.000672956496365e+04 -4.692603217549715e+04
  2.526143816742017e+09  4.927263090697772e+04 -4.858173733394859e+04
  2.526316904988271e+09 -7.697974275426962e+04  8.635945869221108e+04
  2.526203037587990e+09  1.517389984190126e+04 -1.302902629391758e+05
  2.526095609072978e+09  7.587028144681314e+04  2.836918200817262e+04
  2.526075543940144e+09  7.010393726078712e+04  9.255420490054577e+04
  2.526146541408095e+09 -9.587229421720037e+04  5.152276872637536e+04
  2.525927760708713e+09 -8.752507498140680e+03  1.503197953915903e+05
  2.526150028629010e+09 -4.922064223229839e+04  6.837741061282123e+04
  2.526087591160392e+09 -6.447208039613313e+04 -3.936973781879770e+04
  2.526195824850871e+09  1.312565006140906e+05  2.190843028707406e+04
  2.525931411695246e+09  3.558900075640646e+04 -1.511155932298629e+04
  2.526308952049448e+09 -2.032841787468782e+04  2.170307250148361e+04
  2.526147588460153e+09 -5.501548071650468e+02  7.510505604793527e+04
  2.526250935657285e+09 -1.252407039587378e+05 -6.488361891047272e+03
  2.526174452674540e+09  6.381056997718289e+04 -2.766874368397053e+03
  2.526010622199010e+09  1.298201952840530e+04 -6.707999210377570e+04
  2.526145011429012e+09  1.379626423103607e+05  4.977069491755450e+03
  2.526171069239442e+09  1.091991714465944e+04  1.710518124180660e+04
  2.526145532690734e+09 -2.738839359839394e+04  7.687936421506130e+04
  2.526168214818967e+09 -3.154682793253125e+04  1.860559958360168e+05
  2.526277732841606e+09 -1.391713641486573e+04  7.102565439664409e+04
  2.526045213249643e+09  8.515756708126160e+04 -5.645419684672030e+04
  2.526095301614097e+09 -7.931865355352676e+04 -3.563557369623450e+04
  2.526335280404557e+09 -7.257976773426519e+04 -1.929291572056385e+04
  2.526068565277778e+09  2.691048400297598e+04 -7.989371441777702e+04
  2.526205317083283e+09  2.021317033365495e+05 -3.829438675557869e+04
  2.526279053841580e+09  6.453480559362238e+04  6.164462734355044e+04
  2.526045785591241e+09  5.572496000183281e+04  2.184354894273821e+04
  2.526127916110261e+09 -4.971927995530784e+04  7.330550637955219e+04
  2.526164833760563e+09 -1.416250294811111e+05  2.143793605091642e+05
  2.526222744728535e+09  1.282307283431295e+05  4.889179792388342e+04
  2.526155946511941e+09  1.424497894373066e+05  4.649003404201008e+04
  2.526088013975638e+09  1.132773399527809e+05  1.186282330156250e+05
  2.526208368673909e+09  1.812324604564812e+04 -1.988154484596988e+04
  2.526145008861829e+09 -5.007934917084570e+04 -1.346842309239809e+04
  2.526212732004663e+09  1.273936411551431e+04 -1.004162006331946e+05
  2.526162141742407e+09 -1.225835128091043e+04  1.561095731430445e+04
  2.526155999010512e+09  2.148445502726566e+05  1.874376004804875e+05
  2.526006917457706e+09 -2.748162611807894e+04 -3.722959244404943e+04
  2.526163853197392e+09  5.991426188212703e+04 -1.110344573486668e+05
  2.526266539847103e+09 -1.833372560189315e+04 -1.723584017211199e+04
  2.526316885164408e+09  1.070015079831096e+05 -1.119909277991715e+05
  2.526057622973577e+09 -3.654834111253985e+04 -7.789659766329124e+04
  2.526242443762902e+09  9.280247150840005e+02  8.720207778026233e+04
  2.526068803590957e+09 -1.633496576213156e+05  1.028591324176313e+05
  2.526285759001287e+09 -1.448619157592244e+05 -8.643489043721696e+04
  2.526185634617505e+09  6.663736729752622e+04 -8.325213696567016e+04
  2.526319738109668e+09  8.219484620177624e+03 -1.331055348832073e+04
  2.526035290076735e+09 -3.097140227121999e+04 -4.664876569667563e+04
  2.525991555658193e+09 -1.081501683467011e+05 -8.713914857142692e+03
  2.526004335012419e+09 -1.533682859448506e+04  6.684440310231468e+04
  2.526104751665781e+09  3.282187601698973e+04  1.496785915798377e+05
  2.526172694038859e+09 -6.075774020387791e+03  1.718549227365485e+04
  2.526232286560827e+09  1.482907630744651e+05  2.531832813193693e+04
  2.526069064275273e+09 -1.201005586515176e+05  5.249085831854018e+04
  2.526084414745430e+09  7.397449274769233e+04 -1.187319494220781e+05
  2.526096479237455e+09 -9.356813002179808e+04 -5.101158565391632e+04
  2.526075760587206e+09 -8.826979123773472e+04 -1.470004943317221e+04
  2.526099333574409e+09  2.165414433292195e+04 -4.097621579390857e+04
  2.526010476943820e+09 -6.541692392044919e+04  1.023682547801696e+05
  2.526200524005864e+09  4.829388246038972e+03  1.197665120544517e+05
  2.526083658391071e+09 -7.475240753465069e+04 -1.137411995014430e+05
  2.526193326108673e+09 -5.866714264037815e+04 -7.397315440771659e+04
  2.526046341647886e+09 -1.101034675183166e+05  1.324868399712257e+05
  2.526200557245077e+09  6.004334803470888e+04  8.259658346127602e+04
  2.526255395861430e+09 -1.077121950594732e+05  1.024407724814448e+04
  2.526236351013135e+09  9.326736947929021e+03  2.090201104842829e+05
  2.526283238637347e+09 -1.279029448393006e+05 -3.751800138218736e+04
  2.526363665658244e+09 -7.976161195142730e+04 -1.695479380204962e+05
  2.526233331014664e+09 -5.155910332224099e+03  3.392721332995698e+04
  2.526101239006956e+09 -8.242985021910281e+04 -1.017814102116759e+05
  2.526167299384706e+09  4.567113856513413e+04 -2.966506463964286e+05
  2.526130493818015e+09 -1.020101709048299e+04 -5.293786675413582e+04
  2.526327975962874e+09 -4.342058073251415e+04  2.384378117838992e+05
  2.526172028753577e+09 -4.714805257873342e+04  2.790646300199809e+05
  2.526114467382028e+09 -1.138742313652674e+05  1.230333228069888e+05
  2.526128564066356e+09 -6.281626968062774e+04  1.370570656697359e+04
  2.526180958591727e+09  9.003152743178158e+04  1.516181725295745e+05
  2.526277836294156e+09 -4.926643324235018e+04  8.537708011727268e+04
  2.526105376673677e+09 -1.326866980803380e+05  1.503161029375906e+05
  2.526124437046248e+09  1.904973497261073e+05  1.740847279477464e+05
  2.526152522335274e+09 -2.761881483968813e+04  7.382106454104360e+04
  2.526135888631225e+09 -1.573077865931300e+05 -6.392994294841911e+04
  2.526259209830160e+09 -1.653086980854208e+05  5.982793912860868e+04
  2.526180268905906e+09 -7.584607636953797e+04  4.709942692862696e+04
  2.526310425721350e+09 -3.282631789842935e+04 -3.533507305288478e+04
  2.526274920673137e+09 -5.162302251311857e+04  3.617156843405729e+04
  2.526186849786911e+09 -5.654999808867287e+04 -1.487294278226853e+05
  2.526126639196767e+09 -4.358312138337875e+04 -1.610429673429357e+05
  2.526131962365962e+09  3.214390933772363e+04  4.826785463376017e+04
  2.526088228155140e+09 -3.919431212265362e+04  8.018215497310279e+04
  2.526192678581023e+09  1.074281568000782e+05  1.733809624318115e+04
  2.526252795754502e+09 -1.116381893053558e+05  9.371175610175065e+04
  2.526344463708951e+09  9.578942167689465e+04  1.630242632289603e+05
  2.526102400599813e+09 -9.497154092780355e+04  9.079316910826007e+04
  2.526095930898387e+09 -1.660544252230125e+05  7.891029985919734e+04
  2.526083609082645e+09  2.655393654089794e+04 -2.078742130729812e+04
  2.526224424627808e+09  3.436180292718392e+04 -8.110620827100764e+04
  2.525895912833265e+09 -2.062120697261961e+05 -5.452860140219517e+04
  2.526007734164889e+09 -2.315796519324377e+05  6.724580533795757e+04
  2.526154477533108e+09 -1.997282299640994e+05  5.988901547309407e+04
  2.526095798560705e+09 -7.275098404270713e+03  1.026644938840645e+05
  2.526184440745593e+09 -4.440924753707519e+04  4.559740690638564e+04
  2.526248325967396e+09 -1.474348280427236e+05 -1.334320552312885e+04
  2.526131153712647e+09 -1.563035516746206e+05 -1.252953613050100e+05
  2.526093105728348e+09  6.639404437572556e+04 -2.496561787226459e+05
  2.526200275205341e+09  1.463225727735088e+05 -1.137717316488154e+05
  2.526125754920708e+09  1.228198070605642e+05  7.452018993513956e+04
  2.525919243165200e+09 -8.943820373201324e+04 -4.760222863109678e+04
  2.526062955198244e+09 -4.883089488477446e+03 -1.334623931202739e+05
  2.526302151562264e+09 -8.450109619287873e+04 -1.064100916165952e+05
  2.526111334386760e+09  3.321614311441965e+04 -4.892618570033721e+04
  2.526041941046332e+09 -4.887579720354814e+03  2.168480838340168e+05
  2.526301144476957e+09 -2.184997533704969e+04  7.568396551962115e+04
  2.526228012201624e+09 -7.134388628115224e+04  1.010547386991745e+04
  2.526107071161261e+09 -1.391198730649648e+05  8.256589270474156e+03
  2.526017004198431e+09 -2.608536608564116e+05  1.852112222626479e+04
  2.526146726365042e+09 -3.388963695326762e+03  1.074491368487538e+05
  2.526277653917804e+09  2.496740982718719e+04  5.233572912083258e+04
  2.526123673046730e+09 -3.412209985386056e+04  5.949359949746658e+04
  2.526299254022981e+09 -1.259000390508294e+05 -8.012507568501658e+04
  2.526063475779692e+09  1.468637896264830e+03 -2.052625561542306e+05
  2.526202708951252e+09  1.410771373360459e+05 -5.624603802508500e+04
  2.526050961534105e+09 -1.050414678540081e+04  4.161507529131859e+04
  2.526222269079233e+09 -4.768660311776906e+04 -1.172993192642307e+04
  2.525970902807456e+09 -7.869059647937969e+04 -1.033143995612644e+05
  2.526118092142530e+09  6.171828420084645e+04 -9.296443900618522e+04
  2.526283152686662e+09  1.045257884504911e+05 -6.644665308844644e+04
  2.526197775941675e+09  7.036323319487786e+04 -6.563778550425638e+04
  2.526224815797803e+09 -7.380584840964549e+04 -6.753173703312548e+04
  2.526146150506111e+09 -5.522223735293210e+04 -7.837967180767795e+03
  2.525994048055400e+09  1.549239424467238e+04  9.254958102878765e+03
  2.526182376721522e+09 -7.145672452275874e+04  8.659820158045704e+04
  2.526118954448587e+09 -1.940784572032792e+04  3.701707818997826e+04
  2.526175056482596e+09  4.902199330679985e+04  3.556251400094922e+04
  2.526128896826932e+09 -1.721167714492562e+04 -3.776334568103100e+04
  2.525955062941130e+09 -6.784663120774738e+04 -1.571220149234403e+03
  2.526122090281100e+09 -1.278287799768521e+05  5.903768624134408e+04
  2.526253038297124e+09 -6.731131788450875e+02 -7.837837407693802e+04
  2.526136972898023e+09  8.958152604540373e+02 -9.157268419962749e+04
  2.526132895429819e+09  2.166880245053526e+05 -6.824347478857380e+04
  2.526234707022179e+09 -3.277237428507252e+04 -7.754459057045588e+04
  2.526066553283743e+09  1.012924371555193e+05 -5.966753687250451e+04
  2.526106512563271e+09 -3.389587470839056e+04 -2.433922217987024e+04
  2.526193340695503e+09 -2.067861136088138e+05 -3.688550291547569e+04
  2.526126310594849e+09  2.951043120402284e+04 -4.513240304006555e+03
  2.526084781681623e+09 -1.870760508524583e+05  7.556227819681750e+04
  2.526121777824766e+09 -1.527023147960776e+04  4.224049911459521e+04
  2.526104121135119e+09  1.069049155680905e+05 -2.998858684570075e+04
  2.526250648926885e+09  6.027139217911451e+04 -1.016964806602846e+05
  2.526280833217062e+09 -1.272171433073306e+04 -5.091853868897771e+03
  2.526244141811157e+09  1.223374724365848e+05  6.367503377973149e+04
  2.526198246807484e+09  9.931974216257664e+04  7.878676761459667e+04
  2.526227651815392e+09  2.621062970169188e+05  1.696547931403865e+04
  2.526019593600629e+09  8.072913528257515e+03  3.282544106720365e+04
  2.526188009286450e+09  1.048399913789828e+05  2.172132091006800e+04
  2.526121774857470e+09 -2.153638188156905e+05  1.830128452520480e+04
  2.526132622634181e+09 -1.609226929582609e+04 -3.283493873378425e+04
  2.526032993997328e+09  6.037378343359471e+04 -8.907490288785787e+04
  2.526046216550881e+09  2.601765134185634e+04 -4.793974285196164e+04
  2.525946078943764e+09 -6.150030760335410e+04 -1.619824793216081e+05
  2.526315380806489e+09 -3.036629306822079e+05 -4.279322239164822e+04
  2.526121626659365e+09 -1.378565677593493e+05  1.580131661368688e+05
  2.525987782551218e+09  4.453636202853522e+04  7.336345368931038e+04
  2.526220676967096e+09 -1.359210596606163e+05 -2.357418854928529e+04
  2.526171739819578e+09 -8.355325504839211e+04  1.559098178752355e+04
  2.526020407783448e+09  4.171219246107130e+04 -5.395116086211050e+04
  2.526114552608459e+09  2.698498222379822e+05 -1.466655869817859e+05
  2.526121546614571e+09  9.887981809517031e+04 -4.831497333564248e+04
  2.526078058689747e+09  8.221148565655469e+04 -6.514289121903456e+04
  2.526126814528655e+09  1.931127584055276e+04 -1.006456268340449e+05
  2.526178055988048e+09 -2.695981990087277e+04  6.874830907603493e+04
  2.526151299393849e+09 -1.068674548173235e+05  4.075355531966244e+04
  2.525902746162573e+09  5.001269285282353e+03  1.874011453970522e+04
  2.526162390958372e+09 -1.063664553334392e+05 -1.571724134199531e+04
  2.526054910565036e+09 -6.737829494861746e+04 -1.032878576979981e+05
  2.526071027170244e+09 -1.973018118841452e+05 -4.316933000116702e+04
  2.526221987211524e+09 -2.259690024007261e+05  5.204767733823881e+04
  2.526268807769863e+09 -8.730029219626181e+04  3.699829730959865e+04
  2.526179456437151e+09  1.242073600195505e+05  3.557977705371950e+04
  2.526070066475894e+09  9.324956074002775e+04  2.191754506915984e+05
  2.526274616107889e+09 -1.834072482053223e+05  1.759276661345772e+05
  2.525997583149405e+09  1.568360317097444e+05 -4.204513042820124e+04
  2.526044789559758e+09  4.479955679363990e+04 -7.618551808510035e+04
  2.526073310965747e+09  1.241003560556285e+04 -8.928225123733212e+04
  2.526053216854254e+09  7.143282087827902e+03  1.039475860241428e+04
  2.526039691415576e+09  9.423319017192500e+04 -9.812362458257936e+03
  2.526066008236760e+09 -1.204096461018510e+05 -4.670625420397619e+04
  2.526185369559016e+09  8.227951987061603e+04 -5.633335967210680e+04
  2.526181059494489e+09 -4.909720137565839e+04 -1.790540677839587e+04
  2.526085135638309e+09 -5.598426556795207e+04  1.650599564642084e+05
  2.526171640408386e+09 -1.065439428879796e+05  3.085438143708669e+04
  2.526047014125550e+09  5.569728179669438e+04 -1.832400991782728e+05
  2.526217511081514e+09 -7.293211498585204e+04 -7.143890267100054e+04
  2.526164347968119e+09  2.891188248780207e+04 -3.684862403121404e+04
  2.526229297570530e+09  1.669354385537194e+05  1.012652673494651e+05
  2.526036639278695e+09  2.006456666817618e+05 -1.304748788928533e+05
  2.526105736923868e+09 -1.143424005682715e+05 -2.091884892527808e+05
  2.526122099509093e+09  4.608217244312871e+04 -3.562570711608790e+04
  2.526106287076791e+09 -1.296364013080434e+05  2.567702715491329e+04
  2.526139832050673e+09  1.815698928859029e+05  1.371291874878854e+04
  2.526146485420754e+09 -7.517700664691177e+04  7.207294435620401e+04
  2.526292494596986e+09 -1.429850645576400e+04 -4.517261299129296e+04
  2.526089895121583e+09  6.880948262184625e+04  1.304889336402955e+04
  2.525991667395305e+09  1.233994917382072e+05  1.370750567475673e+05
  2.526005320010099e+09 -5.146714130495628e+04 -2.854927102597558e+04
  2.526106268574316e+09 -3.181782282863301e+04 -7.259442303160299e+04
  2.526009887354671e+09 -6.553162650502613e+04 -4.431061641034734e+04
  2.526054467357108e+09  1.055907822052191e+05 -7.903227254889766e+04
  2.526085141486661e+09  4.416469843337248e+04 -1.789762986522051e+05
  2.526078946251600e+09 -2.645445288812742e+03 -1.978689682241483e+05
  2.526190383192100e+09  8.603585048097069e+04 -7.663544048789598e+04
  2.526107108841380e+09  1.028764382598258e+04  9.664601066161529e+03
  2.525843382327731e+09 -1.374641625090921e+04 -2.113802065592387e+04
  2.526161413155069e+09  3.786922477400163e+03  9.849389833997842e+04
  2.526179556975245e+09 -1.232804025091510e+04  2.427791734305669e+05
  2.526092447676536e+09  3.173752845016033e+05  4.906103895155108e+04
  2.526387977133342e+09 -1.644382139282585e+05 -9.442216666590446e+04
  2.526061632139658e+09 -1.694536005593895e+05 -7.133409486980946e+04
  2.526152033606818e+09  2.052018919858764e+05 -2.547370504813688e+04
  2.526132616876646e+09 -8.770616813339898e+04  1.194519473743252e+04
  2.526120968134297e+09  9.180950023845490e+04  2.751435258272034e+04
  2.526142975150906e+09  5.208475364512287e+04  1.309978688598680e+04
  2.526090990031234e+09 -7.256166605480279e+04  5.801989939202543e+04
  2.526152973122852e+09  2.834316973884031e+04  3.029699876162154e+04
  2.526069637760893e+09  2.421586606643978e+04 -1.672856368995861e+05
  2.526075055392495e+09  4.091446606630116e+04  5.974401819758909e+04
  2.526103336220407e+09 -9.842075384251191e+04  1.369094796502377e+05
  2.526257867162208e+09 -9.543049546551355e+04  2.475426847548079e+04
  2.526121225241590e+09  5.884466819960624e+04  4.780260034097603e+04
  2.526225423169617e+09 -5.894782161907965e+04  1.498886651125405e+04
  2.526064998786283e+09  7.206230396053544e+04 -2.481408658836177e+04
  2.526224900562983e+09  2.929653138740163e+04  1.460287468045191e+05
  2.526163842231978e+09 -2.444384457670065e+04  1.183483636530582e+05
  2.525981529431447e+09 -3.903218653861759e+04  8.177629875985789e+04
  2.526025034322164e+09  4.223436102167878e+04  4.496361060188513e+04
  2.526047717091898e+09 -1.062280611624358e+05 -1.029087366841617e+05
  2.526103994790913e+09  2.389497787851878e+05 -2.450781926243389e+05
  2.525960458172641e+09 -1.716230789821793e+04 -2.537822474155498e+05
  2.526229716725332e+09 -4.995398080039094e+04 -7.567135795548954e+04
  2.526100174537767e+09  2.845429369388567e+04 -9.106452904331265e+03
  2.525980482486621e+09 -2.695676041840296e+04 -4.096565533418814e+04
  2.526216420189386e+09  8.021119338839734e+04 -4.247178784798345e+04
  2.526158636506957e+09 -1.849007058784030e+05 -2.926427044148033e+04
  2.526104307072820e+09 -1.266487194019712e+05  5.362948368678102e+04
  2.525947049356496e+09 -5.545487570343330e+04  6.144961497824918e+04
  2.526127061286494e+09 -4.709893081764644e+04 -9.141895532278286e+02
  2.526106355582075e+09  2.729449582225713e+04 -9.367761781240348e+03
  2.526217489559392e+09 -2.372321134023945e+05  8.628052759914263e+04
  2.525968919648400e+09  3.768454339953349e+04  9.284565649506706e+04
  2.526145600255223e+09  1.983862206451840e+05 -3.874759518426005e+04
  2.526289863317587e+09  2.327064510517311e+04 -1.348002737558144e+05
  2.526077829506757e+09  7.073144803654007e+04  2.587480744021805e+04
  2.526143991590467e+09  1.850630278515113e+05  1.229306740533346e+05
  2.526202020788105e+09 -8.798972051364253e+03 -2.882740244420056e+04
  2.526153847138917e+09  8.421473621546206e+04  2.724719285187020e+03
  2.526077312441477e+09 -5.764834673409816e+04  9.940214098378376e+04
  2.526365870768219e+09 -7.518337890852126e+04  4.770762584441621e+04
  2.526054364103473e+09 -7.445658221819089e+03  6.885858988486731e+04
  2.526148129474702e+09 -2.004674292032586e+05  9.772197335084935e+04
  2.526242608102843e+09 -2.868702977262715e+04  2.465557242178154e+04
  2.525900422229996e+09  9.147037989125244e+04 -2.333696510762491e+04
  2.526131359072245e+09  1.229366690223757e+04  5.860596936987992e+04
  2.526095625697598e+09 -4.045362373523321e+04 -2.782867347196348e+04
  2.526072890609738e+09 -1.067811364059132e+05  7.269016259390590e+04
  2.526237443741723e+09  3.193957250840054e+04  9.213517089718487e+04
  2.526011311073601e+09  4.638883569322713e+04 -7.280338347712555e+04
  2.526228324515418e+09  1.159907009483023e+05 -1.296526521481376e+05
  2.526060862770599e+09  2.044767117694403e+05  5.382684457606869e+03
  2.526097894504598e+09 -2.738630221837584e+04  1.292377365751781e+05
  2.526199930006558e+09  2.694486799458141e+04 -5.856075067555835e+04
  2.526136480334654e+09  1.890208029179054e+05 -5.564294518306875e+04
  2.526125257002022e+09 -1.907286361385662e+05  5.992650768917683e+04
  2.526167497062347e+09 -6.251946138213109e+04  7.612170735253021e+04
  2.526228806317679e+09 -1.929712489966850e+04 -6.172989369640010e+04
  2.526084398815433e+09 -1.121654067528420e+05  1.670689838028047e+03
  2.526081871423838e+09  5.049169201112213e+04  1.112121156535589e+05
  2.526233185781335e+09 -2.194049941654695e+04  2.730183444750356e+04
  2.526112039511059e+09 -1.089406915139169e+05 -1.471396167146513e+05
  2.526303499302886e+09  6.654924298691563e+04 -6.047043521970924e+04
  2.526087689296567e+09 -1.032899762622830e+05  5.825418366018379e+04
  2.525947006373355e+09  2.808307239713092e+04  1.265369783567024e+05
  2.526152876278225e+09 -1.841934838614805e+04  5.513152051460138e+04
  2.526271938379948e+09  1.648482715362431e+05 -1.390582417606586e+04
  2.526111615802965e+09  1.381026160733411e+05 -1.143210667741872e+05
  2.526036004594792e+09 -1.469145540587257e+05 -2.794740976638533e+05
  2.526120399890320e+09 -1.248879501621566e+05 -8.833612635951862e+04
  2.526246068535163e+09  7.809781158971402e+04  5.877087185501680e+04
  2.526096775213666e+09 -9.137777356832311e+04  5.940414355976321e+04
  2.526250199249593e+09  1.358464488541463e+04  1.204524240663412e+04
  2.526089028263446e+09 -4.856180890058819e+04  9.152500529531587e+04
  2.526123845115624e+09 -7.823703013214516e+04  6.358826002913454e+04
  2.526154612542588e+09  6.956483008759341e+04  1.037457604165409e+05
  2.526211333261958e+09 -1.718729081371599e+05  1.802629188199412e+05
  2.526040629622888e+09 -4.902435341747158e+04 -8.916336309236439e+04
  2.526069901023411e+09  5.132422661735874e+04 -7.222660161532613e+04
  2.526170949850247e+09 -1.097906305003657e+05  4.192894432693440e+04
  2.526111193253583e+09 -2.646544180908351e+04  1.375293412846187e+05
  2.526075564055178e+09 -5.476471132736804e+04  1.586691021092766e+05
  2.526071935612138e+09  1.655455874815253e+05  8.704206491413948e+04
  2.526040911070519e+09  1.220859343303870e+05  1.941069544794875e+05
  2.526116160110526e+09 -9.623946875736583e+02  1.489038470962832e+05
  2.526174323432381e+09 -1.516412030232031e+05 -1.667170770407014e+04
  2.526357438768326e+09 -2.069290808977990e+04  1.267770001507769e+05
  2.525955030345409e+09  8.962743524596863e+04  1.989008593662544e+05
  2.525990291540210e+09  5.943424998856219e+04  1.116472451660712e+04
  2.526166213083223e+09 -5.991289667900023e+04  1.534003167033801e+04
  2.526185984220363e+09 -7.087351067469106e+04 -6.458754609101522e+04
  2.526177864082946e+09 -1.172775026641483e+05  1.104425086900280e+05
  2.526210462564851e+09 -5.835681154212425e+04  1.529126173643759e+05
  2.526212533608274e+09  2.100432320214522e+05  9.192018052779842e+04
  2.525958948234099e+09  4.142293635059422e+04  6.071384295021527e+04
  2.526302204867943e+09  2.630967886097798e+04  7.513362247659703e+04
  2.526152836785737e+09  1.591516885296428e+05 -2.030692851530225e+04
  2.526187495911827e+09 -7.714298364579678e+04 -8.375943898645433e+04
  2.526091753408347e+09  9.864391581516661e+04  4.232440597793745e+04
  2.526068894959830e+09  1.020531946226970e+05  3.695313353574602e+04
  2.526057974700866e+09  3.967407720016362e+04 -1.041017901691742e+04
  2.526159240775941e+09 -1.124654975845048e+05 -5.226640456013016e+04
  2.526067260188927e+09  4.177313367034239e+04 -1.672867510623431e+05
  2.526276413164695e+09  4.144494804406370e+04 -1.165793847991768e+05
  2.526333730464148e+09  1.098795793415416e+05  8.382478694683488e+04
  2.526181933142177e+09 -8.109043030991773e+04  1.798751963555950e+05
  2.526200099854840e+09  9.588351528054569e+03 -1.383253822983138e+04
  2.526297236517704e+09 -1.920983576971883e+05 -4.341492902975623e+04
  2.526141731569106e+09 -6.640694356328878e+04  3.345075765171181e+04
  2.526120625350044e+09  3.002902678686352e+05  7.569190587820183e+04
  2.526193425209199e+09  5.832852050446888e+04  4.034411712908954e+04
  2.526248458047899e+09  6.555660740489642e+04 -1.658196639192273e+04
  2.526276135682921e+09  2.290713228251690e+05  5.707219240427937e+04
  2.526189347210147e+09  9.955778801937937e+04  5.399728848924232e+04
  2.526248139810592e+09 -1.213446640324849e+04  6.832594449003437e+04
  2.526113367005392e+09 -2.831488812062051e+04 -5.579563201219204e+04
  2.526046237023146e+09 -7.193208970001480e+04 -1.235030693106906e+05
  2.526268977185659e+09 -1.712455766883625e+05 -7.208764489324414e+03
  2.526280560744363e+09  1.097598161029286e+05  5.214026563128343e+04
  2.526251978327193e+09  5.917366665647295e+04 -1.130289379305788e+03
  2.526132319442226e+09  1.503614203052828e+04  7.143513965574314e+04
  2.526062676358224e+09  5.486301773895317e+04 -3.425088557108864e+04
  2.526102854592210e+09 -2.653148786295881e+04  1.217803415689726e+05
  2.526053621464136e+09  2.923352155770280e+04 -1.074593500580585e+05
  2.526191684983649e+09  8.377236495977873e+04 -1.651042191956394e+05
  2.526179596247769e+09  2.293035893525376e+05 -1.177455901260484e+05
  2.526142698810951e+09 -3.165047936430702e+04  5.674598077313689e+04
  2.525983158677028e+09 -3.975645786617789e+04  9.409253986363695e+04
  2.526144767954286e+09  1.711724140952821e+05 -5.048443772627180e+04
  2.526118883413378e+09  5.552404451460508e+04 -1.237370197925647e+05
  2.526153787947114e+09  1.620191616044533e+05 -1.838848965788207e+05
  2.526254053892946e+09  8.166277889386704e+04 -1.335169831836157e+04
  2.526361495750947e+09 -1.295173664573384e+04 -1.587302305769466e+04
  2.525817617456092e+09 -1.986350729853045e+05 -7.839290258325217e+04
  2.526156505024643e+09  6.111342327476828e+03 -1.108647191302432e+04
  2.526109962662537e+09  5.692632986670919e+04 -1.128820499377663e+05
  2.526251869178678e+09 -1.321795280555468e+05 -2.458202303936236e+05
  2.526089212991153e+09  1.411154197794913e+05  4.420704118505213e+04
  2.525968026908924e+09 -3.184380263346923e+04 -2.058249282288016e+04
  2.526247416578897e+09  7.948899631114560e+04 -6.910915102814615e+03
  2.526149311471940e+09 -6.676089533166238e+04  4.013249894764670e+04
  2.526087609466820e+09  4.164306218490237e+03  1.947612817427213e+04
  2.526223328915638e+09 -5.684899466605228e+04  6.373359304399988e+04
  2.526138323018397e+09 -1.677472550256182e+05 -9.061035883489484e+04
  2.526284085754905e+09  1.697838412126803e+05 -9.713567225980695e+04
  2.526202157835125e+09 -4.996183317685180e+04  1.080333296305778e+05
  2.526114758635084e+09  1.567739870794078e+05  1.484585955087800e+05
  2.526023443342519e+09  2.917134743559721e+04 -8.256558986409736e+04
  2.525911590469653e+09  4.247355670445878e+04 -7.647494656464551e+04
  2.526133958905987e+09 -1.267481530366752e+05  8.954591877941438e+04
  2.526183520143170e+09 -9.610457991622528e+04  5.248818810838787e+04
  2.526142387003900e+09 -3.149072833938571e+04 -1.267502656402974e+04
  2.526161003959188e+09 -9.723022302511055e+04 -4.211923655861011e+04
  2.525971556829030e+09  1.226847013484187e+05 -9.959950688382855e+04
  2.526036939208617e+09 -7.532373141428921e+03 -5.170417068133762e+04
  2.526066433969647e+09 -1.601951903154901e+05  8.178562560083438e+04
  2.526064770738760e+09 -1.468073768754971e+05  2.963535765099106e+03
  2.526282241927187e+09  1.950254302493623e+04 -1.649470062454545e+04
  2.526146796852549e+09 -4.408470095669734e+04  8.712274018010707e+03
  2.526181351521255e+09 -5.728743865196977e+04  6.471369944146898e+04
  2.526228510917366e+09  1.742521543948623e+04  1.682911106409677e+05
  2.526393641331218e+09  5.159941855212441e+04  8.070838111329230e+04
  2.526151216671926e+09 -3.629071147907968e+04  7.800599818158883e+04
  2.526231573711735e+09 -2.768555266692652e+04  5.008706248284620e+04
  2.526031631452292e+09 -2.113911142233456e+04 -3.562731578536727e+04
  2.526190636427297e+09 -6.912520025508222e+04  6.929478250686300e+04
  2.526180494862350e+09 -9.652863112356525e+04  1.937444205034244e+05
  2.526110682848393e+09 -1.373921579225794e+05  8.907150034653046e+04
  2.526117793094430e+09  3.774429665490740e+04 -4.481900865909911e+04
  2.526140693285954e+09 -3.446020058224755e+04 -4.304512251178815e+04
  2.526122133345778e+09 -1.912164158786391e+04 -3.837503465009271e+04
  2.526127708942220e+09 -1.151662916360027e+04  2.789859185040678e+04
  2.526072560553713e+09  1.695188370508584e+04  3.935611841532320e+04
  2.526210323736348e+09  1.541405510668999e+05  8.475544589418545e+04
  2.526019594865707e+09 -1.028536979295540e+04 -1.873065844118300e+03
  2.525992780378063e+09  2.686492710562074e+04  7.737999065406155e+03
  2.526131711066133e+09  1.314083698677176e+05  1.425281122280753e+05
  2.526310116679420e+09  1.355991927661253e+05  1.222088336120921e+05
  2.526176705632423e+09  9.186368699731003e+04  1.192070498610241e+04
  2.525955476342847e+09 -9.364906329237251e+04 -1.559423381758205e+05
  2.526165024526866e+09 -6.432494437183870e+04 -1.230526022645240e+05
  2.526059420509538e+09  1.205982292844949e+05 -9.258375852727867e+04
  2.525966065064812e+09 -3.853879368026590e+04 -1.240016004340388e+05
  2.526097779404582e+09 -2.883185782201373e+04 -2.158293522136228e+03
  2.526122841364297e+09 -1.044932089081649e+05  4.236872524998267e+04
  2.526059357871294e+09 -7.695911449741467e+04 -4.302755613028025e+04
  2.526093124876034e+09 -7.044737772785453e+04 -1.083700423933053e+04
  2.526110720574577e+09  5.383295282840682e+04  2.329727364731487e+04
  2.526313935301857e+09 -1.608695692437734e+05  1.378091315869654e+05
  2.526120682350519e+09 -9.599684165360639e+03  9.790376896143251e+04
  2.526045532669470e+09 -5.501267656982812e+04 -4.084572622258915e+04
  2.526308098716821e+09 -1.328302545111613e+05 -5.102664704997931e+04
  2.526211270275182e+09  1.980638866554084e+05  1.041294265701075e+05
  2.526062958652448e+09  1.161761398403281e+05  2.368007894496790e+05
  2.526188081840325e+09  7.990675226210221e+04  1.571227186029234e+05
  2.526110824374074e+09 -2.209638196300024e+05 -7.623015580840176e+04
  2.526121962965046e+09 -5.204344310657098e+04 -1.099194212876987e+05
  2.526145927752904e+09 -2.907224119422196e+05  6.832798497560853e+04
  2.526172196728787e+09  1.534183693686023e+05 -2.748194229368074e+04
  2.526067387490607e+09 -1.254772288415649e+05 -1.515117774369626e+05
  2.526257711556504e+09 -1.170764241277557e+05 -1.054435021101816e+05
  2.526160845225096e+09 -5.389482467098544e+04  2.920469780567232e+04
  2.526051336961245e+09  4.260551360948896e+04  2.175099136502843e+04
  2.526129319601256e+09  5.748165829808556e+04 -1.253555690403437e+05
  2.526249383607516e+09 -8.152298330932856e+04 -1.159631376711406e+05
  2.526106646041512e+09 -8.447311037290143e+04 -1.293301891335403e+04
  2.526143486750777e+09 -1.253202028434020e+05 -7.386369546961249e+04
  2.526231860524251e+09  2.333463602937153e+04 -4.695763904848276e+04
  2.526071767392683e+09  1.344044175762708e+05 -9.932502150607249e+04
  2.526049168916313e+09  1.423513245917647e+05 -1.483677526550065e+05
  2.526100939603322e+09 -1.049706653198635e+05 -7.101308426141669e+04
  2.526264812684924e+09 -1.138329723849253e+05 -1.710378918362490e+03
  2.526056485898085e+09  1.269792539216192e+05  5.950240748838545e+04
  2.526186119907701e+09 -2.664948779097885e+05  4.828823872033921e+04
  2.526091318271770e+09  1.553710449835758e+05  7.669842909325479e+04
  2.526037579399724e+09 -2.131782670350536e+05  3.837124855322994e+04
  2.526050585746525e+09 -1.029817262114593e+05 -1.724706253431865e+04
  2.526215482436507e+09  1.449360987691944e+05  8.364379319955118e+04
  2.526104459003900e+09 -1.294456487863498e+05  6.564941244640679e+04
  2.525995359716764e+09  6.654318970174761e+04  3.927082940405107e+04
  2.526154050364943e+09  1.215380075458466e+05  1.880990048857607e+05
  2.526099083409691e+09 -2.443679171807659e+05  2.805694523073236e+05
  2.525987537950053e+09 -1.829327669602877e+04  1.761827126514653e+05
  2.526061227446129e+09  1.650008026552148e+04 -3.244164548505074e+04
  2.526080422629439e+09  1.195829187644518e+04  6.537149940485973e+04
  2.526010233120386e+09 -3.154435447715658e+04  5.030141827473254e+04
  2.526005209735814e+09 -6.626191204323764e+04 -2.619641935685219e+04
  2.526263064712471e+09  1.221289251672965e+04 -2.278845311461203e+04
  2.526264969925753e+09  5.539854422708764e+04 -1.216374284186035e+05
  2.526035416383555e+09  4.395224621753150e+04 -8.064566822631401e+04
  2.526043770642355e+09  1.255310576017888e+04 -7.321808479707711e+04
  2.526111545008613e+09 -1.061796840691839e+05 -6.428446869167965e+04
  2.526204177318730e+09  1.137404225870722e+05 -2.062543914889963e+04
  2.526112989065897e+09 -2.517475044443388e+04 -6.016737170993467e+04
  2.526227500424702e+09 -1.690198897074803e+05 -6.452258378710551e+04
  2.526011935382665e+09  3.530514102109219e+04  2.408089569474445e+05
  2.526137605052808e+09  1.230202743630788e+05  2.119380272397435e+05
  2.526094722102935e+09 -9.728025554677309e+04 -2.719788673897109e+04
  2.525899899544932e+09 -6.036166226961184e+03 -1.085805955260130e+05
  2.526146511054269e+09 -6.863569439940853e+04 -3.462846440743672e+04
  2.526226725207080e+09 -9.398738087133772e+04 -2.132862716564280e+04
  2.526154461443311e+09  2.737778130903631e+04 -7.324188248372590e+04
  2.526259397074543e+09  4.508866207100544e+04 -1.281627214572502e+05
  2.526171315398221e+09 -2.646661228057556e+04 -1.022897908415472e+05
  2.526025157260181e+09 -3.648687310531561e+04 -2.861774226517876e+04
  2.526222390405719e+09  1.092917610170146e+05  2.786317639922188e+04
  2.526009954497662e+09  1.044045767785516e+03  1.182158978244085e+05
  2.526130735255225e+09 -8.747543975485931e+04  5.694129106518812e+01
  2.526101566737850e+09  4.950399132086150e+04 -7.737976406271337e+03
  2.526142027383439e+09 -1.577636981187165e+05 -4.914760951548832e+04
  2.526064949331073e+09 -1.376261413815814e+05 -1.255481898148458e+05
  2.526293710062976e+09  7.609050842714566e+04 -1.088520238734239e+05
  2.526051596807933e+09 -5.007425172344048e+04  1.544579375279029e+05
  2.526070761352229e+09  4.471234284494177e+04  6.205882568338141e+04
  2.526150457437911e+09  4.775373143493221e+04  1.016012111890451e+05
  2.526121286854411e+09  7.228996043183948e+04  1.198342688013571e+05
  2.526392403241693e+09 -1.000725367378213e+05  4.002785266458115e+03
  2.526149555542362e+09  6.652336865903225e+04  4.300705016061105e+04
  2.526126701315253e+09 -5.616414623473445e+04  3.965550073910854e+03
  2.526071507061176e+09  3.779779951136420e+04  4.445220827657054e+04
  2.526235864619842e+09 -4.074834868397575e+04 -6.934717481798492e+03
  2.526138462218978e+09  7.040503565346263e+04 -4.016010809766647e+04
  2.525975646406697e+09 -3.987571396801993e+04  7.005760830761725e+04
  2.526236435870708e+09 -1.802531277000146e+05  1.597682960564758e+05
  2.526293713206903e+09 -5.710180148187408e+04  2.935872242395364e+04
  2.526034002761867e+09 -2.692014383520803e+04 -1.692187814724375e+04
  2.526134956464347e+09 -1.102316218250679e+05 -1.440738565020752e+05
  2.526221818374851e+09  3.448812630111806e+04  2.747062839998433e+04
  2.526115598942294e+09  4.878611836338772e+04 -7.733426828664960e+03
  2.526248130020821e+09  3.307064841761161e+04  4.333720728016936e+04
  2.526238298402679e+09  5.367155625413754e+03  5.864675086911931e+04
  2.526212868932736e+09  8.933309697486926e+04 -1.167385305798152e+05
  2.526218152499626e+09 -7.483703545317322e+04 -1.507924250833907e+05
  2.526133152642299e+09  2.188615233697766e+04 -7.275053045649012e+04
  2.526024144577662e+09 -4.596677032446777e+04  3.650510342332003e+03
  2.526134241315465e+09  6.171802272571856e+04  9.496371881815698e+04
  2.526139225098363e+09 -8.590740734871500e+04  1.711119929169840e+05
  2.526204251978301e+09  1.259788392385328e+05  8.791119285985176e+04
  2.526111468815063e+09 -6.288780194603885e+04 -3.915794443887020e+04
  2.526108178814189e+09 -1.610963434976258e+05 -3.080636072468664e+04
  2.526211785162441e+09 -4.538959252986358e+04  1.248138461750869e+05
  2.526436429698643e+09  2.820491059163879e+04  7.607048517578747e+04
  2.526041011437597e+09 -4.140537480841111e+04  9.895644190618623e+04
  2.526194926836962e+09 -3.049733879977791e+04  9.531892190386634e+04
  2.526188742047249e+09  9.286914294535207e+04  3.937747222749324e+04
  2.526055696180242e+09  6.428306612297194e+03 -6.619584504414420e+04
  2.526134250081338e+09 -1.122869431912194e+05 -2.023766536401568e+05
  2.526242265758885e+09 -1.221113931820029e+05 -5.568446472737379e+04
  2.526177195751661e+09  1.122865048658318e+04  1.136375033540099e+05
  2.526254538076173e+09  3.632588075016037e+04  4.872030905094679e+04
  2.526322795247633e+09  4.337404051260347e+04 -4.639826591288683e+04
  2.526154755383224e+09 -1.728744267631043e+04 -7.516199567027000e+04
  2.526080242690957e+09 -2.858256058575091e+04  1.686232771183277e+03
  2.526222905156464e+09  1.598606705814525e+05  1.544650544593949e+04
  2.526198874274074e+09 -1.330609565101564e+04 -1.389512345532663e+05
  2.526144378994559e+09 -9.974323460604303e+04 -1.503743396129620e+05
  2.526246156824695e+09 -1.136240888959821e+04  2.220808036718529e+04
  2.526084337757495e+09  5.724109632980451e+04 -2.240720987071351e+05
  2.526150734664891e+09  1.516430040087202e+04 -1.889058903141632e+05
  2.526128693071906e+09 -1.442639655590246e+05  3.729446638773195e+03
  2.525706468848752e+09 -2.864814692619583e+04  7.828200319237099e+04
  2.526206474605004e+09 -1.273025850131264e+04 -9.743476959233405e+04
  2.526153136407860e+09 -3.961031388620986e+04 -8.615125223594211e+04
  2.526293492065757e+09 -1.148968964005280e+05 -6.109576296465495e+04
  2.526185522952850e+09  2.547570493009377e+05 -7.065527109477483e+04
  2.526111905560769e+09  6.210310898938260e+04 -3.900655811923416e+04
  2.526091577614102e+09  3.084082730854035e+04 -1.081085303708622e+05
  2.526100222972369e+09 -2.145378629964835e+03 -1.271212029601649e+05
  2.526242440976239e+09  8.126960815262236e+04 -8.036708041152882e+04
  2.526244339138607e+09  2.854911163889291e+04  8.144251699458121e+04
  2.526094004827671e+09  2.645737418333860e+04  1.196754944638516e+05
  2.526043185191002e+09 -7.264884142565180e+04 -2.486297843580623e+04
  2.526224134938070e+09 -7.272119282165461e+04 -1.521908803748724e+05
  2.526238343461535e+09 -2.609680518037340e+04  5.227973156869505e+04
  2.526021279913453e+09 -1.196073112885788e+04  1.732876275949271e+05
  2.526060468108275e+09 -2.906606806545753e+05  9.163411784857593e+04
  2.526266644390111e+09  7.475419523502002e+04 -1.748609601143794e+04
  2.526258976877412e+09  1.668614825837431e+03 -2.050002925081644e+04
  2.526104942211597e+09 -8.100169346597884e+04  9.268913438035100e+04
  2.526125353198085e+09  4.596302782139741e+04  6.573240493081883e+04
  2.525955436081108e+09  1.950420811790521e+05 -9.942537941300840e+04
  2.526060801871941e+09  4.835709983137349e+03 -6.699650817998033e+04
  2.526354456492920e+09  6.936342838715273e+04 -4.580839841457224e+04
  2.526205846432723e+09  2.910113036517007e+04 -7.174602526353532e+04
  2.526053603793111e+09  1.263878702940987e+05 -9.212515276491700e+04
  2.526112332387233e+09 -1.356194367779687e+04  4.764062158040935e+03
  2.526247484899910e+09  5.805986034377676e+04  1.103844852626389e+05
  2.526238477064968e+09 -9.189039014330623e+04  4.001979688234522e+04
  2.526144960477278e+09 -1.113550963132355e+05 -2.632866994030937e+04
  2.526219800606337e+09  4.756169055975496e+04 -7.918026701612212e+04
  2.526013662543924e+09  7.586428636963537e+03 -1.522552771508114e+05
  2.525982814896589e+09 -2.331744738398922e+05 -1.950329472417184e+05
  2.526069109769013e+09  1.147753486416389e+05 -7.584835560431832e+04
  2.526172633149096e+09 -1.473701120888785e+04  1.066960123780649e+05
  2.525937235221515e+09  4.678021383950155e+04  1.079934866537382e+05
  2.526073962582217e+09  4.770214943783311e+04  5.507104937645129e+04
  2.526198179870216e+09 -3.740874651519675e+04 -4.080407021270483e+03
  2.525982219552275e+09 -4.076333193750796e+04 -6.791293019691802e+04
  2.525947432957249e+09  1.256820134066945e+04  3.491504854093853e+04
  2.526134515246281e+09 -5.396405520414682e+04  1.356249611672984e+05
  2.526079492028377e+09  2.920293241488351e+04  1.479553604270547e+04
  2.526213848430420e+09  1.935715503434177e+04 -7.977804477098840e+04
  2.526128370371791e+09 -1.179546163824855e+04 -6.805987573399744e+04
  2.526041123717272e+09 -1.833415667226014e+05 -3.634903571222292e+04
  2.525972471631760e+09  4.726169488149416e+04 -1.832135774550424e+04
  2.526154973368155e+09  2.383709589582373e+05  1.414772213619438e+05
  2.526156456083988e+09  5.036989433246059e+04  1.928588767133633e+05
  2.526188191420874e+09 -2.405914500149008e+05  1.029293073077048e+05
  2.526096917491166e+09  1.939342988536821e+04  2.613717436235453e+04
  2.526318430690441e+09  7.344983993213810e+04 -1.315104728860131e+05
  2.525980014988633e+09 -8.568058888482931e+04 -8.895543586798827e+04
  2.526327850712145e+09 -2.924273491159780e+04 -2.918659202310303e+04
  2.526069104332958e+09 -1.374069581719814e+04  5.900730799796758e+04
  2.526322732637915e+09 -9.692213741342537e+04  1.644199128820444e+05
  2.526091722993196e+09 -9.968414262477355e+04 -8.731620553671234e+04
  2.526006069870644e+09 -1.246510101231364e+05 -9.282331417164346e+04
  2.526168164979445e+09 -3.226506418158431e+04  7.549951271150773e+04
  2.526139267655989e+09  2.160669995764107e+04  9.090542518302472e+04
  2.526256489014747e+09 -4.290456236672751e+04 -6.635052913191146e+04
  2.526005450837529e+09 -2.578967187859514e+04 -9.819442509829684e+04
  2.526285436502924e+09 -2.308231959688175e+04  3.713636130799109e+04
  2.526169958570722e+09  1.865154876256422e+05 -3.031864881530870e+03
  2.526079365716421e+09  1.141270466782197e+05 -8.269666101692757e+04
  2.526138861078625e+09 -1.745810118963830e+05  3.304369113195455e+03
  2.525985143186018e+09  7.586528219901887e+04  1.176228656144254e+05
  2.526117235212285e+09  2.324951234854650e+05  2.536864756453731e+05
  2.526134864250714e+09 -1.734696399291774e+05  1.873992048334458e+05
  2.526156800427710e+09 -2.592744586996152e+04  1.209749108103674e+05
  2.526086578040683e+09  6.655234089864884e+04  9.808902555727924e+03
  2.526063213035780e+09 -8.059695322980278e+04 -2.028350546407788e+05
  2.526159325394082e+09 -1.076349516727423e+05 -1.714098884596265e+05
  2.526036850099468e+09 -9.495256601914857e+04  2.454799423452117e+04
  2.526118279443209e+09  3.978884238966741e+03  2.889924442458502e+04
  2.526255195897996e+09 -5.505058223498892e+04 -7.541353748443874e+04
  2.526436446988634e+09 -8.006574682608960e+03  8.347346241779104e+04
  2.526142504850558e+09  1.364230570085745e+05  2.064436919272773e+05
  2.526392345581618e+09 -1.742993265815920e+05  1.545798543552975e+05
  2.526085129704377e+09  1.474530214145628e+05 -6.898201557816594e+04
  2.526099668051052e+09  1.172390928595280e+04  9.046668519607582e+04
  2.526059275426047e+09  1.576794411460909e+05  9.746346182089543e+04
  2.526092384697323e+09  1.180454297796920e+05  9.138833334365115e+04
  2.526183839834523e+09  5.922579813533032e+04  1.539144090308668e+04
  2.526049755592329e+09  1.001422937216461e+05 -4.140908044321102e+04
  2.526186385252307e+09 -1.820824303020979e+05 -1.035839249697769e+05
  2.526108258917621e+09 -1.749455123165948e+04 -5.128599657641520e+04
  2.526063612726381e+09  3.084318103684008e+04  3.925365532259061e+04
  2.526199783660063e+09  2.344049871527473e+03  1.574077992225749e+05
  2.526171549275189e+09 -1.528129981653922e+05  1.176579609060308e+05
  2.526174287129327e+09  1.983118473899129e+05 -1.234662204374326e+03
  2.525917718056180e+09 -1.439525084661762e+04 -5.372390546998946e+04
  2.526110275392565e+09  8.848286248735327e+03 -6.707544974766618e+04
  2.526214976763869e+09  8.984864811996999e+04 -3.666095416037391e+04
  2.526085380890348e+09 -4.421316459467355e+04 -1.714419100162038e+05
  2.526068316497734e+09  3.305758476495801e+04 -1.837959089251695e+05
  2.526157112347041e+09 -1.867362723609807e+05 -8.056116888721733e+04
  2.526123892196815e+09  1.871180126848472e+05  5.426621797973360e+04
  2.526216996992320e+09 -2.794764697537944e+04 -6.869385582080763e+04
  2.526210565040853e+09 -1.002904534732327e+05 -2.795405266343150e+04
  2.526111185112552e+09  1.018052283897894e+05 -1.713982920506776e+04
  2.526236535502765e+09 -1.116916504489356e+05  1.195757997504590e+05
  2.526199297117170e+09  4.757062843540852e+04  1.054710893215224e+05
  2.526176704829107e+09  4.075411190956831e+03 -1.840494127342943e+04
  2.526136258969273e+09  1.435481962360761e+05  3.918651767635602e+03
  2.526080424315975e+09 -1.291059328739534e+05 -1.764350830199907e+04
  2.526053524372599e+09  1.178772473934600e+05 -3.964834987522056e+04
  2.526060732947481e+09  1.088470814677083e+04 -1.463804086817043e+05
  2.526164298015886e+09  3.243292722398182e+04 -1.555266619097242e+05
  2.526045330786151e+09  4.365576668889193e+04 -6.797286549307778e+04
  2.525950043164700e+09  4.064142746898194e+04 -3.612954299929470e+04
  2.525825818006286e+09 -4.399889940727293e+04 -9.268257033319440e+04
  2.525878664898655e+09 -3.421353761779240e+04 -1.942812529459067e+05
  2.526067873105324e+09  2.710754959275550e+04 -2.113529234765805e+05
  2.526088679347240e+09 -2.952265539814229e+04 -1.259637147751520e+05
  2.526207525034614e+09 -2.941902860097238e+04 -4.811310499328608e+04
  2.526202648409307e+09 -4.732893413357437e+04  6.581704439133080e+04
  2.526078273733703e+09  5.705750751502765e+04  1.565543273261243e+05
  2.526208375763718e+09  4.023483693091199e+04  3.478534819588589e+04
  2.526379120191866e+09 -2.399652569562482e+04  6.779598848711187e+04
  2.526161989638867e+09  6.165871638787934e+04  4.764076184978010e+04
  2.526293163980289e+09 -4.514009352825768e+04  2.862709574306500e+04
  2.526298616890287e+09 -1.692941828088735e+05  7.602355362468195e+04
  2.526271547644326e+09 -1.198026424742031e+05 -4.393410861058848e+04
  2.526087891776556e+09  4.764441456062219e+04 -6.578962515367536e+04
  2.526140711010046e+09  5.437389111919154e+04  6.319227849263058e+04
  2.526095109811784e+09  1.724188301137020e+04  8.185486744568025e+04
  2.526023474734128e+09  3.576033220154373e+04  2.927347797782137e+04
  2.526173640591362e+09 -7.650051326440569e+04 -6.626031430854418e+04
  2.526165220660171e+09  5.713068521798222e+04 -3.090447223033290e+04
  2.526057984876532e+09 -3.819451732974529e+04 -3.972199349100131e+04
  2.526218122777259e+09 -5.395641039764404e+04  5.417554301722278e+04
  2.526147356980169e+09 -6.122436275524320e+04  6.497926597014326e+04
  2.526074466754591e+09 -1.136744321955470e+05 -9.063145975484315e+04
  2.526197987634316e+09  2.816868997063627e+04 -8.217826530506476e+04
  2.526308157131552e+09 -3.419223056679917e+04 -4.713474819096713e+04
  2.525965830399751e+09  6.106328688056860e+04  2.529578878561337e+04
  2.526114897591410e+09 -1.229940470627099e+05  1.760105749539733e+05
  2.526196349065231e+09 -1.797489831246147e+05  2.480984156251496e+05
  2.526123107656283e+09 -1.151737114612048e+05  2.305014554188421e+05
  2.526108959309569e+09  5.182211040500528e+04  5.692116208075010e+04
  2.526097824834157e+09  5.255083673935023e+04 -1.183576332174682e+05
  2.526026550606365e+09  2.477581506793015e+04 -4.201321381422633e+03
  2.526065622097443e+09 -3.703469468649710e+02  5.042395731246844e+04
  2.526163925419408e+09 -3.213252940897131e+04 -2.503949043513997e+04
  2.526068415343642e+09 -1.816490048256303e+05  1.583032441669095e+05
  2.526310083969335e+09 -7.697539460396045e+03  6.290680952024995e+04
  2.526042721708802e+09 -5.313910642088111e+04 -1.973137509569712e+04
  2.525972557672511e+09 -1.857634877707589e+05  5.923577022944996e+04
  2.526270181898622e+09 -1.674993290863425e+04  3.016101280103321e+04
  2.526160127039694e+09 -1.085002009636252e+05 -2.870602764625242e+04
  2.526003707239140e+09 -6.920803064624779e+02 -4.750227468995977e+04
  2.526175916968515e+09 -2.896766805767070e+04 -4.553846886753588e+04
  2.526167000399149e+09  7.766405626536557e+04 -9.162931188826700e+04
  2.526161382424320e+09 -8.722189133509566e+04 -2.076345099606935e+04
  2.526098813784699e+09 -1.693776210478391e+03 -7.963271476720797e+04
  2.526240145635559e+09  3.911216159488307e+03 -1.467340885209781e+05
  2.525913308715393e+09 -2.524476463538560e+04 -6.335504659897205e+04
  2.526226484090242e+09 -3.198546452066232e+04  8.167643795708707e+04
  2.526076886301662e+09  6.401650334855003e+04 -7.510428567507793e+04
  2.526000448309529e+09 -4.646209254359861e+04 -1.860117833892417e+05
  2.526001672255154e+09  7.004712402658595e+03 -4.901702366840478e+04
  2.526267527481898e+09  3.310287914810207e+04 -5.110125474787946e+04
  2.526071675646651e+09 -1.763063326071706e+05 -3.734981318934076e+04
  2.526280297476330e+09 -1.160989794056666e+05 -5.075729676434898e+04
  2.526179166755212e+09  2.766775694703031e+04 -2.626307151533454e+04
  2.526113068608978e+09  1.285956171607699e+05  2.501857125418016e+04
  2.526161639141073e+09  1.267156465329551e+05 -4.347227847765910e+04
  2.526097187486213e+09 -2.227875076198397e+03 -2.650696430979396e+04
  2.526348092800557e+09  2.833128106785154e+05  6.846417504745664e+04
  2.526252151255466e+09 -1.503007390891926e+05  1.497324360212862e+05
  2.526152981907980e+09  1.581506513923722e+05  6.074053815272730e+04
  2.526116985023572e+09  7.801836155592813e+04 -1.220886408279922e+05
  2.526136028576316e+09 -2.148279141771977e+05 -4.031837035390269e+04
  2.525972467169881e+09 -2.726678018265334e+04  1.193948030833220e+05
  2.526220463741076e+09  6.040024248316023e+04  1.144558498059517e+05
  2.526169036898525e+09  8.440993436649442e+03  1.588535564473618e+05
  2.525940026924696e+09 -2.195587748343917e+04  1.785929488986753e+05
  2.526053664265351e+09  6.765644590417156e+03  8.130109782075731e+04
  2.526137418642787e+09 -5.373626624810376e+04  4.246063562278129e+04
  2.526046209533075e+09 -2.981118958566245e+04  2.916152665977664e+04
  2.526222085756216e+09  3.112280840526905e+04 -4.104730591118435e+04
  2.526091470624602e+09  1.056226644396265e+05 -3.649273894161312e+04
  2.526188040563036e+09  3.920506858374071e+04 -1.858981597457756e+04
  2.526119906082214e+09  1.017648917383314e+04 -1.200211358358036e+03
  2.526193552599142e+09  8.539882290683617e+04 -6.794748129291576e+03
  2.526277376463870e+09 -5.881289232367952e+04  7.852949218192464e+04
  2.526040183362854e+09  2.165055370891350e+05  9.885522001777682e+04
  2.525917636437626e+09 -8.218278824323765e+04 -1.013816094046426e+05
  2.526090298187491e+09 -1.794029089844024e+05 -4.432605556836748e+04
  2.526204969090705e+09 -1.791340931900732e+05  1.148356153570476e+05
  2.526153830987849e+09  9.717785671681841e+04 -8.282744001496781e+04
  2.526127374816584e+09 -6.256120959365345e+04 -6.232101180996979e+04
  2.525978267579308e+09 -1.155250060752848e+05 -3.802527087663265e+04
  2.526151510254587e+09 -8.145142419701762e+04  1.732456917368900e+04
  2.526142297246956e+09  6.058934296693746e+04  4.727370779376943e+04
  2.525983156962073e+09 -3.306684246818651e+04  1.491875002441231e+05
  2.526128651089498e+09  1.349279858714828e+03  4.458243335247599e+04
  2.526147845950577e+09 -1.419512285371562e+05 -6.900929633137165e+04
  2.526236083796910e+09  9.509802899964299e+04 -7.420557063157723e+04
  2.526224438864127e+09 -6.682920632372261e+04 -8.619271589610947e+04
  2.526318221421333e+09 -2.432634802473555e+05  9.559994171515852e+04
  2.526082903911579e+09 -2.029262614574877e+04 -4.176558369131264e+04
  2.526238164047468e+09  2.214783875967536e+03 -3.644561212831375e+04
  2.526095825553734e+09 -2.838658616885323e+05  1.276223214181097e+05
  2.526198753661368e+09  4.418402667559520e+04  7.560128797890118e+04
  2.526184834711963e+09 -1.824333832900939e+05 -3.292305919397157e+03
  2.526134874428734e+09 -2.256400027320138e+04 -1.362270097167394e+04
  2.525976838124993e+09  7.829059532739397e+04  5.147804028356913e+02
  2.526438898363115e+09 -6.805934278801508e+04 -1.319513858168956e+05
  2.526202661266888e+09  8.937714701523364e+03 -7.542224049657556e+04
  2.525960979137112e+09  2.999403756780340e+04 -4.793367146303586e+03
  2.526173892336094e+09 -1.380805350858876e+05  4.013543009674060e+03
  2.526087368264314e+09 -7.277510041957954e+03 -2.348183411813015e+04
  2.526077797867892e+09 -2.118433790523888e+05 -2.511324538410760e+05
  2.526128554655382e+09  3.217474514525186e+04 -5.749682203230355e+04
  2.526219201291000e+09  7.300835587096517e+03  1.949422198039177e+04
  2.526087415323892e+09 -2.120474729303000e+05 -1.214582800511960e+05
  2.526397940712727e+09 -2.888282334453054e+04  8.626491885252064e+04
  2.526146883550026e+09  3.550822945775784e+03  1.027431027385616e+05
  2.525880891942631e+09 -2.893396227998214e+05 -4.226757337458641e+04
  2.526282668616136e+09 -7.833739819755754e+04  4.341870513153914e+04
  2.526290043137798e+09 -3.188375789795700e+04  5.189222119974531e+04
  2.525942101141825e+09  5.932100554362137e+04 -6.097359740464622e+04
  2.526329890518207e+09  5.004115448864922e+04 -9.972615230818209e+04
  2.526145137722423e+09 -9.433671910050884e+04  1.577772598966793e+04
  2.526181170967558e+09  7.143773187463486e+04  1.260625511996867e+05
  2.526106889198136e+09 -3.463160449296926e+04 -2.833906298992358e+04
  2.526215426604811e+09 -5.109234837060166e+04  5.894840213160729e+04
  2.526216101600627e+09 -2.597495859472931e+04  2.033630359439540e+05
  2.525907651324347e+09 -1.464524181350453e+05  1.608366215217623e+05
  2.526131105480677e+09 -5.583340880862891e+04  3.946011492516752e+04
  2.526060040355937e+09  3.221989334799891e+04  5.091904880461516e+02
  2.526061857911752e+09 -1.283383578911773e+05 -2.140321482837929e+04
  2.526166822622169e+09 -1.439468164192056e+04  2.018136042582092e+04
  2.526324421446269e+09 -3.851854013780854e+04 -4.775743511252942e+04
  2.526137240498248e+09 -7.907802219159203e+04 -9.072712592806807e+04
  2.526231174450987e+09 -1.572863452819237e+05  1.005794496682867e+05
  2.526382836883738e+09 -6.279604677574796e+04  2.462216866128636e+04
  2.526275585793538e+09 -2.199695184778143e+04  1.340615524540651e+05
  2.526140637177235e+09 -4.619176710307342e+04 -7.655032764675235e+04
  2.526163223573494e+09 -9.884499149826076e+04 -1.347409634795166e+05
  2.526175778241429e+09 -5.947153582643459e+04 -6.714851885980938e+04
  2.526123390733364e+09  4.886886550222826e+04  3.600154329485609e+04
  2.526233499309237e+09  1.295883781042005e+05  5.467070147638815e+04
  2.526289932118464e+09  7.960606115871808e+04 -1.204418517538162e+05
  2.526155998864264e+09 -1.344271166326246e+05 -7.327493306152936e+04
  2.526003994776881e+09  1.513963553822780e+05  7.322874121481087e+03
  2.526159087056124e+09 -8.891601820841548e+03  2.276228623014921e+04
  2.526192011997653e+09 -6.239610240621888e+04  4.975500567326695e+04
  2.526209245550524e+09 -2.761656464764691e+04  1.063100287195214e+04
  2.526115220212311e+09 -6.600375149238610e+04  2.450495165270480e+04
  2.526064529446801e+09  1.965286099546661e+05  6.515567517320998e+04
  2.526228659272501e+09 -6.982941763977660e+04  1.559442497484270e+04
  2.526082645212239e+09 -6.198221583452064e+04  7.581165075440519e+04
  2.525986530376334e+09 -1.005012056679951e+05 -2.376972945241956e+03
  2.526062796993201e+09 -9.325040887805552e+04 -8.336049979184405e+04
  2.526097916226879e+09 -6.726921118311025e+04 -1.143183356960630e+04
  2.525993212844890e+09  7.300416359364160e+04  4.305188854915812e+04
  2.526165973164695e+09  1.248639956326406e+05  1.085700453694545e+05
  2.526143841433484e+09  1.626009989911632e+05  1.094726387135691e+05
  2.526257150209724e+09  2.184355220780231e+04  3.167880723890429e+04
  2.526115623184373e+09 -6.245734117023996e+04  6.383246062949765e+02
  2.526113982879393e+09  2.513670511121249e+05  1.233952179669156e+05
  2.526234215998283e+09 -5.140703833111201e+04  1.335175408895267e+05
  2.526028611201265e+09 -3.718965774555446e+04 -3.328452123047394e+04
  2.526265712277836e+09 -1.115697487913372e+05 -2.003192217279239e+05
  2.526213291146401e+09 -6.926315926219648e+04 -2.322361317325656e+05
  2.525994006501225e+09  2.124945461300868e+05 -1.973347043606980e+05
  2.525996751768873e+09 -1.107664769066884e+05 -7.977300249973882e+04
  2.526217467499660e+09  7.082942522497801e+04  9.887564172100858e+04
  2.526116778681074e+09  1.312998079552937e+05  1.479729968666809e+04
  2.526155008127334e+09  4.520231462983176e+04 -8.426084669909324e+03
  2.526118972931615e+09 -5.423518127540569e+04  3.766594243491802e+04
  2.526140872231728e+09  2.040182297471752e+05  1.281927556006925e+05
  2.526327331609205e+09  1.888285095768746e+05  1.077970448413645e+05
  2.526124032605535e+09  2.262309801137762e+04  4.327200884302310e+04
  2.526167395404833e+09 -1.106095152317637e+05  7.073803317339101e+03
  2.526098421311978e+09 -2.732286709665763e+04 -2.829526543019642e+04
  2.526033064669098e+09  8.410919488154259e+04  1.250099628733099e+05
  2.526147565799376e+09  6.749087383326329e+04  2.047480856813262e+05
  2.526224501879820e+09 -1.155435562467147e+04  5.650614679887285e+04
  2.526019096053608e+09 -1.422669931979484e+05 -1.005341926374380e+04
  2.526192803618523e+09  1.084495931000123e+04 -1.019658247022195e+05
  2.526347989788140e+09  5.423533127582411e+04 -9.569537785260685e+04
  2.526244776288373e+09 -6.615215611409559e+04 -2.670922538614066e+04
  2.526003606508595e+09  8.560791179463232e+04 -1.356755304391286e+04
  2.526204769151368e+09  1.835251768163323e+05  8.478603786827263e+04
  2.526021344331216e+09  2.545456410734953e+05  1.567270409658232e+05
  2.526047867765195e+09 -2.298125641141902e+04  1.986601461444878e+05
  2.526092918612476e+09 -5.254301455370290e+04  4.981500956264109e+04
  2.526107733502507e+09 -8.914637434952892e+02  1.624008127038958e+05
  2.526172365578373e+09 -5.738177521451973e+04  2.163394378697635e+05
  2.526113447448189e+09  1.881666355206363e+04  1.326227930410671e+05
  2.525961361239613e+09 -1.390075759388202e+05  1.673044238439542e+05
  2.525996904068040e+09  6.572104980250751e+04  8.367381615128065e+04
  2.526116136936812e+09  5.835689299949398e+04 -8.769265325901244e+04
  2.526215764393836e+09  8.371847762142145e+04  8.401309859177447e+03
  2.526126993168571e+09 -2.189475976768567e+04  3.781144633490429e+04
  2.526160113751572e+09  2.085086568602771e+05 -6.513246732680406e+04
  2.526137755088516e+09  8.772257965498802e+04  5.048135808758019e+04
  2.526203740477330e+09  8.007143525005924e+04  1.114417543191994e+05
  2.526215101168134e+09  3.698284271208569e+04  1.260681393529382e+05
  2.526052668777566e+09  1.783658924981158e+05 -2.324890542079536e+05
  2.526207832145336e+09  1.228880415706111e+05 -4.520932191009726e+04
  2.526273250528170e+09 -3.474886064891436e+04 -1.135141001965576e+05
  2.526067414617380e+09  5.670061393848481e+04 -3.431525054569845e+04
  2.526303359166014e+09 -7.902144783430500e+04  1.363044667684687e+05
  2.526236922248598e+09 -7.739204285948945e+04  1.873142734149748e+05
  2.526165362594491e+09  8.165697456080897e+04  2.636016580810067e+05
  2.526005107905401e+09  1.883909865939670e+04  9.403425756652455e+04
  2.526218031726230e+09  1.327109541125965e+05 -4.533070637510438e+04
  2.526107397253640e+09 -4.808062331266236e+04  4.769290648028371e+04
  2.526045603611573e+09  1.192807522209297e+05  3.114837438855949e+04
  2.526289739126637e+09  1.366064496711234e+04 -6.868611825303501e+04
  2.526147999703033e+09  1.019681136399792e+05 -9.800205966240217e+03
  2.526342435612618e+09  1.758299388796140e+04  4.424769220228749e+04
  2.525966379177275e+09  8.467955326492607e+04 -2.080089642337972e+05
  2.526309775067884e+09 -5.755306684226234e+03 -4.031669706965028e+05
  2.526183872065560e+09  1.256607232749092e+05 -1.210720411697763e+05
  2.525994732957022e+09  8.677398767903054e+03 -7.509261951167625e+04
  2.525993686311781e+09  3.441940660055954e+04 -7.749250099945016e+04
  2.525866028445428e+09  1.489140387829409e+05 -1.909241258697235e+03
  2.526111498555615e+09 -4.926069834843103e+03 -1.056224976338464e+04
  2.526037355707782e+09 -1.833804345598305e+05 -1.085955266945396e+05
  2.526028071726606e+09  7.459062218771840e+04  1.421038155282708e+04
  2.526154664320824e+09 -4.101415018940950e+04  3.840883380592620e+04
  2.526070012779121e+09 -1.619455194108945e+03 -5.478184161572496e+04
  2.526043630608980e+09  2.005576905080077e+04  1.201149898847162e+05
  2.526198529109128e+09  9.544012066260329e+03  1.284742385487795e+05
  2.526169491615571e+09 -2.324310821331781e+04 -5.191134576029005e+04
  2.526190571802501e+09 -2.119937511921558e+04 -2.012982055923413e+04
  2.526291902746739e+09 -1.831866963450918e+05 -8.403203298831009e+03
  2.525940467658256e+09  2.260280998407397e+04  7.737674862762832e+04
  2.526193929465146e+09  1.148777217925328e+04  2.341102745290473e+04
  2.526203459751120e+09  1.005698269920888e+05 -1.070024421568925e+05
  2.526291465023332e+09  7.210850107962638e+04  5.006548731915560e+04
  2.526139790589965e+09  2.871264811385621e+04  2.383479854791397e+05
  2.525999408095241e+09 -3.014478566689265e+04  1.481284397146641e+05
  2.526250797800260e+09 -2.407556893994065e+04  5.267374256500270e+04
  2.526210324241431e+09 -1.242084876586092e+05  6.999609520605195e+04
  2.526220568650892e+09  5.787980707821297e+04  9.362942133971991e+04
  2.526211467315917e+09 -1.246068591243057e+05  1.032301033036712e+05
  2.526064132574541e+09 -1.421931584686899e+05  8.282509885771922e+04
  2.526150982399944e+09  5.458883014858933e+04  3.094186185152820e+04
  2.526116699806170e+09 -3.446975812586036e+04 -4.946637789373507e+04
  2.526188026730134e+09  3.840432060178195e+03  6.659162626234291e+04
  2.526199883916867e+09 -1.182181925240586e+05  1.526795868977569e+05
  2.525882871289795e+09 -1.743470068728100e+05 -3.654972299424456e+04
  2.526136112750951e+09 -5.988044964703615e+04 -1.665789184246022e+05
  2.526167360574087e+09 -6.422569043088099e+04 -1.352957940004209e+05
  2.526066628602914e+09  1.523942325895410e+05  9.765336670793549e+04
  2.526266432294680e+09 -4.590936035838447e+04 -5.989421723152074e+04
  2.526087061267868e+09 -1.265683270086469e+05  2.743613004479220e+04
  2.526107371946229e+09  3.745220026583507e+04  1.487212485193644e+05
  2.526039057405186e+09  3.525294560801133e+04 -1.780692206006101e+04
  2.526144363532425e+09 -6.188608995160577e+04 -1.177415893605726e+05
  2.526221306548778e+09 -6.865620662894694e+04 -8.391590029074225e+04
  2.525980415275021e+09  1.164219627609444e+05 -5.345998977298802e+04
  2.526139108972811e+09 -9.501662117158501e+04 -1.605195118148238e+05
  2.525991380727707e+09  2.866060244292987e+04 -1.227640110765358e+05
  2.526041784384490e+09  7.322641428673267e+04  5.612902784279292e+04
  2.526205260500025e+09  7.221061542350403e+04  8.321024750618963e+03
  2.526019097802022e+09 -1.606307488766358e+04 -1.164075686109606e+05
  2.526084993881250e+09  8.289374060766312e+04 -1.553105406457852e+05
  2.525921904976778e+09 -7.437819809890212e+04 -5.265736106649972e+04
  2.525894212932180e+09 -2.301851207604134e+05  1.020393355697860e+05
  2.526127816012592e+09  1.403872131223287e+05  1.469605475423541e+05
  2.526057921484797e+09 -6.918254337093770e+04  1.625695457645601e+05
  2.525975969618508e+09 -1.993943207490556e+05  1.033087439010129e+05
  2.526192718831229e+09 -2.515304168526840e+03  3.988784314454836e+04
  2.526063632978186e+09 -7.335157653269568e+04  1.782565948981815e+04
  2.526181902073825e+09 -6.662703671001334e+03  3.658971188892843e+03
  2.526116972058516e+09 -9.860516722093459e+04 -6.094729382547783e+03
  2.526171116806950e+09  1.297103608821727e+05  3.757200986070093e+03
  2.526316411019483e+09 -8.424597142309579e+04  4.859607027014566e+04
  2.526245921965560e+09 -9.624184538464877e+04 -1.078803952357780e+05
  2.526271370686943e+09  6.228111774210294e+04 -1.979795496004049e+05
  2.526181128513594e+09 -5.120086294777313e+03  3.059561271339771e+04
  2.526197410754534e+09  1.607140766677618e+05  9.804461949338345e+04
  2.526165015107752e+09  9.436641555449256e+04  4.538336737119127e+03
  2.526069169869004e+09 -1.050421649730706e+04  3.617445866740250e+04
  2.526104618386355e+09 -2.344521632084275e+05  1.097087050837369e+05
  2.526079322206811e+09 -1.550260863965598e+04 -2.767004145905748e+04
  2.526187672613431e+09  1.143424832050451e+05  5.710765984692262e+03
  2.526098421423416e+09 -2.449185303791180e+05 -2.590550771599758e+04
  2.525993276560828e+09 -5.332353705845127e+04 -2.848248894263606e+04
  2.526180033585334e+09 -1.958336685658176e+04  8.097295777197403e+04
  2.526222967684098e+09 -6.940149953678885e+04  1.510738258103209e+05
  2.526162566508003e+09 -3.261318373057863e+04  1.210299078320728e+05
  2.526222477683087e+09 -6.666316483857369e+04  4.733112406121520e+04
  2.526105706493598e+09 -1.739671833646295e+05  2.085865290832869e+04
  2.525942213711107e+09 -6.145374794391030e+04 -5.669636477283633e+04
  2.526073733439126e+09 -1.685315872027259e+04 -1.126967806806015e+05
  2.526078999191539e+09 -6.293512589092879e+04  3.777052834594017e+04
  2.526132086589533e+09  8.383784670293091e+04  7.146253953366401e+04
  2.526178047599209e+09 -9.424349880697601e+04 -1.372213407814826e+05
  2.526229648500835e+09  5.728904104257526e+03 -2.232799635954716e+05
  2.526019796777645e+09 -1.404294890784124e+05 -1.147142851104322e+05
  2.525981940971701e+09  8.896351953151007e+04  8.491492935935548e+04
  2.526213229531103e+09  1.261393488712318e+05  5.576736310877692e+04
  2.526045365172203e+09 -2.694436306440248e+04  9.659880356191192e+03
  2.526253032028509e+09 -4.386302345366875e+04  7.942336714850564e+04
  2.526140282984105e+09  5.647104645824654e+04  1.734333043541004e+05
  2.526033185591858e+09  1.117763059950648e+05  7.119827915485390e+04
  2.526046127585214e+09  2.009277381957346e+04 -8.417578979438613e+04
  2.526081682590494e+09  4.347716853996657e+04 -7.673137456214020e+04
  2.525979837964668e+09 -1.122088726798552e+05  1.122744644531005e+05
  2.526088938731876e+09  1.201786734771240e+04  4.213436831181310e+04
  2.526178189627037e+09  3.597951521053049e+04 -3.563407383822207e+04
  2.526065528684284e+09 -2.142659423245867e+05  7.664115641631791e+04
  2.525952467985218e+09  1.140305678298010e+05  1.152658200213499e+05
  2.526135232006138e+09 -1.351313294497117e+05  1.422049929637777e+05
  2.525838032503884e+09 -1.943785787988640e+04  6.994188826954749e+04
  2.526181592747001e+09  7.146799640686600e+04  5.504227064047742e+04
  2.526001211668633e+09  1.680516448744780e+05 -8.643490515510389e+04
  2.526209990848546e+09  1.637151033912824e+05  2.055400717770041e+04
  2.526090452789605e+09 -4.714755325216521e+04  1.219565108165513e+05
  2.526177287238702e+09 -1.016183561357824e+05  1.516396250987630e+05
  2.526060823286351e+09  7.390707526109833e+04  2.026769022644253e+04
  2.526205598409817e+09 -5.333592168452870e+04 -1.939664660967311e+05
  2.526053711069757e+09 -2.137561299857497e+04  1.102884456497477e+04
  2.526070706321895e+09  4.812838744336343e+04  1.114682818442103e+05
  2.526265468001023e+09  6.061558063615812e+02 -1.186260377515175e+05
  2.526296538359406e+09  4.150865138667403e+03 -9.448866202009050e+04
  2.526212176544336e+09 -8.616196740410978e+04 -3.329151424225373e+04
  2.526154237577283e+09 -2.921551894225855e+04 -8.985364215472480e+04
  2.526232360003697e+09 -1.229302195521421e+03 -2.066446565851150e+04
  2.526041247642988e+09 -1.296918569981456e+05  6.700479176161753e+03
  2.526120016402304e+09  1.271312469403679e+05  3.576520129166951e+03
  2.526188227418911e+09 -7.082084230615816e+03 -1.424098009473085e+04
  2.526166278009874e+09  3.659798628659640e+04  2.108959259743220e+04
  2.526278034915054e+09  9.273640051565121e+04  8.734554657243530e+04
  2.525988958005852e+09 -8.251432075529580e+04  1.687191341354119e+05
  2.526147514437716e+09  1.271471796801218e+05  1.654285337815301e+05
  2.526209039220218e+09 -2.249134576685829e+05  3.857056078885205e+04
  2.526060589001733e+09 -4.959768404772546e+04 -1.067892593216365e+05
  2.526292301399242e+09  1.362871999972546e+04  1.507137065613084e+04
  2.526022779185039e+09 -8.627865758045355e+04  1.010581440624023e+05
  2.526130498885103e+09 -6.726291130373091e+04  6.453090974860408e+04
  2.526099895687904e+09 -1.064173885598779e+03  4.136006262955547e+04
  2.526089308702293e+09 -8.417313378124946e+04  7.900649288120563e+03
  2.526250738054617e+09  1.844130902589706e+05 -6.845276873942220e+04
  2.526229782810200e+09 -1.796952858547309e+05  4.779724339759292e+04
  2.525966233446404e+09  9.091456315217516e+04  2.951762221443742e+05
  2.526140223260744e+09 -2.130700226312084e+04  2.342161545142112e+05
  2.526150398167582e+09  1.445472124774940e+03  8.276913399799576e+04
  2.526231376829587e+09  1.034398896983917e+05  1.978437796089282e+05
  2.526156497989736e+09  1.365162037346017e+05  1.769302343624826e+05
  2.526067975292933e+09 -3.811859908532532e+04  3.169763810559851e+04
  2.526041598246019e+09  1.135093569424962e+05  7.911427370812569e+04
  2.526239770382204e+09 -1.002307257979416e+05  7.965449242233834e+04
  2.526076479558071e+09 -9.113957138296065e+04  3.203805333223171e+04
  2.526063478874282e+09  1.252828955965817e+05 -8.219997498641396e+04
  2.526127276346023e+09 -1.649420585289110e+05 -1.591998965584931e+05
  2.526350420579427e+09  6.965879733710317e+04 -1.428330804061261e+03
  2.526015653758423e+09  2.640249963028124e+03  6.630575604743249e+04
  2.526225490766873e+09  4.358250529068353e+04 -3.495651502299894e+04
  2.526271051079905e+09  1.365366707979529e+05  1.783298190459609e+02
  2.526091650859321e+09 -7.796319223027772e+04  5.993948755414318e+04
  2.526025918590208e+09  1.201726598166141e+05  5.378165222486632e+04
  2.526144178185942e+09 -8.110989911883534e+04 -4.610994721622718e+04
  2.526224223849889e+09  1.557151854255045e+05 -4.470777327353158e+04
  2.526208000794196e+09  5.972401280169352e+04  6.536610687920207e+04
  2.526004689611388e+09  1.563897433341630e+05  1.349867265411421e+05
  2.526127515983000e+09  4.875442424285179e+04  7.091905690440588e+03
  2.526091369886453e+09  4.995506625020644e+04 -1.072629044194217e+04
  2.526104263384598e+09  1.128541674501047e+05  8.785404064848449e+04
  2.526144116606300e+09  5.957347002647677e+04  2.432210566129449e+05
  2.526025161014007e+09  1.040519707564129e+05  1.211453294713338e+05
  2.526006412301280e+09 -5.595405577385973e+04 -7.174199965606601e+04
  2.525993760756140e+09  1.787931249268170e+05 -1.382618660471682e+04
  2.526298259999379e+09  4.449575439235580e+04 -3.350488574440882e+04
  2.526030816938032e+09  6.165178059404306e+04 -6.718762652272964e+04
  2.526263442374835e+09 -3.863651073478931e+04 -9.323355476221675e+04
  2.526156981533882e+09  6.086322235114709e+04  3.005778909141387e+03
  2.525880497049853e+09  1.122549900861506e+05  1.475135072164170e+05
  2.526398480287800e+09 -1.583303674361981e+05  1.434923294577682e+05
  2.526073238131231e+09  1.963758942436712e+04  3.042711816375941e+04
  2.526093622862272e+09 -8.458699907011609e+04  7.518417742541269e+04
  2.526255065811642e+09  5.521845240181591e+04  6.834050566354149e+04
  2.525982372528158e+09  9.341385843626189e+04 -4.570291519156354e+04
  2.526290363117311e+09  1.391925418261471e+05 -6.012712455496565e+04
  2.526052774751411e+09  1.581452563998173e+05 -3.894148459225532e+04
  2.526077918564425e+09  8.688315908467374e+04 -1.175638114263299e+05
  2.526298045711952e+09  2.371039530394925e+04 -5.608922942135972e+04
  2.525873886371600e+09  9.454156734730676e+04 -5.850076421690802e+04
  2.526130754571904e+09  7.843791285490422e+04  8.885221554477280e+04
  2.525941644966733e+09  8.455584242228395e+04  1.267996981490450e+05
  2.526205711187778e+09  1.324897918386664e+04 -8.533659882138821e+04
  2.526091450018381e+09 -4.574276305044326e+04  4.935439715055982e+04
  2.526162804856366e+09  4.317256441349862e+04  6.099626954412088e+00
  2.526147782196021e+09  1.281496855561293e+05 -8.404943314695742e+04
  2.526176941495668e+09 -4.826231571500696e+04  1.037835405075489e+05
  2.526231738449946e+09 -1.187994432952785e+05  1.175023374602023e+05
  2.526144016580935e+09 -2.814175175893889e+04  1.235141367513982e+05
  2.526271319607522e+09  2.755124268506875e+04  1.498351562674895e+05
  2.526036584954286e+09 -5.931277152304538e+04  4.076974362478522e+04
  2.526019247299109e+09  1.850798240974895e+04 -5.481057592005003e+04
  2.526163301912961e+09  1.723096684146547e+05  5.674170743595023e+04
  2.526107888366632e+09  2.561105099214627e+04  9.062636041121167e+04
  2.526065622952848e+09  4.883538251110876e+04 -1.294814048400969e+04
  2.525948068647832e+09 -4.681236943111336e+04 -5.842966600106936e+04
  2.526030039401323e+09  5.594921055025607e+04  1.342376900932880e+04
  2.526216063489938e+09  1.073929521621935e+05  5.733641115550650e+04
  2.526123087952838e+09  1.462321727133971e+05  9.226307786366087e+04
  2.526199974634868e+09 -1.013939329285161e+05 -3.747677384518483e+04
  2.526081788631331e+09  9.995309058524831e+04 -2.540832036727748e+04
  2.526007675909392e+09 -5.104950100660278e+04  1.318599891184966e+05
  2.526192270169448e+09  1.915644842336397e+05  2.352035896401812e+04
  2.526033021052512e+09 -9.275296610803285e+04  3.293543161142978e+04
  2.525991785462078e+09  4.483780694172462e+04  2.812953459110344e+04
  2.526103673934111e+09  6.646463047936861e+04  1.151624762922879e+05
  2.525985313346128e+09 -4.205796240339632e+04  1.360777511219215e+05
  2.526250462922330e+09 -3.478916223854665e+04  8.773934224800719e+04
  2.526246854004915e+09  1.262935298494991e+05  3.610246648554073e+04
  2.526082187268912e+09  1.447790427327831e+05  2.924798630420899e+04
  2.526136377117244e+09  6.419413243045507e+03 -1.204270660849752e+05
  2.526082784351089e+09 -2.206358310904079e+05 -1.576181265733569e+05
  2.526209560507346e+09  1.959871929824329e+05 -4.005684308052016e+04
  2.526157805454103e+09  7.549340998382220e+04  8.270569762763195e+04
  2.526019672044604e+09  4.908550232016272e+04  1.623609795353799e+05
  2.526274434891683e+09 -1.370901072315150e+04 -1.702650365041639e+04
  2.526254077414471e+09  3.741813492422330e+04 -3.454762234726248e+05
  2.526111605247572e+09 -7.328984758254763e+04 -3.446593377881572e+05
  2.526082685609652e+09  1.696415525583029e+05 -1.501248216953246e+05
  2.526230162632061e+09 -2.109221643761522e+04 -8.896575705964584e+04
  2.526109277570551e+09  2.652521679093110e+04  1.437112454383634e+05
  2.526215189751493e+09  1.427868432275245e+05  1.226826677044310e+05
  2.526158672644949e+09  5.187736571388412e+04  6.401440204187762e+04
  2.526002843695218e+09 -1.517546581647813e+05  1.480642559468272e+05
  2.526219900411190e+09  6.719992077557507e+04  1.885421363382144e+05
  2.526144293860679e+09  1.019830739130888e+05  1.041071557024450e+05
  2.526155747888135e+09  4.383640886744627e+04 -8.326117068421468e+04
  2.526029589466499e+09 -9.564117799242563e+04 -1.005385628699725e+05
  2.525991725158464e+09  6.746844812399076e+04  4.286318514255108e+03
  2.526114173215590e+09  7.404538573949516e+04 -7.423214879714884e+03
  2.526049478103683e+09  1.710847661166172e+04  7.823931534386030e+04
  2.525997269997545e+09  5.680113178961590e+04  2.575628717092553e+05
  2.526196537578058e+09  3.924221946190810e+04  1.791347174118267e+05
  2.526255535053475e+09 -1.471688702030465e+05  5.244424462350766e+04
  2.526177181434707e+09  1.832123533915882e+05  2.299507057581563e+03
  2.526031376954134e+09  7.981355831171747e+04  6.705352422065334e+01
  2.526014952855305e+09  1.138116567435641e+04  1.284669977694575e+05
  2.526121835360198e+09  1.622683249541470e+05  1.934140593850560e+05
  2.526153799785098e+09 -6.702330918993801e+03  8.946253268624179e+04
  2.526137028185215e+09 -1.109650702657998e+05 -1.499898321638553e+03
  2.525916394367903e+09 -4.568552506738727e+04  1.615458841321694e+05
  2.526248676939459e+09 -3.813353247209196e+04 -6.456101494953211e+04
  2.526334144803497e+09  2.401383197152927e+05 -3.320577048017120e+04
  2.525970329151718e+09 -1.177904757726751e+04  1.536525762586179e+05
  2.525944476932415e+09 -5.430233608906380e+04  4.636854107122018e+04
  2.526176399099028e+09 -6.348170324519346e+04 -4.796947013709438e+04
  2.526133742105503e+09  8.612679737757798e+04 -4.033166029163857e+04
  2.526175444935567e+09 -8.198241022804310e+04 -1.545871696153395e+04
  2.526039524191616e+09  1.818347748678743e+05 -3.915036876354084e+04
  2.526154891401039e+09 -2.945050977625397e+05  2.397346635037411e+05
  2.526291827254884e+09  1.317416387084912e+05  2.370224622495053e+05
  2.526181891548057e+09  7.409763696033647e+04  9.286641959595587e+04
  2.526097353075414e+09 -3.121084309112171e+04 -3.792345337030687e+04
  2.526306484833644e+09 -2.953139380761285e+04  4.383734530314920e+04
  2.526201922337535e+09 -1.376430964745072e+05 -7.757883095138927e+04
  2.526012105806271e+09  9.841792301562591e+04 -5.768548940067459e+04
  2.526116840063296e+09 -1.968677892408415e+04  8.420066779261164e+04
  2.526255026176142e+09  2.930380849336844e+04  1.082380711641300e+05
  2.526080480341449e+09  1.041083661249441e+05 -1.849613999050949e+04
  2.526135931754466e+09  2.733331250827195e+04 -8.932466993745544e+04
  2.526049824159058e+09  2.625542491279624e+04  1.961158495885984e+04
  2.526060478356051e+09 -6.599631033225614e+04  1.880772002329212e+05
  2.526231019409352e+09 -1.017533994532817e+04  1.304931189744780e+05
  2.526225057410977e+09 -1.057938947693999e+05 -8.648480544576049e+04
  2.526159384910875e+09  1.542606508801573e+05 -4.976829689017218e+04
  2.526233750820642e+09 -1.932042321060909e+05  6.278181640284599e+04
  2.526053003678474e+09  1.347547551711712e+05  1.103006642399181e+05
  2.526126405622454e+09 -1.078003779323068e+05 -8.600153555704630e+03
  2.526196366490017e+09 -5.440339123045758e+04  4.093444669743674e+04
  2.526095320254808e+09 -2.057176452229735e+05  4.490653038019431e+03
  2.525937526170026e+09 -1.867624447017356e+05 -9.923028354554786e+03
  2.525998887972807e+09 -8.611767699386925e+04  6.125254489025404e+04
  2.526158740414950e+09 -8.010951944352128e+04  8.088142543545191e+04
  2.526042040522416e+09  2.007624612130537e+05 -4.514635408610874e+04
  2.525983621028506e+09 -1.534240253555281e+05 -1.037919899924139e+05
  2.526112374854927e+09 -1.195436071690628e+05 -6.468459011111478e+04
  2.526208087392055e+09 -9.850327023347816e+04  8.793268091581739e+04
  2.525941338248871e+09 -3.395740261551109e+04  1.709236078865128e+03
  2.526272375040079e+09  2.474532779061492e+04 -4.538716842688347e+04
  2.526162086034686e+09 -3.890049352207099e+04  7.258475857056514e+04
  2.526100469363923e+09  1.198157053079098e+05 -6.343552798286360e+04
  2.526248517329780e+09 -2.711281716809025e+04 -2.780082245630445e+04
  2.526022857692054e+09  7.997430664762435e+04 -7.804798805071297e+04
  2.526164778562950e+09 -2.244459564778985e+05 -9.324257568050665e+04
  2.526194107757732e+09  3.008252921382955e+04 -1.579938181354371e+05
  2.526230744958950e+09 -7.014396723090415e+04 -2.032309907143622e+05
  2.526149852077186e+09  7.743291642383649e+04 -1.608151051259672e+05
  2.526089835322732e+09 -2.150177967839636e+05  6.394779080792924e+04
  2.526113760947577e+09 -8.836409724800731e+04  9.811349968371569e+04
  2.526192222444525e+09  9.028602427644352e+04  7.690667223018705e+04
  2.526175986192079e+09 -9.671658598076785e+04  9.234556512197724e+04
  2.526214547277298e+09 -3.151411577028289e+05  1.244067036272062e+05
  2.526052655805039e+09 -1.618803834071155e+05  5.846548797445145e+04
  2.526101077020844e+09  6.230390935107972e+04  1.389472267527857e+05
  2.526123017243596e+09  1.184310549846066e+05  1.250906811919516e+05
  2.526253366644631e+09 -1.558410988795531e+05  4.166228365344345e+03
  2.526118801660368e+09  1.266132992374916e+05  1.195435852307221e+04
  2.526058228228799e+09  1.127072281271878e+05  3.405241298509366e+04
  2.526119020928993e+09 -7.978469264754048e+04  5.888651169442059e+04
  2.526259136682951e+09 -1.782759830799408e+04 -1.131488631244750e+05
  2.526230529014426e+09  7.569775589368981e+04 -9.361658479540987e+04
  2.526303519724619e+09 -7.673310618583346e+03 -1.958981930740812e+05
  2.526081075298514e+09  1.265596238844963e+05 -1.441388431300982e+05
  2.526027288856338e+09 -6.361567769341570e+04 -1.090387851742939e+05
  2.525838547733868e+09  1.011002729060687e+04 -4.072819747548085e+04
  2.526039798903145e+09 -1.888540647421544e+04 -2.108110750252125e+04
  2.526130234361691e+09  1.378654434377714e+05 -7.777013367506326e+03
  2.525882161808678e+09 -2.323383382658252e+05  1.415883973829122e+04
  2.526216261746986e+09 -1.952631192674276e+05  9.457747111509630e+04
  2.525977849043817e+09  3.576419290165091e+04  6.954055819045333e+04
  2.525978730221432e+09  4.071459654290881e+04 -5.626905780697713e+04
  2.526122950684176e+09 -1.885784436006020e+05 -2.500185606791778e+04
  2.526042967189689e+09  7.115011985210539e+04  3.547288727269578e+04
  2.526007682116767e+09  8.703894133036345e+04  5.942725505883456e+03
  2.526117765102082e+09 -1.436814188597871e+05  1.016342220846046e+05
  2.526048064661642e+09  2.612420810425084e+05  1.505327022819836e+05
  2.526370068618261e+09  7.225617378771596e+04  2.905216038719374e+05
  2.526255533640813e+09 -7.304384897848149e+04  2.020454907400650e+05
  2.526135615222355e+09  6.144813050351237e+04  9.948386274253484e+04
  2.526094215536962e+09  6.775467745112791e+04  8.994401494745445e+04
  2.525973834372922e+09  1.347241911877738e+04  8.060634264719905e+03
  2.525957574433915e+09 -1.756795442153700e+04 -2.608181577557395e+04
  2.526090388767581e+09  1.062214548173943e+03  3.361976603808074e+04
  2.526110005329870e+09  1.146059112585566e+05  1.138164577182247e+05
  2.526092250550226e+09 -2.196127623105837e+05 -4.060091212292202e+04
  2.526138706852019e+09 -1.906110734685863e+05 -1.418161239281395e+05
  2.526195854522494e+09 -1.815965063613524e+05 -9.745409855021979e+04
  2.526063938408914e+09 -6.968891461446160e+04 -7.174091921047796e+04
  2.526204991513420e+09  7.433821131958728e+03  8.902254008994671e+03
  2.526139582925249e+09  7.285190435452601e+04  9.749243461202725e+04
  2.526087130186393e+09 -1.368345116820997e+05 -5.426664890060201e+04
  2.526109282329515e+09  2.059711607807692e+05 -1.539307775131753e+04
  2.526145086896832e+09 -9.621029221268371e+03 -1.326922225710208e+04
  2.526101903578600e+09  2.092609496914898e+03  6.504226334970351e+04
  2.526128988385053e+09  3.391369310779242e+04  1.122340277348671e+05
  2.525920801727934e+09  9.555139496283210e+04  1.271819328355358e+05
  2.526065658286684e+09 -5.308723011624016e+04 -8.960718883561244e+04
  2.526057570929968e+09  1.204378642131882e+05 -1.862671837452757e+05
  2.526105954111431e+09 -1.197175782951965e+05  2.367843601212254e+04
  2.526199198283438e+09  1.921579016651603e+05  7.921429805083899e+03
  2.526172921700810e+09 -2.291200545769717e+05 -6.649761638199398e+04
  2.526088780762608e+09 -6.258114324180217e+04  2.599455792646005e+04
  2.526044471181423e+09 -6.788372107577650e+04  7.093286486426741e+04
  2.526125653618141e+09 -1.828141029343627e+05  1.620829418593452e+05
  2.526122380434760e+09  4.850278068384831e+04  1.217965298006199e+05
  2.526057668713936e+09  5.141308576111376e+04  1.065688496791928e+05
  2.526200995615389e+09 -1.415979502716321e+05  2.141936763478213e+05
  2.526065199089093e+09  4.031963171064120e+04  6.493671557702357e+04
  2.526031605223202e+09 -1.100425550642541e+05  2.710379181578476e+04
  2.526246251406448e+09  1.201412118037301e+05  1.218485520668398e+04
  2.526203947316702e+09 -8.644881077897851e+04 -4.431257828219794e+04
  2.526211076831128e+09 -1.483291117423621e+04  3.021114850019402e+04
  2.526055478394325e+09 -1.159362854439341e+05  9.595049134010728e+04
  2.526121600372330e+09  1.214406873708587e+05  1.574231382398820e+04
  2.526057155073323e+09  3.935783715252063e+04 -3.830211718356656e+04
  2.526142800615258e+09 -7.592387101474224e+04 -2.045152827723813e+04
  2.526174536786583e+09  6.068952403504553e+04  9.616706122316339e+04
  2.526084333337424e+09 -8.364213773208053e+04  1.100150375019814e+05
  2.526060702991261e+09 -1.253680754939506e+05  2.003850908157467e+05
  2.526041183080150e+09  7.277044658013561e+04  5.906441801227542e+04
  2.526046494537209e+09  6.028603860810096e+04 -2.277701238896657e+04
  2.526140552747680e+09  1.270201295963135e+05  4.470868699787708e+04
  2.526068080768921e+09  4.440922875853162e+04 -1.354970158945338e+05
  2.526184927573453e+09  2.820182635243889e+04 -7.275722031963617e+04
  2.525984905364969e+09  2.233679860889073e+04 -1.694009674202849e+05
  2.526242078605173e+09  1.130269952119659e+05 -6.868254333775421e+04
  2.526159238582251e+09  3.592686213343963e+04  1.975416812894573e+05
  2.526149514037074e+09  7.957494261731720e+04  2.343601250897609e+05
  2.526128761897209e+09  5.228612851550919e+04  9.587511100442871e+04
  2.526119563136724e+09  1.062745151974332e+05  1.470925858584787e+05
  2.525987066693231e+09 -2.839532069044630e+04  6.873983316075243e+04
  2.526018202591031e+09 -3.179741241706815e+04 -5.577103702825436e+04
  2.526176030417293e+09 -6.831277943538863e+04 -9.017463545824870e+04
  2.526347898553767e+09  3.130906626386827e+04 -7.289653358918522e+04
  2.526186680077147e+09 -4.466655556610250e+04 -8.531997822297440e+04
  2.526085982323079e+09 -7.415184780340933e+04 -1.635662271911866e+05
  2.526198998495384e+09  1.877837902467139e+04 -1.299944147804163e+05
  2.526139379732184e+09 -5.664551162393624e+04 -8.700973725485228e+04
  2.525926364995993e+09 -3.591789883775427e+04  8.776709444105893e+04
  2.526384410515203e+09 -5.137873984144541e+04  4.150709146495117e+04
  2.526011760733916e+09 -2.617494521429227e+04  7.980005068199569e+04
  2.526128819322637e+09  1.489472755919440e+05  9.468424970827508e+04
  2.526181547927607e+09  9.636723916101269e+04 -9.706810539283633e+04
  2.526070240442361e+09  2.590643451682711e+04 -1.593333982360805e+05
  2.526165049894868e+09  7.216956281980698e+04 -6.682562572860590e+04
  2.526119583914080e+09 -6.102499210856872e+04 -1.990799628179055e+04
  2.526377790026917e+09 -4.718975996682141e+04 -5.489400492532842e+04
  2.526201700065345e+09 -2.248783156318136e+04 -5.586997342095990e+04
  2.525976732075953e+09 -1.420334190229103e+05  8.571995796296396e+04
  2.526020915166379e+09  6.080236890637071e+04  1.388727506957250e+03
  2.526029160232136e+09  2.490739887503022e+04 -6.544538870256557e+04
  2.526094667019150e+09 -1.881097309904320e+05  1.546833492782438e+05
  2.526275037640514e+09  4.277965572441719e+04  5.996114083364140e+04
  2.525931245621259e+09 -6.851658563721599e+04 -2.236073191936072e+05
  2.526175057415434e+09 -6.816824527529615e+04  6.378369720651011e+03
  2.526147295621459e+09 -1.346912039310190e+05  1.555887550875663e+05
  2.526239972474377e+09 -1.148924479468286e+05 -1.652514718686999e+04
  2.526318822117512e+09  1.094598249671084e+05  4.505897182211897e+04
  2.526100929947471e+09  2.068266051904708e+05  3.448155181024829e+04
  2.526100671381041e+09 -1.034490996117052e+05 -4.502920402734214e+04
  2.526029184986162e+09 -5.303258404347161e+04 -1.688211065572819e+05
  2.526122558666753e+09 -1.073761784481207e+05 -8.399288501731458e+04
  2.526035518299922e+09 -1.437203316122049e+05 -1.009513460050465e+04
  2.526206727879279e+09  1.669861453175312e+03 -2.425464715763639e+03
  2.526279782377864e+09  6.471678433899442e+04  2.292069075048983e+04
  2.525932038595135e+09  8.603730434970278e+04  1.137519069379345e+05
  2.526229102151263e+09 -1.533650572098034e+05  8.386951813318534e+03
  2.526230239341103e+09 -7.719162435129168e+04 -3.955159571696725e+04
  2.526050134894756e+09 -7.657152746033701e+04 -1.049150759199762e+05
  2.525941783121928e+09  2.370539322204438e+04 -2.274055719075424e+05
  2.525997682340809e+09 -1.563701531234810e+05 -2.468557942205050e+03
  2.526176516595778e+09 -7.546822257483134e+04  2.558014793151757e+03
  2.526203155587151e+09 -5.628725132427993e+04  8.488633759644575e+04
  2.526076777731898e+09  2.554767054394900e+04  4.574559505341121e+04
  2.526083905323322e+09  1.318170045668879e+05 -4.578633120274416e+04
  2.526076495044805e+09 -1.088275552846710e+05 -1.509996930449898e+04
  2.526177271537605e+09 -2.471518461327418e+04  3.377963815959706e+04
  2.526108370120178e+09 -7.345022362973192e+04  4.595747626249015e+04
  2.525948730319246e+09  4.210534229182260e+04  1.319233407813148e+05
  2.526097687896998e+09 -4.252347970717866e+04  4.198877947485470e+04
  2.525918094993352e+09  7.955915005689627e+04  1.146627198917499e+05
  2.526109612514283e+09  2.489248082196407e+05  3.232760289359174e+05
  2.525973039932016e+09 -1.614609971795254e+05  2.462323349952532e+05
  2.526117212575964e+09  6.466456365069941e+04  1.741007621433006e+05
  2.526163946061499e+09 -1.613541097366903e+05 -4.273631950029632e+04
  2.525904850589739e+09  1.324582576522836e+04 -1.587183655695175e+03
  2.526048284636088e+09 -1.702821585107364e+05  1.443644626996228e+05
  2.526000722501447e+09  2.558759866467910e+03  5.294469451186157e+04
  2.525998604113665e+09 -9.916439592515409e+04 -1.091936311838979e+05
  2.526095255982483e+09  8.856793599960445e+04 -7.188792135993252e+04
  2.526029111683795e+09  1.823302818298503e+04 -9.633346956460783e+04
  2.526141598843169e+09  1.174412276160672e+05 -2.015694100236124e+04
  2.526107530751118e+09  9.889624514740543e+03  1.865546626325879e+05
  2.526107117791796e+09  1.459626680395796e+05  6.747724819248635e+04
  2.526272504466011e+09  1.266912766456713e+05 -1.593327216743903e+05
  2.526103094287918e+09 -2.951442921202839e+04 -6.990564969913801e+03
  2.526258166597345e+09  5.160400836382248e+04  2.168521633638529e+04
  2.525953592774693e+09  1.692635758993967e+05 -1.223464911201962e+05
  2.526193660211535e+09 -1.067018647514208e+05  9.491409790857659e+04
  2.526169801949389e+09  2.398452105783997e+04  1.915663992137281e+05
  2.526101065457027e+09  5.087874408122199e+04  1.162922260990854e+05
  2.526185363305429e+09  1.669651608305564e+04 -5.300866241705278e+04
  2.525957260404947e+09 -1.563757507375261e+05 -9.450457164888519e+04
  2.526252663182486e+09  1.839641724382574e+04 -2.457125763268676e+04
  2.526235787397201e+09 -1.472082294496920e+05 -3.182815589599777e+04
  2.526187361205954e+09  1.244403919770509e+05 -1.108818741174084e+05
  2.526189305720206e+09  1.057590405421142e+05 -1.660422335240813e+05
  2.526023524118952e+09  2.195014197205230e+05 -7.705434767668066e+04
  2.526113136479931e+09  6.457189049980883e+04  3.532627278670663e+04
  2.526114519515368e+09  1.212438768533319e+05  1.070105588925511e+05
  2.526002671570865e+09  1.747759312591702e+05  5.126097390449513e+04
  2.526139419692353e+09 -7.514804849076079e+04 -6.548641769249947e+04
  2.526098989015511e+09  3.935572323119128e+04  7.154430329696997e+04
  2.526185215082091e+09  1.706349784993567e+04  6.065796180502593e+04
  2.526096646259863e+09 -1.106050251814219e+05 -1.824363044692544e+04
  2.526135417110908e+09 -6.629851620111155e+04  4.490991322370956e+04
  2.526203568913700e+09  5.847198488418618e+04 -3.812878157066472e+04
  2.526017493214980e+09 -3.595769480420742e+03  4.603712658343971e+04
  2.526105282973713e+09 -6.701945094486739e+04  9.774858625089657e+04
  2.526144498515247e+09 -3.326269928318489e+04 -3.555586216915486e+03
  2.526181885212545e+09 -3.859767301803001e+04 -1.052686835706912e+05
  2.526159000470656e+09  5.716131411576920e+04 -4.100038495608850e+04
  2.525820222618633e+09  8.495928416875988e+04  8.040728186150925e+04
  2.526250247640527e+09  6.485777888997478e+04  1.439867350817674e+05
  2.526272624100796e+09 -1.705814289503370e+04  1.128460553601053e+05
  2.526176605510996e+09 -5.582676609063253e+04  7.683216656098154e+04
  2.526218520762599e+09  1.889690536712318e+05  3.741072304588824e+04
  2.526229714263902e+09 -2.151614869843423e+04 -8.615124362164456e+04
  2.526162731530189e+09  4.489357915930799e+04 -4.417757188924478e+04
  2.526068360180830e+09  4.282587279875000e+04  3.847435877964611e+04
  2.526181974799183e+09 -3.666014464759838e+04 -5.077711205754729e+04
  2.526247994484205e+09  2.040251171206468e+04 -5.294115047184902e+04
  2.526123647858750e+09 -1.355613882185267e+05 -7.817751616127044e+04
  2.526083476004622e+09  6.975940709108487e+03 -1.046028339207334e+05
  2.526135992664004e+09 -3.107366946547269e+04 -5.312363605309720e+04
  2.526108820698800e+09 -4.441554998373368e+04 -7.545810691518639e+04
  2.525979151108112e+09  5.701307651203300e+03  6.671365626732865e+04
  2.526094100257834e+09 -9.019320319982228e+04  9.123851863368344e+04
  2.526286157342032e+09 -2.705826540406677e+04 -4.401456980892015e+04
  2.526083150842299e+09  1.221090942456910e+05  1.470703164000087e+04
  2.526092137703403e+09 -1.819817200451463e+05  3.269914611453237e+04
  2.526082505702268e+09 -8.007051347122143e+04 -1.986578043792669e+05
  2.526227506958679e+09  2.780525249679358e+04 -9.783719643534528e+04
  2.526116727612764e+09  4.384521321220091e+03 -3.132356421057693e+04
  2.526255042350637e+09  1.085463145760838e+05 -3.732718827319075e+04
  2.526092966386714e+09 -3.169586079942528e+02 -5.547710109238015e+04
  2.525875461162340e+09 -9.284175434269710e+03 -2.347361896879994e+04
  2.525921859171555e+09  5.871042684102431e+04  1.551200570006386e+04
  2.526253444581971e+09 -9.825063135424396e+04 -5.436424869444454e+03
  2.526121548939758e+09  8.924132807340636e+04 -2.852853723012563e+04
  2.526090112519382e+09 -1.694438427468520e+05 -1.309818405393778e+05
  2.526148828540702e+09 -2.632419608517084e+03 -4.712858557436662e+04
  2.525997630340941e+09 -7.594928521379549e+04  3.155959693786898e+05
  2.526316268062499e+09 -1.891233088659410e+05  1.399904344235167e+05
  2.526008299619843e+09  4.757249072818327e+04 -4.555480016297707e+04
  2.526127314501486e+09  1.050787522338312e+05 -1.838020839441933e+05
  2.525845612161452e+09 -1.451604632986094e+05 -5.504100948126844e+04
  2.526116734263733e+09 -7.600595797778678e+04  5.038356704302010e+04
  2.526270093160128e+09 -3.561742817874777e+04 -3.189679319324065e+04
  2.526122821180582e+09  5.556267450671730e+04 -4.713751600575668e+04
  2.526038330991307e+09  2.307288929329882e+04  5.957415421428841e+04
  2.526093747210033e+09 -1.570990433132509e+04  1.061661602026852e+05
  2.525991352249187e+09  5.195100470990408e+04 -5.091377707269276e+03
  2.526041169919206e+09 -1.336505264122596e+05 -3.729377557439264e+03
  2.526116691034804e+09  2.204462305176561e+04 -7.378373844379559e+03
  2.526077043025832e+09  3.814085285791929e+04 -4.497893139158818e+04
  2.526321388732206e+09 -9.732060472050437e+04 -4.384557819338189e+04
  2.526148564409197e+09 -7.131244385513505e+04  1.694699382391323e+05
  2.526177226908690e+09 -4.541392568034818e+04 -2.357375206786953e+04
  2.526202961648601e+09 -9.034340871577323e+04 -8.264801549818879e+04
  2.526225231449580e+09  1.011374060312057e+05 -4.574361359209345e+04
  2.526092002991968e+09 -7.628010520326428e+04  2.447534396332316e+04
  2.526116866818464e+09  3.602048619834147e+04 -4.932263891000068e+04
  2.526046640473911e+09 -9.115583211576543e+04 -2.685891001759213e+04
  2.526064922551491e+09 -2.410014411575859e+04 -4.685411188291427e+04
  2.526216507986984e+09  1.160074087263552e+05 -2.525968139279464e+05
  2.526053962045107e+09 -5.910182741258992e+04 -1.280420487755783e+05
  2.526113380568458e+09 -1.080472452546034e+05  6.674919078084931e+04
  2.526218915193105e+09 -2.154616309103763e+04  8.819290568605834e+04
  2.526137186066405e+09 -4.098581159680986e+04  5.831901571146736e+04
  2.526151594952385e+09  5.560027391298930e+04  2.633521980441347e+04
  2.525963975425982e+09 -4.095151094699436e+04  5.419532192503090e+04
  2.526142178987628e+09 -5.860731554447953e+04 -2.069091577385389e+04
  2.525963741380428e+09 -3.559995724304183e+04 -4.133408845085569e+04
  2.526281144032763e+09  7.062768240069249e+04 -5.926083908630162e+04
  2.526124118115484e+09 -9.590684410921740e+04  3.399029415674740e+04
  2.526109685734895e+09 -5.121315930918092e+04  1.320454195257637e+05
  2.526158594371259e+09 -3.121249201556930e+04  3.484761006811773e+04
  2.526259629950745e+09  1.094599953923677e+04 -7.434639048209070e+04
  2.525976102286622e+09 -4.006876146767160e+04 -2.110982019338780e+04
  2.526147115191951e+09  1.589838557284084e+05  5.746035789728165e+04
  2.526049860688138e+09  3.289060978302584e+04 -2.758620890117402e+04
  2.526220044497335e+09 -4.443529819729138e+04  8.149808702840924e+04
  2.525906360791643e+09 -1.448544832349233e+05  4.923951918901270e+04
  2.526113353020269e+09  3.279077780708525e+04  2.737765971935494e+04
  2.526116816356956e+09 -6.147664732696651e+04  9.334660300232691e+04
  2.526087398889164e+09  6.562373034621915e+04  4.421648724686517e+04
  2.526170517485965e+09  6.263905666001840e+04  7.960228161803563e+04
  2.525964057573632e+09  2.720396659186343e+03  7.196671246240032e+04
  2.526231818442148e+09 -2.699201389599947e+04  3.862721537251002e+04
  2.526164230816781e+09  2.046529259028994e+05  4.095190687385038e+04
  2.526162223829361e+09 -1.354509850710916e+05  1.171022338078151e+05
  2.526012781781286e+09 -5.186555960533640e+04  8.235332735171844e+04
  2.526184274380871e+09 -9.152467289319007e+03 -1.724177005035913e+04
  2.526191245003630e+09 -7.322362482640118e+04 -1.090345684848027e+03
  2.526069689026108e+09  3.616954622734396e+04  3.639779445671709e+04
  2.526169793510934e+09  1.391443850379175e+05  1.524655006171523e+05
  2.526257905330413e+09 -7.077659641050443e+04  2.079924918632042e+05
  2.526008255421404e+09 -1.012031746979911e+05  8.961715951899206e+04
  2.526168036075142e+09 -1.906671261089551e+04 -6.734285195529368e+04
  2.526185013351628e+09  1.148142229948945e+05 -8.229070016341656e+04
  2.526233095634441e+09 -1.929159683043186e+05 -5.289971097402275e+03
  2.526237010421711e+09 -3.931275794559438e+04 -1.321230605070186e+05
  2.526282567048893e+09  6.499424547337973e+04 -1.845272856783502e+05
  2.525998939339523e+09  5.718094779739249e+04  1.253922853448894e+02
  2.526178834958550e+09  6.813855342225113e+03  6.291853894586349e+04
  2.526283140322398e+09 -3.672438968818169e+03 -2.384301187313115e+04
  2.526146701742216e+09 -7.179049191445799e+04 -5.952075608740537e+04
  2.525997127251440e+09  7.172162140351511e+04 -4.883125448681973e+04
  2.526257119180176e+09  8.750921210081084e+04  1.330260120271717e+04
  2.526010405405504e+09  1.251211773261514e+05 -1.643497032021256e+05
  2.525959978808432e+09  1.536298720505671e+03 -1.328822771772980e+05
  2.526069081240438e+09 -2.471711935120774e+04 -9.076912824444589e+04
  2.526012899614572e+09 -5.511017293206928e+04 -5.220974389251714e+04
  2.526188031104284e+09 -9.258937298368569e+04  1.534186980369855e+05
  2.526078778375514e+09 -2.885423171002243e+03  2.274833138121717e+05
  2.525962901849842e+09  7.187152195099695e+04  1.731677245527196e+05
  2.526133002164086e+09 -2.990726546357234e+04 -1.837351012463099e+04
  2.526139572389704e+09 -4.710329857084691e+04 -8.987732137911313e+04
  2.526106923476925e+09 -6.515168483540206e+04  1.132213808878160e+05
  2.526233252433016e+09  3.220305017468089e+04  6.927013888054948e+04
  2.526189389855025e+09  2.360495682222745e+04 -1.128348663349730e+05
  2.526259126668035e+09 -1.179089853838500e+05 -2.494276654793514e+04
  2.526270942714670e+09 -9.694572685122455e+04 -6.997542176303803e+03
  2.526110055619866e+09 -2.025966324734373e+04  3.081476056284562e+04
  2.526143498468471e+09  3.593149375431286e+04  8.259197841638606e+04
  2.525974674701614e+09  9.760609863693222e+04 -2.284635886846634e+04
  2.525974051949677e+09  2.071494697276247e+04 -1.713629917783950e+05
  2.526163290215653e+09 -6.122871536061463e+04 -1.781480852824366e+05
  2.526004429765028e+09  7.054409868682479e+04 -1.181636485410701e+05
  2.526081417868975e+09 -4.500766730512865e+04  2.376786987526575e+03
  2.526098690709060e+09 -7.040187073626628e+04  1.521438830662372e+05
  2.526158321115763e+09 -1.294633461736853e+04  7.184166386244900e+04
  2.526114884941904e+09  4.675358903409448e+04  6.655670251801754e+04
  2.526168146340472e+09 -9.145924206405834e+03  1.836579454283194e+05
  2.526027378224296e+09 -1.370459760655087e+05  1.589825116555666e+05
  2.526115084516021e+09  3.026745635211235e+04  2.275134157217240e+04
  2.526178893217855e+09 -2.918245187359815e+04 -7.824560544663947e+04
  2.526157862172783e+09 -5.336989849977032e+04 -6.760305500665680e+03
  2.526067771054048e+09 -5.252199327380629e+03  5.654535412211553e+04
  2.526172382676041e+09 -1.645783412319532e+05  1.511678428981837e+04
  2.526073947644067e+09 -1.254449185450423e+05 -7.873488295056322e+04
  2.526034153612168e+09 -1.084805164298455e+05 -1.900703133115394e+04
  2.526060150453670e+09  1.937167812631617e+04 -1.058631357983104e+04
  2.526104253422891e+09  4.847614258199895e+04  8.852260244796090e+04
  2.526147960023217e+09 -4.810878093503951e+04  8.418776037362195e+04
  2.526152681023613e+09 -3.814518707797577e+04  8.396382209417934e+04
  2.526069207147548e+09 -1.206702585407230e+05  1.869544375409305e+05
  2.526058011476276e+09 -1.167088314224719e+05  1.830324097357257e+05
  2.526217529954059e+09  8.657987760007707e+04  4.977491101321415e+03
  2.526091104423178e+09  1.098526763233310e+04 -1.372450225109489e+05
  2.526029747866636e+09  1.803112370602693e+04 -1.714114579222358e+05
  2.525984851076784e+09  4.047124993679742e+04 -1.874261129722763e+05
  2.526259962693155e+09  2.977130570761801e+04 -5.173524243493045e+04
  2.526139182509849e+09 -1.789597715824959e+05 -2.640394762927201e+04
  2.526160375643770e+09  6.903975937628106e+04  1.141425629107000e+05
  2.526245404307045e+09  9.199187462133123e+03  1.301105544678704e+05
  2.526137315451519e+09 -2.989497393898305e+04  1.131256783486155e+05
  2.526058722872822e+09 -1.299798464719206e+04  5.409894679816288e+04
  2.526039603559758e+09  1.070182135172968e+05 -7.400574932093266e+04
  2.526192120109941e+09  9.814238564340584e+04 -7.458736585649051e+04
  2.526224299911056e+09  5.859753251491627e+04  8.517127890803979e+04
  2.526266783710639e+09 -1.240196525187760e+05  2.385412110875431e+04
  2.526070607817456e+09  3.124987294520813e+04 -1.081583180549301e+05
  2.526059758909625e+09  8.664260171890410e+04 -1.107636456316758e+05
  2.526133367953514e+09 -4.760478148726909e+04 -1.381596733698277e+05
  2.526107641542633e+09 -3.349137576284166e+04 -1.329593652373648e+05
  2.526129207083632e+09  4.100887091629207e+04  8.816941719950580e+04
  2.526146683325827e+09  1.547663961472665e+04 -4.226241277735127e+04
  2.526121816565297e+09 -1.498432398041745e+04 -2.591983113777237e+05
  2.526084953007790e+09  9.497278939740267e+03 -1.327748357277410e+04
  2.526081730362171e+09 -1.219653304895316e+05 -1.129971595602997e+05
  2.526214714059994e+09 -2.160057877087500e+04 -1.453343067747607e+05
  2.526099628493451e+09 -3.746887458931003e+04 -5.101667478203506e+04
  2.526174788947381e+09 -4.621168408607482e+04  5.588663968049537e+04
  2.526050165460641e+09 -9.702880220866110e+04  1.013730884165759e+04
  2.525897449182924e+09  1.509479456890558e+05 -4.767105884463052e+04
  2.526134433319454e+09 -1.218443287782657e+05 -3.381848404563847e+04
  2.526213213372497e+09 -1.584507284952155e+05  8.674733292271313e+04
  2.526195466362346e+09 -7.518617794253700e+04  1.201797784220504e+05
  2.526238624740773e+09 -5.882739866968151e+04  7.217576919429627e+04
  2.526053167550146e+09  5.130099102777563e+04  6.582305838234909e+04
  2.526178325184060e+09 -4.360699346820591e+03 -5.857813901080890e+04
  2.526219035987311e+09  1.428214252345497e+04 -9.145450840279181e+04
  2.525941113709867e+09  2.090250301560387e+03  3.563224885259208e+04
  2.526169465789923e+09  1.160454856981961e+05  7.872768359277491e+04
  2.526038200037627e+09  2.749701219765554e+05 -1.067138549383893e+05
  2.525983717667514e+09 -1.381546927817215e+05 -1.408526034621182e+05
  2.526328970276379e+09 -6.873281318076025e+04 -8.011875043234089e+04
  2.526092110750851e+09 -1.429800433456888e+05  3.446884470788477e+04
  2.526088480099861e+09  1.781989455668349e+04  6.384532326229382e+04
  2.526100892016547e+09 -1.938416898474440e+05 -2.198564951935867e+05
  2.526160736910611e+09  2.192401189716009e+04 -2.528240029818462e+05
  2.526342424182940e+09 -6.939432965855929e+04 -6.100363190743304e+04
  2.526080428221880e+09 -1.332159996370594e+05  1.542573171949177e+04
  2.526148707157934e+09  8.819227468051121e+04  1.535470145750691e+05
  2.526041664666211e+09 -1.347928972921759e+05  1.556303288695744e+05
  2.526076235639561e+09  4.747237265559530e+04  4.535788492772309e+04
  2.526178624675125e+09  6.715072832983780e+04  4.819491137629608e+03
  2.526028251273556e+09 -1.390646708175534e+05  5.372696844009357e+04
  2.526152782733715e+09 -3.564478974603862e+04 -7.227566115247901e+04
  2.526171834721107e+09  1.581064435910771e+05 -1.375993766038234e+05
  2.526172124905886e+09  1.386094360865964e+05  2.229667765636807e+05
  2.526104996242043e+09 -2.655823987234477e+04  8.744593145432300e+02
  2.526014412116500e+09 -2.124153383397637e+05 -4.544457265921775e+04
  2.526177377342552e+09 -1.130105723251453e+05  6.571389309619786e+04
  2.525923353625478e+09  4.096592878580792e+04  1.386168125028065e+05
  2.526167096498384e+09 -1.153351058170842e+05  5.016558702063991e+04
  2.526088723888756e+09  1.634798131067572e+05 -2.180689651361690e+04
  2.526144879236870e+09  9.381804234142959e+04  2.199179902695798e+05
  2.526112120646040e+09 -1.393666032785403e+05  3.549007782142923e+05
  2.525991989769340e+09  7.185854914004472e+04  3.553424356698891e+04
  2.526211631715736e+09 -1.325564789983006e+05 -2.076640970459878e+05
  2.526044419666918e+09 -8.913272357305023e+04 -9.832317605602741e+04
  2.526088471182999e+09  1.390942738123534e+05  9.206884013481345e+04
  2.526070119151597e+09 -1.416545948767116e+05  3.872014793266496e+04
  2.525924623418211e+09 -5.208802684253873e+04 -1.841800716570322e+05
  2.525887220099095e+09 -5.696949732201247e+04  3.685442439449776e+04
  2.526060459684362e+09  3.237474141590064e+02 -8.977142615190620e+04
  2.526111136572065e+09 -3.686565462564910e+04 -7.768916264760052e+04
  2.526026257347444e+09 -1.899990253000800e+04  7.103371605057921e+04
  2.526068848929555e+09  3.890264516859507e+04 -9.203354461638280e+04
  2.526075147976844e+09 -9.048721547198307e+04 -7.159690372312954e+04
  2.526063956548331e+09 -5.320958448975766e+04 -2.959958736663609e+04
  2.526094746485321e+09  1.627044251914701e+05 -2.686534245766559e+05
  2.526146633947109e+09 -3.633242007877061e+04 -1.907661716486716e+05
  2.525940761140452e+09 -1.411156981537330e+05  6.096317221625842e+04
  2.525993653581712e+09 -5.271933558548160e+04 -7.851857831963315e+04
  2.526188981453990e+09  1.280080667100794e+04 -2.026773060232436e+05
  2.526039336484368e+09 -8.202121895247276e+04 -7.738638181405095e+04
  2.526134086876092e+09  6.108092761285533e+04 -1.089245905370330e+05
  2.526008697349045e+09 -8.361353860411665e+04 -5.543903303162649e+04
  2.526003385850050e+09  5.306359095777175e+04  1.258019821382931e+04
  2.526086613144097e+09 -7.165736318859876e+03  4.385894911436830e+03
  2.525887083947464e+09 -3.800587092997241e+04  1.751957543723104e+05
  2.526042677658490e+09 -1.668855541350248e+05  1.332784101855613e+05
  2.526096025313916e+09  1.692964795142261e+05  1.193677998975653e+04
  2.526056164837602e+09  7.752152330769613e+04 -6.875507454853959e+04
  2.526120123275320e+09 -1.262721727588981e+05 -1.301265872245071e+05
  2.526114403988950e+09 -3.705042127016652e+04  1.083322164136800e+03
  2.526166189116415e+09 -2.181083490223039e+04 -2.950691135230981e+04
  2.526136401649688e+09 -1.942814115126384e+05 -1.921814607632212e+05
  2.526296046607160e+09 -1.375381654151054e+05 -2.033381987747317e+05
  2.526159583774533e+09 -1.726100980253628e+05 -1.712133801426836e+05
  2.526135939591558e+09  1.210477461494090e+05 -1.023044793238633e+05
  2.526214731882066e+09  6.318214097436215e+04 -1.771880825383572e+05
  2.526172830934368e+09 -8.385095363680483e+04 -6.727419125814165e+04
  2.526326789116432e+09 -8.255140055126580e+04  1.017264047227609e+05
  2.526080025568630e+09  3.666619388144530e+04 -3.916753946693614e+03
  2.526391326042669e+09 -1.052268959683257e+05  2.391527340136492e+04
  2.526150803362530e+09 -4.624137500777282e+04 -3.597422821268957e+04
  2.526051388483212e+09 -1.935350020796659e+05  8.157174317687436e+04
  2.526211535105011e+09  6.227824522427862e+04  1.927290732786064e+05
  2.525978177334011e+09  4.388826643851137e+04  1.314711062688422e+05
  2.526158349896523e+09 -3.248128816901578e+04 -5.215117523092777e+03
  2.526223973379241e+09  6.777447589819657e+04 -1.995242566889675e+05
  2.526103072060469e+09 -8.010496953536107e+04 -1.616989598562173e+05
  2.526067240027955e+09 -1.573754989339539e+04  3.940910720083211e+04
  2.526172097687550e+09 -2.110914859964824e+05  5.377615180258814e+04
  2.526090052704639e+09 -2.298784063475484e+05 -1.268326857088635e+05
  2.526019316953310e+09  1.024316158124811e+05 -1.356320060585793e+05
  2.526226491943293e+09  7.316941443654476e+04 -7.766345422696578e+04
  2.526126593117073e+09 -1.589616202269958e+05 -1.787857424035890e+05
  2.526183742947569e+09 -8.939852693972935e+04  1.128880906190586e+04
  2.526134736221677e+09 -4.064154116920172e+04  2.127957924865605e+05
  2.526192673786539e+09 -1.352206677773587e+05  8.227459442879900e+04
  2.526269928802129e+09  1.570185519904210e+05 -1.633643072746764e+04
  2.526260292747509e+09  8.879685669194791e+03 -1.336779558505956e+05
  2.525902190025600e+09  5.592570726532198e+04  8.692735176957212e+03
  2.526261732451238e+09 -6.567505495620676e+04  3.708644107467309e+04
  2.526097136857602e+09  5.342262149966811e+04 -8.691288554424560e+04
  2.526184292930829e+09 -6.503066758910427e+03 -1.812438434520410e+04
  2.526186582327614e+09 -5.371674427103210e+04  2.397918168324465e+04
  2.526105749852639e+09  4.231319658643520e+04  8.537652484276652e+04
  2.526097935163844e+09 -2.129564757467904e+05  9.938293052170123e+04
  2.526143651004609e+09 -3.125476119107869e+04  2.407714680388055e+05
  2.526263910998106e+09  3.616348091650265e+04  2.035252157132882e+05
  2.526109327554561e+09 -4.595419190947781e+04 -3.978215400090674e+03
  2.526040070311760e+09 -1.198805033957977e+05  1.432530321777321e+05
  2.526057154334536e+09 -4.169392079341726e+04  9.687643029484386e+04
  2.526161653781943e+09  1.143499521508755e+05 -1.758183958290542e+05
  2.525833886027040e+09 -9.086889527202398e+04 -1.045649254823108e+05
  2.525999147991505e+09  2.214263857825245e+05  2.464819875833459e+05
  2.525905606338866e+09  3.577040317952354e+04  3.784660273500462e+04
  2.526249316480423e+09 -2.921978427275026e+04 -2.259320427701136e+05
  2.526121730729470e+09 -9.898538007710874e+04 -4.998310930916073e+04
  2.526091779068723e+09 -2.762382425044826e+04  1.293126532509476e+05
  2.526163813217090e+09 -9.734862415234582e+04  1.874157908944623e+05
  2.526345690471512e+09 -1.293321718721799e+04  3.580406413339550e+04
  2.526181065944646e+09  4.604149144489580e+04 -1.810782998343412e+05
  2.526398343225965e+09 -9.669296684312541e+04 -1.115884054322706e+05
  2.526030799828254e+09  1.045698959547788e+05 -1.166714885144044e+05
  2.526005922199788e+09 -2.494108830905310e+04 -2.740034715683361e+05
  2.526050682063661e+09 -7.850765332712117e+04 -1.568524700161766e+05
  2.526281554162057e+09  6.743846917275514e+03  4.117948769947980e+04
  2.526181446652152e+09 -4.519987276219176e+04  9.601550543978281e+04
  2.526059549173070e+09  7.500074999326887e+04 -2.620140143462748e+03
  2.526217604361877e+09 -6.081058818755858e+04  2.194160135880602e+04
  2.526126545649962e+09  9.956375096735347e+04 -3.339263047035970e+04
  2.526263905750175e+09 -7.240188745036419e+04 -3.559054447967943e+04
  2.525855018647120e+09  6.477420165332733e+03  3.342188754196063e+04
  2.526023589606200e+09 -1.208494681185146e+04 -1.380440328532803e+05
  2.525963591966166e+09 -5.696463147804071e+04 -4.329880271548650e+04
  2.526136764040019e+09 -7.969133910204377e+04  5.094958479103050e+04
  2.526019586525333e+09 -7.572809293172345e+04 -1.427472325056244e+05
  2.526069003307902e+09  1.745319112652183e+05 -5.863220654876370e+04
  2.526273844243509e+09  8.076594914548099e+04 -1.607282905616461e+04
  2.526063403569226e+09 -5.174054750905526e+04  1.048681196653855e+05
  2.525990076355831e+09 -7.847488782017189e+04  1.437655742059216e+05
  2.525980168309672e+09 -5.211628280633938e+04 -2.272018667318427e+04
  2.526031437671503e+09  1.117104300835878e+05 -8.872240655180323e+04
  2.526081895626738e+09  7.118298696483101e+04 -3.459267586638627e+04
  2.526320624286837e+09 -2.475967130433186e+04  1.459781385691955e+05
  2.526139137421532e+09  2.324986413609463e+05  1.326936409804181e+05
  2.526100568109731e+09  1.922458107781013e+05 -6.109304958648805e+04
  2.526237154925552e+09 -9.385691818794492e+04 -5.401911874160077e+04
  2.526095059747952e+09  6.842594852690828e+04  5.317571147704939e+04
  2.526081587551693e+09  6.578857849612308e+04  6.589889246811066e+04
  2.526187584475760e+09  6.896640560738742e+04  1.330241057080587e+05
  2.526085187882831e+09  3.844184370932076e+04  1.113530803140989e+05
  2.525976060331207e+09 -5.628999539846438e+03  3.676905112778145e+04
  2.526137519027249e+09  1.970353099944646e+04  2.886994792377256e+04
  2.526109817354764e+09  1.323807534708297e+05  4.986516450577031e+04
  2.526194692878001e+09 -6.854060626358815e+04 -2.205885743176995e+04
  2.526174992295617e+09  2.480533268291678e+04 -5.990822568265675e+04
  2.526134331753349e+09 -8.529095620049024e+04 -6.837675875486806e+04
  2.526163426876306e+09  5.679629481841275e+04  4.151477709751460e+03
  2.526063626203465e+09  1.491140431109404e+05  7.870344483190590e+04
  2.526314616398042e+09 -8.849327003934886e+03  1.718767664596916e+04
  2.526151463019796e+09  1.507242525358784e+05  3.280128129756311e+04
  2.526194166989985e+09  5.933365640025056e+04 -2.096865472422524e+05
  2.526093047557356e+09 -3.670619133481686e+04 -1.756637478434148e+05
  2.526074468635777e+09  5.500900884945667e+04 -1.164541398120277e+05
  2.526042866543395e+09  7.001066638362361e+03 -1.280152745232887e+05
  2.526215354321371e+09  5.545331687834638e+04 -1.497439770721993e+04
  2.526041237956888e+09  2.760993122617237e+04 -6.183197360765620e+04
  2.526257702183718e+09  8.236801827582487e+04 -6.290119383564568e+04
  2.526187621136726e+09 -1.353909803881631e+05  1.546544174186972e+05
  2.526164996637785e+09  5.899768832348351e+04  1.335716177611861e+05
  2.526082059139806e+09  6.361961097124782e+04 -3.952647808659403e+04
  2.526178815527933e+09  8.678967342356476e+04 -2.183619540624018e+04
  2.526140482299610e+09 -2.189426208483400e+05  4.937071520089314e+04
  2.526052473031775e+09 -8.835903823312605e+03 -5.004587672252610e+04
  2.526068925624700e+09 -1.529389197056115e+04 -1.492193494451697e+05
  2.526092762283138e+09 -1.530697365535253e+05  1.183592986139399e+04
  2.526131154192899e+09 -1.369242406943149e+04  1.974088778308441e+04
  2.526097518312870e+09 -2.072501592453746e+05 -1.121587791209747e+05
  2.526176586443577e+09  1.129149085332854e+05  3.653575455309916e+04
  2.525941808126545e+09 -2.648761565840800e+04 -5.249085367237031e+04
  2.526240118446262e+09 -7.315465757046826e+04 -5.418331805049442e+03
  2.526202049637528e+09 -1.207558878610227e+05  8.297456603588304e+04
  2.526162880896358e+09  1.767191792223038e+04  6.852322048196715e+03
  2.526098928508017e+09  2.807274487234384e+04  1.344569830401231e+05
  2.526244538838905e+09 -8.748332586739302e+04  1.521008923039911e+05
  2.526124323896576e+09 -6.644875781379713e+04  1.144089456077491e+05
  2.526170047228436e+09  1.413778524882736e+05  1.125066909941882e+05
  2.526234920382214e+09  3.064779737559403e+04 -7.645039240270993e+04
  2.526239167834747e+09 -2.502143674156682e+05 -1.598280468402084e+05
  2.526333886150972e+09 -6.369467564914376e+04  1.172698752491680e+05
  2.526024369604296e+09  5.517658956328803e+04  6.709403657282385e+04
  2.525939209771458e+09 -1.478703150442829e+05 -1.693604215288701e+05
  2.526066143154840e+09 -3.417289887707145e+04 -1.711933946195631e+05
  2.526155656143960e+09 -1.477431490334682e+05 -7.645528791010974e+04
  2.525974940550406e+09  1.406814163303720e+05 -4.205727344827959e+03
  2.525996706440223e+09  3.869579331913733e+04 -2.133634845993691e+04
  2.526427816197371e+09 -1.008298514484731e+04  2.253541585623287e+04
  2.526139857294473e+09 -6.685547739085669e+04  1.660227552688196e+05
  2.526226411652914e+09  4.538697496352627e+04  4.480645480281336e+04
  2.526166574064516e+09 -2.163534656085324e+04 -2.310847200489184e+04
  2.526179260380967e+09 -1.157395334117093e+04  8.035653752894525e+04
  2.526375263614471e+09 -4.546283173845644e+04  1.165401369470891e+05
  2.526145865900353e+09  1.187111802179834e+05  9.812126780367782e+04
  2.526151979361312e+09 -2.081140180088673e+04 -9.037447138939984e+03
  2.526161632522103e+09 -1.688115257380096e+05 -3.551526502091065e+04
  2.526167836735786e+09 -6.657672728408896e+04  2.989544784350926e+04
  2.526259273337385e+09  1.981388047831542e+05 -9.935071104714531e+04
  2.526316289374428e+09  1.276068408062509e+05 -1.188704464152721e+05
  2.526273474250019e+09  1.067797919075796e+04 -4.309763444750357e+04
  2.526114922376584e+09 -1.728991109296947e+05  1.292865147155877e+05
  2.526282074749968e+09  2.355365015840530e+04  1.465889971684895e+05
  2.526054580140920e+09  1.025081575070098e+05  9.588190986424888e+04
  2.526184796105224e+09 -3.740834107838641e+04  1.410928165841718e+05
  2.526061719330856e+09  8.621169882313888e+04  2.776452095552853e+04
  2.526130481998510e+09 -5.340216590593441e+04 -1.265590556700528e+05
  2.526258469021738e+09  2.752681816849532e+04 -1.133030579318944e+05
  2.526147914350652e+09 -1.483402014788555e+04  1.120013798606775e+05
  2.526161923391771e+09  1.632995400717604e+04  1.360920722296224e+05
  2.526157394442492e+09 -5.836555346059287e+04 -5.509105884594563e+04
  2.526103998417631e+09 -1.210607101523464e+05 -1.785859794822281e+04
  2.526134179759617e+09 -4.709161178223684e+04  1.011773335294011e+05
  2.526113331207745e+09 -6.086827651079837e+04  2.652910917733517e+04
  2.525991511393953e+09  6.159028814449103e+04  2.180360447813477e+04
  2.525946769580986e+09  1.294592433096995e+05 -8.648356790167745e+02
  2.526263873644052e+09  4.470500530641474e+04 -5.748638172269531e+04
  2.526201116032902e+09 -1.946580052331041e+05 -5.389840182786970e+04
  2.526104823467826e+09  5.382255485295443e+04 -1.888552038323856e+04
  2.526251841761333e+09  7.582931076127337e+03  3.041672312730830e+04
  2.526177090488243e+09 -8.004406202573678e+04  4.978153200786514e+04
  2.526169051681444e+09  3.511389713692502e+04  1.008595286032606e+05
  2.526228153627144e+09  9.571621561912238e+04 -5.459872500652680e+03
  2.526107170558808e+09  1.579844110451348e+04 -4.262692443192448e+04
  2.526135920420326e+09  5.298843314096262e+04  1.638677754680121e+05
  2.526112634095594e+09 -6.986268628012016e+04  2.737917363383574e+05
  2.526188600568065e+09  3.248823875094438e+04  1.911707788196011e+05
  2.525960918390290e+09  2.320272530776379e+04 -1.138485459279453e+05
  2.526093151740754e+09 -9.614589198087750e+03 -1.621930590723607e+05
  2.526115504465477e+09 -9.254406688184105e+04 -7.021019992409321e+04
  2.526142755116671e+09 -5.279694346526917e+04 -1.481959820436928e+05
  2.525931860559549e+09 -1.080155152761028e+04 -1.370580614646408e+04
  2.526291362356328e+09  8.717092673588617e+03  4.069245751215378e+04
  2.526120048200368e+09  2.021150064054374e+05 -1.305413559389290e+05
  2.526047168036915e+09  2.909133998860139e+04 -1.858215619222177e+05
  2.526122243845748e+09 -1.145815473442413e+05 -9.053490761013341e+04
  2.526056025099138e+09 -3.746678247392992e+04 -7.616094107427774e+04
  2.526126702904870e+09 -8.793034578986117e+04 -5.554756488140993e+04
  2.525975827660829e+09 -8.385709117852920e+04  5.450072422711342e+04
  2.526153299899148e+09 -9.582042300335970e+04  3.431925119786419e+04
  2.526126813783651e+09  3.004593789874669e+04 -1.320684204857500e+05
  2.526119450406113e+09 -4.016543666553100e+04 -1.537237941130828e+05
  2.526008738529303e+09  1.203115699296219e+05  4.890129744224995e+04
  2.526214012436990e+09  6.494482833506376e+04  3.568002583054220e+04
  2.526046349357828e+09  7.810147183739860e+04 -6.518899318501382e+04
  2.526219804780836e+09 -9.577731606284785e+04 -9.037104316045158e+04
  2.526169210875456e+09 -1.587651321846447e+05 -4.029906258669938e+04
  2.526108647930130e+09  1.132023542004006e+05  1.209175080761546e+03
  2.526059543070158e+09 -7.507193730487197e+04 -5.337325600939104e+04
  2.526070011882682e+09  2.296763244742705e+05 -3.022506066468754e+04
  2.526035185183533e+09  7.409931799088939e+04 -1.051384821909110e+05
  2.526119447993391e+09 -3.537270717207261e+04 -8.545210084807791e+04
  2.526012850189090e+09  1.606218187315739e+05 -3.047961107874708e+04
  2.526132362002474e+09  3.273498133257590e+04 -8.810598614056502e+04
  2.525887029518820e+09 -2.760808489167425e+05 -9.977987670141412e+04
  2.525966494522321e+09 -1.065005731199275e+05  2.330087787374901e+04
  2.526168702834997e+09 -2.528329952725803e+04 -1.529878812693886e+04
  2.526102077557482e+09  8.528880780807335e+04 -4.191017000010234e+04
  2.526125194600008e+09  7.702390527656546e+04  1.394071157899161e+05
  2.526114426378470e+09  2.286664164618631e+05  9.665741143227264e+04
  2.526096697981851e+09  7.979619719711994e+04  6.506902674609493e+04
  2.526054612158223e+09  5.004915910850509e+04  8.378704297285131e+04
  2.526219290631680e+09 -4.116363111711107e+04 -8.517844448292570e+03
  2.526068602132549e+09  8.472026174277812e+04  6.904385992525087e+03
  2.526150179806703e+09 -1.150714106164289e+05  1.969486063109362e+04
  2.525995059918365e+09  4.558155771045526e+04 -7.832362185920455e+04
  2.526116179495012e+09 -2.634778268141183e+04  1.661046551423729e+03
  2.526177740308389e+09  5.402129332565819e+02  9.728970684679598e+04
  2.526120972035788e+09  9.591756825317844e+04 -2.663798768150271e+03
  2.526146775646732e+09 -7.712469959774544e+04 -2.176705941504671e+05
  2.526112828636842e+09 -7.197316959160147e+04 -1.017860041973819e+05
  2.526011845506885e+09  7.869621435226858e+04  1.217968233386781e+05
  2.526259142141434e+09 -6.397364299075410e+04  5.265669061321195e+04
  2.526296619765018e+09  1.472049380729309e+05 -6.791618857227537e+04
  2.526200761384897e+09  8.183096060252690e+04  2.717812780615382e+04
  2.526200772016021e+09  9.822216904424643e+04  6.099936410587782e+04
  2.526151380535709e+09  1.026650975915104e+05  1.092426511251162e+05
  2.526181796730601e+09  1.341551334628151e+05  2.996283881627186e+04
  2.526175537600935e+09 -4.976350357768009e+04  7.957446026324108e+04
  2.526167942713159e+09 -9.468588732154598e+04  1.013241684097900e+05
  2.526186282659852e+09 -1.891521709429352e+05 -1.184006764580537e+05
  2.526022519329117e+09 -7.928828114700690e+04 -1.974776103439307e+04
  2.525886625647703e+09 -1.992057212030019e+05 -3.304299110898725e+04
  2.526143749931747e+09 -1.392579924918665e+05 -7.271918124913005e+04
  2.526159367775236e+09 -2.268288697049487e+04  3.989188257359201e+04
  2.526056110542248e+09 -2.783923317216313e+04  1.704768314460519e+05
  2.526111612981502e+09  2.218988554741204e+04  1.481561061378405e+05
  2.526133069323881e+09  1.308705575282661e+05  1.845537896267921e+05
  2.526158884339034e+09  1.823676336493227e+04  1.268801810555211e+05
  2.526156435515578e+09  7.447248266462702e+04 -7.237309510448927e+04
  2.526184051856808e+09 -1.713091520895348e+05  7.807368195595569e+03
  2.526218499270290e+09 -8.220001279586586e+04  1.156476462460328e+05
  2.526106723778013e+09  8.313875857377425e+04  5.450457521385711e+04
  2.526238124996451e+09 -6.071723269692599e+04  1.820606357527815e+05
  2.526173096061890e+09 -8.178684628094092e+04  1.974800150918260e+05
  2.525985718522118e+09 -5.448206525827921e+04  9.425526721595693e+04
  2.525963447850897e+09 -8.303258538215805e+04  4.047699574017688e+04
  2.526031699718268e+09 -2.807816652117093e+04 -1.226817341258015e+05
  2.526123220107906e+09 -1.643485216408572e+04  4.711197017360944e+03
  2.525934686495080e+09 -6.859514678002812e+04  1.738670331337124e+05
  2.526110270694939e+09 -3.974698295406823e+03  1.505018243697153e+05
  2.526139895567425e+09  9.025483856361127e+04 -2.148618983941176e+04
  2.526041207246997e+09  7.380366351561749e+04  4.474128501985827e+04
  2.526255220711900e+09  4.497330929899507e+04  5.838217198914918e+04
  2.526309372375953e+09  6.184738842280046e+04  1.930899764541571e+04
  2.525985796721620e+09  6.185365699802968e+04  8.476889497691649e+04
  2.525927047256540e+09 -2.029945281076827e+04 -2.242738046449225e+04
  2.526273673437699e+09 -1.356891474530930e+04 -4.958513666092302e+04
  2.526070019914351e+09 -6.121211640059622e+04  9.613849963095027e+04
  2.526200491516942e+09 -9.859495540806151e+04  1.391475066403020e+05
  2.526200604147624e+09 -1.053639964280911e+05 -5.603735438600625e+04
  2.526352095979369e+09  5.221408268559165e+04 -7.323620175094670e+04
  2.526131456682373e+09  5.975872863905469e+04 -4.776072447110797e+04
  2.525914845770793e+09  7.528619796016626e+04 -2.544005895456756e+05
  2.526038138103443e+09  5.748438436206657e+04 -1.608843579116161e+03
  2.526091638138123e+09  1.361760189744190e+05  8.478567603621632e+02
  2.526136887808250e+09 -8.087382673926077e+04 -1.399423036462625e+05
  2.526136346323457e+09  3.396859138926928e+04 -4.842783765337645e+04
  2.526105093726853e+09  1.384834260478476e+04  1.261793235373515e+05
  2.526098387372775e+09  1.077153746501182e+05  1.402612470794562e+05
  2.526049402922569e+09  1.202846680420310e+05  8.547288501039124e+04
  2.526179428223921e+09  4.084030311982869e+04  1.051918892798147e+05
  2.526288967879627e+09  7.184144494293502e+04  1.061648253978271e+05
  2.526324453237225e+09 -3.126456897278316e+03 -1.817314226128045e+03
  2.526116130993712e+09  5.723077316604191e+04 -2.217179285466002e+05
  2.526269461636147e+09 -1.004096719427941e+05 -1.878079716116621e+05
  2.526360968598595e+09  1.634402163995896e+03 -1.734769358901528e+04
  2.526079327401219e+09  7.283636728272540e+03 -2.567257245810376e+04
  2.526288878198842e+09 -6.243024044092942e+04 -2.090255569594188e+05
  2.525979004624976e+09  2.064551121215782e+05 -4.020948949739104e+02
  2.525968582040620e+09 -1.601760130537394e+04 -2.715881702294550e+04
  2.526120380133983e+09  2.847314282768319e+03  1.898890183127292e+05
  2.526051055101112e+09 -4.649051428645826e+04  3.044669627859746e+04
  2.526009598105319e+09  1.712258055822577e+04 -1.069848170489731e+05
  2.526091570491314e+09 -1.047386648314422e+05 -1.684673588151927e+03
  2.526202551943399e+09  1.076061700837207e+05  7.373698221717463e+04
  2.526021304555129e+09  1.443939316634685e+05  7.521998848002404e+04
  2.526133247955421e+09  3.111373789212701e+04 -8.648442197558787e+04
  2.526087202037673e+09 -1.705531679503684e+04 -9.456500074592355e+04
  2.526103390028152e+09  2.029227375329100e+04  7.945797394231986e+04
  2.526131679112764e+09  1.236644383220704e+05  3.432832763395715e+04
  2.526089202756058e+09 -4.064881308820914e+03 -2.296352563500311e+04
  2.526278962539048e+09  1.573551048196086e+05  3.174779624188552e+03
  2.526051260212821e+09  7.193010768574802e+04  2.210268192240363e+04
  2.526090309523886e+09  3.961761787887965e+04  1.285904961802812e+05
  2.526263343671048e+09  1.025032414453364e+05  3.908357812087412e+04
  2.526135536161404e+09  1.606900926393014e+04  5.262981945962732e+04
  2.526140917329855e+09 -1.576489943237876e+05 -6.156480839152257e+04
  2.526340820100133e+09 -1.583711886439968e+05 -1.383070761363360e+04
  2.526092420655752e+09  1.913064473572597e+05  1.685536181087706e+05
  2.526262840596917e+09  1.035072974162319e+05  7.619906810119783e+04
  2.526092848296139e+09  1.496935878499546e+05 -3.792644300595880e+04
  2.526102128371159e+09 -2.235604160982138e+04 -5.077896735827951e+04
  2.526190461575512e+09 -8.103863361620583e+04 -5.178194480514922e+04
  2.526104341156210e+09  8.597969071554486e+04  8.869580766873225e+04
  2.526272873699745e+09 -6.368974069390702e+04 -1.074676010782854e+04
  2.525973008036872e+09 -7.201796263764269e+04 -1.386622150276824e+05
  2.526202043632352e+09  9.820493859843723e+04 -4.781849094243697e+04
  2.526073424355695e+09  9.952211794088501e+04 -9.920945034059114e+04
  2.526162237679945e+09  8.016347926708666e+04 -2.336320798351383e+04
  2.525810022001497e+09 -4.884795492942244e+04  5.939218610340773e+04
  2.526098628973118e+09 -1.633967562014703e+04 -5.476228079453902e+04
  2.525900951862920e+09  7.145382517437550e+04 -7.838321769554587e+04
  2.526018969663739e+09 -6.199974627217278e+03 -4.685798425448273e+04
  2.525983824238823e+09 -2.277189614951937e+05 -2.570995405481663e+03
  2.526046946036296e+09  1.881935469294987e+05 -7.106926305413479e+04
  2.526120131196863e+09  6.133651448909374e+04 -8.388907394059701e+04
  2.526366358626752e+09  4.796229246183101e+04  8.417654743949589e+04
  2.526063104250383e+09 -6.739663968423055e+04  1.255013473320338e+05
  2.526201300304106e+09 -1.363194015367490e+05  8.723625113264949e+04
  2.526188160272830e+09  3.144115398510243e+04  6.815994177197432e+04
  2.526178528127877e+09  8.357790441340534e+03 -4.175872013764526e+04
  2.526159903523913e+09 -1.009607169732439e+05  1.334337250319112e+04
  2.526187778468376e+09 -1.202254867577413e+04  1.664310607411010e+05
  2.526270869161124e+09  2.053652992387646e+04  5.026535720304283e+04
  2.526151828712529e+09 -3.143230948350241e+04 -9.223621796810761e+04
  2.526173987742846e+09  1.050479436591268e+03 -6.126733866487537e+04
  2.526142766737810e+09  6.428283991009230e+02 -1.141479847568627e+05
  2.526162740893286e+09  6.474393438756024e+04  5.317510670476826e+04
  2.525900134101983e+09  7.446175781363240e+04  7.246858525587746e+04
  2.525987522498966e+09 -1.059988635735039e+05 -4.595257259698148e+04
  2.526114724124778e+09  8.061156065428036e+04  1.378713226611909e+05
  2.526074029800155e+09 -5.561282009979124e+04  1.878122027731930e+05
  2.526139386124138e+09 -6.452983284108900e+04  9.188610154511992e+04
  2.526187574263440e+09 -6.225837190899020e+04 -5.632698193186766e+04
  2.526063264264072e+09 -1.049066087656543e+05 -1.128227648170384e+05
  2.526041564796009e+09  6.937603827692149e+04 -3.164042957239973e+03
  2.526003915788632e+09  1.849842999156382e+05 -4.806942931592325e+04
  2.526177109092681e+09 -1.682908338063385e+04  6.242423516602023e+03
  2.525999002416708e+09  6.851778355112439e+04  1.060455012234774e+05
  2.525967962612980e+09  2.193711337934539e+04  2.474597103633930e+04
  2.526222862602429e+09  2.921519946584618e+04 -2.564486721537111e+04
  2.526083570968532e+09  2.912597798221101e+05 -5.894564196568518e+04
  2.526145022742089e+09 -1.320932626054078e+04 -1.290803994119967e+05
  2.526233712728739e+09  8.017381513041758e+04 -9.668874257269292e+04
  2.525969237622413e+09  2.281116063890875e+05  3.835147948177683e+04
  2.526054959718369e+09 -1.260011819726333e+05  5.598522534396016e+04
  2.526142539730431e+09  4.611409705882240e+04 -3.082332793171448e+04
  2.526096340827681e+09  6.065315845426172e+04 -2.137043187848688e+04
  2.525937222938899e+09 -8.503344452058757e+04 -8.718616071449826e+03
  2.526254938527852e+09 -3.579512603950244e+04 -4.661036082110135e+04
  2.526230970684619e+09  1.133873986652028e+04 -3.952125000685093e+04
  2.526092830414418e+09  1.028866785600425e+05 -6.447635273116687e+04
  2.526135367297357e+09 -4.386616577086621e+03 -1.240791252073951e+05
  2.525982462566607e+09 -3.005891226650844e+04  2.506965185625770e+04
  2.526149953424023e+09  5.700404874828807e+04  3.050143419190776e+03
  2.526388977321116e+09 -5.622819695996435e+04  6.792457931310171e+04
  2.526173691917420e+09 -4.302250459410658e+03  1.860021242532259e+05
  2.526279916843280e+09  1.474204360874417e+05 -2.465253998530202e+04
  2.526106572946589e+09  1.549677156625490e+04  1.199545828224742e+05
  2.526096054846552e+09  2.289892777676188e+04  5.016847370072803e+04
  2.525972409447890e+09  8.418382548252164e+04 -3.245750284234202e+04
  2.526081121890045e+09 -8.451818540735566e+04 -3.280437660873652e+04
  2.526050470892826e+09 -1.092839496918354e+05 -6.431782176698810e+04
  2.526110720498740e+09  8.981161301480606e+04  2.484162070524076e+04
  2.526240663326316e+09 -1.470535171546242e+05 -5.733362569886865e+04
  2.526281421360834e+09 -1.463339617232003e+05 -6.454917343334062e+04
  2.526218315574618e+09  4.277610678850720e+04  1.232071362403568e+05
  2.526145075357283e+09  6.294585992088862e+03  9.878445424945327e+04
  2.526269826048069e+09 -1.105815869864605e+05  4.407682602698915e+03
  2.526249516284420e+09  2.104532071408839e+04  2.034274546175264e+03
  2.526048583480676e+09 -1.229028599258040e+05  1.886723194864905e+04
  2.525948745454038e+09 -2.930838343795959e+05 -2.311111943257286e+04
  2.526346590032405e+09  1.149068183512820e+05 -2.847284214596148e+04
  2.526092614560264e+09 -4.486855719878757e+04  2.849068743169983e+04
  2.525980278410496e+09  1.945477982679021e+04 -1.110963724779304e+05
  2.526316446757315e+09 -8.235407800753810e+04 -5.587740039778966e+04
  2.526075442938538e+09  9.176240146415075e+04  5.088561434313573e+04
  2.526085340647832e+09 -1.118236290104582e+05  9.702376301295805e+04
  2.526182837858423e+09 -2.144078393549082e+04  1.253823230101125e+05
  2.526198345028017e+09 -2.008664907077273e+02  6.174457500515116e+04
  2.526166617274672e+09 -1.271572468861570e+05 -1.157813501988421e+04
  2.526294775508587e+09 -1.807918515413714e+05 -4.045727570635639e+04
  2.526272904133588e+09 -1.261067461025901e+04 -9.047061483085540e+04
  2.526232368792565e+09  1.959260260785857e+04 -6.450611754210060e+04
  2.526035085295433e+09 -7.900374552606844e+04 -3.766585782266338e+04
  2.526210008443604e+09  4.566787584321597e+04  6.445642425796040e+04
  2.526244492804098e+09  7.036464299127867e+03  4.759898961105570e+04
  2.526022284392969e+09 -2.893659828729865e+05 -3.826700634837744e+04
  2.526090365347073e+09  1.827285493188867e+05 -6.762291635514033e+04
  2.526127995241574e+09 -8.407579363283154e+04 -1.186839318219160e+05
  2.526095801136480e+09  1.757868353976053e+04 -7.709360950417654e+04
  2.526160998600379e+09 -1.012680568474808e+05 -9.724481244142307e+04
  2.526080921908719e+09  1.283195966341631e+05 -7.888938330979447e+04
  2.526241824090996e+09 -1.824596051207157e+05  7.538241274318623e+04
  2.526082608382939e+09 -1.606234901332879e+04  8.394146452308609e+04
  2.526249801347436e+09 -9.458198554758681e+04 -2.875279618958314e+04
  2.526191360676986e+09 -9.098774098570761e+04 -3.446896487358247e+04
  2.526157743170219e+09 -7.979106572119589e+04 -1.212653833304777e+05
  2.526287822437192e+09  2.865555928658030e+04 -1.086554434809405e+05
  2.526075430909263e+09  3.455169365094644e+04  7.785951604120550e+04
  2.526179058480609e+09 -3.875104169163515e+04  1.300686783596102e+05
  2.526062191648623e+09  5.219340752379608e+04  5.756100116708397e+04
  2.526113624743670e+09 -6.042841691278899e+04 -6.073214007219662e+04
  2.526267432722716e+09 -3.366351974961814e+03 -9.172510640421021e+04
  2.526313864552984e+09  7.792137582387519e+04 -8.121773315754998e+04
  2.526198206955614e+09  4.777959113401372e+04 -9.886196309905977e+04
  2.526035092932795e+09  6.058756499376753e+04 -1.267719886210662e+05
  2.526108832173359e+09 -1.112877128800675e+05 -7.435048629718716e+04
  2.526146539587566e+09 -3.295059655343683e+04  1.466537435115135e+05
  2.526063194190973e+09 -3.907265917007870e+04  8.348018776095801e+04
  2.526084708889559e+09 -1.782097139558366e+05 -1.638406159625205e+05
  2.526127580700747e+09  6.708214895845158e+03  4.038898390327673e+04
  2.526139455954401e+09  7.804792459087027e+04  2.270216621125392e+05
  2.526122052498422e+09 -2.606885367534659e+04  1.570630489421156e+05
  2.525995990792035e+09 -2.263201192390977e+04  2.145301780280188e+05
  2.526202855413344e+09 -1.371924179085880e+04  1.659177596217431e+05
  2.526144498949140e+09  5.429077705711976e+04  7.889987478738418e+04
  2.526121534139070e+09  1.000468863944456e+04  4.822662484123604e+04
  2.526288953739556e+09  1.876689013381302e+04 -4.593450842067401e+04
  2.526194562014226e+09  5.199927609176142e+04 -1.022208870096949e+05
  2.525981261474129e+09  6.130959558330232e+04 -1.048352238612191e+05
  2.526244107294475e+09  1.341408070060236e+05 -9.278211018753168e+04
  2.526395676239952e+09  1.146710864172978e+05 -1.021847554123422e+03
  2.526209913242795e+09 -6.544842474805308e+03  5.318565785727368e+04
  2.526201497561388e+09  1.007276484711480e+04  1.479400306050456e+04
  2.526054853391953e+09 -2.234812072851625e+04 -3.393650832778355e+04
  2.526174288290160e+09 -2.084565290244538e+05 -9.179070256487583e+04
  2.526259725801981e+09  1.386502752433300e+05 -1.841213516326141e+05
  2.526094459580218e+09  7.006694045171014e+04 -1.845565087488847e+05
  2.526142660653448e+09  5.976245313942339e+04  7.504295075470267e+04
  2.526103279614573e+09 -4.630446919265117e+04  1.910583715670961e+05
  2.526215742252011e+09  1.312307475242304e+05  6.114812470404262e+04
  2.525982809878650e+09  3.384668447121541e+04  1.582869102799268e+05
  2.526059541195636e+09 -3.668558456281014e+04  7.060130727582774e+04
  2.526079904377492e+09  1.341891354076924e+05 -7.089804508304852e+04
  2.526142329393592e+09 -1.332888709179707e+05 -3.363223583877472e+04
  2.526024318303089e+09  1.123553608849284e+04 -1.151371014761402e+05
  2.526115573318398e+09  4.889954477834725e+04 -1.075528653127946e+05
  2.526054708665210e+09 -6.709107212953130e+04  7.938856273230317e+04
  2.526106887873109e+09 -7.566454003370285e+04  1.133559078568963e+05
  2.526065373494573e+09  1.505991453634412e+04  2.131482263889117e+04
  2.526167334487370e+09 -8.114460914749757e+04  5.858120301777381e+04
  2.526017222282525e+09  1.393022769276954e+05  1.277833516935851e+05
  2.526108237655591e+09 -3.787649642837420e+04 -1.396901257303462e+04
  2.526167599181635e+09 -9.720862283308769e+04  1.001142474356410e+04
  2.526214100204180e+09  2.321114620880364e+04  3.130925965322321e+04
  2.526084836584119e+09 -1.238531922644349e+05 -6.453246607985289e+04
  2.526173310957391e+09  3.155522746441148e+04  7.760996443175129e+04
  2.526257826967471e+09  1.108981981659122e+05  8.311822264033777e+04
  2.526026690883786e+09  1.832948626412055e+04  3.010672713137371e+04
  2.526125348728410e+09 -7.321240092276223e+04 -1.272874123192905e+04
  2.526170705844173e+09  3.112020126757841e+04 -4.787458817537944e+04
  2.526096686114411e+09  2.270181823111458e+05  2.935888400462898e+04
  2.526128383058796e+09 -7.826911568979890e+04  2.459459979893616e+04
  2.526041001978299e+09 -2.357933005431714e+04  4.817081478261267e+04
  2.526089620821868e+09  1.815557402523322e+04 -2.659369453530145e+05
  2.526123139662628e+09  5.373666738734115e+03 -3.787483496457259e+05
  2.526006784639468e+09 -2.242569801149878e+04 -1.257421247801352e+05
  2.526151907403774e+09 -9.693767524990879e+04 -5.467710440630540e+04
  2.525991498332423e+09 -1.580550443112872e+05 -5.353995161723091e+04
  2.526227518652374e+09 -5.186231202908979e+04 -6.012959212948059e+04
  2.526115470983684e+09 -8.418308457019122e+04 -8.457925473500590e+04
  2.525994983482783e+09  8.179984747477173e+04 -1.137953983038531e+05
  2.525952465144597e+09 -6.542892871878808e+03 -3.846080830157857e+04
  2.525962071121745e+09  1.334882769405134e+05 -4.704301176985481e+04
  2.526089626914135e+09  5.836584582842910e+04 -1.539137837583837e+05
  2.526029657569623e+09 -1.020331980914300e+05  9.268999008235196e+04
  2.526343949756889e+09  6.191095165439520e+04  1.371977166463485e+05
  2.526267809609132e+09 -5.333582562235766e+03 -1.268492258690798e+05
  2.526196195066921e+09  1.162830742529006e+04 -5.540672536132671e+04
  2.526188771129313e+09  1.485432370051090e+04 -4.874676038835850e+04
  2.526197877612190e+09  2.259756910735171e+04 -1.152059566741385e+05
  2.526078794236357e+09 -3.200030852664728e+03 -1.168008326851414e+04
  2.526028073586772e+09 -8.972320081734098e+03 -3.219897323729936e+04
  2.526257295811630e+09 -1.488298118619618e+05 -4.435790323781676e+04
  2.526294751691195e+09 -1.144266557402392e+05  1.076040366224723e+05
  2.526232582497743e+09  5.912840445607109e+04  1.108472109001377e+05
  2.526156308270849e+09 -1.586741114547337e+05  9.027039006889798e+03
  2.526214849560034e+09  5.840249580037838e+04 -6.380558219590876e+04
  2.526209055516652e+09  3.390696751340723e+04  6.306459519174078e+04
  2.526398718718843e+09  3.305080873415340e+03  3.745895420704491e+04
  2.526134114060276e+09  7.575051568906585e+04  8.601706257007574e+04
  2.526086563839785e+09 -1.395204162645014e+04  1.304547980571145e+05
  2.526047664558822e+09 -6.698921170855849e+04  1.592308988418576e+04
  2.526094106880699e+09 -5.161095445915143e+04  1.338912460112190e+05
  2.526057640868404e+09  1.589190056924004e+04  1.098309867209210e+05
  2.526108476159465e+09 -1.043215753705997e+05 -7.462828249484295e+04
  2.526011175332623e+09  1.200060781433322e+05  1.056658060062861e+05
  2.526165926312732e+09 -2.043550250179577e+04  1.285004452721851e+05
  2.526278832827903e+09  3.220447882982783e+04  1.198323917668288e+05
  2.526139085597003e+09 -1.190595117289360e+05  1.793651851762999e+05
  2.526056247319375e+09 -1.865244758358540e+04 -2.642817012947913e+04
  2.526015138644368e+09  1.756249979430200e+05 -2.922011629086605e+04
  2.526306101590322e+09 -7.040390995536721e+04  4.288407337264303e+04
  2.526001181991315e+09 -1.490570955664851e+05 -5.593551293675380e+03
  2.526169849391188e+09  8.379591183240595e+04  4.763122993266571e+04
  2.526164822195570e+09 -1.337773648283379e+05  6.453814141460822e+04
  2.526123070387109e+09  2.451304812941609e+05  9.359999598345469e+04
  2.526303701721049e+09 -1.463895030441997e+04 -3.420843692217523e+04
  2.526132206737730e+09 -1.310565688236218e+05 -1.148104286180774e+05
  2.526188891583519e+09 -2.652594209681451e+04  4.095000889967126e+04
  2.526157595985933e+09  5.533877389748301e+04  1.328495446653338e+03
  2.526077089286727e+09 -6.892054193177586e+04 -1.204340681942735e+05
  2.526028189292743e+09  3.888475250897743e+04  1.309356647440686e+04
  2.526106139966157e+09 -3.923934533231100e+04 -3.738573389781360e+04
  2.526241054158631e+09  3.929660589025239e+04  2.364138187657343e+03
  2.526021051565929e+09 -1.172445868266261e+05  4.602733754298231e+04
  2.526008663409191e+09 -4.196988447731629e+04 -1.523638211160734e+05
  2.526190982837976e+09 -2.792260054714890e+04 -1.693318015998893e+04
  2.526296924068403e+09  3.627253586401348e+04  1.728442075776765e+05
  2.526041223920129e+09 -3.801181543114537e+04 -3.933126414004713e+04
  2.526018937397732e+09  8.628314208526455e+04 -7.321019650325307e+04
  2.526113171146779e+09 -1.115122593622670e+05  2.482418233957642e+04
  2.526161045744082e+09  1.808301784016236e+05 -1.014941866976125e+05
  2.526194458930226e+09 -9.488059324923484e+04  1.329205004653439e+04
  2.526194636096074e+09 -4.105953926755511e+04  1.010337355786838e+05
  2.526280916089971e+09 -1.675603342514196e+05 -1.020727290365875e+05
  2.525867189269804e+09  5.961383739188570e+04 -1.942808490029073e+05
  2.526026604148506e+09  2.828399226466194e+03  2.922886968440242e+04
  2.526049920993952e+09 -1.463470285446271e+05 -6.186986737993080e+03
  2.526097628566713e+09 -2.964012151396438e+04  1.337030860432191e+04
  2.526188252834083e+09  1.408629358854883e+05  8.262299302723876e+04
  2.526120838679669e+09 -5.501872920719441e+04 -1.611335919669946e+04
  2.526031003021497e+09 -1.090204701177811e+05 -1.475851816246290e+05
  2.526138687528762e+09  6.863884919374250e+03 -4.367447437373285e+04
  2.526120816017797e+09  9.600413879757107e+04 -5.983866013858421e+04
  2.526030857745630e+09 -1.143529353114530e+05 -1.411362902587071e+05
  2.526124035295009e+09 -7.012019335843273e+04 -1.005953579096107e+05
  2.526347324058185e+09 -1.413105621504521e+05  2.988867609436740e+04
  2.526044282040653e+09  7.529961498366669e+03  1.720021797497908e+05
  2.526122625905379e+09  4.531095541665307e+04  1.830670352783084e+05
  2.526232406116922e+09  5.112395694625250e+04  6.770110553720430e+04
  2.526114422835696e+09 -2.536518597189337e+03  2.677605101794039e+04
  2.526122583992008e+09  6.663914193861491e+04  7.328672494849749e+04
  2.526002229238628e+09  6.252921838162118e+03  8.318826238699752e+04
  2.526175815101204e+09 -1.586100154317131e+05 -6.001045431038365e+03
  2.526170048789565e+09 -1.485155193174620e+05 -1.410255481079258e+05
  2.526007928056827e+09  3.467373260182383e+04 -1.448402221553979e+05
  2.526084206483303e+09 -2.271621108234813e+04 -1.680978439884397e+05
  2.526115233182560e+09  2.858515199579438e+04  2.452043477735028e+04
  2.526308321538168e+09 -6.928400902861572e+04  7.976226574758999e+03
  2.526174182642302e+09  3.204408997720457e+04 -4.985112425241712e+04
  2.526014773291299e+09 -1.592670951448591e+05  7.127285413105309e+04
  2.526161817293456e+09 -5.078474459745176e+04  3.054684392585605e+04
  2.526035712592078e+09 -1.430624528507009e+05  2.218287828112487e+04
  2.526110095476966e+09  7.254019672937272e+04  7.200274456209992e+04
  2.526146167872872e+09  1.248767121186494e+05  1.588816771953835e+05
  2.525981453707035e+09  4.684637614153780e+04  2.045083802504181e+05
  2.526170335072589e+09  4.481857790116218e+04  6.873371999498573e+04
  2.525938345320343e+09  2.255078628728096e+04 -2.777378520627460e+04
  2.526199870416043e+09 -8.046909969521442e+04  3.889209092034027e+04
  2.525995198077719e+09 -1.736477491627439e+05  7.284486310020322e+04
  2.526259966307564e+09 -9.969248532999895e+04  6.020253487194190e+03
  2.526277760294764e+09 -4.183306311603403e+04 -3.389428402478481e+04
  2.526111101213232e+09  6.956466287578200e+04  4.658637273061182e+04
  2.526315598928008e+09  2.211429524226156e+05 -1.838135535425972e+04
  2.526094726884129e+09 -1.349460154642085e+05 -1.332202132620154e+05
  2.526235954671010e+09  1.512772544599546e+04 -2.439159528130044e+05
  2.526172182271092e+09  4.958712315127300e+04 -4.733322606143029e+04
  2.526062621343050e+09  1.022496084180358e+05  1.732398104581493e+05
  2.526227244247964e+09  3.110593365313252e+03 -8.433119944143808e+03
  2.526062938844713e+09  4.313356551277661e+04 -1.644394162643482e+05
  2.526217252226906e+09 -1.164167633412434e+05 -4.392780303802009e+04
  2.526147920654477e+09 -8.040685496081156e+04  3.104711962207907e+04
  2.526151823769985e+09 -3.681114535782929e+04 -1.112257335746934e+04
  2.526089437189990e+09 -6.788979825533455e+04  3.096099675080110e+04
  2.526129080531763e+09 -1.180143371778545e+05  7.046828026668122e+04
  2.526059381111428e+09 -6.528686674848536e+04  3.907116676750453e+04
  2.526085362425693e+09  1.077484927856445e+05 -8.003745703118667e+04
  2.526075966983387e+09 -1.025508925062158e+05 -1.924338115406390e+05
  2.526059567806836e+09  5.798158185044705e+04  8.967907243020600e+02
  2.526047902712864e+09  6.263775900507858e+04 -1.276125403596880e+04
  2.526181367505543e+09 -3.033827021914383e+04 -8.159157658067136e+04
  2.526183418768169e+09  1.035508624510585e+05  4.770240084510518e+04
  2.526138061947617e+09  4.865145164567977e+04  3.670825473757787e+04
  2.526139751661724e+09  9.435713892100751e+04 -1.870099338888563e+04
  2.526064148733209e+09  2.026664660635398e+04  4.414570342940104e+04
  2.526066743908270e+09  7.325818271163199e+04  1.867786004018039e+03
  2.526121195715846e+09 -1.113571696971040e+05 -9.733670878579840e+03
  2.526110356996996e+09 -4.096359121401608e+04  6.059116276070871e+04
  2.526155874413010e+09 -3.201467999909434e+04  4.346572494665394e+04
  2.526186103078388e+09 -2.052435308379660e+05  9.898559220166696e+04
  2.526183973801491e+09  8.260305110659578e+04  1.890936554961874e+04
  2.526371997122450e+09  4.268878621926741e+04 -6.349525850616652e+04
  2.526068807132461e+09  1.153540382447197e+05 -7.025177838531038e+04
  2.526127905765483e+09 -2.016763101871673e+04 -8.076121700744424e+04
  2.526047424885362e+09  8.143080234660674e+04 -2.021450799901327e+05
  2.526011685795578e+09 -4.695397784137167e+02 -1.226831725759492e+05
  2.526266888891797e+09 -9.327089387752669e+04  6.090537894547265e+04
  2.526267663387490e+09 -2.050672955767973e+04 -4.397348403716530e+04
  2.525951294918765e+09 -1.430835628086173e+05 -1.485799429763076e+05
  2.525988834771363e+09 -9.262499557175161e+04  2.810899586721871e+04
  2.525932601364675e+09 -6.712666636505927e+04  1.862351780800305e+05
  2.526114423786711e+09  2.025287551340414e+05  3.281190427418845e+04
  2.526094301833601e+09 -9.627026340029982e+04 -1.710199205832684e+04
  2.525889188802237e+09 -9.775107906576159e+03  5.384554278802872e+04
  2.526264220399424e+09  3.683363494630926e+04 -9.202662026285232e+04
  2.526083245800495e+09 -1.905755938558495e+05 -6.790880190216866e+04
  2.526084060125820e+09  8.248938103087433e+04  2.198264743280597e+04
  2.526062804886194e+09  5.512022834375012e+04 -1.169647011014642e+05
  2.526153630446237e+09  1.461453927866957e+04  5.518359349414424e+04
  2.526144507427743e+09  1.078836845629888e+05  1.332607584438596e+05
  2.526051130369428e+09  1.703197372286152e+05  9.123574088828918e+04
  2.526064514481582e+09  1.327694314978730e+05  7.056521566985245e+04
  2.526079111917227e+09  4.058671632562263e+04 -1.142606487558163e+05
  2.526201621764219e+09 -1.590707538046013e+04 -1.697877322667561e+05
  2.526241110409787e+09 -4.098118043942098e+04  3.434869445719384e+04
  2.525972432293669e+09 -7.174361249427267e+04 -8.572714994044730e+04
  2.526165046931700e+09  1.969766868965194e+04 -5.415340997136524e+04
  2.525863689884967e+09 -2.614685994901380e+04  3.352541373911469e+04
  2.526391722362135e+09 -1.520243409843078e+05 -3.642111258145119e+04
  2.526246963898966e+09 -6.691630450018274e+04  1.322392482831613e+05
  2.526045004816652e+09  5.597391388914664e+04  1.033798139914020e+05
  2.526225239897420e+09 -5.762597563426010e+04  1.041842661291289e+05
  2.526146251485556e+09 -3.911791050300701e+03 -1.979661224691242e+05
  2.526068864524652e+09 -1.053223285898000e+04 -2.740723598297487e+05
  2.526186213541422e+09 -7.764407232070970e+04 -1.955250496364036e+04
  2.526093770098715e+09  2.728679238366592e+04 -1.924547207311424e+04
  2.526100197001513e+09  8.406560644472367e+04 -1.704223622211219e+05
  2.526144487355872e+09  9.736143357002654e+04 -1.062520414003381e+05
  2.526210723940817e+09  7.418708332839608e+04  3.264741833881312e+04
  2.526237085967956e+09 -4.288632574273972e+03  1.149485649129637e+05
  2.526226841606815e+09  1.142631418012583e+04  3.908438213077979e+04
  2.526060030415545e+09  4.272032846338674e+04  8.097489688268071e+04
  2.526052211067931e+09 -2.804929278392624e+04  8.977546106216242e+04
  2.526162458776236e+09 -9.203675435622851e+04  1.419644167057257e+05
  2.526066069447068e+09  2.108561787799437e+04  1.476006255186104e+05
  2.526181158936197e+09 -1.505666027275127e+05 -2.721702536917571e+04
  2.526069448569216e+09 -6.268791448067478e+04 -7.230436817416569e+04
  2.526045082835435e+09  9.298476306851953e+02 -6.223845060558687e+04
  2.526110642527536e+09  2.496158626716258e+04  1.045383779828969e+05
  2.526228689465251e+09  4.123840916964272e+04  1.885762610746801e+05
  2.526086669106429e+09 -1.224885489297428e+05  1.300223217472846e+05
  2.525990990364832e+09  3.533776261250162e+04 -9.223934860367002e+04
  2.526166549994073e+09 -8.466891645434429e+04 -1.566797357245204e+05
  2.526074590186025e+09  2.594823531786760e+04 -2.379117688678199e+04
  2.526073437187715e+09  6.790013190149658e+04  1.002810177190312e+05
  2.526344826632729e+09 -3.079976389709633e+04 -2.826092130583990e+04
  2.526239896632751e+09  5.406223477712594e+04 -5.203189551174687e+04
  2.526180247491088e+09  3.175034338326834e+04 -7.680050427485956e+03
  2.525874694155098e+09 -1.083838311397777e+05 -4.135700180766848e+04
  2.526110860307378e+09  3.377096017461142e+04 -1.078608257595941e+05
  2.526210073472301e+09 -6.180778199138818e+04 -2.626771486562195e+05
  2.526200112079657e+09 -2.080812393442891e+05 -1.696449842250847e+05
  2.526144138969172e+09 -1.269966848195251e+04 -5.033648491601471e+04
  2.526176325097658e+09  4.603630321772886e+04  1.266049696566770e+04
  2.526134753680497e+09  4.554135156894568e+04 -2.573440523495460e+05
  2.526188679140112e+09  1.071159640682521e+05 -2.450705821478205e+05
  2.526199817145032e+09 -1.700482166995993e+04 -1.392119545894037e+05
  2.526101481856587e+09  3.937604648365779e+04 -1.750317103548653e+05
  2.525987530426914e+09  4.969092356731412e+04 -1.372383047103639e+05
  2.526351928389908e+09 -6.207821472968080e+04 -2.112509966561967e+04
  2.525974206062553e+09  5.000395028487081e+03  3.887733016234112e+04
  2.526142063585123e+09  6.868367547758919e+04 -2.050056481737967e+05
  2.525956576663573e+09  1.208441101184393e+05 -3.187819397094270e+05
  2.525951781811490e+09  6.598902439150409e+04 -1.240737131445328e+05
  2.526164241977633e+09  5.094583133497526e+04 -1.224581004544678e+05
  2.526136779728122e+09  1.816185390869644e+04  9.583569302820595e+04
  2.526056594087554e+09 -1.416710690462365e+05  7.292590613781661e+04
  2.526270521220421e+09 -1.079466976947936e+05 -9.875752756743762e+04
  2.526331452075302e+09 -1.291128062072617e+04 -8.807812939791448e+04
  2.526221514409273e+09 -3.486502770664774e+04 -1.780806568842863e+05
  2.526092282438307e+09  4.409376663693530e+04 -1.451037016014353e+05
  2.526222488772373e+09  9.230254399121227e+04 -1.081232843706033e+05
  2.525978178295659e+09  6.742809327148029e+04 -6.964470716473879e+04
  2.526070021308107e+09  2.547925674542598e+04 -3.537956309629779e+03
  2.526231808540678e+09  1.991987798422979e+05  7.752647399811365e+04
  2.526039820837285e+09 -1.073675894562877e+04  5.517814593443158e+04
  2.526224797828480e+09  4.933898340515152e+04 -1.098268855974125e+04
  2.525960213066223e+09  1.487675795085991e+05  2.135239423158951e+04
  2.526004399922156e+09  1.473797608674306e+05 -1.898699259000155e+04
  2.526358648188261e+09  9.235994310360332e+04 -1.441231583502755e+04
  2.526196356303115e+09  1.595367794523018e+05 -8.972706133768382e+04
  2.526116456623522e+09  3.279286380237143e+04 -4.321262544043479e+04
  2.526164795828507e+09  8.490885023879283e+04  7.612719843431527e+04
  2.526218848721571e+09  6.170197641715372e+04  7.853281393618369e+04
  2.526152186719298e+09 -7.997703093165555e+04 -3.474343521470355e+04
  2.526091308972472e+09  3.718145157053135e+03 -2.013120861843558e+05
  2.526222299767650e+09 -6.497749673645012e+01  1.781854050428732e+04
  2.526320576470664e+09 -6.857310981751885e+03  1.735374579748447e+04
  2.526175840074737e+09  1.509689379357336e+04 -4.741598059349839e+04
  2.526234665620924e+09 -1.053006407600965e+05  6.798370124856784e+04
  2.526085458017900e+09  1.796067705758972e+05  1.120823270707050e+05
  2.526241501622524e+09  7.470211275214306e+04  1.579829276454872e+05
  2.526041597666569e+09  1.060359361189418e+04  9.993795926011325e+04
  2.526118343788853e+09  1.380320802158876e+05 -2.303822630826075e+04
  2.526126464950768e+09  8.921885857164755e+04  2.083981938858051e+03
  2.526156088598075e+09  1.222176140765358e+05  4.103537358547410e+04
  2.526102771357219e+09  1.334650149220709e+05  3.048960951315332e+04
  2.526139607008512e+09 -2.168818499782981e+04  6.682304406733369e+04
  2.526015773511455e+09  1.071849047754842e+05  3.319562108520069e+03
  2.525946864208631e+09  8.237559130477931e+04  2.097433722392889e+02
  2.526045756238216e+09  9.392075474751904e+04  5.579704240185412e+04
  2.526130741598070e+09 -3.453330061231926e+04 -5.423726720660040e+04
