  1.261372735443403e+09 -2.108078802551493e+06 -7.055232904618385e+05
  1.261630345591038e+09  2.040754931053163e+06  2.618834410014547e+06
  1.260644548513188e+09 -1.283557389300675e+06  1.749997919241886e+06
  1.262734672925668e+09  1.707112525076414e+06  1.109081424220928e+06
  1.260483570834595e+09 -6.808255614715276e+05  6.706820892549611e+05
  1.265683769255001e+09 -8.444539915441256e+05 -9.191409574091304e+04
  1.265809713622483e+09  2.901436180643653e+06  1.541379358388954e+06
  1.261972801495177e+09  1.410552271640138e+06  1.968664475164509e+06
  1.262360983927441e+09  3.578568674983731e+06  3.157181009148319e+05
  1.261217011762831e+09  1.655160720664301e+06 -7.710582422780180e+05
  1.263086021772217e+09  1.498169912709626e+05 -2.044752998769796e+06
  1.260050887076324e+09 -1.056009806048174e+06 -1.723830132442720e+06
  1.264868250281918e+09  2.489086839502831e+06  1.376393019614643e+06
  1.264249935732678e+09 -1.410669117138323e+06  3.389036505475417e+05
  1.266675806993641e+09  1.129689014866750e+06 -3.515965113608922e+06
  1.264053272151507e+09  6.402446147765692e+05 -4.060752404910389e+06
  1.260842558364193e+09 -5.865782172450422e+05 -2.290366452017113e+06
  1.262330507536378e+09  1.938595245138551e+06 -5.283711023081716e+06
  1.263907278870891e+09  1.210862037258028e+06 -3.978771018328185e+06
  1.261982085992208e+09  1.122322827121061e+06 -2.961911777882604e+05
  1.262751288709300e+09 -3.346296322476088e+06  1.310975356959236e+06
  1.268458880617400e+09 -3.892068143612075e+05 -4.328952364414246e+05
  1.261166356397917e+09 -5.656808239813739e+05 -1.490450696891119e+06
  1.260428953421128e+09  6.209882499331967e+05  6.936436977611418e+05
  1.266823464169238e+09  3.508992450273708e+06  4.643832721166931e+06
  1.267247245545409e+09  2.150834945373973e+06  5.192674431945958e+06
  1.264316749305050e+09 -3.341936910153402e+06  3.497225204093441e+06
  1.264253929665310e+09 -2.161225692369607e+06  3.155292038992845e+06
  1.259258100769659e+09  4.945315543620544e+04  1.537149011323960e+06
  1.261776443130297e+09 -1.555400595559437e+06 -5.510012812931450e+05
  1.263489056725725e+09 -1.376132888284237e+06  7.157167038216651e+05
  1.267286417687871e+09  2.789104049665816e+06  1.467499380033211e+06
  1.258758958658319e+09 -7.064509189658733e+05 -3.227501933697809e+05
  1.261538935850954e+09  2.103160960445147e+06 -1.297093147426168e+06
  1.262152095320588e+09 -4.042315072633800e+05 -8.862633847071306e+05
  1.264375113412356e+09  2.199611655853955e+06 -1.657744570981361e+05
  1.260916689365137e+09 -2.157194174788381e+06 -2.705535518028052e+06
  1.263659762344118e+09  9.084632030679865e+05 -2.917327684908257e+06
  1.259860185092924e+09 -2.189638557839206e+06 -1.401946779440393e+06
  1.262503664497670e+09 -3.478380721631024e+05 -6.080443977413554e+05
  1.263686001244584e+09  2.561878802288290e+06 -1.056195008380033e+05
  1.264694388691231e+09  2.252732838661638e+06  8.554568553451943e+05
  1.262524048949090e+09 -3.772186244518911e+06  2.063488790214614e+06
  1.262403050996965e+09 -1.601249204749313e+06  3.004752348751548e+06
  1.259713870624781e+09 -2.739324284561972e+06  1.393925052979928e+06
  1.263310775687690e+09  1.185008871975906e+06 -1.508772307724426e+06
  1.263190419424024e+09 -1.959906071449031e+06 -2.760773980142772e+06
  1.263693295470896e+09  1.799905931016454e+06 -2.088672722529632e+06
  1.266350738798502e+09 -1.351091489208068e+06 -1.107072022643809e+06
  1.265968678749421e+09  2.670670706060661e+06  1.258520440064836e+05
  1.265083461079404e+09 -9.738703534610827e+05 -1.788727412751008e+06
  1.259939007291928e+09  3.557486160664597e+06 -2.097658616798646e+06
  1.266943158107273e+09  9.107663473927567e+05 -8.164018969510326e+05
  1.264296074922568e+09  1.865573349658043e+06 -6.012014291900491e+05
  1.259331834816216e+09 -5.960886406107415e+05  6.490308197260797e+05
  1.258775595897546e+09 -9.225948224681714e+05  4.332264399380776e+06
  1.263399321462766e+09  2.907954739257623e+06  4.824544973927588e+06
  1.262192864498341e+09  1.972765527248475e+06  2.547570051238397e+06
  1.265659678069610e+09 -2.656784958993350e+06  1.348635092685185e+06
  1.264447665087122e+09 -2.027666100426207e+06  2.237827180261996e+05
  1.263796459592941e+09 -2.724595474813366e+06  5.821471093212994e+05
  1.261071453829277e+09  2.469243099450163e+06  7.167494338356662e+05
  1.262503345251238e+09 -2.589614891775679e+05 -1.370596058439003e+06
  1.262489317541753e+09 -1.301624366780173e+06 -2.925797995622310e+06
  1.263755030216294e+09 -1.370222140876727e+06  2.589923318730124e+06
  1.264536907589959e+09  1.946851701434934e+06  3.022338087561297e+06
  1.267517622291094e+09 -2.722144522766322e+05  1.335532822630979e+06
  1.260211124338307e+09  2.262223976038099e+06  6.211158063098583e+05
  1.262575373488137e+09  1.094193219348488e+06  9.240857560910936e+05
  1.263168744643449e+09  3.330525000250989e+06  5.054329934538685e+04
  1.261133878827642e+09  4.647520595418948e+05 -5.351024250875912e+05
  1.262180693520511e+09 -3.256707882055283e+05 -1.444828680137639e+06
  1.265720329475454e+09  2.896994132058296e+06 -1.441311757313680e+06
  1.265287626862871e+09  1.053751428745309e+06  5.981900931742864e+05
  1.265073836936116e+09 -1.222250874787358e+06  3.400527987914910e+06
  1.266009557076939e+09 -2.303485334301775e+06  5.306992076869627e+06
  1.262800185498404e+09  3.644015041773871e+05  3.573972508080540e+06
  1.263811253811914e+09  1.340077886718453e+06  2.457549135775077e+06
  1.260584819826456e+09  2.385162780291555e+05  2.962073259755360e+06
  1.264708331468933e+09 -1.723255143795494e+06  2.197801651905247e+06
  1.263657373525325e+09 -1.031526535633447e+06 -1.444635301851403e+06
  1.263309825165309e+09 -5.569187336500845e+05 -2.306672432419406e+06
  1.261867152399759e+09 -1.616611756245390e+06  1.217092626735346e+06
  1.263357551387913e+09 -3.998431614189930e+05  1.240469352740651e+06
  1.263971480381082e+09 -3.440881557992809e+04 -2.654601455661546e+06
  1.263128271886607e+09  1.937775135059214e+06 -2.878276726694031e+06
  1.261293007407217e+09  1.712201799480453e+06 -7.762528311060205e+05
  1.261552464505794e+09  1.798764889078411e+06 -3.139794414853266e+05
  1.260675426377878e+09  4.510819460949523e+05 -2.176647209195486e+06
  1.261578984984147e+09  6.440228847515890e+05 -2.072993223482586e+06
  1.264858398058257e+09  2.567564358108212e+05 -1.668758480832224e+06
  1.261069629247101e+09 -1.131580400842632e+06 -4.239803309265235e+06
  1.265389235234582e+09  1.498956947764691e+06 -4.437681512550344e+06
  1.263627082792831e+09  2.066096391001277e+06 -1.888883846859622e+06
  1.263042029743204e+09 -3.834331830012137e+05  1.732584624111647e+06
  1.263968629497183e+09  4.690391850758405e+05  2.251240087117293e+06
  1.259409230898309e+09  1.210797866292663e+05 -9.543944688759245e+05
  1.259825012046374e+09  6.829297050709492e+05 -9.950991072033667e+05
  1.262427963418264e+09 -2.551648236646705e+06  1.546859326785669e+05
  1.260902726036508e+09 -1.788505249036737e+06  1.162180533143279e+06
  1.265260030893898e+09  9.228071522325851e+05  2.856757854854122e+06
  1.263434270860420e+09 -2.767382790612575e+06  4.311025022047847e+06
  1.264525161452470e+09  2.210038711662927e+06  2.631794336883270e+06
  1.261747335776092e+09  1.204006979045572e+06  7.085913921128558e+05
  1.262722773447476e+09 -1.420847407047404e+04 -5.927811417868530e+04
  1.263926151483937e+09 -2.192180330598390e+05 -1.721663281118775e+06
  1.267276567551626e+09  1.097317942751131e+06 -5.669651116785492e+05
  1.266952027497073e+09 -5.277851320499382e+04  2.580683310504759e+06
  1.263070533999281e+09 -1.913329542319160e+06  1.759513913472001e+06
  1.265593955414038e+09  3.068037022671854e+06 -1.475593315994625e+06
  1.266467871681863e+09 -4.287752912187390e+05 -1.817924116436779e+06
  1.262179398828017e+09  1.145355430124173e+06 -5.659343267737203e+05
  1.267777453928699e+09  1.392518358141229e+06  9.817212957027694e+04
  1.261179285182789e+09  4.169823854548331e+06 -9.027156851235639e+05
  1.265528407247196e+09 -8.818791251665356e+05  2.576543446791249e+05
  1.264720498290830e+09 -1.151667590093838e+06  2.569016083271716e+05
  1.262554241536829e+09  3.148027628552035e+06 -6.435446519631633e+05
  1.262159582536010e+09 -4.325056415751757e+06 -2.605738593817951e+06
  1.263309598298799e+09  2.020043668489892e+05 -4.398814186323341e+06
  1.259687689727217e+09  3.874018706552733e+05 -2.115456693225775e+06
  1.261738844948357e+09  1.510258880887940e+06  1.152235445055207e+06
  1.262472438990176e+09 -7.990801484891336e+05  1.954916629164394e+06
  1.265155101972444e+09  1.420069759599576e+06  2.480738456083803e+06
  1.263087595400595e+09  9.073695360478293e+05  1.837836424112697e+06
  1.262372846033650e+09 -4.680334730055772e+06 -1.477438613527515e+05
  1.262066594611542e+09  2.999141624541491e+06 -1.029195967422925e+06
  1.263916608356921e+09 -1.707959914969561e+06 -9.724054795906439e+05
  1.263821294078887e+09  1.096948881350386e+06  4.297444741435212e+05
  1.264493249493133e+09  1.444015254516137e+06  1.162203675436742e+06
  1.262588425248446e+09  2.687743466597115e+06 -8.895848546566479e+05
  1.264298146815318e+09  3.025919745282748e+05 -2.635582155578709e+06
  1.263461997641835e+09  9.288423504678842e+05 -2.537813752357912e+06
  1.266525641848581e+09  2.960322662538484e+06 -2.463292818004805e+06
  1.260024294168209e+09 -1.744080258705781e+06 -1.291427413321217e+06
  1.263742121950655e+09 -1.859413116281939e+06 -1.195487708783421e+06
  1.262785840252062e+09  1.814190340167783e+06 -1.190328452834741e+06
  1.260688115534350e+09  2.619838548757482e+06  7.588498667563203e+05
  1.264245161146350e+09  5.977466535453085e+05  4.602534265249291e+05
  1.266979924521102e+09  1.293990099120442e+06 -7.073430242744790e+05
  1.262563836908756e+09  2.913593065004792e+06  3.894109545602172e+03
  1.266797625745720e+09 -3.559463767982404e+06  1.216764255159885e+06
  1.264059009362181e+09  3.464696755777084e+06  1.404207005877949e+06
  1.264890152520281e+09 -4.746617052923135e+06 -9.123922128639324e+04
  1.264375032855665e+09  2.324135448253137e+06  8.567280064767448e+04
  1.260940262084631e+09  1.786202921675075e+05 -1.568668919058599e+06
  1.259336417165606e+09  5.872035373266989e+05 -3.128166086412881e+06
  1.265004320083205e+09 -2.804029571320157e+05 -1.370387357238438e+06
  1.262066591891120e+09  1.179525834383344e+06  3.293370564085583e+05
  1.264307978236942e+09  5.234177480931033e+05  2.300115917588315e+05
  1.265067976686624e+09  1.053924684707935e+06  4.574788043577816e+05
  1.262118060877254e+09 -1.084760113584253e+06  2.388069854399361e+06
  1.266357628717868e+09  1.464549499088449e+06  2.348061715223949e+06
  1.261044565078798e+09  1.564186043919081e+06 -4.580160663040864e+05
  1.260509931861273e+09  5.571698905998261e+05 -2.458326085184753e+06
  1.262210758083508e+09  9.023992064517075e+05 -1.416472782007546e+06
  1.262191892451853e+09  3.991024072536718e+06  3.179658062236296e+05
  1.263746724444082e+09 -1.827696445711150e+06  1.060040281626151e+06
  1.264914363410980e+09  2.634244006740022e+06  2.128989290936779e+06
  1.264433683803343e+09 -4.662746167194047e+06  2.277302918144009e+06
  1.263269761865923e+09  1.790666906428224e+06  1.146539019766073e+06
  1.264336888442657e+09 -2.611447922679999e+05  7.416784947127341e+05
  1.264533439551642e+09  1.140005010118805e+06  2.731948185630616e+05
  1.262653991368073e+09  5.247060753408880e+05 -1.731243083443367e+06
  1.258770740842788e+09 -1.659962991525048e+06 -1.934738356556935e+06
  1.264095736616956e+09 -1.100923923638144e+06 -2.747825192182213e+06
  1.262234094676907e+09  1.129443050152142e+06 -2.882781369946649e+06
  1.264445867628892e+09  5.388547508494790e+05 -5.028939238851713e+05
  1.262569435496418e+09  1.614151250738624e+06  1.396677015011063e+06
  1.264421871963227e+09 -4.817061826756740e+05  2.178479260314896e+04
  1.261456590004225e+09 -1.560375146837959e+06 -5.929096742072090e+05
  1.263617644072424e+09 -8.850970439091120e+05  1.306075977110265e+06
  1.265815930888855e+09  2.726786233147420e+06  2.019277869425728e+06
  1.261140505130868e+09  1.726312566507543e+05  3.116800951358086e+06
  1.263249414513952e+09  6.311057398088353e+05  2.655317764463319e+06
  1.265708850841211e+09 -6.059217364124744e+04 -5.281161037623207e+05
  1.264412313301428e+09 -6.231576763092703e+05 -1.257776154242272e+06
  1.264339941470804e+09  7.732604479290539e+05 -3.462291056674875e+05
  1.263771025852827e+09  8.027067540860390e+05 -1.759367552985344e+06
  1.263939994014714e+09  1.298736491452773e+06 -9.952054138263618e+05
  1.265419860954888e+09 -3.104044899186070e+06  1.071494620036482e+06
  1.265163586296446e+09 -2.702412949269534e+06  2.369049936782971e+06
  1.265954632808730e+09  1.527738302748338e+06  6.595294232842412e+05
  1.262800323034941e+09  1.079232647776926e+06  9.240312147955522e+05
  1.264606828078582e+09  2.754230314934335e+06  1.908717642744554e+06
  1.262470668296710e+09  9.541833380199544e+05 -5.098487088596930e+05
  1.264312132449797e+09 -1.191291454632257e+06 -1.947365751118080e+06
  1.265313367360109e+09 -2.483511854767306e+06 -6.782174882997873e+05
  1.262071003293928e+09 -3.079722550952086e+05  1.472786001394216e+06
  1.262550640043129e+09  5.774946273686092e+05  2.718927844801872e+06
  1.264383072378861e+09 -4.306307291968652e+05  7.429893142631818e+05
  1.264754865288081e+09  6.358445228242147e+05  2.623739932616828e+05
  1.263319604744352e+09 -2.371142225253514e+06  1.596098575367669e+06
  1.262367631507164e+09  1.315200076632219e+06  2.775619950973827e+06
  1.265667257899845e+09 -8.179889159235335e+05  2.761602391805266e+06
  1.262029578544983e+09  5.172728714935047e+05  1.534959097447255e+06
  1.263546568721016e+09 -6.386536403469919e+05 -2.240969714489339e+05
  1.263935044535029e+09 -3.353363527840131e+06  7.921781886900961e+04
  1.262109297374300e+09  2.633372694027395e+06  1.298116488040637e+06
  1.261345445002854e+09 -3.670964871871499e+05  6.743522579182987e+04
  1.268122589959989e+09  1.362786635174145e+06 -1.999822075132627e+06
  1.263690904478303e+09  1.303689167863069e+06 -1.654566038509317e+06
  1.263043726220749e+09  1.291913242817127e+06 -1.656458523166543e+06
  1.264623863145942e+09 -2.034963272749037e+05 -1.457486093089727e+06
  1.262777366559266e+09 -2.341549769016611e+06  1.078706672982813e+06
  1.260379810935100e+09  1.788793286963888e+05  2.824435416260772e+06
  1.259633732520274e+09 -1.190892620719422e+05  2.490905842426477e+06
  1.262645226586807e+09 -2.300462825138867e+06  2.042457132746323e+06
  1.266996293675065e+09 -2.298391272984188e+06  2.463118684984000e+06
  1.261164047298575e+09  1.852695392682931e+06  3.244332792253097e+06
  1.259822742677365e+09 -8.348055558756609e+05  9.240706863392474e+05
  1.262437733234371e+09 -6.246592624975720e+05 -1.348782964316369e+06
  1.260474628894005e+09  1.309371080696243e+06 -7.371432738995156e+05
  1.262751402881637e+09 -1.688747957649825e+06 -8.564244325828989e+04
  1.260183340207669e+09  1.396411265200003e+06 -2.187077533768365e+05
  1.264505724582947e+09 -2.689693789362541e+06  1.779317595468770e+06
  1.258363173544681e+09 -1.081148719161218e+06  2.355914878701429e+06
  1.265806962804474e+09  9.317594465157103e+05 -3.495305301301358e+05
  1.265782056331041e+09  1.323597339723540e+06 -2.578549046586516e+06
  1.262795573637163e+09  3.540759408651259e+06 -2.380763990245115e+06
  1.262772606192713e+09 -2.905459785207598e+05 -1.199492947615038e+05
  1.264135453645252e+09 -1.414904917533934e+06 -1.470799639247931e+05
  1.263991589222904e+09  2.192756099500388e+06 -9.700599581772871e+05
  1.261244747595929e+09 -2.068309989564432e+06 -2.764394099049790e+05
  1.263028157597079e+09  2.470950776236400e+05  1.779834847702791e+06
  1.261460530781800e+09  1.699510066802448e+06  2.833585097383589e+06
  1.261285809328563e+09  1.528756655959753e+06  3.336178153233579e+06
  1.263362907262002e+09 -2.779405629206853e+06  1.754753779471180e+06
  1.265326975449858e+09  1.638908262251492e+06 -1.165837344270343e+06
  1.260958811577890e+09  7.720711683344916e+05 -4.283621090407112e+06
  1.259537756346406e+09  8.423273638943920e+05 -3.993535085093972e+06
  1.266331948982933e+09 -2.631856335976749e+06 -1.333236637667013e+06
  1.262559802062672e+09 -1.587790316573750e+06 -5.395626760538867e+05
  1.263660875639497e+09  3.824851485021177e+06  7.404854829012712e+05
  1.265599045554000e+09  7.863031754160683e+04  3.466160597156029e+06
  1.260287687054781e+09  5.131165392829939e+06  4.354474175094860e+06
  1.262942612265329e+09  3.190828347707052e+06  2.330616378050304e+06
  1.262478513166685e+09 -3.087389563253528e+06 -1.272727834465612e+06
  1.266626834124390e+09  3.648971190258838e+06 -2.571526988286709e+06
  1.260352004087032e+09  3.461308197956728e+05 -1.288497350130331e+06
  1.261501315926994e+09  1.470406737283496e+06  6.427225874461392e+05
  1.264448512793757e+09 -1.093989718916677e+06  1.572651331344624e+06
  1.266010188077972e+09  2.534937707121927e+06  2.138004461450703e+06
  1.267412323033607e+09 -4.078661367540022e+06  2.040022612256254e+05
  1.262759657854221e+09  2.136426636611668e+06 -4.383436342917936e+05
  1.264865402677344e+09  1.646741335655555e+06  3.069735421773499e+06
  1.264789395161163e+09  4.210547632692107e+05  3.325109444968376e+06
  1.262319704636299e+09  1.009861758844411e+06  8.302351454574341e+05
  1.265520586698965e+09  1.221970177640339e+05  1.023242008225250e+06
  1.265076170021341e+09  4.461489309255967e+06  2.493692339176973e+06
  1.263681445158822e+09  4.923230375010021e+05  1.625549372137297e+06
  1.261228358516844e+09  3.951508848882108e+06  1.852921678863973e+05
  1.261203434908905e+09  2.496731837206314e+06 -1.075900571305122e+06
  1.264131316105217e+09  4.271186084549448e+05 -1.552220139572436e+06
  1.263840869993985e+09  1.432689191523355e+06 -8.679832328270944e+05
  1.259956137409641e+09  2.039681807686426e+06 -2.154872861748365e+05
  1.261605024810245e+09  1.515656025429576e+04  8.582233927589413e+05
  1.262996720448316e+09 -1.866886293727552e+06  1.972214030695351e+06
  1.260178164937742e+09 -2.121989420074156e+06  2.387250912878015e+06
  1.260700751012283e+09  1.675551377786878e+06  2.077845209540685e+06
  1.262094493234107e+09  1.951471681933971e+06  2.130877509589334e+06
  1.262786089170932e+09  8.743386318781336e+05 -2.874359715320705e+04
  1.264562543119145e+09 -1.118328877592701e+06 -1.235999630609161e+06
  1.263763851395555e+09  2.243153454120876e+06 -9.184174338257522e+05
  1.262132661762645e+09  1.607827811108860e+06 -1.060710267968268e+06
  1.262371697946771e+09  1.096317086205926e+06  5.002231061249339e+05
  1.262897597751390e+09  1.941354436131626e+06  1.743668242731268e+06
  1.266822914778021e+09 -3.557494873149262e+03  2.564503017266114e+05
  1.260999009942399e+09 -2.987987301903978e+05 -5.592854517801844e+05
  1.263001555659903e+09 -3.142115837181858e+06  3.901753918520953e+04
  1.263195945308549e+09  2.014145714304446e+06  1.073229126452881e+05
  1.264618158950131e+09  1.146760577277509e+06 -3.277249974340013e+05
  1.264045322944600e+09 -3.259075022630220e+05  5.773993137368024e+04
  1.258879079652147e+09 -2.057954991671769e+06  6.158300606471382e+05
  1.263503162641385e+09 -8.378676853290144e+05  2.269643324381933e+06
  1.265276953322957e+09  1.942611830047864e+05  1.922314412238223e+06
  1.262435623893106e+09 -1.181555199492611e+06 -1.693535625572732e+05
  1.264499540174502e+09  4.703215280811726e+05 -8.479655051602884e+05
  1.264500905962786e+09 -6.891486858087106e+05 -7.055855622036482e+05
  1.261823695571732e+09  1.182646996432874e+06 -2.458615604935570e+06
  1.260516066791353e+09  2.465194475665870e+06 -3.130307060280476e+06
  1.267370986106387e+09 -3.688820914835086e+06 -1.935607129520542e+06
  1.265250161047032e+09 -2.095631577582010e+05 -5.286944868055745e+05
  1.266700582531437e+09  5.558513680153098e+05  1.007932134851741e+06
  1.260925679055100e+09 -1.979833684438911e+06  3.353092511163565e+05
  1.258419570804698e+09 -3.095289765049546e+06 -1.792522943647084e+05
  1.261289403078996e+09  3.762204412791826e+06  1.073609659189989e+06
  1.264644177951200e+09 -2.732381510017007e+05  8.989331143708783e+04
  1.265853049501895e+09 -1.329232142382280e+06 -9.300921776466414e+05
  1.261721651307217e+09 -2.237271436065763e+05 -8.782550274225611e+05
  1.262022805540796e+09 -1.218800512313442e+06  8.271936805484102e+05
  1.264345423114094e+09 -1.005830853533285e+06  4.613879453961857e+05
  1.263616505180880e+09 -4.057958268996111e+06 -3.305784326766679e+04
  1.260822962534135e+09 -9.962131485668488e+04  1.181872907411363e+06
  1.263288357578346e+09  6.209045723693089e+05  2.960300950782415e+06
  1.257649733619675e+09  1.138447547493060e+06  3.697793445190473e+06
  1.262517881243752e+09  2.375229240389949e+06  4.323644254714292e+06
  1.261272715306562e+09 -4.313398298651616e+06  3.557650920257288e+06
  1.262058049409447e+09 -1.919674255122181e+06  2.044525009506016e+06
  1.263244893843345e+09  6.347875956979452e+05  8.645823410753773e+05
  1.261813951914915e+09 -4.869586169931585e+05 -1.721304149357830e+06
  1.260191640072817e+09 -8.601019507953848e+05 -3.828023390427014e+06
  1.263938273771266e+09  9.958920475229262e+05 -2.732548913670690e+06
  1.263852612559091e+09 -1.042581945063807e+06 -2.842105510663458e+06
  1.264363354752433e+09 -2.044598484876433e+06 -3.453849358437544e+06
  1.263336964660667e+09  1.834217696489221e+06  3.567591568202234e+06
  1.265108104116993e+09 -1.026484766603488e+06  5.828785395396799e+05
  1.263402337452068e+09  1.747529072237237e+06 -3.519496607245123e+06
  1.260584805742285e+09 -3.265870038761626e+06 -3.879124273918259e+06
  1.265369864770194e+09  6.061257223867563e+05 -1.483319859256133e+06
  1.262704788405674e+09  5.282315498705136e+05  7.073735814169614e+05
  1.260570153548903e+09  2.300506857020403e+06  1.517721931245257e+06
  1.258650284549219e+09  1.238533682187659e+06  1.883972143313818e+06
  1.264870551898814e+09 -2.374215824411068e+06  1.387078906923313e+06
  1.263789073630810e+09 -7.233202773460646e+05  1.381066500183514e+06
  1.264033890129319e+09  1.476063596143453e+06  2.036966020834173e+06
  1.264984221170339e+09  1.339901932615014e+06  6.607924056477783e+05
  1.266098358177597e+09 -6.368130621532269e+04 -7.613162187437657e+05
  1.261745966861305e+09 -8.374802389606432e+05 -6.229038532926138e+05
  1.261988308689194e+09  1.978427814000350e+05  1.290803537362231e+06
  1.259542706070472e+09 -2.462942619952476e+05  3.321974236430848e+06
  1.260785752103253e+09  4.106668298551395e+06 -5.909515139102835e+06
  1.264732143396260e+09  7.019066161185181e+05 -5.998819943512731e+06
  1.266648383735379e+09  3.208358902815459e+06 -2.248754943541030e+06
  1.260704834793340e+09 -9.812939248584326e+05  6.317611286847958e+05
  1.262572347145065e+09  5.376222946044060e+05 -4.919662834583785e+05
  1.263523053163718e+09 -3.192738557529952e+05 -1.450322066287514e+06
  1.261656066842251e+09  2.265506716801478e+06  7.832052039176534e+04
  1.261596885281428e+09  9.719947819600811e+05  1.708146864370322e+06
  1.263322198876755e+09 -2.592364850628706e+06  2.947837033606390e+06
  1.264334419450266e+09  1.018229064218361e+06  2.737335732326319e+06
  1.261729215476567e+09  3.248852994922528e+06  1.229347155439455e+06
  1.262934271085447e+09  1.296937511171795e+06 -1.916184532049166e+05
  1.262204049567781e+09  2.169435801873055e+06  4.179002149843338e+05
  1.263434252326928e+09 -1.097011711280929e+06  9.472589460935679e+05
  1.261206808783197e+09  7.595363280494109e+04 -1.086179345812520e+06
  1.264069646090136e+09  2.268639225844497e+06 -3.446752995960540e+06
  1.263578785170836e+09  5.767211357062643e+06 -3.413217498997572e+06
  1.261994538981355e+09  1.226395147625745e+05 -2.975027783987000e+06
  1.261970656316746e+09  2.273162532624899e+06 -3.357574778401692e+06
  1.262095301499980e+09 -1.361263896639555e+06 -3.745541548500409e+06
  1.261353056069512e+09 -5.553518974787588e+05 -1.863572853898438e+06
  1.261808693751638e+09  9.302841528341579e+04  7.994597094921317e+04
  1.264024078459311e+09  1.229056519393826e+06  6.096925071639798e+05
  1.266683077190397e+09  2.934552535062449e+05  2.071149778235652e+06
  1.261520074071811e+09 -3.536841282577460e+06  2.821600943367354e+06
  1.259558172772972e+09 -8.564852817516349e+05  4.277671536536417e+05
  1.264612816913832e+09  2.256000383067132e+06 -3.695340435950400e+06
  1.260299553851442e+09 -1.875168587816182e+06 -4.144519877444258e+06
  1.267151176110090e+09  4.682077528339241e+06 -9.161602459622159e+05
  1.263995220765253e+09 -2.339483712324065e+06  2.119990377192973e+04
  1.261396207369740e+09  1.302351298882998e+06 -1.258308290269497e+06
  1.263327735716488e+09  2.722583803802910e+06 -2.807854249628314e+06
  1.261828116919800e+09  6.893379908548990e+06  2.268509178119943e+05
  1.262352818913710e+09 -1.919346808833110e+06 -4.978170915785216e+05
  1.261530856560988e+09  1.888664750139300e+06 -1.306588248262250e+06
  1.262597169631346e+09 -2.699660693758182e+06 -1.213366398217364e+06
  1.265347654337441e+09 -2.419112826418182e+05 -8.278814301891387e+05
  1.265416311375738e+09 -9.634211679488063e+05  3.699946675801957e+05
  1.264505429552624e+09  5.215159589062088e+05  2.010596129126092e+06
  1.262982296846506e+09 -1.496107100119926e+06  1.558736531944816e+06
  1.263980763165514e+09 -2.763490262525686e+06 -9.049119190336701e+05
  1.261781760567452e+09 -4.972894188859472e+06 -3.484305595592141e+06
  1.266991054697501e+09 -4.323414134451246e+05 -3.238500966736404e+06
  1.266076838083274e+09 -6.062374723854061e+06 -7.514944246893700e+05
  1.262175236344843e+09  3.159287947551470e+06  2.808226383105834e+05
  1.264872990182592e+09 -1.692731440600256e+06 -7.924597975978350e+05
  1.264980476183349e+09  3.028525044903339e+06 -4.894977787131090e+05
  1.262001928412517e+09  2.233081397459081e+06  5.616014504647092e+05
  1.267985445493760e+09  4.359951456997593e+06 -1.914984127737812e+06
  1.260491451586974e+09 -3.207260747617092e+05  7.768316166720241e+05
  1.264682382560764e+09  8.779437275430143e+05  4.890734803388015e+05
  1.267907216962310e+09 -1.917026421236042e+06 -1.294763703571085e+06
  1.263162393041695e+09  2.913019718925479e+05 -9.747396693686093e+05
  1.262057910398232e+09 -5.101908271855644e+06  3.991763516600675e+05
  1.259169223188391e+09 -9.085187975259108e+05 -4.706505285464915e+05
  1.262374375051828e+09 -2.889318980874098e+06 -1.524884883329976e+06
  1.260723419602845e+09 -2.709969537454820e+05 -1.560548869394434e+06
  1.264501552771005e+09 -5.194457155865623e+06 -1.322783552166119e+06
  1.265347020446608e+09  1.342831023446311e+06  3.239589800047787e+05
  1.264940194459178e+09 -5.897570841766478e+06  1.282151743603959e+06
  1.260992586138829e+09  2.534512237901159e+04 -3.660359778796191e+05
  1.261996007619771e+09  1.652481283756584e+05 -7.821895764190116e+05
  1.264942631998832e+09  1.676280632748852e+06  5.496167421589359e+05
  1.261883170594092e+09 -2.199341603820294e+05 -1.457847966873307e+06
  1.264111278427330e+09 -1.193065867833680e+06 -8.421374195223120e+05
  1.262869947675941e+09  9.632862436586807e+05 -1.371590753296062e+06
  1.263143420375226e+09 -5.678445369271578e+04 -1.477608265659453e+06
  1.264005884939950e+09 -6.424383892445142e+05  1.060503504465686e+06
  1.263680555827550e+09  3.930653400958574e+05  2.951730385368141e+06
  1.260367934928077e+09 -5.392998956934881e+06  2.390907118517764e+06
  1.263183518905481e+09 -1.935014070725042e+06  5.563476394166730e+05
  1.260862660925076e+09 -2.427985752759336e+06 -4.807718354705611e+04
  1.260225887872815e+09  5.271241378598578e+05  3.559317592209067e+05
  1.264412454641982e+09 -9.283037304412045e+05 -3.835642657318375e+05
  1.262979954711427e+09  3.289412143666316e+06  1.056295158219195e+06
  1.265928605737371e+09 -2.328156190886837e+06  3.053409508735095e+06
  1.265760793415277e+09 -1.566497136453547e+06  2.049507547903580e+06
  1.261813015358054e+09  1.109744430474658e+06  1.639221594674546e+05
  1.263049558633917e+09  4.317740188946463e+05 -1.104895331059748e+06
  1.265782986670299e+09 -1.590816300110012e+06 -1.320338614724020e+06
  1.262136877254324e+09 -4.513263626156362e+06  4.083451364661372e+05
  1.261502252479562e+09 -2.290280142188450e+06  2.497939165341073e+06
  1.264233352835952e+09 -4.394305422090952e+05  1.489756773192182e+06
  1.261502035813963e+09 -4.367206352958253e+05 -5.576888926228377e+05
  1.263003500479121e+09 -6.083669848178148e+05 -1.780622181478887e+06
  1.264011183704377e+09 -1.959264581116878e+06 -1.225185417208834e+06
  1.260309565804123e+09  2.803834083148411e+05  1.164251071950242e+05
  1.262773752719320e+09 -1.523035696796717e+06  1.469708448020068e+05
  1.262139192674448e+09 -1.409443783789870e+06  7.853009689990731e+04
  1.263771252470141e+09  2.308563481457442e+06 -1.582405602552928e+06
  1.260306524900856e+09  1.061816201330339e+06 -2.845599729829158e+06
  1.264505640967366e+09  1.474409010728499e+05 -5.949822522346701e+05
  1.264058067005782e+09 -1.639134524889810e+06  5.730411182138158e+05
  1.264336521547138e+09  7.371425952097625e+05 -1.475726514082907e+06
  1.264084451579435e+09  1.362623453372420e+06 -3.145401830768299e+06
  1.264585278708981e+09 -6.458087294031802e+04 -2.314446841548497e+06
  1.264552397967088e+09 -3.290726393818549e+06  4.184290295600129e+05
  1.262591502772790e+09 -3.062128273328877e+06  1.692222062203789e+06
  1.263226288061729e+09 -2.812092270439464e+05  3.134018954343073e+06
  1.261895792357938e+09  5.767569360832276e+03  2.651691832871799e+06
  1.263961195972765e+09 -1.924441496877455e+06  2.353138925586318e+06
  1.260416014808291e+09 -1.103312793407375e+06  2.406235871086952e+06
  1.264619305445309e+09  1.400563883878174e+06  1.574215483006007e+06
  1.266722425787874e+09 -2.370149238798710e+05  2.336180431498347e+06
  1.262777208587362e+09 -1.906384950510915e+06  1.012861275212859e+06
  1.261098507247817e+09  1.728295619166389e+06 -1.664392780192406e+06
  1.263927129501615e+09 -1.627773419129603e+06 -2.151055968402141e+06
  1.263200733621859e+09 -4.276705995426388e+05 -9.851397960127171e+05
  1.260173492974890e+09 -1.649860661175470e+06  1.220576922143726e+06
  1.265143675480124e+09  1.423942705122879e+05  1.377386315257457e+06
  1.262810015280823e+09  1.884538383342959e+06  7.839462217729921e+05
  1.264305637271031e+09  7.441107341977687e+05  5.319469065108944e+05
  1.265951650949469e+09 -1.771345304505532e+06  6.354695813466066e+05
  1.262923510620322e+09 -1.109311321404852e+06 -9.942922246061235e+05
  1.263484765862847e+09 -2.441086394191466e+05 -5.305036171103852e+05
  1.264485121138365e+09 -2.868601204159719e+05 -3.249388370137115e+05
  1.265825132584899e+09 -1.207799614329409e+06  5.409738542991795e+05
  1.264152818021070e+09 -4.169554609184901e+05  2.126973908621662e+06
  1.262967505080990e+09 -7.982221208111963e+05  1.449076705610794e+06
  1.264308458160174e+09  3.176128510283941e+06  9.245624811647653e+05
  1.261764836435705e+09  2.120524127260930e+05  1.575025721954749e+06
  1.262328392099714e+09  1.053853212524648e+06  1.016077576358725e+06
  1.264126696899031e+09 -3.564008457842492e+06 -1.095511601121348e+06
  1.263227712501882e+09 -3.683453379945679e+06 -7.785635025827140e+05
  1.261473683833060e+09 -2.501418475037422e+06  2.054026496555188e+06
  1.264127524686838e+09 -1.511154913486167e+05  3.983015760628083e+06
  1.263441424164958e+09  6.845081452773361e+05  3.862464024230422e+06
  1.264473437023015e+09  1.346863648293442e+06  2.538186003194469e+06
  1.264182339144220e+09 -1.781738614922306e+06 -1.364047107284171e+06
  1.264088646831707e+09 -2.375493381350909e+06  4.439439213168711e+05
  1.262383128036472e+09  7.275983998305216e+05  2.051697877526609e+06
  1.263810709099142e+09  3.399427152664843e+04  1.146619827254713e+06
  1.262059095970732e+09  6.798296283171667e+05  8.132368295450510e+05
  1.263344397635928e+09  2.374810098037520e+05  1.512299059139309e+06
  1.263470141693598e+09 -2.101958357216659e+06  4.730926007790797e+05
  1.268361675903272e+09  4.342781760044506e+06 -4.993917581132468e+05
  1.263618346296569e+09  1.415465607420650e+06 -2.562945906062171e+04
  1.263289084182850e+09  2.751480159211050e+06 -2.897416940547055e+05
  1.264736218923840e+09 -2.460328892228385e+06 -9.550358499920168e+05
  1.260807296162620e+09 -4.190769569802581e+06 -1.150167397158403e+06
  1.263949972512360e+09 -3.060417448495767e+06 -2.307417770009767e+06
  1.263912973187001e+09 -8.074752014086164e+05 -2.022384780601140e+06
  1.262104578220480e+09  1.077882751558990e+05 -2.795279583280256e+05
  1.264588516173674e+09  1.211344142269298e+06 -7.348080146057856e+05
  1.263477242603545e+09 -2.851685432820454e+05 -3.093739234856508e+06
  1.260807273616988e+09 -2.674002853941877e+06 -1.088097807147156e+06
  1.263396171798491e+09  2.716107823358240e+06  1.724759660179986e+06
  1.260746964822541e+09  1.193551571334594e+06  2.176745437135270e+06
  1.264104727424307e+09  1.433065417968805e+06  3.146820664378534e+06
  1.260151477198756e+09 -1.760639783144084e+05  2.696279512503718e+06
  1.263496710658282e+09 -1.968385415087293e+06 -7.388422167362110e+05
  1.262053274649550e+09  1.657300361213254e+06 -2.406405565832515e+06
  1.266449136584701e+09  4.010346924406177e+05 -6.219185533191483e+05
  1.264922708148897e+09  2.957111230990015e+06  1.791064438227578e+06
  1.263932783158603e+09  8.112505075377011e+04  2.745802737478739e+06
  1.262319394362519e+09 -1.774229946630862e+06  1.644067465209089e+06
  1.264260485236034e+09 -1.973997725169209e+06 -1.147006199583890e+06
  1.265599317362764e+09 -7.895459790688617e+05 -2.491614454735552e+06
  1.261278168872892e+09 -5.060762953745379e+05 -1.089944691812120e+06
  1.263168471210336e+09 -3.544550496463404e+05 -1.396106859630686e+06
  1.264577938998746e+09  1.144777692851653e+06  7.980640548795847e+05
  1.261232944618054e+09 -6.142935814233457e+05  2.622056887609027e+06
  1.264445793763404e+09  2.754290344934615e+06  4.130623193240573e+06
  1.262625113595098e+09  1.170667695769057e+06  4.752699310224509e+06
  1.260439070222806e+09  1.041226154490183e+06  4.308834415444363e+06
  1.259255849272367e+09 -4.974107354515239e+05  2.256285150010218e+06
  1.263533476177083e+09 -1.100544809071638e+06  7.470106328500080e+04
  1.261776015348623e+09 -5.001891461382960e+05  2.315302914971071e+05
  1.263060262356963e+09  1.286294913325311e+05  8.786915614274432e+05
  1.263870396048506e+09  1.299133289858747e+06  1.685720343599171e+05
  1.261192209404207e+09  7.764100995613310e+05 -3.885863572726299e+05
  1.263504733058765e+09 -2.120076275416751e+05  6.493881263625654e+04
  1.263945715708376e+09  2.212781710420726e+05  9.347189800225871e+05
  1.262630932839895e+09 -5.427685589879564e+05  1.684067496869755e+06
  1.258920737913277e+09 -9.192448594734669e+05  1.442529813285475e+06
  1.261231871730075e+09  2.706915191257472e+05  3.994267411056267e+05
  1.263780099527729e+09  4.550335411087980e+05  1.848379896750520e+06
  1.265738033734932e+09 -1.510825788080815e+06 -1.191453629450925e+06
  1.266516072798336e+09  1.785174084095217e+06 -2.183804371929337e+06
  1.262675412418109e+09  2.036294682240372e+06 -1.240397650704894e+06
  1.264733345416368e+09  8.308118113075231e+05  2.983254904738945e+05
  1.264554787692687e+09 -8.142797920546059e+05  2.430107988094807e+06
  1.261670084334021e+09  1.114202876449957e+06  2.219345611035181e+06
  1.266021906380046e+09  2.182790654191746e+05  2.071384781173937e+06
  1.265469776620852e+09  2.259129614694665e+06  3.823030166747956e+06
  1.261992111375543e+09  1.581918341913247e+06  3.552392061905110e+06
  1.260177403765767e+09  2.157824492592459e+05  2.406547651220644e+06
  1.261534670670357e+09  1.013115059270305e+06  7.563656795017147e+05
  1.262969287285850e+09 -1.628919679926028e+05 -2.049964441222769e+06
  1.265343128547681e+09 -4.247801641383672e+05 -1.349765103166957e+06
  1.260454896468824e+09  2.692212625363654e+05  1.668642934323390e+06
  1.260076103806950e+09  9.115937668962076e+05  3.001868810046477e+06
  1.260641712065401e+09 -4.780299846802098e+05  2.487077577081363e+05
  1.261750723834971e+09  1.399276591021014e+06  1.061347556467042e+06
  1.261569136239954e+09  4.385949751441903e+06  1.342194908834545e+06
  1.262402803038129e+09 -1.118747804422311e+06  3.354431004312869e+06
  1.260637314988462e+09 -5.312003918383031e+05  4.794667018453432e+06
  1.262994043807958e+09  7.534383359829721e+05  2.974405962654324e+06
  1.262457545092986e+09  2.244064327517014e+06  1.619164452863642e+06
  1.262419826487693e+09  6.880637772466796e+05  3.122218784657581e+06
  1.261407702753626e+09  8.177522027766095e+05  3.622072247297962e+06
  1.265390520700293e+09 -1.588147633643100e+06  1.566813708010023e+06
  1.264760423414126e+09 -1.113947673805928e+06  6.519653129886683e+05
  1.263686389418493e+09 -1.982795910854333e+06  7.842693636543489e+05
  1.261007604507016e+09 -2.809966715554964e+05 -4.264358664526262e+05
  1.262353423894838e+09 -1.675006245972932e+06 -1.128246802738014e+06
  1.262379814319799e+09  4.699535475628467e+05 -2.811154065656944e+05
  1.263855333165008e+09  1.520461832211179e+06 -1.640191518896000e+05
  1.259341818829406e+09 -5.350057635782113e+05 -7.020940021350113e+05
  1.261844139868545e+09  8.393724212636622e+05  1.168568789283087e+06
  1.263728018336055e+09  4.285448114716404e+06  3.731785866964481e+06
  1.265589426345978e+09 -1.529851275939078e+06  3.265044410942999e+06
  1.262793291760549e+09  2.508327164089818e+05  1.372607718153179e+06
  1.262357107189741e+09 -1.865463078342366e+06  2.019132401217720e+05
  1.261079821059131e+09  1.630698739152491e+06 -2.523547388083826e+05
  1.261406791720688e+09  4.953304984389374e+05 -3.025304154814155e+05
  1.266702680497442e+09 -1.555230828332224e+06  2.001514483009275e+06
  1.262580768671415e+09 -1.674834778880460e+06  2.696031533129481e+06
  1.266130259283045e+09  2.397113490656380e+06 -7.634001779461200e+05
  1.263560722591584e+09 -1.670516198235226e+06 -2.128206172118048e+06
  1.260437410394234e+09  5.505100304870987e+05 -3.374303021663847e+05
  1.261345171556831e+09 -1.212945929889128e+06  2.337899385382640e+05
  1.262629177082813e+09  5.422310626627548e+05 -1.194943560201611e+05
  1.262832382241697e+09  2.197315838750907e+06 -2.034768333665452e+05
  1.263737123465788e+09  9.633331841187224e+05 -1.240845560837805e+06
  1.260942502181381e+09 -2.156403992104833e+06 -3.882951103751897e+03
  1.264061632448045e+09  1.222264119389197e+06  1.618887383219433e+06
  1.261066209849617e+09 -1.831453350282619e+06  2.195359083111695e+06
  1.263546620964161e+09  2.052948657053249e+06  1.846478584325296e+06
  1.262915962121192e+09 -2.526723020789712e+06  1.707015591562115e+06
  1.257762196121990e+09  2.673657487035264e+05  3.143707781718639e+06
  1.262201444238834e+09  2.470510400743849e+06  2.391208820910213e+06
  1.262444095036425e+09 -3.918716354099046e+06  4.718292423499576e+05
  1.261775912261954e+09 -8.353453033481104e+05  2.246898271227344e+06
  1.262455938292970e+09  9.732426094728304e+05  4.280512687715403e+06
  1.263917259660532e+09 -1.941604405642733e+05  3.562552964847239e+06
  1.259087600528259e+09  6.152001638780917e+05  2.731237909851431e+06
  1.261257050426434e+09 -7.855174300147973e+05  1.861377011492793e+06
  1.261955373217423e+09  6.181768558165295e+05  1.375690578763054e+06
  1.262567143576968e+09  1.910302347533048e+06  2.669698150586833e+05
  1.262526617526989e+09  1.396332351384777e+06 -3.012629385419954e+06
  1.265083974909124e+09 -2.384375728074710e+06 -1.681838251748788e+06
  1.264966535155447e+09 -2.946803559161109e+05  6.020883100506867e+05
  1.262185328150876e+09  3.016894184943277e+04  2.366978216167144e+06
  1.261594124497786e+09  4.039283255605239e+06  3.410158817098021e+06
  1.261078533297988e+09  4.450757394702767e+04  3.328498972401584e+06
  1.261545816937612e+09 -1.602115798953997e+06  2.329498140814184e+06
  1.259244484562823e+09  3.821599584678447e+06  1.261311835521521e+06
  1.264401621301535e+09 -2.780949434222551e+06 -3.120421400104271e+04
  1.266131797671888e+09  6.906764323806249e+05 -5.455734661346148e+05
  1.261883396010654e+09 -1.293347082576517e+06  7.588198255532524e+05
  1.264248447960839e+09  1.456976074747322e+06  1.142626836465870e+06
  1.265118587924518e+09  5.520240537346123e+05  7.623437836416747e+05
  1.261796566549875e+09  9.464444654224699e+04  1.945757166792100e+06
  1.262429401750337e+09  4.457105442915193e+05  8.992379972870194e+05
  1.259334043943482e+09  1.921050664483875e+06 -2.099448034441964e+06
  1.261949315275640e+09  4.493937857523620e+05  4.493166607785320e+05
  1.262950172725643e+09  1.245586523325423e+05 -7.033125276748491e+05
  1.265287526383991e+09  6.552202291381181e+05 -1.671426347450794e+06
  1.260538134871588e+09  1.211723417159362e+06 -8.514028913674703e+05
  1.262878142137143e+09  2.967279913506488e+06  3.961590074019723e+05
  1.265307238768052e+09 -2.722651746979365e+05  1.532371447646233e+06
  1.262266459972838e+09 -3.408874462132916e+06  2.084159356565625e+06
  1.261404602131485e+09  3.000180581735447e+06  2.618233626333390e+05
  1.261666693276216e+09  4.932614545234907e+05 -1.847538559746287e+06
  1.263029123590952e+09  1.487834699152550e+06 -2.291474317769703e+06
  1.262073592190101e+09  4.541781405153692e+05 -1.543392530095569e+06
  1.262903287514647e+09  4.130356177177796e+05  2.710655905769402e+05
  1.262026228324073e+09 -4.730900066881853e+05  4.405970717904104e+05
  1.264064008506947e+09 -3.556919485976980e+05  1.037595889643106e+05
  1.261781422859906e+09 -1.048790400041899e+06  8.323672727865835e+05
  1.263487860159904e+09  2.859509897519087e+06  8.174116790216865e+05
  1.261933840421089e+09  1.376736137870772e+06  4.297697948943938e+05
  1.262805188509011e+09 -3.986337387267691e+05 -2.173720254503438e+06
  1.262319648695614e+09  3.433870372389357e+05 -2.578165124840740e+06
  1.261028414448221e+09  1.048417614093469e+06  1.161054749980712e+06
  1.261777821858823e+09 -6.785848013980385e+05  2.771944276456386e+06
  1.259997705953138e+09 -4.505952783985152e+05  1.990234411355800e+06
  1.263078326199269e+09 -1.994382645671735e+06  1.869063308497619e+06
  1.266323878175802e+09  3.653870337812578e+06  4.526245680424180e+06
  1.264398812648015e+09  1.681256798665703e+06  7.034881930091233e+06
  1.258427646594043e+09  2.809344818793719e+06  6.227561367429409e+06
  1.265103763951174e+09  3.182479859371388e+06  4.144580773692193e+06
  1.262420377520835e+09 -1.078007534731837e+06  1.639430477122185e+06
  1.267867637765100e+09 -1.387004114285641e+06 -2.054831177029220e+06
  1.264881049537161e+09  5.484601566194837e+05 -3.507613109654779e+06
  1.261820450707720e+09 -2.737419088767885e+06 -2.468097629759386e+06
  1.262768883707401e+09  2.011744109626247e+06 -7.140471701526903e+05
  1.264879589798476e+09  1.379445618075640e+06  1.623245030916095e+06
  1.263650036521124e+09 -4.130860262543606e+06  3.637034547031961e+06
  1.259876562962084e+09  1.376886600492130e+06  3.318232093977161e+06
  1.266147170533931e+09  2.836248677493823e+05  3.900131732595507e+05
  1.264482462819244e+09 -2.760516156353382e+06 -1.078381824044739e+06
  1.266249115615540e+09  9.226350726075554e+05  7.246971692812872e+05
  1.264714365779862e+09 -3.177771693912524e+05  1.937512453482130e+06
  1.265363273516465e+09  2.958714389759775e+06  3.429902117165974e+05
  1.267031040837234e+09  1.027543193037875e+06 -1.317422072566558e+06
  1.260278472636059e+09  3.663052776301760e+06 -1.688031417501627e+06
  1.265829433405676e+09  2.590686204283155e+06  1.031575926263699e+05
  1.264167140968179e+09 -2.002048423162146e+06  1.478876553956332e+06
  1.261768331119732e+09 -4.427248471061978e+04 -9.632124646768778e+05
  1.264500099818448e+09  2.574347674941163e+06 -3.511393009494545e+06
  1.265386671077316e+09 -8.660745717714978e+05 -2.056983869279347e+06
  1.263322209985455e+09 -1.616814901250255e+06  1.919597121853823e+05
  1.264802831039532e+09  9.692434754709671e+05 -1.364993587815526e+06
  1.262270282602067e+09 -5.475184347787851e+06  7.500936088763680e+05
  1.264226237683704e+09  2.889701140311144e+06  4.697204005620431e+06
  1.268651587991880e+09 -1.330264388789492e+05  3.002214132353945e+06
  1.261925953952276e+09 -1.280841806014861e+06 -4.757837370672000e+05
  1.264845861231967e+09 -1.734221242034128e+06 -9.957194563207153e+05
  1.258535266539938e+09 -5.994799094251359e+05  1.072775514423362e+06
  1.263341197314077e+09  1.834846158952937e+05  1.618560209216315e+06
  1.262485161460251e+09  1.544563342625205e+06  2.437132126471213e+05
  1.266790486721913e+09  2.235971650500211e+06  1.149218612520490e+06
  1.265463520779969e+09  9.507279083822430e+05  1.633546971627271e+06
  1.264469964282424e+09 -2.925614447065328e+06 -4.661967516403159e+05
  1.261679809329904e+09  8.369950691879184e+05 -1.884367810328770e+06
  1.263578493813381e+09  2.080769388092870e+06 -1.621455935208264e+06
  1.264741416799527e+09  1.589892370129079e+06 -8.026942248827319e+05
  1.261527519457683e+09 -3.619743342434589e+06 -3.173140755743602e+05
  1.264364059208957e+09  2.443582456986107e+06 -2.818619179812390e+06
  1.261731718852309e+09 -1.990202615035657e+06 -2.839298974233381e+06
  1.260845405494222e+09  9.998310946867474e+05 -8.375520652369600e+05
  1.264281066772186e+09 -6.468253067320195e+05  9.855036225789440e+05
  1.259928590559129e+09 -2.995362667728711e+05  1.527640773191423e+06
  1.265868820987656e+09 -4.508338095992849e+06 -1.287207599759594e+06
  1.262989849752513e+09 -6.863325274497205e+05 -3.956921175241682e+06
  1.261524645269308e+09  2.596171002906901e+05 -1.876058126044547e+06
  1.260686306542139e+09  1.648496641051673e+06 -2.600721376804478e+05
  1.264549502009228e+09  6.590013927592563e+05 -1.387309259118447e+06
  1.261427691346394e+09  8.334364015514089e+03 -3.129861730384340e+06
  1.265314024920307e+09 -4.822387867343070e+05 -3.099020808603398e+06
  1.263710261408167e+09  1.352867202970648e+06 -2.396529135428378e+06
  1.263307602836244e+09  1.590466845451915e+06 -2.715447278049538e+06
  1.262683460951312e+09  3.457587808839016e+05 -8.238745781152279e+05
  1.268429411627722e+09 -3.004522032758136e+06 -4.769508054778157e+05
  1.261902006892317e+09  1.869657879881264e+06  1.392204310264027e+06
  1.264765377355297e+09  2.415397991714518e+06  1.497743767063554e+06
  1.263170166233561e+09  1.363374335134994e+06 -9.614909791356998e+05
  1.262410666897949e+09 -9.083234451208294e+05  3.841687072624599e+05
  1.263476195167714e+09 -1.297241951563769e+06  3.626502778923265e+06
  1.264649808237799e+09 -3.742291557089241e+06  2.322915937247072e+06
  1.260535351758709e+09 -9.817925573183672e+05 -9.014296795471954e+05
  1.258447093403642e+09  5.617522142938937e+05 -2.697619358286914e+06
  1.262687908700535e+09 -8.069424452855199e+04 -2.749049561257960e+06
  1.262930793817460e+09 -1.199328794414508e+06 -4.386437022803689e+05
  1.261101448043772e+09 -3.541443872269632e+05  1.426425919755670e+06
  1.265816122975425e+09  1.544574798934228e+06 -3.222929699501295e+05
  1.263530621454249e+09  3.353141662901771e+06 -1.930673274282791e+06
  1.262346665726949e+09  1.071436133129344e+06 -1.205085765082070e+06
  1.265303927695037e+09 -2.882356715402874e+05 -1.206380890284882e+06
  1.264877463791610e+09 -2.601311896203911e+06 -8.450779915392976e+05
  1.263252196621161e+09  5.229670380395473e+05  1.376647873217421e+06
  1.261815199664334e+09  2.393629764026477e+06 -5.142988631842430e+05
  1.264243814421308e+09  5.045780983056480e+06 -9.475522415440734e+05
  1.263333097729610e+09  1.605625305649470e+06 -1.402221702183631e+06
  1.262976041881590e+09 -7.448065775299196e+05 -2.076667359266063e+06
  1.260478537796235e+09 -2.562315418725749e+06 -1.987882111835903e+06
  1.262746413812655e+09 -2.611186214932241e+06 -3.736479377133542e+06
  1.269633883528174e+09 -6.909361343599611e+05 -4.205410376756296e+06
  1.261291707564786e+09 -1.735940663880399e+06 -2.061691976707797e+06
  1.261925089574646e+09 -2.298629266144552e+06 -4.835703136192064e+05
  1.262142942561685e+09  8.931484819402680e+05 -2.172580636265939e+05
  1.262094512118668e+09  3.340548490620415e+05 -1.338497590889561e+06
  1.259099008101102e+09  2.671761758541554e+06 -2.020829494732054e+06
  1.266557010989094e+09 -1.083202351602071e+06 -1.460525503911340e+05
  1.261630982932539e+09  1.037103380131990e+05  2.582514526961142e+06
  1.261910764242406e+09 -1.468190557056929e+06  2.976617396029108e+06
  1.265912507221825e+09 -1.227952493832801e+05  1.953551409774521e+06
  1.262208179019248e+09 -9.260317750427237e+05  1.399254401449821e+06
  1.261211733294681e+09  3.704038328256587e+06  1.242024842480173e+06
  1.263024589755540e+09  1.899606835270745e+06 -1.052612126572583e+05
  1.263071248819067e+09  9.383986674140495e+05 -8.546225868363476e+05
  1.260966494856328e+09 -9.022264179075288e+05 -5.748609217740205e+05
  1.262493306022641e+09 -2.949689466407343e+06  1.692210077515847e+05
  1.264207906174378e+09 -1.113273692112928e+06  8.088348004311282e+05
  1.261309807566329e+09 -2.293898448194086e+06 -2.662649974140231e+05
  1.263509691887436e+09 -1.592577015692982e+05 -7.838778914625435e+05
  1.263837892228753e+09  8.651587010283745e+05  5.562184746447926e+05
  1.264139603516845e+09 -1.616011217298441e+06  7.236615021006208e+05
  1.262027712725977e+09 -8.711950219480495e+05  1.341379479890276e+06
  1.264323055856740e+09 -9.830017520667177e+05  1.425524840246310e+06
  1.260724416266491e+09 -1.056621358291451e+06  7.589579182257548e+05
  1.264289066282096e+09 -3.355710009741791e+05  2.007190030184225e+06
  1.265951915029333e+09 -7.972244194536055e+05 -8.649731014178151e+05
  1.263176692599712e+09 -3.796534442769444e+06 -1.918401781354698e+06
  1.265340005332269e+09 -2.155900198831111e+06  1.213671404362232e+06
  1.263949781009273e+09  1.193061553700309e+06 -7.012193446494123e+05
  1.263377987436258e+09 -6.998254860573997e+05 -3.213845575296372e+06
  1.262690741140543e+09  6.010040315868922e+05 -2.840094790944495e+06
  1.263783053533114e+09 -1.020944900924945e+04 -1.064791568135197e+06
  1.269338333524944e+09 -3.133230490830390e+05 -1.963919076606597e+05
  1.263378132393593e+09 -1.573668670019849e+06 -2.941208644698667e+06
  1.263264314973781e+09  1.775230687904543e+06 -3.035670585544156e+06
  1.265228410358366e+09  3.787094100055948e+05  3.339266751062130e+05
  1.260114798738305e+09 -1.868086636452381e+06  8.132570885728850e+05
  1.266643313324659e+09 -2.099350854326863e+06 -1.011995553193751e+06
  1.266871962925855e+09  1.292350081471920e+06 -2.494850294560714e+06
  1.263227935920392e+09 -3.805158679839094e+05 -2.275952662094731e+05
  1.263080401253548e+09  1.459049771141561e+05  2.596559986657268e+06
  1.265223737721680e+09 -2.300486117061527e+06  1.077067097300977e+06
  1.262868727760730e+09 -3.199630383566311e+06  1.793797509186153e+06
  1.264017893325650e+09 -4.932152195957052e+06  3.110568497610837e+06
  1.261994296368010e+09  2.362989303961849e+06  4.468145230903745e+06
  1.264335792631228e+09 -4.776657434541342e+06  1.973971609210367e+06
  1.260843261229521e+09  1.149423278386760e+06  1.487721405442109e+05
  1.260127642378047e+09  4.103185970061080e+06  7.918089226430673e+05
  1.263988405979992e+09  9.763936771673969e+05  5.319813123937583e+05
  1.264411899607926e+09  9.002781464644342e+05 -4.074105779451109e+04
  1.263992387444656e+09  1.280862917642465e+06 -1.014456375200811e+06
  1.263452920870928e+09  2.231483401043626e+06 -2.947814737111293e+06
  1.263311705111671e+09  6.559353974554146e+05 -2.017124101493622e+06
  1.265055399528754e+09 -7.627002897884601e+05 -1.338000377503079e+06
  1.266480633566969e+09  1.463694343809833e+06 -3.182479632107735e+06
  1.261284991164025e+09 -2.606324318067620e+05 -3.558319042043362e+06
  1.262503363617859e+09 -8.037157668240458e+05 -1.660095171913461e+06
  1.264993546878934e+09 -3.176623257443021e+06  3.071159834726032e+06
  1.261355113760866e+09 -1.283617318687624e+06  2.095196198197099e+06
  1.262453639994790e+09 -2.965423937679865e+06  9.333587318553498e+05
  1.258628653299496e+09  4.174339505286708e+05 -4.550575333806377e+05
  1.261540463744809e+09 -5.007334019765597e+06 -1.303731745374152e+06
  1.258695211615779e+09  5.921511614065658e+05 -2.790105274559821e+06
  1.260900739324507e+09  3.695970056267750e+06 -1.570903045510212e+06
  1.262317497036721e+09  2.340989952641292e+05  1.697865513338922e+06
  1.262796304793940e+09  2.885858793608738e+06  1.925685155042771e+06
  1.264717734248041e+09  1.543759495096171e+04 -1.328695945100460e+06
  1.263453745206801e+09  3.959633178830727e+05 -3.517021563352022e+06
  1.263037917715822e+09  9.147738821072981e+04 -3.303636674708866e+06
  1.264873039187599e+09  9.099853663064614e+05 -1.263282776249676e+06
  1.261600529060294e+09 -1.244069778591799e+06  1.101391534926767e+06
  1.261082775158419e+09 -1.707834347566793e+06  1.850926544917129e+06
  1.263254280977998e+09 -2.110435221540340e+06  3.109233317341284e+06
  1.263854928701750e+09 -1.346838293189273e+06 -8.777326975897118e+05
  1.262709520152406e+09 -3.110680635406066e+05 -1.478299215240641e+06
  1.264025974857640e+09  1.205492237909560e+06 -7.176046352166312e+05
  1.263579284352594e+09 -1.655538901884757e+06  8.442508981673727e+05
  1.263925731019417e+09 -2.218178973666560e+06  9.905410695714785e+05
  1.265079481616046e+09  5.004536128142102e+05 -4.151099455144654e+05
  1.262375090947097e+09  1.566595978135541e+06 -2.337706365806851e+06
  1.263919978184988e+09  2.776882542272692e+04 -2.448857599904227e+06
  1.264439135412201e+09  2.229261264522283e+06  9.266383558499729e+05
  1.261545962717531e+09 -1.104999596518940e+06  3.181933762156709e+06
  1.262282885732325e+09 -3.399157036369952e+06  2.871398724178993e+06
  1.261485249824191e+09 -2.058099216582539e+06  1.323216016578343e+06
  1.261114052564828e+09  3.803330841259833e+05 -9.353008461897803e+05
  1.266105805645503e+09 -2.749379939150800e+06 -1.899787342142696e+06
  1.260836065480597e+09 -7.005410917656708e+05 -2.589764634125024e+06
  1.260873348906850e+09 -5.335522646517544e+05 -1.776877603428616e+06
  1.260287864246768e+09 -1.037694614563100e+06 -8.068265998453751e+05
  1.263750176173801e+09  3.157355794635048e+06 -1.355395422671120e+06
  1.262747415464699e+09 -1.992928551228420e+06 -1.419564189101719e+06
  1.261163954878898e+09  1.260607533484369e+06 -5.878898676898254e+05
  1.258461561123084e+09  1.133391956982216e+06  1.611048583250972e+06
  1.261181677040781e+09  4.259987070444852e+05  2.751138733999084e+06
  1.261537956538341e+09  2.631296279925874e+06  1.023202281197801e+05
  1.261380360510997e+09 -8.569421951960895e+04 -3.116183315849228e+06
  1.261010525289681e+09  2.983878033704519e+06 -2.359837793649551e+06
  1.266036448206235e+09 -3.625241298456105e+06  4.930443076823242e+05
  1.260363829995506e+09 -2.572201915914694e+06  2.497871875369762e+06
  1.264542453300742e+09  5.593809553960386e+05  2.654681579227230e+06
  1.259521573091397e+09  9.892714091564211e+05  1.148258857708846e+06
  1.262738075539490e+09  2.391797046822459e+06  1.065792254891839e+06
  1.262215387968570e+09 -2.251243644932992e+06  1.609898763149814e+06
  1.263457172551185e+09  4.221398396766346e+06  4.779814554111414e+05
  1.262188119933541e+09 -9.140315250352016e+05 -1.789550630484170e+05
  1.260909878887022e+09  2.635132887507369e+06  2.597007016479688e+06
  1.264243938822793e+09 -2.798950300547906e+05  1.131337500467454e+06
  1.265512683663798e+09  2.122001081080447e+05  2.614248366294560e+04
  1.261038614835444e+09  3.057285963128085e+06  1.879534579231391e+06
  1.264303102734173e+09  1.564980804150136e+06  2.416064219462920e+06
  1.262702578174158e+09  3.240038438532423e+06 -7.625673099763006e+05
  1.261685904269672e+09 -5.073055487177832e+05 -3.524992743758835e+06
  1.263893224529872e+09  3.012925986574424e+06 -3.997521937509161e+06
  1.264333677429848e+09 -2.526757028915423e+06 -3.300472696794244e+06
  1.264418877505254e+09  2.194022943012782e+05 -2.349233881755709e+06
  1.265311164775908e+09  5.195862142753825e+05 -2.519667011587451e+06
  1.262156670241779e+09  5.199294693090870e+05 -8.863638228730957e+05
  1.264028718132813e+09  1.311030493876070e+06  8.911945280783195e+05
  1.261903523615736e+09 -1.659903720571340e+06 -1.220508808894730e+06
  1.261395067349319e+09  4.250953907367714e+06 -2.969554539901781e+06
  1.265579216721647e+09  8.877000730034132e+05 -1.058879500259112e+06
  1.260883413961833e+09 -1.014820741331463e+06 -8.389346245141324e+05
  1.264533026374285e+09 -1.333018925475015e+04  4.636806498150097e+05
  1.261349465214595e+09  8.328592637195564e+05  2.277287323288212e+06
  1.262736652069591e+09 -2.341782249768341e+05  1.690955548857337e+06
  1.264480067465566e+09  2.768469436058057e+06 -6.581995253984053e+05
  1.260047802234469e+09  9.357498208935459e+05 -1.612545019964554e+06
  1.259053097009259e+09 -5.575852284932530e+05 -8.741518248753789e+05
  1.265403651947491e+09  1.838262797291603e+06  3.543497601938831e+04
  1.263509098957951e+09 -1.908116577502500e+06  1.228611082769724e+05
  1.263603615224761e+09  2.776030139768521e+06  6.753101145147585e+04
  1.264798965128477e+09  8.052346271471137e+05 -3.148928331622457e+05
  1.259494218906555e+09 -2.232639918790432e+06  1.595364399622057e+05
  1.260774016196593e+09 -1.592310267255031e+06  1.106480468851870e+06
  1.259156800663559e+09  2.327457544740549e+06  1.080458718718043e+05
  1.262898345651520e+09  2.872293161520266e+06 -9.666901147131675e+05
  1.263135264152995e+09  1.621441269157258e+06 -6.211902337358822e+05
  1.266001730485817e+09 -4.489714954264132e+06 -3.207953887484576e+05
  1.265809904352890e+09  1.533765089945242e+06 -2.431417900722315e+05
  1.261559566535421e+09  2.902474062648895e+06 -8.606812917598920e+05
  1.261923641098835e+09 -1.251805550605236e+06 -5.915131807590995e+05
  1.259544720222638e+09  2.320647142186634e+06 -2.935680717490088e+05
  1.263748074983407e+09 -3.813800249041280e+06  3.906851802253813e+05
  1.260354965489606e+09 -1.878246360271818e+05  1.108993641353588e+06
  1.263604793689968e+09 -6.221396663926404e+05  6.384250989404042e+05
  1.266263800191145e+09 -6.943110954075415e+05 -1.252312913974236e+05
  1.263291542533083e+09  2.483341090094366e+06 -1.989203973677512e+05
  1.262664494386937e+09  1.199181494861662e+06 -5.718586394703720e+04
  1.263377788354136e+09 -2.425501596226519e+06 -5.664982415295840e+05
  1.261087189429429e+09 -2.165064023898618e+06 -1.626607887578849e+06
  1.263470931102411e+09  3.536676610780365e+06 -7.232084411533499e+05
  1.259829796352073e+09  2.301378340570838e+06  2.597141483739168e+05
  1.264603356025059e+09  9.621889936150174e+04  3.230110305824156e+06
  1.260959319064910e+09 -4.668180341562951e+06  1.011400863444844e+06
  1.264154433673144e+09  4.103237847971505e+06 -1.527674657411498e+06
  1.263590309246126e+09  3.056077830008332e+06 -1.956493677545233e+06
  1.265019119585814e+09  3.370989127260763e+06 -1.135437100478906e+06
  1.265948569944610e+09  1.100673078558577e+06 -4.461750420322991e+04
  1.260308576858333e+09 -4.894367663605187e+06  1.060780909167337e+06
  1.264800170601973e+09 -9.254287982565647e+05  1.286799697422145e+05
  1.264673995805117e+09 -2.640972133558793e+06 -8.408024567738257e+05
  1.261299989663797e+09 -6.468358757781503e+05 -5.672106418712172e+05
  1.264628925711887e+09  1.402877981794879e+06 -1.403778471672775e+06
  1.264103098756629e+09 -6.681591801532138e+05 -2.075393212584693e+06
  1.262159846519572e+09 -5.183825611487461e+05 -1.776083880936029e+06
  1.263502991430700e+09 -2.650336387971492e+06 -1.960595278222144e+06
  1.259741558815009e+09  7.485529064920612e+05 -1.739090974894403e+06
  1.265134702158608e+09  2.117326070355221e+06  1.332253154063721e+06
  1.261203699268917e+09 -1.085248148307836e+06 -9.042342606050507e+05
  1.264767058302814e+09 -2.202374596846998e+06 -1.034526907687395e+06
  1.261365034754417e+09  4.745057130326008e+06 -1.471210476112961e+06
  1.262341666130912e+09  4.232664944376608e+06  3.167484289441708e+05
  1.262838806158648e+09  5.261632810300542e+06  1.114676328425449e+06
  1.261145662451356e+09 -9.444476507286164e+05 -7.734185608617176e+05
  1.260808579701684e+09 -3.364718318403902e+06 -3.343823730796095e+06
  1.262149332647591e+09 -3.878600917598234e+06 -5.783442066256022e+06
  1.264393206602642e+09 -1.942702648291411e+06 -5.411294347097520e+06
  1.258459715471256e+09 -5.557414612602151e+05 -2.064227032739236e+06
  1.264804067703689e+09  1.601605424139840e+05  8.846902104029309e+05
  1.264717390485489e+09 -4.543482773444712e+06  1.823462063773270e+06
  1.266137524707305e+09  1.559253424554578e+06  7.374491065773643e+05
  1.263954422400963e+09 -3.547056922452688e+06 -1.449456175622181e+06
  1.262317597846002e+09 -9.934480355496483e+05 -1.775940293362428e+06
  1.260549769464575e+09  9.078781538775822e+05 -1.204827212119422e+06
  1.265898697169082e+09  9.745202928668039e+04 -8.833184472266983e+05
  1.260562729513298e+09  9.239153264216866e+05  2.711074063902215e+06
  1.261074031825997e+09  4.187052457499081e+06  2.991447581453583e+06
  1.266007188432235e+09  3.320004391617868e+06  1.593902548917017e+06
  1.262481945405248e+09  4.442098284261508e+06 -4.175973843698922e+05
  1.265441351054425e+09 -1.329556888274869e+06 -1.673630672207197e+06
  1.267189515773726e+09 -2.300891310920125e+06 -1.946994017057094e+06
  1.265302828136746e+09 -4.616700589146439e+06 -3.232389153789551e+06
  1.266617340209543e+09  9.553038572368622e+05 -2.243634908867981e+06
  1.261975552450661e+09  7.239494543725220e+05  1.718829866981739e+06
  1.263290370542087e+09  2.613582839700218e+05  3.437460715874452e+06
  1.263117231682097e+09 -4.336925356029073e+06  2.591682586231397e+06
  1.261852556780556e+09  1.758353506298407e+06  2.307660102177627e+06
  1.265016987795328e+09 -3.236172889050558e+06  2.565741384128693e+06
  1.264873788409118e+09 -1.459807546339872e+06  1.240302661477438e+06
  1.263175096523150e+09  7.759689585751131e+05 -1.789884320703835e+06
  1.264532492030640e+09  1.741159322162918e+06 -1.075485597797423e+06
  1.266149296744344e+09  1.936936453860347e+06  5.449171567585526e+05
  1.265850515426768e+09  1.456423710250795e+06  2.403249621420387e+06
  1.265993835541222e+09  6.383419005271358e+05  4.825656586542476e+05
  1.261950332327421e+09  4.724050799490662e+06  4.393939887513727e+05
  1.265031482673509e+09 -5.405282000179280e+04  1.881407860003976e+06
  1.260763819469165e+09  3.095125912565266e+05  2.728475255295446e+06
  1.262213811847415e+09 -2.590198014900537e+06  2.403597081298814e+06
  1.265978137983333e+09  3.210459050252816e+06  3.411402086494300e+05
  1.267775827736482e+09 -7.634859076654573e+04 -3.305858537718996e+05
  1.265509937180584e+09  3.218154534992151e+05 -3.032323282937439e+05
  1.261898072660500e+09 -6.774683942876761e+05 -1.071075650664160e+05
  1.262379821015073e+09  1.144386304425853e+06  1.564533826603438e+06
  1.263612952617675e+09 -3.094859457972911e+06  2.623772108782934e+06
  1.265525776661485e+09 -6.398516630407696e+05  3.288128157365285e+06
  1.262451385195846e+09  1.911306780297483e+06  1.887636685333186e+06
  1.265331458880638e+09  1.829898616778159e+06 -3.146730540201291e+06
  1.262217886290642e+09  6.457544878553093e+05 -2.517018212881433e+06
  1.260649343498609e+09 -7.942338948962339e+05 -1.660104014325270e+05
  1.265706585333084e+09  1.296052954390769e+06  1.865151004078950e+06
  1.258922834074009e+09  9.878415822499397e+05  2.146705196354963e+06
  1.269208113670749e+09  1.994270865362091e+06  1.011413290204657e+06
  1.263274353538551e+09  3.136897782327061e+06  5.154299614582764e+05
  1.263830947451010e+09 -1.259924565443784e+06 -8.955925579410760e+05
  1.260782446689587e+09  3.145534360644016e+06 -1.512640996090635e+06
  1.264504502878679e+09 -1.257158685334592e+06 -5.583696181423729e+05
  1.263700055517529e+09  3.485693220221228e+04  1.202981313075072e+06
  1.263487925687717e+09  5.996487932975061e+04  8.148592481374010e+05
  1.265296959823545e+09  6.923101957639972e+05 -1.269659395723659e+06
  1.264166811418529e+09 -3.367553924997741e+06 -2.048349354727944e+06
  1.262532713550052e+09  5.296920421262954e+04 -1.809528841129965e+06
  1.266445520607919e+09  1.772861670300392e+06 -1.711547502417513e+06
  1.261023840142999e+09  2.781754949659387e+05  9.124766217994817e+05
  1.266551643711053e+09 -1.003877730140019e+06  1.941462672004380e+06
  1.264254462620525e+09 -6.875157020696879e+05  7.729194167602223e+05
  1.263405396292279e+09  2.252808457362000e+03 -3.149242571046198e+06
  1.264227152998511e+09 -3.139948232544173e+06 -3.254308999698921e+06
  1.265913172954626e+09  3.539876914577875e+06  1.365751380579164e+06
  1.261603310083895e+09  2.659738624980232e+06  3.418581260010108e+06
  1.258677594029698e+09 -6.322816016541349e+05  6.026803976329594e+05
  1.264322891149734e+09  2.181301287750264e+06 -2.727206184695257e+06
  1.262714596317757e+09 -1.280909749500515e+06 -2.642365549006706e+06
  1.261731777249244e+09  6.129578420635617e+05 -1.391147145757671e+06
  1.264742633243366e+09 -7.035945232881542e+05 -1.538193419359893e+06
  1.262408240575916e+09 -2.199350943409348e+06 -2.488300299827630e+06
  1.262392437611826e+09 -1.553628004720275e+06 -2.051331405241079e+06
  1.265225633628080e+09 -4.541242122472972e+05 -2.201923599330657e+05
  1.264947636607756e+09  2.151952844009809e+06  4.940608030944219e+05
  1.263402289579788e+09 -2.236738495010011e+06  2.051776418258456e+06
  1.264870140103635e+09 -1.739034253619896e+06  2.794323030234127e+06
  1.265895886094739e+09 -8.193439193766688e+05  2.725221874083336e+06
  1.262823535529544e+09 -1.232470853938694e+06  2.720389885166432e+06
  1.263313303493775e+09 -1.541055487332497e+06  2.106209403293788e+06
  1.263838465105577e+09  2.367752588424223e+06  9.344790807253679e+05
  1.261886124529431e+09 -5.585700427759429e+05 -6.977914168031768e+04
  1.265736187467955e+09  1.047396897583889e+06 -4.271079727178190e+05
  1.260960904916182e+09  9.001561001498390e+05 -6.423793051080299e+05
  1.263517836505984e+09 -2.063871434401208e+06  8.556785307266365e+05
  1.261652470269407e+09  4.653108382316495e+05  1.146293486794236e+06
  1.262906839631988e+09  8.908050854910167e+05 -3.592788140664294e+05
  1.259951035810878e+09 -3.070902405460094e+06  9.868158907706513e+05
  1.266558155825370e+09  1.853816314404217e+06  2.065613168027199e+06
  1.262458282659833e+09  2.470658751730020e+05  3.238432944376973e+05
  1.261692053909156e+09  2.852312340428568e+06  4.390501275327231e+04
  1.262803406731300e+09 -1.811567451580636e+06  4.128991505379898e+06
  1.262639685622306e+09 -1.682918263735226e+06  2.236261927143887e+06
  1.260613459445884e+09 -1.958002018739643e+05 -2.084329618353123e+06
  1.263165922881788e+09  7.505503848887449e+05 -1.722687925150926e+06
  1.262081182888062e+09  1.873588589505422e+06  1.063691179909131e+06
  1.262584888891667e+09  6.528385682322136e+05  2.358582216145088e+06
  1.262118874654374e+09 -8.121542884573383e+05  4.420511574496919e+06
  1.263557135565834e+09  9.852658130380440e+05  4.094014613824149e+06
  1.260852096633807e+09 -3.428788412747044e+05  2.413786010614577e+06
  1.264156001374074e+09 -6.109003459351677e+05  1.406391284205112e+06
  1.263256459276929e+09  8.398587498563365e+04  8.905325410488497e+04
  1.262180642696209e+09  9.074529333490815e+05 -1.752548827010519e+05
  1.263468040652162e+09  1.139523073264251e+06 -2.116274245239574e+06
  1.264700261680771e+09  2.916715941524269e+06 -3.023694937458475e+06
  1.259991490329000e+09  1.128327323207533e+06 -1.874809586287883e+06
  1.265589204403837e+09  1.033819148235693e+06  8.670077786163399e+05
  1.266398848122275e+09  1.869579540922409e+06  2.290660357722521e+06
  1.265667391488048e+09 -4.865755911056842e+05  2.905509462744239e+06
  1.264885329811970e+09  8.462689001037956e+05  2.038689671516255e+06
  1.263304087493724e+09  2.272478930219651e+06 -1.982943712884997e+06
  1.263581353415783e+09  2.773968869968521e+06 -5.216124350959877e+06
  1.262780512494008e+09 -2.182680372484503e+05 -3.908190342485921e+06
  1.261801863861104e+09  5.586956524692219e+05 -1.957107793300302e+06
  1.268050440222879e+09 -1.096454385394871e+06 -1.874195688318213e+06
  1.263868292871711e+09 -1.101622105622443e+04 -1.464646564645016e+06
  1.262709494430441e+09  1.933537462196673e+06 -2.857350986708307e+05
  1.265321259330270e+09  6.747294360068118e+05 -3.209948512022565e+05
  1.262106526415315e+09 -1.456307431251629e+06 -5.983908799539714e+05
  1.267534257754405e+09  2.230759021176010e+06 -2.371134861796566e+05
  1.267139233263625e+09  3.297924211785450e+06 -2.058967614827138e+06
  1.265299968905059e+09  1.197443428277960e+06 -3.725725221196256e+06
  1.265386792004415e+09 -1.255431584088376e+06 -7.894483638485018e+05
  1.264353530937069e+09  3.296966861080617e+06  1.054377638011764e+06
  1.264297510569469e+09  1.147093159237970e+06 -1.001102599335314e+06
  1.264712786328842e+09  7.724578546352872e+05 -1.778268936436890e+06
  1.264664917183083e+09  1.435779230560738e+06 -2.667051676101886e+06
  1.264266060039785e+09  9.804371690190982e+05 -1.523755087095828e+06
  1.260104484495581e+09 -1.465614546791670e+06 -1.245377885773825e+06
  1.258253994358177e+09  1.789608877923576e+05 -3.179170046978898e+06
  1.265349926967523e+09 -2.065389152464647e+06 -1.850325323837257e+06
  1.263010606052367e+09 -7.617324542330846e+05 -7.990983513568378e+05
  1.263147238026940e+09  2.451480946571265e+05 -2.099824930159646e+06
  1.262866672493672e+09  6.357490412082433e+05 -2.260831394722782e+06
  1.263297483334423e+09  2.480214090573827e+05 -1.685623642162853e+06
  1.263547452670089e+09 -6.414718515722264e+05  1.028523930602121e+05
  1.264284882691253e+09  3.996758131971190e+06  1.500398767531772e+06
  1.261199345638521e+09  4.414290988523444e+05  1.962659279005858e+06
  1.261410699620687e+09 -1.997182291928067e+06  2.627672783325107e+06
  1.264210052462420e+09  1.117012811150937e+06 -1.119036034860235e+06
  1.260276459368564e+09  2.038114607323594e+06 -8.771245995073392e+05
  1.260716909315532e+09 -2.256146718172277e+05  1.929979879683050e+06
  1.261197953748909e+09 -1.652186657043397e+06  2.348905683956333e+06
  1.260958838917575e+09 -1.029855083413243e+06  6.532617359029867e+05
  1.260161741282515e+09 -1.903355534985221e+06 -9.301225514444911e+05
  1.260680067595802e+09  8.891717573381950e+05 -2.679967680496592e+06
  1.264601295111056e+09 -1.432625735432800e+06 -3.015330164271599e+06
  1.261469014103978e+09 -2.105509718434367e+06 -1.562521943341658e+06
  1.264502907772974e+09 -2.964157652290970e+06  2.268158561912707e+05
  1.263330162311875e+09  3.493024187032748e+05  4.224700328059559e+05
  1.262770356708315e+09  3.624171761458831e+06 -5.660487720404365e+05
  1.265539674716794e+09 -2.316918108991347e+06  9.398801181792754e+05
  1.261521706520092e+09  2.170968412738815e+06  3.846406328098368e+06
  1.263656483506141e+09 -9.720923889995147e+05  2.579431919995619e+06
  1.262345261009831e+09 -1.128847110804610e+06  1.299962468849731e+05
  1.264363911441284e+09 -5.034669615131713e+05 -1.934288059409597e+06
  1.262273235627782e+09  2.516252332996822e+06 -1.014895457647032e+06
  1.262034712082321e+09 -2.053384872158838e+06  1.185960880153081e+05
  1.263112937868912e+09 -1.020840047108364e+06  1.562248227898521e+06
  1.264077023978684e+09 -1.602040523292153e+06  5.540947612874147e+05
  1.265630517983207e+09 -4.082441966849086e+05 -7.785814643750590e+05
  1.263231717869852e+09  2.000404588992747e+06 -3.430215675620867e+05
  1.262955174828902e+09 -5.068256577913271e+04 -8.541182234362321e+05
  1.262985505102266e+09  3.304043615922244e+05 -1.419841742735285e+06
  1.260361225596540e+09 -4.308074430065786e+06 -1.817910976842015e+06
  1.265027102687834e+09 -1.125148023802823e+06 -3.679073991633365e+06
  1.261806877668774e+09  2.528468980866762e+06 -3.526874106648797e+06
  1.261332066983826e+09 -1.564916742340656e+06 -3.087781600730246e+05
  1.263346553829915e+09  1.004236358150851e+06  2.961703326980229e+06
  1.262474627804710e+09 -1.468760022806676e+06  3.677778165288104e+06
  1.263689415115505e+09  1.667775020619587e+06  1.338941672479741e+05
  1.263420942959010e+09 -1.526220093744328e+06  1.807186597455736e+06
  1.262269372159538e+09 -1.435281665474611e+06 -1.921977817196921e+06
  1.262751917299097e+09  1.158866571473778e+06 -4.400592590201810e+06
  1.259957856406711e+09 -3.338290446180478e+04 -3.084557813857852e+06
  1.260325859218465e+09  9.982349641893479e+05  3.191725722710826e+05
  1.260435326156354e+09  2.193344045044048e+06  2.350678676987174e+06
  1.259907137661443e+09  2.056450935523004e+06  2.326097065393364e+06
  1.261345333544842e+09 -6.018074799782154e+05  4.348628568258451e+04
  1.262312752055743e+09 -1.583036045881300e+06 -1.330088486528568e+06
  1.264027934898818e+09 -2.359076512796937e+06 -1.139254566292353e+06
  1.261249697491886e+09 -5.845104588360658e+05  7.601661595240709e+05
  1.264906581848605e+09 -3.846668782137668e+06  3.911837651038866e+06
  1.259680319865003e+09 -2.120929759313252e+06  2.271374813423742e+06
  1.263892216115036e+09  2.587301434089370e+06 -2.684155482858619e+06
  1.261660686949502e+09 -2.447580910463988e+06 -1.590142660066904e+06
  1.264018592800490e+09  6.411394591929325e+05  2.687116537767642e+06
  1.262541537442651e+09 -1.040872400660612e+06 -2.831682669304244e+06
  1.263088601555905e+09 -1.804545457215044e+06  4.941023979599704e+04
  1.263406615118724e+09  8.948162921930316e+05  2.749479771879847e+06
  1.262024602909391e+09 -3.597324965350816e+06  1.791014939082995e+06
  1.261615243683430e+09 -2.800832958722284e+06  3.385925234508127e+05
  1.264142534947812e+09 -1.164233582697846e+06  2.126767347807390e+06
  1.266271670591182e+09  2.324534808579465e+06  3.116514770169397e+06
  1.260876801635097e+09 -2.126160500621794e+06 -1.311133741614700e+05
  1.263144027166767e+09 -1.812379842562588e+06 -3.259613927591217e+06
  1.265137335158179e+09  2.424611907387180e+05 -2.722503556417445e+06
  1.264496893549158e+09 -6.165811217184182e+05  7.006639283806238e+05
  1.263310051035142e+09 -3.436798793733235e+06  2.619968629594363e+06
  1.262396213363342e+09 -4.934806779192958e+06  1.213932517108731e+06
  1.264079415627775e+09  1.242356887967686e+06  2.977403845993728e+04
  1.264472320049063e+09 -2.789088460792212e+06 -6.277322643497365e+05
  1.260865465632599e+09  7.771975857032693e+05 -2.363163614417924e+06
  1.265015143326708e+09  7.839651961422113e+05 -8.291913477456566e+05
  1.264296027246797e+09  4.599996649222732e+05 -6.143652218646500e+05
  1.265235107338603e+09 -7.080624555444458e+05 -1.502166344683898e+05
  1.264278948535161e+09 -3.675221373253893e+06 -5.454403010216823e+05
  1.261109805220869e+09 -3.418579798795886e+06 -1.275503123437155e+06
  1.263191484982067e+09 -9.035520058702114e+05 -2.512252974890917e+06
  1.260253446745270e+09  3.615883971926536e+05 -2.581416298937216e+06
  1.257544799239600e+09 -1.144055079198519e+06  2.246200913233784e+06
  1.263987242341786e+09  1.919420482545760e+05  5.041459026553596e+06
  1.265055634859630e+09  1.070079058530919e+05  2.387755952652316e+06
  1.264735662853518e+09 -1.706658028839030e+06  1.891886695991147e+06
  1.262740295896989e+09 -9.758581556355383e+05  3.239083582692283e+06
  1.261080872953841e+09 -3.736653173563348e+06  2.417633291889959e+06
  1.261952381638507e+09 -6.175774303299558e+05 -1.782491273545480e+06
  1.259465882432081e+09 -3.150427526575769e+06 -3.366932666814967e+06
  1.264883839793282e+09 -5.087576985931701e+05 -1.270771734223535e+06
  1.263258063055655e+09  2.941238259848836e+06  2.742325933569489e+06
  1.265216797339823e+09  9.013220164469467e+05  2.546992355063034e+06
  1.264285668006409e+09 -1.944787888925383e+05  8.529014540347719e+05
  1.263434053100042e+09 -1.217011939083774e+06  1.302240794828157e+06
  1.264269349364912e+09  1.703019293151796e+06  1.209576685467648e+06
  1.259903948197487e+09  6.907561142988899e+05  3.976553368335019e+05
  1.264061736388634e+09 -6.049082070433742e+05  6.206514805399617e+05
  1.263963856437583e+09 -5.434192272651460e+05  2.323051470908853e+05
  1.262212432260186e+09  1.137012479895097e+06 -4.392842126204817e+05
  1.264609419463236e+09 -9.343328324533955e+05 -4.386736250586173e+05
  1.266349080451697e+09 -2.107834104840238e+06  5.745672603743419e+05
  1.263973789768060e+09  3.469533405629750e+05 -6.947082390728205e+05
  1.262639759564702e+09 -1.154126824454427e+06 -2.278061030304061e+06
  1.261337475741681e+09  1.646579432212606e+06 -7.645208142933486e+05
  1.264534001435193e+09 -4.264384166203528e+06 -9.022169725804786e+05
  1.260131483097406e+09 -1.987880023147866e+06 -2.008303569080031e+05
  1.264876419399465e+09  4.821762570045015e+06  8.647695846553970e+05
  1.259459076270922e+09  1.102700459437874e+04 -2.317490914366111e+06
  1.263325474628858e+09  1.900675903699144e+06 -2.119598973582531e+06
  1.265420678727479e+09 -5.933767520480225e+05  8.009821552999017e+05
  1.265128169411234e+09  4.119920666368246e+06  1.207927192571586e+06
  1.264772513994350e+09  8.024895632749405e+05  4.532581524652933e+05
  1.259660999863614e+09  8.933565223242040e+05  2.777884857751545e+03
  1.266109463616272e+09 -2.459272802452670e+05 -9.551055351460511e+05
  1.267907494922657e+09 -1.604841675128342e+06  1.347160600448956e+06
  1.261470519508251e+09  3.560542640884384e+04  4.213807234441921e+06
  1.265417656175380e+09 -2.140935381014206e+06  1.581491970203704e+06
  1.263564273130660e+09  3.574367744711140e+04 -2.805602523914190e+06
  1.262642465692904e+09  1.070746751420667e+06 -3.598347197409973e+06
  1.261409040210035e+09  2.306723127897879e+06 -2.181884271171972e+06
  1.261417113525236e+09 -7.557951836791818e+05 -7.482425694296820e+05
  1.265912670483258e+09 -1.657807247978591e+06  1.329974194708015e+06
  1.260860084829851e+09  4.014237272425714e+06  1.917757473934419e+06
  1.263797349404982e+09 -2.157417303902383e+05  9.720385818079489e+05
  1.261555167344708e+09  2.955484164573831e+06  1.177431608282484e+06
  1.264165650923441e+09  5.106703060285696e+05  2.195084370817529e+05
  1.261742594963606e+09  2.173678583810573e+06 -5.514328286717513e+05
  1.262622432789243e+09  6.414694006678740e+05 -2.854310190723930e+05
  1.261802840456567e+09  1.966915330666948e+06 -6.988863078156271e+05
  1.261030416879281e+09  3.156400844902759e+05 -1.409093646601025e+06
  1.262805286741956e+09 -2.122211956056773e+06 -2.431197652895855e+06
  1.261812594153962e+09 -1.118144328677212e+05 -2.477527346450811e+06
  1.265047727380139e+09 -5.998423613801559e+05 -2.221615851944222e+05
  1.263136589743055e+09 -1.362741230633399e+06 -4.547246894883954e+05
  1.264269820041339e+09  2.712630163887709e+06 -2.450971118870030e+06
  1.261615308659990e+09  8.292491089644033e+05 -1.066448081084282e+06
  1.262957400150046e+09  2.320083212870923e+06  2.274002728582237e+06
  1.259645398752374e+09 -4.352742328726908e+05  3.516220081157936e+06
  1.264940237143753e+09  2.309291376285521e+06 -7.501308342092501e+05
  1.259388893875522e+09  2.049010189782293e+05  3.999304980111108e+05
  1.262506105922441e+09  2.610253000964935e+06  1.158248257692851e+06
  1.262626408185598e+09  1.662769447000124e+06  3.063800926979418e+05
  1.261070498151717e+09  2.017911434877408e+06 -1.332925252058498e+05
  1.262852946657993e+09 -5.476937660415954e+05  2.632506875344293e+04
  1.266672211028623e+09 -5.348256291410688e+05  6.904674207256791e+04
  1.264300336692254e+09 -3.382304088966869e+05  1.359169665827648e+06
  1.264130724814487e+09  7.326895307908587e+05  2.856178922851346e+06
  1.263297532163384e+09  2.055355881309275e+05  1.792399361467088e+06
  1.262990088873938e+09  2.132515059386389e+06 -7.960033421145941e+05
  1.264192658462270e+09 -9.030173027897188e+05  1.853557768538187e+04
  1.263444710586228e+09  2.845754200943398e+06  1.223554409837507e+06
  1.264252423426929e+09  5.943227357039991e+04  2.993279246347659e+05
  1.264120880575667e+09  1.855441996467980e+06  3.196169000297021e+05
  1.262861174588744e+09  2.928251036630692e+05 -2.548496581223027e+05
  1.266936035143628e+09  2.926522474100138e+06 -1.374171427094874e+06
  1.265842583237804e+09  1.131163850464232e+06 -5.645343372465136e+05
  1.265801164565682e+09  1.146008150212182e+06  1.790065197773803e+06
  1.261723065299797e+09  2.350617926658660e+06  3.634869215994283e+06
  1.264160556828843e+09  3.917850668814964e+06  3.311435010088201e+06
  1.263996238811223e+09 -1.943941327718165e+06  2.097175080516161e+06
  1.262853232361696e+09 -2.483497838299382e+06  1.239111596410825e+06
  1.264448134350386e+09 -1.027261468739501e+06  1.122342019701522e+04
  1.267472163879166e+09  1.320417802462348e+06 -2.537488504053677e+06
  1.265422080771633e+09  1.955520390960603e+06 -3.608377484668830e+06
  1.263519028870464e+09  2.419760791187785e+06 -1.311525029213054e+06
  1.260967046797445e+09  8.599197860838228e+05 -5.601004741338282e+05
  1.260982206524879e+09  2.153299826278542e+06 -1.860293996518077e+06
  1.263161162503596e+09 -8.027879519460009e+05 -1.528634806738189e+06
  1.266060237922802e+09  2.624696490506488e+06 -1.452377608712279e+06
  1.261533486493916e+09  1.676089897576962e+05 -1.676865375240183e+06
  1.265234266674460e+09  1.418381971002426e+06 -1.902960131886354e+06
  1.262960575628354e+09  1.346496971457090e+06 -1.940569892220399e+06
  1.263634965897586e+09  1.118309643177960e+06  1.578118448901922e+06
  1.266168732886283e+09  1.922321459617170e+06  3.202841845978195e+06
  1.262101353559638e+09  2.877444766773576e+06  1.057216298917524e+06
  1.266950737463361e+09 -1.686375974963973e+06 -4.697386848295503e+04
  1.262187746808519e+09 -4.145807950936998e+05  2.250177332041971e+06
  1.263793149080115e+09  3.784906706736942e+05  4.792454865291114e+06
  1.260497941788101e+09  1.070476909267238e+06  4.256617029318058e+06
  1.265774256968512e+09  5.290448550605342e+05  1.216493949452097e+06
  1.266419915103798e+09  1.193651321713479e+06 -1.750689224338570e+05
  1.263288268077844e+09  1.370102488987399e+06 -9.224152223912887e+05
  1.267558831312595e+09  1.497269012234855e+06 -1.563350337500140e+06
  1.264665036509931e+09 -1.432057318859278e+06  2.327595311163838e+05
  1.262259468122620e+09  2.620465080534462e+06  1.610595358992849e+06
  1.262600656099977e+09  4.619057860174846e+05  5.767538676079920e+05
  1.262380933919853e+09 -2.010438030725311e+06  1.463801374354490e+06
  1.265655786154207e+09  1.769105147517798e+06  2.661284883220538e+06
  1.264372966339815e+09  2.056086593711006e+05  3.207390914288022e+06
  1.263432335327783e+09 -1.160577278907515e+06  1.795926468431453e+06
  1.265227430515862e+09 -1.264541580386105e+05 -1.029834198193021e+06
  1.265743409329206e+09  4.427683796678578e+05 -1.288565012609874e+06
  1.262556485580717e+09  2.342558996143980e+05  2.711123093350632e+05
  1.259925834389647e+09  8.896215430302167e+05  1.750764721943818e+06
  1.264750641546536e+09  7.387040344050389e+05  3.026671572706926e+06
  1.265261056158754e+09 -1.310250369493295e+06  3.259944059327663e+06
  1.263598572931232e+09  2.428023242009670e+06  1.858749073748078e+06
  1.262881017404967e+09  5.370852309535118e+05  5.254269095054609e+05
  1.263643983427498e+09  3.991904769613692e+05 -2.077678104482120e+05
  1.263135418343359e+09 -1.983261439173232e+06  3.042731750662872e+05
  1.263430564303545e+09  1.149011657280164e+06  5.823911991111182e+05
  1.265624251766987e+09  1.290724926004176e+06  1.634592300167160e+05
  1.265645761792687e+09 -3.591514884300947e+06 -2.782636308417005e+06
  1.265247903275831e+09  1.376805689911800e+06 -3.409816469196244e+06
  1.266249955371977e+09 -2.706901189914938e+06 -3.381746456094394e+06
  1.264487067693776e+09 -2.316602643764075e+06 -1.856576147754632e+06
  1.265254682636016e+09 -1.519646892719402e+06  5.471705261380237e+04
  1.266342174965320e+09  1.384638476398777e+06  8.116627800377208e+05
  1.261708581239735e+09 -1.827571641221119e+06 -9.421726764403657e+05
  1.261734240914055e+09  1.286391940118606e+05 -1.536703341530848e+06
  1.262186986565006e+09  4.250477011329313e+05  4.073016475075074e+05
  1.263548096565325e+09 -8.809405636087260e+05  8.595987780793230e+05
  1.261356513808916e+09  3.355423457909171e+06 -1.026286322830537e+06
  1.263340921144720e+09 -9.086946242412351e+04 -2.088844127509324e+06
  1.261816208237829e+09 -1.554617685463877e+05 -2.112218690400249e+06
  1.264859539218105e+09 -2.187795358194171e+06 -1.726883728384444e+06
  1.261514988085233e+09  1.449117716308271e+06 -1.028826478498404e+06
  1.264989118817385e+09  2.070576946797542e+06 -1.864305976301347e+06
  1.260649359829607e+09 -3.448164001261505e+06  1.468760102783159e+06
  1.264388817900229e+09 -1.004394110384767e+06  2.861587089627224e+06
  1.262153940696918e+09 -3.532112599891442e+06  1.324133739508383e+06
  1.264877100857873e+09  8.616131248670141e+04  4.151605035183909e+05
  1.262749429057600e+09 -3.564039562717382e+06 -1.847236012982237e+05
  1.266075472619428e+09 -5.379433014918535e+05 -2.557258626389651e+06
  1.261284170551496e+09 -2.120511983952267e+06 -3.078903240909411e+06
  1.261173784469838e+09  2.494445508478777e+04 -5.574816301834569e+05
  1.260822199847527e+09  2.024737046190185e+06  1.618803780658636e+06
  1.263369858365812e+09 -1.426758432468836e+04  4.430806723442937e+05
  1.261518505941882e+09  2.024102126833303e+06 -2.043512830454414e+06
  1.260405856447137e+09 -1.475197989031524e+06 -2.282705480876923e+06
  1.265344387649432e+09 -6.509386673599763e+05 -7.087482959295555e+05
  1.264646700960369e+09 -1.320310055965767e+06 -2.225420161676001e+04
  1.261478665219947e+09  2.169884203818118e+06  2.167498126368771e+05
  1.265458625067918e+09  1.717182583883995e+06  3.124311405718973e+05
  1.267122408398112e+09 -9.856133955065204e+05  2.218301411651039e+06
  1.264896082864678e+09 -7.641891487185864e+05 -2.462553134244328e+06
  1.262067256209502e+09 -2.238174421311921e+06 -3.262005066418242e+06
  1.263506773469012e+09  1.516062081974159e+06 -1.018960613195553e+06
  1.263074220588097e+09 -4.603495055907911e+06  1.049679036082361e+06
  1.265649311112204e+09 -2.877590551948439e+06  3.028755372889279e+05
  1.260976224004131e+09 -1.848104443531189e+06 -8.158755465942792e+05
  1.265066481604769e+09 -6.553354695576249e+05 -5.615848888170929e+05
  1.264618451818386e+09  3.498699439110762e+06 -6.713959639630963e+05
  1.261076820703396e+09  9.230111155343479e+05 -1.274137365944504e+05
  1.264311758833154e+09  2.125482033238840e+06 -1.301354272738625e+06
  1.263967155174788e+09 -2.293225872954976e+06 -3.331885329426162e+06
  1.265388201436086e+09 -5.026234122645716e+05 -1.398042207196819e+06
  1.265996016810222e+09  3.537901743640474e+05  2.083755344045938e+06
  1.266602324923147e+09  3.342493576125053e+06  3.959919025748567e+06
  1.264949292845801e+09  3.664822157302758e+05  4.894993237514423e+06
  1.263597679975964e+09  8.525806090870366e+05 -6.930084071326861e+05
  1.263465269012503e+09  1.403664308034564e+06 -5.771696104209018e+05
  1.264410192424711e+09 -9.879213315227432e+05  2.770045131873607e+05
  1.265279639023844e+09 -6.016103358105067e+05 -1.161848398578309e+06
  1.265380249159755e+09 -2.906103446970194e+06 -4.491381893015102e+06
  1.262484185063510e+09 -2.257001237332503e+06 -2.987001952547769e+06
  1.258781310326675e+09 -1.535392390314023e+06  1.601678836216169e+04
  1.264479924297031e+09 -6.091003969947245e+05 -1.441740468081101e+05
  1.262612345320882e+09  2.994430205382930e+06 -3.304918441844411e+05
  1.262684774347827e+09  2.617786381070467e+06  4.133954393852432e+05
  1.262031901252845e+09  1.570836734495036e+06  1.101654400316435e+06
  1.262527835574006e+09  8.043963216011145e+05  1.201906764950102e+06
  1.261999510722112e+09  7.522789442520011e+05  2.458757589862493e+05
  1.263323029739705e+09  3.984162173121667e+05 -1.042974810352738e+06
  1.262537798167757e+09  3.426271073462443e+06 -1.108356638368831e+06
  1.260368611556994e+09  2.217524025788764e+06 -6.848207074757258e+05
  1.264664458225924e+09  7.751233738818462e+05  4.590176315292278e+06
  1.260738345952509e+09  2.008748895727596e+06  4.174828283223736e+06
  1.260805425305907e+09 -5.109073589413461e+05  1.731271318707877e+06
  1.264877568440153e+09 -2.660834530379839e+06 -1.025535141496570e+06
  1.261806150436524e+09 -5.298052588719658e+05 -2.823827213865403e+06
  1.261839687443558e+09  1.363839218098377e+06 -3.182375257439400e+06
  1.261164309391859e+09 -5.285372495318013e+05 -2.854025571237347e+06
  1.263635149330510e+09  7.582274120327440e+05 -7.740689541669430e+05
  1.261179142991295e+09  5.199998066589859e+05  1.912882067396582e+06
  1.263063115106675e+09  2.402304062655325e+06 -5.604876485580981e+05
  1.261805866655771e+09 -1.583199735253895e+06 -3.670335769931380e+06
  1.262512726567176e+09  2.322854328659982e+06 -1.166320624216361e+06
  1.267636434353012e+09  1.108801094873562e+06  2.770650201293419e+06
  1.263055510124290e+09 -1.812961475092185e+06  2.399631531954722e+06
  1.263186984172885e+09  2.128604587869360e+06 -6.995712903726847e+05
  1.259434768718275e+09  5.001322763431699e+06  1.091547867981160e+06
  1.264839464236176e+09 -2.299280690088753e+05 -1.153653000848448e+06
  1.263561664460956e+09  1.027934406921985e+06  1.687527117790358e+06
  1.261239096611962e+09  1.366551475599514e+05  3.087872688479477e+06
  1.260264884705261e+09 -5.491902413375475e+05  4.314420058219581e+06
  1.264761292809547e+09  1.544866406582446e+06  3.889251444866497e+06
  1.265670463444213e+09  3.857224558597767e+06  2.611649045541195e+06
  1.262799290966506e+09  3.763804772676728e+05  7.799835546069130e+05
  1.265495864888875e+09  1.355737069857509e+06 -1.850711840849321e+06
  1.263168390333939e+09 -1.029732055507950e+06 -1.683077643665433e+06
  1.259237634055898e+09 -1.482610866391485e+06 -7.509322034440661e+05
  1.265775935585371e+09 -2.326697038281287e+06 -6.281153213699906e+05
  1.261652693104854e+09 -6.545557466509651e+05  3.755174819029393e+05
  1.262251361436054e+09  7.293758054108503e+05  1.768678063568560e+06
  1.260926598295980e+09 -7.533867719260029e+05  2.397890678034657e+06
  1.263277775946499e+09  4.058453256461442e+05  1.042661286564387e+06
  1.264423657764495e+09  2.920603473144112e+06 -1.681759264993544e+06
  1.264597627375320e+09  1.834014557022775e+06  5.888393315048791e+05
  1.260282496029034e+09 -7.161312194819064e+05 -1.616227677252456e+06
  1.262304061363812e+09 -6.762019269209559e+05 -2.513391234273643e+06
  1.259387847076773e+09  2.178497000867727e+05 -3.091910896800336e+06
  1.264028576324823e+09  2.192047497870766e+06 -2.002074240193178e+06
  1.260014307240628e+09  9.380590664527453e+05 -2.435693128957527e+05
  1.259513540642151e+09  5.355897721057781e+04 -1.400332563117638e+06
  1.263274490935491e+09 -1.673315113331433e+06 -2.046896768387630e+06
  1.263626785131717e+09  8.144444925912652e+05 -1.841365860262029e+06
  1.263222658125201e+09 -9.830660166267687e+05 -2.505245205225383e+06
  1.263990414744054e+09  2.493510799747727e+06 -2.465800143748479e+06
  1.263954189625561e+09 -2.447087955268312e+05 -3.431335130072514e+05
  1.259346638210531e+09  1.744533751350244e+06  1.320529948903522e+06
  1.264151330542119e+09 -5.171085693066211e+05 -1.026395698093779e+06
  1.261078701495936e+09 -3.904787209956510e+05 -3.109338477184995e+06
  1.263079385949058e+09  2.377011297532556e+06 -5.495541667091718e+05
  1.262565415722641e+09  5.278774869867798e+05  2.604378127238264e+06
  1.260696599643240e+09  9.888047322042005e+05  1.945361281042877e+06
  1.260713846809114e+09 -6.488515860240895e+05  5.666880279189849e+04
  1.261368815361537e+09 -1.500117310835616e+06 -4.992284279079044e+05
  1.263110198297084e+09 -4.654970711089779e+05 -4.719439212029330e+05
  1.263240430608275e+09 -2.091357853561306e+06 -1.563110164794329e+05
  1.265197558586720e+09 -3.624250974646104e+06  8.050351423291394e+05
  1.262145226107893e+09 -1.552976425274278e+06 -5.605011563591438e+05
  1.261594437170861e+09 -1.741988522061387e+05 -4.880225137690339e+05
  1.262321275585972e+09 -1.419449440015057e+06  1.863889427877608e+06
  1.262530371468860e+09  2.731035434046048e+06  3.475514262025347e+06
  1.262288408353929e+09 -9.959669164908838e+05  3.417826708138452e+06
  1.262022190221970e+09  1.182204346466215e+06  8.969230051671341e+05
  1.262087205021739e+09 -1.855478837731101e+06 -6.055853010058927e+03
  1.263633262777572e+09  1.511497603344796e+06  1.614923130910197e+06
  1.261255446643346e+09 -1.171888840346693e+05  2.488495072187522e+06
  1.263375937280137e+09 -1.655853234425697e+06 -1.007530368787292e+06
  1.266418793810670e+09  1.283371865294062e+06 -1.109822808669345e+06
  1.264644224741122e+09  2.820444664651310e+06  1.477110760822778e+06
  1.265944786877182e+09 -2.844121895377931e+06  3.761033498651440e+06
  1.261719169224401e+09 -4.813549421071408e+05 -1.024013112155374e+06
  1.263090322097815e+09 -4.476292853460023e+06 -3.967842952170531e+06
  1.259106675762769e+09 -2.012210180766820e+06  1.087110487391762e+05
  1.259611031200980e+09 -9.628163337086228e+05  1.971624596145981e+06
  1.262261776386072e+09 -1.787623445320787e+06  1.650634272988411e+05
  1.264583846211226e+09 -6.246676976492042e+05 -1.901377043744732e+06
  1.264015807463524e+09  7.842583723298155e+05 -3.128994681658973e+06
  1.262516270672887e+09 -1.052356250445604e+06 -2.275088216372124e+06
  1.260731479654790e+09  1.696151822280658e+06 -4.976277084506197e+05
  1.262791361911270e+09 -1.355638428026899e+06  7.154548115146515e+05
  1.261176466840306e+09  3.806658418593905e+06 -1.569812678578206e+05
  1.264482291779613e+09 -9.037068858314480e+03 -1.258243787403379e+06
  1.263242434192693e+09 -1.661135168887799e+06 -1.182114720546256e+06
  1.265697545321527e+09  8.935373375708892e+05 -4.497805146486927e+06
  1.262679920768790e+09  4.474440823178538e+06 -3.935249465025214e+06
  1.265488485995321e+09 -2.087384971270671e+06 -9.675263712725346e+04
  1.265020037809174e+09  5.727138820733007e+05  1.773691952217355e+06
  1.261399409405786e+09 -1.415264541010691e+06  1.021144909289107e+06
  1.262127193561784e+09  2.232906171814564e+06  3.326846169552553e+05
  1.266681274195640e+09  7.604160115210116e+05 -4.252526260092110e+05
  1.263698010233891e+09 -1.652547330665841e+06 -1.290930587513020e+06
  1.262904549859261e+09 -2.133619478159954e+06 -1.483114903135151e+06
  1.265609809484895e+09 -7.352904997784301e+05 -5.493147618032233e+05
  1.267300360351063e+09  1.735029410580723e+06  1.378945284681811e+06
  1.261868517371977e+09  5.936289898035143e+05  1.380281406142896e+06
  1.261013849742714e+09 -1.762455975202178e+06 -7.897245631498357e+05
  1.262918618962721e+09  2.041724502691327e+06 -1.440216251782173e+06
  1.261415956097393e+09  5.647043170025675e+05 -1.860812941671087e+04
  1.264622212077358e+09  5.119201293563226e+05 -2.698267499418932e+06
  1.261070186398236e+09 -4.697309764500800e+05 -8.207218127465737e+05
  1.264236280345827e+09  4.261860649586761e+06  2.128929009298133e+05
  1.264835806905399e+09  2.621208193184466e+05  5.122574944071780e+05
  1.262748576703901e+09 -7.688374676899813e+05 -7.994231147666990e+05
  1.262238540275118e+09  3.911990894788104e+05 -2.584231936428946e+06
  1.261493015510670e+09  1.781999067317383e+06 -1.384020888560969e+06
  1.264415087332056e+09  1.432541369591912e+06  1.703606154203883e+06
  1.267528378404088e+09  2.262757754517958e+04  3.470984761357504e+06
  1.262698840876369e+09 -1.574679620855797e+06  2.035011600549152e+06
  1.263725765363169e+09 -1.758622132942301e+05 -2.162904884054436e+06
  1.262508856580762e+09  4.610266795434225e+06 -3.838716500225093e+06
  1.262136410408257e+09 -2.287125544388586e+06 -1.637174735599242e+06
  1.262082360442816e+09 -4.336088036153137e+05  9.631426276654335e+05
  1.266235092335273e+09 -1.525835236605190e+06  2.513437494845235e+05
  1.264232225620505e+09  9.985737751407613e+04 -2.716917338051676e+06
  1.260206018497791e+09  1.225498740088157e+05  1.412353269036038e+06
  1.262300227235621e+09 -8.829081997922324e+05 -1.520996973696763e+06
  1.263433352272571e+09  2.705527968315956e+06 -2.680539359259452e+06
  1.264907934514106e+09  6.773141092901857e+05 -1.093229169858664e+06
  1.261904688737026e+09  2.345077148097184e+05 -1.744627200896556e+06
  1.261826202184932e+09  8.575818096353854e+05 -3.048769707901149e+06
  1.263446286470380e+09 -1.284306833439116e+06 -1.981719947791073e+06
  1.262288282442204e+09  2.596470609501280e+06  1.235472249663282e+05
  1.261494744360797e+09 -2.819939272366921e+04  2.033205205765905e+06
  1.266058304945249e+09  9.173311350563903e+05  5.609791526457953e+05
  1.264980843747727e+09  1.104907958072222e+06 -2.123070523406596e+06
  1.260909554101044e+09  3.242286469743326e+06 -3.017312037741181e+05
  1.263647046406872e+09 -2.751950589091080e+06  1.212062037806502e+06
  1.264425323252005e+09  3.724342022731556e+06 -6.780884041057704e+05
  1.265267752170827e+09 -1.601946721005676e+06 -2.126885899149128e+06
  1.261640385605866e+09 -4.049798607010120e+04 -4.093333617174812e+04
  1.263061589559472e+09 -5.510960802923306e+04  2.228427847870396e+06
  1.261197780668642e+09  2.554949121299200e+05  1.689954852404481e+06
  1.261749744657159e+09  3.393412977899752e+05  7.779752817238492e+05
  1.261848407195099e+09 -1.236397249458511e+05  3.858216881326816e+05
  1.261757872478650e+09  3.988644608623164e+06 -2.054639786660117e+05
  1.259713532326259e+09  3.988267209998386e+05 -5.878743237656307e+05
  1.265340793442636e+09 -2.733885803963599e+06 -9.785924579149034e+04
  1.264551052437181e+09  4.728641090387957e+06 -3.316101425848086e+05
  1.264477538540406e+09 -6.246258022005090e+05 -9.999735916151423e+05
  1.263120718785088e+09  2.502531159692288e+06  1.179982781271576e+06
  1.264522532733817e+09  1.361288557039857e+06  1.757321996377175e+06
  1.263082580095559e+09  1.377046123343703e+05 -2.340084773567761e+04
  1.263630662070179e+09  1.061731892092315e+06 -7.666200461895022e+05
  1.263334278912590e+09  4.390573058576158e+06 -2.390984172667801e+06
  1.264559827091674e+09  6.277926990877020e+05 -2.337883052318339e+06
  1.262574690212981e+09 -4.374903517218070e+05  4.340353763373810e+05
  1.266545270474754e+09 -5.653734188893719e+05 -2.428786082221435e+06
  1.263688851988708e+09 -3.295227180270234e+05 -2.890264010619756e+06
  1.262432804811097e+09 -1.126039754801631e+06 -1.119242256019263e+05
  1.259237128567110e+09 -3.166619770677715e+05  4.149840626492244e+05
  1.263934258474699e+09  4.347024941495760e+06 -6.566340150474380e+05
  1.264231473389437e+09 -2.060177431065431e+06 -6.800820230181972e+05
  1.261516906712991e+09 -2.225183768699109e+06  6.019736438805838e+05
  1.266170672213237e+09  4.389245618145793e+06  8.035188372434573e+05
  1.266775427936683e+09 -1.508082344356289e+06 -9.620193162157333e+05
  1.263500943097238e+09  2.632553111991586e+06  8.519677848564265e+05
  1.263270689008775e+09  2.103998411080025e+05  1.895579022709036e+06
  1.261138364926760e+09 -2.861201318858668e+05  1.128124960668575e+06
  1.259363528559080e+09  2.303462266152084e+06  2.530856490093455e+06
  1.263646791714979e+09  2.864398595226747e+06  1.453486509935980e+06
  1.263816759807307e+09  2.283495558510401e+06  4.408906720464639e+04
  1.260542497747910e+09 -1.317256225071344e+06 -1.686015369126778e+05
  1.264419819044957e+09 -2.633906952318819e+06  5.120049085245569e+05
  1.260621460991844e+09  1.567771545890670e+05  5.892515124554744e+05
  1.265287999037892e+09 -7.231511168864830e+05  1.082841733831334e+05
  1.266216539032793e+09 -6.675071043622727e+05 -7.131285252466421e+05
  1.266720743484524e+09 -9.325539705192528e+05  9.385394635956669e+05
  1.264667746209354e+09 -7.382304509007604e+05  2.257806330109112e+06
  1.260494794237909e+09 -1.055137646409090e+06  1.051571416744095e+06
  1.261472249078209e+09  1.226814092480716e+06  1.179918572358375e+06
  1.262366115365503e+09 -2.793193129366836e+06  2.081283869640374e+06
  1.264838676740142e+09  1.678432915064000e+06  1.147846628929899e+05
  1.266097763709144e+09  8.088200449172754e+05 -2.074954903961010e+06
  1.263820192789354e+09 -9.403989581876587e+05 -1.224443616060525e+06
  1.265648535758451e+09  3.003815231367272e+05  1.183503110174914e+06
  1.265712792251213e+09  2.590661449616647e+06  1.029217442558550e+06
  1.263547610007662e+09  3.356917273947950e+06 -1.056683565952835e+06
  1.263057437275506e+09 -2.538250136075667e+06 -4.898579069181631e+05
  1.264172585438821e+09 -4.058645595490514e+06 -1.245940437493970e+06
  1.265763113020013e+09  2.554411685299082e+06 -1.023306654515394e+05
  1.263245943492208e+09 -8.597663501968307e+05  8.159077977692701e+05
  1.263114205901667e+09  3.194631136414275e+05  1.059021619774124e+06
  1.265609546758242e+09 -4.473624133390341e+06  1.740778950019352e+06
  1.265404561505216e+09  1.508083397815389e+06 -4.654532640531418e+05
  1.262000797421516e+09  1.907473508655159e+05 -2.022551302247865e+06
  1.261309689328527e+09 -1.182531303392725e+06  5.936359438111183e+05
  1.263005161093384e+09 -2.391935530146901e+06  1.818035182066106e+06
  1.266248322111883e+09  1.392632070941298e+06  1.700495582995052e+06
  1.265968445477929e+09  9.756000018011212e+05  2.069820647826644e+06
  1.262362060992755e+09 -1.908110391024043e+06  1.237793605660499e+06
  1.266449594889336e+09  4.284239199588416e+05  2.881479792440629e+05
  1.263520536366947e+09  1.158670797716300e+06  4.546415958472261e+04
  1.263356462775988e+09  3.361911027234652e+06 -9.751209092314286e+05
  1.265686224210999e+09 -2.979849108876639e+06 -1.579549074368802e+06
  1.264826617729458e+09 -4.080277688195355e+06  2.011331212070580e+06
  1.261306970295225e+09  1.785549320834075e+06  2.037866960459830e+06
  1.263575828990270e+09 -9.810080809511854e+05  2.654987648379611e+06
  1.265251229682147e+09  2.517608628084736e+06  2.171379322089345e+06
  1.264575089268368e+09 -2.389949265250416e+06  2.650424083455376e+05
  1.263797328534467e+09  1.188346173809087e+06 -4.192573622315432e+05
  1.262696561532587e+09  1.743768675046842e+06 -5.956508752045245e+05
  1.263381258270090e+09 -9.637958718160933e+05 -1.758548739167519e+06
  1.264108626107625e+09 -1.835075679961704e+05  7.705237602066831e+04
  1.264738411353161e+09  1.454649038045572e+06  4.112978855826046e+06
  1.261594432476187e+09  3.803466436720686e+05  4.621600135225348e+06
  1.262362765316477e+09 -8.869335296190196e+05  8.034241293794014e+05
  1.261842375601550e+09 -3.563491442687570e+05 -1.189200250507212e+06
  1.264344739181796e+09 -5.710174537389962e+04  4.170725515452784e+04
  1.262235883430292e+09  2.243852600921875e+06  9.074658051746257e+05
  1.266007594663047e+09 -1.934400401388464e+06  1.763078037993656e+06
  1.260390400698312e+09 -1.236400064635144e+06  1.426211561526024e+06
  1.267089814038918e+09 -1.385818658983993e+05 -3.595989367964739e+05
  1.263221483919842e+09  1.185904326951657e+06 -1.030423176095145e+06
  1.266146970185178e+09  4.598040241601517e+06 -6.346843410351921e+05
  1.262886522523410e+09 -3.233275378123608e+05 -9.631007038565248e+04
  1.267562283129831e+09  2.027558093343997e+06 -1.147275064038501e+06
  1.260956051142741e+09  1.751148082252362e+06 -3.392378982468214e+06
  1.260288714626209e+09  2.215474000200635e+05 -2.754873175394374e+06
  1.260876075589948e+09  1.907290168933863e+05  7.272878865687210e+05
  1.262536783038901e+09  9.109472364200768e+05  1.999139742376747e+06
  1.260566881590191e+09  2.272870544495352e+06  2.056560035714562e+06
  1.259796038957399e+09 -1.464233224807031e+06  4.744275645671825e+06
  1.267507945957296e+09  5.525174783446826e+03  4.955182483996325e+06
  1.263209760882643e+09 -4.976838897692345e+05  7.962648875112743e+05
  1.263796151179625e+09 -3.733128833589372e+05 -1.455883048766593e+06
  1.263300702199407e+09 -9.835853764914044e+05  5.469979317925795e+05
  1.266629537306320e+09  1.781704095223413e+06  2.608099095293775e+06
  1.261950102696369e+09  1.805368735284444e+06 -8.435254020841985e+05
  1.261368712045392e+09  1.561243606668876e+06 -1.498484360824642e+06
  1.264349066911952e+09  4.814481607036619e+06  3.244566818282549e+05
  1.263177864429106e+09  6.391750423658113e+05  1.660864098311354e+06
  1.265215600644573e+09  5.728740049894090e+05  1.476490056888333e+06
  1.261785407196735e+09 -5.894076911136782e+05  2.084291903988839e+06
  1.262597004693938e+09  9.545624876941531e+05  3.887209216616551e+06
  1.265888196417319e+09 -1.636808402874007e+06  4.271139622404865e+06
  1.259547718613067e+09 -8.789827956558134e+05  2.224314422826895e+06
  1.263258253315442e+09  3.436028686923839e+06  1.713220326091777e+06
  1.264462530499123e+09 -3.149244125240668e+06  2.544675197842533e+06
  1.263547634483511e+09  1.807595387711342e+06  2.127748458601790e+06
  1.266502661567471e+09 -1.654687870716110e+06  6.611610871995311e+05
  1.266929681449753e+09 -2.043680727225663e+06  4.532905188512243e+05
  1.260780842588435e+09 -9.955725301262219e+05  3.145388401601115e+06
  1.262151096132886e+09  2.581416556600758e+06 -2.163097540950408e+06
  1.262604346659577e+09  2.054670162424132e+06 -4.268299384049996e+06
  1.261687423659686e+09 -2.703683459133921e+06 -5.717422607703119e+06
  1.262985422708959e+09  3.126834713534787e+06 -3.791439284818003e+06
  1.264254871872213e+09  3.246083287693922e+06 -1.045761623618815e+06
  1.266189251742270e+09 -1.934418280605728e+06 -2.545033608575953e+05
  1.261700032864068e+09 -1.412080779417369e+06  8.858346511258170e+05
  1.261351123490482e+09  1.557995469272901e+06  1.178386727138429e+06
  1.262663037875462e+09 -1.335770402333165e+06 -2.337558684059623e+05
  1.263166070201923e+09 -3.715778713268151e+06  2.712709805344428e+05
  1.263071771027241e+09  3.140681474583919e+06  1.096687157058771e+06
  1.262263944316158e+09 -1.398626521450089e+06  1.460577305164400e+05
  1.262163957806764e+09  4.288770887080110e+05  1.312042880836658e+06
  1.264125579415431e+09 -2.094808618908447e+06  2.797519894399130e+06
  1.263436591615494e+09  4.446135843419192e+05  1.047381789992901e+06
  1.261538275682364e+09 -2.926920182734143e+06 -8.970844645284507e+05
  1.264685095242180e+09  2.541854240813543e+06 -3.536565670808619e+06
  1.262153304459617e+09 -1.825093934672036e+06 -7.693787921822083e+05
  1.260939037059904e+09 -2.849747027588211e+06  1.956332712677187e+06
  1.263327238765926e+09  1.690853272531930e+06  1.606374956191084e+06
  1.262885487649753e+09  3.521922428686480e+06  1.341178724304207e+05
  1.262225347619080e+09 -1.954828074040171e+06  9.014715336198559e+05
  1.261585559122180e+09  4.749832467245250e+05  2.048938009408315e+06
  1.261066306518415e+09  5.316481771444874e+05  3.614489043937020e+05
  1.262501636213008e+09  1.440316229489618e+06 -5.228445938390883e+05
  1.263686009443109e+09 -3.465314665504879e+06 -2.249331234058581e+05
  1.263206908552520e+09  2.258346042609424e+06 -1.866451263260512e+06
  1.264604810949508e+09  2.200598630360659e+05 -1.565308476862286e+06
  1.268798000061696e+09  1.783819087481487e+06  7.948116052016634e+05
  1.266958875756215e+09 -4.486244401876000e+03  4.311365693228922e+05
  1.262833297325488e+09  1.530294712231144e+06 -1.712125337720692e+06
  1.260624304018477e+09 -3.357747658311587e+06 -3.444598236987753e+06
  1.262135746448923e+09  2.534055869753814e+06  4.302586446326890e+06
  1.264873066343319e+09 -2.864805276255501e+06  1.027157834840531e+06
  1.263196854184815e+09  7.252500980624600e+05 -6.576358442418508e+05
  1.259030222982739e+09  1.050157383479682e+06  1.350515970465486e+06
  1.264492295366136e+09  2.631212848218897e+06  8.166725704173677e+05
  1.263375394311242e+09 -5.720515172225847e+05 -1.100118632632503e+06
  1.261536416660067e+09  2.034689395315459e+06 -1.626330692990742e+05
  1.266321040523468e+09 -1.515887481351281e+06  7.900861888305098e+05
  1.263869195433967e+09  2.151634787405576e+06  1.374479980955531e+06
  1.260795074516955e+09 -4.757136064581049e+05  1.274533377028021e+06
  1.264121845347403e+09  1.646532179616767e+06 -8.605067960183853e+05
  1.261939761880286e+09 -2.298690828810858e+05 -1.739509088062651e+06
  1.262230150685400e+09  3.560567578614012e+06 -4.573547892499749e+05
  1.261882412752539e+09  1.421618752689848e+06 -1.323189798228496e+06
  1.262997123879837e+09 -6.246165180115661e+04 -1.423762217588370e+06
  1.264507658495413e+09  1.004963974842007e+06  2.652370429061421e+06
  1.263656450093282e+09 -7.088694055311962e+05  5.204661920261281e+05
  1.261061516324837e+09  4.112174603115991e+06  9.877065062439478e+05
  1.262609768355814e+09 -7.632516689145643e+05 -5.671763268401339e+05
  1.261579244113323e+09 -1.780979529017093e+06 -7.819284116941262e+05
  1.266126697151673e+09 -3.559688920503302e+05  1.162484766837753e+06
  1.259093130205490e+09  3.267517456895256e+05  1.720336324962272e+06
  1.261498287837860e+09 -3.706788024115184e+06 -4.400679416794347e+04
  1.263702808814263e+09  2.185388182163600e+06  1.010129625685900e+06
  1.263667987861603e+09 -1.511031257641537e+06  1.974037467183049e+06
  1.264041045394348e+09 -2.345232310501338e+06  2.843697655389543e+05
  1.263828073032549e+09 -1.258255318288087e+06 -1.675438132784264e+06
  1.261892119799485e+09 -3.610314712658807e+05 -2.649039461843261e+06
  1.259683956685213e+09  2.529345899473689e+06 -1.166027521823463e+06
  1.262120361080052e+09 -2.902696857411253e+06  1.387391872725317e+06
  1.261659587640897e+09  2.615530867080815e+06  7.466311111068677e+05
  1.261919491517815e+09  9.477760187880975e+05 -1.007995460079680e+06
  1.265397166419244e+09  9.868477282478974e+05  7.154395453449201e+05
  1.259378357560419e+09  1.533259503188424e+06  3.207863934075513e+05
  1.260635185466446e+09 -7.605659361365736e+05 -6.926796252510149e+05
  1.263751590390078e+09  3.986782002131101e+05 -2.565310733366137e+06
  1.262785129257055e+09 -1.985660967690076e+06 -3.714612373177414e+06
  1.262519600958591e+09 -1.649280957364364e+06 -2.214707581793822e+06
  1.262303490073258e+09 -4.752266805704836e+06  5.327834865939028e+05
  1.264524014508371e+09 -1.994516905225191e+05  2.885673554189198e+06
  1.258468045405408e+09  5.586607812973846e+05  3.204438632384521e+06
  1.260411187598179e+09 -5.485677376580335e+05  1.326429343642279e+06
  1.261768926298024e+09 -8.187987193711950e+05 -4.177552621843521e+05
  1.261459337054350e+09 -1.237555286104790e+06 -1.877855828461533e+06
  1.262006515494264e+09  1.109626408788508e+06 -2.296546169084112e+06
  1.263537781832323e+09 -1.968297860670561e+06  4.650880520327529e+04
  1.261467183148775e+09  5.687747813900969e+06  1.633785221508778e+06
  1.263575810526823e+09 -1.532256337793272e+06  1.043329503314063e+06
  1.265704799901084e+09  2.293921417418277e+06 -1.295835815386683e+06
  1.266304354571061e+09  4.595666875595694e+05  3.195619469244395e+05
  1.262074209802065e+09 -1.370275655028525e+06  1.954597036786858e+06
  1.263572046206095e+09  3.983209234871833e+06  2.335584949815522e+06
  1.262238420960733e+09 -1.804904304256398e+06  3.541144106684711e+06
  1.266086101519930e+09 -1.939262467007836e+06  4.409596148281630e+06
  1.260473560513526e+09 -1.972433215132689e+06  1.197346182256450e+06
  1.262081726199256e+09 -4.684724729782684e+05 -3.582530054042706e+06
  1.263975132121072e+09  1.928036896063385e+06 -4.798531622886538e+06
  1.262116483891074e+09  1.901368192090648e+06 -1.702259558679734e+06
  1.262650624529964e+09  5.097153950855542e+05  2.606382248826458e+06
  1.264594134305136e+09  2.009413196765517e+05  4.172809890747355e+06
  1.262290274468355e+09 -3.355511566089608e+05  2.765084227879623e+06
  1.263203729725250e+09 -9.762599660706336e+05  2.598823462732026e+06
  1.261415451121926e+09  4.009408382180262e+06  2.985866828428021e+06
  1.261696121727500e+09 -2.231723984014301e+06  4.044664068101215e+05
  1.261788243851083e+09  1.818491581920292e+06  1.224516114440749e+06
  1.267581436017850e+09  1.407959509275533e+06  4.196845330856621e+05
  1.262428623486663e+09 -5.695676142875508e+05 -1.384309369470787e+06
  1.265199363156062e+09  3.476638213942090e+06 -2.579057579966411e+05
  1.263315549617742e+09 -1.707122071963322e+05  2.814962882737409e+06
  1.261583302403357e+09  1.104826951515068e+06  6.044163687998564e+05
  1.263075767157323e+09 -1.692665883857356e+06 -2.948127804087250e+06
  1.265142722567449e+09  7.358918647583900e+04 -2.184036039546723e+06
  1.266306274133490e+09  2.433452794799553e+06 -1.110223487782469e+06
  1.262886708668091e+09  1.926565826516828e+06 -1.809638878903789e+06
  1.263124870656594e+09  1.010471956137331e+06 -1.237529416346553e+06
  1.266697437721392e+09  2.405736274403219e+06  5.183308264246666e+05
  1.261411583456480e+09 -1.305782109375112e+06  1.165433755050158e+06
  1.257859721554533e+09  6.479831551083807e+05  1.561318877414097e+06
  1.259716729307404e+09 -1.395550957053712e+05  3.380144553373438e+06
  1.260924244647893e+09 -3.544524652420688e+06  3.052697298637730e+06
  1.263860544323087e+09  3.685656584572206e+05 -2.962995865682943e+06
  1.263797128931092e+09 -1.089266481148007e+06 -2.325986027203750e+06
  1.264802699230891e+09 -1.122717340502427e+06 -1.229762224255790e+06
  1.264833823132998e+09  1.873546297860436e+06 -2.087140788321597e+06
  1.262491007250488e+09 -1.416834416611481e+04 -3.162935775602823e+06
  1.260288157045346e+09  3.760675584089628e+06 -2.292191544418287e+06
  1.261843672446232e+09 -4.934552009240868e+06 -3.371630861041361e+06
  1.265051037090117e+09  6.282392485231900e+04 -3.974520349569218e+06
  1.267094714051211e+09  1.382106780496504e+06 -1.329759456058146e+06
  1.263338782845220e+09  4.815941813011965e+05 -3.799607149128378e+05
  1.260270750460482e+09  5.573350900127115e+05 -6.913703998386371e+05
  1.260808324749252e+09  2.779357552729771e+06 -1.711190362213702e+06
  1.262134158962808e+09 -9.291479774106917e+05 -3.839972846385347e+06
  1.261825600789016e+09  8.583417734705566e+05 -4.462066873757461e+06
  1.267514897268494e+09 -2.599402739034285e+06 -4.328923770303879e+06
  1.262104057280036e+09 -3.495681769048669e+06 -3.684294538773701e+06
  1.259063822001387e+09 -1.601403845889170e+06  1.733229121480438e+06
  1.261277529825335e+09 -2.327680935056712e+06  3.167074078647637e+06
  1.263872934887778e+09 -1.788657033872912e+06  1.962998466943611e+06
  1.262916280142674e+09  2.904798973645661e+06  7.486950276826890e+05
  1.262655966373011e+09 -1.201770935278072e+06 -1.136341403769138e+06
  1.260942105423636e+09  3.268701880885164e+06 -4.354452547627570e+05
  1.262312396150404e+09 -4.302305821978839e+06 -3.233404123314022e+05
  1.263466453421639e+09  1.935141718681103e+06 -1.863472892410446e+06
  1.261875662084907e+09  1.011060270112469e+06 -9.005881163706423e+05
  1.266146552562132e+09 -2.146585059051509e+06 -1.056496213464476e+06
  1.264078787376312e+09 -6.648387557461928e+05 -2.740577536211719e+06
  1.262330793179154e+09  2.600011041667509e+06 -1.758533454415447e+06
  1.261496368855768e+09 -6.171614867563391e+05  3.093255939689355e+05
  1.268085655448659e+09  3.096005776188675e+05 -5.322984195569131e+05
  1.264948010235859e+09 -4.301668785224344e+06 -3.510511938974804e+06
  1.264821988235506e+09 -1.687717105781730e+06 -2.875329096985756e+06
  1.260754834160979e+09 -1.650027491157720e+06  5.754650913783656e+05
  1.262128087327967e+09 -4.094701351143008e+05  1.789029187211188e+05
  1.264135553829559e+09 -1.941812760387606e+06 -1.727794446968642e+06
  1.263571777398126e+09  2.420001209592090e+06 -8.614316324012488e+05
  1.262334760831496e+09 -9.323472702055218e+05  1.860808673931770e+06
  1.258416480724440e+09  3.773756605178419e+06  1.912636065594955e+06
  1.263996534043875e+09 -2.296827594048816e+06 -3.916332646966697e+05
  1.264834329260365e+09  4.648178246445397e+06  2.131544343099475e+05
  1.265162785961929e+09  2.940222564599491e+05  7.308746585266999e+05
  1.264039419488524e+09 -2.263562239470382e+06  4.148167493795636e+05
  1.263686631430272e+09 -1.054703264704535e+06  2.790799595275820e+05
  1.258414372643770e+09  2.812904972507744e+06 -7.641741691676383e+05
  1.261372697531522e+09 -9.969105772949789e+05 -1.042621127747297e+06
  1.263020532514379e+09 -3.790548876873686e+05 -2.028873781147332e+06
  1.263637660993799e+09 -3.056361336761292e+06 -3.504488294649990e+06
  1.261922491095386e+09 -7.083308947838573e+05 -2.285339335989020e+06
  1.264831847073198e+09 -4.525801668451797e+05  1.319394473738499e+06
  1.262640652790205e+09  9.620496029353186e+05  2.019780034757711e+06
  1.260708733457966e+09 -2.755731514952991e+06 -9.225086151358369e+04
  1.258754522483034e+09  1.239742797037056e+05 -5.844095963247183e+05
  1.262662536360638e+09  1.354481605077027e+05  6.457593107525208e+05
  1.263737582858252e+09  4.453724145336768e+06  3.754520299726739e+05
  1.259284035742631e+09 -2.279267785251904e+06  2.526296367007192e+05
  1.263039882140354e+09  4.876742774573767e+06  1.797642100957676e+06
  1.264836505046868e+09 -3.741427315800892e+05  2.489460580958527e+06
  1.264492410155894e+09 -6.999202714735633e+05  3.124412731259806e+05
  1.262654051486887e+09  6.676798622798943e+04 -2.321456253056281e+06
  1.260214919560681e+09  2.509147368660164e+06 -1.425824276689694e+06
  1.259445241853145e+09  3.658730885875470e+05 -8.408663880406469e+05
  1.265137685303934e+09 -9.151663116064356e+05 -1.945612854449462e+06
  1.260077442076428e+09  9.223904450650017e+05 -1.178642525859624e+06
  1.260193551916365e+09 -2.213095139345327e+06 -2.754407376713476e+05
  1.264339262505597e+09 -1.384617017541373e+06 -1.383548075616650e+06
  1.259659080860798e+09 -1.442510745548228e+05 -1.378990706482734e+06
  1.263521993425360e+09 -2.265474044323396e+06  2.742286129283575e+06
  1.265232383424032e+09  7.492798739620456e+05  1.511426117379703e+06
  1.265845289072431e+09 -1.357984344498286e+06 -1.836880993909472e+06
  1.263542232662249e+09  2.365525440624472e+06 -4.295494876698195e+04
  1.260577239970690e+09 -2.043450286495538e+06 -3.680847174647740e+05
  1.262314537017029e+09  1.714135320000938e+06 -3.121982364966138e+06
  1.263868827946099e+09 -2.889693629624927e+04 -2.541260431961793e+06
  1.262024811475577e+09 -1.726989123230633e+06 -1.685505508097130e+06
  1.264136410630848e+09  1.541489155109590e+06 -1.132695287863083e+06
  1.262023882560117e+09  7.635626597966139e+05 -1.224899477696430e+06
  1.265172737351859e+09  3.527587961929643e+05 -2.204841370891392e+06
  1.263282257021247e+09 -1.554293965210278e+05 -1.273593532659663e+06
  1.263716115510707e+09  2.846406207300879e+06  1.757984884131858e+06
  1.265088238195971e+09 -3.329680478689552e+06  2.249460556995534e+06
  1.265060897171141e+09 -8.462664926707121e+05  8.684643168578658e+04
  1.266598716853762e+09 -9.553244045345574e+05  2.345438933125407e+06
  1.263778083624516e+09 -1.362760602029415e+06  1.604063346638913e+06
  1.262181760087085e+09  2.431288376127350e+06 -1.075430659767757e+06
  1.263749129018367e+09 -3.972607113581686e+06 -2.899346576006128e+06
  1.265805751970983e+09  1.938648368662378e+06 -7.526144928001907e+05
  1.261703540305042e+09  2.671815119559609e+04  3.023543326598737e+06
  1.263143930761686e+09 -1.985552337880699e+06  4.613463910112223e+06
  1.262305740284475e+09 -1.420512015490861e+06  3.692696183553277e+06
  1.264877320578009e+09 -2.184822592658347e+06  4.472117025716787e+05
  1.264703545710674e+09  1.355123005361236e+06 -3.129338422776776e+06
  1.265481206105059e+09 -1.411164734796047e+06 -3.231255635962760e+06
  1.265307133561784e+09 -1.533729267479463e+06 -1.239342415313309e+06
  1.264711052834398e+09 -3.945749406857742e+04 -6.201184440545749e+05
  1.263581783089901e+09  2.295508988924102e+06 -2.098493921158727e+05
  1.265476473392309e+09 -2.421986580651958e+06 -7.974228309599740e+05
  1.262208261097765e+09 -1.382083924633764e+06 -4.462122205150651e+05
  1.260216825201717e+09 -2.715650271785369e+05  2.216405332722843e+06
  1.261950815203583e+09  1.441545107507036e+06 -7.415877559395984e+05
  1.265624189545210e+09  2.727305983058084e+06 -3.001705014714778e+06
  1.261128337679533e+09 -3.299840539710327e+06 -1.272009226784059e+06
  1.259757432940714e+09  2.228264102444049e+06  8.210943091662630e+05
  1.264819675070556e+09  7.409402663579689e+05  7.517915226211011e+05
  1.263472806735641e+09 -2.521647988960638e+06  6.172168435882658e+05
  1.265784441174270e+09 -3.063790563936477e+06  6.192925812386060e+05
  1.266146449011675e+09 -1.735284892254811e+06 -5.823493069623451e+04
  1.264848932342004e+09 -1.032026191677663e+06  1.613119107857220e+06
  1.262051793435080e+09 -2.019977772910662e+06  3.845712496232642e+06
  1.260343635123712e+09 -1.903302764361425e+06  1.470165238855751e+06
  1.265092050756559e+09 -2.248586547848703e+05 -2.580126889259377e+06
  1.263545869986477e+09  2.307395963622605e+06 -4.995308242171567e+06
  1.263957638025047e+09 -1.081383487348530e+06 -4.861111141877557e+06
  1.260405598745090e+09 -2.371140445816645e+06  1.114809238887888e+06
  1.267840091551416e+09 -1.219740394809883e+06  5.637871982368039e+05
  1.264418096880790e+09  3.556581803994960e+06  1.477257313353206e+06
  1.266436186718680e+09  2.613975756368885e+06 -2.408379235970116e+05
  1.262601894990620e+09 -1.459542962418859e+05 -1.936547886907329e+06
  1.267011857011444e+09 -5.877824920734302e+05 -4.157557510171891e+05
  1.262291726268925e+09  4.472077803674466e+05  8.236030500263604e+05
  1.261246819819640e+09 -5.839731346923052e+05  1.322497343914187e+06
  1.260277719055274e+09 -3.884760116479015e+06 -3.685074120578717e+05
  1.262406489389541e+09 -1.514535448444260e+06 -2.631912552014383e+06
  1.262309921755924e+09 -3.124302012310080e+06 -1.280980703234110e+06
  1.258655727351390e+09  1.362485135665755e+06  1.357023908433151e+06
  1.267027109514548e+09 -7.013788815248836e+05  1.905921397406386e+06
  1.261792940464581e+09 -7.622312429303580e+04  3.391296481375126e+05
  1.264489988958450e+09  8.316402201248846e+05  7.053379624816582e+05
  1.264773061228381e+09 -7.534565435706722e+05  2.146961087862997e+06
  1.264975532308735e+09 -2.297214597904327e+06  1.808083207678659e+05
  1.262812472136614e+09 -1.345071902795437e+06  8.462818158088429e+05
  1.262530578402606e+09  2.108994674511493e+06 -1.092576230010981e+06
  1.264738883895012e+09  1.655529430636092e+06 -2.140616843179831e+06
  1.263670601414633e+09  2.047784007788564e+06 -3.786271910377076e+05
  1.263342449952623e+09 -3.054946804702583e+06  9.001075847056962e+05
  1.263229038768578e+09  1.736553834053959e+06  1.520491992494608e+06
  1.262454052217848e+09  1.497459937968203e+06  1.986790764219098e+06
  1.266943652473923e+09 -3.515527473206544e+06  8.623170510252920e+05
  1.259794734089181e+09 -5.497849305252463e+04 -6.526481089374366e+05
  1.263419322430141e+09 -1.320080794850482e+06 -1.523201277536506e+06
  1.263253451629581e+09  3.424453133427450e+06 -1.067355694770371e+06
  1.263894617955966e+09 -1.211931353347812e+06 -6.352105129592922e+05
  1.267586823068221e+09  1.727039418080163e+05 -4.066707449179180e+05
  1.265097493384656e+09 -1.337495793046820e+06 -6.365258538850996e+05
  1.259924177743665e+09 -1.069772473929427e+06 -1.168412474069932e+06
  1.260629853417810e+09 -4.545672454775997e+06  1.572438142326623e+06
  1.260594807700228e+09 -5.032999955319690e+05  1.283713868360519e+06
  1.261057969962547e+09  3.007070145758246e+06 -8.655609974778038e+05
  1.262419922207433e+09  2.266712374073837e+05  1.152351356905039e+05
  1.261703633330686e+09  2.234720209864704e+06  2.105618955303303e+06
  1.265443356219845e+09 -3.329369166148263e+06 -4.374322713064593e+05
  1.264751063562447e+09  1.137636586806723e+06 -2.880654611489737e+06
  1.260887629007007e+09  3.398457002182290e+06 -7.195285802717219e+05
  1.265469177768095e+09 -6.041730352048523e+05  1.252943736262025e+06
  1.264813502805633e+09  1.004987457172132e+06  7.274772227007991e+05
  1.264146708984550e+09 -4.955805641706829e+04  7.384964946686268e+05
  1.262503148671891e+09  1.977251144272993e+06  1.121195046265702e+06
  1.261481722102894e+09 -2.799618120014217e+06  9.557280774773273e+05
  1.264124795581715e+09  6.439285534485405e+05 -5.313665292447506e+05
  1.264724122573549e+09 -2.548818995460033e+06 -2.080828992847822e+06
  1.260648837714086e+09  2.039259638476891e+06 -7.611130879721070e+05
  1.263041499167595e+09 -4.415515416450965e+06 -3.313634654659479e+06
  1.261433035005677e+09 -1.236699670736522e+06 -4.845645918293690e+06
  1.259891562374621e+09  3.602004300336760e+06 -2.522521558793830e+06
  1.261682376012047e+09 -1.793765986350880e+06 -1.014727993093053e+05
  1.264675811519114e+09  1.163787845313288e+06 -7.086582489227815e+04
  1.262970732496179e+09 -1.149338586407240e+06  6.053420344553302e+05
  1.260482142648701e+09 -1.019609926313396e+06  2.190034045936045e+06
  1.261278452659477e+09  3.389278755028821e+06  1.303977351122613e+06
  1.264266343765377e+09  3.871842969588917e+05 -9.937536081291705e+05
  1.262616746293100e+09  1.310863295263938e+05 -2.664546770373906e+06
  1.263383942266578e+09 -4.718912338866599e+05 -2.803449167535129e+06
  1.266218730172991e+09  1.106686513667840e+06 -2.237533707399128e+06
  1.267357494945880e+09 -1.502768056728677e+06 -2.663301618840159e+06
  1.266248956119204e+09  4.243653566552709e+05 -1.839964042762032e+06
  1.264098412994649e+09 -2.865853279529660e+06  5.461913109708838e+05
  1.263921185954992e+09  5.826536458811173e+06  1.485427766172756e+05
  1.260943146059935e+09 -2.164116681515257e+06 -3.068189768974606e+06
  1.266829814053458e+09  1.178194113682293e+06 -2.573008577943481e+06
  1.266160147946541e+09  3.626433647254602e+05  1.138405543088750e+06
  1.261757648504667e+09 -2.341898522796256e+06  2.157420240970497e+06
  1.263602868117957e+09  5.528953078328019e+05  6.435415801752903e+05
  1.260615927426149e+09  1.111956889096460e+06 -7.234285701995760e+05
  1.263015725987824e+09 -2.081223176508675e+06 -6.776571860091111e+05
  1.263886847465469e+09  2.992190385704092e+06  5.426236526892899e+05
  1.263794351240710e+09 -1.847481948555855e+06 -9.432464368028829e+05
  1.263537221650287e+09 -1.449120529993792e+06 -2.896484278094026e+06
  1.263064340728177e+09 -3.032825670808784e+05 -1.461971833010359e+06
  1.262259049680668e+09  5.009859638605170e+05  1.414743397864423e+06
  1.263084969146451e+09  1.484663177687243e+06  3.053466452309401e+06
  1.263352193038333e+09 -1.785256186078225e+06  6.665137259888455e+05
  1.261911795631626e+09 -8.276163198121774e+05 -2.360258153811257e+06
  1.263712953216004e+09  4.971516110872445e+06 -2.264289394311680e+06
  1.263552988197483e+09 -1.753582847474521e+06 -8.775110439796110e+05
  1.261652397689704e+09  1.192626763754216e+06 -1.581674600864381e+06
  1.263578622831191e+09  1.885186556533599e+06 -1.619071277840737e+06
  1.264979308235133e+09  5.654822821092018e+04 -1.152772404748571e+06
  1.266129042569931e+09  1.515585671594160e+06  7.539605312647152e+05
  1.259955372590365e+09  2.923006954490571e+06  1.028665306659064e+06
  1.261668122995594e+09 -1.380797848025677e+05  5.647058157315386e+05
  1.262276994514165e+09  1.760900094077235e+06 -9.009170713149107e+05
  1.262917474861181e+09  1.636630760226656e+06 -9.479696189216285e+05
  1.261655664562568e+09 -3.699981117390248e+05  2.223243189924984e+05
  1.263221178605587e+09 -8.213917692679197e+05 -4.771858039437396e+05
  1.260083041667986e+09 -1.399175689691464e+06  3.437652640042018e+05
  1.263190390056050e+09  1.230814838997900e+06  3.286893274109337e+05
  1.259726994572105e+09  1.683899192602311e+06 -1.088194764449401e+06
  1.261759725926654e+09  2.958232427477594e+06  5.779682915314821e+05
  1.262548636798861e+09 -2.109163487026118e+06  1.432390172975678e+06
  1.265850450908405e+09 -1.053215396535519e+06 -2.592475219543496e+06
  1.262506974582866e+09  2.326457608773192e+06 -1.109697810230211e+06
  1.261005234817246e+09  5.385514898518225e+06 -3.963303940101530e+05
  1.265672843746565e+09 -1.585331591930473e+06 -3.292780018747866e+06
  1.260712671220115e+09  4.217315828055118e+06 -2.827210606444993e+06
  1.259828683352683e+09  2.363929556570572e+06  1.623961059969989e+05
  1.261670970654373e+09  2.065660139679721e+05  2.448757065868302e+05
  1.264951127215911e+09 -6.628248573632189e+04  2.115881278300927e+05
  1.257753105733279e+09 -5.510362801322736e+05  8.123743831292299e+05
  1.261039373183992e+09 -3.205674826613754e+06  4.581388531952817e+05
  1.263476914993482e+09 -7.982122696020795e+05  4.684281251549676e+04
  1.261839384539746e+09 -8.299268305796707e+05 -1.106561044836385e+06
  1.262144304322068e+09 -2.405648338561963e+06 -1.636904386066578e+06
  1.264419381619921e+09  1.829274564883826e+06  1.093487548451835e+05
  1.261211431814633e+09  1.933346889757678e+06  1.025459834495108e+06
  1.264389081811019e+09 -3.104870041903766e+06 -7.558008373912664e+05
  1.266411170058208e+09 -2.069376509325515e+05 -1.410722115455569e+06
  1.264713770480295e+09  9.189408199753487e+05  3.775202315219498e+05
  1.260847444595883e+09  2.523964045221616e+06  3.204422705870175e+06
  1.262092581252606e+09 -2.994656766924935e+06  4.048476086650264e+06
  1.262231097765069e+09  6.171342767702451e+06  2.397265287360166e+06
  1.265540034045042e+09  1.464122430116910e+06  8.705646999850408e+05
  1.263148045370069e+09  2.831813860424550e+05 -9.665821579901802e+05
  1.262900016516800e+09 -1.081003619631224e+06 -4.990853821428641e+05
  1.264524827653772e+09 -1.127751227396400e+06  2.510353354193333e+06
  1.260029315274222e+09 -3.601865760576427e+06  2.776509917946094e+06
  1.260024724689375e+09 -2.515232649471419e+06  1.126709018724955e+06
  1.263593718287103e+09 -6.973620963715739e+05  1.550093060101173e+05
  1.263010909202069e+09 -3.361064756501624e+06  1.191033290966798e+06
  1.262146526395493e+09  2.378991466169316e+06  2.412411891485891e+06
  1.259677350179697e+09  4.002179949566082e+03  5.903480315004517e+05
  1.258949012939577e+09 -2.306680962253996e+06 -1.498579336284854e+06
  1.260936422938594e+09 -4.656607820995487e+03  2.461988634621925e+05
  1.265822450614169e+09  1.219868654498383e+06  1.012706745349486e+05
  1.262042840395741e+09 -1.078791994983044e+06 -3.983980803724754e+05
  1.264168642139974e+09 -1.960894379820490e+06 -5.596963148885898e+05
  1.262685749582357e+09  7.070428273085307e+06  7.368485150437268e+05
  1.261686121568902e+09  2.155261077953129e+05 -1.955955378853439e+05
  1.263378958982408e+09  6.673348374505610e+05 -8.684980132188157e+05
  1.262283163429080e+09  7.920005102587779e+05 -1.288523097487052e+06
  1.266461207988501e+09 -5.696823926950760e+04 -2.685480307710588e+06
  1.265244325180035e+09 -6.041754728840345e+05 -2.814283208195947e+06
  1.262271536915188e+09 -2.310755933288771e+06 -1.943570442845139e+06
  1.264262417695278e+09 -1.647058524574000e+06  9.933853431216592e+04
  1.263007239154537e+09 -1.674806597719608e+06  1.630437034746720e+06
  1.256750617112591e+09  2.733701222172308e+06  1.886468258329305e+06
  1.260588062800933e+09 -7.945272066276601e+05  3.099962676400213e+06
  1.259492194755971e+09 -1.392549605684666e+06  2.588520936786074e+06
  1.261302476500144e+09  3.656191166173834e+05 -7.672911045650525e+05
  1.263673902521945e+09  2.268501382705818e+06 -9.490944968608959e+05
  1.265036459706277e+09 -2.868753871262360e+05 -3.741308890060584e+05
  1.264664458109476e+09 -1.466873078601596e+06  6.454682793597425e+05
  1.262741857188831e+09  5.750481927734829e+06  1.037839754403593e+06
  1.259788563138657e+09 -3.221837979883397e+05  1.402862655275789e+06
  1.259590579924612e+09  1.356993059619434e+06  2.117447810866928e+06
  1.263741150450726e+09  4.371436283337312e+05  2.008748061639760e+06
  1.267053882368756e+09  5.808748621185571e+04  6.055425891488628e+04
  1.263840653268370e+09  9.260737424862257e+05 -1.554334586941414e+06
  1.257182098536996e+09  8.066043368833307e+05 -1.399185549834952e+06
  1.262277284991310e+09 -1.327307032487807e+06 -5.702275159618763e+05
  1.261204448130120e+09 -4.183776679346706e+05 -3.820101336077355e+05
  1.259434877698954e+09  2.083929188264305e+06 -1.619281608138087e+06
  1.266876357401732e+09 -8.978470364003342e+05 -4.492488327761333e+06
  1.261434508299633e+09 -2.484654374081844e+06 -3.563404968961657e+06
  1.261476375575574e+09  1.029883809738230e+06 -5.732008461999649e+05
  1.260683850295346e+09  2.017879943667231e+05 -3.238009868946641e+06
  1.264029297196781e+09 -1.833512388416486e+05 -8.294800211881028e+05
  1.260557886440955e+09 -1.171273436598370e+06  1.514529850981844e+06
  1.261124105026788e+09  2.673282592587678e+06  1.609197769385847e+05
  1.261068715564770e+09  1.144973087305249e+06 -1.254552892933979e+06
  1.261147418128198e+09  6.947478642454833e+05 -1.124006219311704e+06
  1.263895205357092e+09 -2.554382160010517e+06 -8.077975872021071e+05
  1.264966924542086e+09  4.928516382718979e+05 -2.099837620066711e+06
  1.262722126520793e+09 -2.537566368598101e+04 -2.587614238355768e+06
  1.263675808111756e+09  1.611074609173982e+06 -7.796566420520726e+05
  1.263232469129323e+09 -9.264212219389153e+05 -1.037989433654619e+05
  1.260095727913958e+09 -6.355402372928571e+05  4.570148114097916e+05
  1.267563683471621e+09 -8.470107497379225e+05  1.100063834372990e+06
  1.261733319726314e+09  6.033382919802254e+05  1.366177916037021e+06
  1.266253570010538e+09 -1.611248214734869e+06  1.955111001015508e+06
  1.259816419564673e+09  3.793297437820304e+04 -1.347556810615243e+06
  1.261708087282173e+09 -9.844003876025378e+05  1.282677246801705e+06
  1.268428561468701e+09 -1.158709508966609e+06  5.230406207613487e+05
  1.264270946945793e+09  3.365506794872603e+04 -3.920908766817484e+06
  1.262724104081242e+09  8.999741305280473e+05 -5.207517618213432e+06
  1.259580310038323e+09  1.239267666389822e+06 -3.254680702772378e+06
  1.260500659315541e+09  2.404111927175094e+04 -1.362747073949828e+06
  1.264292558616836e+09 -1.615928441652075e+06 -1.041533769897414e+06
  1.264441575737266e+09 -3.352553973548181e+05 -1.005560123125272e+06
  1.265408566201445e+09 -7.575657902344274e+05 -7.184246191924287e+04
  1.262846371687026e+09  7.107074343058350e+05  3.295577457331289e+05
  1.257040430282727e+09 -1.773029404163577e+06  1.108660237438122e+05
  1.260325633455209e+09  7.113033407576225e+05  1.061205782340290e+06
  1.261723230885072e+09 -2.963666064473653e+06  8.551550908947979e+05
  1.262167210148171e+09  2.328649762732490e+06 -2.848037380191999e+05
  1.262409933236311e+09 -1.616432418942807e+06 -1.254113875122637e+06
  1.264346773246845e+09 -1.386002258916327e+06  4.062193666350284e+05
  1.262279845406497e+09 -8.210280203224143e+05  7.227302815906543e+05
  1.260832062858427e+09  7.518449997224013e+05  1.313732716020968e+06
  1.259781755294031e+09  1.041581301593995e+06  5.803453652090728e+05
  1.263830512230437e+09  8.587083413507517e+05 -1.525604500052450e+06
  1.263070862117803e+09  3.540281693438365e+06 -2.641850029309036e+06
  1.259077249409934e+09 -1.250206741282404e+06 -8.973094696523176e+05
  1.259255028907054e+09  1.259093036439160e+06  1.247514800906354e+06
  1.262463783906119e+09 -8.130697127575696e+05 -5.535429081748142e+05
  1.264573267990432e+09 -2.141983447001266e+05 -2.945179359141622e+06
  1.262134267197881e+09  1.020044962823858e+06  1.111798027440440e+06
  1.261668776601253e+09 -6.135468642965062e+05  4.414024083510390e+06
  1.262623925123563e+09  2.800055703573372e+06  2.284585612948122e+06
  1.264652078584053e+09 -1.229154319591597e+06 -4.508100841013241e+05
  1.259349385332885e+09  5.783848726981443e+05 -1.986427920621565e+06
  1.261939530967760e+09 -1.564552426964734e+06 -7.733241341214119e+05
  1.263757378807221e+09 -2.279173950037048e+05  4.114132748356149e+04
  1.263422131381134e+09 -1.576910186082366e+06 -1.789461591057898e+05
  1.263499991136063e+09  1.729266598837345e+06 -3.620897180339840e+05
  1.264239755984606e+09  4.286425271233230e+06 -7.577788759604084e+05
  1.263038190800409e+09  3.502278823403802e+05 -4.780506246235705e+04
  1.261172417301651e+09  6.384110152410700e+06 -5.389295093126873e+05
  1.261950207247423e+09 -4.081866867640659e+06 -2.045486904418288e+06
  1.264077318525064e+09  6.627903569171858e+05  7.753292444575265e+05
  1.262427369359019e+09 -1.116332468056713e+06  1.909056779959529e+06
  1.261568087661693e+09  1.561242471241195e+06 -1.846853596904151e+06
  1.263913106244970e+09  1.649650381946543e+06 -2.198391733991096e+06
  1.260216653531280e+09  2.908495231636192e+05  5.907046385423126e+04
  1.264257138599969e+09  1.855668006778501e+06 -7.692384135675383e+05
  1.262572497337081e+09 -8.904171682093132e+05 -3.838658220807260e+05
  1.261569092951608e+09 -2.272082381305151e+06  1.955861676865939e+06
  1.263178507641757e+09  2.451684142298573e+05  1.355022206887306e+06
  1.263821084007175e+09 -6.227519473296008e+04  2.798350850221050e+06
  1.265885105947819e+09 -1.630538352846277e+06  1.276409255884576e+06
  1.264478780142913e+09 -1.531937329684027e+06 -1.542839534884367e+05
  1.262370063541776e+09  5.510216742501975e+06 -2.484572558323849e+06
  1.263225957490114e+09 -3.577479347880503e+05 -2.928454468456867e+06
  1.264241574421037e+09  3.445534478475430e+06  1.261502060497374e+06
  1.264247762888006e+09 -2.483948732924860e+06  2.521597765589658e+06
  1.264169817435088e+09 -6.948559786728364e+05 -7.468759115511621e+04
  1.261711704160874e+09 -2.524598209238516e+06 -2.133738390337829e+06
  1.263788914324841e+09  2.205632933525223e+06 -4.263263012464874e+05
  1.263394938355546e+09  4.672546709954890e+04  2.095220210149068e+06
  1.269360225714161e+09 -5.242459974495840e+05  1.260280534709965e+06
  1.262844077444472e+09 -1.735902586539886e+06  2.126395939448300e+06
  1.265943498023654e+09 -2.094877234982732e+06  3.886444312066871e+06
  1.264338943578194e+09 -2.533465687286306e+06  2.659739166456218e+06
  1.264461773470040e+09 -6.562504450907635e+05  2.285777407147640e+06
  1.262642484164067e+09 -3.327837423211911e+06  4.978123451504596e+05
  1.262861668815449e+09 -1.691533870837685e+06  1.789166328662169e+05
  1.262635850117195e+09 -1.933915340877738e+06 -1.557335840750349e+06
  1.265283446855389e+09  2.267584445579647e+06 -5.587039865833601e+05
  1.261069383150624e+09  2.095717565654719e+05  6.823517608598602e+05
  1.258258769761936e+09  4.833820555115279e+05 -9.023300960746426e+05
  1.264873873434474e+09  1.622911649769417e+06 -1.376831370203372e+06
  1.260628953736905e+09 -2.369094416512854e+06  1.022737653972156e+06
  1.265704435502026e+09 -2.715387156568363e+06  3.366770512024319e+06
  1.265003152920617e+09 -4.110801549129515e+05  1.325869766566458e+06
  1.267787073153269e+09 -2.295712831788882e+06 -2.563730247922327e+06
  1.264902672827341e+09  1.246336483595442e+05 -2.362992854781214e+06
  1.260098077546271e+09 -3.666058937499281e+06  3.566972597082162e+05
  1.263785383219906e+09 -7.695951717522884e+05  1.879920257562698e+06
  1.262337372353865e+09 -8.994752925194630e+05  1.203018010038935e+06
  1.264406230005874e+09 -3.287655369620722e+06  2.533505537753395e+04
  1.260344808232271e+09 -3.131639909016087e+06 -6.017772127916648e+05
  1.264088158396689e+09 -2.599698469787622e+05  1.174230408533842e+06
  1.264669964857232e+09  1.746132992331696e+06  3.357384738302613e+06
  1.266972813240182e+09 -2.039348920789403e+05  1.966231267223526e+06
  1.261280835643976e+09  1.109512512217301e+06 -8.207511198547119e+05
  1.265706047724257e+09  1.441355891414240e+06 -2.336105403771980e+06
  1.264239290587543e+09  5.634154937999520e+05 -1.277063391598342e+06
  1.262295667902297e+09 -3.300328878838336e+06 -1.163761266422083e+06
  1.260492742291235e+09 -5.183144287301796e+05 -3.102193015744003e+06
  1.262326822263686e+09 -3.836813765791195e+06 -2.252475947584738e+06
  1.263543307697120e+09  1.525308693461097e+04 -1.414868262218351e+06
  1.259661877334839e+09  3.454269616769542e+05 -2.569899569277149e+06
  1.265950580446704e+09 -1.292671830299960e+06 -2.705900570958990e+06
  1.261547804441236e+09  2.043179448399111e+03 -1.011041808606022e+06
  1.263200596283006e+09  1.672520306617487e+06  1.088157152858406e+06
  1.265048976348709e+09 -1.775742340905385e+06  7.158106378985480e+05
  1.263802214985217e+09  2.684999004680578e+05 -1.295748984599767e+06
  1.264593826981211e+09  9.947928412337357e+04 -3.971697197551901e+06
  1.265405648377385e+09  4.024824507314735e+06 -1.697233124856801e+06
  1.263845047251031e+09 -4.059237074477507e+05 -1.675155593188985e+05
  1.263599764762870e+09  3.477738277989786e+05 -6.702993687148046e+05
  1.264402132474651e+09  1.722591248204421e+06 -1.026295050223325e+05
  1.263889923188130e+09 -1.871923752546404e+06 -5.600794569140439e+05
  1.263716511057863e+09 -2.846494152929406e+06 -5.109072496392224e+05
  1.266485646926336e+09  1.809348434544540e+06  2.278212468679701e+05
  1.262093851762828e+09 -5.493410319062229e+06 -7.486382018755233e+05
  1.264133194012420e+09  3.388543368107726e+06 -1.710579960782036e+06
  1.261514006757591e+09 -7.959749152708476e+05  6.826516831952864e+05
  1.264477237628131e+09  4.734193161464152e+05  1.907303337275853e+06
  1.266240034988378e+09  9.452779144065632e+05  1.649122136634352e+05
  1.261303790380610e+09  3.045339883034942e+06  7.434603709979396e+05
  1.261837861192183e+09 -1.293910183273730e+05  1.598467875821917e+06
  1.260784106509081e+09 -1.382160115754943e+06 -3.555480945788889e+06
  1.258145019948599e+09 -3.646756618112726e+06 -1.949023977478908e+06
  1.261055972464244e+09  2.276449653991276e+06  1.089520593620608e+06
  1.263869113178743e+09  1.946075136090467e+06  1.961316698796934e+06
  1.259938071528506e+09 -5.263583575105270e+05 -7.426101083171241e+05
  1.263573066790181e+09  2.954023029103014e+05 -1.604693010695887e+06
  1.264072859194687e+09 -2.508902810109292e+06 -5.652823763116539e+04
  1.260843645937636e+09 -2.252108028864965e+06 -1.409904486687814e+06
  1.265567271978791e+09  1.823830069100999e+05 -3.590811798401324e+06
  1.265821950192146e+09 -2.313179655309842e+06 -4.204961062116940e+06
  1.263682310361664e+09  1.633791145418939e+06 -3.591631441070856e+06
  1.262871265803644e+09  2.706391869238152e+05 -2.522318626042129e+06
  1.260464694998984e+09  9.906995911044376e+05 -1.840530774874194e+06
  1.265325832394500e+09  2.758698953563908e+06 -7.336578783839403e+05
  1.266154432496769e+09  2.084103429623923e+06 -4.522777741042660e+05
  1.259308589684822e+09 -1.997734453663561e+06 -2.277108143957690e+06
  1.261042715496123e+09 -4.170308662578217e+06  1.285519056651389e+06
  1.262300794691723e+09 -5.080690091926146e+06  3.490083874444818e+06
  1.259669229208021e+09 -1.877446575113619e+06  2.487488298575763e+06
  1.263671326335282e+09  3.643165444268282e+06 -1.349223099643931e+06
  1.267349239667176e+09 -9.295730690809288e+05 -2.431627413566876e+06
  1.263706782463136e+09  3.303382933305510e+05 -9.116967070697105e+05
  1.260434808591253e+09 -2.771369200258456e+06  7.619609824165878e+05
  1.262285534010529e+09 -1.436125668035751e+06  1.794732781247832e+06
  1.263882897269562e+09 -7.918657185774470e+05  1.192833645658887e+06
  1.261236219449322e+09  2.471049454251165e+06  5.755842495734864e+04
  1.260774178368080e+09 -1.892908280384569e+06 -1.158779818065653e+06
  1.263862569324266e+09  6.811866958201635e+05 -2.539168095065603e+06
  1.264969905469747e+09  2.351204578260276e+06 -1.047090966474375e+06
  1.261155602851071e+09  2.623784986557080e+06  1.988479650290115e+06
  1.264337934910319e+09  1.888593734103630e+06  1.475251191579795e+06
  1.266204303116047e+09 -2.621391090421907e+06  3.478814761477293e+04
  1.261053552288270e+09 -3.024466314698157e+06  2.031903273686917e+06
  1.266113448414124e+09 -2.243807705268969e+06  2.936207792262308e+06
  1.265611880345267e+09 -2.459567085232462e+06  1.659643227326975e+06
  1.263210359603114e+09  1.843486024506245e+06 -6.216513062334317e+04
  1.264925704618934e+09 -7.297563598149797e+05 -1.637546542566993e+06
  1.261712528718751e+09  1.777631884556622e+06 -4.558260396647311e+05
  1.264692219194247e+09 -1.465118315690629e+06  1.788952532300906e+06
  1.261869592677254e+09  3.290517659932500e+05  7.887132810071192e+05
  1.263063052766931e+09  1.206226937976473e+06  4.276942669243881e+05
  1.264558029706583e+09  2.318230326914794e+06  1.236871411693108e+06
  1.263540733530944e+09 -2.187661078231027e+06  9.558667068548182e+05
  1.262829706717056e+09 -9.710459804046428e+05  2.392071286153218e+06
  1.264614878139476e+09  3.130723014740655e+06  3.836893585670349e+06
  1.262602541390878e+09  1.939528727809181e+06  1.546022679060433e+06
  1.262309236267607e+09  2.611712380309992e+06 -1.261379502926216e+06
  1.263328245484871e+09 -2.207252777497970e+06 -5.798677326162229e+05
  1.265434460260906e+09 -4.103383184695158e+06 -8.620457724936793e+05
  1.261828778216444e+09  5.857345643292790e+05 -4.333327228779644e+05
  1.264713675023165e+09 -5.567326424943784e+05 -1.345580299623849e+06
  1.264821759501248e+09 -5.006234092076867e+06 -2.263279168877801e+06
  1.267338115806125e+09  1.393655551611130e+06 -2.319476293460333e+06
  1.261376606771944e+09  5.368536089469891e+06 -2.937153902545534e+06
  1.259446388326779e+09 -3.969275070303051e+06 -2.753160372759666e+06
  1.262046602316619e+09  2.627253385919529e+06 -2.029234595735854e+05
  1.262434884453896e+09  2.551326986302591e+05  2.456503577522998e+06
  1.260007454327961e+09  1.006315243845014e+04  1.774461742049448e+06
  1.262090901118960e+09  1.367822310918268e+06 -2.919698517842257e+05
  1.259746131233039e+09 -2.944561942280537e+06 -2.465243508051714e+05
  1.265580292592849e+09 -6.641964157215403e+05  8.022290337497956e+04
  1.258989722045494e+09  2.001828015207838e+06  1.771595419375282e+06
  1.262705613156065e+09  7.183820596260310e+05  2.968131578122981e+06
  1.262317773814403e+09 -1.505096931068098e+06  4.697819121556606e+05
  1.264719312289360e+09 -5.586170891431046e+05  2.289018048720815e+06
  1.263223101907374e+09 -1.976377964090982e+06  1.198784436046305e+05
  1.260446212572252e+09 -2.006243491315729e+06 -2.507071202090268e+03
  1.265739417807744e+09 -3.671060452117770e+06 -1.167986473677824e+06
  1.260697119038716e+09  2.106826992826607e+06 -2.008143034419642e+06
  1.259524214382359e+09  2.813672767945654e+06  4.872487107537418e+05
  1.262776541451824e+09 -1.509313553496302e+06  1.609029573709297e+06
  1.264050144761889e+09  6.107485928303290e+05 -1.692396405524723e+06
  1.260379601275231e+09 -6.028586237909102e+05 -2.722328041924086e+06
  1.263289616808576e+09  4.233381641074097e+06 -1.252471499737876e+06
  1.262968657130943e+09  2.676997211740794e+06 -2.194378968962085e+06
  1.262875723745850e+09 -1.847406456086483e+06 -5.069843135589073e+06
  1.262355925115760e+09 -1.490781109524598e+06 -3.599060916922493e+06
  1.264076672389924e+09  1.210210888693769e+06  2.265667649251079e+06
  1.261677788479969e+09 -3.532866342197023e+05  4.544983615497818e+06
  1.261471291948407e+09 -6.456158063870774e+05  4.226515915417315e+06
  1.264258548071471e+09  1.078223005849400e+06  2.131289352570845e+06
  1.262780924112502e+09 -6.605910312603092e+05  2.380643045534986e+05
  1.261449578990302e+09 -2.249480453736570e+06 -5.991484476645943e+03
  1.264181666330699e+09 -1.815056998475221e+06  2.904542307263125e+06
  1.263407314204429e+09  1.070386701372315e+06  4.232415120525123e+06
  1.264246260789608e+09  1.233655060727965e+06  2.142121398314927e+06
  1.263815705216312e+09 -8.164495558636407e+05  1.338954470290075e+06
  1.261646977938635e+09 -1.485439743458671e+06  2.693378515589902e+06
  1.262515083055691e+09  1.588929485028150e+05  2.364615734418584e+06
  1.260257282502386e+09  3.068571352243207e+06  1.676487111260735e+06
  1.258882093657466e+09  1.433491085108539e+06  1.272383517450131e+06
  1.262183091057310e+09 -1.404707460638824e+06 -2.154753602790548e+05
  1.261487721472558e+09 -2.091930725319945e+05 -9.124191055792239e+05
  1.262121906233286e+09  8.654854179888684e+05 -1.075093895791756e+05
  1.258920027456212e+09 -1.097981584606296e+06  1.242769682236370e+06
  1.258370299585079e+09 -5.536738258593898e+05  2.332408400311321e+06
  1.261123558969383e+09 -6.246677231584694e+05 -5.359120191779807e+05
  1.262818487259260e+09  1.167007748584301e+06 -1.076714088431675e+06
  1.262294110020004e+09 -2.404015602706848e+06 -1.667609334364636e+06
  1.261828739144686e+09 -2.916156966487258e+05  6.660119434146127e+05
  1.262997995637671e+09  1.345790769644917e+06  2.480371076433479e+06
  1.263180833048133e+09  1.380503339571754e+06  3.195322267462011e+06
  1.261828532518596e+09 -9.286969504005479e+05  3.143318937943427e+06
  1.261414620798683e+09 -1.931494786360470e+06  1.435650145863977e+06
  1.265202289137555e+09  1.119380011546465e+06 -1.930449629561293e+06
  1.266057993438101e+09  1.489674904204990e+05 -3.149507745916697e+06
  1.262249585233289e+09 -5.244934245696822e+05 -2.641450609986371e+06
  1.263131403439764e+09  2.083015179372350e+06 -1.972845055073625e+06
  1.264446220607466e+09 -4.144930430279588e+05  8.703729028691386e+04
  1.260574275300681e+09  1.439790390388509e+06  1.399763532593147e+06
  1.262448796985385e+09  8.089035300204176e+05 -3.747854452848290e+05
  1.259312331605371e+09  4.835546659273740e+05 -1.937160733625230e+06
  1.260204546321269e+09 -2.606014454329215e+06  4.328104379238863e+05
  1.261997290615465e+09  1.066384005367066e+06 -1.108898734361443e+06
  1.264678135835256e+09 -3.213431158855449e+06  2.323978338034145e+05
  1.265163351330413e+09  2.452265851317037e+06  5.959178899299506e+05
  1.262002849632071e+09  7.794459883048609e+05 -1.909787174750051e+06
  1.260474542297482e+09  5.216195831753871e+05 -3.452225331355785e+06
  1.259999551464163e+09  4.693438125583176e+05 -1.233944385519160e+06
  1.259410143562742e+09 -2.820673462617989e+06  1.162586239059727e+06
  1.265437454267188e+09  1.081671106804448e+06  1.705070196943068e+06
  1.262823266281974e+09  7.758008177702981e+05  2.188430855735720e+06
  1.258118710027564e+09 -1.413815120532800e+06  1.906409057457167e+06
  1.265033159312464e+09  5.168799563317340e+06  6.009349178482192e+05
  1.259701503144102e+09 -1.849149804488714e+06 -8.357822494896196e+05
  1.260695376844333e+09 -2.560387767613831e+04 -1.908218934616734e+05
  1.266220021669240e+09  1.546857165136863e+06  2.377378716401012e+06
  1.261948862033234e+09  3.172870516502637e+06  2.878628489373772e+06
  1.263331912700597e+09 -3.682769660197177e+06 -2.400210813448042e+06
  1.262159817396289e+09  2.919577671162491e+05 -3.728088275265636e+06
  1.263578181614547e+09 -1.402993745734388e+06 -1.598521958087416e+06
  1.261685550533467e+09  2.145788052309564e+06  1.296677246893760e+06
  1.261368554697368e+09 -1.648820217048063e+06  2.354537281804015e+06
  1.262730816672697e+09  4.583835648629162e+05  1.341235169384969e+06
  1.262520699692023e+09  2.043174249604679e+06 -5.581926870944027e+05
  1.263844146439547e+09 -3.246008712166019e+06  1.006996218701803e+06
  1.265460632091717e+09  2.299677748437748e+06  3.525055246139159e+06
  1.261736201414046e+09  2.375784114637417e+06  3.360229719142334e+06
  1.262976464948791e+09 -1.733973691813285e+05  1.709270795611557e+06
  1.261226991106678e+09  3.879452018221772e+06 -1.556695629074218e+06
  1.261911127558518e+09 -3.668289238270263e+05 -3.567833276351579e+06
  1.265327184722738e+09 -2.067731711737495e+06 -1.269414121521159e+06
  1.262607040569974e+09 -8.370821778008502e+05 -1.045010056176525e+05
  1.264831579408376e+09  5.370179353562566e+06 -1.091336745305898e+06
  1.260599862451262e+09 -9.670479967854200e+05 -4.083436980956773e+06
  1.261203466640932e+09  8.210629072751712e+04 -3.354890612512284e+06
  1.266132758744339e+09  2.125612580962297e+06 -8.540130539716189e+05
  1.262468248448386e+09  7.199297612944670e+05 -4.565287059877727e+05
  1.262340182487288e+09 -3.466459413233196e+06 -2.090980284227113e+06
  1.260403177248589e+09  1.274516205253690e+06 -1.597720570177653e+06
  1.258419320450416e+09  2.328732297860898e+06 -6.364889289923003e+05
  1.264354205752365e+09 -9.292129494826681e+05 -1.985612292646097e+06
  1.264534472053300e+09  3.670244671324781e+06 -3.500844013403280e+06
  1.264118746232427e+09  3.301098102895116e+06 -3.804173459596802e+06
  1.261584682592222e+09  1.398095574856331e+05 -3.179509964122999e+06
  1.258819928006216e+09  2.136594546361481e+06 -1.765814687429545e+06
  1.261828054994012e+09  2.232899726387205e+05 -1.117365739138104e+06
  1.260791927181291e+09 -1.041239739637848e+05 -9.573736876778761e+05
  1.262570356665334e+09 -3.536212112902897e+06 -3.322811748150180e+05
  1.262704021431928e+09  5.181862087367943e+06 -1.872806123598392e+06
  1.264607345291818e+09  7.577126392678589e+05 -1.998635835427229e+06
  1.263610492655318e+09  1.876658185157765e+06 -4.347791101145846e+05
  1.262280489574916e+09  1.838772914654212e+06 -3.926516524117637e+05
  1.261256646558238e+09  1.937387104337911e+06 -8.023310489456501e+05
  1.263830070605795e+09 -2.702329743903951e+06 -1.255396855487927e+06
  1.261639030183620e+09  1.206818119823566e+06 -2.409479312374965e+06
  1.261363478923391e+09  1.081757513040334e+06 -1.710703843471213e+06
  1.259112534184926e+09 -4.184051283184902e+05  1.060641458086473e+06
  1.262726387703650e+09  2.299885594382599e+06  2.394117911459562e+06
  1.263355761285789e+09  3.003962587401431e+06  1.273445566695407e+06
  1.262888302278638e+09  3.578076856210827e+05 -7.860942795242170e+05
  1.264670627815882e+09  1.749531775922142e+04  4.205412285612315e+05
  1.265915605280679e+09  3.081861429742605e+06  2.218715446475991e+06
  1.262905547711234e+09  3.326839058585708e+06  1.770530623307301e+06
  1.262619554304462e+09 -4.194201830951205e+06  2.579266325789455e+05
  1.264642559817797e+09  1.293638707678551e+06 -2.151291881022540e+06
  1.264428679439835e+09 -1.057044257951141e+06 -2.098571421788284e+05
  1.266641177073264e+09  1.236815298247596e+06  3.221028437863941e+05
  1.264490282775350e+09  3.613960994300632e+05  5.499547049729067e+05
  1.264057452666784e+09 -2.469835292646331e+05 -7.830157586694101e+05
  1.265010042303053e+09 -8.202920937483837e+05 -1.271980527827191e+06
  1.259913596336115e+09  1.938595640726550e+06 -2.086659806062145e+06
  1.261464748127363e+09 -7.441447329620523e+05 -2.239834286002611e+06
  1.263506888106225e+09 -1.097365296388759e+06 -1.170165353510399e+06
  1.261521166676070e+09 -6.940397986378521e+05 -2.623779029997834e+04
  1.262341360882995e+09  4.860550595052486e+05  2.348290109336400e+05
  1.261307716334137e+09  2.691016855584491e+06 -5.733924602448923e+05
  1.260714594263516e+09 -1.686585192655538e+06 -1.821170951463343e+06
  1.260913688314131e+09  5.738458285280642e+06 -4.253488537698855e+06
  1.263808435229334e+09  5.711756885606363e+06 -5.692684947721126e+06
  1.260945414704398e+09 -3.671336473487962e+06 -2.966681676171667e+06
  1.261637859865646e+09 -2.177985637599331e+06  5.247247256717266e+03
  1.263880316751571e+09 -9.898567582054501e+05  3.262441133917473e+06
  1.264765245591023e+09 -1.120588094459075e+06  1.434571281449090e+06
  1.264207475202883e+09  1.916231597259277e+06 -6.882289302358708e+05
  1.261947916146397e+09 -3.650659227658732e+06 -2.427086647528727e+06
  1.262289683261654e+09 -1.913053437300401e+06 -2.700451665713411e+06
  1.262342702442690e+09  3.583684004435037e+06 -1.282617947539162e+05
  1.266528791807923e+09 -5.017005066869806e+05  1.624477889465462e+06
  1.263327025814710e+09  8.456003318687433e+05  1.701207954067424e+06
  1.262133333692663e+09 -1.470885065693208e+06 -2.125005755682843e+05
  1.264490480383576e+09 -7.320626257280190e+05 -1.587399786552249e+06
  1.263580066483838e+09  3.678422844241993e+06 -1.555907099260924e+06
  1.267702168981598e+09 -2.166236300183581e+06 -1.428916422904414e+06
  1.262903194102338e+09  2.425318894097940e+06  1.787340115970633e+05
  1.264711802662900e+09  5.110633868991332e+06  3.765976856525397e+06
  1.263599379516789e+09 -4.019408367115310e+06  5.619313855850036e+06
  1.261396942943762e+09  4.205197451421248e+05  4.197787179747708e+06
  1.264520889548190e+09 -2.131422757460789e+05  1.602360036158919e+06
  1.265523686320298e+09  2.663659795297371e+05  8.662014501779280e+05
  1.263475830229660e+09  1.564855480774900e+06 -1.965723388253955e+06
  1.263803569112269e+09 -2.584397706567490e+06 -1.082071131577967e+06
  1.263554913260919e+09 -3.653489879151763e+06  1.294496038833300e+06
  1.260158137213521e+09  4.336168154428372e+06  1.950206521440090e+06
  1.263583002932984e+09  1.435531574569791e+06  1.630203599195347e+06
  1.260159421398775e+09  2.581444096716962e+06 -5.451377389362453e+05
  1.263995515024618e+09 -2.886001354265754e+06 -1.550827400655624e+06
  1.263249439084047e+09  1.587825996374967e+06 -1.328314660540616e+06
  1.265999705719954e+09  4.107346260796081e+06 -1.066852730666488e+06
  1.266391348319401e+09 -2.930303675143701e+06 -1.112135618241639e+06
  1.260038145054772e+09 -7.084300301453890e+05 -1.519605039010177e+06
  1.263609404097234e+09  6.160611302717440e+05 -2.043324208159669e+06
  1.261017842514713e+09 -2.685185624951798e+06 -2.084238108116579e+06
  1.267336490902143e+09  3.663984103821347e+06 -3.656116066770649e+05
  1.259768769227719e+09 -2.329428999671972e+05 -2.520079679226639e+06
  1.260370609467369e+09  8.684739996306769e+05 -6.861252578825660e+05
  1.263913897448912e+09  3.408251215244323e+05  4.074209394799783e+05
  1.264600652378951e+09 -9.492301308000262e+05  1.427365055561709e+06
  1.262338375761279e+09 -2.250125948834821e+06  2.324812254047494e+05
  1.263404300240586e+09  3.339343553103219e+06 -3.063987103456405e+06
  1.264066045115416e+09  8.535868672853759e+05 -3.017242864131866e+06
  1.263580436484414e+09  2.343231371239441e+06 -2.750875309946327e+05
  1.259976119081044e+09 -3.631902119366709e+06  1.735274649011865e+06
  1.262220688016332e+09  2.998109114978494e+06  1.807147690056841e+06
  1.262815198970025e+09  4.327943520633573e+06  7.052034416858510e+05
  1.262582084287573e+09 -2.746814466132620e+06  4.849418821324363e+05
  1.265165321240555e+09 -2.689582973791078e+05  1.319766626722021e+06
  1.261004774763501e+09 -1.295920501197529e+06  7.120944019314786e+04
  1.262613469208355e+09  1.744745368649952e+05 -2.568013189703922e+06
  1.262219322480530e+09  1.971232509622246e+06 -3.470653026368982e+06
  1.262795668856030e+09 -6.148688871129921e+05  8.923207759442593e+05
  1.261959300918482e+09 -1.628044463175453e+06 -1.393692524527974e+05
  1.268315459765319e+09  3.161002818236319e+06 -1.819640277018570e+06
  1.262560121795477e+09 -2.114632700488507e+04 -2.165680457941684e+06
  1.262538850228231e+09  7.095724382420665e+05 -8.113901741433247e+05
  1.264402931183005e+09  1.557726823046404e+06 -2.166074188219129e+06
  1.263150331613461e+09 -2.524270317735540e+05 -1.072555490741407e+06
  1.263485635386082e+09  6.891793179415789e+05  2.480493752327682e+06
  1.264409235522643e+09  2.733234682725382e+05  1.741857969213389e+06
  1.263579264588773e+09  1.629489373282039e+06 -1.890480678589813e+05
  1.264315153280001e+09  3.077415054353219e+06  2.034229758905314e+05
  1.261147302819774e+09 -7.758502474242034e+05  3.603574255439327e+05
  1.263793850604024e+09  5.675368976054962e+05 -1.831404564520071e+06
  1.263218726508707e+09  2.050396263318412e+06 -2.392065782766842e+06
  1.259214689796603e+09  5.319111401876397e+05  3.311761609376221e+05
  1.263454347355209e+09 -3.845138527045496e+05  1.845173946930940e+06
  1.259905794530580e+09 -6.571804882476139e+05 -2.722074676425806e+05
  1.259285740388235e+09 -3.093832570098669e+06 -3.049075956678874e+05
  1.259264279008775e+09  4.414439176585109e+06 -1.439847719341369e+05
  1.265331023920642e+09  1.313552704525764e+06  9.141120104918504e+05
  1.260112886893836e+09  2.389563096132095e+05  7.393409371423521e+05
  1.264712205540056e+09 -1.943111743401354e+05 -3.964523256267324e+05
  1.261419537962510e+09 -2.801657366271678e+05 -1.609123923625425e+06
  1.260435078752638e+09 -3.135038957706534e+05 -1.052455204490081e+06
  1.262309114968048e+09  5.666558039329223e+05  5.729455060530590e+05
  1.263624565122159e+09  1.301840264811527e+06  3.823798449257006e+05
  1.263788142105109e+09  2.333760392487849e+06  1.027361657676169e+06
  1.263422239215831e+09  1.225857347884745e+06  1.558065204770055e+06
  1.261596532690796e+09  5.882344414405676e+05  1.556165172132112e+06
  1.265274665826239e+09  3.557300191774162e+06  4.311883531157249e+06
  1.263557514988500e+09  2.455675825694197e+05  3.799485846501561e+06
  1.260640447101381e+09 -1.737287356047790e+06  2.573574907447020e+05
  1.262748321354724e+09  1.611672822533774e+05 -4.345698563723463e+05
  1.263973103585426e+09 -6.722766961082115e+05 -2.505114475137070e+06
  1.261655870839689e+09  2.852252741898995e+06 -3.879371659552589e+06
  1.266062581584807e+09  2.816434936589686e+05 -4.763816888499407e+06
  1.266986866433868e+09 -2.436868158555792e+06 -4.852795186343479e+06
  1.262838085405709e+09  2.099637021341021e+05 -1.537463568562300e+06
  1.263261353527596e+09 -1.817394073526673e+06  1.889554296477360e+06
  1.263496870233176e+09 -3.338064126931083e+05  1.164946098838576e+06
  1.262561623350169e+09 -2.458554048298470e+06 -6.223614448422313e+05
  1.262920961083303e+09  7.358947935085521e+05 -1.759897444935921e+06
  1.260854220937448e+09  1.804096727730356e+06 -1.214857294365424e+06
  1.262063606218125e+09  1.086632590913684e+06 -5.653708539072135e+04
  1.264260591230775e+09  7.166038020944373e+05  1.327731308826179e+05
  1.260271350151806e+09  1.207590509136635e+06 -4.993811296062265e+05
  1.263280546698845e+09 -1.776021013148200e+05 -1.600296950624614e+06
  1.265944991200926e+09 -2.894215804567837e+06 -6.246604714463165e+05
  1.261194664114516e+09 -2.333788788866963e+06 -1.062190922186189e+06
  1.263941198114276e+09  2.263194875815594e+06  7.694598845150268e+05
  1.263592437181582e+09  1.348459495948805e+06  2.441440186565598e+06
  1.262349197937581e+09 -3.054141901064655e+06  2.789808848417728e+06
  1.266348968921607e+09 -1.601293590156956e+06  2.124618135970191e+06
  1.263298406075404e+09  3.852687083559795e+06 -2.757495998756897e+05
  1.263341550182092e+09 -4.124724662159168e+06 -2.989255593680308e+06
  1.262200611061193e+09  1.341211162616122e+06 -8.819022479231547e+05
  1.262697518866501e+09 -1.179283657115209e+06  2.175455373276609e+06
  1.264172575657877e+09 -1.735183939575722e+06  2.352709715664176e+06
  1.262938766411191e+09  5.301418704693688e+05  1.368362488302032e+06
  1.262569464216908e+09 -1.795344458384263e+06 -7.586254626706968e+05
  1.263672958722414e+09  2.605662432083589e+05 -1.993748526009807e+06
  1.261404301539713e+09  1.042268184392009e+06 -2.788764237606315e+05
  1.265356413283762e+09 -1.961341716793243e+05 -3.266275864978519e+04
  1.265524849347049e+09 -2.652991163605194e+06 -1.684806330777814e+06
  1.266849025929685e+09 -1.388105484812717e+06  1.141717527128741e+06
  1.263253104136822e+09  9.688027325867540e+05  9.421159770206439e+05
  1.265600716237085e+09  1.623297679070249e+06  1.494738151651291e+05
  1.264075924111392e+09 -2.062033131815974e+06 -8.323290927352887e+04
  1.266996501901888e+09  1.983834322976087e+06  1.427330355573341e+06
  1.262090608325820e+09 -4.696511337602149e+06  1.550295243776755e+06
  1.261092367632638e+09 -2.072834760985160e+06 -1.648369064651918e+06
  1.261925092613717e+09  2.288949167151227e+06 -4.391089962996937e+06
  1.262394926833316e+09  6.052373863780838e+06 -2.659858923966740e+06
  1.263854234612921e+09  4.365029972219951e+06  1.221672795845697e+05
  1.261053256218274e+09 -8.029771896431696e+05  5.162451357192452e+05
  1.260210852971920e+09  1.906912219387878e+05  5.657652352565634e+05
  1.263883555508242e+09  4.414894560356108e+04  7.831258040412209e+05
  1.259437770469587e+09 -1.450219820882947e+06  1.082497512648125e+06
  1.263955906890189e+09 -2.416074092781695e+04  1.488763104122430e+06
  1.263044928369058e+09  4.965157264486925e+05  1.409909377116270e+06
  1.265326953530334e+09  3.350654324305670e+05 -2.866694770258086e+05
  1.263213842756254e+09  2.343044688901915e+06 -1.656308582473153e+06
  1.260431609571992e+09 -2.013885146755038e+04 -1.911714754280377e+06
  1.263400954587142e+09 -2.052739031178078e+06  4.176133874370837e+05
  1.263865040836749e+09  5.524068651939575e+05 -1.469776654301535e+06
  1.264273432840577e+09 -1.380614266289513e+06 -4.764862273967409e+06
  1.264671956141487e+09 -1.107784395911489e+06 -1.322831598231642e+06
  1.262457534189983e+09  1.551257578177040e+06  1.620084804663375e+06
  1.264178141250034e+09  2.249074183744284e+06 -3.298524273113856e+05
  1.263768479726495e+09  2.839729141442022e+06 -3.500279673865149e+05
  1.260858279052438e+09 -2.190292971875573e+06  7.317708477995073e+04
  1.262001901769437e+09 -1.295908239848047e+05 -1.931634949081027e+06
  1.264254687131948e+09 -5.279261038898958e+05 -2.961657147192032e+06
  1.263487931572109e+09  8.858125480856658e+05 -2.903417993424627e+06
  1.264061872855468e+09  2.281480318430740e+05 -2.510873032236478e+06
  1.259187977753999e+09 -7.043106513222804e+05 -1.151644431566506e+06
  1.263634373996199e+09  9.304971195198073e+05 -3.170721651458465e+05
  1.261928835420090e+09  3.111678218266087e+06 -8.205135344879527e+02
  1.263618410919403e+09 -3.953182556945319e+06  5.095716559895138e+05
  1.265115754395218e+09 -2.225707188696614e+06  1.523606440947740e+06
  1.264307855231536e+09  1.268190593268080e+06  2.360055669444353e+06
  1.263775445206933e+09  1.015193998892419e+06  2.650407599817584e+06
  1.263231861790138e+09  2.793702407096477e+05  2.828402014880031e+05
  1.261823140500113e+09 -2.376774361557269e+06 -2.842459278927751e+06
  1.261066504286345e+09 -2.787616818242947e+06 -9.337652738775112e+05
  1.261474894762239e+09  2.934281046604871e+06  1.353207949160204e+06
  1.260945446037901e+09 -3.072427411220633e+06 -1.932817308785045e+06
  1.262277091708966e+09 -2.205614931818637e+05 -4.580117191437523e+06
  1.263448901766643e+09 -1.414662087315871e+06 -4.178957878022774e+06
  1.262366889428573e+09 -5.542078619578388e+03 -2.618228868085573e+06
  1.260445450478451e+09  1.570060461385059e+05 -3.174841976089643e+05
  1.259483859492500e+09 -9.966435224547498e+05 -1.322543445883645e+04
  1.260654436730700e+09 -8.723735866985318e+05  3.252358913569291e+06
  1.264762998196702e+09  4.193728550563498e+06  2.415810770978069e+06
  1.263739994467578e+09 -4.891218560493849e+06  2.842021841484028e+06
  1.262325773352963e+09 -1.919972102701316e+06  2.990563049827956e+06
  1.262587198091564e+09  7.109501744977864e+05  2.007467935354133e+06
  1.262802191435833e+09  6.902774467884540e+05 -4.827502362976674e+05
  1.261831511161226e+09 -4.606968033873976e+05 -3.865763541926716e+06
  1.262465017450842e+09 -3.738548665259170e+06 -3.535076947404710e+06
  1.264077885900475e+09 -2.046249263014502e+06  3.635041314057986e+05
  1.263164512685512e+09  3.238812853236925e+06  1.933355936439211e+06
  1.261392877961671e+09 -2.995143987106741e+05  5.629250339589996e+05
  1.261856393214514e+09  3.088640919038206e+05 -5.033072508573732e+05
  1.264714262013630e+09  1.206406060236319e+06 -1.196248948317297e+06
  1.263086551227158e+09 -1.661989184698554e+05 -5.892764931880464e+05
  1.261849228803673e+09 -7.507265013509495e+05  2.457678530480914e+06
  1.257360840162928e+09 -9.993215815525892e+05  4.194625066510329e+06
  1.262882309600406e+09 -1.458122852081513e+06  2.113491427247192e+06
  1.261278167738051e+09  2.336368292454707e+06  9.421488902707534e+05
  1.264263090870847e+09 -3.576199867315193e+06  5.702581129565334e+05
  1.264557088633015e+09 -1.861562724098000e+06  1.266827320256836e+06
  1.262322714921847e+09  2.783591645382255e+05 -2.045311310300608e+05
  1.262772266839511e+09  4.247525499650776e+05 -1.067068517978715e+06
  1.263905206727626e+09 -1.540234039398877e+06 -3.756867151863814e+05
  1.258653413337502e+09 -3.304714054184808e+06 -5.778236222114068e+05
  1.263513133642189e+09 -1.354748102893896e+06  8.001373215839760e+05
  1.261926950953116e+09  3.320245008921517e+05  2.358869580850007e+06
  1.263550302489601e+09  1.735777163272068e+06  2.639778044496859e+06
  1.265238760776371e+09  6.613013011598678e+05  1.635536228304087e+06
  1.260888390777297e+09  2.612220674633107e+06 -1.928484982633866e+06
  1.263103414719176e+09  2.093364661340064e+06 -3.762707722543720e+06
  1.264458586115383e+09 -2.625939616608467e+06 -7.157442752666117e+05
  1.261897464194991e+09 -1.913060944027008e+06  2.103435645217008e+06
  1.260050837760882e+09 -1.219291946600442e+06 -1.825450805700549e+06
  1.263933390766829e+09 -2.557701100746878e+06 -3.243504347605995e+06
  1.262592962964371e+09 -2.403542092136147e+06 -6.202598333234969e+04
  1.262274160766622e+09 -1.254155498190134e+06  7.231247455938000e+05
  1.261003985612003e+09  2.686012318100824e+05 -9.854432085907665e+05
  1.261988641098690e+09 -7.404176333306466e+05  7.226606607913717e+05
  1.265305272350991e+09 -4.919612726287231e+05  1.635682889089531e+06
  1.263657790040075e+09 -2.459408802739104e+06 -1.112236117453301e+06
  1.262006384226101e+09 -3.724553193866326e+06 -2.160514795661540e+06
  1.263148135868590e+09  4.826425430865557e+05 -1.934725934321157e+06
  1.261986474296250e+09  2.332011819616356e+06 -7.895231796184116e+05
  1.261594786555675e+09 -4.090553452421987e+05 -7.741194106265407e+05
  1.262931417921582e+09 -1.294498582434875e+04 -3.901540319837215e+06
  1.261857695353568e+09  2.566457902769788e+06 -4.277708682166943e+06
  1.265639212703320e+09 -9.955233539020304e+05 -2.436671410464807e+05
  1.263576907811944e+09 -1.177773047129638e+06  1.564026541090752e+06
  1.262913877552226e+09 -1.242053341990364e+06  1.899718475003173e+06
  1.262677702879886e+09 -2.615164423325007e+06  2.474660989209337e+06
  1.262308430461897e+09 -1.349631191928694e+06  1.395660153986094e+06
  1.261307644243715e+09  3.187664414540217e+05  1.386210051669252e+05
  1.261763987851833e+09 -1.110299444796905e+06  2.112918860554291e+05
  1.259705955220520e+09 -9.584005107759106e+05  7.649460679988824e+05
  1.258330714784305e+09  8.436987631387473e+04  4.968628631961853e+05
  1.263439888925196e+09  5.919687746116567e+05  8.421946559520367e+05
  1.266035758201249e+09 -4.166596512563215e+06  9.271221522466049e+05
  1.261266113904960e+09  1.726312659115433e+06 -5.425575724730169e+04
  1.260348941208100e+09  1.960597579872493e+06  5.888515212354672e+05
  1.261511608880473e+09 -2.903031328488951e+06  1.796353011319026e+05
  1.264724720621808e+09 -9.248209972318463e+05 -1.940531497681536e+06
  1.261734582755019e+09 -4.473736115812581e+05 -2.406538330506220e+06
  1.262668908779930e+09  2.405544215658748e+06 -2.245485319415581e+06
  1.261931510935522e+09  1.003515507907110e+06 -6.057736970796249e+05
  1.263295273331784e+09 -8.156082441807673e+05  2.406480726088584e+06
  1.265396934801316e+09  1.116925365923373e+06  1.603367778673797e+06
  1.264826515943482e+09 -5.437624585501468e+05  9.387016763670805e+05
  1.260237908232187e+09  1.346359211941778e+06  1.098504029176625e+06
  1.261217123606817e+09 -1.558211741857885e+06  1.368296393558201e+06
  1.261196291312117e+09 -6.344156742649965e+05  1.073028360118126e+05
  1.263952597721519e+09 -1.555818286021033e+06 -3.639389570116927e+05
  1.259411490606411e+09  2.788108547138434e+06  8.483721978347434e+05
  1.263860103906007e+09 -3.783635383347074e+06  2.199594693700716e+06
  1.262162269545545e+09  3.781730844517708e+05  1.726278773384739e+06
  1.262841607529074e+09  7.063673752784875e+05 -1.012522431096479e+05
  1.264976896302096e+09 -3.661059611448663e+06 -1.605706624696560e+06
  1.265857137611723e+09 -8.482434927265637e+05 -2.606074898427042e+06
  1.260936063493834e+09 -2.880596819352155e+06 -1.874888506797123e+06
  1.263979565268563e+09  2.058814856254557e+06  4.395783814009835e+05
  1.264295403109421e+09  4.262948648048332e+03  2.378155288978415e+06
  1.265887977424374e+09  4.251564351770374e+05 -2.627228790074104e+06
  1.264743395486119e+09  1.677333944042752e+06 -4.268114826162152e+06
  1.265295392466419e+09  1.622331003435709e+06 -1.814386347116207e+06
  1.263062917689982e+09  4.924664154118899e+05 -4.691210010868183e+04
  1.266071440474461e+09  8.965729758584697e+04 -1.048488540555928e+06
  1.261333497295227e+09  8.669578262752360e+05  5.026988522745920e+05
  1.259465418256878e+09 -4.750771645386681e+06  3.179048268278574e+06
  1.262932597543338e+09  2.881942766372904e+06  4.637169723122630e+06
  1.262622270136602e+09 -2.461366456394630e+06  2.690277677761566e+06
  1.262500786795618e+09  1.058904051401519e+06 -2.106890324989140e+05
  1.258974948009961e+09  1.377073967489769e+06 -3.680509171944010e+05
  1.260568738757206e+09 -3.456929134080535e+06  1.704177733065459e+05
  1.261248267429010e+09 -9.493822189956058e+05  3.635772258417014e+05
  1.261934022230586e+09 -2.771942988135009e+06 -7.384256172606421e+05
  1.262705781957556e+09  1.625866012273205e+06 -1.912442362798335e+06
  1.264034496794331e+09 -1.910497673324379e+06 -1.583838558530976e+06
  1.266468049187388e+09  2.031077856361720e+04 -6.710783857693948e+05
  1.264392752246807e+09  3.569589206929879e+05  2.122964892987234e+06
  1.262432041070465e+09  3.130908380203014e+06 -1.925875565596572e+05
  1.261040650677624e+09  1.375007883109271e+06 -3.130854390234815e+06
  1.259045367285296e+09  1.025818291017314e+06 -1.891780934609674e+06
  1.261850817597293e+09  1.835918891883858e+06  6.010888915990846e+05
  1.265863615440234e+09 -5.981449459462075e+06 -9.445684417203022e+04
  1.260359191273400e+09  1.626545241086833e+06 -2.180122796064072e+06
  1.263520010075084e+09 -8.834067108518500e+05 -1.440618427243399e+06
  1.263505067306705e+09  2.133087080626325e+06 -9.133734847382756e+05
  1.264359774561942e+09  2.825697153012891e+06 -1.131212042442324e+06
  1.264661895359014e+09 -3.027356474275917e+06  2.902199282727278e+05
  1.263360437956305e+09 -1.120088642981588e+06  1.188861057979335e+05
  1.263675785785782e+09 -2.565159991298296e+06 -2.390191912757803e+06
  1.262355019468926e+09  2.349247297461963e+06 -4.325116327370458e+06
  1.258854866351053e+09 -1.728218085627965e+06 -4.027695541432919e+06
  1.262987230037267e+09 -2.040476712957313e+06  1.317730029341262e+06
  1.265524024657265e+09 -1.489250477743701e+06  1.959185470480669e+06
  1.263658903679112e+09  3.316461872834254e+06  1.418659950178804e+06
  1.263318825751004e+09  3.896870957142225e+06  7.007193205575701e+05
  1.263869430693510e+09  2.266868929145139e+05  2.064058703881763e+06
  1.264101793670085e+09  3.358756348097633e+05  2.009197721898811e+06
  1.263732213834090e+09 -2.140950209647206e+06  6.817237258092572e+05
  1.261689629742865e+09 -2.001894122936481e+06  5.009556697383567e+04
  1.261954500907636e+09  1.208569983871238e+06 -4.826405512903407e+05
  1.262587981366731e+09  1.570732079426749e+05  4.049837446324971e+05
  1.262484726753828e+09  2.828358986130513e+06  9.315025574924615e+05
  1.265443241350401e+09 -2.602931197065378e+06  1.002462456998348e+06
  1.261307116439403e+09 -1.671742767795860e+06  1.506028320768654e+06
  1.264610469935058e+09 -2.946732426280573e+06  1.467131183953252e+06
  1.262897901201517e+09  1.227958984533372e+06  1.817761764632633e+06
  1.267763125665676e+09 -8.770704329178212e+05  1.661049035318940e+06
  1.259829688411893e+09 -3.068110634201100e+06  2.392180191804783e+06
  1.261844894615542e+09 -2.154722834232382e+06 -7.275275639684165e+05
  1.264679754259357e+09  2.621455831127928e+06 -1.670010845053155e+06
  1.261315782469127e+09  2.286314466534804e+06 -1.518445772595516e+06
  1.267379632265376e+09  1.061263766253115e+06 -8.725830615321607e+05
  1.262145572472928e+09  1.885806354949094e+05  1.638698208118141e+06
  1.262062037106213e+09  1.872571814256345e+05  4.084287428964177e+06
  1.262919061780031e+09 -2.219944797849001e+06  3.840606406451362e+06
  1.259564627796209e+09  3.328773188020701e+06  1.448948844500678e+06
  1.263446832552850e+09 -1.697447182457157e+06  1.503273176441876e+06
  1.263213101966887e+09  1.883700499567834e+06  2.723026854936529e+06
  1.264069812927907e+09 -1.484723286079705e+06  2.125965606123288e+06
  1.262424930775290e+09 -2.278376851931734e+06  6.094741020218383e+05
  1.261470740293243e+09 -2.863306467728479e+06 -9.126323092097095e+05
  1.263270736650419e+09  1.156062902816828e+06  4.983374243746523e+05
  1.259582456165673e+09  1.216286493508730e+06  3.263723188657524e+06
  1.262937385724698e+09 -3.173580551753881e+06 -1.344066726642211e+06
  1.260773265883877e+09 -8.693791399063786e+05 -1.548144070901966e+06
  1.267627546633382e+09  2.446778393601772e+05 -4.727632728004568e+05
  1.261838122908307e+09  4.859624972853678e+05 -8.056092703195732e+05
  1.263369124256166e+09  9.342186256055572e+05 -1.040411668310161e+06
  1.263088471457954e+09  2.174744830846750e+05 -1.335059773684060e+06
  1.262784323064393e+09  2.593482937193757e+05 -2.270842817288083e+06
  1.261797937557774e+09  1.695969303483172e+06 -1.035982655069233e+06
  1.262086350144805e+09  1.228401666114843e+06 -9.814375081285469e+05
  1.263525013652468e+09 -1.634086402320341e+06 -2.104298625933139e+06
  1.263523064630879e+09 -7.514796084917686e+05 -6.828808648355580e+05
  1.261246442504947e+09  3.331198917071534e+05 -2.414408966807078e+05
  1.261926401672416e+09 -2.455271241327361e+06 -2.602032895109914e+06
  1.260762153093256e+09 -4.801071604981601e+05 -4.034164563412377e+06
  1.260544609682121e+09  1.570324833718821e+06 -3.318248282817097e+06
  1.264298633754350e+09  2.690909601997268e+06 -1.607984179929235e+06
  1.259945663138227e+09 -3.214325384081404e+06  1.661202736216459e+06
  1.261846222825275e+09 -1.045586270637027e+06  1.966473351425427e+06
  1.261377345457621e+09 -5.364588375686528e+04  2.903883786878382e+05
  1.265252610516423e+09  1.017817525205544e+06  1.026760483067848e+06
  1.263183153878107e+09 -2.650142945690404e+06  2.020324353684486e+06
  1.266118912115779e+09 -1.756915968982528e+05 -1.623172622824161e+05
  1.261850199265846e+09  2.603475947456257e+05 -2.483007019092067e+06
  1.259894582320302e+09  2.241934635682839e+06 -1.155753003877737e+06
  1.260434428656567e+09  6.919225856117967e+05  7.609704292116857e+04
  1.262940509571787e+09 -8.260027702019466e+05 -1.090692037517835e+06
  1.263421909278628e+09 -3.795969389852445e+06 -7.751156120168241e+05
  1.263640743697135e+09  2.191389244565030e+04  5.933766408430492e+05
  1.262622769592333e+09 -1.883682201855348e+06  2.059729363206885e+04
  1.264180763034158e+09  2.672960046593613e+06 -6.723981924214349e+05
  1.259050420430121e+09  1.377709512126297e+06 -1.886354656091921e+06
  1.258930455718451e+09  1.860859324178329e+06 -1.581317461294631e+06
  1.265514825281278e+09 -1.369643688454921e+06  1.974465672278292e+06
  1.262905583978002e+09 -1.922585484389606e+06  5.178220523309162e+05
  1.263440633754342e+09  2.692729358694130e+06 -8.039020246084769e+05
  1.265344348528937e+09 -9.855079717284858e+05 -4.233441676676894e+05
  1.265673644410906e+09 -2.923288924110612e+06 -1.255565652074388e+06
  1.262204140356381e+09  5.251986641620260e+05 -9.658646253492417e+05
  1.266031811643746e+09 -8.325685348823790e+05  1.597317508977573e+06
  1.265256478332810e+09 -2.707861412646789e+05  1.406788623123626e+06
  1.263757403977065e+09  4.359383347466796e+06  9.370539768990611e+05
  1.264330189437834e+09  2.502748047823331e+05  2.269691919698532e+06
  1.260544571182257e+09 -4.537472098969410e+06  2.448517162129574e+06
  1.262001598875778e+09 -5.734950161963142e+05  3.554843270331886e+06
  1.265167951993026e+09 -7.996669678258281e+05  4.856638508129613e+06
  1.261943918591320e+09  1.412676469274273e+06  2.741498746277032e+06
  1.264333461626482e+09  9.297745632172773e+05  1.989326476900918e+05
  1.263709109476339e+09  1.777756110331222e+06  8.520219806768916e+05
  1.263386708627425e+09 -4.819954925859910e+05 -8.827077327267597e+05
  1.262315110302239e+09 -1.054843658479107e+06 -1.775298003332003e+06
  1.263436390866998e+09  2.780427772277216e+06 -4.824716219147432e+05
  1.261802343592709e+09 -2.739377159766134e+06  9.280842548963393e+05
  1.264813446453119e+09  1.336672886757350e+06  6.912201279876602e+05
  1.263335357521735e+09 -2.053096494571940e+06 -7.477699188164924e+05
  1.261948959992007e+09 -1.564165338318054e+06 -1.165852434304305e+06
  1.265501467378107e+09 -2.852824045617749e+05  4.983330101577069e+05
  1.262052222699082e+09  6.246475564841333e+06 -7.490649038997201e+05
  1.264482212411433e+09  2.640819090452564e+06 -1.712879773500631e+06
  1.259242018959846e+09 -2.724548698596012e+06  6.179514494530828e+05
  1.259448995772101e+09 -1.908281975251848e+05  8.364851599426980e+05
  1.262292591508599e+09 -9.432044128306487e+04  9.638422181889170e+04
  1.261140312973527e+09 -2.245845255982480e+06 -1.587503828094296e+05
  1.264739459339137e+09 -1.573584472467587e+05 -5.827526180439994e+05
  1.264973317039961e+09  1.799638973257871e+06 -3.254978581675043e+05
  1.266765227155156e+09  3.674000558832550e+06  2.752887403035729e+06
  1.263970270623883e+09 -2.100839008559823e+06  1.928325936835867e+06
  1.264938839829355e+09 -4.857920057498025e+06  1.608779875407871e+06
  1.263189141163215e+09 -1.042374228827569e+06  9.247141768261959e+04
  1.264887350014444e+09 -1.446695034153580e+06  2.388154539572910e+05
  1.261991109046582e+09 -1.375074815906118e+06  2.375538197664894e+05
  1.263347381215558e+09  2.727187816578214e+06 -8.112742880507831e+05
  1.262795433497905e+09  5.613245738117435e+05 -1.855651752992373e+06
  1.259580263835184e+09 -3.037429537969145e+06 -3.064205633249900e+06
  1.266351445490860e+09 -6.844461537041427e+05 -1.984964710448621e+06
  1.262810522807350e+09 -1.722297549488553e+06  9.097830062850044e+05
  1.260396774422666e+09 -1.599306558663105e+06  1.437565568490710e+06
  1.261421116730895e+09  2.400750022085251e+06 -2.718905678446760e+05
  1.260382029954154e+09  4.936763142815381e+06 -1.845103443405921e+06
  1.263735021573661e+09  8.246949825823754e+05 -1.559381510019558e+06
  1.263152614872717e+09  3.257700440642045e+06  1.793316903594275e+06
  1.264060344675205e+09  2.150769662282025e+06  2.151977580418527e+06
  1.263133423960048e+09 -1.665263553612925e+06  7.206742897567993e+05
  1.262667223787972e+09 -2.566459748698042e+06 -6.104565731932599e+05
  1.261956420462173e+09  1.147120361844341e+05 -4.180047805895639e+05
  1.264491918795115e+09  1.973018782183965e+06  3.337152416009344e+05
  1.267517797842052e+09 -9.789730483947307e+05  4.006162924659654e+05
  1.263928856994052e+09  2.482676676333015e+06  1.031274186545897e+06
  1.263555934538780e+09  3.088773616593355e+06  1.514003119728435e+06
  1.265497407330222e+09 -1.513380326539322e+06 -2.095799547021877e+05
  1.261872476025475e+09  3.377686512254459e+05 -2.107768996422379e+05
  1.259974924365310e+09  8.740838415458261e+05  1.244361396154916e+05
  1.260783682961071e+09 -8.349666103167699e+05 -9.436680265088116e+05
  1.264098088149777e+09  3.829027321600993e+05 -9.129250392692620e+05
  1.261182786951462e+09  2.511444991966045e+06 -3.416714707858147e+05
  1.265342863353863e+09  1.870815748929367e+05  9.429102715664924e+04
  1.261174966234191e+09  4.519213286398007e+05  1.281560083748887e+06
  1.263072169115547e+09  3.236129837164235e+06 -8.181231915459195e+05
  1.261347365317168e+09 -1.597638048834255e+06 -6.391094567544581e+05
  1.267808574719683e+09  1.207157181221684e+06  6.289955482682057e+05
  1.264350481049302e+09  1.313864242169381e+06  2.046468618356993e+06
  1.262103110852668e+09  7.210735919313059e+05  3.555442127899618e+06
  1.262367697458415e+09  7.385156872845282e+05  3.130003077686453e+06
  1.262210556941256e+09  1.076384690817983e+06  1.776171748321505e+06
  1.262957436040121e+09  1.139936605007941e+06  1.679333725530920e+06
  1.260888599621191e+09  1.058223680992141e+06  1.329572226755767e+06
  1.260466948989662e+09  2.296993667737537e+05  2.544702817673272e+06
  1.262131211879178e+09  4.754646841164464e+05  4.424468621836639e+06
  1.260475050181041e+09  1.394578599266249e+06  3.394091670769972e+06
  1.266020429289867e+09 -2.999205893926688e+06  2.891955733546510e+04
  1.263323505357728e+09 -5.076937761479944e+05 -2.165872158773907e+06
  1.262245051833137e+09 -1.617965471613094e+06 -2.242093188818457e+06
  1.259743829977688e+09 -1.775784130884406e+06 -1.306264844436958e+06
  1.261467310654597e+09  2.690445071391641e+06  1.947508183222964e+06
  1.266440398107654e+09 -6.813008532884405e+05  6.335024166163246e+05
  1.263832744284523e+09  3.592021155429258e+06  1.066489937537179e+06
  1.263399230417198e+09  3.048384062401600e+06 -4.744904850029599e+05
  1.262313648836469e+09 -2.390541581246524e+06 -7.136241301029915e+05
  1.261045385310871e+09  1.953710056612479e+06 -1.585945978546586e+06
  1.262571482489770e+09  3.663649521851751e+05 -3.998977898975000e+06
  1.264060315840024e+09 -1.553969951500623e+06 -2.822689663028748e+06
  1.263677206039859e+09  4.602665032768187e+05  1.419343000257832e+06
  1.259827043728660e+09 -2.671804344805428e+05  2.179768211103780e+06
  1.261858820284472e+09 -3.401310098820239e+06 -2.917338736193172e+05
  1.261140391735716e+09  1.994700035723873e+06 -1.595809415493623e+06
  1.265540435828485e+09 -1.289160025029260e+06 -1.136046786164040e+06
  1.264530579404017e+09 -5.273752774455199e+05  2.733131792990751e+05
  1.261505806509946e+09 -1.936069880626087e+06  4.290181247918265e+06
  1.256591991497712e+09 -9.686124159687994e+05  5.975491415127110e+06
  1.265050184095028e+09 -4.375214998809717e+05  1.116233423498703e+05
  1.262954308101863e+09 -1.360015001738074e+06  2.489233548154432e+06
  1.265210228299732e+09  2.247272422475672e+06  3.985324351206196e+06
  1.262100017417620e+09  7.946253931559073e+05  1.858457296372380e+06
  1.262885355787504e+09 -3.105021055504494e+06  1.127797292803337e+06
  1.263878573047043e+09 -2.544541288299958e+06  1.263412994562037e+06
  1.265919512488775e+09 -6.864280567597825e+05 -1.281735096994396e+06
  1.262051397241753e+09 -1.061200118836685e+06 -3.191944317919172e+06
  1.261434456459735e+09 -8.108063931151973e+05 -1.044045055550019e+06
  1.262695753552497e+09  1.284646291374320e+06  1.665043992885268e+06
  1.267540159538641e+09 -5.090190899737401e+06  4.188424988737550e+05
  1.265075814229038e+09  8.317763250445547e+05 -1.536769620020157e+06
  1.262326078558944e+09  6.391655238696430e+05 -9.903051041978193e+05
  1.262785622641349e+09  8.627112566263495e+05  2.023777457536069e+05
  1.262101359504615e+09 -5.751231022851098e+05  9.986382122078580e+05
  1.260810722552584e+09 -1.016962161281941e+06  5.763288009108437e+05
  1.259061811030642e+09 -1.079953253437244e+06 -1.862265908222089e+05
  1.263440196847499e+09 -3.450104078403995e+06 -1.294913578517631e+06
  1.263393051892297e+09  1.835878034446904e+04 -1.088894918495997e+06
  1.260660150034445e+09 -2.755628197649408e+06  1.370767883765246e+06
  1.261128704629797e+09 -3.257495926192312e+06 -1.039764799341407e+06
  1.260643996165291e+09 -5.141571199650593e+06 -4.907156629185836e+06
  1.265983377192150e+09 -6.967005927156598e+05 -4.661010307359770e+06
  1.265418364794775e+09 -1.142968260138807e+05 -4.000636013267260e+06
  1.261249741347499e+09 -7.671869298408907e+05 -3.531554077374082e+06
  1.263331698754764e+09  2.790456886925361e+06 -2.530366909118754e+06
  1.261612830759724e+09 -3.792785303042942e+06 -2.489903065548927e+06
  1.265664006112055e+09 -1.928697908833517e+06 -1.915828612256856e+06
  1.263913416596310e+09  1.067782059354860e+06  2.167974836606613e+05
  1.260423679514837e+09 -2.710499190529661e+05 -2.091897411360630e+05
  1.265191604347114e+09  5.597891545102535e+05 -1.796794310051184e+06
  1.263535140309971e+09 -7.582132248833789e+05 -1.090026985615513e+06
  1.265130759534083e+09 -1.233295342993641e+06  8.688563158766058e+05
  1.265089567502122e+09 -3.957613123045069e+06  5.694286931745140e+05
  1.262608252415595e+09  2.131796965514575e+06  7.495344404558630e+05
  1.261615578251764e+09  2.794087761373110e+05  1.677907063030777e+06
  1.264087131856071e+09 -5.799568615810773e+05  1.423563467877412e+06
  1.260097867733575e+09 -2.912727896613398e+06  1.501190154723925e+06
  1.258585296288460e+09  1.240136744845457e+06  2.556001926488709e+05
  1.261280602343494e+09  1.838770963376699e+06  7.700777221201779e+04
  1.264430848462446e+09 -9.711579194416043e+05  1.986013536496085e+06
  1.259787525573176e+09  2.114457698089048e+06  2.413663307232006e+06
  1.261903814061815e+09 -9.736163557680915e+05  2.964153470621363e+05
  1.263905089173326e+09 -3.694153450567155e+06 -2.485203546739322e+06
  1.265603174848936e+09  9.289529118000953e+05 -3.240810701455240e+06
  1.263743759644575e+09 -1.159262343565337e+05 -2.212398286280607e+06
  1.262075500735565e+09  4.988386578874770e+05 -2.568198125639168e+06
  1.260703702837881e+09  1.559228859897118e+06 -1.770620684031863e+06
  1.260759127850579e+09 -4.249598928059680e+06  1.028897745006496e+06
  1.264250725218042e+09 -1.484432186977100e+06  7.211154016416330e+05
  1.264308761221507e+09  3.171682708438454e+06  1.075080060198587e+06
  1.258739832306480e+09  2.775570551958686e+06  1.819940251878721e+06
  1.259103816508598e+09  1.773337935865474e+05  3.804994079781135e+06
  1.262723925511806e+09  5.091776457587194e+05  5.249642041331691e+06
  1.264489063037707e+09  1.350817512331485e+06  3.936907662153227e+06
  1.259641506606031e+09  3.192505735667086e+06  1.038741944932431e+06
  1.265247643216279e+09 -4.597081200495603e+05 -4.073237951968019e+05
  1.261216776360916e+09 -9.712794594006600e+05 -9.100669567128031e+05
  1.263952164106052e+09  1.495211226511498e+06 -8.959270191818413e+05
  1.263864382063930e+09 -2.536920711455478e+06  6.009681922488149e+05
  1.263162784169134e+09 -1.354367525656812e+06  1.932422092304636e+06
  1.258769461272933e+09  2.668155297944018e+06  2.634252341969720e+06
  1.263141101743981e+09  1.550611457072841e+06  2.763778602493078e+06
  1.264936629117369e+09  1.012949934681878e+06  2.084236210268361e+06
  1.266998050034612e+09 -5.013142745533318e+06  5.866247502224755e+05
  1.261739637932829e+09  2.770249431694121e+06  1.319659983109131e+05
  1.267296209713460e+09  3.467106201908691e+04 -1.128736307814145e+05
  1.262868804813602e+09  6.905756680442812e+05  4.259657181636053e+05
  1.263680338154754e+09 -3.344417077292773e+06  5.877552131288270e+05
  1.261060509216666e+09  8.121601467637368e+05  9.209187942106476e+05
  1.259383940143855e+09 -1.539269403621055e+05  2.286013913665066e+05
  1.262626985567661e+09  4.136004592210002e+06 -2.266751900734157e+06
  1.265333335428076e+09  5.710548644195546e+05 -1.733845195297531e+06
  1.261036321330363e+09 -3.306251240587075e+06  2.563202018125953e+06
  1.260834291468885e+09  1.214868161113280e+06  3.191115403961039e+06
  1.261153598121623e+09 -1.580543890001159e+06  6.338545287957838e+05
  1.263596786496131e+09 -2.463687396785146e+06  6.226524773620252e+05
  1.262901959266681e+09  9.328871360420240e+05  1.171097213781059e+06
  1.262407674048194e+09  1.285130924342523e+06 -8.480780952117937e+05
  1.263712006623203e+09 -1.151412070336174e+06 -1.058300055903000e+06
  1.265670946084926e+09 -3.157622489596733e+06 -2.022506639267020e+06
  1.264287264095026e+09  4.596235995292840e+06 -1.643526944667390e+06
  1.261738033451781e+09 -1.375985062403356e+06 -4.527587743181157e+05
  1.262802916435199e+09 -6.273382904067251e+04  2.008769395001190e+06
  1.259079518034574e+09 -5.513735049677762e+06  1.855938949024560e+06
  1.262122586235666e+09 -3.259207678660375e+06  7.372334684767217e+05
  1.265440871873281e+09  2.304316347579579e+06  1.331232272218410e+06
  1.259962732524305e+09  5.616580365998933e+06  2.244243143548127e+06
  1.264097277833843e+09 -5.107261971256399e+04  8.342483932988957e+05
  1.262710455315687e+09 -1.438636035009862e+06  8.484240267639671e+04
  1.265667689077852e+09 -3.392105232338284e+05  1.529419384776332e+06
  1.264470344266836e+09 -4.944561344668416e+05  2.601733540567391e+06
  1.262843158391781e+09 -7.865630795817607e+05  2.492957859720340e+06
  1.263436827171237e+09 -1.444992753402870e+06  5.667142299402580e+05
  1.264909999270813e+09 -1.297694745764796e+06 -1.652808584914797e+06
  1.262459328702206e+09 -8.645993838660431e+05 -2.684286375003166e+06
  1.259440099797733e+09 -1.519247578989524e+06 -4.576631322802844e+05
  1.265138801768273e+09  2.409282525895930e+06 -1.359064110907169e+06
  1.264834111295274e+09  1.648809247182372e+05 -6.559286727068066e+05
  1.262431193525931e+09  1.334296272278809e+06  6.191648973868863e+04
  1.263013576327018e+09 -5.248889453538068e+06  1.399775256588207e+05
  1.264719426120310e+09 -2.213027278168316e+06 -5.695819800139982e+05
  1.264777882930395e+09  4.909097625240939e+06 -1.558760866256449e+06
  1.261551971981132e+09  3.505573631271886e+06 -1.953271979936355e+06
  1.261508586262570e+09 -1.324423329811993e+06 -3.539382545396968e+05
  1.262364065650536e+09  1.132076839935198e+05 -1.168409448858490e+05
  1.261528266860095e+09 -1.286591410036777e+06 -1.647125276378651e+06
  1.264028592368266e+09  2.553364897985312e+06 -2.620522223298309e+06
  1.264174456050994e+09 -1.221930293317198e+06 -2.693150467623003e+06
  1.263017898167689e+09 -1.700150260193235e+06 -1.020483959599636e+06
  1.266430387443187e+09 -1.831087485200696e+06  1.345003263702883e+06
  1.264806606603281e+09  5.366756105827802e+05  1.696262828481191e+06
  1.260834321344923e+09 -1.151662275048931e+05 -2.272905067067642e+06
  1.264498752025501e+09  1.386313684617063e+06  8.368998838520928e+05
  1.264296125919461e+09  3.361669006000825e+06  3.269134101365832e+06
  1.260567569476450e+09  2.510919222841385e+06  1.874247600393881e+06
  1.268903018185944e+09 -2.252659904273812e+06 -8.012974056028398e+05
  1.263075994333703e+09  1.026732936604839e+06 -2.781451990826912e+06
  1.260413195939043e+09  3.634320256206973e+06 -2.900070669537490e+06
  1.262180644903455e+09  8.457441514519705e+05 -5.009387578723683e+05
  1.261819643366134e+09 -4.929813257323253e+05  5.931281337197729e+05
  1.264617775463516e+09 -5.314956254955938e+05 -1.308896237333992e+06
  1.262640174364754e+09  1.118406397728157e+06 -6.881048873057044e+05
  1.266015340699476e+09  4.442820706284558e+06  1.978151442042428e+06
  1.261822703677556e+09 -3.061976372366150e+06  4.054606453696536e+06
  1.264800823574163e+09 -3.086001440221109e+06  3.524427607330790e+06
  1.263564775360620e+09 -1.415375127905426e+06  5.756507260971200e+05
  1.258959128263740e+09  1.570173078628823e+06 -1.792298162220203e+06
  1.265217471631926e+09 -1.014861158939573e+04  2.187302524403300e+06
  1.263895334015904e+09  1.980865372095936e+06  2.312080138845420e+06
  1.264624955273845e+09  5.272009593144331e+06  9.951031250904361e+05
  1.262078703387219e+09  2.232981530950021e+06  2.355171510473169e+05
  1.264530425606914e+09  1.209523140217216e+06  1.822907819239318e+06
  1.262541918911462e+09 -4.624066758414912e+05  3.840809267181206e+06
  1.261744032025164e+09  1.457917852771867e+06  4.185824330757920e+06
  1.261374872521114e+09  1.481772877643261e+06  1.203557187810861e+06
  1.262077360353255e+09  8.862554185199654e+05 -1.084913673521970e+06
  1.263514794310924e+09  2.233741854133374e+06  1.208575628696179e+06
  1.262919127925611e+09  4.187652542249319e+06  2.938079621493089e+06
  1.260229848347508e+09  3.709361424800677e+06  6.014405455033538e+05
  1.262081961851344e+09 -2.770468932290836e+06 -8.716847420062954e+05
  1.259791074367365e+09 -1.645546781161999e+06 -1.263585134149304e+06
  1.263609108295961e+09 -2.291823279954140e+06 -5.444189145266548e+05
  1.261532706311531e+09  9.540606476595270e+05  1.489805305996676e+06
  1.263520706638639e+09 -9.686496262912671e+05  1.162906222210205e+06
  1.262965713471746e+09 -3.858636964670675e+05  2.191423793868878e+06
  1.264212758719699e+09  3.040482832691166e+06 -1.299274141917899e+06
  1.263556397277671e+09 -4.608449196625315e+05 -1.760700048722083e+06
  1.265609144293488e+09  1.843481142652784e+06  2.276829485554353e+06
  1.266060676228151e+09 -3.372734381117482e+06  1.094611136274003e+06
  1.262912916896877e+09 -1.399949385968015e+06 -1.917712253654040e+06
  1.259055759175497e+09  1.878353954043137e+06 -2.340383152677045e+06
  1.259372723704654e+09  1.491975950915738e+06 -3.227425965630833e+06
  1.264626087447442e+09  5.972842933695906e+06 -3.771328075585696e+06
  1.265132539549643e+09  2.360369178613778e+06 -1.635846268576059e+06
  1.264034238293114e+09  2.905554034356245e+06  1.340307861962057e+06
  1.262406254118138e+09 -1.501097540915566e+06  1.566084975634790e+06
  1.264543093709438e+09 -4.612357473312983e+05 -2.576082231349520e+05
  1.257213094850641e+09 -1.873039560829991e+06 -1.702227555856193e+06
  1.258644729987063e+09  1.025041042349363e+05 -1.272988794221505e+06
  1.265613331883437e+09  1.130426000849676e+06  1.217052878137572e+06
  1.262945767148894e+09 -4.652732578551919e+06  2.781532951378345e+06
  1.265169216619262e+09 -9.816094535717044e+05  3.442275102982908e+06
  1.262375189450708e+09 -2.199346754819407e+06  1.269479462199502e+06
  1.263450426128232e+09  4.837507654282531e+05 -2.434358288432992e+06
  1.266062698470907e+09 -5.240879543732619e+06 -2.856147250883899e+06
  1.266339043369061e+09 -2.318880488520254e+06  1.097348257426536e+06
  1.265009114239684e+09  1.239222027634782e+05  2.180637730466766e+06
  1.264719822802578e+09  1.833528513688746e+06 -3.226051891968603e+04
  1.263355425039176e+09  4.525968431606127e+06 -1.802223637033016e+05
  1.259654553289776e+09 -1.377884100527197e+06 -1.298260923769415e+06
  1.261257410234545e+09  3.133667662252717e+06 -2.246621932406738e+06
  1.267753708110358e+09 -5.256826292292167e+05 -9.379982889128223e+05
  1.263118255331711e+09  6.941724617704529e+05  5.709041936329566e+04
  1.264638323660593e+09 -2.473512573052640e+04  4.748420528092684e+05
  1.263707520933228e+09  2.506555650596610e+06  5.228912549082378e+05
  1.263081729571599e+09  4.556976409076785e+06  1.389203490916240e+06
  1.260669641798746e+09 -4.824025742202831e+06  1.988237386012877e+06
  1.264562507897446e+09 -4.023511033778987e+06  8.219679094863364e+05
  1.262321135140181e+09 -1.766348027946128e+06 -8.223556641807657e+05
  1.263271110273522e+09 -1.890033241525635e+06 -1.645427967414314e+06
  1.264628746453062e+09 -3.935115995664893e+06  7.583737068549602e+05
  1.262335923911400e+09  2.096434786598325e+05  2.765826194116338e+06
  1.265997520155375e+09 -1.227585718992227e+06  1.215469792023916e+06
  1.260783468312317e+09 -4.626678350368682e+05 -6.832743007228833e+05
  1.263770441568132e+09  6.185470142161687e+05 -1.668880198091830e+06
  1.258438775025479e+09 -2.887359647379963e+06  5.222851624422818e+05
  1.257206274744901e+09  1.200711598827349e+06  3.361308893300365e+06
  1.262730344107108e+09  5.303730642381783e+05  2.242281693823077e+06
  1.261289641606330e+09  4.068271792938966e+06  1.381556496822752e+06
  1.259627363163533e+09  4.926272286769407e+05  1.264575202163726e+06
  1.262384183876585e+09  4.323939425409582e+06  4.637269720672721e+05
  1.264587439570891e+09 -4.706640403220762e+05 -9.749428161208408e+05
  1.262740644231018e+09  9.422107403695055e+05 -9.167019568744240e+05
  1.263078919078578e+09 -7.191583565666724e+05  1.223580883055079e+06
  1.262811844527352e+09 -1.122200762245043e+05  1.265245138873394e+06
  1.265445386095503e+09  3.707695062929219e+06  5.561051855471941e+05
  1.261963306956603e+09  1.333995251417007e+06  5.529726648980525e+05
  1.263161235496511e+09 -3.897014959211539e+06 -5.314252903066007e+05
  1.263809082714725e+09 -7.987071795072599e+04 -1.027137719472075e+06
  1.257340434569813e+09 -3.311894958925131e+06 -2.582690689311642e+04
  1.265318068838336e+09 -1.213760963816810e+06  1.131053945549321e+04
  1.265832856087860e+09 -3.840487479272397e+05 -1.079424350883244e+06
  1.261829943186193e+09 -6.217441053912058e+05 -2.016535596137413e+06
  1.259678960095260e+09 -2.801623403942741e+06 -1.631434854924671e+06
  1.261139551357737e+09 -1.852535117857764e+06 -2.861263159955297e+05
  1.263808620204546e+09  2.988626220550738e+06 -1.297727477517439e+06
  1.260193235418982e+09  3.344440564981301e+05 -1.344122382789703e+06
  1.260479791142556e+09  1.254846009189537e+06  8.333083943586543e+05
  1.260567929334678e+09  7.215010044094748e+05 -2.472307950599644e+05
  1.264067402561998e+09 -1.685083485255514e+06 -1.394627470415029e+06
  1.264384937506180e+09  6.781378777844551e+05 -1.081255318847775e+06
  1.262461468072973e+09  4.184395821985928e+06  9.616926947457545e+05
  1.266302750243486e+09  2.803750297279644e+04  1.771133761516136e+06
  1.262502092174984e+09 -9.703464737552664e+05  3.459672575083463e+05
  1.266103697743476e+09 -7.131271625351971e+05 -1.754071735250214e+06
  1.264884748932002e+09 -3.186891677468133e+06 -3.144509151033799e+06
  1.260665510390025e+09  8.584710624201397e+05 -2.372592398962117e+06
  1.261834372919757e+09  4.114765932160792e+05 -1.808809942435004e+06
  1.260752903616302e+09 -1.846708536595041e+06 -1.551838252091419e+06
  1.261605666969661e+09 -1.322494440708789e+06 -2.691196237401906e+05
  1.261100868886899e+09 -1.309215599781782e+06 -1.801682273265169e+06
  1.264308759523096e+09  4.431013923726336e+06 -2.695575816416059e+06
  1.265336306555297e+09 -2.090659212000958e+06 -1.341366454681213e+05
  1.263137026017491e+09  8.033247526556683e+05 -2.707693947251320e+05
  1.260130200876004e+09 -1.160623655517434e+06  7.235810647505951e+05
  1.267792552055927e+09 -1.832258327725303e+05 -6.001725320578563e+05
  1.264063273419740e+09  1.935785201619434e+06 -2.264928560129876e+06
  1.259821957883442e+09  2.149604494513170e+06 -1.755693078217739e+06
  1.262133116452646e+09 -3.927237043858177e+05 -5.056340010953966e+05
  1.261059954060671e+09  1.585164125982347e+06 -2.856020324857275e+05
  1.262845820550630e+09  7.665563416557328e+05 -1.315502855553612e+06
  1.261544610769693e+09 -2.855255620380663e+06 -2.178350492828921e+06
  1.259198414134907e+09  3.138422159434247e+06 -2.411583074175037e+06
  1.262719843922764e+09  6.460045116858645e+05 -3.481373414006050e+06
  1.259024358010257e+09 -2.509945884723569e+06 -2.381091179483422e+06
  1.264021466070847e+09  1.013152758786249e+06  2.886395604737174e+05
  1.263920174440474e+09 -1.300248355233259e+06  1.112292632924785e+05
  1.261850668372344e+09  2.666026326346833e+06 -1.799205906039000e+06
  1.259900105509927e+09 -3.316961989119228e+06 -2.038597947492685e+06
  1.263506830207858e+09  1.464729802502394e+06 -1.255163237534449e+06
  1.264683199714323e+09 -2.136024194990939e+06 -7.183783657781801e+05
  1.262525894031079e+09  2.323350245224905e+05 -1.082261286467287e+06
  1.262168939421864e+09  6.654284166466370e+05 -2.175875841999968e+06
  1.263607706888402e+09 -5.672932529758578e+05 -2.696669527399855e+06
  1.262077452797737e+09  1.100676248602977e+05 -2.447064871774653e+06
  1.262110010664752e+09  8.167751592767562e+05 -3.106855194772285e+06
  1.264873312904677e+09  2.914565883087689e+06 -3.779545641873458e+06
  1.263750648064326e+09 -1.607687546668506e+06 -2.331699921508088e+06
  1.258817119615235e+09  1.553762992362592e+06 -9.699300064119948e+05
  1.264922198404389e+09 -1.871547111393891e+06  1.023423691443328e+05
  1.261805149724526e+09  1.752369765898127e+05  3.944844684266319e+05
  1.264667561482408e+09  2.858343815092127e+06 -2.374673854226123e+06
  1.266446193050074e+09 -1.810629848927046e+06 -3.987125908162164e+06
  1.262439834706513e+09  1.498264185394424e+05 -2.489038949323704e+06
  1.260537750655469e+09 -2.020407862990181e+06 -1.550583434513216e+06
  1.261974860094440e+09  3.792362811154837e+06  1.926243561241908e+06
  1.265000801584378e+09 -7.009108782523696e+05  7.348807701302905e+05
  1.262622729591190e+09  1.923197579390352e+06 -1.322931143882064e+05
  1.261105051524415e+09  1.873096519878737e+05  7.539177052309635e+05
  1.265289942132608e+09 -3.445329000816820e+04  5.329245932770107e+05
  1.264107674280326e+09 -2.016644945541995e+05  3.000871342682181e+05
  1.263876816632614e+09  7.865430520164852e+05  1.617926587538554e+06
  1.265116981636475e+09  2.005549224569876e+06  1.376588721003097e+06
  1.259998789202569e+09  1.966858216476595e+06  1.146621145512825e+06
  1.262979323980339e+09 -9.166380728862458e+04  3.381211982510585e+06
  1.264947069587771e+09 -3.762165186782720e+06  3.116840434639371e+06
  1.262853506279310e+09  2.471312469981846e+06 -2.511379522415936e+05
  1.262622631768794e+09  2.245110060987885e+06 -1.158397703897177e+06
  1.263071176773409e+09 -4.561158963818243e+04 -1.017629488800592e+06
  1.262705126532065e+09  1.120599929180149e+06 -1.806461925261012e+06
  1.260174511644372e+09 -4.523519792275144e+05 -3.451529343912785e+04
  1.260129405076862e+09  2.745901681177060e+06  2.518903391300501e+06
  1.263482489638732e+09  6.730769457154345e+05  4.316352024530970e+06
  1.263512550992027e+09  3.820585462907874e+06  4.355097513456226e+06
  1.262703738571178e+09  1.847992072301062e+06  1.053403557431620e+06
  1.264455259488485e+09  3.266157863967874e+05  6.731060483832599e+04
  1.261509056298153e+09 -5.177166010793108e+05  2.325500760299101e+06
  1.263984353041127e+09  1.746600285018746e+06  2.764095759565825e+06
  1.266468848178732e+09  4.230374059605185e+04  1.739055773700208e+06
  1.264152472417791e+09  3.508559867781820e+06  1.212089278924764e+06
  1.261158924261124e+09  5.086663826045981e+05 -5.221796710966834e+05
  1.263403189772178e+09 -4.054290640828735e+06  3.864623157219760e+05
  1.266584043548232e+09  2.226675251506413e+06  3.778902739572854e+06
  1.263981548258533e+09 -1.942499951900183e+06  2.892451661167444e+06
  1.260934371130361e+09  2.276929634499513e+06  5.345441436935712e+05
  1.262614830270343e+09  2.185661656656085e+06  9.087800029905429e+05
  1.263078612449463e+09  1.538132226821490e+06  1.879611199832834e+06
  1.262286081749256e+09  1.469835823223706e+06  1.401761449457098e+05
  1.265610610375226e+09 -1.802637408281258e+06 -4.039450685264042e+04
  1.264893550979575e+09  3.454085619340521e+06 -2.323549666333173e+06
  1.261516652311333e+09  2.058595513728019e+06 -2.837400139102837e+06
  1.266108173056745e+09 -1.644576207056148e+06 -3.640341223415554e+06
  1.261973639631222e+09 -1.333972403681723e+06 -4.814743927063361e+06
  1.260964346882766e+09  7.992197242568817e+05 -4.786796313868221e+06
  1.260899687296630e+09  2.886314026835423e+04 -2.239230305776460e+06
  1.260839033631887e+09  1.051947362100360e+06  7.846452885172555e+05
  1.262186562845277e+09  1.415279712961575e+06  1.427604752886508e+05
  1.263362861148849e+09 -2.371412180907125e+06 -1.723112700872445e+06
  1.262300273437482e+09  3.676980732262979e+05 -1.448827063172511e+06
  1.263375932720507e+09 -3.794898742516228e+06 -7.925070535706019e+04
  1.264777251729486e+09  1.464287807803641e+06  7.088803184069607e+05
  1.261177032170439e+09  1.628136679189851e+06 -5.413306161159670e+05
  1.259786726618702e+09  4.489944374715196e+06 -1.640604644228784e+06
  1.261353339236415e+09  5.503024674852837e+05 -1.706096203527799e+05
  1.261761375759399e+09 -3.556214906599411e+06  5.039294773074122e+05
  1.263163888504333e+09  2.194513579711096e+06 -1.115743189053489e+06
  1.260298430210847e+09  2.141203458729127e+06 -1.699873482952238e+06
  1.259207058909852e+09 -1.692104933725903e+06 -1.313008196204856e+06
  1.264051035475781e+09 -2.394449207337298e+06 -1.553003625684078e+06
  1.264047901304461e+09  5.132592818907025e+05 -1.961281735962137e+06
  1.261689071425862e+09 -6.016273207447832e+05 -1.412849805623923e+06
  1.267923504807012e+09 -8.233331418728188e+05 -9.364907095856894e+05
  1.262788387454841e+09  1.060535297857699e+06 -1.409435468955937e+06
  1.264199723190478e+09 -1.204155461735754e+06 -2.024883484417045e+06
  1.261557389829717e+09 -2.239945074435019e+06 -1.906530349755650e+06
  1.262883442298521e+09 -1.626534563464995e+06 -3.580949932864145e+06
  1.260616881848330e+09 -4.111665305348038e+05 -5.279499852127557e+06
  1.263097395903199e+09  1.512675607294648e+06 -3.830213791168851e+06
  1.266985735198242e+09  2.847471857286693e+06 -2.175917551816645e+06
  1.266130750369058e+09 -3.507664915596669e+06 -1.777500609264590e+06
  1.260461632112665e+09 -9.316163226997140e+05 -1.299583127118178e+06
  1.265984774587830e+09 -6.042743063832072e+05 -4.215593313791180e+05
  1.264309623509628e+09  3.572407116225752e+06 -1.189230992765981e+06
  1.261368670288817e+09 -3.309179015836185e+06 -1.236981108140313e+06
  1.259966801751040e+09 -1.849044343848664e+06 -1.627590705117068e+05
  1.261568332576257e+09  1.987743565267424e+06 -5.018703436137691e+04
  1.261913305836357e+09 -2.870099774170286e+05  1.202780779477965e+06
  1.268051224118860e+09 -8.211241357843948e+05  2.551699880111897e+06
  1.261706664305123e+09  3.084740255436909e+05  1.727022347810676e+05
  1.261976273804800e+09 -2.357599770039153e+06 -1.252173698617072e+06
  1.264066940720576e+09 -3.253461727364980e+06  3.282776675337609e+05
  1.265109889245971e+09  7.571226859366132e+05  1.038678527074357e+06
  1.264863077836099e+09 -3.165723362634775e+06  6.593879082269542e+05
  1.260146727780785e+09  1.938413583889159e+05 -1.381245709908031e+06
  1.261269125825253e+09 -2.730488291604456e+06 -2.240844484107205e+06
  1.264388237090330e+09 -5.822274670475377e+06  4.406246601144773e+06
  1.264810090830913e+09  4.887719603832111e+05  1.684540815459698e+06
  1.263292323159870e+09 -1.000692797209034e+06  4.348782357181271e+04
  1.265774925292516e+09  2.290253026636716e+06 -1.374190229328669e+05
  1.260966743920890e+09 -5.472657168967995e+06 -1.708640424841888e+06
  1.264045973814052e+09 -7.042690941532621e+05 -2.918358413308598e+06
  1.266388608400674e+09  1.676786247046486e+06 -1.728419657548754e+06
  1.263666253199679e+09  1.607009885278777e+06  9.269351526302795e+05
  1.265036301330685e+09 -1.735994496396091e+06  2.041166827632653e+06
  1.263699584579436e+09  1.586403760826865e+06  1.651006181021743e+06
  1.265047115987697e+09 -1.491581474546417e+06  1.520335286250972e+06
  1.263827743216397e+09 -2.516223536327110e+06  1.902691485306113e+06
  1.262852741799781e+09  3.911451251281980e+06  1.548219105755998e+05
  1.261998717413630e+09 -4.177586055258977e+06 -3.713985486087364e+06
  1.266439218228009e+09 -1.336123795216650e+06 -2.916202529374754e+06
  1.264499259682091e+09 -4.061356678683715e+06  2.417385125323832e+06
  1.259313899903109e+09 -4.273689341712520e+06 -2.519470684054334e+06
  1.264197780200976e+09 -3.756425629888257e+04  3.510334048096213e+05
  1.266009803433668e+09  7.827977531291998e+05  2.723343717569680e+06
  1.262239077603537e+09 -1.203159722700448e+05  1.254794343565761e+06
  1.262194456122347e+09 -3.312672317977441e+06 -1.269230238274492e+06
  1.263130765572810e+09  2.476989211554134e+06 -2.954936610426132e+06
  1.264672661367731e+09 -2.032830324215221e+04 -2.992059725015725e+06
  1.259759581305279e+09  1.230347617641918e+06 -2.181960676587248e+06
  1.262747996866127e+09 -2.628139338377804e+06 -8.578795760903257e+05
  1.261842827632556e+09  1.209562397416821e+06  1.989473986879320e+06
  1.263507585316679e+09 -1.001201811342517e+05  2.985820320228369e+06
  1.261087474868357e+09 -4.970650291727531e+05  3.053701406670178e+05
  1.265737503784135e+09  6.421254096692086e+06 -1.407041558537762e+06
  1.262090525220359e+09 -1.074063113199363e+06 -6.635373353027281e+05
  1.266621967458954e+09 -1.295495117099882e+06 -1.321331518087654e+06
  1.263471009070644e+09 -2.242939022278873e+06 -2.758086515866938e+06
  1.261461187798677e+09 -2.282568615801943e+06 -1.798817514467132e+05
  1.265108376353424e+09  1.400336214100218e+06  8.805344621389641e+05
  1.264159445765870e+09  1.666676151579690e+06  2.006154088576074e+06
  1.261861411475390e+09 -1.629130508550075e+06  1.827467152670863e+06
  1.265633053400337e+09 -2.291230830644136e+05  2.589427960771057e+05
  1.262691200685403e+09  1.532680783981239e+06  2.181814750475236e+06
  1.261855826466915e+09 -1.571721601604271e+06  4.687956974758966e+06
  1.263426785170781e+09  2.287949855675287e+05  2.407957680588178e+05
  1.262960334991512e+09 -7.610628370778955e+05 -3.013823007806958e+06
  1.264765730040988e+09 -2.698949749247364e+06  3.063577105016113e+05
  1.260131368851685e+09 -2.123915218473833e+05  2.151805937738770e+06
  1.267000115549406e+09  1.903505307679164e+06  8.715654358545067e+05
  1.265434068599355e+09  4.805941129976435e+06 -2.293680248938842e+05
  1.266527253545820e+09 -1.768907427202235e+04 -9.585333497159698e+05
  1.263530947230265e+09 -3.769949345621394e+05 -1.743616229032619e+06
  1.261435071271760e+09 -1.960214950099249e+06 -1.411831146014565e+06
  1.267879499587575e+09 -1.165157658878787e+06 -8.336005666584292e+05
  1.264809007809742e+09  2.295926896014151e+06  3.095279510810955e+06
  1.263261103445864e+09  2.292336798530037e+06  3.421369949971335e+06
  1.263589592810347e+09 -1.036944050813318e+06  7.217096495347864e+05
  1.264058312999321e+09  7.714112197048313e+05  4.503923015202690e+05
  1.263693792084101e+09 -3.973128721788849e+06  1.646627617840126e+06
  1.259882637560929e+09 -1.908561262546677e+06 -8.056644248057774e+04
  1.263867450285604e+09  1.174286345969474e+06 -2.894901720201685e+06
  1.264477043782183e+09 -4.354907099538925e+04 -1.550764528661572e+06
  1.263207010878906e+09 -3.724888833612188e+06  1.604477518721253e+06
  1.259820710430631e+09  1.820799545948800e+06  4.487512341161966e+05
  1.260731420883445e+09  2.245719876574046e+06 -1.752727695558058e+06
  1.262374088826937e+09  7.439390547626112e+05  4.795546041572042e+05
  1.259173181986583e+09 -2.433181866563840e+06  1.888847079260401e+06
  1.265521338268065e+09  2.530005535837732e+06 -6.217356593934533e+05
  1.259826670098401e+09 -1.954494319861318e+06 -2.595911067837940e+06
  1.266325105164078e+09 -1.839995994998390e+06  1.555542896840764e+06
  1.261910170816517e+09  1.779765013243667e+05 -1.416016127897046e+06
  1.262662539630808e+09  2.544369108369737e+06  7.837183999462484e+05
  1.263299419596786e+09  8.962491525752989e+05  2.509591823096727e+06
  1.265740719756984e+09  5.481488836457961e+05  1.229094433460741e+06
  1.265433767563135e+09 -2.361099514104554e+06 -1.749906009370669e+05
  1.263020298578588e+09 -2.533414061014482e+06 -2.537441578645367e+06
  1.260614335452491e+09  1.981430884723268e+06 -3.702910248290480e+06
  1.258990057069436e+09 -1.498914834036503e+06 -2.315221881052737e+06
  1.263747622429535e+09 -1.284057727391602e+06 -1.427168705227898e+06
  1.265021724904840e+09  2.901812895695146e+06 -2.574084336525164e+06
  1.264504974390940e+09  1.544467381522533e+06 -2.175664361689597e+06
  1.263814246539415e+09 -1.304246939963854e+06 -8.749148903179606e+05
  1.264220233685063e+09 -1.227778882684887e+06 -1.520695054731355e+06
  1.258493588707153e+09  2.796801621737665e+06 -1.527397550061823e+06
  1.263277399265641e+09  1.731219205255000e+05  1.647148769321935e+06
  1.265205003371786e+09 -3.379983073834812e+06 -1.572300507300563e+06
  1.265427303222482e+09 -3.055520457342571e+05  5.507013520885579e+04
  1.264482682102510e+09  3.100525017519164e+06  8.596357460748819e+05
  1.260147406888919e+09  8.446209765931552e+05  3.959598603727718e+05
  1.261217166285192e+09 -1.446958282963861e+05 -5.517053414592140e+05
  1.268476364795623e+09  1.521971132075765e+06 -1.875928570238255e+06
  1.263556542660221e+09 -3.116552615038236e+06 -1.203386026760998e+06
  1.263603866493026e+09  1.845585410199923e+06  2.128402828946848e+06
  1.263476066387568e+09 -8.749323296027211e+04  3.260899296167561e+06
  1.262726060029865e+09  4.427113497831248e+03  1.971936269459911e+06
  1.264144795671218e+09  1.155341204166720e+06  2.471968442593343e+06
  1.261682569435039e+09  8.366757256675306e+05  3.834168278601637e+06
  1.269068544815792e+09 -1.280398134407554e+06  4.681294750411950e+06
  1.264825442928443e+09 -5.314018034658139e+04  3.842572811629428e+06
  1.262075179539303e+09  9.613177351592414e+05  6.478922418267642e+05
  1.263941880123377e+09  2.237118041127990e+06 -1.757883012426662e+06
  1.262166766541071e+09 -2.802576322390870e+06 -2.594011370822212e+06
  1.261840791743742e+09  5.298095452585822e+05 -3.156774945005289e+06
  1.264672663563699e+09  2.273581227560254e+06 -3.872914105052249e+06
  1.262789154142359e+09  4.391048647236444e+05 -1.660878905621815e+06
  1.262395629988854e+09  1.085152064678893e+06  1.705460086038216e+06
  1.265899636514881e+09  1.889170431648255e+06 -4.893332602832771e+05
  1.264127820009798e+09 -3.461725509374427e+06 -1.909135799750895e+06
  1.262142659342839e+09  1.224956488964468e+06 -2.528783876706415e+04
  1.261504869569371e+09 -6.233261131080149e+05 -1.348426450861002e+06
  1.262569607595659e+09 -5.389802152967355e+05 -3.142394259999659e+06
  1.260132105434875e+09  1.674759164515760e+05 -1.772719894970415e+06
  1.258616178356848e+09 -2.078183711431157e+05 -2.444059263107156e+05
  1.263979714125694e+09 -2.076301924013591e+06  2.435728775275836e+05
  1.261624393489853e+09 -1.783079420711102e+06  1.455089055290359e+06
  1.257536199031826e+09  1.430198169378804e+06  1.602443956679699e+06
  1.264371167240394e+09  1.938183569389187e+06 -6.817446205147651e+05
  1.260798942919620e+09 -5.785483895606240e+05 -8.026162368784529e+05
  1.262621104141850e+09  8.468002368562447e+02 -1.161429406177512e+06
  1.263743259171036e+09  4.481783713708045e+06 -1.719579154659395e+06
  1.262201604234863e+09 -5.897185778100153e+05 -1.205730541630601e+06
  1.266437635221942e+09 -3.024546626102199e+05  3.312776266273827e+05
  1.264261751629212e+09  1.453765476635718e+06 -2.318593575147055e+06
  1.265304175959349e+09 -1.501616895997723e+06 -4.931651704042444e+06
  1.261151060603490e+09  3.516392381021911e+06 -4.524372121274386e+06
  1.260964910211142e+09 -1.805383142910914e+06 -2.804789986063250e+06
  1.264552862474435e+09 -5.412452212590730e+04 -1.851224981661448e+05
  1.266927759877237e+09  5.260220372234099e+05  8.221725002326487e+05
  1.264040150206717e+09  4.138070760950629e+04 -3.955938476346431e+05
  1.259854400230290e+09  4.035137920621526e+06 -6.426688650692423e+05
  1.260918366006655e+09 -1.402081695983875e+06 -8.248317585912745e+05
  1.264665517585972e+09  2.320877462197435e+06 -8.123648466552978e+05
  1.259349447246675e+09  2.148091371774077e+06  5.545308211310211e+04
  1.259065265154729e+09 -1.125193377790442e+06  2.301745351893047e+06
  1.257942827239536e+09 -8.396189050317154e+04  1.303516720007925e+06
  1.263100050380614e+09  3.850603788324359e+06  6.719982536310665e+05
  1.264911743349585e+09  4.893078537449066e+05  1.468993378102640e+05
  1.262475877852123e+09 -1.265013293856423e+06 -1.928183671699770e+06
  1.264029678625898e+09  1.944056632527502e+06 -3.965161926151700e+06
  1.263737070394532e+09  4.015688695537540e+05 -2.293257155199309e+06
  1.265298160341492e+09  1.332835891312231e+06  1.086541907624446e+06
  1.263852350067364e+09 -1.065430416301627e+06 -6.218443759190703e+05
  1.261312485858215e+09 -4.727164681510270e+05 -3.645597575133990e+06
  1.263103623740266e+09  1.579011531755150e+06 -1.683889170260563e+06
  1.260241895809640e+09 -9.450879555620879e+05 -4.084202033114590e+03
  1.260610253865300e+09  3.810289888402709e+06 -7.700594390118887e+05
  1.263389014267399e+09 -1.791113863494611e+06 -1.314428548136619e+06
  1.264397067182621e+09  1.167605847878009e+05 -7.899640073668672e+05
  1.267947911182157e+09  1.849874040646238e+06  1.278860072080741e+06
  1.265799771774682e+09  2.793183323631586e+05 -1.187542158728953e+06
  1.258532770554079e+09 -1.117047996722452e+05 -3.375372467631174e+05
  1.265490146318833e+09  1.511800943180319e+06  6.638748078281330e+05
  1.262678619755773e+09 -1.200440678813092e+06  1.279774171545632e+06
  1.261105059082126e+09 -2.141843304294994e+06  4.496886748531913e+05
  1.262810826345178e+09  2.990713145716100e+06 -4.240004124743787e+05
  1.263045067309729e+09 -5.805712632505968e+05 -3.351928757952144e+05
  1.263116892440485e+09 -1.349660847528778e+06  2.224199918226510e+06
  1.262042051156793e+09 -4.074850656059140e+05  3.683696389063035e+06
  1.259706913156798e+09 -1.465432296079106e+06  1.040309762837535e+06
  1.264340627362545e+09  1.156567175978084e+06  6.005624137188593e+04
  1.259789179848585e+09 -2.308600262861851e+06  1.680625515344513e+06
  1.260842905888682e+09  1.281045822379414e+06  5.567895161879873e+05
  1.262847800271484e+09 -8.666702938796135e+05 -1.282595509609319e+06
  1.260219781943097e+09 -3.248369812771739e+06 -1.102103503261857e+06
  1.261527856119478e+09  2.570774649400927e+06 -1.391509107589505e+06
  1.264160199948975e+09  3.846957248893168e+05 -8.219038870373680e+04
  1.263502737265876e+09 -1.495482871691876e+06 -3.905287913082254e+05
  1.262985608849231e+09  4.856027068619472e+05 -1.124400830370664e+06
  1.262505696163894e+09 -1.856706430536611e+06 -1.502125928417207e+06
  1.265626235867338e+09 -2.834753533420539e+06 -1.330735732844751e+06
  1.265032397561039e+09  2.488521507033032e+06 -8.910363814909401e+05
  1.261964487614646e+09 -1.339836520234603e+06  4.019714942328347e+05
  1.264463328320186e+09  2.072314904930724e+06  1.347398497444720e+06
  1.263352991632622e+09 -1.853001660655674e+06  1.210817863242953e+06
  1.259195299363154e+09 -1.293580943955169e+06  4.141524881555805e+05
  1.266333122620084e+09 -2.254442886653509e+06  1.967009820352578e+05
  1.262727283114290e+09 -2.649089473530686e+06  1.071294831849418e+06
  1.262922172223074e+09 -2.887115392872171e+05  9.751446173601677e+05
  1.266167732613596e+09 -2.868962457603214e+05  5.994834089307318e+03
  1.263870907089735e+09 -3.097005172522896e+06  5.368280971576096e+05
  1.263007019134767e+09  3.133341531906995e+06  7.289865517867601e+05
  1.259238767477267e+09 -2.515223101601453e+05  1.814716618893787e+06
  1.265322918521417e+09 -2.810445745195243e+06 -4.244241055640469e+05
  1.259364768237187e+09  7.135805335587066e+05 -1.013618884573997e+06
  1.262411873789813e+09 -1.138721503707159e+06 -1.517567361337087e+06
  1.267688582330228e+09 -3.019026447851898e+06  2.834839870922846e+05
  1.264987638609207e+09  1.713197248704678e+05  4.561504177698477e+06
  1.261491222861789e+09 -8.113635615542473e+04  5.227654290191041e+06
  1.265623033035709e+09  5.305112652795264e+06  2.171757624640108e+06
  1.260321451567547e+09 -1.405224315413534e+06  3.637456003042203e+05
  1.263358480958250e+09 -4.376222210781176e+05 -1.958009336395420e+05
  1.261531515199183e+09 -2.861028547631386e+06 -1.328197613781611e+06
  1.260526615038632e+09 -1.021755395533536e+06 -8.008381228586235e+05
  1.262690256342631e+09 -4.177626362149048e+05  1.331001566522598e+06
  1.263305307969588e+09 -4.235482476740510e+05  2.013988590965737e+06
  1.264270555116242e+09 -1.091894784911299e+05  2.370045253847785e+06
  1.261352949409732e+09  9.559438431564481e+05  3.240210948592808e+06
  1.262867245765151e+09 -7.865318964644894e+05 -1.989787232234212e+06
  1.264909426109788e+09 -1.746997845802467e+06 -1.766577590505564e+06
  1.262495188489590e+09  2.618461186188899e+06  6.620012074621186e+05
  1.265925332476326e+09 -2.257081068640344e+06  2.018054425910613e+06
  1.264057054959157e+09 -4.744104024485021e+06  1.074663818134055e+06
  1.261283911483458e+09 -2.075860661755684e+06  1.001712396679594e+06
  1.264308415193658e+09 -5.909989230125491e+05 -3.321809641050078e+05
  1.264764640720572e+09  4.025964057065711e+06 -3.106744552542259e+06
  1.265052543589816e+09  1.105226603845858e+06 -3.273445089829436e+06
  1.259681687046839e+09 -1.109785999760306e+06 -1.025865528176175e+05
  1.265891739457680e+09 -9.280617207584698e+05  2.400698606672565e+06
  1.263382730681344e+09  7.446734614813824e+05  2.504989840154389e+05
  1.263150733622973e+09  5.910804190491788e+05 -3.156654073075902e+06
  1.260838529814669e+09 -2.326436319916126e+05 -1.872368290347089e+06
  1.260413442085241e+09  2.332315317613300e+06 -7.998811990620525e+04
  1.262466429865717e+09 -1.903880101085811e+06 -1.116680667274483e+06
  1.258571680416530e+09 -9.860587579297873e+05 -7.144680377959632e+04
  1.264139393961707e+09 -1.079517999021447e+05 -1.615969367859868e+05
  1.267024987524614e+09  2.403216275509817e+06 -2.449595060099703e+05
  1.262482619455427e+09 -2.034330264423664e+06 -1.785267496175990e+06
  1.264943000696289e+09 -4.267669013266647e+06 -2.140434074027404e+06
  1.262483888600112e+09 -8.750073457145947e+05  7.282169549852307e+04
  1.262507928248508e+09 -1.220014957011082e+06  4.123238960859185e+05
  1.261244345357503e+09  2.475374245480994e+06 -1.630287071353360e+06
  1.261858810264163e+09  1.221021240633453e+06 -2.816675994502396e+06
  1.264339269016431e+09  3.961516867729255e+05 -2.898211402135590e+06
  1.262926163539733e+09 -5.993608313140757e+05 -2.132382010709201e+06
  1.259899114760086e+09  1.565703132769693e+06 -1.153133053039399e+06
  1.261774230833504e+09  4.127700307761518e+05 -3.689021607410957e+05
  1.265289252752070e+09  1.173737511292421e+06  2.303447350653489e+05
  1.261202385697408e+09  2.144226896615386e+06  3.306047332656744e+05
  1.263514634385762e+09 -1.748822562506205e+06  2.934576085077461e+05
  1.263916816100106e+09  6.567853610326465e+05 -1.775315018643245e+06
  1.261896625279501e+09 -1.886140710889209e+05 -1.603128995098621e+06
  1.263682541946491e+09  6.619374013662538e+05 -2.769688730723623e+06
  1.262993947283665e+09  4.305785682901617e+05 -2.932888976523784e+06
  1.260116274236803e+09 -1.022224199576965e+06 -2.079151018339934e+06
  1.264305540778842e+09  7.833643188352743e+05 -1.615242677505035e+06
  1.261539021267697e+09  8.417447337360089e+05 -4.549436090027695e+05
  1.262439868394425e+09  1.321332558124052e+06 -3.444612365774544e+05
  1.267412458242866e+09  3.743008050825782e+05 -4.713385310711295e+05
  1.263526086454615e+09  4.507405016504429e+06 -1.331259413896523e+05
  1.262904800571701e+09 -5.706736868270517e+05 -1.517982462817379e+06
  1.258791468034239e+09  1.831426740266915e+06 -2.203860150926269e+06
  1.264169115607908e+09 -4.728244993050437e+04  4.438575899747200e+05
  1.264866990946271e+09  4.100490422193585e+06  1.031175902822926e+06
  1.261963397443790e+09 -1.695668307743765e+06 -5.309164402387016e+05
  1.264778755862139e+09 -8.029590777976117e+05 -1.353946145665485e+06
  1.265021322844076e+09  1.566862302297063e+06  8.103313391397919e+05
  1.259736158106071e+09 -8.011839159245567e+05 -1.071744930177596e+06
  1.263660981581341e+09  6.141103087934653e+05 -1.501626724482295e+06
  1.264534248108958e+09  3.972638401625789e+05 -1.032905684013110e+06
  1.260767909587276e+09  9.328942833646419e+05 -6.617773922393864e+05
  1.262267048733902e+09 -9.420257331133320e+04  3.952584284936697e+05
  1.263002398197122e+09  1.006576399692937e+06 -7.844390973970627e+05
  1.262794172458981e+09  9.478602057219909e+05 -2.558101732581389e+06
  1.267616593180275e+09 -2.887223647305262e+05 -3.490650193619285e+06
  1.264885145602708e+09  4.110555082675097e+06 -3.006113900122168e+06
  1.263303406955303e+09 -7.915758655975184e+05 -7.202262924303224e+05
  1.265238038615462e+09 -1.529107994577172e+04  2.127852309716255e+06
  1.263652154216908e+09  8.463191344883804e+05  3.560504421904426e+06
  1.263389279206147e+09  4.477984097533371e+06  2.726356625813392e+06
  1.262279150203769e+09 -5.164599529013773e+06  1.127474108902885e+06
  1.260900346136780e+09 -1.161510817878398e+06  7.589890526491133e+05
  1.264442120049407e+09  8.669657787865932e+05  4.410442855948654e+05
  1.266928597082756e+09  7.865837600717512e+05  3.299485942096417e+06
  1.263405868814517e+09 -1.409315995927198e+05  4.855753260548187e+06
  1.267052386880608e+09 -3.455557134159734e+05  3.060053417247269e+06
  1.262110734131615e+09  1.763393295836638e+06  1.520642479089394e+06
  1.263888071474038e+09 -2.146120111085930e+06  7.556715693781717e+05
  1.265233093303135e+09 -4.613405419435994e+05  2.240352681699676e+06
  1.265327669018180e+09  1.533156591332529e+06  4.705041067112602e+06
  1.264144832835132e+09 -9.591426807753791e+05  3.935959606994022e+06
  1.263255811140230e+09  4.233600316170483e+05  9.199516737390228e+05
  1.263490340425643e+09 -1.976909519058342e+06 -5.993583052986299e+05
  1.263311207388623e+09 -1.765399723177833e+06  5.147832645921353e+05
  1.264872513108544e+09  2.332349268497865e+05  1.595039612601243e+06
  1.261810689000401e+09  1.599592085041265e+06  2.456238916870993e+06
  1.264756690280391e+09 -3.630101888235525e+06  2.241305536145009e+06
  1.260256996003209e+09 -8.423109536240343e+05  5.195133063368014e+05
  1.260768346222297e+09  9.931776798556020e+05 -7.099515785954071e+05
  1.262094993689982e+09  2.818711612841404e+06  2.259497314176298e+06
  1.263161957417257e+09 -3.293113548896294e+05  5.831326687359357e+05
  1.263878331846033e+09 -6.606756771075716e+05 -2.907413520024521e+06
  1.261777672591248e+09 -2.061185160485876e+04 -1.741915456847166e+06
  1.262727050134267e+09 -2.330227279631536e+06  2.114578853351629e+05
  1.264247872051641e+09  1.337454915643423e+05  9.663542996788137e+05
  1.258905921584210e+09  2.619481776739987e+06  3.694477783343641e+06
  1.263143540097566e+09  3.171458706206685e+05  3.220273872142224e+06
  1.262496474812969e+09 -2.123518080763789e+05  6.946785924001213e+04
  1.264704254054424e+09 -2.552664574611257e+06 -3.784240850738094e+05
  1.258359848799388e+09 -1.249049809150804e+06 -7.165225491680182e+05
  1.264208190494024e+09 -1.589326485022319e+06 -3.597578179358562e+06
  1.263157549073639e+09  1.257795588378442e+06 -4.213056729482872e+06
  1.263766809595363e+09 -1.893656956956089e+06 -1.776241645920881e+06
  1.262993529285542e+09  2.228055901030517e+06 -1.832258148660517e+06
  1.261793492542299e+09  5.583331921372851e+05  3.074528217969866e+06
  1.265305689394420e+09  1.002887904749931e+06  1.801672156474468e+06
  1.265669591547814e+09  1.011305609533443e+06 -4.747680591866099e+05
  1.265519016435099e+09 -3.039169351177039e+06  1.614350155878178e+06
  1.262915204889694e+09 -1.944553647754582e+06  1.651653232908178e+06
  1.261944522329767e+09 -7.688908240355973e+05 -7.635444372264596e+05
  1.265612221203011e+09  1.098057003394654e+06 -5.574932219788488e+05
  1.264650846107004e+09  2.117556860115780e+06 -6.019440258967931e+05
  1.260720535327928e+09  1.926374415777666e+06 -1.588516435593927e+06
  1.262342779231481e+09  5.946057377728776e+05  2.013773814312904e+04
  1.259142773130864e+09 -1.553247160069851e+06  2.207872974588393e+06
  1.264443925042261e+09 -2.096810475982608e+05  2.658928753471575e+06
  1.267190488325755e+09 -1.653381597603293e+06  1.714155119178828e+06
  1.265276860552559e+09  2.292737741256285e+06 -6.308921074256155e+05
  1.264574110320557e+09 -2.704322433740512e+06 -2.499281036323249e+06
  1.262015516100337e+09  3.325956605147211e+06 -5.705574418557155e+05
  1.267851493027165e+09 -1.446992413467538e+04  1.681034110196937e+06
  1.263447797563312e+09 -9.958408481614973e+04  2.617408686184709e+06
  1.263751631848856e+09  9.332856490278366e+05  8.251717765374053e+05
  1.262894108942749e+09 -4.084378146526286e+06 -1.551060129252736e+06
  1.263697757894895e+09 -2.100937513753902e+05 -2.485032207606258e+06
  1.265304529930409e+09  5.666963513004346e+05 -2.713305367249628e+05
  1.259389679567574e+09  1.461605019901771e+06  1.645761057311099e+06
  1.264037886284328e+09 -7.348470326424310e+05  9.092470958134725e+05
  1.265812565892275e+09  2.231975945540140e+06 -3.701490648229500e+05
  1.261517535031219e+09  1.179530633875031e+06 -1.424439834620934e+06
  1.259013802545000e+09  4.176001760287414e+04 -1.386036622704588e+06
  1.263671530509792e+09 -1.167194974487333e+06  7.250441805970740e+05
  1.261813102887969e+09 -4.227088106543558e+05  2.204041435942547e+06
  1.259047488699873e+09  1.777679587177879e+05  2.242343197208884e+06
  1.265055816731365e+09 -1.083311439226733e+06  2.665081200935629e+06
  1.262039598122645e+09 -6.922390885476372e+05  1.532659026585894e+06
  1.264952212671706e+09 -9.289757201317538e+05 -1.564827386016958e+06
  1.259308178172168e+09  2.507395049997116e+06 -2.842002600868647e+06
  1.260763378583249e+09  1.840773686730077e+06 -7.860316629353724e+04
  1.263016453712090e+09 -2.690170899805408e+06  5.505293606339172e+06
  1.262933359936273e+09  7.217721528916378e+05  5.853629199350824e+06
  1.264952845630915e+09  2.253203678073556e+06  1.432351606632232e+06
  1.264510355066258e+09  4.929323387130102e+05  2.396356156837044e+05
  1.261549649751450e+09 -3.462684604292046e+05  1.914534994649237e+06
  1.260008406974872e+09  9.370617417096065e+05  3.049159202255413e+06
  1.263154050132469e+09  2.271900472300899e+06  2.439350956130282e+06
  1.263224141316135e+09 -3.995195093010764e+05 -1.142368033299298e+05
  1.264592128430896e+09 -2.823456400721048e+06 -1.679423600033270e+06
  1.265203699672768e+09  3.312736469043975e+05 -1.339489787341411e+05
  1.263820946554574e+09 -2.745888341966048e+06  6.927754982019583e+05
  1.260675889885775e+09  1.849156812677857e+06  1.086305848192307e+06
  1.264882100755209e+09 -2.117772053038834e+06  8.742330700566913e+05
  1.263232041037298e+09 -9.255121457395604e+05 -4.455087003497241e+05
  1.266982340766927e+09  3.818414725301239e+06 -9.991126628690457e+05
  1.262446324631839e+09  2.364200132324528e+06 -9.944821968678404e+05
  1.261416153262748e+09 -2.553069852274369e+06 -7.576207120589111e+05
  1.262213279432476e+09  1.401335380662319e+05 -2.405002181051607e+06
  1.266242464078683e+09  2.732743152293285e+06 -3.080408415709539e+06
  1.261181849108029e+09 -8.786874441434857e+05 -9.631486889672744e+05
  1.263213931444030e+09  1.038224132415884e+06  6.851240448187045e+05
  1.262407677825276e+09 -2.195003647259130e+05  2.072829034986738e+05
  1.261720043961317e+09  1.874243506225369e+06 -1.567017387541145e+06
  1.268190723042878e+09 -6.730529884656956e+05 -9.891980535286132e+05
  1.261810698547073e+09 -3.013082153761621e+06  8.349334522147914e+05
  1.265165131944887e+09  6.219167377046637e+05 -5.421231819014103e+05
  1.264484834760955e+09 -2.192452816435107e+06 -1.020531364062799e+06
  1.262574640311855e+09  1.834095826307755e+06  9.652160454563230e+05
  1.263146581095998e+09  5.860341476868521e+05  7.376689914966680e+05
  1.264228949202548e+09  4.571677245312275e+05 -2.687569867890913e+06
  1.263632131727374e+09  1.925292757135386e+06 -3.091808802048503e+06
  1.263807170391514e+09  2.364913421800313e+06 -1.367599523379976e+06
  1.263126729308244e+09 -2.595273818959990e+06 -1.305111677466467e+05
  1.263241715509140e+09  4.368120407917698e+05  1.060858640470699e+06
  1.265241038612652e+09  2.137526112568197e+06  1.177514860242357e+06
  1.264755725609554e+09 -2.102226965606672e+06  1.474189430905617e+06
  1.262514067382051e+09  1.761045111555192e+06  1.734016353714391e+06
  1.263925714893519e+09 -8.215610052767566e+05 -1.099926441583977e+06
  1.263583574676677e+09  4.697622158592953e+05 -5.413763134753079e+06
  1.259823595843184e+09  3.505093740968901e+05 -6.135891616261414e+06
  1.260045289345975e+09 -1.351275436520341e+06 -1.953707041260554e+06
  1.265738118009319e+09  1.790888419694368e+06  3.203681981161109e+06
  1.261570175341451e+09 -7.337460633281571e+05  4.631258295980858e+06
  1.259389081084390e+09  1.628938055824894e+06  3.132303457753376e+06
  1.266903581228553e+09  2.244077451961940e+06  6.270466970463261e+05
  1.260213359672905e+09 -4.672927221388518e+05 -1.570069563520752e+06
  1.264276473322570e+09  2.238115268587000e+06 -7.681966926883764e+05
  1.265370949810589e+09  5.060124944898215e+05 -6.946020339018218e+05
  1.262419097687535e+09 -1.619776633297969e+06  5.223562648027297e+04
  1.265927708564227e+09 -8.873420627355608e+05  7.758376811543590e+04
  1.265081917001094e+09 -3.139380968289990e+06  4.229378018631472e+05
  1.266504444832626e+09  1.407104690386471e+06  2.164326733413059e+06
  1.260396765831119e+09  6.291386144749118e+05  1.969372256734538e+06
  1.262286055187654e+09 -6.654538371698939e+05  1.693921613084238e+06
  1.263251043201677e+09 -2.563166762845301e+06  3.970766099084790e+06
  1.265669950903221e+09 -3.657970895633172e+05  5.535843839506383e+06
  1.264247280765972e+09  5.067410090760887e+05  4.843710802903460e+06
  1.261526246725119e+09 -1.422421458353028e+06  3.124002467106697e+06
  1.260274710742454e+09 -5.504738530000232e+05  1.245895740563660e+06
  1.265516522146120e+09 -1.771650660398194e+06 -9.233213448113920e+05
  1.262381179658848e+09 -1.585013020296611e+06 -2.329036155950444e+06
  1.261073827440059e+09  9.254415032078186e+05  2.617105434236111e+05
  1.258649367443972e+09 -2.488311556171195e+05  3.267173453389788e+05
  1.263925548753348e+09  1.669992541355751e+06  1.288324945982521e+06
  1.262842012260534e+09  6.295063072011981e+05  1.051412069553306e+06
  1.261992556146543e+09 -1.799949547883037e+05  2.292336093683727e+03
  1.262160891859056e+09 -3.648840681166768e+05  2.520251949749444e+05
  1.265214652803787e+09 -6.941607475326401e+05  2.499484401944668e+05
  1.264485150537582e+09  2.517014461458942e+06 -1.031074907363291e+06
  1.261595044478391e+09 -2.134208048790267e+05 -1.439467784681034e+06
  1.261693069004115e+09  2.756682992991538e+06 -1.681016624153886e+06
  1.261594903761951e+09 -2.052911342601209e+06 -1.594969132082078e+06
  1.259154433078297e+09  7.217426431162127e+05 -7.507511047753522e+05
  1.260876934301687e+09 -3.020042363547365e+06  4.759828071226837e+05
  1.265608215478103e+09 -1.106347919380364e+06  1.741533430378739e+06
  1.264591055125971e+09 -1.959611448233644e+06  2.348497490748960e+06
  1.267947161822096e+09  2.351948169102498e+06  1.683474242847995e+06
  1.267219940166327e+09  2.026888848740310e+06  3.583642699730558e+05
  1.259784179649805e+09 -7.484944092932786e+05  1.820837121176337e+06
  1.264463822040334e+09  3.819226340680104e+06  1.020804792341065e+06
  1.261531572342115e+09  4.370140540712576e+05  8.642992975404357e+04
  1.262985058787339e+09  1.626319739465829e+06  1.771672163566304e+06
  1.261414359744310e+09  1.851928462612348e+06  4.314302644101176e+06
  1.266249276115052e+09 -2.343550428038696e+06  5.097234900152982e+06
  1.263358530049170e+09  2.977611384666436e+06  3.015088832234908e+06
  1.261412910614539e+09  5.576569672783231e+05  7.113355443834338e+05
  1.260868351322374e+09  4.508994294764237e+06 -8.208291766800283e+05
  1.265948967316408e+09 -2.880748739021723e+06 -3.073071360216177e+06
  1.260439242561742e+09 -2.103702547431833e+05 -2.508676249235643e+06
  1.258613250393870e+09 -3.031595830222673e+06 -5.715287714855687e+05
  1.264143772327514e+09 -1.802140092767736e+05 -1.949697535807019e+06
  1.261002810407796e+09 -3.886195655606892e+06 -2.441055623660340e+06
  1.261298251586419e+09  2.842090072904556e+06 -1.083699650488020e+06
  1.262639580503495e+09  2.529336559997542e+06 -8.113604675476934e+04
  1.263017298754795e+09  6.937096630520101e+05  4.578957595298348e+05
  1.265320868276386e+09  3.997423735453941e+06  1.753720539852004e+06
  1.263723366963962e+09  1.142809872494692e+05  5.863270579216403e+05
  1.264836179789034e+09  9.509762465780196e+05  2.513693321459728e+06
  1.264728569735807e+09  1.757481539379664e+06  5.607103074416962e+06
  1.263482943865905e+09 -7.940795759021072e+05  3.453148067481793e+06
  1.262843164754895e+09  1.811192704456824e+06  1.453773292756442e+06
  1.264179668012699e+09  2.159441748355593e+06  1.140498630619530e+06
  1.259823018629132e+09  3.031138539744222e+06 -1.376848540503811e+05
  1.266315053808004e+09 -8.639910453983356e+05 -2.465370606773517e+05
  1.262588793874424e+09 -1.847402318895563e+06  7.460831519149996e+05
  1.264571613479616e+09 -1.777200735932507e+05 -7.430970493780256e+05
  1.264663351687060e+09  6.164154800429457e+05 -2.177218921086751e+06
  1.263233019296131e+09 -3.436629126769113e+06  8.510845404704253e+05
  1.261974525354194e+09 -1.378679829703619e+05  2.105096381669830e+06
  1.261603482409175e+09  7.847634042299067e+05  1.413464441409239e+05
  1.264883284415045e+09  2.750559059079038e+05 -3.991872435158503e+06
  1.261416319601022e+09  3.202356929698545e+06 -4.774019433688452e+06
  1.263141938447027e+09  3.547006998484374e+06 -2.818468830543418e+06
  1.265925854307967e+09 -1.753212125341408e+06 -1.339859193190825e+06
  1.264494751039365e+09 -1.028075485678518e+05 -1.460296337561214e+06
  1.261448378317340e+09  2.441435854272085e+05 -1.591780896122382e+06
  1.264368364766731e+09 -5.637995268504396e+05 -3.858473280197053e+05
  1.262030869753140e+09  1.765254163495103e+06 -3.106918076752372e+05
  1.263963382080204e+09  2.584018896541047e+06  2.809864907167135e+05
  1.262770841971766e+09  1.811463717468687e+06  8.182260574171653e+05
  1.262432817295674e+09 -2.732817508593022e+06 -1.332454251770160e+06
  1.263196763342679e+09  3.311832967881710e+06 -1.680741695904500e+06
  1.261572750532345e+09  6.593037324536979e+05 -8.496935934780065e+05
  1.262283482455127e+09 -3.127430228165167e+06 -6.431689359672406e+05
  1.264171011317517e+09 -9.733562448192493e+05  1.176956824824348e+06
  1.266933272672361e+09 -1.640687631511010e+06 -2.875528010763360e+06
  1.265512126129106e+09 -8.550200009345971e+05 -1.254731227469979e+06
  1.262683080762771e+09  2.002828090700481e+06 -2.160410947255160e+05
  1.264875298070604e+09  1.901186509801277e+06  1.601367152032343e+06
  1.259117589631319e+09 -1.778237464658733e+06  2.988894761775467e+05
  1.262166669652596e+09  1.073991984416934e+06 -2.930912883650012e+06
  1.265688266719980e+09  5.423862927041770e+05 -1.449705243524563e+06
  1.264946451994484e+09 -7.719174218578611e+05  1.546910091030201e+06
  1.263085005966263e+09  1.265488255322332e+06 -3.205033952181715e+05
  1.259397330199313e+09  1.961355679610340e+06 -1.562437284377308e+06
  1.263536080475757e+09  3.124404790248326e+06  1.108750502090375e+06
  1.261595380256625e+09 -1.166951604480607e+06  2.762270520351255e+06
  1.264218098423169e+09  3.960643953535003e+06  1.984986856717829e+06
  1.261029874984167e+09 -4.777992035818518e+05  4.574548071092557e+05
  1.261460294868746e+09 -2.803709241069988e+06 -1.059562421210953e+06
  1.263562695832036e+09 -1.732712421683379e+06 -3.148634505483703e+06
  1.258328976554291e+09 -1.259999719051029e+06  4.047346302782902e+06
  1.262499623647354e+09 -4.110443298824757e+05  3.365049241188149e+06
  1.266295143785461e+09 -2.732241977079557e+05  2.207291641108623e+06
  1.260843519891455e+09 -1.489641125850934e+06  2.242829460532166e+06
  1.263843389675870e+09  2.858721793872982e+05  9.404901250278868e+05
  1.260943372460425e+09  2.640039322777695e+06  4.109434311569815e+05
  1.261772792577291e+09  5.034027598185547e+05  2.746519425816874e+06
  1.262973316433140e+09  1.374751181713394e+05  4.196204618280595e+06
  1.265368028547577e+09  2.869491904016802e+06  2.610651672293912e+06
  1.263121881801237e+09  1.235920420348626e+05  1.059922946856997e+05
  1.261479668075504e+09  3.069296987510420e+06 -1.034834608194676e+06
  1.260592310282549e+09  1.760052807436704e+06 -6.924764114948806e+05
  1.263300595044730e+09  2.375054876906407e+06  1.608971995496664e+06
  1.265137027307672e+09 -5.939758505821055e+05  1.870426750268149e+06
  1.264084131514080e+09 -8.211387202166578e+05  1.892843375935066e+05
  1.268144984359000e+09 -1.361253942277757e+06  1.816751507309221e+06
  1.264780602033236e+09  6.646839669114358e+05  3.721009877805104e+05
  1.264581702838340e+09  3.478508562872836e+05  9.104641741721231e+05
  1.263889770814029e+09 -7.099526875554081e+05  6.987406928086153e+05
  1.263142998072759e+09  8.232689170361393e+05 -6.831573622737119e+05
  1.260043005744328e+09  3.671090598869742e+05  4.946001087454155e+05
  1.264057215798991e+09  1.263825177770084e+06  1.579698249661047e+06
  1.260139376202927e+09  7.264728669032824e+05  1.498725672333898e+06
  1.263679780318730e+09  1.005508458535813e+05  1.099536728992275e+06
  1.263289819000155e+09  3.211941020042497e+06  5.486033765999554e+04
  1.259769721256012e+09  1.702522080063220e+04  5.127373937041260e+05
  1.261984801268569e+09  1.384333995537920e+06 -8.492329186053793e+05
  1.259096141495735e+09  1.388208744064755e+06 -3.668486525474393e+06
  1.263768539859706e+09  1.269986461597536e+06 -2.765067561169819e+06
  1.266657869160241e+09 -3.445055910564042e+05 -8.240617834687599e+05
  1.261230776379419e+09 -9.473332751243904e+05  6.065714320884505e+05
  1.261306472862154e+09 -1.157988215667672e+06  1.184567876329497e+06
  1.266195730100429e+09  1.807614502231696e+06  9.985346547258093e+05
  1.261811277388092e+09  9.003897231763641e+05 -3.084567434375554e+06
  1.264449598848483e+09 -1.568103297942051e+05 -3.521459639814758e+06
  1.263738780818494e+09 -7.064578825293533e+05 -3.135521718321611e+05
  1.259065709880309e+09 -6.119992297333159e+04  2.024534464248739e+06
  1.264221761652793e+09  3.233624292594741e+05  1.546575890390727e+06
  1.262358151508214e+09 -6.001855437439458e+05 -1.525950824013659e+06
  1.263416424470248e+09  8.703099598584094e+05 -3.718316451489691e+06
  1.264958869685244e+09  1.665961363770472e+06 -2.819188285859256e+06
  1.264395288228239e+09  1.050497593548804e+06 -1.552340284251715e+06
  1.265487127729509e+09 -5.185196288339063e+05 -1.090152785442987e+06
  1.262856112204183e+09 -1.040833617506246e+06  1.742334309323263e+05
  1.262358436100219e+09  7.320175766439748e+04  1.839109923084660e+06
  1.262957412701081e+09  9.260194751731424e+05  2.153236223859963e+06
  1.266082461153333e+09 -1.394348278615728e+06  1.120040116184014e+06
  1.262348336790387e+09 -3.695894394184673e+06  1.820198419879566e+06
  1.263114273444277e+09  1.485568068056735e+06 -2.498531022286491e+06
  1.267127385569387e+09  2.025889538523525e+06 -1.934497860563164e+06
  1.262961592561391e+09  1.001956944380706e+06 -2.205250085696196e+06
  1.264469577269101e+09 -5.342186744065229e+06 -8.418054031116604e+05
  1.265132768557120e+09  1.579168025569210e+06  1.715077662594469e+06
  1.263180620457326e+09 -8.650005864888720e+05  3.708503617989259e+06
  1.263171463315039e+09 -2.525770110455525e+06  1.957663671498333e+06
  1.262683186419754e+09  7.064042230613190e+05 -1.477743190579331e+06
  1.262781815936234e+09  5.940730680931016e+05 -2.601182825970701e+06
  1.261758424755308e+09  7.202617028224980e+05 -1.262645134984024e+06
  1.263767694176171e+09 -1.140903563086231e+06 -1.028434825678170e+06
  1.263718472454598e+09 -3.163212456103066e+06 -3.630311828865050e+06
  1.265633879517098e+09 -5.320324495610684e+05 -2.809710192952525e+06
  1.263869702041144e+09  2.898078906113666e+06 -8.078954961242829e+05
  1.263768901864336e+09 -4.735664447585715e+05 -1.936150296614295e+06
  1.259249158846447e+09 -5.351745961607174e+06 -3.160122618868364e+06
  1.261809701285151e+09 -2.574656261552360e+05  3.698826441117377e+05
  1.261461847918203e+09  2.249226739274318e+06  9.871707233758616e+05
  1.262234624475873e+09  3.574986646002441e+06  3.303819366701489e+06
  1.266216403339624e+09 -4.718277948055651e+06  3.771848484788012e+06
  1.263293667516840e+09  1.469395035328715e+06  1.180316553414785e+06
  1.262678291429195e+09 -1.574830063562843e+06  7.068888758333871e+04
  1.263996414978323e+09 -8.521187242032009e+05  2.138378374393390e+06
  1.260614008442403e+09 -3.207670486149638e+05  2.520136760899273e+06
  1.262466176523777e+09  7.892338084021560e+05  9.150039178533904e+05
  1.265099564606211e+09  4.759663353966899e+05  1.363194579300568e+06
  1.263350150466658e+09 -3.516499101028326e+05  3.459308242110616e+05
  1.259403273624148e+09 -4.475427845370483e+06 -2.524614071357621e+06
  1.261958156537442e+09 -4.348962048993534e+05 -1.414414738624511e+06
  1.263611573734679e+09  7.711501490686757e+05  1.588371853171853e+06
  1.263027307729812e+09 -1.916595836285900e+05  1.463449476632129e+06
  1.260000261888102e+09 -4.331906499043013e+06  5.255692009326048e+05
  1.263138747747822e+09 -8.413713732742124e+05 -1.394270291694145e+06
  1.266282747219175e+09 -9.410311084118206e+03 -9.827260144841176e+04
  1.264914675595143e+09  4.029317107568965e+06  7.582663248435203e+05
  1.266581757534444e+09 -1.109524108447450e+06  1.339902003154701e+06
  1.262113788240959e+09 -2.511555262992159e+06  3.817000820793286e+06
  1.261532758715424e+09 -1.720510346592622e+06  4.309487867216446e+06
  1.268352907208105e+09  9.325541187676197e+05  1.895023812878318e+06
  1.264787864810792e+09 -3.534339121463383e+05  3.351385896482074e+05
  1.260629221416332e+09 -5.456859059768829e+05 -4.536014243601218e+05
  1.258712653612438e+09  7.186167469617917e+05 -1.378594781724730e+06
  1.261888707464014e+09  4.895900068116211e+05 -2.544279648665175e+06
  1.264904990170275e+09 -3.560643128875265e+06 -3.067757248472507e+06
  1.264772619527092e+09 -1.758052071237814e+06 -4.356441911014916e+05
  1.264852341805677e+09 -2.494175096201513e+06  3.972647801694809e+06
  1.265936147750014e+09  7.598209363557469e+05  4.193668583174003e+06
  1.261528426014550e+09 -1.684335148382279e+06  4.236123558003808e+05
  1.263320043393692e+09 -8.361564493331069e+05  5.959450341949414e+06
  1.261091574139040e+09 -3.804992859780818e+05  6.956295472608693e+06
  1.264590442600253e+09  1.289422252684999e+06  2.885434715877877e+06
  1.262039439529086e+09  1.472683148463914e+06  7.063868804176900e+05
  1.262697284056018e+09 -4.055991647716349e+06  1.313941823354550e+06
  1.266120870303353e+09 -5.647145063697825e+05 -4.802226433473093e+05
  1.260041761398557e+09 -3.587234521587257e+04 -1.769413522227088e+06
  1.263263726425934e+09 -8.585070313669313e+05 -2.765530187711696e+06
  1.266580145638051e+09 -1.501855495982782e+06 -3.257508701466754e+06
  1.260549876634312e+09 -9.116087739501434e+04 -6.766495598768279e+05
  1.262625378749732e+09 -2.879816668122414e+05  8.660065809384519e+05
  1.263802499976489e+09 -5.631466201594013e+05 -6.912526945809035e+05
  1.261611978115137e+09 -3.724575587568624e+06 -1.039568747322262e+06
  1.260824348730942e+09 -1.879273880652243e+06  1.386866001302131e+06
  1.263554564505615e+09  8.329119445436723e+05  3.108755124160942e+06
  1.263250616441408e+09 -1.291206605443953e+06  3.631204346452375e+06
  1.262839897046977e+09 -3.756348948064103e+06 -2.007315807107392e+06
  1.259135546739624e+09  1.571487289527307e+06 -2.331814292775955e+06
  1.260149357468517e+09 -3.269899807443582e+05 -1.182137538921459e+06
  1.262206599142814e+09  2.174143569511839e+06 -2.071055356806067e+06
  1.259592270128088e+09 -9.395743450917392e+05 -2.969232599150813e+06
  1.262767476540006e+09  1.140579134397804e+06 -9.440089323876256e+05
  1.267053647501756e+09 -2.984170321808033e+05  3.818638230118174e+06
  1.261243527889719e+09 -4.503808953617455e+05  4.715056160102155e+06
  1.261508878150769e+09 -3.536239261180400e+05  1.463353214933871e+06
  1.264082151849863e+09 -1.953910369538101e+06  9.241547985183558e+05
  1.264907540511717e+09 -4.967239625911879e+05  2.649535670094245e+06
  1.263137264102155e+09  1.734809195688946e+06  1.123695577431401e+06
  1.264117861948300e+09 -2.325516189838057e+06 -8.833810938578163e+05
  1.262690849490465e+09  5.096381037386209e+05 -1.569098752625476e+06
  1.261889728560678e+09  9.647686392862367e+05 -2.282058209681350e+06
  1.264701539779323e+09 -1.887626059639446e+06 -1.239527335029396e+06
  1.259644047194512e+09 -6.391325936249858e+06 -1.103024655340206e+06
  1.265420528691138e+09  2.047315064582175e+06  1.791183831177710e+06
  1.262786732658529e+09  6.731805410202339e+05  1.818416835555874e+06
  1.263925061766268e+09  1.102294313735257e+06  2.294315606688927e+06
  1.263912724003455e+09  2.157380017518117e+06  3.153025322411521e+06
  1.264447935390539e+09 -1.527498700566171e+06  8.104716918409757e+05
  1.261134947674315e+09  1.956451035150375e+06 -1.165590167933150e+06
  1.261944089294685e+09 -5.290131144352859e+05 -1.255810031091488e+06
  1.262615441691696e+09 -8.564191069879240e+05 -3.506673442409128e+05
  1.260671801465014e+09 -3.572581578817881e+06  3.609667994417506e+06
  1.266465004970102e+09 -9.252592414433035e+05  4.681786523031387e+06
  1.261075559950358e+09  2.319168195075922e+06  1.385608770166686e+06
  1.260615281976733e+09  9.833689624978964e+05 -1.215278220193357e+06
  1.261803414893965e+09  2.590317460194379e+06 -2.421125565769602e+06
  1.264278710706631e+09  8.670892078280414e+05 -2.582039485778674e+06
  1.263454517060435e+09 -8.405513056178186e+05 -2.977683489917697e+06
  1.265331361417153e+09 -3.959595843050340e+06 -9.364838025399426e+05
  1.264002604905234e+09  2.644388796619605e+06  7.179284053539205e+05
  1.262225476445906e+09  9.705749259132983e+05  2.250385409374855e+06
  1.263621591597132e+09 -1.165830513267355e+06  8.130134286730695e+05
  1.263726513086903e+09  1.293329908429376e+06 -1.885318766341393e+06
  1.265096572245384e+09 -4.379384407473752e+06 -1.789907912112829e+06
  1.261660214499257e+09  2.390389217277202e+06  9.074967724490276e+05
  1.263909279627443e+09 -1.216981649562004e+06  1.699779270312552e+06
  1.265765980329700e+09 -1.494343688017686e+06 -1.479361517554314e+05
  1.265029690558740e+09 -4.735010570165670e+06 -2.667666568194965e+06
  1.261854975940389e+09 -8.929944497191779e+05 -3.548669085824843e+06
  1.261141932854237e+09  1.456815090701324e+06 -7.213598838038511e+05
  1.264413903130628e+09  7.127022165529770e+05 -2.566002199880389e+05
  1.261855132490579e+09  2.141548543703726e+06 -5.344637031349021e+05
  1.262166026463475e+09 -1.596162013945186e+06  2.045512498949171e+06
  1.265850613381323e+09 -1.636764317932483e+06  9.110636172293002e+05
  1.261298488386880e+09  1.012611887141897e+06 -4.678942278536669e+06
  1.265170927704945e+09 -3.582308271450082e+05 -4.298403777054436e+06
  1.263634994376952e+09 -2.573878690576208e+06 -2.778193629230063e+06
  1.264210810071570e+09 -1.463454309357345e+06 -1.885345992402140e+06
  1.263018613062189e+09 -1.613419324568965e+06 -1.588257743620535e+06
  1.264196360947204e+09  3.746390890902333e+05  1.275138588251874e+06
  1.265719427521498e+09 -3.150865221528798e+06  3.485476196365336e+06
  1.262690218888781e+09 -4.193364427578407e+06 -6.825669422037667e+03
  1.258443912352866e+09 -3.245840817152988e+04 -4.861684134183986e+05
  1.261378108587605e+09  3.146556207727567e+06  2.238100627854541e+06
  1.264124127562687e+09 -2.677371196969720e+06  1.816093147076617e+06
  1.262619611638991e+09  2.609109983464453e+05  5.261089634837944e+04
  1.263455620462338e+09  1.888391539375565e+06 -1.097219617277646e+06
  1.261917491444803e+09  9.120104987545661e+05  6.006105756252212e+04
  1.264530632176860e+09 -2.293748601527567e+06  1.194948445507314e+06
  1.265026887842031e+09  1.156562350872634e+06 -1.567599624271606e+06
  1.262302529411418e+09 -4.337306250912006e+05  5.172253221821013e+05
  1.262945190343082e+09  5.387550245946933e+05  2.911859505457838e+06
  1.264796689222713e+09 -1.784012019163261e+06  5.144599890783390e+06
  1.263620276230713e+09 -9.245842439964938e+05  4.127900640730361e+06
  1.260125344512629e+09 -3.457589152538463e+06  1.624421489555564e+06
  1.263075185367540e+09 -3.316011829030477e+06  3.569482873132729e+05
  1.265405628674747e+09 -2.096361607307446e+06  2.457396495966856e+06
  1.264756065662028e+09 -3.070220023480605e+06  4.105626503793588e+06
  1.261755593623989e+09 -9.957871092525907e+04  1.542152109425515e+05
  1.261818843076260e+09  1.978661284943439e+06 -5.339760347153424e+06
  1.260854020022184e+09 -3.378975304542289e+06 -5.104382078060271e+06
  1.261662985834433e+09  1.405082835446076e+06 -2.063893209804815e+06
  1.260825073785249e+09  3.122726435756988e+06 -1.688006479165968e+06
  1.264892038583130e+09  1.497588939712906e+06 -2.453498558150351e+05
  1.263765326707301e+09 -3.108963301430714e+06  2.923234868096145e+06
  1.266469554734235e+09  2.345389846607195e+05  2.175373195777347e+06
  1.263522992125177e+09 -8.178885817490892e+05  2.752610504045831e+06
  1.262018386464340e+09  1.482645688375362e+06  5.831693414145548e+06
  1.261923306287659e+09 -3.761387437923693e+05  5.704535896648088e+06
  1.261247437495707e+09  1.089461724001952e+06  4.059538217140235e+06
  1.263029616201737e+09 -1.549088172635863e+06  1.731397227667139e+06
  1.259983109363673e+09 -4.294288581617521e+06 -9.365112428780670e+05
  1.264223074316716e+09 -2.887361140160941e+06 -2.542098240704556e+05
  1.263711859867392e+09 -5.671811774875337e+05  1.868547913213293e+06
  1.261587400915610e+09  1.789155307804571e+05  2.034517921675322e+06
  1.263053875621080e+09 -2.986318981788420e+05  2.333508540318741e+06
  1.265719509281912e+09 -4.306489952109480e+06  2.207434842843547e+06
  1.262311631877383e+09  1.365935713582401e+06  1.226541746387129e+06
  1.258625054756463e+09  2.204897602171005e+06  1.301918210633268e+06
  1.265034755388301e+09  4.051070169003485e+04  3.901489922530586e+05
  1.263170321710744e+09 -1.342391102093569e+05 -8.487718050064903e+05
  1.259620701936994e+09 -8.273860830751900e+04 -1.440346061459033e+05
  1.262682243604842e+09 -1.404984042847198e+06  6.125627883996319e+05
  1.263588604997385e+09  5.929786805255460e+05  3.814576420582150e+05
  1.267681277024955e+09  1.285277678074754e+06  2.722316219741323e+05
  1.264211145709564e+09  1.293115743613245e+06  1.440369262709119e+06
  1.262501281129494e+09  1.277791281970028e+05  1.596754065434888e+06
  1.263654958773328e+09 -1.107968479171230e+06  4.313678078390515e+05
  1.263859311185118e+09 -1.367030358268413e+06 -7.721455358588183e+05
  1.260937022969269e+09  1.286038039449387e+06 -5.933274591893088e+05
  1.263380568287045e+09  3.031142323988585e+05  1.405326450826651e+06
  1.261933139652671e+09 -1.175556852689898e+06  1.999091794022606e+06
  1.266707755518265e+09 -4.664227150710709e+06  2.691991782550309e+05
  1.261770037183472e+09 -1.271893411776159e+06 -2.199126578723729e+06
  1.265584331834311e+09  1.692664328574160e+05 -3.743082104853565e+06
  1.263146738694366e+09  1.134336541384315e+06 -2.635610453987186e+06
  1.261732334740426e+09  1.028972805958100e+06  6.854278826194839e+04
  1.262294670698404e+09  1.046768733861624e+06  8.851672377115302e+05
  1.264999948306352e+09 -2.067511828442594e+05  2.022739467011889e+06
  1.263856024428938e+09 -1.579482388333736e+06  2.189660323771120e+06
  1.264338990934777e+09 -1.189901265464433e+05  1.669134076873638e+06
  1.261057818038268e+09  1.476105831006982e+06 -3.068433981194596e+05
  1.262797428960432e+09 -1.892125420294849e+06  8.794068114080773e+05
  1.262892605862872e+09  2.527132158781191e+05  2.168061196166135e+06
  1.262185860243836e+09 -7.022393490055336e+05 -4.011415581128164e+04
  1.262986771732824e+09  1.425154655108531e+06 -3.244650863365144e+06
  1.264959426908122e+09 -2.973461574047791e+06 -4.736471019066911e+06
  1.264468615698231e+09 -5.215917110012870e+05 -3.725871939592791e+06
  1.265309474388360e+09 -3.737274368852902e+06 -1.775176092216983e+06
  1.264875221875757e+09 -3.414523915345685e+06  8.871482803769383e+05
  1.263628012075906e+09  9.775172777326828e+05  2.595499251491105e+06
  1.260825875777533e+09  3.289262718616486e+06  2.409637291635448e+06
  1.261804691051860e+09 -7.788805344666175e+05  1.944437685575838e+06
  1.265914929410332e+09  2.031217145627092e+06  2.182315134392268e+06
  1.266262287951650e+09  1.145162482398025e+06  7.211435853157797e+05
  1.264582027294677e+09 -2.502198954469712e+06  1.504466141618430e+06
  1.262561033404523e+09 -2.778198020673970e+06  8.811427331325267e+05
  1.263166134187495e+09  2.176470571219119e+06  2.367931595212227e+04
  1.259003416458871e+09 -2.187329956290880e+06 -2.087765261774071e+06
  1.263977751780645e+09 -1.176989012752465e+06 -2.689292394225790e+06
  1.262594611040069e+09 -1.034713074794899e+06  8.705387174186239e+04
  1.263771948738620e+09 -1.230318115455851e+06  1.417952263222622e+06
  1.263087621635472e+09 -4.890410983915610e+06 -1.837910842001050e+06
  1.260603053642399e+09  1.501480174770017e+06 -4.057486469585788e+06
  1.261267295949177e+09 -4.873331609850619e+05 -1.979401650162379e+06
  1.261985368069363e+09 -2.381087574446082e+06  2.102394387756908e+05
  1.264799735859750e+09  9.089508744248045e+05  6.228225776616787e+05
  1.260028948858226e+09  4.966134955000393e+06  7.712127591665387e+05
  1.264597596308702e+09 -1.758212056992687e+06 -6.730219743416905e+05
  1.265326243769256e+09  2.834233837685378e+06 -1.446708015350968e+06
  1.259910188386662e+09 -2.496674414453822e+05 -2.889311334699168e+05
  1.261719478142511e+09  5.885547473094189e+05  2.838091586155883e+05
  1.263054495721163e+09 -1.743570609288975e+06  7.770860640536088e+05
  1.258287692112261e+09  1.290573762612757e+05  4.194754152572255e+05
  1.263436634107971e+09 -1.614631242424980e+06  1.418346439385648e+06
  1.260196828336534e+09 -1.099011598276563e+06  2.059886891265985e+06
  1.261069140605839e+09  4.189755278788250e+05  2.758784531159827e+06
  1.265605105974313e+09 -1.894636209754483e+06  3.669674704636317e+06
  1.267000344058852e+09 -3.448894118259576e+06  2.528866148504229e+06
  1.262442794879269e+09  2.868588304548047e+06  8.750691855091089e+04
  1.261511094812557e+09  2.115508941449600e+06 -4.483563627184725e+05
  1.262016979359305e+09  3.632069193403505e+05  2.450630500840918e+05
  1.264547143027760e+09  5.808788608271396e+05  6.563885928224081e+05
  1.264565616267902e+09  3.338671888036745e+06 -5.498694293953241e+05
  1.266170209906463e+09 -2.593285576535949e+06 -9.479340019651960e+05
  1.267756908833301e+09  1.578228837496510e+06  2.387035687570146e+05
  1.264019142336765e+09 -8.766084976199110e+05  8.133508504129443e+04
  1.264835259152191e+09  4.161471224259238e+06  8.685430463183949e+05
  1.264617440598427e+09  1.409671434124144e+06  1.105725051800115e+06
  1.261939493756494e+09 -1.344832596594372e+06 -2.709268201183211e+05
  1.260286425888537e+09 -2.157902500818153e+06 -6.200681112113990e+05
  1.263994116951649e+09 -2.033019141295983e+06 -3.794018049300445e+05
  1.262407083345776e+09  2.083521592836685e+06 -2.435565117257839e+05
  1.265004463029261e+09 -9.881988569578636e+05  1.824021714250235e+06
  1.261162437580206e+09 -1.126177675458994e+06  2.416195887732340e+06
  1.258267270389969e+09  1.081523092623375e+06  6.461319283136126e+05
  1.261429385347783e+09  2.485019652773715e+06  2.761859594497610e+06
  1.261580008977839e+09  2.524090184853749e+06  3.673722878595334e+06
  1.263866915758671e+09  7.589645142890741e+05 -2.002550429110598e+05
  1.265589017012819e+09 -1.605339182292675e+06 -2.414384670282337e+06
  1.262349016496363e+09 -5.025553881274851e+05 -1.324226796960985e+06
  1.261728954779508e+09 -4.504170774072227e+03  2.930288411468088e+04
  1.265476959787801e+09 -9.746142236591558e+05 -3.802953739728526e+05
  1.264880257622563e+09  4.254549151137275e+06 -1.609966138114755e+06
  1.264182638552983e+09  1.251121549878436e+06 -2.302051335725628e+06
  1.262439197246680e+09 -3.551046855584065e+05  3.021542428538497e+05
  1.257520786162382e+09 -1.001891272151346e+06  1.177375398474776e+06
  1.263835374070191e+09 -4.825197830896606e+06 -8.535953097723491e+05
  1.261258455816484e+09  5.177402102516704e+05 -8.170919480906563e+05
  1.262678088542815e+09  9.300386547567069e+05 -1.062841584992602e+04
  1.262693174764430e+09  7.551601181536373e+05  7.254031663492876e+04
  1.263064387515776e+09 -7.808424198189544e+05 -2.741445096124909e+05
  1.267157202722542e+09  2.625541068488262e+06  7.371040683504398e+04
  1.259187723419304e+09  1.799599068769639e+06  6.305492809166533e+05
  1.265052672319762e+09 -7.508974943399638e+05 -7.698926595379857e+05
  1.263328442078041e+09 -2.431254621759115e+06 -1.080467107609301e+06
  1.266307379719215e+09  3.078485974063760e+06  9.151245598464170e+05
  1.265001982250506e+09  1.464223824465080e+05  8.655173216526846e+05
  1.263081968493237e+09 -2.423611461828331e+06 -6.225801767254091e+04
  1.263823611094225e+09  1.043905660164800e+06 -9.307524285201665e+05
  1.262821656161937e+09 -3.681991526593671e+05 -1.484034357241466e+06
  1.261367154446170e+09  4.122154067740333e+05 -1.140794804282130e+05
  1.266960334828337e+09  8.291313449520516e+05 -1.373726375118330e+06
  1.265564872732748e+09 -4.180485868784016e+06 -1.391182498598259e+06
  1.263829611967740e+09 -1.948513067131798e+06  1.705530493790400e+06
  1.261282636741097e+09  3.696935041404749e+06  1.157592911621249e+06
  1.262809478686098e+09 -4.839803215349083e+05 -4.792160765481801e+05
  1.259011942364718e+09 -6.984217553526576e+04 -1.109431895648948e+06
  1.263661547631446e+09  2.695982377165129e+06 -3.360487291219025e+06
  1.263253110382904e+09  3.385260184388468e+04 -3.916234465138968e+06
  1.263498604572702e+09  5.918853949207083e+05 -1.658563018797725e+06
  1.264103802095533e+09 -2.713139444886429e+05 -2.319848591179194e+06
  1.263705655075641e+09  3.958976208498895e+05 -3.430452964229298e+06
  1.261333284600195e+09 -1.197184665233067e+06 -1.519271159142979e+06
  1.263292970444091e+09 -2.246784052292393e+06  3.109381816440954e+06
  1.262791954475726e+09 -2.031917654674484e+06  2.044564884160609e+06
  1.265530537201390e+09  1.080364814801508e+06  1.140319683900256e+05
  1.265292494555072e+09  1.212169863871436e+05  1.131097792277527e+05
  1.264647416775596e+09  2.093889473520427e+06  5.337496641999958e+05
  1.262649477513063e+09 -7.551646533910560e+05  2.137428625042481e+06
  1.262355086055017e+09 -5.950264029646968e+05  3.003064685008587e+06
  1.262864120279535e+09  2.213268410527829e+06  2.132548792065382e+06
  1.262117713200276e+09 -1.244592068659423e+06  9.565094334990472e+05
  1.265665410444705e+09  2.021177008512810e+06 -5.091872166805440e+05
  1.262210462875980e+09  2.404982510996896e+06 -2.392915752027391e+06
  1.264147303747286e+09  1.527539908054454e+06 -4.243434551788696e+06
  1.262054786729520e+09  1.555897532762216e+06 -3.152809621096235e+06
  1.263393164821146e+09  9.919711561939236e+05 -4.853540644819377e+05
  1.263764780139757e+09 -2.950335987396027e+06 -3.457505170962397e+05
  1.258633366692427e+09 -1.620816919723141e+06  6.355854297741855e+05
  1.264185280738432e+09 -1.086653754005633e+06 -2.346686218656482e+06
  1.266275918666301e+09 -4.839218027074384e+05 -1.580438947793151e+06
  1.262827472083973e+09  3.391752782859758e+06 -1.566119835619600e+06
  1.264506812969882e+09 -4.919871657102311e+03 -2.383385301263570e+06
  1.262017797842100e+09  7.653442846658953e+05 -2.362315286363782e+06
  1.260222821275843e+09 -1.313004060148580e+05 -7.018419645955658e+05
  1.268358876957380e+09  3.425746492704620e+05  1.061519099835640e+06
  1.262996741671782e+09 -6.988571421911743e+05  9.836166487481147e+05
  1.262029282519079e+09  1.526344865090520e+05 -1.166604807759268e+05
  1.259939972012826e+09  1.734486660293073e+06 -1.791275575286522e+05
  1.265560602220208e+09  1.784437328092506e+06  8.191816791060466e+05
  1.266679652044955e+09  2.486581638628776e+06  2.300218960434832e+06
  1.262031468925256e+09  1.661747441899279e+04  2.651271176409394e+06
  1.265736231857615e+09  2.972352227052213e+06  4.238947308976764e+05
  1.264761496748997e+09 -1.071934782201456e+06 -1.019094882646148e+06
  1.262171613597255e+09 -9.339080933248177e+05 -1.741841317609432e+06
  1.259864585768113e+09 -9.695500871600484e+04  3.336181588569609e+06
  1.259056306295757e+09  2.087928556082266e+06  2.798395657704030e+05
  1.263473284229390e+09  2.951593233487975e+06 -2.605268729586613e+06
  1.264582676589049e+09  5.727582290547187e+05 -2.167981252668120e+06
  1.262523982230728e+09 -1.450949048054689e+06 -1.768110971859903e+06
  1.265175282537960e+09  1.171881835094015e+05  1.562948263348375e+05
  1.260982184478776e+09 -1.714469299956751e+06  2.515956737759587e+06
  1.266569725514688e+09 -8.666213707410517e+05  3.403930216352721e+06
  1.266452746267593e+09 -1.824486092242963e+05  2.867358571803398e+06
  1.261161159223058e+09  3.532719328323777e+05  1.039608142643008e+06
  1.264492755113041e+09 -1.892193213562179e+06  1.681906761470451e+06
  1.261236286722322e+09  2.390211952434486e+05  1.925574904104814e+06
  1.260175673197006e+09 -1.171561095747833e+06 -5.759955494764302e+05
  1.260482846421165e+09  3.282577834083352e+06  1.163630301354268e+05
  1.261954341458657e+09  7.342753118800051e+05  2.113833204775087e+06
  1.263936042968042e+09 -3.701571704808274e+05  2.812232180781994e+06
  1.263656718743642e+09  8.583732829100518e+05 -1.678527749115986e+06
  1.261026547872120e+09  3.006443790930925e+06 -8.435821038850760e+05
  1.260303488383619e+09  1.225203101258448e+06  1.485775487718462e+05
  1.261129472685742e+09  5.171090423173380e+05  7.068682560453902e+05
  1.259313722724800e+09  1.565974387881008e+04  1.122142799952323e+06
  1.262269307287833e+09  5.533595034949947e+03  5.696930279127694e+05
  1.268040319588539e+09 -2.493935996950119e+06  3.424967716533145e+05
  1.260314912600056e+09 -9.055582580719754e+05  1.630649176906498e+06
  1.262944311951905e+09 -1.591771747620758e+06  1.939302924404096e+06
  1.265011624699295e+09  1.918099008222962e+05  1.952065514425393e+06
  1.264996408567082e+09 -7.497063868506964e+06  3.395611228118900e+06
  1.261927171054689e+09 -5.200344920964640e+05  3.613993821388333e+06
  1.264023589098353e+09 -1.587248131525496e+06  8.369021069945988e+05
  1.261366724616137e+09  1.057282315464489e+05 -1.406400917193741e+06
  1.261879049889714e+09  1.480371442971559e+06 -1.081289923188069e+06
  1.263730717980089e+09  9.811313362288098e+05 -1.198071068007387e+06
  1.259013744327285e+09  5.306206583645840e+05 -3.389316736377705e+06
  1.262614253361108e+09  2.516951893785290e+06 -4.926360208230129e+06
  1.263133449128585e+09 -5.950148790052745e+05 -5.943720466987569e+06
  1.264755955636794e+09  2.540493328074405e+05 -4.043197913669496e+06
  1.263430051866634e+09  2.251885204847196e+06 -3.695191497907282e+06
  1.264240214014944e+09 -5.037986178032587e+05 -4.440870808250489e+06
  1.262135561673013e+09 -3.400502772351493e+06 -3.768206914800983e+06
  1.260962890317988e+09 -1.666694895738724e+06 -2.683164573436381e+06
  1.264656045865586e+09 -1.749245923767455e+06 -3.544339840685651e+05
  1.263116668589549e+09 -3.639717513592576e+05  1.179140710424983e+06
  1.262745170391773e+09 -7.416603586361660e+06  5.968192002792911e+05
  1.262263818521763e+09 -5.427852434266664e+05 -7.925529625120794e+05
  1.260819706213209e+09  4.460505128862374e+05 -6.344236264327626e+05
  1.261767983520301e+09 -1.867721837525062e+06  1.636622647699985e+06
  1.263016683013162e+09  2.284320736491371e+06  1.573602476785345e+06
  1.263428073470357e+09  2.270041698329418e+04 -1.544488441536499e+06
  1.266510278415069e+09  1.172624670884584e+06  2.994608530151293e+05
  1.262176754529559e+09  6.035655432391067e+05  5.342034443453557e+05
  1.260541516614760e+09 -2.506009254862557e+06  1.457546983589571e+06
  1.264845190659736e+09 -3.004835670719700e+05  2.300919168941256e+06
  1.262266657993241e+09  1.288577306190003e+06  1.764398847737435e+06
  1.266464423205048e+09  1.207320348505002e+06 -5.987202793908631e+04
  1.261272149033048e+09 -4.999290585492570e+06 -3.524968121501707e+05
  1.262720907336957e+09 -2.709857045602466e+06  1.877618838345274e+06
  1.265617681600406e+09 -9.608543326476591e+05  1.776766892857562e+06
  1.265830468736568e+09  1.181993588035779e+06 -8.159558282896259e+04
  1.264440745765542e+09 -3.821739670208219e+06 -1.080734559421973e+06
  1.261735333815121e+09 -6.776871378884155e+05 -1.669274943653481e+06
  1.261882821344587e+09  1.750011740523249e+06 -2.214488107429957e+05
  1.263008969268922e+09 -1.243459429824090e+06  2.360525911246398e+06
  1.261895311296975e+09  8.830158712712890e+05  2.040246283504725e+06
  1.263724137973495e+09 -9.965752818886668e+04  4.212148699332040e+05
  1.260303933842288e+09 -2.288334082091734e+06 -1.840213199947058e+06
  1.264169582076816e+09  1.112071135082596e+05 -2.075218410279138e+06
  1.261224703010324e+09 -2.491579831174854e+06 -3.411165498342034e+06
  1.264165421703537e+09 -1.338099624646271e+06 -1.898101945118580e+06
  1.259480290547508e+09  2.231343842158263e+06  1.794353484133048e+06
  1.265182365545309e+09  1.245332096203388e+06  3.489945786920661e+06
  1.266248537704538e+09  4.622660838321637e+05  3.104112359941038e+06
  1.262928636765912e+09  1.538744384557906e+06  3.087626268825395e+06
  1.259225497631369e+09  6.644089540951776e+05  2.637293793027002e+06
  1.260730668338822e+09  8.210793562338010e+05 -3.853921158689435e+04
  1.261923125744489e+09 -1.032748544361813e+06 -1.579210094667991e+06
  1.261471874183546e+09 -2.784239772269784e+06 -7.917640560366372e+05
  1.265402642009019e+09  1.244456036685242e+06 -2.632912011139150e+05
  1.264159167741669e+09  3.759369516836409e+04 -1.209955510791843e+06
  1.265059656814251e+09 -2.405880166661487e+06 -1.737735716266003e+06
  1.264943551720053e+09 -1.573385406358835e+06 -1.859848995168715e+06
  1.261906894256525e+09  5.924391254456426e+05 -1.780328338720088e+06
  1.263838394681872e+09 -7.367267692881143e+05  3.093779759817822e+05
  1.263022739096220e+09 -8.563225818731452e+05  3.297589768879996e+06
  1.263957692469007e+09 -1.493868779485275e+05  3.678993872551532e+06
  1.260055124025505e+09  2.277877371010968e+06  2.036056850441722e+06
  1.267014802330356e+09  2.879837312018551e+06  2.712713771936920e+06
  1.262885931529400e+09 -2.371951638747045e+05  4.408552950931953e+06
  1.262552159733602e+09  3.650593566914844e+06  5.224418242649320e+06
  1.265353481334835e+09  1.691040805191023e+06  5.006084650292128e+06
  1.264598412374228e+09  8.395554093746182e+05  2.653263245138130e+06
  1.262199751460804e+09 -1.980568381687181e+06  2.180700246184375e+06
  1.265874453508658e+09 -2.798834145773637e+06  4.653361122976842e+06
  1.260507556943770e+09  1.267264674377456e+06  2.897685181367804e+06
  1.262257600548562e+09  1.811270699917117e+06  1.472453444871032e+05
  1.262886699066454e+09 -2.739529724879855e+06  2.196630185081012e+04
  1.266259708751010e+09  1.394100396033062e+06 -1.311065964493551e+06
  1.258790190891549e+09  1.266900829065050e+06 -1.418612247189755e+06
  1.261879266558789e+09  7.540883538063786e+05 -2.502716638538890e+05
  1.259949747384728e+09 -1.041311924127859e+06  2.600495166588353e+06
  1.262036583952374e+09  8.048570269971859e+05  3.592133664615745e+06
  1.262831883356347e+09  1.221298886421212e+06  1.519463748798768e+06
  1.261539502333523e+09  1.539184722474775e+06 -1.192798151218385e+06
  1.261150443304880e+09 -3.466769444396503e+06 -3.081603948376329e+06
  1.263655283391288e+09  2.795029340818075e+06 -3.451398350632609e+06
  1.263638608528675e+09  1.639097976981975e+06 -1.804286977642511e+06
  1.265405469901446e+09  5.500387688855937e+05  1.185082128765684e+06
  1.262936418308568e+09 -2.727056409954723e+06  2.065741628127799e+06
  1.263950095539596e+09 -4.154402000880377e+06 -1.311003464994348e+05
  1.259636863915215e+09  1.581458395185428e+06 -1.759575306320376e+06
  1.262970890257497e+09  1.119764068506240e+06  3.258407438334737e+05
  1.263420149637401e+09 -3.700883256786177e+06  1.675528117398523e+06
  1.260727866475898e+09  2.309518382805176e+06 -2.803378436266093e+05
  1.265905043023023e+09 -5.257850863641120e+05  8.543089481806492e+05
  1.265107787442064e+09 -6.896109911987822e+05 -1.925592138544336e+06
  1.268036268162103e+09 -1.788887467474934e+06 -3.340564977929150e+06
  1.262682982982461e+09  1.079153258043209e+06 -1.120290789693485e+06
  1.263530965029125e+09  5.233883128558401e+05  5.157539200493378e+05
  1.264832179942391e+09 -1.536695257278358e+06 -5.212192433699627e+05
  1.260990122339530e+09 -3.772667877493961e+06  8.015355847538623e+04
  1.259850764619604e+09  4.106430641186835e+05  2.612480841774830e+06
  1.261289938466385e+09  3.255203684937894e+06  1.377187632156148e+06
  1.262827866693011e+09 -2.347169807152611e+06 -1.901453305652307e+06
  1.266329399608114e+09 -7.030275853083814e+05 -2.036755574506490e+06
  1.262674625593573e+09 -3.013421595898361e+06 -1.038415830248518e+06
  1.263154210998075e+09  3.516175569831232e+06 -9.923849865034667e+05
  1.261690824577699e+09 -1.086859190145311e+06 -4.753820061857254e+05
  1.262253318708086e+09 -3.913234872251933e+06 -7.062335055169122e+05
  1.263931332718286e+09 -3.103355616319095e+05  1.213374863249523e+05
  1.266160306604567e+09 -1.658921750947969e+06 -1.231810801550366e+06
  1.263276022066473e+09 -1.534435259761236e+06 -6.361562368859332e+05
  1.266147748318100e+09 -5.681683277916324e+05  3.175383022104742e+06
  1.259137333987687e+09 -8.160223074791621e+05  5.350891726171589e+06
  1.261826497011203e+09  1.753594766692604e+06  4.434010761951169e+06
  1.262896595586495e+09 -2.899338856227541e+06  1.419420743342065e+06
  1.262222517355445e+09 -5.677921306910965e+05 -2.339347164614118e+05
  1.262125088524522e+09 -4.405095329502602e+05  8.693474254740024e+05
  1.266420772875516e+09  3.350134928697417e+06  1.281002199872009e+06
  1.265428609025785e+09 -3.383795627606660e+06  4.040314550609275e+04
  1.266801475778067e+09  3.219736465865505e+05 -1.257866991519778e+06
  1.266447657161887e+09 -2.656345425654153e+06 -3.183991932036973e+05
  1.263536348085268e+09  5.940261491751564e+06  1.384419221923972e+06
  1.262520262626389e+09 -1.423544136105678e+06  8.756903746090126e+05
  1.262187868384263e+09 -9.973941496463573e+05  1.271685584629193e+06
  1.265126313472248e+09 -2.394539206534615e+06  1.221690295937146e+06
  1.263459984202470e+09  1.119389216800206e+05  3.367659642957222e+05
  1.263607679203087e+09  5.577853273090587e+05  1.900063794332404e+06
  1.262055423469133e+09  1.713068987608942e+06 -6.541831250928808e+03
  1.263149078139626e+09 -3.657686492894416e+06 -2.006287327916352e+06
  1.263908103597934e+09  2.867991814542641e+06 -1.619865301593265e+06
  1.263813351152580e+09 -2.255621793718704e+06 -1.293438307927125e+06
  1.259489418459686e+09  2.815669367500203e+06 -6.229783662284762e+05
  1.260083325825453e+09 -1.724955476605381e+06 -1.087246699108441e+05
  1.262986914329772e+09  1.448517311467043e+06 -8.592294067430487e+05
  1.262815709113034e+09 -8.198914171486197e+05 -2.090076767172749e+06
  1.263837726860061e+09  1.545266264963243e+06 -1.869974599688935e+06
  1.262283307731756e+09 -3.046205910025149e+06 -1.194014371843817e+06
  1.264635535792831e+09  4.762810384323071e+06 -1.613728750993565e+06
  1.261066847991173e+09 -1.699505406732030e+06 -1.991020994432594e+06
  1.265148359192569e+09  6.924733213783394e+05 -3.370268888705035e+06
  1.265374616654872e+09 -3.783648101366445e+05 -2.842322536036294e+06
  1.260062623721253e+09  2.384916912068407e+06  6.417104636470012e+05
  1.260534582737968e+09  1.630977152691322e+06 -2.623295450967892e+06
  1.261486360798280e+09  2.082037017261233e+06 -2.096158402422508e+06
  1.259710691771025e+09 -2.810920843583181e+06  4.433638825109313e+05
  1.263927574956944e+09  2.011092543536158e+06  2.180345941906361e+06
  1.261360103670290e+09 -7.687205108031154e+05  1.330885969932939e+06
  1.261885705569166e+09  2.545923828426654e+06 -6.836832670642293e+04
  1.264287905980618e+09 -2.864872936062265e+06  6.652309734726902e+05
  1.265111761866447e+09  1.319358444460819e+06  3.110756729938001e+06
  1.263368754917086e+09 -1.045733747825590e+06  5.173679867286758e+06
  1.264866676174958e+09  2.645516082922704e+06  4.759584791872267e+06
  1.264646038126062e+09 -1.171535799773002e+06  2.374996533139389e+06
  1.264023539903140e+09  3.109761488911808e+06  5.900448049943055e+05
  1.265161217451872e+09 -2.048579140762269e+06  6.162713796522126e+05
  1.267120163036655e+09 -2.034081845542173e+06  1.456574365089001e+06
  1.264939671688291e+09  1.207737693487813e+06  2.593357213291974e+06
  1.264811402916891e+09  3.094000645466709e+05  9.527848430984254e+05
  1.262176446992339e+09  6.638026246634832e+05 -1.346053147080992e+06
  1.265475835376988e+09  1.224678533293589e+06 -2.981954803129668e+06
  1.262180321089950e+09 -3.573428448254982e+05 -2.150485269458125e+06
  1.261295191583071e+09  5.302308270626976e+05  1.722402813352417e+06
  1.263705607697498e+09 -5.469158107685139e+05  1.632629675178117e+06
  1.265113705508248e+09  1.221835946729394e+05 -6.605322765378595e+05
  1.261921045376139e+09 -2.555611500101080e+06 -1.319881147645410e+06
  1.262067404935490e+09  1.383142963889728e+06 -3.010270330242074e+06
  1.260471341279349e+09 -3.386860014094309e+06 -3.783782723232097e+06
  1.262678309591967e+09  3.376546222190576e+05 -1.674577153603495e+06
  1.262370176657797e+09  8.617571812600107e+05 -5.921354057926497e+05
  1.263725543951476e+09  2.760839923292777e+06 -1.012180453923229e+05
  1.263956308136827e+09 -1.874225260352223e+06  3.958351794226632e+05
  1.262926483792584e+09 -5.312399188324802e+06  4.913549067743529e+05
  1.263758555848239e+09 -4.378698218787350e+05  1.901862792929411e+06
  1.264521456934464e+09 -7.712779393394220e+05  5.791441339994839e+05
  1.263789299998199e+09 -8.292314813346340e+05  6.754476589688008e+05
  1.263620104305098e+09 -4.204674871555141e+05 -2.838394218835621e+06
  1.261763796251822e+09 -2.013344931054986e+05 -4.274351929173291e+06
  1.262511806417165e+09  3.036162871176618e+05 -1.602317186324527e+06
  1.262524340829458e+09 -1.678338478173303e+06  2.355274247686664e+05
  1.262311724496487e+09  3.488083126599459e+05  1.623473960015929e+05
  1.263518802464894e+09 -7.210208028852580e+05 -4.613427716448275e+05
  1.261471278631911e+09  7.339704235161140e+05 -1.023035029526072e+06
  1.263994485680035e+09 -3.755493828934450e+06 -1.764486527006882e+05
  1.268437329355670e+09 -1.495388628381944e+06 -2.558122834319386e+05
  1.258538797459239e+09  5.346132079615045e+05 -1.328391141538342e+06
  1.266774736792830e+09  1.394757047535825e+06  8.504748122899984e+05
  1.264722392377165e+09 -2.554791144509465e+06  2.677996336135135e+06
  1.265854869745584e+09 -5.107493318730825e+06  1.627407762237224e+06
  1.265629122050017e+09 -1.315593292962231e+06  1.513784615926552e+05
  1.262234504881768e+09 -1.717391957029086e+06 -2.192928311148321e+06
  1.260128671586347e+09 -2.085317894512480e+06  3.006511978675229e+05
  1.263600074028890e+09 -2.567786245262720e+06  9.951212812388269e+05
  1.261584873323386e+09 -1.546955798890646e+06  4.962561692515258e+04
  1.265989965705769e+09 -3.667250006397098e+05  1.531487454852206e+06
  1.266537274655828e+09 -2.885806407539407e+06  3.192873663322734e+06
  1.264360684120314e+09  1.716163673316657e+06  6.570523089625027e+05
  1.264135066965666e+09  1.426495377246730e+06 -2.336236774212255e+06
  1.261456702237636e+09  1.208200114765285e+06  1.640021765893353e+05
  1.257561629753635e+09 -2.480511948682331e+06  2.339542257075305e+06
  1.263437697678579e+09  1.032236525380920e+06  7.782728600270222e+05
  1.261928398009610e+09 -2.915730909208731e+05 -1.379103199417891e+05
  1.262738893874287e+09 -6.157603571934268e+04 -1.104168502823040e+06
  1.263433422455634e+09 -3.494914644971012e+06 -2.864023822407099e+06
  1.264153051912494e+09 -3.471931818528631e+06 -3.134179362733282e+06
  1.262410305188834e+09  4.397400374951318e+05 -2.849861913664794e+06
  1.263930793300657e+09 -2.608463535360383e+06  1.476412337835107e+06
  1.264548869184262e+09 -2.389368378989541e+06  1.782736109999442e+06
  1.264863827655932e+09 -3.944979501874073e+06  6.274314728510638e+05
  1.260592373731510e+09 -2.064519318430383e+06  1.690313853781638e+05
  1.264171851550649e+09 -1.670301130234882e+06 -6.045375238818640e+05
  1.262844902477978e+09 -2.393103060211406e+06  6.874634443925257e+05
  1.262207226599928e+09  1.497702479353052e+06  2.224321571980714e+06
  1.262359757164570e+09 -3.594173450627314e+05  9.470476248932957e+05
  1.263730512441584e+09 -4.599016909555166e+05 -1.176557868537192e+06
  1.262963333515051e+09 -4.276192010445980e+05 -1.391511990622323e+06
  1.262105154357841e+09  2.537767491207362e+06  8.201283196534624e+04
  1.266923249581093e+09  8.185573249616279e+05  1.747221951500340e+06
  1.261807176228251e+09 -1.123290317994716e+06  2.158389802997159e+06
  1.262791509040128e+09 -1.996587635550683e+06  2.339668876696634e+05
  1.264991781423383e+09 -2.720995519747505e+06 -1.883600022439431e+06
  1.261393915396130e+09  2.029852942342400e+06 -1.272082810440273e+06
  1.263969380550955e+09 -8.236321904929217e+05 -5.474113049172566e+05
  1.264681897010932e+09  4.944214699222697e+05  1.828500046605915e+06
  1.262687302181087e+09 -4.273176651180066e+06  3.039819993091504e+06
  1.264422010622890e+09 -2.008960675970467e+06  2.248989083119029e+06
  1.262560408295730e+09 -8.151845237966315e+05  1.016086626956286e+06
  1.262280525835251e+09 -4.628688423400333e+05  8.697292253874358e+05
  1.264767372845972e+09  5.930028884268348e+05  8.546312107118097e+05
  1.263060319692974e+09 -2.875375763855700e+06 -1.728603416201946e+06
  1.262286039905278e+09 -3.633115971730174e+06 -2.077023646967016e+06
  1.264446171834090e+09 -7.433670250027332e+05  4.126177116100108e+05
  1.266411912226662e+09  1.970147304127546e+05 -2.881450586684805e+05
  1.264152002545648e+09  1.080377748965032e+06 -2.915207284654774e+06
  1.262127962311248e+09 -4.754023038319899e+05 -3.314582358000956e+06
  1.265528773072162e+09  1.527342125699606e+06 -7.644672942434350e+05
  1.263794293784211e+09 -8.716282675574356e+05  1.225701290654897e+06
  1.262247664337656e+09  7.129962122551929e+05 -4.248131876070751e+04
  1.260996838262578e+09 -7.688726952800819e+05 -4.706465081676060e+06
  1.261937428464310e+09  3.332839350201345e+06 -2.744515873234116e+06
  1.262610838656054e+09 -2.438811603490257e+06 -1.030310884122889e+05
  1.265081551805216e+09 -1.385281485076908e+06  9.485919810391129e+05
  1.264806070044789e+09 -1.091299137739347e+06 -1.771130927456958e+06
  1.262570685047938e+09  9.143256132067572e+05 -5.177285493051341e+06
  1.260943931030208e+09  3.994024957868945e+04 -4.367636227166638e+06
  1.268794830866498e+09 -1.378251315669671e+06 -3.017069482455730e+06
  1.264379027122996e+09 -3.215300655659006e+06 -2.122965634463880e+06
  1.262030298986209e+09 -1.155991367864921e+06 -7.488830618273063e+05
  1.264906114238046e+09  4.025445289035715e+05 -1.005841907316712e+06
  1.261727017301809e+09  6.462059699181592e+05 -2.946935687676524e+05
  1.258748961199256e+09 -7.010489292522364e+05  1.778900024401510e+06
  1.258074084504427e+09  2.450864757823647e+06  8.186043838806436e+05
  1.262148405685885e+09  1.479506071412215e+06 -2.042063856683653e+06
  1.265942928022640e+09 -1.941137194373851e+06 -4.124983584359526e+06
  1.262774109466733e+09 -1.737625180315860e+06  1.247174509248750e+05
  1.260591635879048e+09  1.209114649781941e+06 -2.894677218333648e+06
  1.261426096834412e+09  1.909223465207398e+06 -1.250610308188670e+06
  1.260176786940088e+09 -8.707782064525015e+05  3.999160615115786e+06
  1.261060317223711e+09 -1.807916936128365e+06  5.121625698785700e+06
  1.262610740961792e+09  2.756923389712767e+06  2.349321503709113e+06
  1.265601127942897e+09  9.526911228946859e+05  4.332751920236488e+05
  1.257724116400651e+09 -5.182006779926320e+05 -1.645008552147061e+06
  1.264311526732763e+09 -8.848811947517428e+05 -2.293731028562961e+06
  1.265860797909431e+09  4.007444105092031e+05  1.075547678893264e+06
  1.262663624547091e+09  6.132058904661519e+05  3.957407667831101e+06
  1.263056002537838e+09 -1.726463103080930e+05  3.696945919385982e+06
  1.264910692787148e+09 -3.393627196556786e+06  8.596292707133786e+05
  1.262498020744047e+09 -1.661153359585021e+06 -1.422763320961616e+06
  1.261614932794259e+09  1.952389575955234e+06  1.295288703761077e+05
  1.262111535348136e+09 -1.701934635912556e+06  1.923316188240642e+06
  1.259887795609952e+09 -2.700825206125264e+06  4.233716759815987e+06
  1.261610849880393e+09 -3.695492926436971e+05  1.476703260498513e+05
  1.262437378294454e+09  3.401975441938954e+06  5.753635436420264e+05
  1.264887003507272e+09 -1.155171562957906e+06  7.231615280659271e+05
  1.262625689982680e+09 -6.094779765928129e+05 -7.293885558176550e+04
  1.261948688692523e+09  2.361719561349150e+06  1.465851851247101e+06
  1.264839734561101e+09  1.255349843235330e+06  1.663784011334063e+06
  1.261940122215113e+09 -1.653869935643510e+06 -1.384698341664707e+05
  1.265485115033880e+09 -1.468591560582001e+06 -1.449760130173455e+06
  1.266086156228537e+09  4.636037040068263e+05 -1.424404241037011e+06
  1.260718078385547e+09 -1.972179115999663e+06 -9.155842392657725e+05
  1.262605321940796e+09 -1.177505056754455e+06 -4.583226503771741e+05
  1.262239544410243e+09 -2.816484985549335e+06  6.500662991848659e+05
  1.266334358811949e+09 -3.538779737725470e+06 -3.739078515005235e+05
  1.261794564569800e+09  4.877920460072940e+05 -8.480192440028391e+05
  1.262827471744189e+09 -5.795883449019268e+05  3.895049016670900e+06
  1.266883526803495e+09 -3.354221165481476e+06  1.339003109292939e+05
  1.262374621843370e+09  1.293059140800586e+06 -2.812555852463655e+04
  1.263647124247712e+09 -7.821042567324638e+05 -2.024139428261236e+05
  1.264761706257409e+09 -1.454534969343887e+06 -4.483095523417910e+05
  1.263119788412774e+09  9.402062164528229e+05 -1.055957393359210e+06
  1.266183087005853e+09  3.722084977317927e+05 -1.805918753354637e+06
  1.263347728714573e+09 -7.441838344501427e+04 -2.774839138359602e+06
  1.263535262415811e+09 -8.977567326241600e+05 -2.979994556736764e+06
  1.264791828158764e+09 -1.904930893215338e+06 -2.427773357429681e+06
  1.265571372460340e+09  6.035884480473740e+05 -4.668481162390234e+05
  1.263897217941055e+09 -2.361353015523102e+06  1.317936790216852e+06
  1.260838665721863e+09 -2.564105429788169e+06  3.269514550368501e+05
  1.262773349576506e+09  2.533852115564008e+05 -2.217242530215635e+06
  1.263704079255246e+09 -1.476014236987816e+06 -3.018130082458590e+06
  1.259572374041607e+09 -1.335569165485897e+06 -1.978199451591477e+06
  1.262355216558859e+09 -1.975466242720823e+06 -7.842135480169933e+05
