 -5.262379447054464e+00 -1.579524244325140e+01  1.186857809409208e+01
  1.699927326775803e+01 -3.200777037199396e+00  3.093697821059624e+01
  2.596539007211229e+01 -3.482726959295430e-01  5.357057224183445e+01
  1.243960219509151e+02  3.135566342005427e+01  4.764381294332631e+01
 -1.492689110791942e+01 -9.367697296622302e+00  5.100619677544893e+00
 -3.112186736653118e+00 -3.172291806833228e+01 -2.515669516679709e+00
  1.166633196211209e+02 -2.142862731153067e+01  1.489333249927616e+01
  1.438849375966728e+02 -2.563082469976238e+01  2.717433721688942e+01
  7.812476491833672e+01 -3.597242747306692e+01  1.274992178767890e+01
  1.529824701880519e+01 -6.826568994658990e+00 -2.284363198318614e+01
  6.862785697452563e+01  1.661453872938786e+01 -1.283086146995934e+01
  1.745963421773328e+02 -1.233208328840342e+01  5.201652182890824e-01
  1.217410784008556e+02 -6.161051124492541e+01 -1.935466168467385e+00
 -9.645873217792649e+01 -7.275945668969256e+01  3.092777747971059e+00
 -1.413318801969927e+02 -5.006123523242695e+01  1.423819228703429e+01
 -5.717624704775912e+01 -3.988215036654464e+01  1.364611911182778e+01
 -2.315900451040874e+01  1.367814791696972e+01  1.102584948780141e+01
  2.496414040761194e+01  4.795158902088977e+00  3.870821913908146e+01
  5.245880179178358e+00  2.564332132989221e+01  4.568320926145560e+01
  6.658914469151605e+01  1.310883779876204e+01  2.998564609213778e+01
 -1.529854441585704e+01 -2.175033110839245e+01 -1.188320703487395e-01
 -1.957872500899884e+01 -9.953456898875743e+00 -2.273012759078883e+01
  3.247669976708097e+01 -1.753343266226700e+01 -2.821248811375198e+01
  1.003079353985595e+02 -3.210971187901936e+01  1.670438509371920e+00
  1.277564793482715e+02 -3.059931160626373e+01  2.623956553773463e+01
  3.890000177390725e+01 -1.770798765605398e+01  9.819131517364788e+00
  1.685479344768838e+02  1.916998591597850e+01 -2.073850510934258e+01
  4.949374716426064e+01 -7.175142550676141e+00 -2.844667565894081e+01
  5.645046184149756e+01 -4.748752305864613e+01 -1.883061442946792e+01
 -4.792181156654232e+01 -4.265915484626150e+01 -2.136125976925918e+01
 -6.867978420121572e+01 -3.176402814238023e+01 -2.766973168543394e+01
 -7.731007163359909e+01 -1.915335614422808e+00 -2.026691936032065e+01
 -4.523482107403991e+01  4.082391092860888e+01  5.293291654034127e+01
 -7.263068104407804e-01 -1.435630907348304e+01  6.100057883462660e+01
 -4.303284494628048e+00 -3.134544053902236e+00  5.885555475189277e+01
 -8.114046159318951e+01 -3.951966248228327e+01  2.407733304894089e+01
 -1.535963208686093e+02 -2.987399840425684e+01 -2.333957649599893e+01
 -6.207425409510498e+01 -2.138422434301566e+01 -2.759157639658441e+01
  8.713525749171427e+01 -1.450405601241935e+01 -3.055321292867808e+01
  3.259362883735054e+01 -2.039662637806967e+01  2.180205541934193e+00
  2.005029118283499e+02 -4.766595858429193e+01  3.289177539673076e+01
  8.997515859391976e+01 -1.022937479267088e+01  1.783106188788742e+01
  2.601206754458584e+01 -6.311535659080586e+00  5.377068497586362e+00
 -2.299142071532805e+01  3.847966523985858e+01 -6.940924159812478e+00
  2.548975679690900e+01 -3.893019326305067e+00 -1.596553868690217e+01
  5.500615985859289e+01 -4.803735634547527e+00 -3.794767943498126e+01
  6.780243383183080e+00  1.750589118287063e+01 -2.878303450064954e+01
 -1.252924815427886e+01  4.602445123040852e+01  1.880695325231147e+01
 -7.747692800328659e+01  2.801582558880693e+01  3.752476067222105e+01
 -2.793631618257270e+01 -1.503253638683560e+01  1.483910824313449e+01
 -6.298997365519735e+01 -1.498433893482012e+01 -7.823877677037805e+00
 -5.117813995341693e+01 -4.361953848611910e+01 -1.673194290488179e+01
 -1.885329667601186e+02 -2.550938435958549e+01 -7.197913748149728e+00
 -7.742867812399102e+01 -2.037353662689997e+01 -1.456183680844549e+01
  5.467403178696925e+01 -4.840668673681400e+01 -3.242893399579312e+01
  2.908873175836265e+01 -3.624316431811791e+01 -1.793737831297178e+01
 -1.724042401421050e+01 -4.322657502279721e+01  2.663857594801991e+01
 -3.843949529722700e+01 -2.496358252472624e+01  5.953509977034707e+01
  5.046713043893740e+01 -6.732971823995991e+00  5.301163566644252e+01
  3.527425678661204e+01  8.167177050215614e+01  9.329728728065749e+00
 -5.564604106432335e+00  5.570625163398407e+01 -2.978761324625690e+01
 -2.812129374227658e+01  6.862427986354029e+01 -2.358169564748531e+01
 -4.155149092466771e+01  5.058809925343438e+01  8.968187403249415e+00
 -7.738518983174862e+01  7.283702383505761e+01  3.801373795493240e+01
 -5.518045998870222e+01  2.481227100361301e+01  9.169753081071061e+00
  5.470569800208906e+01  3.986385799738838e+01 -3.820523360009694e+01
 -9.590028227165635e+01  2.509092652020784e+01 -4.638842585759456e+01
  4.159399321168598e+01  4.464404883565118e+00 -1.508451810865581e+01
  9.654361513698225e+01  2.570868905977189e+01 -3.000831381250286e-01
 -3.569272405753707e+01 -1.061644398575848e+01 -4.404952931624373e+01
 -3.372428734704575e+01 -3.185654060348202e+01 -5.943415260717141e+01
 -4.269668690434684e+01 -3.764502019801807e+01 -1.162349311574884e+01
 -7.606139910331986e+01 -8.977545247209134e+00  2.054599346746108e+01
 -8.828784926634762e+01 -3.462426220468156e+00  5.765029667967160e+01
 -2.085838932799460e+01  1.942798442685626e+01  7.381489758825556e+01
  8.262103848013879e+01  6.205993120614427e+01  2.727821847618200e+01
 -4.656812199647921e+01  7.391079177679616e+01 -1.425865504163681e+01
 -6.753391840357499e+01  9.669374205064994e+01 -2.411915257928272e+01
 -2.757843885173499e+01  6.198334998721414e+01 -8.681639170997531e+00
 -6.720865971246823e+01  6.282063068782423e+01  2.262109988543683e+01
  2.608686620450318e+01  3.910852269642838e+01 -2.236857230199021e+01
 -3.179899807992473e+01  5.606446478573991e+01 -1.842980829147273e+01
 -5.202721288302872e+01  4.149221886672435e+01 -2.427087469509091e+01
  8.363843982527339e+00  1.999924872840378e+01 -6.318042339722857e+00
  1.978720313434056e+02  3.345697342442088e+01 -1.825777593951591e+00
  1.356257394610719e+01 -1.963409126851334e+00 -2.881519722085592e+01
 -8.212860836765645e+01  5.180507384264597e+00 -4.375306741727001e+01
 -1.608475377812778e+02  6.359173769770342e+00 -3.538824423208651e+01
 -1.074960291596696e+02  4.649422913269737e+01  1.090249613915176e+01
  4.960698615231929e+01  3.548971958677567e+01  7.630583013243833e+01
  2.394603058409212e+01  4.195045575580210e+01  5.682170055311475e+01
  1.196917529388202e+02  2.292299961427980e+01 -1.305338617868339e+00
  6.886926829500442e+00  8.024469116187112e+01 -2.448702184723584e+01
  3.345435709175382e+01  8.123821377777381e+01 -2.453598926589422e+01
 -8.501385213270827e+01  4.561719604962548e+01 -1.829361586438584e+01
  6.701426408528604e+01  4.795498726059802e+01 -2.878794319219566e+01
 -6.525467844076020e+01  3.559762623234835e+01  3.901888275388587e+01
  2.991213486705604e+01  1.750664156370245e+01 -1.518675699413067e+01
 -9.134959802933960e+00 -3.281781584897310e-01 -6.819920217110298e+01
 -8.020113952031448e+00  4.894598026459799e+00 -6.421200684999835e+01
  1.423091918274430e+02  2.048013368940320e+00 -5.250884632135048e+01
  1.278113727017934e+02 -6.021017953117346e+00 -5.364306545317111e+01
  4.027755805005410e+01  2.049280424861883e+00 -3.440785340209928e+01
  7.740914601727741e+00  5.091477372164348e+01  1.338456908667990e+01
  8.758170054240679e+01  7.697782512327039e+01  6.204154082820028e+01
  5.759472882180778e+01  6.238122658830763e+01  6.222946211566875e+01
  5.177144890936253e+01  4.918616421512122e+01  6.957653407259185e+01
  7.176547389543641e+01  8.424100450847337e+00  4.312356550078350e+01
  1.001437522886826e+02  4.887017121065441e+01 -3.467620779028452e+01
  8.200879388565216e+00  4.671754035561934e+01 -6.161746053274619e+01
  3.623501580385513e+00  2.744546894803653e+01 -2.395437139450832e+01
  2.549035240585217e+01  3.471614005341095e+01  3.281216970224659e+01
 -6.327435907891674e+01 -6.867444450275107e+00 -1.521438406077194e+01
  3.581545331555689e+01 -2.357192296852836e+01 -3.779193625483786e+01
 -5.311018718083385e+00 -1.821952229599215e+01 -4.989413698874193e+01
 -1.958110452556227e+01 -1.664477687834320e+01 -3.119526668221033e+01
  1.504676704404956e+02 -1.678851051247796e-01 -1.637445126254959e+01
  1.581420086282095e+02 -4.826009885870254e+00 -2.160780099773199e+01
 -3.434607797203641e+01  1.322897906891611e+01 -1.712800168119746e+01
 -4.960878988630083e+01  5.099538509790484e+01  3.074651033565964e+01
  1.379539755233098e+02  3.755506824199625e+01  8.106697642766879e+01
  4.517395609198600e+01  6.556559780360833e+01  7.543458686887300e+01
  4.771733549570955e+01  4.992548522137417e+01  3.916202658953522e+01
  4.799487761490894e+01 -1.176891861896324e+01 -6.158323365165673e+00
  7.186183615752416e+00 -5.585095218700752e+00 -4.210762933447774e+01
  9.652984752449292e+01 -2.587288206628232e+01 -3.251104904092985e+01
  4.100209863290327e+01  5.371648199620113e+00 -7.844918394110567e+00
 -2.120034438863969e+01  2.129079977347574e+01 -5.251239568302132e+00
 -4.783380170487389e+01 -3.531148426331961e+01 -1.325686590778886e+01
 -7.718350647527865e+01 -3.590557637939520e+01 -3.900128007995170e+01
 -6.442164979998388e+01  2.788759770546930e+00 -4.542799066009202e+01
 -6.609219087603904e+01 -1.488217659574922e+01 -3.818490522627707e+01
 -1.155923214877409e+02  4.896459397400963e-01 -2.272034549400606e+01
  5.750940935722680e+01  8.539658560954441e+00 -1.185166025830760e+01
  1.445245947875709e+02  3.248908690934894e+01 -1.323990639061668e+01
 -1.625012615331709e-01  2.895035190827455e+01  3.768321267341372e+01
  2.582565663479805e+01  1.205266689981176e+01  6.956676511663900e+01
 -4.950379942753094e+01  3.386276017049468e+01  3.747364489030954e+01
 -9.451578933357588e+00  2.273205431479544e+01  3.647750780997814e+00
 -4.508725063785850e+01 -1.369519278614212e+01 -2.498015193780980e+01
 -3.969329684765017e+01 -1.094765727210561e+01 -2.701491691574717e+01
  1.707878254788354e+02 -2.466659615883396e+01 -1.640165426650739e+00
  1.290757979147546e+02 -2.577887114774279e+01 -7.585655410332992e+00
  1.007159804661077e+02 -1.292789832134446e+00 -1.552985951567331e+01
 -7.229341011868263e+01 -2.327577170328203e+01  1.778222258142151e+01
 -1.299500947667341e+02 -1.365996995398726e+01  3.370923313430241e+00
 -1.150712715853658e+02  1.654141526685178e+00 -2.911543855330497e+01
 -1.142780133789106e+02  2.135551140060790e+01 -2.944645911643272e+01
 -7.066826205780569e+01  6.479443875971653e+00 -9.155284447971640e+00
 -4.973425711988021e+01  2.453433217631876e+00 -4.335190007528515e+00
  8.960818179366308e+01  2.039506931688152e+01  2.887000773554317e+01
  2.020338144212365e+01  2.179354509880876e+01  4.911216886111320e+01
  4.178124974107502e+01  1.555704461209426e+01  4.542837801160034e+01
 -2.569782307988986e+00  1.130010055185151e+00  4.484747248048004e+01
 -3.957405464555475e+01 -1.697933316774396e+01  2.228247169757368e+01
 -3.253935841088627e+01 -7.563409575289858e+00 -2.279985887201275e+01
  2.589113705819442e+01  1.086931308453211e+01 -6.118511693677625e+01
  1.906889660908124e+02  1.557337474028685e+01 -3.645580655155379e+01
  1.731225380475916e+02 -3.740455606292570e+01  1.122195376600005e+00
  2.876328333421572e+01 -3.089291516571901e+01  1.173618535719012e+01
  3.706837958131648e+01  8.617388416929595e+00  1.531237955227153e+01
  2.629186843827343e+01 -9.593675942154674e+00  1.086585635977934e+01
  3.390051975969447e+01 -1.872058447656466e+00 -1.772534422094090e+01
  2.247029060547056e+01  4.183303837591566e+01 -3.045271984340341e+01
 -5.780212306205219e+01  2.674986418951730e+01 -1.301139162381170e+01
  5.761599934338516e+01  1.713167230527104e+01  1.562830751804955e+01
  4.548493996357908e+01  2.265618975890799e+01  3.207821717787332e+01
  3.953536969827080e+01  2.876507372088455e+01  2.623592938848603e+01
  3.226513217609421e+01 -2.805122499724870e-01  2.576995617752230e+01
 -2.712091375898591e+01 -2.995474251015635e+01  1.932608198334182e+01
 -5.668090831241259e+01 -2.886581933493163e+01  1.475026341842996e+01
  1.942799498218319e+01 -2.954120691473508e+01 -1.626836861112169e+00
  9.016100827257480e+01  2.477149245462310e+01 -4.135857897032114e+01
  4.871221573709846e+01  1.168837261022289e+01 -5.459115362348750e+01
 -2.591205312215385e+01 -2.312096206907855e+01 -2.060797675719105e+01
  4.524079781437477e+01 -1.090316705895570e+01  9.822059832178615e+00
  8.529282725119255e+01  1.391250123374094e+01  1.223073559803162e+01
 -1.959666700568451e+00 -1.337516691696479e+01  6.644862035162031e-01
  1.282608262995276e+02 -5.525196037144024e+00  2.051092401688475e+01
  1.026690774129859e+02  3.571838354800792e+01  1.856342840229916e+01
  8.287705485414827e+01  2.656570658282531e+01  1.066293225128279e+01
  8.298259737581763e+01  4.317299583885768e+01  1.221037097098229e+01
  3.327794854498495e+01  2.625544347864793e+01  1.053910450058765e+01
 -7.425513312539417e+01  2.713379204373638e+01  1.447718732832933e+01
  3.938655103314312e+01 -1.293035810574576e+01  1.761508494295508e+01
 -1.918346587058410e+00 -4.284835573603804e+01 -9.628976202534044e+00
 -8.986417159087292e+00 -4.909526266963435e+01 -1.282928597269753e+01
  8.804020962336594e+00 -4.573947675851704e+01  1.601918609592554e+01
 -1.612790116327960e+01 -2.989752962432033e+00 -9.211946097753565e+00
 -5.824332108692211e+01  2.103183216468515e+00 -4.255016334579101e+01
  1.336773298584342e+01  1.957446513820151e+01 -2.554766837111983e+01
  2.102056078944643e+01  1.477633538467956e+00  1.421436141544351e+01
 -8.448227106734288e+01 -1.773661027396716e+01 -3.367765824683618e+00
  5.768106929278716e-01 -7.305882556685351e+00 -1.214007325849555e+01
 -4.389546676966960e-01  4.193454064373504e+00  3.072822203989264e+01
  5.990408599498285e+01  1.835252646629188e+01  3.328093497935917e+01
  2.065178671398841e+01  2.169811160231956e+01 -2.059959898137398e+00
  3.457727720038189e+01  3.741770305869305e+01  8.451958456873854e+00
  6.178842409632293e+01  1.325003397230502e+00  1.085185172834848e+01
 -7.611757202284059e+01 -5.899391372897792e+00  2.776574671116213e+00
 -1.244208491112726e+02 -8.021040922791169e+00  3.017619472743913e-01
 -4.883784795538226e+01 -2.735124644733165e+01 -4.377654717497173e+00
  4.363527222771704e+01 -5.987649490918091e+01  1.180743476209636e+01
  7.302930058765901e+01 -3.855427546873999e+01  3.609956173432813e+01
 -2.922561548718920e+01  3.248787419816994e+00  2.034628514227474e+01
 -1.317140834660098e+01  2.198578460351139e+01 -1.801930281026199e+01
 -2.666951932613185e+01  2.423804628675565e+01 -2.484772044299208e+01
 -1.224582074267126e+02  1.714283565722590e+01 -2.311889601349140e+00
  3.420288909763696e+01 -3.613263487458410e+01 -4.332670088938288e+00
  4.689175765838882e+01 -1.544560690260532e+01  2.308991973626609e+01
  5.210284555974475e+01  2.048554215155150e+01  2.455538439410682e+01
  3.956697274124737e+01  1.010095103283981e+01  3.363023893493170e+00
 -4.458217684738178e+01  1.478126868871523e+01  1.152024340943837e+01
  1.418212563455200e+01  1.817429191225123e+01  1.028936727195915e+01
 -2.703460420753361e+01 -3.222266854460276e+01 -5.353348581238924e+00
 -3.737628415617400e+01 -1.891793226310240e+01 -1.755174681592737e+01
 -5.401714572802080e+01 -3.291756973226788e+00 -2.041630521180081e+01
  1.059419923286094e+01 -7.588652402134084e+00 -2.543642868374749e+01
  8.815230525009187e+01 -2.946306677510882e+01 -8.653584088355423e+00
  8.551702685374167e+01 -3.404139135351632e+01  3.305025869896517e+01
  8.750964453482075e+01  2.449649610269940e+01  3.317464562992620e+01
  5.485265008893936e+01  1.254751986870417e+01 -6.356952401863097e+00
 -2.108740405082975e+01 -6.424408432537119e-01 -2.846431524105466e+01
 -4.133145257808489e+00  2.330008772272357e+01 -1.841739147706235e+01
  1.428991918114012e+02 -1.782957622764815e+01  1.392311188909460e+01
  1.113564207021413e+02 -2.937744071723947e+01  3.291341207576093e+01
  6.285619398726033e+01  1.532100352599319e+01  2.282256317924256e+01
  9.963314961777132e+01 -5.115044324652071e+00  2.663250660803379e+01
 -1.094310876551423e+01  1.179590159328110e-01  9.510432727531313e+00
  4.907921089462727e+01  8.727838633127467e-01 -2.197528287768407e+01
  8.288489506871075e+01 -9.746168366833061e+00 -3.525191903371669e+01
  3.793552988004461e+00  6.386503015286271e-01 -1.731268250556179e+01
  7.332363808627957e+01  1.828721700690560e+01 -8.184542059643222e+00
  4.132110205475981e+01  1.147783874989296e+01 -2.555345606104027e+00
 -4.858509205919788e-01 -3.023683185127294e+01  1.421778957223833e+01
  1.133671227986065e+02 -3.307921427554131e+01  2.776814267919980e+01
  7.438685688900262e+01 -1.483762735056056e+01  3.880943783645250e+01
  4.633635491130076e+01 -4.207927267839835e+01 -2.372130478837843e+00
 -4.527195305236280e+01 -2.882335177189130e+01 -6.134354424424920e+01
  3.659097292495828e+01 -1.545807137360858e+01 -4.859529002785660e+01
  5.658012184152813e+01 -5.260863034491229e+00  2.038419466286870e+01
  4.169208395513414e+01 -2.214358270397388e+01  4.761335390784768e+01
  4.349305536443477e+01 -8.835076081753446e+00  4.030363187520518e+01
  1.443413716553841e+01  1.364730625443025e+00  2.093896147402385e+01
 -7.409448368001452e+01  3.714795476512445e+00 -4.405484159764649e+00
 -1.186977729299982e+01 -3.246709499223599e+01 -1.116276777395863e+01
  7.302646198418222e+01  1.408695689105784e+01  2.668756326852580e+00
  1.553921758127320e+02  6.858994536026266e-01  1.068444926283304e+01
  4.943048152485900e+01 -3.158115726098274e+00  3.799136016311540e+00
  7.752069432502415e+01  2.082071741679244e+01 -2.678256610961669e+01
 -8.053590775626967e+01 -2.610523252497693e+01 -8.510358749383517e+00
 -2.278265074452503e+01 -1.654470709618508e+01  3.582990875309164e+01
  1.557454373768372e+02 -5.574195307531376e+01  1.986888100145664e+01
  4.280673364327775e+01 -7.877815609569862e+01 -3.325552666979824e+01
 -1.014548707679556e+02 -4.795204740858446e+01 -4.493362106316928e+01
  1.438252484510276e+01 -4.088440235255483e+01 -1.469067693404543e+01
 -5.851936276277723e+01 -2.048670283772468e+00  2.997484052571488e+01
 -5.321814073598289e+01  7.720103230675701e+00  2.059389891687489e+01
 -3.515381209646186e+01 -7.596292894854336e+00  3.372188153709718e+01
  8.352811547847942e+01  3.236672871240877e+01  4.723258103638656e+01
  1.132515518068851e+02  5.679455754623532e+00  1.007297922034330e+01
 -3.008786771103981e+00 -1.229347211441506e+01 -3.940414868722281e+01
  7.764877419437161e+01 -1.252578621450155e+01 -1.943026455537441e+01
  1.851893403559448e+02 -2.151653456012753e+00  1.703594894749272e+01
  1.101363487064217e+02  3.919285652566363e+00  1.319904855549606e+00
  3.796627904359710e+01  6.891322920499844e+00 -7.974902394954853e+00
  8.495921014001701e+01 -3.086792843488053e+01 -1.638817930057179e-02
  1.428473393911096e+02  4.029597609801507e+00  1.952806556344407e+01
  1.625804710129915e+02 -1.797822589898954e+01  2.595348404993669e+01
 -1.265050578435999e+02 -4.162096986577647e+01 -1.349893129448343e+01
 -1.976573157424477e+02 -2.433386850213356e+01 -6.420534025935044e+00
 -8.948218378649376e+01 -1.363217911664368e+01  3.166339134049447e+01
 -7.708587682533465e+01 -4.303391074164072e+00  2.075068365116486e+01
  2.092163836905836e+01  3.798830278658953e+01  2.307343240842820e+01
 -7.393207467433202e+00  3.942073832480816e+00  3.020861380873773e+01
  1.651817010649987e+02  2.258919004705774e+01  4.380968137417493e+01
  5.682328045134159e+01 -3.691683875007530e+01 -1.209141881976191e+00
  2.098997168503119e+01 -3.498500166832501e+01 -5.836982136389656e+01
  3.312011126860222e+01 -1.703749800860763e+01 -2.994518116452073e+01
  3.006887996798202e+01  5.978164483432401e+00  2.990537675729763e+01
  1.321397288706032e+02  1.410989917936180e+01  1.449378195328387e+01
  9.651002522451154e+01 -1.405946211365862e+01 -1.696930012529669e+01
  1.284637777905194e+02 -1.551808502890314e+01 -5.165028445073455e+00
  2.594744959778493e+01  1.143645906763980e+01  2.628235965183713e+01
  8.710487534683732e+01 -2.903744836326594e+01  2.024769085459849e+01
 -1.269304863842209e+02 -1.501961888164879e+01 -6.603437384709152e+00
 -4.307131417375818e+01  3.392891772036258e+01  8.592957395302165e+00
 -1.007298153214176e+02  1.228876936947492e+01  1.684608485368124e+01
 -6.214586792203470e+01  4.193257470233797e+01  3.943075433465754e+01
  1.404938527628298e+00  3.779716737835314e+01  4.645657774294914e+01
  6.246351783609491e+01 -1.218789707668849e+01  1.725425918710473e+01
 -7.166009489384207e+00 -1.745031466581035e+01 -3.296935101537824e+01
 -1.489524330451937e+02 -3.231425083850151e+01 -3.995230631439739e+01
 -7.700930345859504e+01 -4.118650288310160e+01 -2.828821561332688e+00
  5.676603392578853e+01 -1.219189857239742e+01 -8.216425903509117e+00
 -2.711592761176907e+01  2.276783866642345e+00  9.549004306909623e-01
  2.230427893869234e+02  1.312710408969025e+01  2.177797684178529e+01
  1.044330506913232e+02  4.792628259090518e+00  1.454584659160313e+01
  5.741883818515171e+00  2.743162771659752e+01 -1.948766665039587e+00
 -5.355198811423571e+01  2.281103037736452e+01 -7.731682062712142e+00
 -4.004329190861522e+01 -1.951209457854656e+00  1.269351225753865e+01
  5.158506507061943e+01  1.158817585126200e+01  1.135118002663530e+01
 -3.953703590772488e+01  4.428825827822484e+01  2.989382888236120e+00
 -1.155270738584819e+02  1.988609650910886e+01  1.424973647392078e+01
 -3.373753650049898e+01  3.701428776232134e+01  6.289443416170405e+01
 -6.209303590633548e+00  3.745188257568756e+01  1.490540670519527e+01
 -4.341936975276711e+01  2.030107560098693e+00 -2.335391485583528e+01
 -1.139271243683792e+02 -5.881570691338149e+01 -4.067583283303220e+01
 -1.759482302329176e+02 -1.710244350015437e+01 -5.082143057363688e+01
 -8.073158552684352e+01 -1.428968496730385e+01 -1.450948670342548e+01
  7.402764565629307e+01 -7.527963574990868e+00  2.464870093636139e+01
  7.449027448000764e+01 -2.464191606132767e+01  2.080673700118613e+01
  1.001312660465754e+01 -7.510913048840214e+00  8.768276734019940e+00
 -4.061981132620495e+00  1.624101176056781e+01 -2.065867151234559e+01
  5.652163512871599e+01  3.493367236836390e+01 -3.100943419553835e+01
  8.216283830993689e+00  4.574731580712174e+01 -2.922373380717991e+00
 -2.164977126960312e+01  4.804363199058137e+01  2.295353539057711e+00
 -9.647257163128975e+01 -8.388535345834994e+00 -9.623209719164542e+00
 -7.789413459143414e+01  1.663440886106200e+01  6.008797150643426e+00
 -1.127806673992517e+02  2.538728305179526e+01  5.210821333908041e+01
 -1.624155116929631e+01  4.011911624047402e+00  4.049816946704865e+01
  1.039872100768662e+02  2.747372541856354e+01  9.389231521195850e+00
 -6.641834618771115e+01 -9.565360624414485e+00 -4.708431918332858e+01
 -4.027772988449033e+01 -5.665228901467164e+01 -4.745928034625772e+01
  4.305060513991907e+01 -1.973526876322111e+01 -9.732533574672850e+00
 -3.602610483695379e+01  1.387571249681328e+01  6.818809002706731e+00
 -7.738200169910927e+01 -2.548532695732506e+01  2.177945359590624e+01
 -9.210092557694264e+01 -3.401168193297229e+01  1.730708096489936e+01
 -1.630867063242252e+02 -2.739137479876399e+01  1.754323051371573e+01
 -1.072340623623527e+02  4.206775039097659e+00 -1.191638630468523e+01
 -1.390682847825924e+01  3.980476479670229e+01 -5.081137586934919e+01
  1.288060686837988e+02  3.865166288247423e+01 -1.256484503477955e+01
 -7.771725055613242e+00  3.801910763016254e+01  1.915482461150886e+01
 -6.154286187595854e+01 -2.021629695052703e+01 -1.228077067359914e+00
 -6.527665742013332e+01  1.444955381104216e+00 -2.112379930303435e+01
 -7.033156058869923e+01 -5.178510361765561e+00  9.877117522074984e+00
 -1.418922020828290e+00  2.092421360704657e+01  3.377807738699587e+01
  2.086488671420016e+01  3.959304282998278e+00 -1.579202056063200e+01
 -4.273748693433448e+01 -2.613748402444797e+01 -9.605387416904780e+01
 -4.400877254350991e+01 -2.494440801940678e+01 -9.276794585879885e+01
  1.469779202454783e+02  4.327285738874544e+00 -2.012561814475951e+01
 -1.969295671849605e+00  2.854739853356521e+01  8.542242449622933e+00
 -1.452969280528355e+02 -1.206838449526291e+01  2.144612836214547e+01
 -1.977289462894049e+02 -1.814181293321617e+00  2.441301487711984e+01
 -1.674155715768290e+02 -8.585050292545674e+00  1.293268758712065e+01
  4.676088307048754e+01  1.042561141119928e+01  3.226183844242162e+01
  4.711881916525919e+01  2.222517487802255e+01  2.447171227377866e+01
  1.070654784636920e+02  3.631144200965995e+01 -3.083961080364731e+00
  5.136871037016125e+01  1.781138635331120e+01 -7.843432709897590e+00
 -4.519200201181029e+01  5.276317650770908e+00 -1.576174918490303e+01
 -9.466905345484923e+01  1.411810025788909e+01 -4.367202071379038e+00
 -3.985037810620387e+01  1.540794944674342e+00  2.642705943049093e+01
  6.860084533192826e+01  3.676396256495003e+01  3.181264448076544e+01
  1.486119389357908e+02 -2.567448259275107e-02 -3.447931079249038e+01
  3.763110730106044e+01  6.919478709038351e-01 -9.073807965520710e+01
 -7.394490378347862e+01  8.879331719654013e+00 -5.491696327625456e+01
  1.115258758251358e+02  2.481991647322836e+01  1.283769892269134e+01
  1.779982979179669e+02  5.443568504489836e+00  2.954733134545161e+01
  6.404184090886544e+01  1.040603102176384e+01  2.063290083962338e+01
 -2.821674039845993e+01  1.598247353156789e+01  1.732913704620165e+01
  3.336981871059231e+01  2.636406000008913e+01  3.315746209884850e+01
  3.249385477149152e+01  3.815921917415577e+01  5.091513294981243e+01
  4.874861011754880e+01  1.843443384702432e+01  5.257885385080721e+01
  1.833189499901029e+02  3.347685730098642e+01  1.700133728076506e+01
  2.063204125257360e+02  2.620756901190658e+01 -2.007098410166262e+01
  1.032553067930454e+02  8.863872322889520e+00 -1.937636783264631e+01
  6.746483035497075e+00  3.052865006106843e+01  9.187841112581825e+00
 -7.042516688817189e+00  2.361671050134640e+01  4.337804082760847e+01
 -2.614799054392297e+00  1.687978581074111e+01 -1.618485362083586e+00
  6.023396290365812e+01 -1.451169499884858e+01 -2.977245366304645e+01
 -8.932855258901302e+00  1.414642316116020e+01 -4.517447050458369e+01
 -3.804653812239577e+01  2.035729200315055e+01 -5.451707396535020e+01
  1.800331405863945e+02  2.248746566408999e+00 -3.127119269197095e+01
  1.500790605257770e+02 -1.927294105254963e+01 -2.657304039822363e+00
 -2.192868145891484e+01 -3.749651592014960e-01 -2.436249046314843e+00
 -5.344994313627076e+01  3.631488854177604e+00  1.425225529069576e-01
  1.283019049593033e+02  1.826507332842812e+01  3.513915760075621e+01
  1.308335402847949e+02  3.224878225210040e+01  6.866228832815338e+01
  8.453806105067569e+01  2.951730400317661e+01  4.291029370838903e+01
  8.267578405825488e+01  1.365003974717685e+00 -1.197430599254401e+01
  7.687487607913062e+01  6.955532388348271e+00 -4.866605636043380e+01
  5.659523227591552e+01 -7.811528656922873e+00 -2.082623531170273e+01
  2.449053241640199e+01 -4.951680879986959e+00  4.010527322403814e+01
  2.668544912682835e+01  1.152892176443548e+01  3.993083265920195e+01
  5.420110487210128e+01 -2.341596766711280e+01  3.477301518471936e+01
 -7.441746411788178e+01 -3.857682637894650e+01 -2.744013993399578e+01
 -2.362195199653432e+01  6.282438947570478e+00 -6.909393510987277e+01
 -5.965677551906919e+01  1.448046397463545e+00 -6.948016383453941e+01
 -9.489646259988081e+01 -5.578293339296003e+00 -5.137036333434689e+01
  5.364260233326979e+01 -8.803553567169613e+00 -2.944163627189703e+01
  1.023545064455638e+02 -6.195612847061666e+00 -1.489923756919088e+00
 -4.255598311584191e+01 -2.662908754121865e+01  4.397762704140588e+01
  4.875830917152129e+01 -2.452161277850820e+01  6.570784584680095e+01
  5.445809490060875e+01 -8.503603706197310e+00  4.830091581411047e+01
  3.416970362109791e+01  1.452938627560355e+01  3.211496220678843e+01
  3.141720192098695e+00 -1.279254898283428e+01 -1.019531351311700e+01
 -3.283400967688083e+01 -1.719394585757249e+01 -4.872880220530440e+01
  1.094760511777889e+02  4.189401906849058e+00 -3.173703699865823e+01
  2.041712704849170e+02 -3.621151446154830e+01  3.072300929952712e+01
  1.242633831203309e+02  1.367962165803890e+00  6.865155582808380e+01
 -6.509094878102789e+01 -3.701030144471508e+01 -2.905584600035354e+01
 -1.846311683576380e+02 -2.351467457073355e+01 -2.024593168624725e+01
 -8.307027630544738e+01  2.275190831779398e+00 -1.761632355930752e+01
 -1.459408787457798e+02 -4.437177750006356e+00 -5.072874088987197e+01
 -1.415247976134274e+02  3.289171237209679e+01 -2.951291038935975e+01
 -7.082922890875440e+01  2.616143602510897e+01  1.420935772307038e+01
  5.910810668390104e+01  1.237998217515745e+01  2.381227007873571e+01
 -1.101105639145327e+01 -8.496581492682989e+00  3.435213983621348e+01
  3.848307226301985e+01 -1.910049229312513e+01  4.298504812236725e+01
 -4.421585357947386e+00 -1.897080808763823e+01  5.388179254865811e+01
 -1.401245595179845e+01 -1.011400943994035e+01  3.028783057284218e+01
 -3.473165946348674e+00 -2.796498960631779e+01 -2.363394356704639e+01
 -1.478436184996141e+01 -2.041060799968596e+01 -4.309326821284880e+01
  1.111279386736607e+02  1.334209500684777e+01 -1.285793769592626e+01
  1.377596300544801e+02 -8.276727688154956e+00  4.316661730901829e+01
  1.416170113211155e+01 -2.176338002329665e+01  2.599668165224374e+01
  9.973149077789209e+00 -1.846843168039796e+01  2.052777533102998e+01
  2.054654815175428e+01  4.605754659583263e+00  2.299578623626145e+01
  2.699590642481044e+01 -8.369216999067675e-03  2.028699715603711e+01
  5.125331798399960e+01  1.586056065162556e+01 -1.673340511717149e+01
 -2.627425407269502e+01  6.462872115500669e+01 -2.397659794989611e+01
  4.398683945731847e+01  6.420205056150024e+01  1.555681127251979e+00
  3.930547546737172e+01  2.262519453866643e+01  7.342195167118826e+00
  7.309327910361212e-01  4.194937118841415e+01  2.599912593487624e+01
  3.167178078769216e+01  7.943765610733204e+00  3.883715295041618e+01
 -5.244140406816524e+01  5.588952922633727e+00  2.855806743170988e+01
 -6.833979377120605e+01 -3.083139681055769e+01  1.110805097939393e+01
  3.472449077144451e+01 -2.076540088251430e+01 -1.616512449500951e+01
  1.234228127818669e+02 -1.816307690311215e+01 -7.592412960234197e+00
  3.281210427857967e+01  5.695659583090168e+00  2.772100435175055e+01
 -5.285628360660252e+01  6.543933792359722e+00  1.215300098053377e+01
 -1.230824599183316e+01 -3.764936350591940e+01  4.755026184730394e+00
  3.482050023469988e+01 -8.269865028412360e+00  8.267368869270527e+00
  7.419622817056746e+00  2.284165098370979e+01  3.831974766853503e+00
  1.007263005388027e+02  1.628420470635713e+01  9.937433709985211e-02
  8.483634295410538e+01  3.282951877300079e+01  8.354004525917523e+00
  4.817415905147153e+01  6.500919786162177e+01  1.722989092106818e+01
  1.253131120903031e+02  6.463580080940537e+01  1.790062866233967e+01
  5.659720488696932e+01  1.676170852937324e+01  8.494440761387688e+00
 -6.155811147060842e+01  4.303075446256206e+01  1.591438746225844e+01
  1.029980340570426e+02  3.565025315735085e+01  2.211637102064259e+01
  4.023483153842606e+01  6.204137004840870e+00 -4.080548152110628e+00
 -1.700330550315661e+01 -4.206354576885523e+01 -1.888238502648035e+01
 -6.534774771075522e-01 -1.990656075425308e+01 -1.259587631244492e+01
  8.145551889368638e-01  4.530159811448176e-01 -7.961640392620335e+00
 -3.855848383261059e+01  1.110199359512328e+01 -1.300516714860060e+00
 -9.456568856677638e+00 -1.458534796865533e+01 -8.524362019603382e+00
  2.854302996826054e+01 -4.416265811998193e+01 -7.184995767188752e+00
 -4.483190601365926e+01  5.229153194549665e+00  5.203956472823473e+00
 -6.710798424942098e+01  2.912088799385130e+01  1.750518383919098e+01
 -1.656255893225106e+01  3.459084583347245e+01  3.529310094685101e+01
  1.200389285576827e+02  1.444729408345328e+01  4.088213120216106e+01
  4.077776132950835e+01  4.368535156750822e+01  2.155695201662525e+01
  5.418944779315014e+01  2.467622051787930e+01 -9.894354369208852e+00
  4.504915071725300e+01  3.316217690734374e+00 -1.034397548039172e+01
 -1.002963531775612e+02  3.214501672053538e+00  1.007620488407447e+01
 -1.053095443026854e+02  1.190296262300189e+01  7.420192288169335e+00
 -2.192354897498646e+01 -1.672672193439648e+01 -2.922654555208613e+01
  2.995129257849079e+00 -4.654204064674970e+01 -4.041359057883749e+01
  4.348974798044951e+01 -2.531664724795484e+01 -1.150294315718588e+01
 -4.624173688591837e+01  2.772502982113199e+01 -6.757860644778604e+00
  2.968037658536292e+01  2.179407727085498e+01 -3.210248424791148e+01
 -8.694758425951088e+01 -1.713626434514380e+01 -2.064361938995452e+01
 -1.194242593660553e+02 -3.946709752067157e+01  5.577963031472570e+00
  8.931958516209873e+00  1.758207744999461e+01  8.428142262954385e+00
  6.526312641145429e+01  2.434552258842009e+01  1.587936785867829e+01
  6.860888693223777e+01  2.742385014933184e+01  1.759231814670780e+01
  5.076300029296996e+01 -2.386862844636412e+01  2.135398196617167e+01
 -5.358560021572115e+01  1.280415154148759e+01  1.725732677141575e+01
  6.069815117159585e+01 -6.206931644187858e+00 -2.774709525509822e-01
  1.549723035234158e+01 -2.358023583791885e+01  5.033203116574832e+00
 -3.664585497815679e+01 -3.218131964804539e+01  1.220035765358574e+01
 -3.790793786192573e+00 -2.943714345624418e+01 -1.425506193601663e+01
  8.419091683695739e-01 -4.130510532417654e+01 -3.538573825575300e+01
  5.076484735925468e+01 -4.875770202339555e+01 -2.269190538303147e+01
  7.233629204821784e+01 -2.260115463919946e+01  1.618559116493866e+00
  1.116589548538989e+02  4.704751174164260e+00 -9.481865593341162e+00
  8.189979633288570e+01  4.449437043155999e+01 -2.450380258695143e+01
 -4.498440652863749e+01  9.062089963470216e+00 -1.971714546423567e+01
 -4.092937029595009e+01 -6.714976469118019e+00 -8.720242878646305e+00
  7.858860714218312e+01  2.676076133588356e-01 -1.419319206833558e+01
  1.245077302914870e+02  1.332941215975347e+01  2.094774037772174e+01
  6.767902699325165e+01  5.628330183353504e+00  3.045051632310312e+01
  9.553561368679189e+01 -2.393833145681268e+01  3.333619648206867e+01
  2.778756572052580e+01 -1.161723429875153e+00  2.194837689914605e+01
  7.548621101878382e+01 -7.570476344258092e+00 -1.031642940391118e+01
  1.254936289310582e+01 -4.722791048890195e+01 -2.231768964384288e+01
 -8.887036352468254e+00 -3.688561516581210e+01 -1.671853684625672e+01
  6.272349287570280e+01 -2.156199606897003e+01 -3.804702254147328e+00
 -2.716700925663474e+00 -1.896085248903526e+01  2.193286047355182e+00
 -1.436621699781982e+01 -1.427442434052450e+01 -3.133705788787812e+00
  7.377785267206582e+01 -1.361310344177101e+01  5.673129375973742e+00
  1.448748118051818e+02 -1.967967609599107e+01  2.836160315945129e+01
  1.442105296995864e+02  2.062522930153142e+01  6.257155181356980e+00
  1.968996992777567e+01  1.399420690971853e+00 -4.510281167368129e+01
  2.097757692704965e+01 -2.746473108808059e+00 -4.916414626140283e+01
  1.562660220618719e+01  1.455332985148544e+00  1.249373905188222e+01
  3.841342978602854e+01 -7.115743668581935e+00  1.730685078941737e+01
  1.015088961268094e+02 -2.212872319441624e+01  9.298646582983949e+00
 -6.171135722123275e+01  1.125094673326016e+01  1.288664337552922e+01
 -4.192415409960155e+01  1.676209674921303e+01  1.185114235662368e+01
  5.590665869709817e-01 -6.246528863974889e+00 -3.903952554358297e+01
  4.842098550241025e+01 -3.583173545757195e+01 -4.720781977375331e+01
  8.638260688603033e+01 -2.176131714213226e+01  5.963749022771259e-01
  9.927662028658509e+01 -1.360943224454695e+01  2.190730686658239e+01
  6.800249802359191e+01  2.466355328261351e+01  7.663465061372388e+00
 -2.634604378146427e+01  7.461613414746459e+00 -2.674134949222952e+01
 -2.832744467670262e+01  2.093931756183403e+00 -3.103329262366911e+01
  1.387186556394534e+02 -1.153468927491681e+01 -5.858861425494329e+00
  5.428232133702663e+01 -3.207594437972165e+01  7.409258191693239e+00
 -7.686890654964135e+01 -3.940618937108321e+01 -1.227118926422306e+01
 -1.732671265272585e+01 -3.190760895553253e+01 -1.231815925066527e+01
 -2.542080216696105e+01  1.018427156986625e+01 -1.766712173392865e+00
 -7.584757156150428e+01 -1.086519894161888e+01 -1.148191976138005e+01
 -7.471626613811755e+01 -1.731829727690077e+01 -1.275006974724111e+01
 -5.643816238127579e+00 -1.202787727776955e+01 -3.557475576330422e+00
  1.377643734107300e+02  2.367833405086606e+01  2.601544752140005e+01
  1.096460364717037e+02  3.763505981920634e+01  4.888957563173864e+00
  5.628729652667736e+01  8.897004863234127e+00 -2.979735586070256e+01
  1.782799005573660e+02  1.965187640396584e+01 -2.224562285629568e+01
  9.053931989580039e+01  3.504893017641983e+01 -3.583133100219847e+00
  4.989690747653303e+01  1.989381397143608e+01  9.400854691340495e+00
  9.580668246447235e+01  1.028863715817044e+01  4.217021947724994e+00
  1.142340511891832e+02 -5.435763796158881e+00 -1.122121324073637e+01
  1.461443426998678e+02  7.869651299935319e-01  1.779728005985437e+01
 -9.896249015871422e+01  2.685458969195225e+01  4.937756145699150e+01
 -1.921141602202428e+02  2.987601200123264e+01  4.104953534094591e+01
 -1.450658618303627e+02  2.825380433583651e+01  2.602087171160560e+01
 -9.631313745958903e+01 -2.016496032439109e+01 -3.088907713993551e+01
 -1.201022311977418e+01  1.817491751238776e+01 -2.873646712760888e+01
 -1.227108986530560e+01  2.423442925852934e+01 -8.989211598431186e+00
  1.501518798183263e+02  2.214508287335052e+01  1.676066252664953e+01
  9.955200538559356e+01  4.304687512092963e+01  1.352764452327713e+01
  1.201381160778945e+00  2.420580355675557e+01 -1.674890251393429e+01
  5.735855595307372e+01  2.945531452311206e+00 -4.704168928087070e+01
 -3.648385357879864e+01  2.994970838222012e+01 -4.626351702900330e+01
  1.087350327035061e+02  5.487399545433591e+01 -3.693917598727332e+00
  1.462814895070966e+02  5.242349911800402e+01 -8.686285488711512e+00
  1.858557519008510e+01  2.222473092676589e+01 -2.199022158140459e+01
  9.269483351780707e+00 -1.706325337161736e+01  1.106605254983083e+01
  7.084521958240414e+01 -1.167404964647138e+00  2.037487294754911e+01
 -1.086781507171365e+02 -1.298293955586685e+01  2.100225801110731e+00
 -9.772786586196622e+01  2.403104029632061e+00  1.564212879739585e+01
 -6.425207513198772e+01  1.581431417123240e+01  7.448760350519642e+00
 -9.544550589325993e+01  1.251048253755108e+01  2.458148752854255e+01
 -5.078673839579491e-01  4.476136906720802e+01  1.691660058076891e+01
  8.176443818905938e+01  4.415919309087593e+01  1.723122320547184e+01
  5.684541841651844e+01  3.978425625474230e+01 -5.909909105339265e+00
 -1.024075731299300e+02  1.961602380331171e+01 -3.125686119274560e+01
 -6.180404659309786e+01  4.341761571130425e+00 -3.234599958085299e+01
  1.452258615545024e+01 -2.673919844720169e+00 -1.709290470904216e+01
 -3.285742358038982e+01 -1.567319951068049e+01 -7.028195526685392e+00
  1.876570673869209e+02  4.888989961747801e+01 -1.530834522718039e+01
  1.185479434413626e+02  4.472599812569347e+01 -1.604252829245624e+01
  5.751611833433352e+00  4.681074702243500e+01 -1.971773838435894e+01
 -6.915416039903945e+01 -1.056240636100740e+01 -1.264084076083393e+01
 -9.014462651749486e+01  2.811353571441501e+01  9.774577615659963e+00
  3.615300690773046e+01 -1.111103778399246e+01  2.457473320229859e+01
 -2.710128490317560e+01 -9.170114314305984e-01  3.049771838962422e+01
 -1.120143654382043e+02 -1.807633881540302e+01  3.118529670907180e+01
  4.013040569419155e+01  3.122147924659559e+01  3.924994699461175e+01
  1.739535847759803e+01  1.914606543674103e+01  4.699656567940174e+00
  8.740434392594125e+00  3.144456365024020e+01 -4.443546947589991e+01
 -9.480761388668063e+01 -3.463138024012075e+00 -6.288180175556333e+01
 -1.358960115588018e+02 -1.478481184241507e+01 -4.727908079045662e+01
 -1.390592413310954e+02 -3.698026679264981e+01  7.843120072496809e+00
  7.345590778327605e+01 -1.164045480388114e+01  5.736028846482888e+01
  1.183430430492855e+02 -3.512466463233778e+01  6.755372599422351e+01
  9.270127099690427e+01  2.761895130565441e+01  1.431414763678360e+01
  5.050446863558219e+01  8.342307027846278e+00 -4.190600835781063e+01
  6.970610888886409e+01  2.866837119131502e+01 -3.291126331259959e+01
 -5.656927854687403e+01  1.180579774729080e+01 -7.598119318096911e+00
 -6.109206134864852e+01  6.682198880073744e+01  1.637644395747677e+01
 -8.591315465478081e+01  2.759067565114141e+01  2.588314688947173e+01
 -1.218266753487962e+02  1.305906885666667e+01  3.319179706024846e+01
 -1.190014320497082e+02 -4.087320807067723e+01  4.227309044233198e+01
  5.613302916132150e+01 -1.927312916009436e+01  3.920251058554298e+01
  1.290581522390787e+02 -3.909423435943761e+01  2.697308381826146e+00
  7.912788345565613e+00 -1.723825033905468e+01 -4.315629161797868e+01
 -6.760552427635484e+01 -6.319517358481634e+01 -8.559587078254216e+01
 -7.556724861168489e+01 -5.511196475221867e+01 -4.571224947983239e+01
 -9.094037157640403e+01 -4.161861101794484e+01  4.094626793540981e+01
 -9.686033493462084e+01 -1.051722229411103e+01  6.757756300315148e+01
 -1.347257283862382e+02 -5.057725781911024e-01  4.964010694643288e+01
 -1.085041655976219e+02 -2.895588897252186e+01  1.689562025546831e+01
 -4.070430627664326e+01 -2.396865560874903e+01 -2.736310998841074e+01
  7.935703725672317e+01 -2.112537092595711e+01 -5.006019473306237e+01
  7.142399517902916e+01  4.415242065388067e+00 -2.977794095384973e+01
  6.124481044952951e+01  4.542316449421936e+01  1.071540648344870e+01
 -7.483060092355845e+01  2.534641070619636e+01  6.016698365247133e+00
 -1.043407678299449e+02  3.333750122591844e+00  3.396691695166084e+00
 -1.304387100916622e+02 -4.558265294842086e+01  4.229559628779079e+01
  1.842467124945824e+01 -5.237086220605667e+01  1.067279266335252e+01
  7.295385197023587e+01 -5.711211891794720e+01 -6.810002138124297e+00
  4.674239218291837e+01 -7.177661549074709e+01 -6.330572477456242e+01
 -6.657792357223705e+01 -7.665465137184316e+01 -8.561748487763140e+01
  2.256209545716190e+01 -6.568261734218555e+01 -6.966157835114348e+00
 -1.431168569090113e+01  1.024060335869848e+00  6.613599274401352e+01
 -1.723798971577021e+02 -1.732866966457048e+01  8.217339924380687e+01
 -1.751840218795193e+02 -9.625800435823907e+00  5.608913199118923e+01
 -1.671759749475994e+02 -4.717274171551288e+01  9.249368255186406e+00
  6.197953646037483e+00 -3.648579554355415e+01 -2.739590193677778e+01
  1.170537768324888e+01 -3.797644419301844e+01 -3.757490464466502e+01
  5.579898849136883e+01 -8.042419800956841e+00  7.208093687514587e+00
  1.187386492712730e+02 -3.078073607537612e+01  3.526880155723690e+01
 -7.863806500960135e+01 -7.160943847613336e+00  1.486027853496532e+01
 -1.246601706100545e+02 -1.727502006594245e+01 -1.453982676166516e+01
 -1.073882043095019e+02 -2.799016658820811e+01 -9.492360301573459e+00
  1.069251394041096e+02 -3.593633567963026e+01 -3.234470649001807e+00
  1.780596307208428e+02 -1.982551113619392e+01 -3.990587300860524e+01
 -6.537980227840414e+00 -5.072263184440047e+01 -5.429917660683223e+01
 -1.639329630151137e+02 -3.952062602360834e+01 -4.406518309944241e+01
  3.627304458772971e+01 -3.679488782302502e+01 -2.104994049783113e+01
  2.133803169268411e+02  1.799255638782989e+01  1.935236151589845e+01
  9.228279243060778e+01 -6.917766946513709e+00  4.586421554328007e+01
 -2.615144309177295e+01 -1.393731994051738e+01  2.066416759786871e+01
  2.573918414471870e+01 -2.916209930832282e+01 -5.769877812990382e+00
  1.724263594674695e+01 -3.392867531166449e+01 -2.676502342315916e+01
  7.258607012401545e+01 -1.805519534395591e+01 -3.612675077129896e+01
  2.127736547109211e+02  4.810287526047964e+00 -2.396792420598771e+01
  1.765541330835931e+02 -4.312925055772061e+01  6.072156204695920e+00
  1.257583963960864e+02 -2.057464714781958e+01  2.281125926008398e+01
  6.843355805105698e+00 -1.381094491820856e+01 -8.734041710539882e+00
 -6.976086361966284e+01  1.550220305488246e+00 -5.401670937175032e+00
  5.337141063368874e+01 -4.975111333151316e+00 -1.069554961468842e+01
  3.407420331850958e+01  2.955407750906712e+01 -2.768813424218129e+01
 -1.831043559294394e+00  3.779694925816633e+00 -1.740137420339029e+01
 -6.431927158435424e+01  2.420221703293349e+01 -2.932435886890591e+01
  1.030630069742263e+02  2.904995305539227e+01 -1.988163712953815e+01
  1.402629001058801e+02  2.224665882854897e+01  3.033629543657385e+01
  3.091721452913256e+01  6.129003489409026e+00  4.334227214347926e+01
 -8.903417955242928e+00 -2.486458952493149e+01  1.932038097097162e+01
  1.148518875406121e+02 -1.292108333454864e+01 -1.724948661780693e+01
  1.675929344504594e+02 -1.012242084811262e+01 -2.114255597124750e+01
  8.994957360843331e+01  1.529279272557641e+00 -1.596463405236621e+01
  1.294043709152403e+02  2.708684927837332e+01 -2.951860512066899e+01
  8.483882878280126e+01 -5.372696872110324e+00 -2.924226928562491e+01
  7.816448522404543e+00 -1.125869330560774e+01 -1.562196140890103e+01
  3.979346669347287e+01  4.012701811843193e+00  1.272293280641241e+01
  5.611361042419308e+01  9.630717484191049e+00  1.926919325083600e+01
  1.251912314657235e+02  8.853963610845398e+00 -2.939448269455269e-02
 -4.257215368353307e+00  3.613502648412976e+01 -2.670506065620532e+01
  1.347466093237667e+00  2.702164017937139e+01 -3.216388053637166e+01
 -4.842281547889457e+01  5.359025016203967e+01 -1.330100941705181e+01
 -3.508427793703424e+01  4.276926407049094e+01 -3.120507387769317e+00
  8.705422942120565e+00  3.269099060807878e+01  2.256079274111150e+00
  4.926690199043769e+01 -5.351965606362223e+00  1.628436464075746e+01
 -8.799060705095442e+01 -3.541871048320945e+01  2.643030992817687e+01
  2.332133956650647e+01 -1.361497876298204e+01  1.654826970068586e+01
  1.440790196260988e+02 -3.892260243519138e+00  6.448075297325238e+00
  8.327067854935052e+01 -1.006809974401946e+00 -6.584663790767378e+00
  5.565862503398635e+01  2.254324826255046e+01 -4.602470209170702e+01
 -7.410915357257599e+01  1.525989843720169e+01 -5.606630998766674e+01
 -7.258813383412374e+00  6.752171358583672e-01  6.324837121482929e-01
  1.970866691272328e+02  2.087548659384340e+01  3.670539125060117e+01
  1.707553153829944e+02 -7.267075942053925e+00  2.183709335997744e+01
 -6.093137709192017e+01  1.498500827462690e+00  2.243210966480662e+00
 -1.858063709536949e+02  4.238624662469399e+00 -2.244169652434863e+01
 -5.988319392786094e+01  2.494319614898498e+01 -5.225031256011328e+01
 -1.176322821160127e+02  1.759358689683591e+01 -4.666262528744585e+01
 -1.615029751072070e+02  4.312109276977671e+00 -9.726839526925030e+00
 -5.178056538867956e+01  3.387788054214975e+01  7.214269427673532e+00
  5.697640655443912e+01 -3.000077016261984e+00 -7.105348834884415e+00
 -3.752515794967020e+01 -7.312904739195391e+00  9.823652116744080e+00
  4.193389764558934e+01 -5.400947255923302e+01  1.229263231532805e+01
 -2.129424438328432e+01 -1.231120115103904e+01  5.664331679683126e+00
  1.628114058260944e+01 -4.753184631956767e+00  3.398973939211889e+00
  3.774063104709175e+01  2.761367732397901e+00 -1.715706674947387e+01
 -4.651324313960673e+01  1.089528879433955e+01 -1.794070332280155e+01
  6.737741195454574e+01  1.956775339441684e+01 -1.320995312484737e+00
  1.305471954540785e+02  1.162147753157095e+01  2.366148809440644e+01
  3.554967023461338e+01  7.159888837142621e+00  1.945323172035512e+01
 -1.322064440409023e+01 -1.451359467563252e+01 -2.475492580820701e+01
 -2.984424888960838e+00  1.012343110270028e+01 -1.941239860520892e+01
  5.323569964609378e+01  1.241010712206745e+01 -1.562196210959015e+01
  3.483163671520528e+01 -1.742007668795410e+01 -2.214830497979027e+01
 -4.379455552143343e+01  9.262563991923527e+00 -4.411783666040132e+00
  8.171794974757812e+00  3.193590408603164e+01  1.643342501250075e+01
  2.013497782765378e+01  6.774966610515683e+00  1.378263020418293e+01
 -4.836969433970509e+00  9.569903933014450e+00  1.971875930575336e+01
  4.459938607297633e+01 -4.669169682686585e+01  1.966479634626373e+01
 -2.829003175139892e+01 -4.554627424192952e+00 -5.954143290452043e-01
 -4.982795930965113e+01  1.923177891956560e+00 -3.193886462100459e+01
 -1.236512941631004e+00  4.353811324231505e+00 -2.531417659597066e+01
  8.805348845209991e+01 -4.058358323050738e+00  2.865799571645326e+01
  4.461662272586570e+01  2.375167566475993e+01  5.195106833461652e+01
 -3.248793636284874e+01 -1.950234616205492e+01  2.859346830695317e+01
 -1.201656813348827e+01  2.595652482918472e+01 -6.661603773844363e+00
  5.476931646832893e+00 -1.464224548638630e+01 -9.510471018440557e+00
  9.730223924378114e-01  6.918077123074886e+00  4.185822343154948e+00
  4.156255183907467e+01  1.815315880615030e+01 -2.534057805208402e+00
  4.488185827459229e+01 -7.743172022820897e-01  1.685723270248140e+00
  1.304905923173281e+01  2.806906520117438e+01 -5.233260041566352e+00
  1.470708100600268e+02  2.146102317802398e+01 -4.027273916029812e+00
  7.127272112606921e+01  6.851049641160381e+00 -2.882186838657807e+00
 -4.710033899359455e+01  6.971054421789269e+00  3.731075450398855e+00
  6.398219994739628e+01  7.956379082644500e+00  6.705450783299264e+00
  6.968354977092261e+01  5.552447356969004e+00 -1.318781103189690e+01
 -3.621142766863615e+01  3.234829335842844e+00 -1.223463221925481e+01
 -2.953927535561810e+00  1.107669941020945e+01  1.147102797320176e+01
  3.315657969149699e+01 -8.103561300056043e+00  2.520503296101391e+01
 -1.086290371967335e+01  1.084594061227750e+01  2.409132862433745e+01
  8.819367212002195e+00 -3.312203983142629e+01  1.120994912443917e+01
  5.415112081609058e+01 -2.628914479797015e+00 -1.722406776779000e+01
 -7.654630472491489e+01 -3.788156441752042e+00 -2.549301450149683e+01
 -1.010406316022320e+02 -9.922898882952440e-01 -3.738606946095357e+01
 -1.354403947147473e+01  3.267079903069748e+01 -4.754954083847472e+01
  1.108269666202620e+02  2.964225162538550e+01 -3.049495727366948e+01
  4.914214740735436e+01  4.553127776326713e+01 -5.337474043205019e+00
  8.213089747910547e+01  9.171733017382840e+00  4.453429873834162e+00
 -6.409868576693309e-01 -6.964927429541428e+00  1.986139216691628e+01
 -4.633663095193519e+01 -2.266098423461460e+01  2.455046893114659e+01
  1.971954095883402e+01  4.747436073068744e+00 -5.512464595827195e+00
  3.086871492849439e+01 -9.756561416301954e+00 -3.056410141160469e+01
 -2.973404421465656e+01 -1.027838078472736e+01 -2.122363956487632e+01
  4.144692323544719e+01  9.721410419650972e+00 -1.043515637721700e+00
 -7.409002971712049e+01 -1.771192730751977e+01  3.328778694370903e+01
  6.583647123193870e+01 -2.218242259380730e+01  3.823869813390937e+01
 -1.396087422674952e+02 -2.681688323623783e+01  2.052149100759121e+01
 -7.322453310733937e+01 -4.888388731424133e+01  8.005834193957604e-01
 -1.597474138650220e+01  1.662747613771370e+00  1.274756664578392e+01
  5.279640645773225e+01 -5.083223912080708e+00  1.107230937216416e+01
  9.802020127506722e+01  1.333302516370372e+01  4.194748111488768e+00
  7.864320304124334e+01  2.685183969784021e+00  1.802972079949933e+01
  9.652053251326588e+00  2.945952831802042e+01  2.198144362232491e+01
  1.051782959061656e+02 -2.417342330690008e+00  2.096461056124433e+01
  9.169230465880783e+01 -1.203876239166119e+01  4.949406946235294e+00
 -7.072143822621655e+00 -5.352934791271610e+01 -6.746410412448876e+00
  1.935124376576880e+01 -4.033249923943298e+01 -1.257842683784984e+01
 -1.729557229954702e+01 -3.146465034295115e+01 -2.447811812719919e+01
  3.355244885607124e+01 -5.127079691116688e+00 -1.320774368293275e+01
  9.007695075224845e+01 -3.470728792627091e+00 -2.582718937139817e+01
  1.047124001713040e+02 -1.795308701744478e+01 -3.102740997693236e+01
  4.827593020046366e+01 -1.373280038384314e+01  3.951685437625322e+00
 -5.272351000008683e+01 -1.424755814842077e+01  1.819537001748763e+01
 -1.228586824095678e+02 -3.337293898136812e+01  8.288346586118671e+00
  3.554127472286159e+01  1.777170524719496e+01  1.485313829143487e+01
  1.305703179686129e+02 -1.709270421423031e+01  3.447472580534526e+01
  1.235177679407138e+02 -2.723401062536206e+01  2.541037355195275e+01
  9.286459281816636e+01 -1.681066223921465e+01  3.218832880470428e-01
  5.243875908190243e+01  8.970114719726869e+00  3.489016447137510e+00
  7.279871738222256e+01  4.624913552936235e+00 -3.738280518648232e-01
 -1.791041112385408e+01  1.275201356601721e+01 -1.703652057696909e+01
 -2.031714250604825e+01 -3.061259941547673e+01 -5.539082484407421e+00
 -1.407462877641105e+01 -3.926312679829395e+01  3.688777748437121e+01
 -2.190476366913850e+01 -3.840271074936381e+01  4.053963506688297e+01
 -1.477006455070835e+01  5.779874980220975e+00 -2.056482757671465e+01
  2.410945587818716e+01 -3.933140347202494e+01 -5.491189577602313e+01
  1.755019631595967e+02 -2.260341338620829e+00 -4.549710852703768e+01
  1.918256096695981e+02  2.568139026918033e+01 -6.814681556892872e+00
  2.983213700450138e+01  9.378873269879051e+00  1.308203094178006e+01
  1.438791970373344e+01  9.962462582393705e+00  2.927123744867967e+00
 -2.970527831829908e+01  3.357965867050423e+01  1.065754773821062e+01
  5.303421912018332e+01 -1.268653129945019e+01 -3.199641398625970e+01
  6.536934075790538e+01 -4.036290312538380e+01 -2.477074711757965e+01
 -9.467477769066716e+01 -1.169162194596214e+01  2.844969449361440e+01
 -8.668839474429424e-01  4.450624036448772e+00  2.169690940196966e+01
  3.449441423518742e+01  3.335649070664300e+01 -1.737581212254559e+01
  2.034472261710004e+01  2.408056221201265e+01 -4.397442462555776e+01
  6.017029990850983e+01  3.949738615285815e+00 -3.568221774184639e+01
  4.102245827085752e+01 -5.015053795927219e+00 -8.818020195522321e+00
  3.387818017518992e+01 -2.581786427382419e+01  3.190754950427907e+01
  5.183516348776470e+01  6.536177813351132e+00  2.837972710860021e+01
 -4.759411280549922e+01 -3.363988623439243e+01 -1.620852502564053e+01
  8.011950560752146e+01  8.083894883475040e+00 -1.916739913226905e+01
  5.321184431923741e+01  3.557218337742320e+01  6.661202862280577e+00
 -4.482910995045461e+01  3.596520205569166e+01  1.950350981944272e+01
 -6.811402735836600e+01  1.817336466026843e+01  1.775162501341260e+01
  9.956648651324006e+00  2.227297618572682e+01 -9.251714822277700e+00
 -2.800527015793147e+01  1.854619512959622e+01 -3.609621864976691e+01
 -1.067355507721814e+02  5.710330824816036e+00 -4.299788316368254e+01
 -1.439423899608119e+01 -1.808513260769657e+00 -1.973507120604543e+01
  8.063366117985100e+01  5.947020013911945e+00  1.268875138264107e+01
  2.037114778058090e+02  1.014133208370186e+01  1.544419895985598e+01
  7.059969222145421e+01  2.547282969893588e+01 -3.900883926660160e+01
  8.027511480817937e+01  1.321538349733745e+01 -4.127416361202516e+01
  4.813594064473732e+01 -1.214959510586806e+01  1.899317178199467e+01
  6.222106062210904e+01 -1.208332066135650e+01  1.824223489684819e+00
  6.500313395402586e+01  9.627665025622036e-01 -9.511587347291302e+00
  3.293380817597750e+01 -1.104798858438739e+01  3.679698393704517e+01
  8.151088338972060e+01  3.665941422343817e+00  6.981936362007360e+01
 -2.098846258920997e+01 -2.066658480159204e+01  6.642625907751334e+01
 -1.529497323769800e+02  2.071823176183191e+00  2.807166692904931e+01
 -8.986982177992248e+01  2.556625211538338e+01  5.416717117643731e+00
 -7.741226601584528e+01  1.592817383473085e+01  1.531801319901495e+00
 -5.354006308822811e+01  1.289724326616996e+01 -3.328052026118456e+00
  1.431032618105112e+01  1.760495178903511e+01 -1.738867438842663e+01
  8.428678528601981e+01  2.808162161083141e+01 -3.314382206982074e+01
  8.187524831511350e+01  1.023245997628362e+01 -1.121693189495040e+01
  2.602189312285826e+01 -1.231062819139630e+01 -7.142135276124666e+00
  9.470155299989972e+01 -3.003695666593925e+00 -2.425158728440230e+01
 -3.886415059141041e+01  3.394235368288531e+01 -3.968665089608383e+01
  6.242813561255019e+01  1.412304922534368e+00 -3.201969864440034e+01
  1.446859767394499e+02 -1.871869128824072e+01 -7.980086743654486e+00
 -3.174697912997727e+01  1.257229359079812e+01  8.796564413467905e+00
 -2.645818628390610e+01  3.659619770162446e+01  3.965094177556546e+01
  3.014868037084176e+01  2.013348087086815e+01  4.087313902906091e+01
 -8.833510336139375e+01 -2.167719342620484e+01  3.232855099474842e+01
 -1.662256730262481e+02 -1.128153391372231e+01  2.885844481829373e+01
 -5.987894357869065e+01  2.033435359203867e+01  1.448431161003267e+01
 -8.562195758612297e+01 -8.947059970393504e+00  1.380564023015561e+01
 -3.484649217108381e+01  8.961087367501708e+00 -3.400908956460333e+00
  7.893509366511745e+01  2.284341048176178e+01 -6.700148156155688e+00
  8.578589636464088e+01  5.402507135119949e+01 -3.501040088114758e+01
 -4.778392446682425e+01 -9.728500368525671e+00 -4.862284286395349e+01
 -5.355135036129061e+01 -2.652960590111015e+01 -2.753885624551952e+01
  3.967985409849281e+01 -4.501959458365802e+01 -1.127745234040967e+01
  2.024648860425218e+01  1.623899635985443e+01 -2.682778588896998e+01
  8.549668069067641e+01  3.824797916821708e+01 -8.892732904434110e+00
  1.128778555877943e+02  7.226515123406216e+00  2.564470894640616e+01
  7.689054275236111e+01  7.212901960981371e+00  2.353483275468164e+01
 -3.525305028469253e+01  5.856632392988092e+01  2.019116535165076e+01
 -6.904830917470051e+01 -2.420466190692700e+00  6.492789727715310e+00
 -2.585030931120892e+01  6.787777983959457e+00  2.755548891235028e+00
 -3.940857802803053e+01  1.149273746345768e+01  4.284633406382991e+01
 -6.863211136639913e+01  2.537433458888492e+01  5.537294929423495e+01
  5.966234987217246e+01 -3.007817257299499e+01 -5.217915548693917e+00
  5.964306201585124e+01 -1.314800631084008e+01  3.170650599670363e+01
  8.057207973616335e+01 -9.107962736858754e+00  2.628813636572350e+01
  6.014003461892418e+01  1.229127742010092e+01 -3.015022710964485e+01
 -1.590098321776297e+02 -2.037082905274305e+01 -3.896255379089432e+01
 -1.670628898989352e+02 -1.242986086236026e+01  3.711313302554426e+00
  1.396827004143743e+01 -1.388165447254491e+01  4.116621279299461e+01
  8.461251383276344e+01  4.295645382751844e+01  3.352134379600764e+01
  1.193722669389457e+02  5.019996820038574e+01 -3.048860809127147e+00
  4.182829792180687e+01  1.295135965734861e+01 -1.412445626421617e+01
  9.374753695730820e+01 -1.619266346261460e+01  1.410060607212072e+01
 -9.541399253297917e+01  3.849572958497126e+01  8.773377318250486e+00
 -9.171706843830006e+01  8.645404113387062e+00  1.122287435917698e+01
 -7.420583189268501e+01  1.744662631619668e+01  4.593799496703417e+01
 -8.730191551848932e+01 -1.273995381997315e+01  3.136581670578545e+01
 -8.844219347927418e+01 -2.026679677136496e+00 -2.461535859603473e+00
  9.294569454046490e+01 -5.266149645617763e+01  1.756581441763689e+01
  1.080933916331834e+02 -4.954052319681195e+01  2.247132008079301e+01
  8.628041348829409e+01 -6.887626079249627e+01  5.079581491274331e+00
  1.086771700561575e+01 -7.888332157216436e+01 -1.854018568817254e+01
 -1.213816074171373e+02 -1.510094338664744e+01 -1.710323746197183e+01
 -1.691601346980705e+02 -3.619431438124527e+00  2.050782353928175e+01
 -9.723119696137843e+01  2.198318252596730e+01  4.329414914999372e+01
 -1.331447588303610e+02  7.060194819350649e+01  2.458830512653409e+01
 -4.178904113586468e+01  2.700762109132772e+01 -9.968638178802163e+00
  1.280797858494074e+01 -2.751334838410254e+01 -2.456491752124359e+01
  1.271276681245898e+02 -3.488159154969333e+01 -2.551380386978285e+01
  6.339970688347397e+01 -2.328473842584355e+00 -1.064068761844384e+01
  9.730514818924917e+01  2.915331745327718e+01 -4.413771959005963e+00
 -6.066847138304631e+01  3.787928423788752e+00  4.634671553986834e+00
 -1.633262740613969e+02 -3.723286868363596e+01  2.997182654777784e+01
 -1.145240388054527e+02 -3.173164247288441e+01  2.045559066438429e+01
  3.241654942236052e+01 -5.814996859682518e+01 -1.615938679810751e+01
  9.992444365859015e+01 -6.500182584650477e+01 -2.449760121226661e+01
  7.677948639206480e+01 -7.014116378682100e+01 -2.814583086181116e+01
 -6.446411795666594e+01 -9.572484413423550e+01 -2.727089396599777e+01
 -7.379866547697284e+01 -4.076125860138193e+01 -4.950983428174247e-01
 -3.209202100098145e+01 -7.012466851679378e+00  4.515459133991068e+01
 -1.312854642840629e+02 -1.552463345141294e+01  6.813294018868208e+01
 -3.500913361157477e+01 -9.541048454816732e-01  1.696943256218584e+01
 -1.102028578191526e+02 -1.628181630127106e+01 -5.641060297428837e+01
 -4.667929174157596e+01 -3.568721282218404e+01 -5.178808719121722e+01
 -4.282411757766706e+01 -2.409744373793005e+00 -2.215396707496593e+01
  4.297849687238698e+01 -2.677195436946876e+01  3.395705730782002e-01
  1.515060988238953e+02 -5.558341552031877e+00  2.498508007741298e+01
  1.100777015158258e+01 -1.615138012386161e+01  6.030766286033273e-01
 -1.642590314194738e+02 -4.324943274518755e+01 -1.431081030554201e+01
 -1.174127032805304e+02 -4.659874506040624e+01 -4.067764825733761e+00
  5.872920325063971e+01 -5.475974370515300e+01 -2.362729639664769e+01
  7.458941111474867e+01 -4.433761590616839e+01  1.761516303193446e+01
 -6.254678603774666e+01 -3.611286617449240e+01  3.777873390621923e+01
 -1.435522434875254e+02 -4.773556359166871e+01 -2.405707271974508e+00
 -2.210255761747639e+01 -5.558387690102863e+01 -2.936409143936908e+00
  1.445587671989511e+02 -1.390205420976609e+01  4.449282052276642e+01
  4.273354566246012e+01 -2.808259284717780e+01  6.178620991349879e+01
 -2.487962039325523e+01 -5.738997593793915e+01  3.225963860953260e+01
  2.377045802243503e+01 -3.066533063201141e+01 -1.533653857765011e+01
  7.520877090450179e+00 -3.898028561312793e+01 -3.596026624421176e+01
  7.243429822989546e+01  1.635242082108636e+01 -2.396665270240453e+01
  1.654418468190106e+02 -3.023488748998957e+01 -9.176115282518893e-01
  1.146436907069307e+02 -5.391983386927043e+01 -4.273373122561344e+00
  9.603293756016606e+01 -4.024117464635520e+01 -2.751193077644140e+01
 -4.098909056468001e+01 -2.854760047357095e+01  6.802042143072661e+00
 -9.091139373366249e+01 -5.419105256656384e+01  8.654609676236163e+00
  6.523447726150616e+01 -3.218195306135750e+01 -3.148023092859545e+01
 -2.328803802382975e+01  8.740314540708798e+00 -7.562218354148868e+00
 -7.662899666336843e+01 -1.119776138963538e+01  3.703409205115439e+01
 -5.390575140833813e+01 -1.259290853750219e+01  1.192234064019932e+01
 -4.182555513666914e+01 -7.261486747811091e+00 -3.116979503888830e+01
  8.079394500286170e+01  1.161087868375424e+01 -8.452644976210557e-01
  3.508230536630318e+01 -7.572753512920125e+00  2.145022071634877e+01
  8.919964482273127e+00 -4.505295664373985e+01  1.839389402807979e+01
  1.350698535460868e+02 -3.292740994444502e+01 -4.467524390471887e+00
  1.181122087094414e+02 -2.516721000758434e+01 -2.917256591173116e+01
  8.945417475812926e+01 -1.141576000290705e+01 -1.578100776224104e+01
  1.089355729497684e+02 -1.529597044313926e+01 -1.343729083488082e+01
  5.549489064632144e+01 -3.852776870361605e+01 -1.805124262405186e+01
 -1.201203494163110e+00 -4.428416575239814e+01 -1.396852193494657e+01
  2.191092311042040e+01 -6.459502464834608e+00 -1.909190967170170e+01
  4.716537805553853e+01 -4.352693422095268e+01 -2.688777078339773e+01
  9.796928900230512e+01  2.655162135916314e+01 -2.812590293608419e+01
  2.052015173496392e+01  4.364815230624635e+01  2.737075298007662e+01
 -8.789342266567218e+01  2.436516928704265e+01  5.353999962833134e+01
 -3.103289913670884e+01 -2.425768158739549e+00  2.480365475630671e+01
 -5.634916669226653e+00  2.962276476969168e+01  1.468584385374633e+01
  2.200525663362481e+01  1.933440420738943e+01 -2.546822955579289e+00
 -1.108538954782147e+01 -2.014878279317851e+00 -9.225462135113283e+00
 -1.059456880946290e+02  3.506557456273725e+00 -8.828990816061328e+00
 -3.674101636937021e+01 -2.472368902800397e+01 -8.098991679639010e+00
  1.601650368006578e+02  2.210541577072630e+01  8.592682858885441e+00
  1.276121143821902e+02  2.298845304412890e+00 -1.590421586483965e+01
  7.337648204937616e+01  2.933137460505965e+00 -3.572398342554426e+01
 -1.550263664855647e+02  8.407954294231097e+00 -2.161462292843804e+01
 -9.341889032504120e+01 -1.871771391177147e+01 -8.701976846478029e+00
  1.441984687085865e+02 -2.212935640319961e+01 -2.572685651324036e+01
  1.882952594610414e+02 -2.511464044946822e+01 -4.543552512688270e+01
 -5.551711284049363e+01  5.069600786712176e+01  8.444524274598972e+00
 -1.004165109814955e+02  3.560416228909710e+01 -7.195233286449661e+00
 -6.632972098464694e+01  1.693933369605713e+01 -1.015410424327077e+01
 -9.855656230410790e+01 -3.146873105577806e+00  2.313720324904981e+01
 -6.304617869101912e+01 -4.385942760371085e+00  1.032854638719068e+01
 -1.868689439043628e+01 -1.924189595955310e+01 -2.726716619815095e+01
  3.252180135693458e+01  8.058639922150341e+00 -1.020079072166553e+01
 -6.126003117195463e+01  3.203942223402562e+01  1.307780688920770e+01
  2.432521832277598e+01  1.656014727995107e+00  1.555270664529346e+01
 -5.914878322691543e+00  2.780028608709450e+01  6.277484220383176e-01
  1.940391463272619e+01  4.473529692992646e+01 -2.033905502269685e+01
  2.569346258395750e+01  7.645654038484909e+00 -2.261617301116550e+01
 -8.084290951886672e+01  4.146624473088986e+01 -2.794961791417165e+00
  5.090073115971961e+01  1.051061544167084e+01 -1.162926132192081e+01
  8.840144461645971e+01 -1.568133972152156e+01 -2.855017867941693e+01
 -1.260762258443063e+01  1.188170637526987e+01 -5.848237893993026e+00
 -4.468826623073387e+01  3.277598812776863e+01 -1.059142841460476e+01
 -1.538389525665885e+01  1.437626594090014e+01 -1.307710688366428e+01
  6.021883127833338e+01 -1.107059001035089e+01 -4.700137518789235e+00
  6.031876949231929e-01 -9.512870832482678e+00  5.395075987228439e+00
 -1.195473758109958e+02 -3.722919461277010e+01 -7.421793946405248e+00
 -1.349654513092798e+01 -4.050075560851261e+01  1.830981582953625e+00
 -2.165566835541633e+01  1.230766797425394e+01  1.792812414152998e+01
  4.134457768171390e+01  1.553046033075867e+01  2.264174717536076e+00
  4.323350566839237e+01 -1.237572362432112e+01  8.709332926465496e+00
  3.332117670841089e+01  2.095447393725607e-01  1.081662846734660e+01
 -6.107640655132967e+00  4.391522551894465e+01 -2.159683831060858e+01
 -5.347307645563664e+01  2.004097392709866e+01 -2.718338823136664e+01
  6.016858191048311e+01  3.601268013008061e+01 -1.625864413096993e+01
  3.858323588007746e+01  2.697441925976449e+01  1.924300935498329e+01
 -3.143207690311431e+01  1.658581255105036e+01  2.754318460711482e+01
  2.066354076726826e+01  4.099626751694543e+01 -5.677575641284563e+00
  3.937564556489345e+00  1.727813305841654e+01 -2.485839715069579e+01
 -1.849790454759472e+01  1.795053708842084e+01 -1.864345363358091e+01
 -1.065980151136169e+01  7.469693103864582e+00 -1.528358952713411e+00
 -4.984334852594202e+00 -1.137264441536426e+01 -1.882187782056374e+01
  4.072876634811735e+01 -1.701179510777146e+01 -2.672421448694413e+01
  5.847610412413835e+01 -2.325702649755082e+01  2.070935690480836e+01
  8.491132349204234e+01 -6.203858234698387e-01  6.090012352951652e+01
  3.684922463146204e+00 -1.627040538738998e+01  1.844320619769649e+01
  1.558464968023771e+01 -2.516291555677383e+01 -4.156880317596675e+00
  1.008370374953782e+02 -3.152993333379154e+01  1.307335375317237e+01
 -1.043384370885274e-01 -4.060562801795037e+00  1.212595664881947e+01
 -5.751802324525620e+01  2.551104402198314e+01  1.889952495600367e+01
  8.274797032611698e+01  8.083330163189860e+00  2.256286907147463e+01
  9.780596278770120e+01  1.626201894592464e+01 -2.802144739121635e+00
  4.159722110405670e+00  1.962471918874088e+01 -3.085165696631532e+01
  4.411492858491945e+01  2.035249149937409e+01 -2.338852424286935e+01
 -1.168929813720604e+02 -1.386417302727599e+01 -1.260971422472976e+01
 -8.647720980496482e+01  2.581816554636617e+01 -3.797878010108491e+00
  2.629891948705058e+01  2.922115633410082e+01  5.626555973973911e+00
  6.811711209994215e+01  1.523250025827227e+00 -9.381400772281197e-01
  5.252255568857062e+01  1.732404981116177e+01 -7.661363830546506e-01
  5.052929758931650e+01  1.478544805867911e+01  3.489898470027259e+01
  2.522753824577057e+01 -1.658699342634547e+01  5.065247733487508e+01
  4.573473017890655e+01 -2.683797212611122e+01  5.008780475699467e+00
  1.054713858410586e+02 -3.539418674907367e+01 -1.883153909801772e+01
  6.045951394239910e+01 -3.541601412433002e+01  4.510119834060949e+00
 -1.093942813164802e+01 -5.171528492860459e+01  1.839471267469762e+01
  2.745699693692931e+01  1.567368069542237e+01  2.114867388421782e+01
 -5.844990556849430e+01 -3.415782375358639e+01  3.962939367356430e+01
  9.069305448966513e+01 -2.632134353903645e+01  4.715560201171230e+01
 -5.074726249634710e+01 -1.755751338588187e+01  9.404787169814458e+00
 -9.771590105110381e+00 -2.351379185632239e+01 -1.648560569750327e+01
 -3.560566434258479e+01 -1.652919605583154e+01 -2.898970282017477e+01
  2.128816073124229e+01  7.465679295353567e+00 -1.948273624113371e+01
  1.145054825832065e+02  2.178498102270833e+01 -9.152943650565694e+00
  1.030367768312337e+02  6.495564543421120e-01 -1.372867346634480e+01
  5.282606165034240e+01  3.900641046687912e+01 -2.864381159147275e+01
  9.817205626400379e+01  4.271642994652058e+01 -2.845139110927265e+00
  8.954266080251438e+01 -1.663020904871353e+01  1.817025323964873e+01
  1.274643496164679e+01 -3.240874840416509e+01  1.069464090906036e+01
 -2.536667355661551e+01 -1.349564358127743e+01  2.311137337956869e+01
 -6.363677588726875e+01 -2.660952699369987e+01  2.286755641676908e+01
  2.178332068042728e+01 -4.211279957440192e+01  3.112592319933799e+00
  1.059801501704607e+02 -2.235110055284510e+01 -1.303350316696077e+01
  3.137450597582106e+01 -2.541329276700235e+01  7.851650833174652e+00
 -9.257593104725270e+00 -3.906071083999792e+01  2.702502085666591e+01
 -3.966720227414781e+01 -4.072207139573563e+01  1.463578841612644e+01
 -1.856501157437492e+02 -2.943846218957823e+01 -1.140196607088974e+01
 -1.051793960674696e+01  7.663794499219015e+00 -1.725795894466670e+00
  9.198211702223250e+01  2.920571909883459e+01 -8.573349527783380e+00
  1.279949868621152e+02  4.874895968093422e+00 -2.304683773878403e+01
  1.161670637886100e+02  2.986001526819056e+00 -2.690827046938848e+01
  6.412655199405896e+01  3.399940889936148e+01 -2.050360920708362e+01
  9.760443680752502e+01  3.401854932268705e+01  1.502081235053812e+00
 -2.734571190603883e+01  3.411482703871330e+00  7.455543588624867e-01
 -1.053263303572116e+02 -1.717151732159287e+01  1.329234788048311e+00
 -8.197957559981850e+01  1.788283343312780e+01  4.226494829418711e+01
 -2.936143519853532e+01 -2.116924177221362e+01  5.224185424343043e+01
  3.946255747459651e+01 -3.826346066203175e+01  1.908362439215050e+00
  7.834448252548005e+00 -3.692375716766488e+01 -2.426679237415685e+01
  1.346683473327436e+02  1.290130631026898e+01 -1.862956210528014e+01
  1.251869045716923e+02 -6.011424338510261e+00 -1.490892249772301e+01
 -2.922486352757825e+01 -4.526454620300722e+00 -3.784479673532612e+00
 -2.145861532276341e+01  2.738283847462329e+01 -3.187254924363277e+00
 -2.720797653079227e+01  1.206888253961756e+01 -1.829607207950194e+00
  6.260259078555935e+01  4.216934196405943e+01 -2.328395872216933e+01
  2.527567968890404e+01 -2.396825779874876e+00 -1.067676895183617e+01
 -3.717236836019917e+01 -1.689980457386575e-02 -1.055019487478358e+00
  4.596333858419688e+01  9.803170052070932e+00 -1.891811830954340e+01
  7.671336730562930e+01  1.365245624720913e+01 -3.374852028833598e+01
 -6.287899424692242e+00  2.064579582003425e+01 -3.181148636740839e+01
  6.448369911845089e+01  3.441865988434740e+00 -2.986389174071386e+00
  3.263080278796962e+01  2.429406086246513e+00 -5.780434090066742e+00
  1.805704023586338e+01 -8.659806220568120e+00 -3.231361296196788e+01
  1.931269174120636e+01 -3.523423733755516e+01 -5.123267655831686e+00
 -9.456821863176042e+01 -2.715059105332897e+01  1.984835191471069e+01
  4.519350535047077e+01 -9.185981059032505e+00  1.705770097245466e+01
  1.070811964417417e+02  2.546073868917625e+00  1.085323499831670e+01
 -6.390640187147096e+01  3.066569449633605e+01  7.839637419704824e+00
 -1.142636630052958e+02  5.379083503198920e+01  1.344356953051845e+01
  1.529894200455648e+01  1.719473946484153e+01  4.070107526951577e+01
  5.671034826725759e+00  3.138126377993521e+01  3.436197510073663e+01
 -8.141356025360588e+01  9.484983181577714e+00 -1.639662147087861e+01
  1.552026733012993e+01 -4.378185580704663e-02 -6.781801831832401e+01
  5.489315738230595e+01 -3.197400711897277e+01 -8.100105734736820e+01
  1.861996456222749e+02 -1.576311102529873e+01 -6.600350563317767e+01
  4.339540202788787e+01  8.549724932394200e+00 -3.910392145690263e+01
 -2.074463475930738e+01  1.147381752239659e+01  1.309034809563910e+01
  6.706971747549551e+01  1.141566054432776e+01  4.613720495777687e+01
  7.395732297064441e+01  3.589754144272612e+00  1.889423874582965e+01
  2.023992820371209e+01  2.317494201636600e+01 -5.847918494892519e+00
 -5.885406621761691e+01  5.037557837034116e+01  3.102573904969238e+01
  7.872372156367193e+01  3.590453797997240e+01  4.082189174222997e+01
  5.265814992207447e+01  2.514086565494098e+01 -1.197797767709122e+01
 -1.574932966290616e+02  7.884425017856925e+00  2.163401615590507e+00
 -4.003761336743338e+01  6.265428968068734e+00  3.590125545176629e+01
 -6.631010448059742e+01 -6.962670977479639e+00  6.023549807598137e+01
 -3.403351421085765e+01 -1.297756263554714e+01  1.482504905949260e+01
  5.815704148467551e+01 -1.358169199237416e+01 -3.686917906804742e+01
  7.918813957339964e+01  1.640676507744064e+01 -5.234373920639403e+01
 -2.283601260097257e-01 -1.144984586959560e+01 -5.021276465915992e+01
  7.873927556437609e+01 -1.212488661034744e+01 -3.753359010995788e+01
  1.176231045344617e+02  1.787940370429423e+01 -2.719815421848928e+01
 -6.378300145699838e+01  3.715195264073343e+01 -3.582297642161762e+00
  1.378704144573436e+01  1.192190450560523e+01  3.374016295095171e+01
  1.243715015865301e+02 -1.067612840920911e+01  3.365589731114721e+01
  1.852036206257820e+01 -8.827746039457660e+00  1.897306798653287e+01
 -3.268835951314415e-01  3.225512329831255e+01  1.522576636872304e+01
  5.595218403954678e+01  7.569026124467488e+00  1.159290175124105e+01
 -4.548019415882514e+01 -8.959608745208577e+00 -1.775882466833314e+01
 -1.857029814049197e+02  2.699256923667075e+01 -2.786779400039450e+01
 -1.337450248394306e+02  2.000941126228784e+01  2.990547770609984e+01
 -5.673682381043688e+01 -2.445236672076737e+01  1.362468942935350e+00
 -4.803145552737737e+01 -2.779529512230909e+01 -1.436485204181884e+01
  4.666145681185547e+01 -2.094698728154150e+01 -3.176802358440358e+01
  6.879741893035282e+01  3.641608310166288e+01 -2.555839741614170e+01
 -5.945543935975878e+01  5.824785125800368e+01 -1.556130845132977e+01
 -7.414882355677068e+01  2.802579715542492e+01 -2.487411841223455e+00
  7.489906609655495e+01  6.723586345566518e+00  9.206920972443491e+00
  3.810258622986542e+01  2.882031501845045e+01  8.602615171818716e+00
  4.686919982403684e+01 -4.902268450592429e+00  1.565002384257027e+01
  1.172935770232886e+02 -2.134215505444805e+01  2.341293099918111e+01
  1.314620273110122e+02 -2.809656205372079e+01  3.252020352011321e+01
 -1.303388251836602e+01 -1.686947172910721e+01  3.228404183035040e+01
  2.683790091834261e+00 -3.457143782416908e+01  1.590530953869294e+01
 -3.567352745039150e+01 -3.017638616986451e+01 -2.266498850662559e+00
 -7.245251994306165e+01  5.234739471816063e+00 -2.231935170469425e+00
 -4.149380624022534e+01  2.199356781143473e+01  5.461231759048801e+00
  7.413271991139746e+01 -4.863869060231087e+01  1.266135488246861e+01
  1.334173627336834e+02 -4.115754347134995e+01 -7.477793203094039e+00
  1.385080028835236e+02 -2.922341579911891e+01 -1.482907831664131e+01
  1.649310920194443e+02  2.013775826284921e+01 -5.267567043220172e+00
 -1.305595453697190e+02  6.608282514860566e+01 -1.679393966754262e+01
 -1.798518701933504e+02  3.797404668543635e+01 -4.410266318166347e+01
 -9.745695814914754e+01  2.369291621383827e+01 -2.900300276044483e+01
  3.986773596680532e+00  4.554103365496894e+01 -7.768794518605628e+00
  9.569146320289214e+01 -8.015215774981209e+00 -1.321329729859246e+00
  1.659578024241013e+01 -6.997964884531282e+00  2.942146214631310e+01
  1.008454810541881e+02  9.708527472400119e+00  6.892978688621147e+01
 -9.866464068528222e+01 -9.179302149625684e+00  6.855450037064094e+01
 -1.081173838806773e+02 -2.538020784213625e+01  3.504101925564238e+01
 -8.569598892385625e+01 -3.655005065493160e+01  7.922534908116754e+00
 -3.435335758335408e+01 -2.016171601533270e+01 -3.410555232362237e+00
 -7.712617005610358e+01  1.642775635047256e+00  9.992575838984763e+00
  4.497239931638848e+01 -5.608412354671619e+01 -2.524766944122791e+01
  6.170199836063595e+01 -5.591653612005582e+01 -3.425528690842048e+00
  1.489066406594531e+02 -3.891826699225792e+01  2.454967624807878e+01
  9.389675922437368e+01 -1.568117577494645e+01  2.443899340359757e+01
 -4.907687595672841e+01 -7.084634275753594e+00 -6.153171144919865e+00
 -1.715648209497059e+02 -7.946267869678596e+00 -2.124662464527119e+01
 -1.426000174772281e+02  1.827211218164337e+01 -2.661027910648738e+01
 -2.232438054004448e+01  3.424149907882309e+01 -2.938994680815255e+01
 -3.898561017984964e+01  4.095761939512690e+00 -6.369821773116040e+00
 -3.670781176702703e+01  3.621981625332169e+00  2.379900701731772e+01
  9.638181963966642e+01  2.135015263233866e+01  2.383095575441791e+01
  7.944629727164136e+01  3.569722876283389e+01  1.676409363716037e+01
  6.658501157857889e+01  4.410877790307040e+00  2.488248498110517e+01
 -4.439809090832078e+01 -2.697138020094557e+01  2.376391473695042e+01
 -1.481066464887454e+02 -2.585444877209245e+01  3.238619058164216e+00
 -5.179112987268960e+01 -1.514422596990959e+01 -2.258311407474539e+01
  3.243898127932421e+01 -2.756473903303787e+01  1.415915172704434e+00
  1.107972823023717e+02 -4.491697700923566e+01  1.132367302545799e+01
 -3.671970710355548e+01 -2.817107723997375e+01  2.350570110953881e+01
 -8.058425310887468e+01 -1.599300012646539e+01  3.031283262792611e+01
 -5.633201395444401e+01 -4.760306654921273e+01  3.596968525914527e+00
 -4.996126395374071e+01 -4.401560598269511e+01  2.571175683102604e+00
 -6.336283603440712e+01 -2.014806376849782e+01  7.637788968351060e+00
  1.118322120663460e+02 -1.029657168401165e+01 -1.404655581914963e+01
 -6.978860958059275e+01 -4.130089578809943e+00 -3.632845993144964e+00
 -8.656845777056574e+01 -1.044733053810473e+01  4.824977204059655e+01
 -2.043571183454353e+01  3.687957451818200e+00  4.949239179599375e+01
  1.030373168506050e+02  2.070370905500566e+01 -3.150236864866080e+00
  1.119568031595656e+02  2.166787791662485e+01 -1.681403954663418e+01
  5.250557747912432e+01 -1.115945359636444e+01  4.410202639154462e+00
 -1.695583854176956e+02 -1.217293173924061e+01  1.196706104601826e+01
 -1.167447809321727e+02 -3.658868380336641e+01 -2.501922253480304e+00
 -9.142657150918915e+00 -1.692236710154510e+01 -4.624759351429784e+01
 -1.583743864041990e+01 -2.668476853503208e+01  7.779882876721675e+00
 -9.160813267350144e+01 -4.713435136498627e+00  5.732052060422846e+01
 -2.314260636602168e+01  7.652090789974684e+00  2.292815952389318e+01
 -7.518012370574132e+01 -4.550329868575221e+01 -1.510404101654884e+01
  2.703977067104066e+01 -2.024303802440679e+01  1.358992690668835e+01
 -9.551208879112105e+00 -4.166038484737251e+01  3.348774532132938e+01
 -2.475337865701565e+00 -4.623007109273497e+01  1.376292502089187e+01
  1.223542114733267e+01 -2.682895239367524e+01  9.923272531559343e+00
  4.080374881259964e+01 -2.626212499960703e+01  4.010714662554049e-01
  1.482415333261695e+01 -1.269702436349609e+01  2.604861769249091e+00
  1.299428160114287e+02 -2.843337878935014e+01  1.379451180558029e+01
  1.282728345179329e+02  5.253902639543641e+00  2.060681398465330e+01
  9.104873971660783e+01  1.616248677884050e+01  1.440604305458196e+01
 -2.112877910484070e+01 -9.488865301518022e+00 -2.201088053379794e+01
 -8.368101623324787e+01 -2.471234375221428e+01 -4.608182150823777e+01
  2.800036057440087e+01 -2.263532593720994e+01 -5.354687829456550e+01
 -1.256949682923654e+02 -6.128211136280372e+00  1.560137993295062e+01
 -1.546258653026050e+02 -5.506757618033316e-01  5.939288412495509e+01
 -6.360785072689787e+00  1.219742559345249e-02  2.064491258859065e+01
 -9.463183937582085e+01 -2.787259339800893e+01 -1.876385536528657e+01
  1.542735518537198e+01 -1.575991394975305e+00 -1.324247417066814e+01
 -5.698707158259268e+01 -1.634339792730078e+01  1.462590580686224e+01
 -1.381727199250523e+01 -2.386506562875964e+01  2.546390421575576e+01
  8.536365364980469e+01 -2.423202261175495e+01  2.578911980447788e+01
  6.529832426460501e+01 -2.561927577198702e+00  1.019778048298564e+01
  7.630708168317462e+01 -1.249943783286983e+01 -1.979714095528854e+01
  2.833299085662345e+01 -3.862390494560967e+01  2.492510390499810e+00
  1.509854556814409e+01  4.235643919162335e+00  3.901944917497466e+01
  3.418345695043335e+01  2.438450666656066e+01  1.527708380529757e+01
  3.027779134851518e+01 -2.998088442213401e+01 -4.266515669075046e+01
  2.393450255046674e+01 -1.344192005822152e+01 -7.238076964003312e+01
  4.625360893155435e+00 -1.274452623406339e+01 -4.915150867990804e+01
 -7.574206576250769e+01  2.437556790783861e+01  4.543089646350293e+00
 -1.295739958546417e+02 -9.948005183533931e+00  4.737053079439833e+01
  9.362784559317177e+00 -3.579130488675123e+00  2.230472690289445e+01
 -1.605640237221108e+00 -7.374779732109564e-01 -1.743263517319438e+01
  4.743414285619838e+01  7.243463025010016e+00 -2.830529670483928e+01
 -8.043563795955870e+01  4.618798303940551e+00  1.441490278776230e+01
 -1.098380730899413e+02  1.232082091055518e+01  2.697131675772081e+01
 -2.551503998997421e+01 -8.855952283593295e+00  8.769401980152811e+00
  1.148664103379871e+02  2.852511428192912e+01 -9.206537262169558e+00
  8.723539989459289e+01  4.215368474940691e+01 -2.440422602789368e+01
  4.000081436458505e+01  1.327179047933029e+00  4.378936660696837e-01
 -1.812380682883413e+02  1.201413445887650e+01  3.511339259025111e+01
 -1.420877779136407e+01 -7.442685582368254e+00  1.071592299174861e+01
  1.329592119341007e+02 -3.448961053461352e+01 -4.239632925315739e+01
  1.362326158088799e+02 -1.304411062947890e+00 -5.517758697936397e+01
 -3.249942233653510e+01  2.030916050654687e+01 -4.435737005007866e+01
 -6.809768039980710e+01  2.330405845896108e+01 -7.588027061659595e+00
 -1.168796385366419e+02 -1.291497991552425e+00  5.269879078359299e+01
 -7.766382786524707e+01 -1.017916951517690e+01  4.667933889680485e+01
  2.236473602268584e+00  1.034008560720761e+01 -1.925020116121154e+00
  2.334389744714613e+01  1.937381938018640e+01 -1.888669707815153e+01
 -2.679978278070303e+01  3.002670033881928e+00 -2.997037365742758e+01
 -6.755859680135218e+01  1.618612710463371e+01 -2.494490148212949e+01
 -4.121389321780727e+01  1.886746067255499e+01  1.551127564657440e+01
  4.406720066743143e+01  3.057461927867089e+01  3.192115593530467e+01
  1.949093262389037e+01  8.555804807414737e+01  5.255897322046081e+00
 -3.297869807064992e+01  5.363746289693264e+01  5.753728421175658e+00
 -9.297326510325473e+01 -6.453894570842105e+00  1.318656397715186e+00
  5.596659436483553e+01 -2.677593759807763e+01 -2.124110168565993e+01
  5.252080134625541e+01 -8.760539751900790e+00 -3.572235368754168e+01
 -3.983837745299610e+01  2.218835709164969e+00 -4.888399330692504e+01
 -7.170070666165932e+01  3.328429756165097e+01 -1.284753810359246e+00
 -2.349256426127729e+01  2.212084431918611e+01  1.558421215690678e+01
  1.208365956362024e+01  9.756708202368181e+00  3.357980467755531e+01
 -3.674055642457454e+01 -6.114589060781823e+00  4.597922165908558e+01
 -1.026421419471199e+02  2.593348621251049e+00  2.481736390859666e+01
 -2.837506864477838e+01  1.480230197844360e+01 -1.605744949135773e+00
 -2.153508617593372e+01  9.158791338119382e+00 -1.478944640447647e+00
  3.103341279057270e+01  2.511324127535447e+01  5.111898031437931e+00
  6.430156779049437e+00  4.560886147529496e+01  2.051117405898207e+01
  4.146800925253907e+01  3.963216694234917e+01  4.954915860348551e+01
  2.802783164494308e+01  6.191041247735625e+01  4.068840514562859e+01
 -3.066976005469764e+01  5.504923077892597e+01 -2.977670395149959e+00
  8.848113586854330e+01  4.180419475607939e-01 -2.220115506286741e+01
 -4.302138115429867e+00 -2.948484066758947e-01 -4.291296103621325e+01
 -2.503407543116928e+00  3.567559516042352e+00 -7.103385366758712e+01
 -9.948122282759902e+00 -6.342972788190415e+00 -4.513007346091561e+01
  1.451971111108677e+01  1.669677501046275e+01 -1.634319706898152e+01
 -8.270907869110434e+01  4.971122323283110e+01  1.852600230030750e+01
 -3.036221905241345e+01 -2.077494363163570e-01  3.329034702297773e+01
 -3.777036491154232e+01  9.260922462023171e+00  1.089645730332662e+01
  5.330672782220103e+01 -2.311481072085458e+00 -1.091955002483159e+01
 -2.704648988120706e+00  1.389510638767406e+01  2.961701416424863e+00
  8.647265109927127e+01  1.236244721050478e+01  1.861737381158513e-01
  8.469551072236401e+01  7.465201224601404e+00  8.321312850437858e+00
  3.247420561048474e+01  5.218457898066902e+00  4.814723166958662e+01
  1.468246853020047e+02  3.116773323270371e+01  5.388509389866839e+01
  3.206470785097085e+01  1.794442221474739e-01  9.813494116588185e+00
 -5.484522369600015e+01 -7.280157792995990e+00 -3.392892379171832e+01
  1.026700416185732e+02 -1.095635966817358e+01 -1.167852926132460e+01
  1.585188117645618e+02  2.584358876727033e+01 -1.899279781610138e+01
  4.609421585997615e+00  5.646046001388033e+00 -6.934976304563614e+01
 -2.575955396959830e+01  1.841113175454381e+01 -5.852263901485099e+01
 -1.155489458949621e+02  5.005574339217755e+00 -3.235160400345799e+01
 -6.149196772188191e+01  1.918368867216195e+01 -6.073912009364342e+00
  1.045314943405644e+01  9.749499893917061e+00  2.426710013637310e+01
  6.011143191820710e+01  1.105907964779186e+00  1.189861681606116e+00
  3.711558494157843e+01  1.144649615941585e+01 -1.087860622629142e+01
 -2.476665499847314e+01  8.806462255587837e-01 -4.415809746435687e+00
  8.736923492912683e+01 -1.458141061394081e+01  7.660089687658084e+00
  9.285466995409823e+01 -1.077418102589369e+01  2.555364587870505e+01
  8.609601622113365e+01 -2.360189530983747e+01  2.880910484758824e+01
  1.011760624961030e+02 -2.158432661000379e+01  2.245235731376125e+01
  6.483917671806421e+01 -4.754567514086118e+01 -2.265775985691659e+00
  1.690288289780910e+01 -6.736227914442158e+01 -7.388585337964338e+00
  3.094067497982500e+00 -4.941394969974991e+01  1.003490550810188e+01
  9.891258885951277e+01  3.494715557849231e+00 -1.309390166876473e+01
  2.186183243472969e+01  5.313234657071508e+00 -4.406233324631192e+01
  2.463729882339572e+01  2.940870355058852e+01 -3.701077539357503e+01
 -4.546190891864823e+01  1.307310251679521e+00 -6.954736634956905e+01
 -2.248105032411170e+01 -2.352884675623964e+01 -2.656486612954094e+01
  9.401868255081888e+01  2.717796080750920e+01  2.525066102862808e+01
  1.140139489092036e+02  3.053309645322642e+00  4.600274340560197e+01
  9.345716580299913e+01  2.358234581097500e+01  1.072018620637094e+01
  7.370512904811019e+01 -6.558899102493097e+00 -7.590197017636531e+00
  2.689191691691829e+01 -2.687496355590090e+01  1.164820446546351e+01
  9.824073092565316e+00 -1.252737500449592e+01  2.905236806925137e+01
 -4.625568659267645e+01 -5.511037942884107e+00  2.450550001467349e+01
 -6.365106208391239e+01 -4.291058521734556e+01 -3.459739927421379e+00
  3.029892292260594e+01 -6.010971097596412e+01 -1.493746071509553e+01
  6.761246314989434e+01 -5.698321209851750e+01 -5.539496107806024e+00
 -5.412540110353513e+01 -4.820607940116282e+01  2.483491772991270e+01
 -4.240494824818203e+01 -2.173360496065803e+01  4.258230114138127e+01
  8.380524740408088e+00 -9.769464870103979e+00  7.602859176105838e+00
 -1.147663871924524e+02 -5.313857967889248e-01 -5.440561187733973e+01
 -2.653852921982230e+01  3.579880427525239e+00 -5.274944114183812e+01
  9.718978623478202e+00  1.717944712466284e+01 -2.017120591057917e+01
  8.026553247631708e+01  5.349513354498234e+01  1.501478558735440e+01
  9.034959994670452e+01  1.150358928917202e+01  1.199172324342198e+01
  1.314523883814802e+02  1.081500211105606e-01 -1.111360008846897e+01
  9.497812201472640e+01  6.900104349303152e+00 -1.156599511069445e+01
  1.251722317242192e+01 -2.397704288690462e+01  1.097806756592608e+01
 -1.459873234498398e+02 -7.696651402698185e+00  3.490077014874761e+01
 -7.734672545957248e+01  7.655892901257868e-01  2.178941008515694e+01
 -4.385445137277843e+01 -8.943610386116323e+00 -9.081005975736161e+00
  7.618726436531279e+01 -3.477969651348850e+01 -1.101562249158626e+01
 -5.036861733516297e+01 -7.701182286792314e+00  1.942312231325914e+00
  5.763145084559998e+01 -7.950578806848258e+00  3.247710138810733e+01
  6.481942814288718e+01 -9.018801380188522e+00  4.780453503290339e+01
 -6.337117000132271e+01 -9.936849306810057e+00  1.620926341334731e+01
 -4.456299486766115e+01 -1.730507660242561e+01 -3.423116934139039e+01
  2.891347645913460e+00  1.634928897149262e+01 -6.092237927021078e+00
  4.798440997509354e+01  5.953807134324830e+01 -1.748486036654550e+01
  8.245727568669196e+01  5.380777764264305e+01 -1.544376669344892e+01
  7.582587220066621e+00  8.560210733791514e+00 -8.585631305869446e+00
  1.228541199855758e+02 -2.367184167179395e+01 -2.744267261482542e+01
  9.547445607247079e+01  6.932306451570516e+00 -4.688265210983093e+01
 -4.033936773950150e+01 -2.646683715737362e+01 -8.017356641167996e+00
  1.758275489020860e+01 -1.238651202341733e+01  4.202231756120492e+01
  1.138390164849475e+02  3.577347643765847e+00  3.958805188863654e+01
  7.100216491517853e+01  9.088384058722664e+00 -1.026759482288249e+01
 -1.771317515256321e+01  7.773151431679695e+00 -2.552240681266531e+01
 -1.648067967811108e+02  2.755318674686078e+01 -2.623992704149471e+00
  4.218178059318170e+01  2.358952200755319e+01  1.999192388826548e+01
  1.192599535590919e+02  2.584452637299729e+01  2.044804398738403e+01
 -6.460385568116530e+01 -9.562893691593892e+00  1.739371097242544e+01
 -1.135852554910621e+02  1.138505451737155e+00  1.782961582088762e+01
  5.967277835692092e+00  2.460953476870425e+01  5.244026115426908e+01
  2.440801440809873e+01  8.573914032804506e-01  3.488941610395830e+01
  1.142600856715941e+01 -2.064015823904243e+01 -1.961887001566431e+01
  2.901031222044443e+01  1.726992405951212e+00 -5.413609620929935e+01
  2.897783437595532e+01 -1.148309914997326e+01 -4.964985711206370e+01
  1.580190338279588e+02  2.104445244967744e+01 -1.243260299457182e+01
  5.299609181379772e-02  4.133797829389483e-01  2.033659303327345e+01
 -9.104122011541135e+01 -2.559366934268190e+01  2.210440551046343e+01
  1.192072781882755e+02 -1.511137811809238e+01  7.480102936208162e+00
  7.122720694685897e+01  4.621711802657138e+00  2.869177338960787e+00
  5.735914383906054e+01  7.811748466535432e+00  7.018031421701278e+00
 -2.464684816232864e+01  2.857374201264138e+01 -1.770655087665031e+01
  1.009227858450973e+02  4.245355580315089e+01 -4.928742314718927e+01
  6.259391284308218e+01  3.533101077928466e+01 -3.326044444619868e+01
 -2.025388693323274e+02 -7.302737051504709e-01  9.328703827246814e+00
 -1.029407000318597e+02  1.257101515534200e+01  3.572023767111914e+01
 -2.549950494092837e+01  2.935215921484062e+01  2.375849067603596e+01
  2.195651844982398e+01 -7.936916891762340e+00 -1.290662140441662e+00
  2.032041876116330e+01 -2.709652880881962e+01 -2.681348772569333e+01
  3.384540306942558e+01 -1.814100372565822e+00 -7.818979488576053e+00
 -6.132754935819376e+01  3.359021929462755e+01  8.204794036860481e+00
  1.240940392485936e+02  5.292110980517009e+01 -3.223155739279220e+01
  1.317769055039574e+02  2.780382127321933e+01 -3.569141252632326e+01
 -1.240549819943775e+02 -2.246637664819590e+01  1.004080766386441e+01
 -8.245717218082293e+00  2.083639830580554e+01  4.453153310441035e+01
  1.346644926688325e+02  2.887378532167423e+01  5.483434227726933e+01
  1.032118500290449e+02 -2.098664376992231e+01  1.982950539842101e+01
  3.497906574833971e+01  8.277779483873910e-01  5.423781040905240e-01
  1.448938908565444e+02  8.558836912652916e+00 -1.548158987312646e+01
  1.491010228999917e+01  2.947472139923834e+01 -3.179071532932475e+01
 -2.040933376153278e+02  2.183918739188088e+01 -4.539417391869556e+00
 -1.956560384872791e+02  4.375524755529435e+01  2.151280200462559e+01
  1.454301930939177e+01  6.094852324274944e-01  3.522767939842224e+00
  5.238553712667571e+00 -7.972605674328382e+00 -2.955274323486599e+01
  1.457584557876240e+01 -2.510087982305817e+01 -1.519308122011489e+01
  2.263455534204922e+01  5.534812867323406e+00  3.471109268505428e+01
 -6.130491754587815e+01  5.778948548865547e+01  3.085112611284714e+01
 -7.560757890058463e+01  6.816570986522078e+01 -3.772921745125547e+01
  4.412619712356748e+01  4.288068925409021e+01 -6.342870259791285e+01
  1.015883665652475e+01 -8.906537534429297e+00 -1.892663743475760e+01
  6.257350503695797e+01  2.286556708119164e+01 -2.071945788339903e+00
  1.274135498714055e+02  3.889730046818141e+00 -1.905099449788764e+01
  8.148117596330431e+01 -2.275778585762836e+01 -4.268765278950731e+00
  2.307963623354970e+01 -9.808638502962085e+00  2.545308388151525e+00
  2.514782098522864e+01 -1.551696815827844e+01  1.372370768359886e+01
  9.504247773770558e+00  4.980680919950785e+00  5.463938859178768e+00
 -6.558111222580985e+01  2.826698077475849e+01 -2.201049993665154e+01
 -5.926223309231693e+01  1.434641533741990e+01  3.663859600700473e+00
  7.898179748754563e+01 -3.688542373722017e+01  1.744340950664973e+01
  2.095555561975939e+02 -5.747760264090669e+00 -1.621604875827747e+01
  1.194857187007266e+02 -1.092822910675386e+01 -2.966974228613555e+01
  1.204991206977727e+02  2.732294355924321e+01  8.762001789036670e+00
 -6.290824179025748e+01  4.347597224838845e+01  3.408962328004196e+01
 -1.071423742574066e+02  2.776240764222197e+01  3.033795745358823e+00
 -1.286069447868691e+02  2.320931947799205e+01 -7.275854225246285e+00
 -1.690322889177597e+00  1.004269595484808e+01  6.096524803307293e+00
  1.089314748816061e+02 -1.630783842746988e+00  2.599057613031597e-01
 -1.207705243584175e+01 -7.442705398039834e+00  6.764733896976696e+00
  6.491659414021525e+01 -7.128607118506931e-01  9.228333334449029e+00
 -9.084233870484140e+01 -1.865874281731378e+01  2.722187223876418e+01
 -1.129796896924422e+02 -1.504225908669828e+01  2.932234219793581e+01
 -5.746281996811486e+01 -6.154585050789890e+00 -8.810108890321136e+00
 -3.622288506478861e+01  1.936776117941780e+01 -2.279389291468528e+01
 -8.196735716268624e+01 -1.826408170213590e+01  3.751353829467512e+00
  3.710077794994330e+01 -3.978968153078748e+01  2.622244281581078e+01
  7.185038454136964e+01 -4.338199646765506e+00  3.094914020908547e+01
  1.352782010116498e+02  3.156645683972031e+00  8.462064371387106e-01
  8.836051456617911e+01  2.985525666213034e+01  4.233563087622088e+00
  2.460160153434164e+01  1.712414665832104e+01  2.252972993076810e+00
 -1.387657064026611e+02 -2.367939663454642e+01 -4.630208174799631e+01
 -1.857702511208353e+02 -2.060145614858732e+01 -5.466688572076005e+01
  3.612800088502050e+01  6.709164056424619e-01  3.465918072771789e+00
 -7.459373610391819e+01 -1.493167431050466e+01  3.925803811884747e+01
 -1.116758074965252e+02  1.619702482347427e+00  5.948570105160951e+01
  6.475763661888669e+01  2.015754405882856e+01  5.957160609631157e+01
  8.904783480715125e+01  4.708758047163821e+00  4.758699710213516e+01
  1.037815131899548e+01 -2.615559980560735e+01  4.356091282950946e+01
  5.097347842684577e+00  4.777147999846774e+00 -5.623817149042718e+00
 -9.713733705716589e+01  6.465123282515575e+00 -4.810587532446725e+01
 -7.824386721293962e+01 -2.327391670260579e+01 -2.485600238071749e+01
  3.621212203811071e+00 -2.174862944022355e+01 -3.120862899255431e+01
  4.597424913836002e+01 -2.205841340939321e+01  1.280204639896144e+01
 -1.011708530850775e+02 -3.623543008720953e+00  2.220487129792257e+01
 -6.706073904348881e+01  1.383599259329356e+01  1.160825532384687e+01
  2.271644192569780e+01 -5.144395449987218e+00 -8.402786725737919e+00
 -2.499311341454657e+01 -2.107689576918349e+01 -5.850449477695154e+01
 -2.060046919142774e+01 -2.670485178858432e+01 -6.382803001267472e+01
  1.185076583496875e+02 -1.733813352230643e+01  4.277776195631986e+00
 -6.419104691650374e+01 -2.127533082474295e+01  5.424094018332605e+01
 -6.457929854470910e+01 -3.291482011467960e+01  3.412069183570167e+01
  6.402029069155512e+01  1.560641228417848e+01  3.008790972873147e+01
  1.378257698472635e+02  2.327812306656381e+01  4.313155008158436e+01
  7.859748002839214e+01 -2.079721748619047e+01  3.373819902227039e+01
  4.069043894029632e+01 -2.359738368068145e-01  3.051071869019804e+01
 -1.181544119176062e+02 -7.416691721523279e-01 -2.395104919516557e+01
 -1.195496236273060e+02 -2.782483103989692e+01 -6.506511844285487e+01
 -6.344699751980214e+01 -3.223199825252642e+01 -4.020461394467151e+01
 -3.891109383018248e+01 -2.984045535187261e+01  1.115696033428956e+01
 -1.254895030547962e+02 -8.349375331808819e+00  4.744989282550448e+01
  7.796506693655324e+01 -2.978509154527786e+01  5.283876419319348e+01
 -3.472429853288736e+01 -3.014660625267457e+01  1.475502837863251e+01
 -4.612346938530797e+01 -2.609109365661290e+01 -3.684439228063570e+01
 -2.890743490551009e+01 -3.198374973277126e+01 -2.276433124755227e+01
  3.412890782330008e+00  2.470070147881179e+00  1.087180666601077e+01
  2.002201047858633e+00 -2.504293100654193e+01  1.703534570857709e+01
  1.712203084991224e+01 -3.377625047402768e+01  2.222444315221855e+01
  2.777371671832462e+00 -6.198313706397340e+00  1.141685990753322e+01
  9.723740317761124e+01  1.085266273895249e+01  4.920455405149265e+00
  1.047849127693647e+02  1.924347484862267e+01  3.455506732951628e+01
  1.042580343775391e+02  1.333149264507132e+00  3.792488220913144e+01
  6.251532655335699e+01 -3.984031591552117e+00 -1.583833726554950e+01
 -1.061736318487840e+02 -1.112474221171032e+01 -5.668800798736706e+01
 -6.829040928434050e+01 -2.679557015948442e+01 -5.053849009882307e+01
 -2.018521357785187e+02 -1.186207795520238e+01 -2.165151602444714e+01
 -1.931729733713002e+02 -6.428501251729845e+00  1.698090318664869e+01
  9.175302084907276e+00 -3.238158642738301e+01  3.296759151257955e+01
 -1.580609159674385e+01 -3.895554159220463e+01  2.494690807201835e+00
 -1.109901256402114e+01 -2.459114376827740e+01 -1.429491472681191e+01
 -1.283155394205365e+02 -2.984060602865118e+01  4.371020659521557e+00
 -2.663993708489457e+01  1.179976490392711e+01  2.227309855141498e+01
 -1.152897835093233e+01  1.157463283102084e+01  2.561312736625885e+01
  8.768774350870224e+01  2.974912834927180e+00  5.793584321488547e+00
  4.471728568120103e+01 -2.446024996468028e+00 -1.655541867659136e+00
 -1.682898714597231e+01  1.156157018586910e+01  1.454701719915047e+01
 -5.642739558251077e+01  3.952787965532180e+01  2.934043741902042e+01
  8.798660142348378e+01 -2.983241992113089e+00  9.358310803406859e+00
  7.618643072971949e+01 -1.208516238872470e+01 -3.420629651974070e+01
  7.908922102519971e+00 -1.962385406612598e+00 -5.659332068435291e+01
 -1.145330997618004e+02  2.253184444354403e+01 -3.403080041246444e+01
 -2.024675230312361e+02  6.851170320397532e+00  1.029059557902040e+01
 -1.060104740596839e+02  8.652145071404478e-01  3.086817884425705e+01
  2.759796590813681e+01  2.627810071501577e+00  3.874845909172437e+01
  2.263912119976825e+01 -2.648788200870045e+01  1.601142261201449e+00
  7.040168589164772e+00  4.684430575475121e+00 -2.353460333961905e+01
 -1.048978656168777e+02 -2.294715928674016e+00 -4.928403293254229e+00
 -1.334027246042114e+02 -1.040002294064333e+01  1.227507017860180e+01
 -2.780008606275883e+01  2.413864132866250e+01  7.718452035969500e+00
  5.910887915549475e+01  2.008576209783640e+01 -9.023825427866338e+00
  3.105771362612712e+01  4.081019667962882e+01 -3.849677325576836e+00
 -3.964752834452464e+01  2.129385342060056e+01  1.702682710389041e+01
 -1.514145758108416e+02  3.832339295841668e+01  3.138008851294775e+01
  8.954662396266710e+01 -1.717914935921975e+01  3.277270156875783e+01
  1.516746483541463e+02  1.021893344144961e+01 -1.543441871264999e+00
  7.772024145328001e+01 -4.990282781822204e-01 -5.133968600269417e+01
  2.325532941836346e+01  2.450248123288305e+01 -2.105131906751863e+01
 -3.677440046447040e+01  8.468567945257817e+00 -2.592430146805131e+01
 -1.405020512985478e+02  5.805097699893016e+00 -9.754230865831659e+00
 -7.451410920367124e+01  2.884527196552922e+01  7.403054769013364e+00
  1.856461986967432e+01 -8.481039606131201e+00  7.971805404770221e+00
  2.634277395592557e+01  2.745842454369865e+01 -1.770516079115497e+01
 -9.343884537950612e+01 -3.518060977592098e+00 -2.679145498181218e+01
 -8.022535649868868e+01 -2.144240919721411e+01  2.190562363250763e+00
 -8.537460693716486e+01 -5.178337685023486e+00  3.936196664420465e+01
  9.161028760948146e+01  1.119763285164034e+01  3.902720241262539e+01
  5.081521426827098e+01  3.395050168553009e+01  2.287270981422192e+01
 -4.461100886183689e+01  4.667400335045551e+01  1.795293313989908e+01
 -9.258528643146559e+01  1.740103073575830e+01  1.275061829241395e+00
  4.563341164695267e+01 -2.760124623443859e+01 -1.660342564961109e+01
  7.119985635399640e+01  2.346821008328300e+00 -3.398781152450562e+01
 -1.570583628228600e+01  2.297655765238908e+00 -2.644413752320116e+01
 -8.960155784182354e+01  8.587193648276038e+00 -7.958356066007548e+00
 -5.462117684023696e+01  1.349710102416698e+01  1.169309678704261e+01
  5.811312890044023e+00  2.564640447327189e+01  1.776043052508974e+01
 -3.945069853381931e+01  2.244403273551581e+01 -7.323713876008490e+00
 -8.727480806230966e+01  1.178222158809615e+01 -3.107351753042455e+01
 -6.859167630552600e+00  2.663931453591992e+01 -4.773807360819370e+01
 -5.665879619514220e+01  9.436834639006619e-01 -3.482104214326225e+01
 -5.236434683463747e+01 -7.381576529183703e+00 -2.454849157439292e+00
 -5.745730711116995e+01  7.291007374100140e+00  2.964188762101391e+01
  2.592864566134730e+01  6.193465788857869e+00  5.151564392136393e+01
  7.102932921029563e+01 -7.441315632560940e+00  3.951096581791904e+01
  5.057326662850932e+01  1.757308150833402e+01  8.014631671510934e+00
  9.950803958378815e+01 -4.089033191125662e+00 -1.865121348484703e+01
 -1.531796987335654e+01 -4.208943601732254e+01 -4.044605844122450e+01
  3.482129493945045e+01 -2.085963696737826e+01 -5.581599056990640e+01
 -6.430206940828573e+01 -5.112425027685504e+00 -3.466751312747658e+01
 -2.333886762988078e+01  3.556071473341731e+01 -6.249093401084185e+00
 -1.322835097289004e+02  3.014377221148074e+01  1.946307746457159e+01
 -1.634399483106445e+01  2.027260630035099e+01  5.097121514989836e+00
 -4.299493840682774e+01 -7.225859604879148e+00  4.562800000473560e+00
  4.155642206716732e+01  3.138109792743862e+01  2.068744401693434e+01
  2.973445383021257e+01  2.275233762749167e+01  2.720412072948287e+00
  7.563383055012255e+01  3.415559444114986e+01 -1.970096824243141e+01
  5.612003764229917e+01  1.943909223351542e+01  2.762818907354954e+01
  5.212675391097832e+01  1.691847245923110e+01  4.450178178814139e+01
  1.611549137329538e+02  5.205169579243905e+00  2.262144918574078e+01
  7.111432535183744e+01 -2.366879372557339e+01  2.867312095048779e+01
  1.073097433458553e+00 -3.406216826555740e+01  1.320796101717055e+01
  1.126603385994722e+02 -1.966544707365007e+01 -2.364919101998228e+01
  1.564392134336069e+02 -3.590498640526699e+01 -3.718526514099477e+01
  8.372617517507614e+00 -1.402861211707871e+01 -3.613383369678336e+01
 -6.006551392161197e+01  8.911143984063294e+00 -3.979224176318743e+01
 -5.854160876004882e+01  1.643950274771526e+01  5.232989408963691e+00
 -1.551422636727149e+01  1.773036661321319e+01  1.423706378882463e+01
  2.621524755111416e+01 -7.866262939297166e+00  2.126381258817859e+01
  3.656770009740000e+01 -1.986334747893940e+01  1.583448822090289e+01
  3.389968447309948e+01  3.408612917394345e+01  1.544729347373320e+01
 -3.730664213028748e+01  2.508308683743881e+01 -1.087629727133875e+01
  9.444624476856822e+01  2.495096020787681e+01 -1.325559177978129e+01
  1.083821861698377e+02  3.992781739790359e+01  2.618245807398142e+01
  5.905955761849781e+01  1.857985889210110e+01  2.537851147690626e+01
  1.185547983099836e+02  4.585696821120639e+00  3.722122428598716e+00
  9.756301100246453e+01 -2.474522884124429e+00 -1.440609483799216e+01
  3.003964332276094e+00 -4.845134133644458e+01 -2.196582587743119e+01
  6.059066801472206e+00 -3.922658640359797e+01 -7.436147497847279e+00
  1.330642390209127e+02 -3.520293332433826e+01  2.766883176426453e+00
  3.694529669513955e+01 -1.680280587418567e+01  2.274608917263667e+00
  1.386261655864483e+01  2.114809887343276e+01  4.598489209460508e+00
 -7.400530090383049e+01 -2.770544011746576e-01 -3.543290613584126e+01
 -4.671560699661254e+01  1.032779598978582e+00 -1.504211884161812e+01
  1.486056338577146e+01  1.812019239708153e+01  8.430293627641538e+00
  1.197289291284666e+02 -8.388089967124506e+00  6.866200889941315e+00
  1.617849369711309e+02  3.362809459474967e-01 -1.207356002280723e+01
  5.084412298598573e+01  3.102409006150788e-01 -2.901539978654892e+00
 -2.500246309377075e+01  1.444929687359905e+01  1.892273834719633e+01
 -2.315623465932600e+01  4.834924100358290e+01  2.752106732511848e+01
 -2.701129321130139e+01  1.506829745340428e+01  3.231213129080922e+01
 -3.484311502289579e+00 -2.073481167189002e+00  2.401207727817441e+00
  7.299287707598810e+01 -2.591626761617903e+00 -2.118274724603545e+01
  4.799964908179339e+01 -4.856465146793843e+01 -1.865421210084478e+01
 -6.308666761343574e+01 -4.245524985299348e+01 -1.951267045741568e+01
 -5.227373975404928e+01 -3.649067440993863e+01  2.008688275021741e+01
  7.963540715400765e+01 -4.227779777904811e+00  3.689477453016241e+01
  2.509626245529905e+01  1.706139032246242e+00 -1.191943383826697e+01
 -1.980779137272230e+01  1.029719985162344e+01 -7.245648054324288e+01
 -3.892180893347631e+01 -1.200840614125741e+01 -4.044136807423268e+01
  4.126577751446726e+01  5.771710267089563e+01  6.616006051869117e-01
  1.062774399097932e+02 -3.478563466793894e+00 -4.010840054205397e+00
  2.088890379268028e+02 -3.466946802019001e+01 -2.809456722242348e+01
  4.872536776896129e+01 -1.093089596278980e+01 -1.308016667836553e+01
  1.130890276879652e+01  1.432667991314171e+01  2.336321261439264e+01
 -2.926947550418815e+01  2.588658915967949e+01  2.778177066983145e+01
 -5.032620135780617e+01  1.431109813679664e+00 -4.332322292035657e+00
 -2.533798855775285e+01 -4.591442730301278e+00 -2.753495767734647e+01
  3.019672931071063e+01 -4.117262007020990e+00 -1.700550311146538e+01
 -1.382526723248776e+02 -2.781598793097931e+00 -1.025114454368423e+01
 -1.128195249040530e+01 -1.255979259050416e+01  2.026393792680962e+01
  5.569296027738598e+01 -1.031628134405422e+01  4.156167244686552e+01
  7.765980579383168e+00  1.537526223170096e+01  2.566886579875399e+01
  6.433492270780935e+00 -2.534491505706660e+01 -2.595622231288688e+01
  8.333133885881843e+00  7.344403465938453e+00  2.373915710967089e+00
  3.767944148410297e+01 -7.263588688434310e+00  1.032187207375188e+01
  1.386660431713535e+02  2.930759678077214e+01 -1.282732549126497e+01
  1.913177776702868e+01 -1.113266949470231e+01 -2.140370547451978e+01
  1.446347617422480e+02 -3.820766629060126e+01 -1.177189633129214e+00
  4.874093139694405e+01 -6.208729719536308e-01  1.200579899781195e+00
 -6.193386555227393e+01 -1.091904245921696e+01  1.399673489374685e+01
 -3.244661704446816e+01 -1.171028796398858e+01  2.273370940323995e+01
  1.393972888436388e+02 -1.709314764235226e+01 -8.002034274591892e+00
  8.818702156021499e+01 -3.192118072268554e+00 -1.118370000129005e+01
 -7.459873674377882e+00  2.663932511298450e+01 -7.803642218659675e+00
 -1.589490544882169e+02  4.090460709472148e+01 -2.826416039785329e+01
  5.648750665998760e+00  3.494486965687592e+01 -1.421296532086594e+01
  6.480924395927752e+01  2.153017544877024e+01  2.031639968159444e+01
 -3.789645839240156e+01  5.479005468391699e+00  1.980784705267377e+01
 -7.373555178325950e+01 -2.590838609925314e+01 -1.565654465828337e+00
 -4.103672080008089e+01  8.353687010145677e+00 -2.293930695619372e+01
  2.427426862282289e+01 -2.493707056411126e+01 -1.677840751917143e+01
  3.403758389182656e+01 -5.742771345691875e+00  5.420240632699324e+00
  4.390476334869619e+01 -2.577066107230491e+01 -2.341743464105670e+00
  2.781794428206753e+01  1.663353239207694e+01 -1.318452083676159e+01
  8.870769897370522e+01 -1.111339190763140e+01  8.289018260383186e+00
 -1.644755263216923e+01 -2.025316421853632e+01  2.534378935251193e+01
 -1.643157611588379e+02 -1.764410440846114e+01  1.581687623022774e+01
  1.312575027691520e+02  5.986792471628740e+00  1.026716593129934e+01
  7.324943086101015e+01 -2.013087727839936e+01 -7.054769217488186e-01
  9.814012522542505e+01  1.193532003226088e+01  2.062690970416337e+00
  3.775458707800222e+01  1.118242974485698e+01 -1.438685643256590e+01
  8.794907942053311e+01 -1.260824696492896e+01 -2.685961108412113e+01
  2.468131631639384e+01  5.931827938693095e+00  1.472951861781457e+01
 -1.796673313125784e+02  4.414261149380530e+01  2.185759104165975e+01
 -1.420549938619686e+02  1.438902227892455e+01 -2.654889719323419e+00
 -2.209968395180130e+00 -3.719535260717057e-01 -2.538787791595853e+01
  4.008773937046139e+01 -1.693344920132906e+01 -1.189845022317680e+01
 -6.618088766058090e+00 -1.020088025704499e+00 -7.271505301848909e+00
 -3.404455073287710e+01 -4.898882288679737e+00  9.720471675430465e+00
 -8.023982996110423e+01  1.776026683384152e+01  1.315495191754860e+01
  1.149986644284017e+02  3.156539845683771e+01  4.444694115668893e+00
  8.956081723299732e+01  2.049591297096403e+01  2.532934988329111e+01
 -8.646655835586553e+01 -1.911854330106896e+01  2.174794771148075e+01
 -3.355952424582853e+00 -2.101584471704643e+01  1.804373523763123e+00
  1.291396870708661e+02 -1.170645406216790e+01 -8.507219608121916e+00
  1.460518532627697e+02  4.339567321352773e+01 -2.321961479500628e+01
  2.952817128063110e+01  1.539016422396857e+01 -3.653540803587444e+01
  1.573644887848844e+02 -6.769279322766764e+00 -7.872988664346551e+00
  3.145563941868198e+01  1.280067688891759e+01  3.654861652244320e+01
 -1.827463195440396e+02  4.589919421003408e+01  8.948208379914030e+00
 -2.019261610499940e+02  1.901786951739343e+01 -3.003575513049356e+01
  7.644871659030771e+01 -1.056904874141530e+01  2.954912307083872e-01
  6.114021896593010e+01 -9.562940789964820e+00 -3.995391256407510e+00
 -2.993711137137668e+01 -4.450454087921817e+00 -3.211736780954784e-01
 -1.679628520128770e+01  5.718095753642176e+00  2.594177059133272e+01
 -3.885055634572711e+01  9.949410976125485e+00  2.121221387746182e+01
 -3.432200181783188e+01  3.072962686419752e+01 -1.620958218140608e+01
 -4.071621301912448e+01  3.675923897401238e+01  2.511936518182782e-01
 -1.630077303186509e+01 -8.704293979582085e+00  1.048075662006671e+01
  4.680610151659677e+01 -4.205144299595425e+01  1.655786526475799e+01
  1.361770361878662e+02 -5.679724237898398e-02  3.671781236861294e+01
  7.867249371279959e+01  1.573638848349324e+01  7.616622529695732e+00
  7.695885588617148e+01  8.501748603479804e+00 -4.218783932357449e+01
 -1.838579850228567e+01  2.193739195721048e+00 -4.220053211759554e+01
 -3.745017219434800e+00  2.225970308023273e+01 -1.180935673731711e+01
 -6.750497005977600e+01  3.547780442227900e+01 -1.835661761361190e+01
 -1.091918292967333e+02  1.877580426951388e+01 -1.388310693616790e+01
 -5.088665981553945e+00  1.836961645757723e+01 -4.878083494601105e+01
  2.184943159556780e+02  2.336125315338438e+01 -1.951670783399407e+01
  7.950383396590834e+01  8.188268504452971e+00 -8.897022121679194e+00
  2.021153842501473e+01  1.789304492041758e+01  1.007844428779620e+01
 -2.465648564693209e+01  6.141573041161888e+00  2.973103191286359e+01
 -2.213688113903137e+01  3.650180938485907e+00  2.377150382536725e+01
 -1.143612196570663e+02  2.976655293510003e+01  2.721871172578804e+01
  3.849145887269240e+01  1.025992765605071e+01  7.164433246575173e+00
  8.037917867596411e+01 -1.440780194360630e+01 -5.949824805380399e+00
 -1.780017171134386e+01 -1.437915941525184e+01 -3.610405500398954e+00
  6.961417197952029e+00 -2.004593198136260e+01  1.372101983928171e+01
 -4.277568536875970e+01 -2.701249711259826e+00  1.078002046750204e+01
 -1.141883243647505e+02  2.017886255386394e+01 -1.035962496175104e+01
 -5.122737297428920e+01  3.181917379936906e+01 -1.527296541795506e+01
 -4.311494016109851e+01  4.191122655999224e+01 -1.416386610966993e+01
 -8.637636952543227e+01  3.390146751162646e+01 -3.087473254145086e+01
  2.288168090414474e+01  4.135890148839661e+01 -1.231578579219875e+01
  1.245554941076072e+02  2.867573864344200e+01 -3.345737807879541e-01
  7.513726859894155e+01  3.898662164399609e+01 -2.011521177715543e+01
  5.416053485494857e+01  3.562182561552552e+01 -2.168403553997263e+01
 -1.404854736968981e+01  3.389902717603159e+01  8.176300570007612e+00
 -1.040609390506706e+02  1.094598768717544e+01  2.684306343719814e+00
 -1.949773797462532e+02  9.714460148740351e+00 -1.314190796489107e+00
  1.044210702996470e+01  2.403047632247620e+00  5.949944164607836e+00
 -9.152173863943989e+01 -5.051199619534689e+00  7.172611494703452e+00
 -1.567273394687469e+02  1.573049907784753e+00 -1.529042323682859e+00
  4.803920177447866e+01 -2.314019326195207e+01  1.688830180986817e+01
  9.545037590058946e+01 -1.084246520150064e+01  2.999756992997122e+01
 -5.408175747949235e+00  2.527229176540358e+01  1.117726805984606e+01
  2.054468716155910e+01  2.634083061193071e+01 -1.564572809716029e+00
 -6.348288557662954e+01  2.559500532479526e+01 -6.567730289785960e+00
 -6.462855156373249e+01  1.949289786070540e+01 -1.041803270534336e+01
 -3.201154253261630e+01  8.492720642754939e+00 -9.950658031944837e+00
  1.191692076446080e+01 -4.188746000185458e+00 -7.106856295392081e+00
 -2.156086355120721e+01  4.518419552270868e+01 -2.376980793045648e+01
 -3.388143349364262e+01  3.235964936307662e+01 -1.731201809540039e+01
  6.054298176090882e+01  4.776045510516811e+01 -1.200455996502014e+01
  4.268004222590395e+01  2.654659302142541e+01 -4.284540121254480e+01
 -5.488513808198530e+01  1.518735709399408e+01 -3.987627472145958e+01
  4.183356332353006e+01 -1.248839189208844e+01  3.147124599538371e+00
 -1.395775055839753e+01 -2.216723257200364e+01  1.688499370701732e+01
 -3.186341898110534e-01  4.097860148593117e+00 -7.490683604644479e+00
  8.685463441131722e+01 -7.086593030814877e+00 -8.696644460489338e+00
  9.572775782648405e+01  1.725822645159841e+00  1.881202317337772e+01
  9.606537804951286e+01  1.539528782341145e+01  2.827907270868749e+01
  5.336017722166295e+01  1.459580166650941e+01  3.312052835480760e+01
 -5.809352358132071e+01 -2.373730320156093e+01  2.756779270394739e+01
 -8.620619974659326e+01 -5.658075995559440e+00 -1.890802909460138e+00
 -1.106091343042962e+02 -2.444734332256237e+01  1.208419340468199e+01
 -2.761051304206305e+01 -3.372123303288978e+01  2.551296710931115e+01
 -9.307538933000086e+01  6.313212275906199e+00  1.071090660279926e+01
  9.156476587796325e+01  1.869337789715529e+01  1.085942310289329e+01
  5.868094173059479e+01  2.843304151219396e+01 -2.545264465328655e+00
 -5.916757805793139e+01  3.309101355821074e+00 -5.008355686510490e+01
 -3.302577753856357e+01  3.253705434605091e+01 -7.058618454420252e+01
 -3.336791805555825e+01 -4.007146399053579e+01 -3.269780035745600e+01
 -3.154319718190206e+01 -2.285758303227935e+01  1.058259475893408e+00
 -1.368421369284429e+01 -1.137413173969700e+01  2.923243034419553e+00
  6.225058911158040e+00  1.385675190284158e+01  9.357767441373968e+00
  3.627666600118967e+01  1.885343278953621e+01  3.050413669647613e+01
  5.969454893054871e+01  2.213258791283388e+01  3.068939001793562e+01
  1.537230877031398e+02 -5.868957709523308e+00  5.333876809041108e+00
  7.173631492262507e+01 -3.881584498510659e+01  1.537285209326078e-01
 -1.366059151361760e+02 -1.864318735692331e+01 -1.429493075494659e+00
 -1.219259625614568e+02 -1.717472284588792e+01  3.322601534392160e+00
 -2.169174585214107e+02 -2.952787403620527e+01  5.543977884088363e+00
 -2.225008357657572e+02 -2.350485570730065e+00  2.571917325660458e+01
  5.440857221179972e+01 -2.482082688018409e+01  3.506892270881244e+01
  5.797537232452452e+01 -2.867883979022658e+01 -1.000793864666049e+00
 -5.585620041277020e+00 -2.901776976018937e+01 -4.044482257596244e+01
 -7.354588165741306e+01 -1.073601440058527e+01 -5.847405324143098e+01
 -6.285755013970522e+01 -3.155547436979169e+01 -5.121061364592933e+01
 -6.367578861210841e+01  3.792449918102986e+00 -1.492581996382062e+01
  6.048192617026520e+01  8.688987508275055e+00  1.455855201943817e+00
  4.001804067703632e+01  3.550931933798735e+01 -1.226220597390351e+01
 -4.427761800180033e+01  4.049432530499304e+01 -1.442820205996124e+01
 -6.886210730595430e+01  1.248638205177920e+01  6.796040003597207e+00
  1.136275789119561e+02 -1.970106897275070e+01  7.041534620953392e+00
  9.375454555430483e+01 -2.472171368031425e+00 -2.041757975207731e+00
 -7.900843881024675e+00 -9.359603654691464e+00  4.106531641620052e+00
 -1.672602923781496e+02  1.464453145408015e+01  4.938605299112056e+00
 -2.664675221799762e+02  4.675930850599249e+00 -1.428416727543975e+01
 -1.218080954528965e+02  8.076340500092748e+00 -2.210532500644446e+01
 -5.698743187146247e+00 -4.103524870079782e+01 -1.393311572368264e+01
  5.481211770036614e+01 -3.890024084478654e+01  1.013866252807378e+01
 -3.619274586087675e+01 -3.578289414838568e+01  4.239521166348039e+00
 -1.175346274060484e+02 -4.571895062359427e+01 -1.616450123402069e+01
 -1.478268809293870e+02  7.868260425407618e+00 -7.433430885899813e+00
 -5.358685842895736e+01  2.097443545495216e+01  7.482262836364544e+00
  1.275375605871088e+01  2.634767203763290e+01  2.206653226887713e+01
  1.402026666356790e+00  2.877274913281992e+01  4.227262252313295e+01
 -4.375231691154734e+01  2.457639901245707e+01  2.608424564501412e+01
 -7.701415653377997e+01 -4.463371880233989e+01 -1.354676059662935e+01
  7.876866541584265e+01 -1.066563122018031e+01 -7.382506653746384e+00
  1.652217277045635e+02  1.202518442009434e+01  2.233055329886766e+01
  4.371274698379956e+01  1.030848900206531e+01  2.598904110698578e+01
  8.078224204449614e+01  2.504274306882688e+01  2.536024315313205e+01
  2.890477408522685e+01  2.641339190916214e+01 -2.844751271788281e+01
 -1.296543658314592e+02 -3.032938987235886e+00 -4.143059595664378e+01
 -8.312863654698266e+01  5.516948237160399e+00 -2.876291329916961e+01
  3.041225774463658e+01 -1.286892043797885e+01 -3.766618513451228e+01
 -2.998476903001811e+01 -1.129063378725900e+01 -4.346520769075330e+01
 -1.410605232216257e+02 -1.297141745651487e+00 -1.643413513275613e+01
 -1.113788684583002e+02  6.711061603246931e+00  1.071532890452471e+01
 -5.644545778693026e+01  1.620045929292707e+01  8.564271715453183e+00
  8.886918508626539e+01  6.024826707600312e+00  1.592143632838133e+01
  6.124236444955130e+01  4.576811022127704e+00  2.295601442389032e+01
  2.051459576507682e+01 -1.829209743125623e+01 -2.013780828758973e+00
 -6.868808549684566e+01 -6.167302048837612e+01 -2.040398318303860e+01
  1.482363751109620e+01 -2.808476833020837e+01 -6.333135543500269e+00
  1.020924263575276e+02 -1.374058753329217e+01  5.692699845104329e+00
 -1.231936422478682e+01  1.700502975585403e+01  2.902411457778800e+01
 -7.902698542342554e+01  5.165507888565140e+00 -3.057118092949959e+00
 -8.444110703910096e+01  1.169442532837302e+01  2.845554041001000e+00
  2.901847086207541e+01 -9.610013833074817e-01 -6.143288935385428e+00
 -4.073468809162024e+01  1.460569450172528e+01 -4.314113092306233e+01
 -1.155972886316815e+02 -8.831018018811882e+00 -4.125094260196023e+01
  1.930846084097793e+01  9.599991635949303e+00 -1.338866607649997e+01
 -7.687294776676315e+01  6.873150961108241e+00  1.267962828749276e-01
 -1.116218630169941e+02 -1.627685789750005e+01  1.938257976188908e+01
 -6.803339808059653e+01 -1.574054884973625e+01  6.662022681448010e+00
  3.459822632324367e+01 -5.951114242436123e+00 -1.897321712050868e+01
  7.264860997480714e+01 -1.523050934824666e+01 -1.851187854616445e+01
  6.692349573898383e+01 -2.164244010749925e+01 -2.872569244579817e+01
  9.893769442007257e+01 -2.911260875646095e+01 -3.708078988194019e+01
 -4.031763814406042e+01 -3.855235823981864e+01  3.571972520677004e+00
  1.586426662485169e+01 -2.299082619777118e+01  4.287107667596722e+01
 -9.139318610661033e+01  1.025502724282002e+01  2.204447782419198e+01
 -8.779401322540440e+01 -1.408282851480370e+01  3.700049569695691e+00
 -1.128656076174005e+02 -3.737545302913696e+00  1.353409131875718e+01
  3.474557817030608e+01  7.332307907481064e-01 -1.107365750988778e+01
 -2.593727091106562e+01 -1.734536311912040e+00 -3.464939271918178e+01
  1.791782956998806e+01 -5.337824473434387e-01 -6.792923784995631e+00
  5.180355724875121e+01  2.686106542263933e+01  1.408789058235807e+01
  4.993975244413323e+01  3.561353812712010e+00  3.644320855661902e+00
 -3.895382647693548e+01  5.802342167794871e+00  4.965189512070443e+00
  6.524315265713952e+01 -2.635436286632835e-01  2.449182568638162e+01
  1.447942668068142e+02 -1.153885565231882e+01  1.140495047175221e+01
  8.600751485437738e+01 -8.391218108463024e+00 -1.478740600609242e+01
  4.327466119036706e+01 -3.793482100929415e+00 -4.154659203784270e+01
  1.134397667291800e+02  1.136215309656228e+00 -4.806025314315947e+01
  1.076787064670296e+02 -1.256417160563503e+01  2.806456991208819e+00
 -2.959551459446295e+01 -2.035759241408394e+00  3.961202077642082e+01
 -5.153345168393740e+01  7.316368241576559e-01  2.013138232490248e+01
 -1.620619684008267e-01  6.488501605363057e+00  1.202270456924207e+01
  1.033383340621650e+01  1.629788911286556e+00  1.044268854349930e+01
  8.993308033505882e+01 -7.761023525561059e+00  2.034654992687503e+00
  2.193940642134284e+01 -1.744509447006476e+00  1.441415450464851e+01
  3.653784707359216e+01  1.195239398045025e+01  2.180587135057341e+01
  1.661088827315700e+01  4.037935774631906e+01  1.257335488532824e+01
  8.529504883921820e+01  4.189516070900829e+01 -3.886925167180547e+00
  7.160321802981687e+01  4.425295689169526e+01  2.361720540277462e+01
  4.657414959110605e+01  4.805192602419935e+01  2.677104905464762e+01
  1.175851290098592e+02 -1.307457662693263e+01 -6.204155335566902e+00
  5.775025584851236e+01  8.184275597550375e+00 -1.079728889211438e+01
  3.611839503781417e+00  1.406063371768848e+01 -3.455188225559408e+00
  7.008494706992085e+00  1.282868325276928e+01 -1.141638034016183e+00
  1.607968642178908e+02  1.111589038019968e+01  8.133098648284495e+00
  8.355941256514018e+01  3.969196798246923e+00  1.244644310993397e+01
  1.643709144770403e+01  2.880290522760048e+00 -2.662874396353820e-01
 -4.013292545694637e+01  2.855761911318580e+01  2.684404559233957e+01
 -5.100456455907916e+01  1.064851978766506e+00 -2.095311394858999e+01
 -5.193290573765319e+01 -9.683401088252761e+00 -2.705094210842809e+01
  9.406386383665097e+01  8.940337984027126e+00  1.165343389161197e+00
  2.392435034670052e+02  5.685424509435923e+00  1.492390792129149e+01
 -1.012300812815961e+01  2.527862150012320e+01  2.222303662206859e+01
 -6.141571304099517e+01  4.083588801950950e+01  6.492872951736750e+00
 -7.582266513237687e+01  6.660280286665153e+01 -1.006383376588459e+01
 -5.218323828176668e+00  5.468781382936521e+01  9.608804596535485e-01
  1.526564930654433e+01  1.174243207800661e+01  1.463904890108768e+01
  1.088545478953829e+02  9.333799645607428e+00 -6.003258749582113e+00
  7.548883851887615e+01  2.233031435992208e+01 -4.119074728451464e+01
 -5.520779600065119e+00  1.546853943297527e+01 -3.154677500034525e+01
 -4.766109909560925e+01  1.814128927529283e+01 -3.698469573678103e+00
  7.435697627801433e+01 -1.575580149863884e+00  1.314951830140460e+01
  7.942711451319971e+01  9.741334931992276e+00  3.564898502842038e+01
  6.131917267359832e+00 -7.911027377246356e-01 -3.968567245246176e+00
 -4.909077822531007e+01 -2.632473279188943e+01 -2.350781386822603e+01
 -1.247701633872168e+01 -1.804630357477928e+01 -2.994278690373851e+01
  1.598376147377682e+02 -1.060479588014797e+00 -2.472026961341309e+01
  2.290710059629515e+02 -3.061493496589646e+01 -3.901163530624148e+00
  3.192533624188027e+01 -1.211998575398121e+01  2.853472107991195e+01
 -4.520233123730062e+01  8.187570448910718e+00  5.975739218583492e+01
  1.062488569651773e+02  2.218069404255329e+01  4.198797913670748e+01
  5.535857547765232e+01  1.794389495965937e+01 -1.168475503533916e+01
  2.407222087339420e+01  2.212123726412427e+01 -4.121635677897525e+01
 -2.151558572356268e+01 -1.990380294223669e+01 -3.868182311019517e+01
 -1.998998134863470e+02  2.849687726129666e+01 -4.487666646545023e+00
 -6.472499087735203e+01  6.799018227027161e+00 -9.622144510884052e-01
  2.391259139541188e+01  2.686646090817141e+01 -6.516354875375860e-01
  7.579918261898118e+01  1.438160597537338e+01  1.066250831632343e+01
  4.103520357895294e+01  2.789095785335009e+01  5.339632404004327e+00
  3.829988110977953e+01 -8.629559750733190e+00 -2.292474682336579e+01
  4.117296217652822e+01 -4.432197594583403e+01 -2.611335199137265e+01
  1.169916548487534e+02 -2.160416064325303e+01 -1.686262610665688e+01
  5.070687637195493e+01 -2.822764006398160e+01 -6.559862574542711e+00
  7.395507304944628e+01 -1.274496460667524e+01  5.314344199218215e+00
 -4.311967899585664e+00 -3.764566231259907e+01  2.524080839694562e+01
 -9.684143933237078e+01 -2.781938794034260e+01  2.824632520747087e+01
 -1.456099894431844e+01 -3.220548601497023e+01  1.032556506919656e+01
  1.190614214134958e+02 -9.570025766140521e+00 -1.326020885134902e+01
  8.523023904224752e+01  6.524824766961273e+00 -1.933327952600742e+01
 -3.592327071487229e+01 -3.708088050207915e+01 -1.331538333883542e+01
 -8.110676559068911e+01  1.803281852971725e+01 -1.725996761051262e+01
 -3.610423506355024e+01 -1.335124153051803e+01  1.118214256381133e+01
  6.546261731009582e+01  2.042083302821059e+01  2.887194626948067e+01
 -1.121597249145365e+01  2.953571797584690e+01  2.295870052948735e+00
 -4.750621529970741e+01  1.996964278244301e+01 -1.449614112994540e+01
 -5.906293893404582e+01  8.800100449303397e+00 -5.268626071611130e+01
 -7.731330754412218e+00  1.213636245514361e+01 -2.445053856319397e+01
  4.498553660764794e+01  9.422449912744469e+00 -1.041172214563913e+01
  3.500115386453611e+01 -1.664112838147096e+01 -1.929539903847749e+01
  4.646442721844025e+01  5.984066986894562e+00 -2.993962735463590e+01
 -8.203455344786658e+00  7.303860447461279e+00 -1.761499192800769e+01
 -4.811295606875446e+01  2.329009311481527e+01 -4.464579601227751e+00
 -1.814814381859214e+02  1.917447716341610e+01 -1.002642334398229e+01
  1.092090214201802e+02 -8.091936337109846e+00 -1.127122629334941e+01
  8.493333447715958e+01 -4.367270344930021e-01  6.371985462166647e+00
  1.187137361430250e+02  1.550109826194693e+01  8.554788370035242e+00
  5.603448169206786e+01  2.097587988967022e+01 -1.354015835294464e+01
  1.471095968456647e+01 -2.434807000030723e-01  1.115959185563654e+01
 -1.548147547472416e+00  6.908301511272317e+00  4.751376140617655e+01
 -6.921936935340977e+01 -4.437625405722947e+00  1.329677329146781e+01
 -1.112504561175321e+02  7.265125603602602e+00 -4.472049823556101e+01
 -5.970186695862948e+00 -2.087853484491869e+01 -9.005787744472707e+00
  2.847542900828986e+01  9.797267499170196e+00 -1.246898110779279e+01
  5.384257331979848e+01  5.177390917405843e+00 -5.509658095883927e+00
 -5.289800472974458e+01  1.075987764189134e+01  7.493178850426601e-01
 -1.153890174965192e+02 -6.338820219194055e+00 -5.150976178623237e+00
  1.706606904746961e+01 -1.203578825011450e+01  2.621103354064418e+01
  5.661151117754673e+01  3.323807849973444e+01  4.129083529295731e+01
 -4.866372724946975e+00  2.587300731464781e+01  4.559527654153067e+00
  2.801510346743356e+01 -1.198552487351205e+01 -1.976648155478570e+00
  8.354930694314690e+01 -1.206196167471727e+01  4.492270354004669e+00
  2.049169066496200e+02  5.877302640937137e+00 -1.013940517649321e+01
  1.977633073402445e+01  2.423085133601866e+01 -9.044868413067771e+00
  7.292035028465546e+01  2.180212105806015e+01  1.600540441143603e+00
  2.044132144006060e+01 -1.279132559750971e+01  1.415886351097269e+01
 -1.509828571563215e+02 -3.177793450402300e+01  8.357346712639709e+00
 -1.656532539647621e+02 -2.165539653307216e+00 -9.190916328167733e+00
  7.408089133899770e+01 -1.588290565017589e+01  4.377437066597780e+00
  8.185004647526712e+01  2.781156496567481e+00 -7.281633130562057e-01
 -3.460329747901915e+01 -1.138362752418854e+01  1.399280549695145e+01
 -1.665604952046760e+01  2.112680538399809e+01  1.545288034796032e+01
 -4.663022042632646e+01 -4.959709006737540e+00  1.125326822585236e+01
 -2.151279069882352e+01 -2.259532077091707e+01  3.818179264394619e+01
 -6.809870099857902e+01  2.627208435712190e+01  3.416582716823269e+01
 -8.885053772918820e+00 -8.837304272309742e+00 -2.425321718584021e+00
  1.769627396658842e+01 -3.786721582214165e+01 -3.627416429760074e+00
  8.457413351624493e+01 -3.248890286607302e+01  1.682582972625574e+01
  1.219249198980474e+02 -2.759256182728668e+01  1.119846971899086e+01
  1.440318812370851e+02  1.567805551006838e+01 -3.153066117140736e+01
 -1.467298769547876e+01  1.291623324124934e+01 -6.347845555131099e+01
 -8.546603935494613e+01 -2.906085860425391e+01 -2.891078294058783e+01
 -1.618471197958216e+02 -2.885272208297533e+00  2.209808629177591e+01
 -1.101382921552144e+02  2.473678283601737e+01  2.311444841280314e+01
 -7.461998429868356e+01 -7.234203822480524e+00 -2.847817416936308e+01
  1.793235774558233e+02 -2.629494585250123e+00 -7.591243417305755e+00
  5.764424841398961e+01 -1.728437020408859e+01  8.224591262033723e+00
 -1.251378042329041e+01 -2.823618252071370e+00  1.051311188511636e+01
 -4.419007014585592e+01  2.096259936990279e+00  1.575308531443986e+01
 -5.159092088847297e+01  2.378095988365891e+00  3.822146318469247e+01
 -7.215448178480196e+01  1.470526295961236e+01  1.543499562473386e+01
  3.566339128333060e+01 -3.091911239256973e+01 -2.209038823321093e+01
  4.290777052035004e+01 -3.665707821873532e+01  5.952031331026646e+00
 -6.459117494600931e+00  1.600131575388748e+00  2.636321822137654e+01
  5.381217658888700e-01 -2.685612932611043e+01  4.825631846625570e+00
  7.387775710958278e+00  1.719082790090969e+00 -1.285084497023555e+01
 -8.742576105639642e+01 -8.353852369265137e+00 -2.634534372537129e+01
 -9.913785242517443e+01 -2.349218371168558e+01 -7.959802377646088e+00
 -3.032511759237338e+01  2.310418262817975e+01  3.178481948398407e+01
 -4.800907767846255e+01  3.077053955727049e+01  2.546122675322295e+00
 -3.506574906472115e+01 -1.261931249872301e+01 -2.336926609275076e+01
  1.048769236480774e+02  1.494491563756739e+01 -1.232480198316460e+01
  5.282256751435931e+01 -6.106403333240072e+00  1.828729691099835e+00
  3.057027764439743e+01  1.266932633816573e+01 -3.896548898760286e+00
 -8.739000018060327e+01  6.879057823806490e+00  6.860579166369243e+00
 -7.371949981439164e+01  1.052650708000736e+01  2.020526032971425e+01
 -1.713825024658496e+02 -5.638124676249303e-01 -5.008752434929676e+00
  2.210584631560046e+01 -2.693559646616988e+01 -2.680788255886047e+01
 -1.038931497281596e+02 -1.024281890726745e+01 -6.190860378873849e+00
 -1.518249600453634e+02  2.656249261234510e+01  2.756633092345806e+00
  4.260464574637882e+01  6.148258776313499e+00 -1.557847537492623e+01
  7.097390552846822e+01 -1.804538992060683e+01 -1.239772745077442e+01
  2.128845780795732e+01 -4.082477175069871e+00 -7.876870380552238e+00
 -6.118137666354291e+01 -8.359900736508646e+00  2.003210345965944e+01
 -6.781495675298679e+01  2.132706629875365e+01  4.945712843622136e+01
  2.105833549887098e+01  2.008085319422576e+01  1.255517664149798e+01
 -5.156943337645254e+01 -1.823035025248780e+01  7.373930854948611e+00
  3.347271699310986e+01  3.432557825869083e+01 -9.629934332218824e+00
  1.987113151315776e+01  5.303179585343486e+01 -2.595746988749608e-01
 -5.915111378843758e+01  5.191182268788513e+01 -1.011914667779180e+01
  5.016719055947725e+01  9.001617446935679e+00 -1.804578772625529e+01
  8.596291889267357e+01  1.055710746140080e+01 -2.392072936115791e+01
 -7.353113242910105e+01 -8.245988054370205e+00 -2.589488004763869e+01
 -3.784578194060813e+01 -2.757038727041395e+01 -1.852878835941659e+01
  1.499158222130746e+01  7.455507316577996e+00  5.638547063922083e+00
  7.584726863438761e+00  2.897319269968332e+01  2.729179842010402e+01
  7.552755747871424e+01  7.527714252278527e+00  4.988544747924458e+00
  7.325779467306828e+01 -2.746297809093726e+00 -6.204478271559217e+00
  1.052454097786367e+02  2.191997427400670e+01  7.877361932126791e+00
  4.175879015946931e+01  1.907738831697422e+01  2.259557611782211e+01
 -4.028421497518973e+01 -9.262595913530006e+00  4.180832749260145e+01
 -8.577868504928553e+00 -4.480972371812532e+00  4.200217208297266e+01
 -8.426048279813617e+01 -1.755729131008797e+01  3.916204807663797e+01
  1.992612260742160e+01  2.824647818936074e+01  7.420538058285161e+00
 -1.731917935130421e+01  6.535992540691927e+01 -2.448630519982666e+01
  6.109283433332521e+01  5.492183971387129e+01 -2.917429882872334e+01
  2.821016964999258e+01  2.520228923807616e+01  1.161696061411116e+01
  4.828255841785849e+01  1.539611367211302e+01 -3.888869668408589e+00
 -2.556346911238676e+01 -2.042260228959825e+00 -4.124235555073744e+01
 -9.850818514255020e+01 -1.222917747039858e+00 -9.329187296756690e+00
 -7.179419366501389e+01  2.033827580007742e+01  2.840609602329224e+01
  4.798530386276120e+01  2.448903732727203e+01  1.976200458991583e+01
  1.026411971552347e+01 -5.981982191497076e+00 -1.690016919183742e+01
 -2.814592563570995e+01  1.299171395404177e+01 -6.213238552355120e+00
  6.272182616956290e+01  2.186734196709052e+01  1.048994301653838e+01
  1.894459496893605e+02  1.593529199048020e+01  5.613925851163211e+00
 -4.550010725927585e+00 -1.313644503352721e+01  2.926702161869239e+01
 -1.497520554689720e+02 -4.418784357674189e+01  5.212236525375016e+01
 -1.348437462212962e+02 -1.642573673283147e+01  3.356310692083659e+01
 -1.827862325013761e+02 -3.919985522737928e+00  3.703992715036313e+01
 -1.492779115868606e+02  1.612497595166245e+01  1.375269230365303e+01
  9.368968895914550e+01  2.194122958016705e+01 -2.329987983964588e+01
  6.589980014885029e+01  8.945425436413631e+00 -1.647685442784356e+01
  3.659989607208941e+01 -6.639940800669256e+00 -2.515394639810040e+01
  2.837635226406463e+01 -1.311767156313857e+01 -4.617648817071478e+01
 -1.180295271318845e+02  1.932533368962158e+01 -2.369150996157439e+01
 -7.126447066658352e+01  1.573969399031274e+01 -6.213859013550926e+00
 -2.070282174620098e+00 -3.509601978176117e+00  3.825543382092747e+00
  1.045147799371714e+02 -8.852600675748182e+00 -3.509885211832978e+00
 -9.403381807858821e+01  1.232215313634838e+01 -3.498286676277914e+00
 -3.532756881770339e+00  1.315005074663468e+01  1.294623974475140e+01
  1.169679578571051e+02  6.075594439475535e+00 -6.829358211547250e+00
  7.151052306465412e+01 -7.318194146966128e+00 -2.106011338369029e+00
 -1.206086649090367e+01 -4.447566211883230e+01  2.738645136161971e+01
 -1.568808832229821e+02 -1.898830032586425e+01  8.250410069264053e+01
 -2.459203563958301e+02 -3.114316389387736e+01  3.158462450499433e+01
 -1.149326755098481e+02 -1.886895090994812e+01 -1.360456879141129e+01
 -3.702677109403430e+01 -2.271671916587658e+01 -5.247843164229965e+01
  3.767284696819561e+01 -6.203163518110559e+00 -5.757220382504825e+01
 -3.292357983102912e+01 -3.518478230589781e+01 -2.400119120086469e+01
 -1.102117748347645e+02 -3.999972965738220e+01 -1.623940526508774e+01
 -1.247703497334666e+02  2.144252083574399e+01 -1.572100946549442e+01
 -8.417730819967082e+01  2.329274529421802e+01 -9.431523288178903e+00
 -2.962049435605150e+01 -1.913558105668815e+01 -1.149944828293726e+01
 -1.144289027232802e+01 -3.351536281173077e+01  1.746104787397114e+01
  1.097456676803207e+01 -6.263363144211612e+00 -3.232130156730555e+00
  1.772611512365094e+01 -1.896088259352322e+01 -3.554805058148104e+01
  8.110932903188903e-01 -5.701946274980787e+00 -2.136435536115907e+01
  1.357207766683773e+02 -2.988807137389138e-02 -9.001495057038564e-01
  2.594527622090584e+01 -3.212918346713566e+01  6.338118891419187e+01
  4.472925281527574e+01 -1.354796298005068e+01  7.876704264075302e+01
  9.159508116506132e+01 -1.389848349389856e+01  6.081763599497140e+01
 -8.702695947254185e+01 -2.372000239451038e+01  3.859872172134253e+00
 -3.607399097899223e+01 -2.596127317619629e+01 -4.349330679039743e+01
 -2.106641339571555e+01 -9.120397404550900e+00 -5.108045286179721e+01
 -1.011725433051849e+02 -2.884231112658397e+01 -9.287886491352801e+00
 -1.885023164048525e+02 -1.666192640309616e+01  2.962160362905602e+01
 -1.392325871384550e+02  2.038120292329849e+01  8.946705379485127e+00
 -1.315276485582224e+01  4.394804798976890e+01 -1.253170128736734e+01
  3.403163279727399e+01 -1.132153583438211e+01 -3.209953213448097e+00
  6.773742474955117e+01 -4.347410186547571e+01  3.091588791451294e-01
  5.377722100544608e+01 -3.257778018860200e+01 -7.687914104944091e+00
 -5.792423927136348e+00 -3.338823980696890e+01 -2.998782842463878e+01
 -2.958987472912409e+00 -3.995766719452256e+01 -3.209345842700347e+01
  6.699363551715102e+01  6.481814385386803e+00  8.461138696447911e+00
  5.909474318728213e+00 -2.292171292953086e+01  5.342701109642236e+01
 -6.247197180519558e+01 -4.871822221006809e+00  7.704021844568025e+01
 -4.588258356417246e+01  5.056050665434015e-01  3.267603681551106e+01
  1.414003184247486e+01 -5.372024189638759e+00 -9.052250152443008e+00
 -7.038406843426310e+01 -8.329819208944309e+00 -3.663169426956378e+01
 -1.117004613164305e+02  2.424857662155139e+00 -5.111846592415860e+01
 -1.205841929818111e+01  7.628599787782131e+00 -1.925120937870379e+01
 -5.613083492825707e+01  1.167454941775735e+01  1.813551212984040e+01
 -7.668523887411709e+01  1.741962763957689e+01 -2.263088204602093e+00
 -4.993276470495509e-01 -9.312365692012214e-01 -3.467786476515893e+01
  5.321014611601569e+01 -3.704083092219751e+00 -3.867653771423734e+01
  4.548035344849239e+00 -1.419317035390304e+01 -3.371311174551751e+01
  3.120813941067930e+01 -3.918961422877599e+00 -2.417590168525327e+01
  1.067016886949034e+02 -2.612912136272872e+01 -3.460685784773985e+01
 -1.072669396675362e+02 -4.862241452558564e+01 -2.321235338028778e+01
 -1.956649182442759e+01 -1.337972565651697e+01  1.843685481894245e+01
 -1.648342640567729e+02  1.758476185008224e+01  6.197878277658219e+01
 -1.501005860739648e+02  1.081002742926072e+01  2.184444085613057e+01
 -9.070869581506449e+01 -8.556168987986380e+00  4.114296482103808e+01
  8.195356206820560e+01 -6.945732219197803e+00  4.442972154172035e+01
  8.215479403343350e+00 -7.723770078317598e+00  7.973319188671368e-02
  3.168731077179903e+01  1.357006007264128e+01 -2.921208675508388e+01
  1.718368284928832e+01  1.923583372335917e+01 -1.580171674976268e+01
  3.752430879860376e+01 -6.473771567253452e+00 -1.530821513896636e+01
 -9.950173821138974e+01  1.527644712623994e+01 -3.180628451727967e+01
  1.578968460684232e+01 -4.022702588992551e+01 -4.291945022158988e+01
  1.139181558748177e+02 -1.574283275567373e+01 -2.723433580277919e+01
  3.186198319453164e+01  8.850381771389788e+00 -4.865836584527615e+00
  5.066218329954334e+01  2.553426752363092e+01 -6.699775376963297e+00
  8.411277670275237e+01  1.068858531170579e+01 -2.853060395413396e+01
 -1.166474942845246e+01 -5.913849152484119e-02 -1.326942850675444e+00
 -6.707745918929697e+01  3.418068646182308e+00  3.546143417233317e+01
 -2.885109318980548e+01  2.947472773828336e+01  2.254576120041786e+01
 -2.142368227841924e+01  1.760898062734330e+01  2.685779563711899e+01
 -1.658120681851105e+01  7.181495352560433e+00  1.567031323320114e+00
  6.467656486284373e+01 -2.626610345359634e+01 -8.674754396849558e+00
  3.411982210291588e+01 -2.857385755173492e+01  1.537266349742431e+01
 -8.808522866968776e+00 -1.239074712292489e-01  7.141643984793042e+00
  7.818378781885265e+01  3.100969994638749e-01 -1.237877994651029e+01
  4.380864799308954e+01 -3.290118235487548e+00 -1.091562307844717e+01
 -2.510299015214400e+00  2.325624130542229e+01 -3.025155635841511e+01
 -7.394273787076695e+00 -6.555787721706016e+00 -3.723073180675026e+01
  6.645627896182728e+01  9.784388261999789e+00 -1.932742832871050e+00
  7.965798011900169e+00  1.601692778192815e+01  2.619735266867342e+01
  3.244078752412593e+01  2.388534283623034e+01  2.851117778447790e+01
  5.986344198595330e+01  4.566469311436895e+01  9.346541917905233e+00
  1.245971501995106e+02  4.880612006134801e+01  3.202418488777168e-01
  6.771179912458973e+01  1.981775154361491e+01  2.370560334328571e+01
  3.830345186200913e+01  1.561773682101396e+01  3.521979295342578e+01
  1.573239998699247e+00  1.413158608098233e+01  5.402609961580263e+00
 -5.230168800611980e+01  1.271356731528507e+01 -2.749872925114302e+01
 -7.654913096436798e+01 -2.481235238121459e+01 -4.588033756790120e+01
  4.133639826142655e+01 -4.943073955765182e+01 -1.423905695045651e+01
  2.553124147732015e+02 -3.389343036375513e+00  2.705803771201269e+01
 -2.291862119430927e+01  1.903295729525029e+00  5.834329602144030e+01
 -4.106031976774014e+01  1.364991922538648e+01  5.678428885073765e+01
 -1.266196055769738e+01  3.659264776425927e+01  8.018502443218871e-01
 -9.655896046069678e+00  3.900483100536614e+01 -4.024771842803392e+01
 -8.709980883479439e+00  6.233796314318002e+01 -4.502592963198028e+01
  6.937713509796944e+01  3.263920528741765e+01 -1.956777712122993e+01
  4.761077681737535e+01  6.981380377411320e+00  5.840699089139607e+00
  4.086686763232076e+01  2.918102379595024e+01 -1.029135826483850e+01
 -1.805820171101300e+01  4.174905760554297e+01 -3.817494619517331e+01
  5.042901171187377e+01  1.810483878448757e+01 -4.496974997632343e+01
  6.994049895214641e+01  1.669839178655098e+01 -1.175918816014505e+01
  7.347900199845338e+00  1.658789448385363e+01  5.423904399066288e+00
 -2.060448520011470e+01 -9.806908523563825e+00 -1.850803649873130e+01
 -1.492200866075719e+01 -3.787509009148934e+01 -4.830465638960510e+01
  1.320683061601014e+02 -2.967113163866685e+01 -3.133614426815143e+01
  1.957398456794973e+02 -1.098133972157474e+01 -4.635300497698757e+00
  2.831485028324001e+01  1.045458121181554e+01  2.167923934955282e+01
 -3.721635808226235e+01 -1.312233744218206e+00  4.670580160143805e+01
  1.853542390025026e+02  1.636987226210310e+01  2.754379384188536e+01
  1.613550360725230e+02  3.913992401036092e+01 -5.921164857925050e+00
  8.381492047160461e+01  4.635693692832184e+01 -1.954685062481607e+01
 -5.290754238748981e+01  3.637403789333915e+01 -1.984982846497269e+01
 -1.843601922673458e+02  1.238557327658856e+01 -2.323315433995327e+01
 -8.050780725262059e+01  1.026515122616630e+01  6.384221376191235e-02
  1.560787799566137e+01  2.314814277887461e+01  3.530785487276859e+00
  4.575680164714884e+01  2.679217307868407e+01 -1.026542727061669e+01
 -4.796429318976003e+00  6.025268462272658e+01  3.087537786384959e+00
  9.494174108322085e+01  2.445251867716854e+01 -2.497770001078199e+01
  6.177142316837269e+00 -2.986339702971242e+00 -3.011794401305106e+01
  3.433773233008146e+01 -3.266152970592923e+01 -1.350893492003984e+01
  6.277970098408937e+01 -1.588821335636494e+01 -4.844904204158656e+00
  2.502718354962111e+01  3.457349760419843e+00 -3.242388300825068e+00
 -2.343901854625459e+01  7.283363396545159e+00 -2.884518587443446e+00
 -1.034392976738981e+02 -3.065330540853106e+00  1.721151467183270e+01
 -1.122363150814206e+01  1.707781565659502e+00  3.780643306394688e+01
  1.071772321935979e+02  1.803498427377273e+00  2.296368045374971e+01
  1.012474204789385e+02  1.152205905161964e+00  1.210993390158861e+00
 -3.857629424377623e+01  1.704547344442139e+01 -3.237867186771212e+01
 -5.917959650085142e+01  2.222519381309871e+01 -2.139154635492628e+01
 -5.730033665769702e+01 -1.370220529257326e+01  2.199077248685301e+01
  5.790593009900310e+01  1.245101083389611e+01  4.015626920100613e+01
  3.888553712534834e+00  3.131785466589679e+01  2.015228345253489e+01
 -3.680040650900868e+01  6.632114587516904e+01 -1.172422652992115e+01
 -1.955023182093975e+01  5.984427987876660e+01 -3.930682830821536e+01
 -1.703373773779698e+01  2.404816126693411e+01 -1.954882182500948e+01
  6.048300095350913e+01  3.787669013831621e+01  1.092599643484005e+01
 -2.254001444838902e+01  3.195939974340923e+01  1.018095582485642e+01
  1.266363826759001e+01 -3.425100774278872e+00  1.528685700565683e+01
 -3.369481206764912e+01 -1.198060671714033e+01  2.045688852710046e+01
 -1.137591221430984e+02 -9.920017909851083e+00  1.378789442922606e+01
 -8.593464043204830e+01 -1.361577932686690e+01 -1.944311515991538e+01
  6.289571739974626e+01  9.913419421974332e-01 -2.705121386899798e+01
  1.232025703751239e+02 -4.595146497984567e+00  2.075048494669349e+01
  1.322742578295627e+02 -1.633909286265101e+01  1.699535082168286e+01
  6.146385734661468e+01  6.629361004205583e+00 -2.442192042165965e+01
 -4.440155052034149e+01 -4.089083325675563e+01 -2.805420030007952e+01
  5.074016757015355e+01  1.254116399345515e+01  7.764757622260884e+00
  2.272525080194186e+01  4.782180761467333e+00  1.497102636971945e+01
 -4.525364569064587e+01  3.647829270801349e+01 -1.818434693049432e+01
  2.585638209688326e+01  9.900383620729816e+00 -1.631840825714250e+01
 -1.023010942410087e+01  1.221699079994166e+01 -3.552438435629409e+00
  9.687581185656940e+01  6.154031889685717e+01 -4.529346717041605e+00
 -5.575212779124139e+01  1.943579784133609e+01 -2.167924431033512e+01
 -1.238037384173619e+02  7.357345997079955e+00 -2.245213828997699e+01
 -7.888582876473728e+01 -1.566696141799488e+01 -4.888768118768708e+00
  4.526034756976355e+01 -2.527112835167459e+00  5.477348133439357e+00
 -1.030304055354072e+01 -1.191477313024654e+01 -4.700539293522716e+00
  3.982942971275762e+01 -1.847131051678188e+01 -6.776995369920419e+00
  7.359576013630992e+01 -8.956017317742155e+00 -6.438274952059457e+00
  2.441730250172199e+02 -1.697517305582543e+01  1.670950863252160e+01
  2.427344782247994e+01  5.525642565429415e+00  2.684000560042020e+01
 -2.662898376676052e+01 -3.583728095682430e+00  1.167574746744861e+01
 -4.595752685444145e+01  1.203290049187241e+00  9.077264340635752e+00
 -1.815521208274335e+02  3.061084370409399e+01  2.217304077999857e+01
 -1.392145427466112e+02  2.841013418024532e+01  1.130075154858610e+01
  3.134588254249870e+01 -2.490500074893265e+01 -8.219835668377399e+00
  8.322363361557612e+01 -1.012580533732666e+01  5.294476084310958e+00
  3.664989638153061e+01  5.738979124396486e+00 -8.308073939659080e+00
  7.122438643378120e+00 -1.420056977898370e+01 -2.675550457517774e+01
 -3.270476774412219e+01 -2.744294800644486e+00 -4.878112297522019e+00
 -4.787582904935254e+01 -6.560956982991200e+00  2.103477432865372e+01
  2.743339038441232e+01 -8.818945809665381e+00  4.194802756302268e+00
  5.216708372303448e+00  1.627300621190117e+01 -1.011587510013463e+01
 -3.667807336368342e+01  2.698588865508125e-01 -2.128934190425674e+00
 -2.181306685207775e+01  2.136216217884937e+01 -2.066558240290126e+00
  1.227288777749031e+02  2.718104237588023e+01  3.069670239953021e+00
  2.076864058053968e+02  1.637780258292327e+01 -1.725598906214875e+00
  2.127360932850194e+01 -2.054531788856879e+00 -8.183717219825565e+00
 -1.259233685716511e+02 -1.148074515867899e+01 -1.036070117238157e+00
 -2.321238537441301e+02  2.220086974119917e+01  8.839779006787136e+00
 -4.435615090682978e+01 -1.037850266771937e+01 -2.440647866764412e-01
 -3.885536431661667e+01 -5.522865551193972e+01 -1.491135031571556e+01
  1.423433860919169e+02 -4.194615149809029e+01  2.273721604546349e+00
  4.780511010078244e+01 -3.860841375975953e+01  1.454913128748136e+01
  1.797659116133950e+01 -3.923719727761906e+01 -6.371091266071241e+00
 -9.120069097834445e+01 -3.743449618377829e+01 -2.561334373659955e+01
 -1.502710732679381e+02 -1.852294621358850e+01 -1.158397042058250e+01
 -2.635717194103336e+00 -3.295535485207792e+01  3.379527786561692e+01
  6.212820394861265e+01 -1.049634460675559e+01  3.343231096805978e+01
  6.206143467171457e+01 -6.450098048670915e+00  2.432912077644520e+01
  4.900072142879198e+01  1.524701695263323e+01  1.272068774702684e+01
  6.752655149377060e+01  3.061162435891568e+01 -1.777546629165602e+01
  2.104022695546172e+01  1.806364771671420e+01 -1.231360180321474e+01
 -4.244787243820744e+01 -2.074060641555753e+01 -1.517720732619627e+01
 -1.040029362325731e+02 -3.830018811233928e+01 -1.571566606146720e+01
 -4.457343437598328e+01 -3.032836287061485e+01  2.035098551387851e+01
  8.444240191900700e-01 -4.330587268572589e+01  1.710475700495728e+01
 -6.992406829930123e+01 -3.802387816879059e+01 -1.477292007484458e+00
  3.153757249965950e+01 -1.230761445026442e+01  1.451262559182100e+01
  5.283757212686363e+01 -2.269727366653814e+01 -5.285348320031961e+00
  1.707884876281315e+01 -2.656390946523861e+01 -3.417139072497579e+01
 -1.396770681202916e+02 -5.089012012406293e+01 -8.739699523749362e+00
 -8.881979577504850e+01 -1.274580371999102e+01  4.667596131446133e+01
 -7.950689530586018e+01 -3.057949766456363e+01  3.131312976921763e+01
  1.858084197576968e+01 -3.595723211606228e+01 -7.383925639267115e+00
 -1.136987714632136e+02 -7.874050107855803e+00  1.275262067856670e+01
 -1.098599846471929e+02 -2.096462150583617e+01 -5.400130038748543e+00
  3.115468077832457e+01  1.453694367851278e+00 -3.413250871961144e+01
  4.132948975878023e+01  5.590036515413100e+00 -2.048441393239034e+01
  3.572120620301395e+01 -1.980838578837946e+01 -2.134383650530969e+01
 -1.323676840053266e+02 -3.893523342013606e+01 -2.931242528517435e+01
 -1.254684827777117e+02 -1.149103905061466e+00  2.648925401138483e+00
  4.251318463161201e+01 -3.664058584748123e+01  1.129968948700970e+01
 -7.921187137857670e+01  3.943035843564219e+00  9.336793859158353e+00
  3.324012247971343e+01  1.204688610517759e+01  1.612076345488587e+01
  3.576288728957419e+01  1.700581287153648e+01 -1.570741008917053e+01
 -1.063451559155610e+02  2.998044215058027e+00 -1.192163964520906e+01
 -8.886540426443197e+00 -3.370669579394375e+01  3.664416471290279e+01
  3.956410371091730e+01 -4.089570505626908e+00  3.625261351135301e+01
 -7.106832950934272e+01 -5.251535267060446e+00  2.505891238194287e+01
 -8.673991454113954e+01 -6.588352336620362e+00  1.644929485973132e+01
 -3.273567264374287e+01  3.634036500529191e+01  6.059400363937181e+00
 -1.835671967787896e+01 -2.114574248665267e+01  3.341312846504254e+00
  9.136139051580773e+01  1.585863373372143e+01 -6.447723084541336e+00
  7.640869360749380e+01 -1.101642300860795e+00 -1.766171920670736e+01
  1.079542266748187e+02 -3.065952059405839e+01 -4.641260016647241e+01
 -1.420885224504755e+01 -1.438058988459003e+01 -1.719398123304004e+01
 -4.973444673817008e+01  4.053184743183826e+01  3.059923262667544e+01
  3.614665988288668e+01 -2.724876263158413e+01  1.374412601691438e+01
 -2.048456965619895e+01  9.719654581354938e+00  4.761066651452882e+01
  4.954398231065657e+01  1.141156380994433e+01  3.640236344042801e+01
  6.381891327114248e+01  4.398390057906053e+01 -2.042764652305958e+01
 -5.584466299859155e+00  2.255370622374142e+01 -5.997384216750343e+01
 -4.777853097499008e+01  1.529395552125386e+01 -1.663079037713099e+01
  1.103998676303715e+02 -1.123870152690680e+01  4.974842787917754e+01
 -8.912893523130705e+00  1.849324891841105e+01  4.497778145658854e+01
 -1.300249667658873e+02  1.149517512041876e+01  1.269728368735812e+01
 -1.148179012243424e+01  1.792855053486305e+01 -8.137977735006340e+00
  7.622398666977858e+01  6.941569020297405e+00 -1.294999481961784e+01
  5.406086500475620e+01  1.009921773357278e+01 -1.792019820330600e+01
 -6.631922171642556e+01 -1.264055009922063e+01 -2.399905777204494e+01
  6.172834421382645e+01 -2.947067565360942e+01 -6.149066824418787e+00
  1.441813747945825e+02 -6.616960343239043e+00  1.487150907268926e+01
  4.745507498968447e+00  8.842629381625351e+00  1.035806179732443e+01
 -1.319277048406070e+02 -2.422280876155408e+01  1.688414078503338e+01
 -1.256078539373601e+02 -1.055976041550275e+01  4.992054783697112e+01
 -1.289677213869779e+02 -1.058261870987441e+01  2.699060068134328e+01
 -3.646539105794574e+01  2.121775788934212e+01 -1.591426667934697e+01
  9.422174627813553e+01  1.888249203731697e+01 -4.314979414357772e+01
  5.930514899901186e+01  2.738958265298427e+01 -4.523549545397422e+00
  4.719050197828048e+01  1.562829171097691e+01  2.749647652097639e+01
  7.978504657930523e+01  2.468181696252098e+01  2.269275124770905e+01
 -1.319396127994641e+02  5.449963776070741e+00  8.815920362584633e+00
 -6.513900903135898e+01 -1.872215350352760e+01 -1.495167435858769e+01
 -8.021839092992373e+00  1.929292011309878e-01 -2.600458507655944e+01
  1.517090567122631e+02 -3.029071950028249e+01 -2.469794570380676e+01
 -8.100076555206209e+01 -2.288042439404193e+01 -1.605303264073403e+01
  2.339640395279509e+01 -1.731849473058612e+01 -6.523225029321732e+00
  1.003236267142780e+02 -4.477631498000402e+00 -4.849959322700807e+00
  2.069493461405245e+01 -3.113248046473745e+01  9.746581936626386e+00
 -2.908805120416604e+01 -1.936741502050042e+01  4.250359332351367e+01
 -1.880985167488724e+02 -4.598362729407224e+01  5.517190799636028e+01
 -1.949915654893267e+02 -2.957285124754620e+01  1.474439258584983e+01
 -9.513581163314441e+01 -2.493184243895719e+00 -2.729331616058191e+01
 -1.474675972235526e+01  8.301634336631842e+00 -4.993979959795226e+01
 -1.716035639376017e+01  2.543405193999173e+01 -1.274704732946263e+01
 -1.807939663666675e+01  3.139543617336544e+01  3.855057671398665e+01
 -6.752388911806656e+01  2.398142388562908e+01  2.978621099136511e+01
 -3.081891538721051e+01  1.449129407997997e+01 -3.513338761376604e+01
 -1.322707190249986e+02  4.434242120214380e-01 -5.789350142017502e+01
 -4.759850273299307e+01 -6.085078657873497e-01 -2.772406072609801e+01
 -2.270638377864719e+01 -4.618954595899548e+01 -1.055725611626425e+01
  6.487888671908982e+01 -3.945347488257499e+01 -3.034192081939446e+01
  3.565205728638307e+01 -1.087768833781646e+01 -3.714919576027920e+01
 -5.456270046962065e+01  7.990234360720345e+00 -2.285499279970581e+01
  1.714131327783031e+01 -1.175810057124163e+01  1.003935366518959e+00
  9.755283796988865e+00 -1.937482195946282e+01  5.302092982456145e+01
 -3.339096556460503e+01 -3.408611534791213e+01  4.938990104654783e+01
  9.985097871395122e+01 -2.511972392501891e+01  3.839168923721387e+01
 -2.906393675001316e+01 -4.513928017027030e+00 -6.572395165671537e+00
 -3.939216995037439e+01 -3.588115476196209e+00 -2.131783105306558e+01
 -6.874706913764550e+01  1.307195237320979e+01  2.055161699281601e+01
 -1.278702207057009e+02  2.726816128629688e+00  4.204186054875105e+01
 -1.908642355159506e+02  8.718223802603941e+00  1.556155595468906e+01
 -1.107119100177262e+02 -1.215192109580700e+00 -3.723866833988125e+01
 -1.114536472534146e+01  6.282149055993689e+00 -6.224833286014038e+01
 -1.594963707478059e+01 -3.038766618428451e+00 -4.814610006959779e+01
  2.878301847602512e+01 -2.446670169393981e+01 -1.827468628732078e+01
  3.160851504343685e+01 -2.213492560333226e+01 -8.282567847871844e+00
  2.759186023270973e+01 -5.032088252418973e+00 -2.486766121399155e+01
 -5.992859645979625e-01  1.150224143320333e+01 -1.993720994678122e+01
  2.764704041518667e+01  2.699961335258864e+01 -1.924314808775973e+00
 -3.655642545409232e+01  8.964672625737576e+00  2.610451112938545e+01
 -8.735336173747493e+01 -4.898613142475613e+00  1.987978285925845e+01
  2.864390550856857e+01 -1.862433874702838e+01  2.429095581121836e+01
  5.920210951076832e+00 -1.380440253827310e+01  8.475343189113097e+00
 -3.208424373069109e+01 -1.491344468670881e+01  3.171586528760560e+00
 -7.844017373368368e+01 -3.668542855574916e+01 -1.347627120409625e+01
 -9.828885719225175e+01  9.030540204218585e+00  2.884566418456007e+00
 -3.821026203699817e+01 -8.039997404602634e+00  1.442574991108614e+01
 -2.735049094640303e-01 -2.456626858050400e+01 -3.851553305861466e+01
  3.036011910862159e+01  1.333037073073373e-01 -6.094918367569733e+01
  9.028904691617630e+01 -1.595888165193267e+01 -2.717050579694720e+01
 -3.678272736526075e+01  2.349545074699358e+01 -2.257574162254163e+00
 -1.271491747490148e+01 -2.396524696944531e+00  5.623907379976232e-01
  5.391864425620668e+01 -2.849669145658346e+00  1.534462047802596e+01
 -1.108556133285654e+02  1.243313673505368e+00  2.810189894373256e+01
 -3.745133580441244e+01  2.768170983307614e+01  2.016179707056899e+01
 -1.850434750108329e+02  6.372513020899180e+01  8.278904881401616e+00
 -1.544156480995429e+02 -1.433673024080223e+01  8.655760793962102e+00
 -9.117779618365742e+01 -3.800364346120937e+00  1.575703593757585e+01
  6.859224936555559e+01 -1.998066462912538e+01  1.450407767276695e+01
  5.124716280864936e+01 -1.450884057171454e+01  1.376693165811567e-01
  4.829396807022536e+01 -2.789630193856991e+01 -1.715113072475291e+01
  1.179244685581133e+00  2.532051274295342e+01 -2.403863140372062e+01
  1.415228978303696e+01  1.966937159240965e+01 -1.833701605865663e+01
 -9.345930184325422e+01 -1.161363578767294e+01 -2.234811733949521e+01
 -1.230936558075733e+01  8.177410380828846e+00 -4.485283434881188e+01
  6.858503972194799e+01  5.740386462531996e+00 -1.774401435312746e+01
 -1.103583381055287e+01  5.490727392403176e+01  1.545975690089656e+01
  5.789580862823138e+00  2.449530557052527e+01  1.856862143051070e+01
  5.118122184565483e+01  2.004249861210352e+01  1.578876245246763e+01
 -1.196903811937918e+02 -7.951313834763554e+00  1.048803713254055e+01
 -7.755909837333263e+01  2.306656633862073e+01  2.199729570048495e+01
  2.535618536679041e+01  3.846324169721478e+01  1.524407166749182e+01
 -6.770657304317388e+01 -1.188686238907627e+01  2.099318449703383e+01
 -4.314488140265014e+01  5.429081975631799e+00  2.129450356270778e+01
  4.273649582581697e+01 -7.756050574458321e+00  8.679626207473778e+00
  8.022218654489637e+01 -6.122674302355044e+00  1.281223207517121e+00
 -3.900091931255199e+01  2.023695673915600e+01 -1.802619173628950e+01
  4.958568874424322e+01  2.977588366630582e+01 -6.244470811057629e+00
  5.257945579957049e+00  4.575886116853233e+01  7.562933451861688e+00
 -2.651368797011462e+01  2.341499696063983e+01 -6.646690665248919e+00
 -5.247852567965207e+01  3.303136557314677e+00 -1.713306368405105e+01
  3.478552510602110e+01  3.398585360521587e+01 -2.694935692303743e+01
  3.594591767419540e+00  2.679294591752327e+01 -1.431328153349809e+01
  7.467828683550022e+01  3.534164296860406e+01  1.347800426270839e+01
  9.547953573658944e+01  5.326194975743668e+01  1.391250652532161e+01
  9.236256050281612e+01  1.008103722878201e+01  8.246013011583246e+00
  5.503523570767004e+01  2.124372767480745e+01 -1.511843778209961e+00
  4.543021834714568e+01 -1.787434707303292e+00 -4.295355695530260e+00
 -5.100703228028097e+01 -6.580698740130471e+00  3.617036522007366e+01
 -5.736896122466003e+00 -8.438857518972046e+00  2.947234623435445e+01
 -2.819636564171518e+01 -8.348268618610563e+00 -4.599358903440010e+00
  5.751367292451671e+01 -2.735050649585087e+01 -3.821479161153024e+01
  1.626001105830012e+02  2.072360479547101e+01 -1.189475611387728e+01
  2.618696442454894e+01  2.063891384871747e+01  3.902878033709206e+01
  1.235824330378626e+01  3.269643170878074e+01  3.535600581242152e+01
  1.056875929417115e+02  2.487064782132850e+01 -2.318473242325014e+01
 -3.023481241340070e+01 -1.422129101661397e+01 -4.779446646880228e+01
  4.587295859509103e+00  9.652270234084618e+00 -3.584810894949941e+01
 -3.697985588131993e+01  2.309906113604378e+01 -1.443242004692855e+01
 -6.327400953077630e+01  1.706246702715730e+01  2.199791925217067e+01
  5.043818449071635e+01  4.036636939927550e+01  2.797545715169677e+01
  2.305593544468884e+01  1.159729913037364e+01 -1.767504360271733e+00
  5.016677715746349e+01  9.298964297612276e+00 -2.537182947326533e+01
  2.101646125211295e+01  6.708527290943129e+00  3.925088698812848e+00
 -3.554792639747988e+01  2.067370080016025e+01  4.427468182593454e+00
 -5.142747056802989e+00 -8.208341311825285e+00  2.264301779158437e+01
  6.760152297610912e+01 -2.604066880854044e+01  6.748556522707286e+00
  8.842160030391426e+01 -3.737982010430547e+01 -7.590504913682850e+00
  1.299616672888887e+02 -2.645847843194724e+00  1.391847499883238e+01
  4.269036516484387e+00 -4.156914205675432e+00  2.519204662493525e+01
  4.933915828848474e+01  1.313609284018934e+01  3.275619664844077e+00
  1.878403058768066e+02  1.860471746721848e+01 -1.121562263016754e+01
  1.085609048450518e+02  2.213458375529159e+00  1.045101546826232e+00
  8.730903768185814e+01  2.251493038655536e+00 -1.287734326807941e+01
 -7.722251336470973e+01  4.473588683667305e+01 -3.120202030862483e+01
 -2.152611691813333e+02  2.990755436168178e+01  1.663273909117321e+01
 -4.528057854845119e+01  1.117630681828396e+01  1.908473396564598e+01
  3.526220965170357e+01 -4.603890033133847e+00 -3.618724956204552e+01
 -1.556573259065553e+01  1.484083159482978e+01 -2.489791425496860e+01
 -6.108955393186653e+01  2.484700215072029e+01 -4.197062815861534e+00
  6.948358469000776e+01  7.148819430892766e+01 -7.235143763429238e+00
 -1.966337988879592e+01  2.767369505147664e+01 -6.806927215553434e+00
 -4.890441342441194e+01 -1.350462462314578e+01 -1.238267088789509e+01
  1.047391218886176e+01  7.002647693860457e+00  1.724103356433055e+01
  8.672695796143007e+00 -4.930819799981659e+00  3.043924245466927e+01
 -3.392785617753839e+01 -2.516179402882129e+00  2.157287161561034e+01
 -6.163681507913108e+01 -1.020673087930426e+00  1.706017512415100e+00
 -1.107776195688720e+01  2.164759619020193e+01 -1.224390267217345e+01
  1.298469529403918e+02  2.447395275140803e+01 -1.304192163897679e+01
  9.189928571658827e+01  2.472184389391987e+01  1.113250136738812e+01
  1.520274317148815e+01  1.848560025418277e+01  9.155972092829089e+00
 -5.412569168376120e+01  2.032577717249645e+01 -2.558518618710858e+01
 -8.791092929830769e+01 -2.458795731843112e+01 -4.219304674282810e+01
 -2.658320258467400e+01  1.102581301820400e+01 -8.641799150658780e+00
  3.790017137080106e+00  1.763775272130053e+01  3.162494332740172e+01
 -3.266745580519182e+01  4.002174566787443e+01  1.404801032351189e+00
  1.167491993760790e+01  1.795545262438313e+01 -1.343320220207059e+01
  1.359654839036947e+01  2.145124216531585e+01 -8.851907737478104e+00
  2.549617772625874e+01  1.621181015188330e+01 -5.396777893902961e+00
 -3.709793875790157e+01  2.755864679920732e+01 -7.394085812020506e+00
 -6.498842695789736e+01 -1.859007857350696e+01  2.040237548513920e+01
 -3.336433162557610e+01 -4.362361401866240e+00  2.096814259730434e+01
 -1.269378989101621e+02 -5.366675999263681e+01 -1.137539739947298e+01
  8.380117133418681e+00 -4.174071820456098e+01 -1.960640202481902e+01
  1.040871110631357e+01 -3.933478588328706e+01 -1.729026281458154e+01
  1.097506559071687e+02 -3.135424345851543e+01  4.831122490468497e+00
  1.259802651326965e+02 -2.419733702412726e+01  1.506198121330190e+01
  7.263350105291346e+01 -1.988221754144319e+01 -5.616857733048385e+00
 -3.530917733155049e+01 -4.505251709148779e+00 -2.617663246562957e+01
  6.626267089542358e+01 -3.922547955789624e+00 -7.060767541233339e-01
  9.148370293821344e-01  3.812941926215336e+01  4.877710883465555e+01
  3.722839418055108e+01  4.126000345637581e+01  2.694525773115551e+01
  6.822222746412635e+01 -8.924905294277547e+00 -3.072821958165260e+01
 -1.121289179743374e+01  2.836629464765538e+00 -2.501546491890315e+01
  1.230126313651699e+02  2.606748831153698e+01 -2.202814731243075e+01
 -5.685137010120147e+01  9.368433038427307e+00 -3.660580061719045e+01
 -1.591391113260978e+02  9.821101548196975e+00 -2.403481442032125e+01
 -1.163826781249373e+02 -8.438723012259338e+00 -1.211337576620132e+01
  1.932973448113181e+00 -3.038311381399643e+01 -1.804921593102154e+01
 -4.586308353422827e+01 -3.568660333435428e+01 -1.403808046349463e+01
  1.711806618200740e+01 -2.019934817117391e+01 -6.404659386242638e+00
  7.253343374071846e+01 -2.609529918583720e+01 -9.716427355489763e+00
  1.965336432519784e+02 -1.705079022209168e+01  1.781039074101873e+01
  5.967160226154865e+01 -1.974016272120119e+01  3.862057002950377e+01
 -7.884327116751626e+01 -1.395014470331226e+01  2.571048306895779e+01
 -1.427479438104794e+02  2.253501086457617e+01  4.815452773517188e+01
 -1.914100220187479e+02  4.320854359135637e+01  3.879832701437254e+01
 -8.993201130196421e+01  2.045280802960584e+01 -8.211804450716059e+00
 -3.994476838793822e+00 -4.079414568987400e+01 -1.574593794120328e+01
  1.559375702590509e+02 -3.563973356841646e+01 -1.249325954902430e+01
  1.348720780551606e+02 -6.624027548173018e+00 -4.938383466908131e+01
  4.197706265456267e+01 -2.130768805475288e+01 -5.491219382505120e+01
 -3.733550798100077e+01  9.471722816898591e+00 -2.732628871788426e+01
 -7.635693044397861e+01  4.658585026240716e+00 -1.064715831561096e+01
  8.398711879747243e+01  1.404745286749055e+01 -3.164873416443630e+00
 -1.606788373733352e+01  7.734492173454939e-01  1.238255462902334e+00
 -7.572438805744019e+01  3.015465594786542e+01 -2.567463328701808e+01
 -9.035912334071705e+01  1.434769839414510e+01 -3.987576177261058e+01
  8.501921674665789e+01  1.915331971684154e+01 -1.008191173251789e+01
  1.586383141997568e+02 -1.319737740264053e+01  2.176158620891262e+01
  5.110174885491464e+00  3.494325588071488e+00  3.003461151645081e+01
 -1.422773709925143e+02  3.477456631020110e+01  4.153195377220959e+01
 -1.766975346899121e+02  9.111226995469814e+00  2.648558071969391e+01
  2.371369642990225e+01 -1.820282648345825e+01 -2.146070950973124e+01
 -5.723700616527922e+00 -4.966464707588757e+01  2.273012723411015e+01
  1.116574716031132e+02 -5.518245491478128e+01  1.764873808647414e+01
  3.858651398586926e+01 -3.240990164265563e+01 -8.390025091904791e+00
  1.422915134796742e+01 -4.177906621557704e+01 -1.385734225200913e+01
 -1.006589722711650e+02 -5.376449603235876e+00 -1.274184723719345e+01
 -1.752548755052761e+02  7.841198758837908e-01 -8.688922208057667e+00
 -4.135578862418658e+00  3.910284294474637e-01  1.413644749763355e+01
  6.669833113684470e+01  1.373223258174872e+01  1.821018026641130e+01
  1.219853857678824e+02  3.851851136604854e+01 -2.032842515214259e+00
  8.214157366329439e+01  3.328742963436074e+01 -1.655900940977779e+01
  1.016449696048667e+02  2.935196330938049e+01 -3.880880449448028e+01
  3.708431597017025e+01  7.042465495098975e+00 -1.477559799140102e+01
 -1.258472508627425e+01  1.697326262069637e+01  4.108879521329517e+01
 -3.152808216821199e+01  1.553959465191290e+00  3.117459300059481e+01
 -1.000566232567301e+02 -2.454666986926956e+01  7.947472391130418e+00
  7.969566932567534e+00 -4.862300336661193e+01  1.077668350514187e+01
 -1.177353090655830e+02 -1.952174265164822e+01 -1.275049211555438e+01
 -4.003618562009606e+01 -3.993389612647334e+01  1.805323738848451e+00
  5.179011058658307e+01 -2.533725487816665e+01  1.222087721228189e+01
  8.282530399221166e+00 -1.601877065762427e+01  1.062245487384053e+01
 -1.192098427923829e+02 -1.100988469391058e+01  5.209955460667905e+00
 -1.210679654601255e+02 -3.707241101467168e+01  1.168908962255407e+01
 -3.540092582103430e+01  1.803746599535295e+01  3.981547561270499e+01
 -1.336703610058846e+01  1.510742587471396e+01  4.667127853844232e+01
 -5.425257168426668e+01  6.311983984235300e+00 -6.685022128460583e+00
 -1.713710136962914e+01 -9.948066694283147e+00 -2.377752849654241e+01
 -2.524010591042276e+01  8.436579001684898e+00  2.395877722293042e+00
  5.814879838346014e+01  1.297156929978350e+01  1.670928196348957e+01
  9.120207534770502e+00  5.889683218659371e+00  2.766130625703997e+01
 -1.263881738072872e+02 -2.090851724821673e+01  1.333711135951440e+01
 -1.512841316304925e+02 -4.318331770972260e+01 -2.429505023222101e+01
 -2.844581017615522e+01 -4.612724294737239e+01 -3.348408381139512e+01
 -7.635762249252808e+01  1.594593808924350e+01 -5.128468618321136e+00
  9.545814352091741e+00  3.082125848516100e+00  4.963847874800642e+01
  9.738175659731030e+01 -1.942231020622428e+01  5.262407611518649e+01
 -4.435491315462806e+01 -1.627266987103268e+01  1.108762933874606e+01
 -4.946234479877393e+01 -2.162312989976847e+01 -7.477749987528238e+00
 -3.738316884916621e+01 -4.039897188872964e+01  9.083356196944848e+00
 -9.911828613957570e+01  3.053023133838551e+01  4.161453481896375e+01
 -7.326060819677397e+01 -2.419616635376632e+00  3.172766365548000e+01
 -2.836960206898630e+01 -1.966082782573761e+01 -6.177823893102129e+00
 -3.572181465452721e+01 -3.074735202542639e+01 -2.862130609095974e+01
  1.105874267626102e+02 -1.885412306517659e+01 -1.588634867025231e+01
  1.094040440281307e+02 -1.432872006123457e+01  8.767746938987104e+00
  1.098259031003994e+02 -1.994648456985962e+01 -4.258342404338263e+00
 -1.081370837016946e+01 -3.595778939682310e+01 -3.294935561348495e+01
 -5.352007244073151e+01 -5.151355164894308e+01 -3.777502051203683e+01
 -2.213406141081980e+01 -1.053636123768451e+01 -3.119935632514841e+01
 -2.768149004646652e+01  2.991656366728752e+01  8.357517521238780e-01
  5.454716484517724e+01  6.535276495779863e+00  7.346081222918031e-01
  9.612114409133252e+01 -3.241168998724924e+00  9.373516582387438e+00
 -2.481773851946202e+01 -4.354945438777655e+01 -1.312842710251544e+01
 -4.902442810087167e+01 -1.301330259044041e+01 -2.249745343961797e+01
  1.907883735006871e+01 -3.687517399843252e+00  3.437085592969242e+01
  2.764272017015164e+01  7.428569405995863e+00  6.958298776550136e+01
 -3.432882739544228e+01 -2.626588807601965e+01  2.609851616060225e+01
  4.763280758703567e+01 -2.861755173376927e+01 -3.066771805957085e+01
  1.233964958964979e+02 -1.978739883909396e+01 -6.006798838283517e+01
  6.012116301976263e+01 -1.441116667373205e+01 -4.774095909019817e+01
 -5.615574015446957e+01 -2.388083717710893e+01  1.529103837422760e+00
  5.367864087208061e+01 -3.077994343323657e+01  2.739572783616866e+01
  1.047279846263788e+02 -2.905371774548978e+01  1.177990670269754e+01
  5.565830579166877e+01 -1.514734184386921e+01  7.853015987934977e+00
 -8.897784106310688e+01  1.194477775850291e+01  1.281829406737315e+01
 -9.762931874624935e+01  3.197517420772454e+01 -7.172451063973639e-01
 -9.907240755485948e+01 -2.301315154083744e+01  4.276707605942827e+00
  3.429747475348240e+01 -5.546103228442829e+00  5.756215412978547e+00
  7.159930822800581e+01 -3.295862301969352e+01 -8.161571189620192e+00
  4.729977930718215e+01  1.745417437321744e+01  4.982677224637970e+00
  3.915715918216389e+01  3.750055791226888e+01  2.505645178624042e+01
  7.378527663936880e+01  1.594206060683415e+01  1.805407474629522e+01
 -1.095646044563468e+02 -1.424964203041448e+01 -4.244228699841355e+00
 -6.764774377425712e+01 -1.243600167899996e+01 -2.410869245460052e+01
 -1.093830464411645e+01 -2.350903069175184e+01 -4.731069906533725e+01
  6.496049133155981e+01  2.077872052598417e-01 -4.168393640163490e+01
 -5.936604867668677e+01 -3.114907938629792e+00 -8.589127809868003e+00
 -1.670427709719177e+01 -1.244918248975190e+01  7.577966111210436e+00
  5.879480191391978e+01 -6.784213676970618e+00  2.160212771183035e+01
 -1.183642159718213e+01  1.215645643975413e+01  3.313310269254751e+01
 -6.842206334310752e+01  9.808850076805935e+00  2.036450188569011e+01
 -1.564611045051988e+02  2.005965954938637e+01 -3.150265421058769e+01
 -1.229893999920927e+02 -3.253519020214417e+01 -1.621065427729133e+01
 -6.195309703498520e+01 -2.001340628354047e+01  6.963383209493879e+00
 -9.089931732025534e-01 -1.723036325793974e+01 -6.871379793076228e+00
 -9.564998580365413e+01  2.694254502717504e+01  3.030136230038811e+01
 -4.031228064532876e+01  5.010422184077920e+01  6.057422414029389e+01
 -5.513575215319914e+00  2.198249025120462e+01  2.920174172608245e+01
 -1.894905219007281e+00  2.658515473430997e+01 -2.672219352445043e+01
 -1.045714292003657e+02  6.491092354266959e+00 -3.437049731967547e+01
 -3.422405055453121e+01 -1.670549770664381e+01 -3.639981723962711e+01
  2.828624908193687e+00 -1.048062091052865e+01 -4.021750282188471e+01
  1.393497884462176e+02  6.518709030739104e+00 -1.318012466223569e+01
  1.224121038753987e+01  6.017159467754497e+00  6.627561294953181e+00
 -5.939867310324015e+01  2.592150363785217e+01  2.582878077074321e+01
 -6.062830266825927e+01  3.056107155560649e+01  4.087615546622440e+01
  1.577186084567098e+01  2.696988225927626e+01  2.086071423063784e+01
 -5.988648425254534e+01 -7.011401532282559e+00 -1.016809513018089e+01
  7.727794268131001e+01 -1.620294060867457e+01 -2.929171749993197e+01
 -3.734585066485178e+00 -2.583580171879617e+01 -4.005913934312508e+01
 -9.377976485306380e+01 -3.593266475659898e+00 -1.212046478013876e+01
 -7.848639467536711e+01  1.671092513405570e+00  7.362257112253555e+01
 -6.602992216716459e+01  2.366635202465522e+01  8.997782049880254e+01
 -7.606337438248954e+01 -1.251321578026654e+01  1.119780084536082e+01
  8.052043705259095e+00  1.173688503726996e+01 -6.945902843900180e+01
 -3.129516953476120e+01  9.515765993810881e+00 -9.117881126114005e+01
 -9.751558562703229e+01 -4.080513245145681e+00 -4.720780250896397e+01
 -5.335352476882275e+01  1.097313954843749e+01 -2.615991086600236e+00
  2.224804467768596e+01  1.887360034475723e+01  8.263535321431789e+00
  8.482670800863126e-01 -7.591598332836121e+00  3.654413056043005e+01
  6.696065131081408e+00  4.712583536214662e+01  5.956432101802545e+01
  2.134764548221734e+01  4.211047583602307e+01  4.734852787762617e+01
 -7.822458205750672e+01  2.097224344359733e+01  2.496432997468305e+01
 -8.272313706108736e+01 -2.951244402758803e+01 -5.541215159004798e+01
  1.436917235961424e+01  1.815410895129011e+00 -3.085975241677767e+01
 -1.461728802355776e+01 -2.149082572810222e+01 -7.108756978075423e+00
 -5.542211279703793e-01  3.590837113547615e+01  2.306971629842997e+01
 -5.043667204127733e+01 -1.118523608085494e+01  5.811163482652911e+01
 -1.439459419300183e+02  1.725807254620794e+00  3.999200697138475e+01
 -4.764037115645031e+00 -2.090550925530016e+01 -4.070736671502630e+00
  1.556637553222680e+01 -1.731975594299517e+01 -3.380531002231361e+01
  1.961995947358680e+01  2.564900694318147e+00 -4.753524183979606e+01
  7.543997379541142e+01  6.401354756089233e+00 -4.669936388562112e+01
 -5.762802993244892e+01  4.998288463210897e+01 -2.073131233877708e+01
 -3.019487424134590e+01  3.226901710143648e+01  1.420117699783743e+01
 -3.345129949955282e+01 -1.126025781037483e+01  3.537378222697431e+01
 -5.736341270577114e+01  6.081670891857108e+00  5.211185945396370e+01
 -3.048472653101580e+01  3.648041935818738e+01  2.572202432153597e+01
 -7.290038930383356e+01 -1.513514271120762e+01 -3.366109144006325e+01
 -1.280806259497415e+02 -2.135149092187062e+01 -1.631749226871003e+01
 -7.546972731758436e+01 -4.641650461241116e+00 -4.494596030396901e+01
 -4.491921436536398e+00  2.262680272823894e+01 -2.634382666088000e+01
  5.713993204214126e+01  6.228988381381392e+01  2.905704012472098e+01
  1.965723515668958e+01  2.730248055159272e+01  4.928848780752369e+01
  2.381987124000880e+01  3.251462170861406e+00  1.880726703113145e+01
 -7.001208113381694e+00  2.247057129581956e+01 -8.458078108042713e+00
 -4.274931978502061e+01 -9.953327191113539e+00 -1.594206111346023e+01
  1.331803328491793e+01  1.052046965141590e+01 -2.631959533022408e+01
  5.089513734625621e+01  3.324737007181611e+01 -2.515822319487890e+01
 -7.992487027279699e+00  4.207097150680713e+01 -1.717693309221423e+01
 -1.538912281424345e+01  1.791480674022258e+01 -4.634180082496108e+00
 -8.727792394304441e+00  5.743640157999480e+00  2.949806451015110e+01
 -1.313551275803264e+02 -2.215212801480033e+01  3.620130320822076e+01
 -4.948668368947193e+01  1.701558928572750e+01 -7.370718920724258e+00
 -1.256604939229634e+01 -1.631700172709101e+01 -1.658527773238947e+01
 -1.280596809459342e+02  2.157268346860119e-01 -3.974729110181212e+01
 -7.972754993246578e+01 -1.938431764729247e+00  5.198597665345115e+00
  3.476467831997206e+01  6.324086480664155e+01  3.554006706116459e+01
  1.281012980863965e+02  3.530624046890173e+01  4.410291615313336e+01
 -2.910326589467221e+01  5.315139552837539e+01  4.388212831691391e+01
  5.982594026829181e+00  2.152669431252339e+01  2.586317350561060e-01
  9.257844604009250e+00  3.871328307194032e+01 -3.539121603942625e+01
 -1.183806611017398e+01  1.398758752082521e+00 -1.856909396829121e+01
 -4.306554840109843e+01  1.479519312460777e+01 -1.282581505501681e+01
  9.958999891907949e+01  7.051315149939992e+00 -3.037003783144987e+01
  2.489822838917636e+01 -1.802055597556252e+01 -2.019614865770469e+01
  8.392180914036155e+01 -1.349989893710656e+00  1.565891218978491e+01
  1.256267487281910e+02  1.212749749774157e+00  3.293439060072100e+01
  8.635974660277660e+01  7.164427267373436e+00  1.555776058706177e+01
  1.111579963192052e+02 -1.976088449327802e+01 -1.704077175154510e+01
  2.906904409750989e+01  9.531059857317112e-01 -4.468234315734567e+01
 -8.434675602192064e+01 -1.272530145346177e+00  7.890117773035790e+00
  3.242394195032704e+01  3.337810321243420e+01  5.061057710465725e+01
  5.756253692236765e+01  4.059139857667188e+01  3.343863772930464e+01
  1.193559951958550e+02 -5.163217241448304e+00  6.247952853469910e+00
  7.026385957010453e+01  3.795631058275112e+01  3.465345102625830e+01
  3.100553716934103e+01  3.192384904200269e+01  3.511209805524278e+01
  5.334325758763622e+01  4.128973155496799e+01 -9.265697034562761e+00
  8.418647276774766e+01  2.933470843152587e+01 -3.997100352340807e+01
 -1.212588886401554e+01 -1.558074492722129e+01 -1.722807998970853e+01
  3.113384963285925e+01 -3.009756153748959e+01 -2.077593558706011e+01
 -1.273517973097576e+02 -4.201417366863798e+01 -2.974698423520023e+01
 -1.421415510764112e+02 -3.699075492680355e-01  3.987334934593404e+00
  2.409343488717185e+01 -6.498105042079661e+00  2.503021378683695e+01
  1.293468684990547e+02 -1.684070753717655e+01  1.766822461855000e+01
  4.788404827664097e+01 -2.307464200983929e+01  9.751565731425710e+00
 -3.006524403880675e+01 -8.991313745682739e-03  1.643976331344705e+00
 -8.895813708384243e+01  2.171147972000318e+01  2.587024169469614e+01
 -1.701962898179322e+01  3.238265723343505e+01  3.487297585947275e+01
  7.999707780396588e+01  1.257844613946308e+01  2.239662813533548e+01
  8.443203256873304e+01 -2.443551390883394e+01  1.308129205003651e+01
  6.009166198118645e+01  1.496597677623073e+01  4.227068427948597e+01
  1.868281437835218e+01  1.154081687416401e+00  3.789441118817894e+01
  1.166316761891458e+02  1.162169024085091e+01 -7.238462268336026e+00
  1.564681228762027e+02  4.014577409134692e+01 -4.137128726425718e+01
  4.325940801596045e+01 -9.020646018980926e+00 -4.920168469907890e+01
  6.739297231319588e+01 -1.836882678841591e+01 -9.991797299361814e+00
 -9.240174433067031e+01 -9.004518000259017e+00  1.961043810020630e+01
 -2.804077168106606e+02 -6.900628414413164e+00  1.276220686035082e+00
 -2.876682323080568e+01 -1.732651315297647e+01 -5.634649440977801e+00
 -2.152506610615983e+00 -3.652324118616887e+01  2.619731603697444e+01
 -4.103701117409656e+01 -1.355658441752323e+01  3.279456767539029e+01
 -8.241259704556899e+01 -4.850997481810576e+00  1.890863221964273e+01
  1.899376741366251e+01  4.033441269933242e+01  3.432987622324866e+00
  2.718307084182347e+01  1.188067412771512e+01 -4.693166237937668e+00
 -4.812072167797793e+01  9.252864840951741e+00 -9.914823516547591e+00
 -7.540103743693186e+01  4.339994107828028e+00 -1.045593701861961e+01
 -3.335104317388490e+01 -1.647244185619262e+01  1.619215118888431e+01
 -3.274013858074409e+01 -1.424154581948368e+01  2.228047631125369e+01
 -4.750272538956663e+01 -3.046861104629345e+01 -1.079931646878945e+00
  2.012877885930376e+01  6.189563586937451e+00 -2.527158809034878e+01
  1.430198268264550e+02 -7.332981938886219e+00 -3.098676732591094e+01
  8.326807610405442e+01 -2.036870820730409e+01  1.434808378481604e+01
  2.811415073669316e+01 -3.226189847552806e+00  2.460979510996711e+01
 -2.082332289010976e+01 -1.972892930710256e+01 -1.013213789889801e+01
 -1.242677953564093e+02 -9.539435722333451e+00  5.206492303105076e+00
 -1.156087091475034e+02 -5.945823094524699e+00  1.785189568189694e+01
 -7.521082119214318e+00  7.277807082214837e+00  2.030103451089692e+01
 -3.014659687553692e+01  2.106301593116189e+01  2.383331171367820e+01
  2.616335831626397e+01 -3.781134521703953e+01  5.144110348022177e+01
  3.544002251059863e+01 -9.476935158940901e+00  3.790739620060969e+01
  4.967789509054943e+01 -3.568667913422951e+01 -1.262611180052068e+01
 -1.698451049618424e+00 -2.405104147990952e+01 -1.950619287365941e+01
 -1.040644346579700e+02 -8.505281710374915e+00  3.299658847752713e+00
 -4.733455848274880e+01  8.923792863503571e+00 -1.800224004092470e+00
 -6.240472294128364e+01  8.974967433741126e+00 -2.028052318218455e+01
  2.201342611680460e+01  1.992101613264806e+01 -2.865648110717144e+01
 -2.833928202017800e+01  7.334298124708765e-01 -3.020003616793140e+01
  4.900128277720120e+01 -1.193776335432517e+01 -1.534732325640197e+01
  3.452072984410168e+01  1.381981593823750e+01  2.967815545111029e+01
  8.992664290987520e+01 -4.479866430008818e+01  5.357133104039075e+01
 -5.708874413317508e+00  1.310812740700401e+00  1.834907595340432e+01
  3.911685533942425e+00 -1.501512129404160e+01 -9.127430904648323e+00
 -5.327480678901762e+01 -4.051306930296585e+01  2.850345639539538e+01
  4.490889941453560e+01 -1.812016889345203e+01  5.112370388222102e+01
  7.918353228592512e+01 -1.871742026577073e+01  4.135039008160158e+01
  6.204430176089691e+01 -1.638970671371410e+01  2.608934942660667e+01
  1.303511408120613e+02 -5.508703735194091e+01  1.602799566479755e+00
 -4.254577442593897e+01 -9.832519138470968e+00  3.159346130988157e-01
 -1.921043858131744e+02 -2.087107218736810e+00  2.174120819090062e+01
 -5.295548612243044e+01 -6.426471237461245e+00  1.174493586060323e+01
 -2.172191259653756e+01 -1.750603228967393e+01 -1.622854578673539e+01
 -4.280704433957721e+01 -3.736611872604221e+00 -1.621454420274053e+01
 -9.004891614469253e+00  2.173040094685565e+01 -3.010317843136927e+01
  8.584840804496315e+01  1.441148449578195e+01 -4.007878952586269e+01
  1.411757452488068e+02  3.388163215314266e+01 -9.483800936038531e+00
  5.291823726204579e+01  5.787544050553455e+00  2.225188461542884e+01
 -1.167386250821781e+02  1.381232973417064e+01  3.489173583333176e+01
 -1.808050840470057e+02 -1.366218668765951e+01  3.557087502833718e+01
 -1.717041526676265e+02 -2.736859717525730e+00  2.162256190962307e+01
 -7.371847709765838e+00  6.256474347281276e+00  2.571352461232206e+01
  8.564029044421012e+00 -2.062039986937495e+01  3.103418444384700e+01
  2.088005758739523e+02 -4.643349914746865e+01  2.869395294065728e+01
  2.171664072647381e+02 -5.498247884346797e+01 -1.140503169641213e+01
  5.828964919673246e+01 -9.860821217558591e+00 -2.660187944080624e+01
 -8.194511367631846e+01  1.439747251484086e+01 -3.190278039812493e+01
 -1.113372623346812e+02 -6.510903787752382e+00 -1.757363230221901e+01
  1.646617986796582e+01 -1.832221910150853e+01  9.214178546744428e+00
 -4.481019887872199e+01 -1.047409930790968e+01  1.291488398957508e+01
 -1.168416955712978e+00  2.162691186722689e+01 -2.533924584465576e+01
 -8.328450454667369e+01  6.424554693199891e-02 -4.931490309066025e+01
  5.214861049966174e+01  9.215277830024050e+00 -1.125952626602538e+01
  1.092717618991098e+02  2.352883352375438e+01  1.480980279357749e+01
 -1.143505870994900e+01  2.015833765064361e+01  3.468080922934868e+00
 -2.185177782639381e+02  1.308402357295722e+01  1.163460998493012e+00
 -1.328134708372242e+02  2.993656691098619e+01  2.017810438754091e+01
  5.741016985982232e+01  1.416181661466807e+01  1.989627820723164e+01
 -1.473319036248951e+01 -1.563929185088573e+01 -1.321720500170764e+01
  9.646508397124057e+01 -6.079796128952257e+01 -2.022694310074960e+01
  2.266847205359847e+01 -1.499726917795439e+01 -6.236909186138468e+00
 -1.471312370772185e+01 -1.094252207069460e+01  1.709375844320261e+01
 -9.523019770190285e+01  2.015099603985967e+01  5.335485323817272e+00
 -1.384280625315616e+02  1.924259548776765e+01 -1.695698255775052e+01
 -1.042886822545323e+02 -1.138500409577100e+01  1.714876750548783e+01
  5.615429677281111e+01  1.785506085817697e+01  3.337247053258879e+01
  1.686852492372583e+02  1.884814861871857e+01  2.823577821256551e+00
  4.207692534423396e+01  2.680099990816167e+01 -1.662621302775953e+01
  7.374752879466530e+01  8.607470347271931e+00  9.278885693400660e-01
  5.981888109081210e+01 -7.605224929775751e-01  1.081605803770443e+01
  2.495347689349820e+01  4.328529299968027e+00 -4.635029350390278e+00
  3.662086277621987e+01  3.818120560341011e+01 -1.702317474994103e+01
 -1.523595726928272e+02  6.270540197238842e+01 -9.061308240455919e-01
 -2.836108166769757e+01  9.996707844487688e+00  1.079147128032460e+01
 -1.559167130460350e+02 -9.076286544509051e+00 -2.620387561752115e+01
 -1.349687881796708e+02 -3.926196338387198e+01  5.015153631570465e+00
  4.127357304307320e+01 -2.953213895490379e+00  3.662316961944711e+01
  1.677878825314818e+01  4.177500698302730e+00  5.832298745159930e+01
 -3.195111028328024e+01 -3.796502139565204e+00  3.302864369967864e+01
 -1.352770661286675e+02  2.558062412193361e+01 -2.403910353073280e+01
 -1.102433340589033e+02  2.597185962355725e+01 -1.465391343488302e+01
 -3.868825986651733e+01  2.838564420043923e+01  3.846304506230116e+01
  4.081660853020868e+01  8.538644956487303e+00  3.480404109793572e+01
  6.720467828969184e+01  2.615463817054707e+01  1.566318176585848e+00
 -3.013155952673440e+01  1.322710396986411e+01 -6.887853284597672e+00
  6.860358238449172e+01 -1.796046638939904e+01 -2.732589778915519e+01
 -2.108814125648836e+01 -1.902263342617856e+01 -7.450861306865981e+00
 -7.337300757415369e+01  1.017780101872884e+01  1.943599349406716e+01
 -8.582586782139336e+01  4.024301320537844e+01 -2.990002715657096e+01
 -1.026941077996307e+02  1.482560230907801e+01 -5.207917287961327e+01
 -7.353204907054327e+01  1.181340513550447e+01 -4.337539497082867e+01
 -2.879421473192480e+01 -2.709004275556831e+01  1.711444903655570e+01
  7.730064911640829e+01 -1.924856198496405e+01  6.485656109848331e+01
  6.893122812741609e+01 -1.387376065489215e+01  5.111945014210446e+01
 -2.807471637012134e+01 -4.095301849954458e+01 -1.234279139325644e+01
 -8.690880123209747e+01  3.118991453611871e+00 -1.909538998722388e+01
 -1.318826218766442e+02  1.795863380761648e+01  1.182152427272844e+01
 -5.690772950059254e+01  1.485506478808502e+01  2.037245609574878e+01
  6.532435052480059e+01 -1.104090374658410e+01  1.042487660216961e+01
  4.941315183104567e+00 -1.255723284565859e+01 -2.855567472066681e+01
  1.036341097887864e+02  5.731263516414185e+00 -5.556525203797453e+01
  8.532375914944006e+01 -7.993819734590666e+00 -2.718111566051372e+01
  7.097016984026911e+01 -2.785470429866006e+01  1.623689355524959e+01
  1.025870340659294e+02 -1.940333099868096e+01  2.085578410232381e+01
  2.472508285749491e+00 -1.940761792609900e+01 -1.805790120038991e+01
 -5.830278690868983e+01  7.968318166199523e+00 -6.063144308214689e+01
 -4.129830163355037e+01  3.540871306432763e+01 -2.852098076237964e+01
  4.219734881683453e+01  1.831816800871165e+00 -2.243555243428377e+00
  4.216694752434480e+01 -1.251805200035564e+01  3.631045958602243e+01
  4.510737160786314e+01 -4.802947361851970e+01  4.299031301446590e+01
 -5.885667239618203e+01 -3.166621851491152e+01  1.838129933516132e+01
 -2.697925952917293e+01 -1.336167685847719e+01  7.805365095282696e+00
 -3.684176229147791e+00 -3.051635272239425e+01  1.654099643709093e+01
  5.464769139137113e+01 -8.426760373957162e+00  7.574067036608520e+00
  3.913751520651466e+01 -5.068346732716094e+00 -1.760185066017426e+01
  1.694021716914530e+02 -1.310087394953601e+01 -3.474006299043123e+01
  2.083510973041050e+01 -3.951506087329647e+00 -4.324844295814627e+01
 -2.973195529496090e+01  7.994347339091240e+00 -2.439729696995294e+01
  1.535551943937050e+01 -7.741820982025802e+00  1.125195504970689e+01
  1.069452987037273e+02 -1.834590182192809e+01  3.607015734058736e+01
  3.951580307692767e+01 -1.494200556653360e+01  2.265602278002942e+01
 -3.350846994507439e+01  1.195153558774467e+01 -1.728952847582115e+01
 -1.093792728999787e+02  2.188249599160982e+01 -4.860293572994377e+01
 -1.098967603389367e+02  3.156797879987625e+01 -2.522730225655086e+01
  3.478380327656342e+01  9.858241696320848e+00  1.833917533101460e+01
  2.725079451170379e+01 -1.844343364057315e+01  2.828273023121081e+01
  2.443468301909109e+01 -4.586933079727247e+00  2.861641613202972e+01
  2.920283270594618e+01 -2.202244133187218e+00  1.162455318687735e+01
  4.586626523225043e+01 -7.848987541954074e+00  1.327745306809474e+01
 -8.938426814125299e+01 -2.394886100562098e+01  2.623359411384317e+01
 -4.026852930482059e+01  4.157843318186054e+00 -1.019260027247404e+01
  2.271754909251646e+01 -7.674709919877186e+00 -4.466195091728159e+01
 -4.423975714935912e+01  5.140373090978459e+00 -2.645764277813237e+01
 -3.397607631219523e+01  7.584506403553874e+00 -1.975486833497475e+01
 -3.686490864988841e+01 -2.178399053788910e+00  4.682129047713804e+00
  3.639944312694280e+01 -2.679770514155468e+01  4.525226859352982e+01
  2.770715320000487e+00  3.222938412156274e+00  4.811906738082369e+01
 -9.450919435625075e+01  3.084798249696063e+01  6.032037562472432e+00
 -3.541674878898825e+01 -3.836811308817563e+00 -1.055477526006128e+01
 -3.860608991275530e+01  4.771866803003929e+00 -8.558027558551895e+00
 -6.209844983399430e+00  7.532817654058537e-01  1.636100681034186e+01
 -1.897036814198077e+01 -1.017287594676476e+01  2.133615789883098e+01
 -1.413413154602902e+02  1.858748036635393e+00  1.004996697684779e+01
 -5.834276016069209e+01  2.608307873523010e+01  2.413954893499169e+00
  5.588208635690074e+01  1.870529734048427e+01 -2.642680408395729e+00
 -3.622397779238860e+01 -5.272204382209395e+00 -5.897182691852198e+00
 -6.839851471376815e+01 -8.026860541014550e+00 -8.439796623872192e+00
 -3.528277475088375e+01  4.103098717448344e-01 -2.740274824055240e+01
  6.396122778274194e+01  2.851458825984050e-01 -3.366704602537187e+01
  1.438169709405563e+02  1.397783819268139e+01 -2.477852868907538e+01
 -1.071365162991362e+01 -5.566698334851462e+00  2.110288220268348e+01
 -3.900091140292009e+01 -1.481951658062251e+01  4.369023932803751e+01
 -3.840391210975515e+01 -1.607657749092385e+01  2.266541698566829e+01
  8.543164583185828e+01  3.189925526332535e+01  1.407110971750455e+01
 -4.331618827105263e+01 -2.243433529469621e+01 -5.166369868147562e+01
  2.503341668007182e+01 -1.838733385199641e+01 -2.361442289677353e+01
 -2.300033056585311e+01 -2.534175820982952e+01  1.039676588827218e+01
 -7.293690252060318e+01 -2.833363473528500e+01  2.156378526190187e+00
 -1.056675992300063e+02 -6.096274043521177e-01  2.568828163931276e+01
 -2.637503899704871e+01  5.276400109784655e+01  2.281182305997665e+01
  2.187277612657844e+01  1.554365395162541e+01  1.145931585600590e+01
  1.286386434882706e+02 -8.254266674137538e+00  7.226690145212277e+00
 -4.052950224712845e+01 -1.101049685634478e+01 -5.264105236136848e+00
 -1.701035071466442e+02  1.408906965067133e+00 -6.674062257107056e+00
 -7.425253636807210e+01 -2.084183580104713e+01 -1.653815432417147e-01
  2.261909656847606e+01  1.429545381877960e+01  1.279207682904100e+01
 -4.024453335128698e+01 -3.037627298598664e-01  2.055240801282180e+01
 -1.259350841258825e+01 -8.858286951923866e+00  3.851924858566485e+01
 -3.222699188063900e+00 -4.035600923877715e+01  4.342969021634021e+01
  2.221674904285182e+01 -2.436810571837730e+01  1.215544159694275e+00
 -4.196695799371265e+01 -2.635942936675528e+01 -1.878453121573967e+01
 -2.953131648700921e+01  4.363124847673464e+00 -3.771237235344637e+01
 -5.953857544123015e+01  3.853854555762847e+00 -9.801992112541754e+00
 -7.104659477636163e+01  2.117875929374561e+00  5.055983399539728e+01
 -4.752610101441612e+01  5.526262706002461e+00  8.974405052575756e+01
 -5.438892967046732e+01  4.093425748337609e+01  3.159356160014893e+01
  2.900877946272658e+01  2.761673476452048e+01 -3.513345900325652e+01
 -2.903784105884219e+01 -1.195105827356261e+01 -3.151011017434950e+01
  2.973874854589505e+01 -6.060042085783557e+00 -2.413974553541741e+01
 -1.901819258289683e+01  1.404250235117417e+01 -1.497469257239505e+01
 -1.241893204849057e+02 -1.372409036496156e+01  1.282967360580398e+01
 -3.930940071282797e+01  6.455707866129727e-01  1.343730799249834e+01
 -9.074985597829769e+01 -1.862278752732739e+00 -1.118504486560231e+01
 -4.929730647421916e+01 -1.596161495443649e+00  8.416767690417917e-01
 -2.516729277039099e+01 -1.874134092419739e+01  1.097920570738326e+01
 -2.036892644107402e+01 -5.330048000222168e+01  2.272951849491717e+00
 -1.668741319063527e+02 -1.527922313440349e+00 -2.320344976056416e+01
 -6.411025466850379e+01  1.381438944903796e+01 -2.110180625020461e+01
 -6.621523330802432e+01  2.857612471488712e+01  1.318182755466471e+01
 -1.696189764397242e+01  4.380497954119851e+01  4.039174669746674e+01
 -3.321974696470823e+01  4.368687493240540e+00  6.345686235469829e+01
  8.474092905261830e+01 -1.932798648278086e+01  2.442522099787544e+01
  5.551725787225807e+01 -3.287162372939260e+00 -4.048101840259063e+01
  1.008025234343956e+01 -1.452270625290978e+01 -5.423477079590604e+01
  2.842688416686106e+01  1.184939450672631e+01 -3.487635593602146e+01
  5.699895680654224e+01  1.134429986523379e+01 -3.498366707623946e+01
 -2.754706679339256e+01  1.787217012032023e+01 -1.691898887915366e+01
 -1.092259190500608e+01  6.878055071753589e+00  3.769617278755339e+01
 -5.277914438072476e+01 -5.929912946131916e+00  4.566255694439843e+01
 -1.760433279432570e+01  4.009102412716596e+00  4.974688433108870e+00
  1.467652438568456e+00  2.633330894114140e+01 -1.353993016186302e+01
 -1.103582814497363e+02 -3.601023962201445e+00 -3.886081080085834e+00
 -1.255053889248513e+02  3.254320921552832e+01 -5.326679608224335e+00
 -8.174749130620098e+01  9.071059241325397e+00 -4.606860019078246e+01
  4.357930464957190e+01  4.198591735421385e+00 -2.545762696087453e+01
  1.197139780131848e+02  3.589459261064459e+01  2.763352484230365e+01
  1.707193839090928e+01 -1.002917919086312e+01  5.692330198297991e+01
  6.723062582248649e+01 -4.231691118340298e+01  2.256181872111592e+01
  3.000194393030024e+01 -4.126530656238047e+01 -3.809399416982018e+01
 -5.074967679163927e+01 -3.139985512196403e+01 -3.362293055353811e+01
 -3.394595232185785e+01  2.778366488936027e+01 -2.112636515141106e+01
  1.743907669464371e+02  1.167986601289543e+00 -1.270267101137045e+01
  3.302742054019274e+01  3.928656700501182e+01  1.642162238441945e+01
  4.129992023538961e+01  4.719092997978839e+00  2.149914777157878e+01
  1.202236132002301e+02  1.331934522877917e+01  1.344727532807499e+01
  1.081482948671625e+02 -5.044804745351282e+00 -6.199075308339648e-01
  1.412302570798973e+02  1.464692551981861e+01  6.593930517399393e+00
 -6.821440781022350e+00  3.756694751697820e+01  2.470108227407026e+01
 -6.827619186839064e+01  3.400128305854416e+01 -1.053239096156789e+01
 -1.090637951711090e+01  3.054629097570351e+01 -2.326280969827420e+00
  7.362741278443607e+01  4.023387671660613e+00  1.812763420711239e+01
  1.159743851396100e+02  1.688794918881091e+01  3.882197345329028e+01
  6.173577414060162e+01  3.570062159851971e+00  3.745235823273842e+01
  1.946606878038745e+00 -2.324045503353517e+01  3.699781165134192e+00
  3.329173034648294e+01 -2.754342517922825e+01 -2.037078023279675e+01
  2.390002383576143e+01 -7.300161181605745e+00 -1.424139712028209e+01
  2.553519565568911e+01  2.066605990196023e+01  1.268038550381384e+00
  3.054728171127824e+01 -4.347509927855009e+00  4.208197610235946e+00
 -1.374680579263862e+02  3.019179631277442e+00 -3.423877254711412e+00
 -1.388593496346936e+02 -1.036653381411599e+00  1.478361546883551e+01
  1.843356604100782e+01  7.243332258931883e+00  1.226311208022753e+01
  1.631192414764385e+02  1.196957981409031e+00  1.044525910668741e+01
  7.472729280245341e+01 -6.676493725875472e+00  1.112076824276743e+01
 -6.784341006776073e+01  1.772592484076491e+01 -9.486285849922750e+00
 -9.091358652152998e+01  3.330481639349003e+01 -8.668623227799362e+00
  1.651677513744144e+00  5.710204745437660e+01 -2.316491163669202e+00
  5.973163169428945e+01  4.423690263172777e+01  1.551582331393289e+01
  9.238522652395065e+01  1.746768393264274e+01  3.737257214102156e+01
  1.212811122007788e+01  1.863933641194944e+01  2.223083721600944e+01
  5.265609392990443e+01 -1.023025370935350e+01 -1.962296067298034e+01
  9.449194964682654e+01  1.173698328257155e+01 -4.636915855533275e-02
  1.270203875136931e+02  2.637073115365595e+01  3.306228092848163e+01
  8.781210713207858e+01  9.376336933160113e+00  5.908788017858505e+00
  3.645514521277644e+01 -3.759970373851618e+01 -2.717536522036411e+00
 -7.981460233300947e+01 -3.808532491919635e+01 -3.175517487524838e+00
 -2.333763679745068e+02 -4.975218355248379e+00  1.867410034712069e+01
 -5.876803535916524e+01 -3.257234938187885e+00  3.506136478959382e+01
 -4.644286973920874e+00 -1.585784639967166e+01  1.727196278622141e+00
 -2.190726364463583e+00 -1.054632989949501e+01  2.270197966081532e+00
 -6.011266626291366e+01 -2.818682230901803e+01  2.917340093036583e+00
  2.120823066366308e+01 -5.825748094015818e+00  1.730574292900105e+00
  1.125943420778711e+02  2.870390284315268e+01  1.027418485071036e+01
  2.673204650217845e+01  1.911907945659463e+01 -5.838697861090378e+00
 -1.144656928067329e+02 -1.172361758188149e+01  1.127584937295687e+00
 -2.631166483836346e+01  6.571578623121956e+00  2.963981530319343e+00
  4.604338310980474e+00  5.173576512795766e+00 -7.186144457456516e-01
 -3.080445482681049e+01  3.697028777891605e+01  1.333866499318675e+01
  8.203195251232660e+01  3.220589536775663e+01  2.518982995972910e+01
  1.460547633564962e+02 -6.296707590326677e+00 -5.727892601970732e+00
  7.796424622973194e+01 -5.018489704154352e+01 -2.544456444263840e+01
  5.639344830451867e+00 -3.333726380410943e+01  7.526721991352664e+00
 -1.561347659933417e+01 -4.162322994027744e+01  2.495434247001912e+01
 -1.518970297488141e+02  8.220416921516922e+00  1.147432755469430e+01
 -1.153316071328548e+02 -2.208328396308943e+01  1.565352740894524e+01
  2.129967809986580e+01 -3.907748626534119e+01  1.881379049773933e+01
  2.966890902795292e+00 -3.402859192801273e+01 -6.754820341184079e+00
  4.104211733303053e+01 -1.928811695974996e+01  4.040154782504318e+00
  7.605200946234069e+01 -1.570585485088344e+01  3.442544576846903e+01
  1.390881576889475e+02 -4.683510361425861e+01  3.987937797421877e+01
  3.392082224059034e+01 -1.725348819054839e+00  1.858492005846333e+01
 -4.767232096147637e+01  2.673198822718348e+01 -1.322867450531047e+01
  3.106217153907000e+00  2.773687803620057e+01 -3.341011840246288e+01
 -3.654589283162468e+01  3.575512808146846e+01 -2.950665319307950e+00
  3.901123586839742e+01  1.482158000558484e+01  4.580261301968332e+01
 -5.339800589474637e+00  2.223415227527516e+01  2.895023469411416e+01
  2.192354976325589e+01  1.279486151036190e+01 -2.540003135985705e+01
 -1.267367956321005e+02 -6.791013246503802e+00 -1.866531148029296e+01
  3.820492435548180e+01 -3.094903247471643e+01  2.426330331853340e+01
 -4.008326903779860e+01 -4.344276800199693e+01  1.805794453578671e+01
 -4.911752415842952e+01 -6.102596199469379e+01 -2.144609757448899e+01
 -5.435063507189169e+01 -6.268360456566632e+01 -5.312374857887513e+01
  2.518766858546240e+01 -5.294941146186599e+01 -3.986072272550271e+01
  4.549808069334559e+01  1.282466385244616e+01  6.706365380353063e+00
  8.893977883142870e+01 -8.035683901294197e+00  4.399194894653164e+01
  1.331438568962398e+02 -5.181550925128133e+01  5.443010038552532e+01
 -5.555774370966535e+01 -2.451997846387675e+01  4.923379811053395e+01
 -1.593671334440600e+02 -4.820579403858918e+00  3.698116274971717e+01
  1.813072034020064e+01  2.507629267292758e+00 -1.026343638863734e+00
 -1.321766980091127e+01 -7.436661803018669e-01 -1.255803581090756e+00
 -5.027232481841098e+01 -1.553528146183899e+01  1.694085136705410e+01
  1.028833743410926e+00  9.865931994089205e+00  3.053675077286510e+00
  1.200256694307722e+02  4.430754986809866e+01 -1.289443516457480e+01
  7.625819182723880e+01  4.237683412339291e+01 -1.494639233932763e+01
  4.512468425385453e+01  7.250620026992687e-01 -8.570535787696336e-01
 -9.893467560420432e+01 -6.787038821686421e+00 -1.516685563868184e+01
 -1.818148562286444e+02 -2.616687342281746e+01 -4.239904521956248e+01
 -1.691445496965316e+02 -4.607620325064906e+01 -3.980682287048452e+01
  5.303397393443413e+00 -9.400657662222033e+00 -2.299429165905171e+01
  6.245445757185774e+01  2.847695397921522e+01 -3.184405413205410e+01
  1.797175812374163e+02 -4.678696646603582e-01  8.963393381474070e+00
  1.554169834822949e+02 -2.276207314569720e+01  4.437423185711476e+01
  8.108973658549896e+00 -2.195768979329040e+01  6.529365605123319e+01
 -1.037984691771535e+02 -1.260370795931270e+01  4.771977634723572e+01
 -1.286380893118626e+02 -1.394366674929408e-01 -9.006019454416148e+00
 -5.220042575732245e+01 -4.680841731260186e+00 -2.678247368322360e+01
 -3.283652543565368e+01 -2.900743637388262e+01 -8.285736078369460e+00
  9.054302041527640e+01  1.341617348091708e+01  2.627619899433916e+01
 -3.004187745593006e+01  4.048702777341583e+01  3.025072129264910e+01
  7.663272842266109e+01  3.598731290930571e+01  1.086104748729844e+01
  1.158546488011227e+02  7.038754752146080e+00 -3.839894549155234e+00
 -6.666063467490322e+00  1.030095579802791e+01 -3.413454242883603e+01
 -2.590525675447740e+02  1.631569422203736e+01 -5.681189421582850e+01
 -1.684319892402573e+02  1.280916807668167e+01 -4.034057641105439e+01
  4.076450198410534e+01  3.331811476716630e+01 -3.043461839676702e+01
  9.150075234239868e+00  5.178500072686239e+01 -1.714551864932782e+01
  6.233271310177022e+01  2.763523984243868e+01 -2.106975737685506e+01
  9.042000791380456e+00  7.628026742531809e+00  1.270151589681656e+01
  5.124859199712645e+00 -1.180533210084902e+01  2.503109612398861e+01
 -2.633202655449413e+01 -2.853979980312111e+01 -1.463700525416403e+00
 -1.090454567841079e+02  6.291760566185690e+00 -2.625672720520141e+01
 -1.808086564092007e+02  1.814793363082929e+01 -2.462628712875181e+01
  8.229177237173562e+01 -2.304581485151145e+01  9.565627377994325e+00
  1.301785268361700e+02  2.294994321589241e+01  3.579971577548761e+01
  3.154245012017475e+01  1.201550877468248e+01  3.346707798664618e+01
  5.311915605277539e+01  1.741271491325052e+01  5.340570430297754e+00
  8.410650869889356e+01 -2.408370738059662e+00 -1.400366566433324e+01
  5.600715077958236e+01  8.064841991753187e-01 -4.296846047240841e+01
  5.441918353262224e+01  1.208621432335498e+01 -4.796729534520129e+01
 -1.515907357895378e+02  7.268757741602375e+00 -1.561974813317759e+01
 -6.476624519789084e+01  6.007379387077829e+01 -6.748268703518237e+00
 -1.337186225036120e+02  3.870442916872929e+01 -3.578140340300618e+01
 -1.841506346565236e+02  4.380002237728145e+01 -3.022362921243678e+01
  1.403327519757161e+01  1.545333133136538e+01  1.422084759326408e+01
  7.448220933224998e+01 -2.635054229007096e+01  1.682481132925577e+01
 -2.524963964981146e+01 -3.409515834029931e+01  7.560158340442373e-01
 -1.547674402221563e+02  1.298188853432202e+01 -7.445759454353282e+00
 -1.440106833149106e+02  1.656998108058838e+01 -2.855273664079367e+01
 -5.635422649921018e+01 -1.701550606152966e+01  1.633315423552283e+00
  8.483699281979023e+01  1.204498329805865e+01  4.828337374459552e+01
  1.247790656921756e+02 -1.054646479611413e+01  2.315266058451314e+01
  5.272082404700036e+01 -9.239196064014170e+00 -3.621917331890873e+01
  2.767389122864977e+01  1.563740795753891e+00 -2.669604899375955e+01
 -3.079240432970865e+01  3.364525249114579e+00  1.303705190438014e+01
 -1.412361570490317e+01  9.370050425599441e-02  1.360280031141959e+01
 -6.677710629552934e+01  2.372484039597888e+00  5.299482910929308e+00
 -7.016243711555612e+01  6.030047067439510e+01 -9.804691363686459e+00
 -6.640483118325345e+01  1.077581999636577e+01 -3.892518624194843e+01
 -4.709786555465831e+01  2.614020019879256e+01 -5.434626464489493e+01
  3.218300925431585e+01 -1.124864973422894e+01 -5.091912815581036e+01
  1.081726962529384e+02 -1.867745407309566e+01  9.183247463602058e-01
 -2.874747965539109e+00  9.872492660214549e+00  4.091913612876780e+01
 -6.543298299000254e+01  1.983676301717367e+01  2.028973982814848e+01
 -1.099918019128646e+02 -2.538531581667907e+00 -1.585359079265917e+00
 -3.949952937326557e+01 -7.217816969848423e+00  6.373449171437247e+00
  7.917784070898468e+01  7.209410570996337e+00  2.545963614586820e+01
  1.238116979623210e+02 -3.329681494378639e+01 -1.272029922751722e+01
  9.273501253054107e+01 -9.056145445168449e+00 -6.753500043115264e+01
  3.937689805913197e+01  4.704622525758555e+00 -6.224555177944853e+01
 -1.328984276551201e+01 -3.416708014350762e-01 -7.289742269091725e+00
  1.500948374226319e+02  1.073001620665278e+01  5.229898437525772e+01
  3.910262514383531e+01  1.861143406588707e+01  5.451826517179430e+01
  4.644015032254710e+00  1.754614674694496e+01  4.074238799818275e+00
 -2.814277027651645e+01  9.384959233432904e-01 -3.972345406696862e+01
  2.016903518483469e+01  1.373120613536603e+01 -2.799005030096613e+01
  8.193795686469532e+00 -2.704022551538902e+01 -1.324743993614275e+01
  5.210124511483062e+01  1.770748260162265e+01  2.218928515745221e+01
 -2.795015296884251e+01  2.612860042077947e+01  2.956453555754892e+01
 -1.305858451521359e+01  2.445276504854544e+01  1.116996271104186e+01
 -3.352971015269576e+01 -2.268333050367755e+01  1.003819667488282e-01
  5.956486879371860e+01 -5.043848636446826e+00  9.383583136517224e+00
  5.448440697619557e+01  3.375318667389822e+00 -4.907162659569213e-01
  1.505318395601643e+02 -3.554639058363103e+01 -2.067781962599209e+01
  4.184002076550238e+01  2.142085384445367e-01 -1.551748162948330e+01
 -1.820535608779016e+01 -2.050232555509731e+00 -2.837337142503241e+01
 -4.790111732803131e+01  1.239004003993730e+01 -8.862262009195874e-01
  6.479088286332316e+01  1.635350121770379e+01  6.549748504787766e+01
  7.159701476057946e+01 -8.615644240945791e+00  4.460599893898897e+01
 -1.571234239679801e+01 -4.399305365515579e+00 -2.679347633708278e+01
 -1.187471980446037e+02 -3.755579742468126e+00 -2.004351907714195e+01
 -1.405385497807308e+02  6.648597332558864e+00 -3.339943948843116e+01
 -3.724659645197857e+01  7.883538993183326e+00  2.681370428997306e+00
  1.941931199881133e+01  3.370107902506155e+01  3.867626817707987e+01
  9.673055739101642e+00  1.536966220781551e+01  3.405071978003668e+01
  1.001242838238003e+01  1.082083085907425e+01  1.098781857229529e+01
  1.494046632699284e+01 -3.701695161033446e+01 -1.558193814238946e+01
 -1.085755651464927e+02 -2.704631521859670e+00 -1.608450625786473e+01
 -9.425679508909834e+00 -1.711493935675141e+01  1.706098092552832e+01
  8.560713146145510e+01 -3.054579748077059e+01  9.135809116268620e+00
 -3.324615109881752e+01 -1.942081689364462e+01 -3.964047796551972e+01
  3.655486406439753e+00 -1.453408752066359e+01 -5.131338550624748e+01
 -4.309679869621728e+01  9.956122760002561e+00  4.099906865587783e-01
  2.427570527617291e+00 -6.249619533688078e-01  5.016592429369002e+01
  5.350940939912104e+01 -2.727232884508227e+01  3.873034850623939e+01
 -5.916402709584282e+01 -5.709799881497801e+00  9.498986235518881e+00
  1.942710027068030e+01 -1.394865040756707e+01  3.988121784618928e+00
 -2.242534024253209e+01 -4.353378267559422e+00  2.537473773553436e+01
  2.125814353964134e+01  2.886757596680746e+01  1.376696251380591e+01
  3.625721135971131e+01  1.888269092134682e+01 -7.716319102698440e+00
 -9.026921610107081e+01  9.349929347082551e-01 -5.536380620217077e+00
 -2.005904088017751e+01 -2.817169115805285e+01 -2.230488694603578e+01
  4.410636410323892e+01 -1.080290011617883e+01 -2.406159693237839e+01
 -8.060962833436243e+00 -2.075012410356936e+01  1.032105992267198e+01
 -4.755531122214902e+01 -3.567988663861642e+01  1.022630745173965e+01
 -3.405808526897702e+01 -3.343942744536054e+01 -7.888814948189631e+00
  8.644125902549217e+01 -4.442327011667410e+01 -4.278958746090488e+01
  7.466313297101576e+01 -3.080456934064879e+01 -4.696497283811621e+01
 -5.872087576574209e+01 -5.517144961522447e+00 -9.797274451085137e+00
 -3.362110905057462e+01 -8.021548569157829e+00  2.221250865093266e+01
 -2.573056213349023e+00  3.609301090695894e+00  3.268116919681010e+01
  1.421787985644040e+02 -2.722991274484240e+01  5.444409008290172e+00
 -5.345812133285052e+01 -2.658415947382701e+01 -2.207370353395062e+00
 -1.642395496255399e+01  2.242603576017336e+01  3.039897130445665e+01
 -3.698594491973111e+01  7.791876213836229e+00  3.350327844227834e+01
 -1.650204587531793e+01 -8.589579831223567e+00  2.611076234305438e+01
 -1.272275609203620e+02 -2.548740137102973e+01  6.519878409632161e+00
 -5.218167450108283e+01 -1.903511339677196e+01 -7.065737287467984e+00
  7.213582568871419e+01  8.593368526043280e+00 -7.081130749401559e+00
  1.160292800300452e+02 -3.345850951167547e+01 -4.326835606728569e+00
 -3.908288287964557e+01 -4.011573433199163e+01 -2.045642556567237e+00
 -1.396592450083134e+02 -4.291586506821686e+01 -2.176922131266916e+01
 -5.080521326583116e+01 -5.320533893385995e+01 -6.027679708801188e+01
  1.107503073717704e+01 -2.949100528987131e+01 -4.792991517049737e+01
 -5.746213219987258e+01 -9.520631313669767e+00  7.145719782902322e+00
 -7.182948190807369e+01  1.997562542274766e+01  2.879240071371495e+01
 -2.493624328197372e+01  3.486177832203626e+01  1.329410573569367e+01
  1.047922922666531e+02 -2.642013598122354e+01 -1.535838336073213e+01
 -7.472655398290779e+01 -4.188422396691026e+00 -7.222765605917828e+00
 -1.305180878148448e+01  4.400161531526221e+01  8.236146416300663e+00
 -7.113395637666710e+01  2.004919847294257e+01 -1.996068356063555e+00
 -1.333043328209366e+02 -2.779793458242243e+01  2.277918331211231e+01
 -1.179201859866216e+01 -2.437255083541614e+01  3.553200185791899e+01
  6.833063828123683e+01  1.593538190528067e+01  5.687785536787791e+00
  4.293680368205317e+01 -2.341134603423273e+00 -9.618651091669989e+00
  1.484831440498864e+01 -2.658546192271711e+01 -1.876305631970343e+01
 -1.117839282267522e+01 -2.105352368969204e+01 -4.451660019195013e+01
 -8.727547315002809e+01 -3.879204543814360e+01 -3.014978339885175e+01
 -1.817033504043731e+02 -3.901035997998283e+01 -1.548455078548281e+00
 -5.134642297276812e+01 -2.327985121187715e+01  1.198685822550338e+01
 -1.306297590718067e+02  2.591477123457166e+00  2.849474805723013e+01
 -5.252571231156022e+01  4.065009998847557e+01  2.082728196077776e+01
 -5.734212672698166e+01  5.069475103284304e+01  1.638505400454766e+01
 -5.207695088088457e+01  7.955757778136077e+00 -5.095152137379698e+00
 -1.879270389134260e+02  2.219560750912845e+01  1.664861621935570e+00
 -5.448104537606048e+01 -2.739823959202642e+00 -1.357824859740373e+01
 -6.418411339871500e+01  2.053761138433710e+01 -2.877360892385393e+01
 -9.164367862769419e+01 -4.619495900171787e+01 -2.955197348282368e+01
 -6.356762419452821e+01 -3.682683855577525e+01 -1.399211416844920e+01
  1.712902249158198e+02  1.151994316421647e+01 -1.016599789616000e+01
  1.392336887901805e+02 -2.270482374176025e+01 -3.485496080492335e+01
  1.282364902138340e+01 -1.872376885307383e+01 -5.877925065557442e+01
  4.933106561178225e+01  4.043253010235662e+00 -4.731570963953632e+01
  1.508598922419132e+00 -3.727592830538495e+00 -4.609313756396473e+00
 -2.376630076149560e+01  6.486523066713641e-01  1.536334597944068e+01
 -5.353651642941472e+01  4.944431533288828e+00  2.521940534237613e+01
 -1.501530848731595e+01  1.829869741983521e+01  4.102128855771764e+01
  5.496198538487398e+01  2.429876997224486e+01  3.477294449086123e+01
  8.868856738163021e+00  3.444115781915071e+01  2.420580786148249e+01
 -9.689562501449755e+01  2.014223293210397e+01  1.401134503893450e+01
 -4.930825232306744e+01  1.044620568537219e+01  3.831729184665708e+01
 -1.140633683275898e+01 -3.772040118172455e+01  7.522368412543372e+00
  9.738605168583111e+01 -9.159137145097572e+00 -2.796715710565835e+01
  7.841743877322443e+01 -3.395139400789536e+01 -1.051623736769816e+00
  9.694226511822180e+01 -2.461646618493350e+01  1.191161769697115e+01
  1.561872935254948e+02 -2.991943983702544e+01 -8.438531109977500e+00
  7.355222817620643e+01 -4.654248874817412e+01 -1.599898014478860e+01
 -9.366506244781736e+01 -3.203545160671757e-01 -2.112730076788145e+00
 -1.154939588175384e+01  4.186331814648934e+00  2.851430997254969e+00
  1.588955768781405e+02  1.798896814241304e+01 -9.319251041984047e-01
 -1.265017842232787e+01  5.903986875679798e+01  2.722214308904109e+00
 -2.000230226207373e+01  6.173715685511755e+01  3.155018157028307e+01
  5.434650398436149e+01  2.125184298977958e+01  4.952267459852878e+01
  1.252362336045994e+02  1.651884294267480e+01  1.398581258958235e+01
  1.442916465182466e+02 -1.572055254057467e-01 -1.590517209987285e+01
 -2.364625914561874e+01  3.356688904605719e+00  4.930367553321368e+00
 -8.822901923163272e+01 -3.718720189319704e+00 -1.044795217426088e+01
 -5.354567464586880e+01 -2.885977727633204e+01 -1.265620909462722e+01
  2.088308153308508e+01 -2.810976906227234e+00  6.463382211286619e+00
  1.047221503013164e+02 -2.233467171511128e+01  2.831788067486826e+01
  8.087739642787380e+01 -4.635982216856984e+00  8.934393901013886e+00
  8.889813691782466e+00 -3.553838340429469e+01 -5.247646990663817e+00
 -2.424062226451504e+01 -3.187309590736676e+01  4.872340173696536e+00
  2.720425383424055e+01  2.820552995365341e+00  3.425339366834066e+00
  2.906802328407132e+01  1.151774024648769e+01  1.213516431963866e+01
  4.494467768371683e+01  4.292738374763768e+00  2.481169906830069e+01
 -8.886813972678409e+01  5.612464399330469e+01  2.285451602105732e+01
 -9.343972359154940e+01  4.475099841805472e+01  1.087808025027915e+01
  2.831818298469533e+01  4.509045707025151e+01  1.389676166837708e+01
  9.713475749446201e+01  2.540999558190583e+01  2.878631681006646e+01
  1.052432870818704e+02 -4.658736393789642e-02  1.384413714859078e+01
 -4.968165068447357e+01 -1.500953190785053e+01 -5.762716815657599e+00
 -3.478662642670061e+01 -2.467747579953938e-01 -2.407607875888790e+01
  5.050995138201256e+01 -9.196276233323221e+00 -1.038783981595913e+01
  4.931035795588317e+01  2.664053902846754e+01 -4.560467961106649e-01
  9.063892900868639e+01 -2.559866354495563e+00 -7.037112199984305e+00
 -3.644636867765915e+00  2.951777271298447e+01 -2.335891990168911e+01
  2.300242228570797e+01  1.084740256409444e+01 -1.286982335321418e+01
  3.076635356847856e+01  5.985583816066691e+00  3.548219518018167e+00
  9.180782167026405e+01  1.016322419820588e+01  3.437818857968580e+00
  8.856517402059072e+01  1.299475006151049e+01  1.899704592899565e+01
  1.878831743204156e+01 -1.840966762448255e+01  2.652391507177231e+01
 -4.365190151508526e+01 -2.988117783495744e+01  2.874936676001239e+01
 -1.519997211283607e+02  4.679707046338590e+00  4.138595361282843e+01
 -5.057804273459838e+01  1.637209909599065e+01  3.648869444529043e+01
  5.594474566415146e+01  3.396045422260803e+00 -1.207876071469572e+01
  4.447185172497021e+01 -9.201299090429512e+00 -4.830856163818257e+01
 -2.649829887491631e+01 -1.926101944323567e+01 -3.739043190126959e+01
  1.741397934109288e+01 -2.262851244453139e+01 -1.222574656528998e+01
  1.457609729281529e+02 -9.125724367375877e+00  4.022764664482022e+01
  1.222705437815735e+02  7.248187936989595e+00  4.392206183449072e+01
 -1.024716857712426e+02  2.066829383655252e+01  3.652843612723286e+00
  1.027307724389651e+01  6.269391745830596e+01 -1.979978606236300e+01
  2.082363166064473e+01  3.732031835299574e+01 -1.512533007631792e+01
 -1.151637296322126e+01  3.939576413996825e+01  2.858144636349362e+00
  1.727609076329121e+02  2.412734276402047e+01  1.694585815753035e+01
  1.465745130608113e+02  1.316269392053340e+01  3.794385262130643e+00
  6.496550924057621e+01 -1.559286515577366e+01 -1.587016617204681e+00
 -3.154478149945723e+01 -6.898417110153059e+01  2.642572654901014e+01
 -3.298720323509741e+01 -2.075597706460281e+01  4.847910700313229e+01
 -1.033676987714163e+02 -4.019139317968555e+01  1.358474758014989e+01
 -8.193776283526960e+01 -4.142841239716314e+01 -2.654084731780973e+01
  5.217095565085086e+01 -3.296005767163607e+01 -3.179303320073786e+01
  5.206103741092527e+01 -4.013066500818974e+01 -3.928576137313391e+01
  5.325235947558942e+01  1.126754568987460e+01 -4.863741478711452e+01
  1.253925627345584e+02 -2.310381650507638e+01 -4.473301501436561e+01
  1.644332444081562e+02 -1.543676457418002e+01 -2.509926182063790e+01
  5.644156276456231e+01 -2.021501388507728e+00  6.172467464847024e+00
  5.409398739762322e+01  5.685160160960012e+01  6.505874119960886e-01
  9.725925322464047e+01  4.738547549740767e+01 -1.509838769321812e+01
 -4.638301786335384e+01  2.679204362440510e+01  3.345933018405932e+01
  8.799059119827234e+01  3.356556099893189e+01  4.998520352507445e+01
  7.409408056413227e+01  3.123615784449936e+01  2.672392896757923e+01
  2.039342327528726e+01  3.897879919469662e+01  1.346427844908570e+01
 -1.623566162633343e+02  2.357838571470079e+01  1.544768772129029e+01
 -6.064981323357598e+01  2.820640000197118e+01  1.595854675707565e+01
 -6.081412315738703e+01  9.834322470412689e+00 -4.877141342750182e+00
 -7.038937121084933e+01  1.495221073456459e+00 -1.434557629185277e+01
 -1.792119969547729e+01  1.232320570346956e+01 -2.683758589171393e+01
  5.632733851103799e+01  2.438866641071750e+01 -4.057338675393795e+01
  3.949212579097841e+01 -6.861986346653438e+00 -1.647772443622887e+01
  1.081482969051137e+02 -4.485555928142975e+01 -2.730312404922704e+01
  1.519181003014601e+02 -3.418641660071890e+01 -2.627829296383688e+01
 -8.098580347122908e+01 -1.896777941368634e+01  8.496519554059590e+00
 -9.320334871070314e+01  4.313409836295186e+01 -1.122926628227209e+00
  1.725703531638302e+01  2.314779207853083e+01  2.207993120336578e+00
 -2.063338236275856e+00  3.887868175067666e+01  2.641944328855692e+01
 -7.036738753904069e+01  3.792399349033258e+01  2.415108865118104e+01
  3.369765001223436e+01  1.018768969292023e+01  1.970323471560796e+01
  1.015820942949492e+02 -4.164895979514721e+00  1.160406539338844e+01
  2.305163285783328e+01  5.497458007328964e+00  3.020884043928783e+01
  8.078697219611220e+01  2.054500739170040e+01  2.427189573867784e+01
 -3.019512299716394e+01 -8.931903411661363e+00 -4.734761445216325e+00
 -1.762362149017761e+02 -2.462281930476276e+01 -8.927178346793466e+00
 -1.589103104883025e+02  2.481396956062063e+00 -2.920765582924827e+01
 -5.692701190945046e+01  3.397136509939882e+00 -3.599110292092781e+01
  7.322947292600116e+01  4.162344919542697e+01 -3.025441728265633e+00
  1.141857096875405e+02 -2.243915954466411e+01 -3.948092795816098e+00
  5.022031941718295e+01 -3.832708277246071e+01 -3.141966352376127e+00
 -7.535588038015909e+01  2.860044185465554e+00  1.546503768871991e+01
 -7.838121101892970e+01  9.969279983688249e+00  2.638067612323502e+01
 -1.512149080031184e+02  3.990780577224699e+01  7.018809422274881e+00
 -6.944809576835915e+01  5.550620748478579e+01  9.361002698123187e+00
  5.079211855088562e+00  5.568986556677303e+01  2.564958342476461e+01
  1.160522460783633e+02 -2.021295060018088e+01  1.703345432167016e+01
  2.371404311316268e+01 -2.470785026724008e+01  9.695930464169362e-01
  1.150033385653382e+02  1.286581521748811e+01 -6.896299543249411e+00
  1.044690343979799e+02 -1.265802526970414e+01  1.861889113564073e+01
 -2.376876733319722e+01 -2.761914618394913e+01  3.027474666006044e+01
 -2.343306321778904e+02 -2.650114550968169e+01  4.289390879306034e+00
 -1.368728970813988e+02 -4.789263920470956e+00 -1.502134525698312e+01
 -9.450595069953952e+00  1.081996198976699e+01 -1.309838587909248e+01
  5.252495602408097e+01  6.243077342267748e+01 -4.535146047644660e+01
 -2.099417389896565e+01  7.524851796747924e+00 -5.808644765780542e+01
 -4.951253878841042e+00 -1.094345521823330e+01 -3.650690587705824e+01
  1.224533384681884e+01  9.667688309221644e+00 -6.448956311589985e+00
 -2.442017787240214e+00  1.451772354588586e+01  4.116046315143058e+01
 -7.705653733078879e+01  2.638153712137325e+01  5.475258876126193e+01
 -8.025478189211725e+01  3.549546364000985e+01 -2.142585201739472e+00
  6.787911410703288e+01  2.704958223157577e+01 -4.816927008104639e+01
  8.608883280805074e+01 -1.517230189513861e+01 -1.832527488970656e+01
  5.725022495331164e+01 -3.591787680592910e+00  1.361210643507031e+01
  1.997617637837261e+01  1.873396299705759e+00  5.040288133160624e+00
  6.031507106315548e+01 -6.617047739041426e+00 -2.497938489103255e+01
  4.508677117461936e+01 -1.629557661821186e+01 -2.301436349861263e+01
  1.815849796422692e+01  7.589333561346409e+00  1.212439434536063e+01
 -9.986120049285435e+01 -2.737762960438620e+01  4.135025081061023e-01
 -5.699720153201190e+01  3.010980127478159e+01 -2.153136675108472e+01
 -6.943444702062283e+01  4.302314458090208e+01 -1.784788631707509e+01
 -1.521276815566322e+02  2.337528329119644e+01 -6.322090877442155e+01
 -6.501261008453608e+01  3.943737203306038e+01 -5.622145041429232e+01
  5.000420617632656e+01  1.956385877068340e+01  1.314395478444618e+01
 -6.833665995317247e+01  3.672065480294375e+01  6.563520377918809e+01
 -9.908949629697865e+01  7.903832293723859e+00  3.011976209357801e+01
 -8.784744845278992e+01  2.211101223174217e+00 -2.914820172038807e+01
 -6.495205479470371e+01 -1.760610626475776e+01 -3.302390380196066e+01
  9.185579145877435e+01 -1.123048446689113e+01 -9.442629224988652e+00
  2.263191004665503e+02  3.961606799430072e+00 -3.565475252725099e-01
  1.238593218509996e+02 -8.498055870882133e+00 -1.642936541861182e+01
 -5.421440640008861e+01  1.682832107631012e+01 -2.886875514302817e+01
 -1.173516459631740e+01 -2.885229684018495e+00 -1.298707608494100e+00
  7.438130839475272e+01  1.358343431147389e+01  2.498710660627136e+01
 -7.758459841789377e+01 -2.727183716440049e+01  1.696519546327535e+01
 -2.594866279242280e+01  2.537809003721615e+01  9.431450299000719e+00
 -3.602309805608969e+01  6.084612495734598e+00 -1.577861126457284e+01
 -5.037347748931451e+01  2.649314415944361e+01 -3.429012095009489e+01
  3.452647458102700e+01  6.458818330702579e+01 -3.359513007553889e+01
  5.608545323850903e+01  4.471958729716175e+01  1.266352838492306e+00
  3.727416364793524e+00  3.137414003788967e+01  3.394274385643984e+01
  1.198643215338287e+01 -1.139648342683804e+00  2.914087910043578e+01
 -1.521473506767660e+01 -5.876486742526032e+00 -1.400641583469714e+01
 -7.145337015172623e+01 -2.463522917300011e+01 -4.638964610178229e+01
  3.076790055266444e+01 -7.922264309430165e+00 -1.616650772864434e+01
  1.933010321350800e+02  6.672184170492534e+00  3.847991870563582e+00
  1.132589379199655e+02 -1.356367567969113e+01 -5.766330318630370e+00
  1.424271148074964e+01  1.661400509649179e+01 -2.760797917880837e+01
 -7.900805042893091e+01 -5.898475701529959e-01 -2.451750790319389e+01
  8.380631499481444e+01 -6.586267993179377e+00  5.970583171998028e+00
  3.437253312644454e+01 -4.849867107340394e+00  3.331490220386638e+01
  2.612433968417685e+01 -7.460391771373368e+00  2.548908218422461e+01
 -1.148207578413685e+01 -3.295200047808035e+01  1.495755407193013e+01
  8.399912827101780e+01  3.922073600710208e+00  1.210435858142112e+01
  1.314264705153191e+01  1.484176630465399e+01 -8.912035676809321e+00
 -9.856513915654350e-01  4.495009207183431e+01 -1.355767254006237e+01
  3.541145304458421e+01  4.837785510575129e+00  5.347573711599105e+00
 -5.221704583839430e+00 -5.907131816562145e+00  1.783413103961422e+01
  1.694177074719611e+01 -7.294732424807723e+00 -7.017630946898317e+00
  3.167052103737495e+01  3.230329722589712e+00 -4.221381572468035e+01
  2.515106003664085e+01 -5.279175380133978e+00 -2.283923560863619e+01
  1.559075419545130e+02 -1.427639059814845e+01  4.956503704198427e-01
  9.415120796833888e+01 -1.602481482194581e+01 -2.122502223618531e+01
  7.413191770294700e+00 -2.064624662455262e+00 -3.420413870696414e+01
 -1.079273089573946e+02  1.685359219805488e+01 -1.286837472772193e+01
  1.695291290260204e+01  1.162127727528138e+01  1.721320871055963e+01
  1.263968499865854e+02  4.493444436474819e+00  6.474757431329223e+00
 -2.292844568842539e+01 -3.892374153436798e+01 -3.754135711700557e+00
 -9.525302657903916e+01 -2.273885033225948e+01 -5.948788464466002e+00
 -9.554631300003017e+01 -3.089658651347624e+01  3.850297619313979e+00
 -5.725653418555821e+01 -2.790290669086587e+01 -8.042593316358726e-01
  1.636807372174098e+01  1.512659876937919e+01  6.021938951841019e+00
  2.805630225125424e+01  1.355522476904311e+01  9.211068996042171e+00
  2.296949204801120e+01 -1.384129122842938e+01  6.085399961790279e+00
 -4.684883785465967e+00 -2.778667358704010e+01 -2.063803041765281e+01
 -8.597747049684602e+01  7.572920001710315e+00 -4.245447127138706e+01
 -4.597909485110757e+01  3.481785689231012e+00 -3.632974731603210e+01
  9.281391080737458e+01 -3.826232470442929e+01 -1.241332850861561e+01
  5.743023701696082e+01 -3.433160384313462e+01 -1.997573584457855e+01
 -8.396767726816837e+00 -7.612298992071883e+00 -1.042124524309687e+01
 -1.313595158167848e+01  1.961172458295966e+01  9.159720013442637e+00
 -1.030958586283301e+01  2.131864838382486e+01  9.516024813332002e+00
  9.670219768385016e+01  2.697933011591201e+00  6.305832752607285e+00
 -3.538717571154403e+00 -3.316913260466605e+01 -1.920455593545100e+01
  1.143005580408305e+01  9.364352519955998e+00  2.297194854925992e+01
 -5.089343312024251e+01 -8.151574685759476e+00  1.227414036199745e+01
 -7.014177352462323e+00 -1.934463855078044e+01  1.196013150107506e+01
  9.676958510641518e+01  2.911756815733530e+00  1.043229771134374e+00
 -4.791961527724885e+01  1.146061259690121e+01 -2.795301507944597e+01
 -4.334778314986836e+00 -2.772963648185229e+01 -1.466134902417166e+01
 -3.599610507090114e+01 -3.362856095677547e+01  1.737693500277907e+01
  4.142013043272306e+01 -1.409311230684734e+01  2.656908096802541e+01
 -8.290066528675105e+00  1.803139275259621e+01 -9.602307217926231e-01
 -1.360268499101493e+01 -2.229276855666140e+01 -4.560636717435724e+01
  2.837193702658510e+01 -4.281889568787310e+01 -3.429684437006532e+01
  1.453504765190974e+01 -6.154210345185355e+00  1.692712599836807e+01
 -6.984106389416911e+01 -3.375904605539664e+00  3.055295448066914e+01
 -6.822078669618516e+01  1.746377844846447e+01  8.216206097560125e+00
  4.269388638392208e+01 -2.109238016182353e+00 -8.232432659639434e+00
  1.224734610618421e+02 -1.344572732498279e+01  6.657379704283319e+00
 -1.051902853151237e+02  3.510353530313854e+01 -2.119320741370619e+01
 -4.649292413684861e+01  2.853250797991646e+01  3.877243823601360e+01
 -1.663914108707990e+01 -4.544834722184270e+00  6.630572650046687e+01
  3.092669098449502e+01  3.063636100848163e+00  1.182991969585950e+01
 -1.281242964168139e+02 -8.764993896621800e+00 -3.563443632844666e+01
 -7.809642557285235e+01 -2.245635969802908e+01 -2.173479074824537e+01
  7.427815219188294e+01 -1.499610793642646e+01  1.973163933927930e+01
  9.470675617287525e+01 -9.834428760553923e+00  2.117009451523037e+01
  9.306674516424771e+00 -2.244936910560489e+01 -1.745465523589031e+01
 -7.713540869564653e+01 -2.850752342653465e+01 -3.868599814792921e+01
 -6.252480393304404e+01 -3.049333921769819e+01 -3.447718990552011e+01
  1.604059833220634e+01 -5.585704683297412e-01 -4.903780629161201e+00
 -5.854310987100327e+01 -2.576467658678868e+01  1.823197941752241e+01
 -7.365120922637875e+01  6.420085037760612e+00 -5.864891646671069e-01
 -1.544060375790366e-01  3.839625793181492e+00 -2.079677164744683e+01
  7.341906171600306e+01  4.985471994219504e+00 -3.114830903084210e+01
 -1.036994257043336e+02  3.478944396941930e+01 -3.273840492792048e+01
 -9.304335676315585e+00  2.284101300955995e+01  4.846093691011301e+00
 -3.578153540676686e+01 -7.195139994002006e+00  4.381442284611473e+01
 -1.111073688949907e+02 -4.769955457970472e+01  3.542043116389867e+01
  3.164748077605609e+01 -2.089125463507120e+01 -8.789491332234038e+00
  1.138171897651463e+02 -2.711877266013187e+01 -2.411750660077107e+01
  5.811216158839959e+01 -2.018365937261255e+01 -8.305240640456812e+00
  8.427486103598665e+01 -2.767487180207656e+01 -3.532947395096309e+00
 -5.612025748492007e+01 -5.139032697937613e+01  3.075313765603346e+00
 -9.171432905386499e+01 -2.384310097812806e+01  9.069601573877353e+00
 -1.843990918523164e+02 -2.546736286585283e+01  8.990261086783093e+00
 -4.797153764292739e+01 -1.646255137172235e+00  1.630145343396369e+01
 -1.354882063094417e+02 -3.432950975423992e+01  2.837379617310291e+01
 -4.350913734998110e+01 -4.344398497697576e+00  4.342166005930538e+01
 -4.472734862576691e+01  2.245802807500228e+00  2.324420884289761e+01
 -6.043171284587659e+01  2.416843946827908e+01 -2.374392011229865e+01
 -1.268680886729929e+02  2.862220519845089e+00 -2.270049357500248e+01
 -1.940798657092106e+01  1.945089321526011e+00 -9.065476130558819e+00
 -5.983185636167487e+01 -1.693397100519257e+01  1.278841281274533e+01
 -1.145398627685880e+02 -1.035301350865508e+02 -1.362192197245442e+01
  3.978867271436433e+01 -4.409484927194865e+01 -5.889543607171684e+01
  1.530306100082183e+02 -3.629226942685327e+01 -3.207622467331897e+01
  1.310679734404973e+02 -4.427674914318250e+01 -1.168108971247759e+00
  2.377220669535438e+01 -4.695238434936948e+01 -3.063608645344583e+00
 -3.121371667615537e+01 -1.913441988388120e+01 -2.945891853236488e+00
 -4.292087684525307e+01 -3.609626272380814e+00  1.197659159754493e+01
 -3.303410397732824e+01 -1.345885257709347e+01  2.498628899564357e+01
 -6.777310392657697e+01 -1.373335928396462e+01  3.983875146502815e+00
 -1.030560852562223e+01 -1.492626696874319e+01  4.663572690690991e+00
  6.542066622571534e+01 -8.799344606057218e+00  4.327453271487642e+01
  4.129192833773056e+01 -1.045095673976781e+01  4.776452925477817e+01
 -9.594061420016828e+00  3.142733788939129e+01  3.085105245407103e+00
 -5.280602980149600e+01 -3.123302643573314e+00 -2.025227869153466e+01
  4.283023385622673e+01  1.603957163809530e+01 -3.286245593735933e+01
  6.072783457117399e+01 -3.107496891871509e+00 -5.033872911891051e+01
  5.821241459719381e+00 -8.392240475176436e+01 -4.288098979864851e+01
  1.113967826100330e+02 -6.192493514324813e+01 -1.854451197481821e+01
  2.098753642727499e+02 -5.180325781515182e+01 -5.415538521297011e+00
  7.930147768198890e+01 -4.363898430532591e+01 -4.195357343480762e+00
 -6.259756989318375e+01 -3.382888089701075e+01 -1.792790774163957e-01
  1.289329520057713e+01  1.540698020976329e+01 -1.231905372519624e+01
  8.401367984511617e+01 -2.492679865611869e+00  9.921381245684916e+00
 -3.309536272646724e+01  2.281019927193806e+01  4.325321660444001e+01
 -6.344876515661404e+01  2.380345509690462e+00  1.219580327583700e+01
 -1.264946454255913e-01  2.012296250850951e+01 -8.795328930949520e-01
  1.312521727420155e+02 -1.296053069826681e+01  3.483388511796307e+01
  1.265277326182305e+02 -1.702602826102319e+01  5.338704873494190e+01
  3.126269095993928e+01  1.713697704514713e+00  1.449799528758283e+01
 -7.002390219086490e+01 -8.841825289338896e+00  1.551276367148647e+01
 -2.101803269534813e+00  3.987598983255382e+01 -4.522561229586362e+01
  2.375566590588237e+01  8.686806268474749e+00 -7.356514018784098e+01
  1.039196018847069e+02 -3.058810226577526e+01 -5.057769258916361e+01
  1.045564198215300e+02 -4.255939833515690e+01 -2.957549619736591e+01
  1.864567804949429e+01 -4.399011812988593e+01 -1.339270558716567e+01
 -5.840772943850775e+01 -8.652178655703658e+00  4.564339809875480e+00
  1.597706134615269e+01  1.038464336452156e+01 -7.137231537688374e+00
  5.143371170834602e+01  1.640186637777737e+01 -1.921210905962370e+01
  4.582641386324865e+01  9.220179390722130e+00 -5.538074819384230e+00
 -3.663831910730673e+01  2.721927693840169e+01  2.566459290977400e+01
 -3.364922083162918e+01  1.466503157519136e+01  1.577701104025638e+01
  3.857059281399862e+01  3.398453760172320e+01 -6.580221012215007e+00
  5.325682801291680e+01  8.363996291609659e+00  1.978161530497125e+00
  8.522402134868560e+01 -3.231274221431237e+01  2.133052630299827e+01
  1.274901793872018e+01 -3.605592435192230e+01  4.225540049560063e+01
 -7.427760905516152e-01 -1.662768393977649e+01  2.027249896051972e+01
  9.008512192155285e+01  1.911676096376822e+01 -1.129100474645879e+01
  2.707793655589713e+01  3.952137302712009e+00 -4.543979218962014e+01
  9.125202507452778e+01 -1.399463819976821e+01 -3.922939167271150e+01
  1.491477450994102e+01 -1.854407833767822e+00 -3.565833117199102e+01
 -7.547413560386197e+01  8.770406515605474e+00 -1.614621832455653e+01
  1.581693820422637e+01  2.845042960956768e+01  2.990481604271872e+00
  1.056044267565234e+02  3.943401552881341e+01 -3.839825821678375e+00
  2.555413300193820e+00  2.039851619586311e+01 -1.353697567229247e+00
  1.996131374497426e+01  2.887314587799444e+01  2.547412987540841e+01
 -1.897040681864743e+01  2.747237753495193e+00  5.415300067205320e+01
 -7.939167976196060e+01 -1.028635208049985e+01  2.133030309745293e+01
  1.091417884130100e+01  1.916593918171862e+01 -2.655694828587384e+01
  9.201636057896847e+01  1.324177736672909e+01 -4.872461506435489e+01
  6.420819885606928e+00 -3.652628951811742e+00 -1.302289797192230e+01
 -2.526762772890066e+01 -3.189112195093249e+01  2.781093670710696e+01
  1.294430489457290e+01  1.932646912100491e+01  9.681738383097612e+00
  1.504106897258787e+02  2.980714472548313e+00 -2.885320857780574e+00
  1.645859743243962e+02 -3.943252481173894e+00 -3.419071663307226e+01
 -6.205687606489657e+01  3.156159213373437e+00 -3.236959367967535e+01
 -2.558529137040763e+01  2.800739167957815e+01 -1.875957789049616e+01
 -7.373569420913353e+00  5.959907893126325e+01  4.280598656081235e+00
 -6.265472557826314e+00  3.542789555660337e+01 -1.663243475279621e+00
  1.729838910023704e+02  3.720770374119893e+01  9.246067631094146e-01
  1.386221036008171e+02  3.156712301026608e+01  2.686108575417013e+01
  5.841596866573243e+01  4.644455610856899e+01  1.259361300901085e+01
 -6.751772156774931e+01  2.644984878324928e+01  3.919919771654710e+00
 -2.798421821287906e+01 -8.697168487020967e+00  1.217241531425818e+01
 -2.638274066206691e+01  1.067903510182373e+01 -6.678855911424787e+00
 -2.752586886354469e+01  9.915782399217024e+00 -4.153318558726736e+01
  7.474170884316010e+00  3.018569653852791e+01 -4.978239229179464e+01
  2.476017105718701e+01  8.973965859840645e+00 -2.379517591088144e+01
  1.024844693448754e+02 -6.845600253161865e+00 -7.043889403429779e+01
  1.420994071281015e+02 -2.027853049827931e+01 -9.735322051290819e+01
  9.714038595826392e+01  2.076162978157816e+00 -4.813891229606310e+01
  3.880356692853948e+01  1.783166087770328e+01  7.643465875036020e+00
  7.651907164888357e+01 -1.546391031147231e+00  3.600616997249294e+01
  1.231662545705886e+02  2.801006797711394e+01  4.473924563568832e+01
 -1.622920190200899e+01  3.549661674462624e+01  2.576257319959134e+01
  1.302504200047662e+02  1.820277029803341e+01 -1.125611882551078e+01
  1.195610736656090e+02  2.171361457511026e+01  4.670346361992028e+00
  4.939964240757772e+01  3.464559292465577e+01  4.095043560257658e+01
 -6.173368754314107e+01 -3.751983941884027e+01  2.595570611577159e+01
 -3.818071667489613e+01  5.745041966653018e+00  3.356653154163968e+00
 -8.425691897974730e+00  3.411817621489509e+01 -9.964320199481911e-01
 -4.799803792773222e+01  6.419828886257613e+01  9.362593018764320e-01
 -1.714997160477368e+01  5.505173647082819e+01  1.688674977327306e+01
  6.793965977627384e+01  3.361486402419538e+01  6.905868418895409e-01
  7.690354012074565e+01 -3.927445389645116e+01 -3.684918903396647e+01
  1.514698486325022e+02 -4.771710324067275e+01 -6.522346498329017e+01
  1.200030304901864e+02  3.675773887536839e+00 -6.359057848078523e+01
 -8.130551482115291e+01  3.098943336362817e+01 -2.869264555616569e+01
 -5.004121443960449e+01  2.935121835842184e+00  4.870468448510175e+00
 -3.397455304244202e+01  2.782059906869197e+01  5.320581455207642e+01
  4.349197663622055e+01  2.891633446093617e+01  3.968500069617937e+01
 -1.943382488911028e+01  1.601602121973846e+01 -2.275161037679697e+01
  8.453365214449309e+01  1.891479531084845e+01 -1.955951434789832e+01
  5.850871014265103e+01 -8.740370991269442e+00  8.717223854343654e+00
  7.150706416130147e+00 -5.726693415311121e+01  2.592466560755875e+01
  7.915720558304608e+01 -3.631143735562499e+01  4.282786377410292e+01
  6.862842171247314e+00  1.258655376348113e+01  3.116148086928430e+01
 -1.007256673854679e+02  3.357842215261705e+01  9.826531699533630e+00
 -1.034933082099240e+02  3.955786875607158e+01 -2.927674879840211e+01
 -8.175652898182057e+01  1.066185858608329e+01 -4.554412800332332e+01
  9.408071203312101e+00 -2.802794163890318e+01 -3.103727978183135e+01
  4.515785053973680e+01 -4.123495388956688e+01 -3.249352107643250e+01
 -2.147837733678071e+01 -3.198662144303785e-01 -5.141941351250135e+01
 -1.129016956065902e+02  2.809997542754423e+01 -2.844449708500589e+01
 -8.798855009904636e+01  1.028675588521898e+01  3.056886169048192e+01
 -1.625160403752514e+02  3.658472678258137e+00  4.460301389815620e+01
 -4.493847577082718e+01  1.537015234281563e+01  6.520609136142726e+00
  2.300465102876792e+01  1.443776550198947e+01 -1.556799430424562e+01
  1.597040040679028e+02 -2.466433461162438e+00 -2.987404194930539e+01
  4.890381964483537e+01 -3.985163177748124e+01 -1.740680016555874e+01
  1.205920299277246e+02 -2.195876261777677e+01  9.629104260961734e+00
  8.097676943855342e+01 -3.176294203517288e+01  5.064990327981483e+01
 -2.810743442881079e+01 -1.968353813146943e+01  8.838026678799088e+01
 -1.102937834859680e+02 -4.240115852869191e+01  5.299454543969279e+01
 -1.856081231750393e+01  5.179268377244490e+00 -2.312055688880701e+01
 -2.938549706480369e+01 -2.449785191969333e+01 -5.468710024328891e+01
  4.138688458559490e+01  5.613548065216913e+00 -4.396712505202765e+01
 -8.371344099523573e+01 -3.194093398111958e+01 -2.330278566452245e+01
 -1.480102506476831e+01 -6.462509773666815e+00 -1.133679083502527e+01
 -2.216612738919033e+01  3.363213089856431e+01 -3.787233937081057e+01
 -1.006745772686659e+02  4.922919086245780e+01 -2.553704163737461e+01
 -1.103128781089067e+02  3.558647444647329e+01  2.315697543100663e+01
  4.004164229103992e+01  8.993665535863180e+00  3.485042821195283e+01
  3.046761994016623e+01  2.051416305975453e+01 -1.760521612816968e+00
  8.096043180359233e+01 -2.248383540882106e+01 -2.072522649591961e+01
  6.595650833030416e+01 -1.997254405508898e+01 -3.856147801768408e-01
  8.361652055447635e+00  6.297271013087525e+00  1.741052981620901e+01
 -2.986232872797072e+01  3.312687083367413e+00  4.044873374637260e+01
  2.892428838614131e+01 -2.073521191595898e+01  6.221669906076706e+01
 -1.903360486746798e+01 -8.445153076974512e+01  2.923997381297043e+01
 -7.557782293686353e+01 -4.442584623356363e+01 -3.881091440512785e+01
 -3.434287511145003e+01 -4.039474767413974e+01 -5.542386289856892e+01
 -2.198546779940303e+01  4.046067714232104e+00  1.401468565769563e+01
 -1.336633758520323e+02 -2.671628478759463e+01  3.619251440332040e+01
 -1.114993269145533e+02 -1.254935619004656e+01  3.351471808681028e+01
  8.064220904255778e+00  3.038642396959161e+01 -1.846865134460485e+00
 -1.565460131815618e+01  7.057919735479754e+01 -2.081328000292263e+01
  4.329140112991450e+00  4.572982360289391e+01  1.326185590247491e+01
 -1.075935553081219e+01 -1.810732879124623e+01  1.789215693852672e+01
 -4.962923990381468e+01  1.931414188785823e+00 -1.238912238293660e+01
  9.289560416418675e+01 -1.277337336128925e+01 -2.744603879928238e+01
  2.654597021229007e+02  5.667358300255990e+00 -2.176605249638073e+01
  1.294832491647322e+02  1.449165273904512e+01 -5.139655541292711e+00
 -5.736224872169632e+01  1.145545967518086e+01  6.346007967824140e+00
 -2.908928854290476e+00 -5.210542351821270e+00  2.364889312809145e+01
  9.396817866944023e+01 -4.200476044553837e+01  2.039105968178327e+01
 -3.349227581094376e+01 -5.924201871613006e+01 -2.198639940281358e+01
 -5.745127387077753e+01 -3.608136758693453e+01 -2.650431787681214e+01
 -4.008721914972648e+01  1.637437194596377e+01  1.758693099650321e+01
 -2.426264967482188e+01 -1.531380275150648e+01  2.242384840069453e+01
  1.260315705742071e+01  3.382026293604385e+01  1.502481332021207e+01
 -2.954360835021451e+01  1.930160901317441e+01  1.454939715178949e+01
  4.820168461189596e+01  1.540754737679840e+01 -1.362331363413293e+00
  5.617924844785737e+01  1.223909177839018e+01 -2.670613100570302e+01
  3.621431763713834e+01 -3.034096746877398e+01 -3.957622479444478e+01
 -1.110283984505366e+02 -1.486410078688776e+01 -3.437163319885522e+01
  3.096646601007046e+01 -1.321529946357043e+01 -4.004993092560120e+01
  1.975822888622494e+02  4.525973382729402e+00 -5.442696649937578e+01
  9.220961648175839e+01  6.007634232090870e+00 -2.168382726606866e+01
 -4.899776248571444e+00 -3.202908962254898e-01  2.542055143257861e+01
 -7.366315517676856e+01 -2.175471770931323e+01  2.012500190068314e+01
 -2.460049168807853e+01  2.957527670594503e+00  1.799703830765598e-02
  4.500157785933834e+01 -4.103445567994258e+01 -1.333257236756812e+01
  3.084897661967698e+00 -6.472836435745442e+00 -1.017520381913391e+01
  6.690772367888383e+00  2.744515462445254e+01  5.840680845796181e+00
  1.033251451427790e+02  2.387194826966364e+01  2.796466656315161e+01
  2.491194304116967e+01  5.365090072605962e+01  3.880266967952561e+01
 -1.879441164726018e+01  1.513377392181894e+01  7.446427798408960e+00
  5.167567037339201e+01 -9.793934262292330e+00 -7.981746062339731e+00
  1.050216856563168e+01  6.089795566787202e-01 -1.657328402766560e+01
  3.278388137153461e+01 -1.202878892667587e+01 -4.074337410961159e+01
  2.292227102379359e+01  6.922174102869246e+00 -5.234230599306301e+01
 -1.324409057065176e+01 -4.203954000405206e+00 -4.339814144057317e+01
  1.552564674158297e+02 -9.943514530498700e+00 -1.953744728313403e+01
  6.947823004690886e+01  6.462496503788000e+00  6.687917171055064e+00
  1.268236516279667e+01 -9.127702825366264e+00  1.825777285954352e+01
 -1.453206612468244e+02 -1.374869452268850e+01  1.386730900775862e+01
 -8.639777482867636e+00  5.944785475205583e+00  8.769744139555540e+00
  1.294528987989771e+02 -1.070902951848641e+01  5.633194551970902e+00
  9.352041430030926e-01  2.221943506067873e+01  4.722935586784877e+00
 -8.425979267882647e+01  2.036294818326916e+01  2.135286293304728e+01
 -2.577783065473491e+01  3.775911416947492e+01  3.299103552452463e+01
  1.857548835934535e+01  1.031936780974448e+01  4.567742448164582e+00
  1.847658930832946e+01 -3.089579862010527e-01 -1.745741206041890e+01
  6.298462740966153e+01 -1.579769032240114e+00 -1.547791607222036e+01
  7.194010367119614e+01 -2.456705677317924e+00 -1.802689138688210e+01
  6.975881709796901e+00  2.129023773614338e+00 -1.553416022778933e+01
  5.324262493617486e+00  6.816622038764043e+00 -3.603819328584277e+01
 -8.599814842529224e+01  8.750248152464234e+00 -3.817663412537961e+01
  7.675644781801893e+01 -1.086689887887081e+01 -1.771845654860231e+01
  6.599780797628613e+01  1.649418965719318e+01 -5.808074651735933e+00
 -2.296783080836300e+01  1.571060612557114e-01  2.854849313985631e+01
  5.185383084901585e+00  1.891324031273745e+01  4.377306862599872e+01
  7.181409697126938e+00  1.949065498336055e+01  3.471522921512124e+01
  9.744102523993450e+01  9.698221775769083e+00  1.937556454139056e+01
  1.488519322230213e+01  2.577779842332845e+01  7.058648873719824e+00
 -4.976253572262873e+01  3.811071298144494e+01  4.660844587279726e+01
 -6.033877157188303e+01  1.080082412828179e+01  3.117569015557403e+01
 -4.395508139181392e+01 -4.892861893928481e+00 -1.058212032474025e+01
  4.259563433779896e+01  5.476521635319338e+00 -2.749270220894225e+01
 -3.352048722623388e+01  1.228073728193683e+01 -3.422530786197480e+01
 -4.711853958655593e+01 -1.254637213956430e+01 -2.135768049124420e+01
 -4.304282498817970e+01 -1.223665912998683e+01 -4.850146029450075e+00
  3.412400306808200e+01 -7.017968940937886e+00 -1.552505994900093e+01
  2.342802133954109e+01 -3.540423212613442e+00 -2.338609963161970e+01
 -1.728784062118720e+01  5.548856455930050e+00 -3.105472048346632e+01
 -1.604443694986443e+01 -1.064367232551882e+00 -1.793685572852615e+01
 -3.198306214972905e+01  4.080977843936675e+01  1.027052397812804e+01
 -2.828441610555956e+01  3.620374929591306e+01  2.841619400103076e+01
 -6.876220955966879e+01  3.719446794341387e+01  2.314341815498199e+01
  8.464442673120664e+01  3.266672516692971e+01  1.474013203537148e+00
  2.562883335613412e+01  2.994515582233930e+01  1.635865434502385e+01
 -7.918148700972533e+01  4.218955232671766e+01  5.971103325660396e+00
 -1.033645975681048e+02  1.075082697990288e+01 -9.984058348288340e-01
 -3.381484441035098e+01  5.126846629642769e+00  1.249558989134047e+01
  5.880770663451669e+01 -4.786395770438489e+00  1.758951736114184e+01
 -9.774245122835706e+01  2.091332390014689e+00 -1.375179659611621e+00
 -7.521677973374278e+01 -1.916822310622043e+01 -5.984997576167430e+00
  2.716420336446836e+01 -3.429111889278597e+01  1.811847053591514e+01
  1.173902046796332e+02 -1.081881196981429e+01  2.452298481032127e+01
  8.891599375005931e+01 -8.981965847427761e+00 -9.632230044651545e+00
 -3.336775735722598e+01 -2.208169304571924e+00 -3.699240680356639e+01
 -1.109628098389505e+02 -1.899835509390118e+01 -9.166957221402242e+00
  5.482167516009514e+01  3.293729442408048e+01  3.803995498429887e+01
 -4.328461519611722e+00  1.494990792559627e+01  3.020082362401460e+01
  2.826239793290416e+00 -1.508843430675395e+00 -2.668456329037860e+00
  1.095593815236007e+02  1.186230499292235e+01 -9.480293637599251e+00
  3.041910542817217e+01  3.226552295904055e+01  3.623136201504500e+00
 -2.884235148908534e+01  7.676590556444779e+00 -2.256529823294883e+01
 -9.183723032119393e+01  9.977955201389218e+00 -1.291938874861331e+01
  1.671483148701165e+01 -1.608695617563946e+01 -8.964646872330151e+00
 -5.124870768205705e+01 -2.900335762819545e+01 -2.774387982854808e+01
 -6.019409794253399e-01 -1.997174865360950e+01 -3.286735573093860e+01
  5.345968394449943e+01 -1.969633984505661e+01  1.011595253939519e+01
  8.693416644849742e+01 -4.879836407345844e+01  4.845281445397481e+01
  2.941445196674014e+01 -9.999899165692796e+00  3.796569823765917e+01
 -5.358973838002883e+01 -1.688454043746983e+01  2.328921410807328e+01
 -7.104208139023217e+01 -2.210482510779916e+01  1.190315033057956e+01
 -1.407447113564991e+02 -3.324193614247559e+01 -1.110778229584965e+01
 -3.008892115067565e+01 -3.117649143014938e+01 -2.059942756044929e+00
 -8.217334029360021e+01 -1.623393763445942e+01  2.429527088901684e+01
 -2.852163197855139e+01 -2.891300755894098e+01  2.576758426936641e+01
  8.238081968204959e+00 -4.127320201703351e+01  1.968307198469686e+01
  3.286105038123299e+01 -2.633737729253791e+01 -2.813885740099447e+00
 -3.322701164863107e+01 -3.776544884494361e+01 -7.472070573033196e+00
  3.087445661289645e+01 -2.417303524722541e+01 -3.222990787403943e+01
 -5.155246952286166e+01 -4.302065190130524e+01 -3.675682488858577e+01
 -8.891830926626761e+01 -3.685839134378634e+01 -4.656434179661824e+01
  1.357236123796493e+02 -3.346271754656211e+01 -3.168243654265322e+01
  1.032263725132580e+02 -1.208380211109847e+01  8.984075897653504e+00
  8.081509436206635e+01 -3.846049679855267e+01  2.912515067554873e+01
  4.523116851753021e+01 -1.010459622631280e+01  1.760945980302114e+01
 -9.395491759010636e+01 -3.595800123463435e+01  1.024532975486908e+01
 -2.153870646441756e+01 -2.669107765902891e+01 -7.181166345900881e+00
 -7.907013203632246e+01 -3.594974499275354e+00 -2.160694993535446e+01
 -5.811205205410035e+01 -4.399419450854730e+01 -7.921855960880071e+00
 -3.848127993677659e+01 -3.623095700242884e+01  1.825679133852667e+01
  5.104253736996400e+01 -2.605645699581315e+01  2.275668450063512e+01
  5.556777058488470e+01 -4.274584380562460e+01  2.253725644635595e+01
  1.619065521959316e+01 -5.359793912712001e+01  2.719329805180261e+01
 -9.775316376359689e+01 -3.322555540625623e+01  1.684469954946903e+01
 -9.277446435527146e+00 -1.485939325710569e+01  8.475717954880047e-02
 -8.725283255774965e+00 -2.414859521245469e+01 -2.429677994596830e+01
 -4.560565108677054e+01 -2.969230709271083e+01 -4.808232922368670e+01
  7.307059610693496e+01 -4.859497437679832e+01 -3.845219178291271e+01
  1.957614457553197e+02 -1.888730400451796e+01 -7.723539862479476e+00
  3.993935300507209e+01 -1.161083675661648e+01  2.318525152250851e+01
  9.292876958899154e+00 -3.179857529104160e+01  4.292729388619520e+00
 -1.136179142758277e+01 -4.215637953582707e+01 -1.558769884840725e+01
  4.494899668148250e+01 -3.017088615523907e+01  4.878178706179169e+00
  3.616729968787797e+01  1.759926079141393e+01 -1.384292030594256e+01
 -3.163993348030453e+01 -2.090250369523334e+01 -3.603712374761240e+01
 -2.040575856835331e+01 -2.716425519514362e+01 -2.116516995624705e+01
  9.057042708619282e+01 -2.764696903426510e+01  1.345374072555593e+01
  1.083735871111419e+02 -1.986077669318968e+01  2.171308086054642e+01
  5.888968749142454e+01 -1.592714975215911e+01  1.753185792692123e+01
  7.624310540197961e+00  5.970354848886469e+00  2.004444896302722e+01
  8.103695801638585e+01  1.984097900478333e+01 -2.923111516706771e+01
  3.431511222896382e+01  4.169044538573438e+00 -3.518283586910734e+01
  8.841623663914601e+01 -1.246551164308987e+01 -3.754534397857350e+01
  1.285001844974877e+02 -4.225366010392558e+01 -3.404237159710974e+01
 -2.345492094023605e+01 -6.676599574200669e+00  1.212298605817519e+01
 -7.650642663176835e+01  9.264733976358790e-01  3.020862858700598e+01
 -3.563250369717269e+01 -3.222166479033367e+01 -4.059123469374553e+00
  5.516036976512064e+01 -2.436260005975022e+01 -2.365710729627927e+01
 -2.769318151999911e+00 -9.335882097225788e+00 -1.917841511861770e+00
 -6.304317929638844e+00 -1.506337776492841e+00  2.590011316234055e+01
  7.443517710619028e+01 -9.834251499407848e+00 -1.814646082542675e+00
  4.981176731024821e+01  3.449947512222543e+00 -4.040622237092421e+01
  2.644371181413695e+01 -1.527108873471258e+01 -2.389272762541444e+01
 -1.461578346402815e+01  1.335929370134445e+01  3.673947721878583e+01
  4.294111177062584e+01 -3.185943070301388e+00  6.594194257439845e+01
  4.318223199329539e+01  3.658894674640110e+01  1.847213329389431e+01
  7.980937080600135e+01  1.505002334649523e+01 -1.381205809038819e+01
  7.811026508671289e+01 -6.978362959884550e+00 -4.372764202124465e+01
  9.206120785501136e+01 -1.470890423915280e+01 -4.733590432772941e+01
  9.247668869750315e+00 -3.594015263284579e+01 -2.096971672938652e+01
 -1.333453066476080e+02  1.342781399127123e+01 -2.228763585052348e+00
  7.878595885193926e+01  1.984043036360998e+01  9.811178005228930e+00
  1.135552605544311e+02  2.383710278453387e+00  1.408610684746570e+01
 -2.626606822360947e+01 -5.832109098270362e-01  1.449129253769561e+01
 -3.850168651326725e+01  1.248730277722063e+01  1.295183707127368e+01
 -2.642712780884157e+01  2.718880871168129e+01  6.474976670452190e+00
 -4.421582973706001e+01 -2.745320137445743e+00 -3.264409306482245e+00
  4.469902950983389e+01  1.377621951862948e+01 -2.070049737552367e+01
  8.673246713475069e+01  3.147212100207177e-01 -1.131143613958454e+01
 -5.660533822961410e+01  2.639684333094601e+01  1.207465714294486e+01
 -2.209924057105206e+01  1.303338370905329e+01  2.684100905455843e+01
  4.320397080657825e+01  3.229750269599499e+01 -8.571318984661414e+00
  1.593532733867172e+02  7.405543579646475e+00 -5.594372588292798e+01
  1.105163211906774e+02 -1.687706906873600e+01 -4.695090917593546e+01
 -3.652293331329715e+01 -5.980129659932818e+00 -3.830487808167552e+01
 -7.555590439202456e+01 -1.506755621712508e+01 -3.029207119630592e+01
 -4.767916292086838e+01  5.044306992359127e+00  1.305149685751998e+01
  7.578683963864543e+01  3.005230776513103e+01  2.293061858977371e+01
  1.237145910179690e+02  1.972375842755054e+01 -6.596374574072456e+00
  1.228551451558043e+02  1.644195820740711e+01  1.310746788704959e+00
  6.242520392626096e+01  2.956722249037069e+01  3.616956230542359e+01
 -4.202830813976728e+01  2.452481995469282e+01  2.869459919805294e+01
 -2.165432255283098e+01  1.634840664893505e+01 -5.005062463365660e+00
 -7.929775597996275e+00  3.087841430751905e+01 -2.948645862337571e+01
  1.788324075486630e+01  3.794768304815409e+01 -1.112926976010421e+01
 -4.994125342245241e+01  4.193800289413210e+01  2.684994323103568e+01
  1.108617069244112e+01  3.091537840379613e+01  3.224340142649102e+01
  1.638474285462943e+02 -1.264078556612773e+01 -1.039383167390715e+01
  1.160242780852064e+02 -5.115312603695440e+00 -8.056474009292641e+00
  4.860583927883474e+01 -3.006638180401144e+01 -6.444623650367403e-01
  4.311374823398716e+01 -5.170057094593990e+00  4.899707325664130e+00
  1.670843490234123e+01  1.391580810369788e+01  2.334342700618670e+01
  8.596489344104012e+01 -1.537400560777601e+01  2.957753061086305e+01
  2.468790098884201e+01  2.373943520359678e+01  1.336185204918085e+01
  1.201698833793634e+02  3.962044903401608e+01  8.831331254397204e+00
  6.554934668432664e+01  1.054371548996757e+01  1.627567712048940e+01
  8.495816520612816e+01 -2.499604046158264e+01  3.240893757413704e+01
  2.085737124718098e+01 -2.143830967169038e+01  2.829543569300717e+01
  8.162815284660306e+01 -7.213912481947935e+00 -1.475080101845359e+01
  4.892162798992428e+01  9.707541773881001e+00 -4.131648405925147e+01
 -5.765842694232884e+00  2.515459931039661e+01 -6.473125352597968e+01
 -8.404058537840822e+01  9.945053143989204e+00 -6.269792391943254e+01
  2.925833881718297e+01  1.981578092916509e+01 -2.195528836009928e+01
  6.954542978924155e+01  2.001456668460911e+01 -5.752101167262191e+01
  1.245139320821008e+02  1.650584702909546e+01 -3.059067122656229e+01
  7.467169279793943e+01 -2.413230321842384e+01  1.200497943312869e+01
 -6.490484641506596e+01  2.015945404028783e+01  2.055452527591839e+01
 -4.452340308607582e+01  1.483504119511401e+01  1.873429934383165e+01
 -6.491071680931260e+01  2.331249975833626e+00  3.679451723817928e+01
  9.226355984576293e+01  3.797247797661639e+00  4.150733912254202e+01
  4.374656518508864e+01  3.098354525797148e+01  1.257568329578707e+01
  1.132579623737059e+02  3.864279048271873e+00 -2.162262475378615e+00
  3.247362192988511e+01 -2.554922839104131e+01  3.112567131091911e+01
  2.514915826335679e+01 -2.753570531307354e+01  4.238169678745645e+01
  7.144219097706639e+01 -3.026469908501874e+01  3.304860654538489e+00
 -1.588324950850776e+01 -4.884911049846041e+00 -1.946776671015486e+00
 -3.136110396202803e+00  1.270926663377571e+01 -1.093267228176161e+00
 -5.474292438524560e+01  5.144782201386046e+01 -2.143978843418343e+01
 -3.657888027486096e+01  5.169771515100349e+01 -4.111284388684453e+01
 -3.081143777082113e+01  6.835523632856496e+00 -6.454946896470410e+01
 -1.423739298374127e+01  3.071127664969609e+01 -5.574028393349041e+01
 -9.173466870966729e+01  8.835400103106034e+00 -2.437325473004002e+01
 -8.943758406191968e+01  4.770627131343431e+01 -5.765307506647801e-01
 -1.538248665982902e+02  6.461109062186587e+00  1.804539573862415e+01
 -1.272962751692276e+02 -1.402729338416431e+01  8.268115730637181e+00
  1.277467843159201e+01 -1.653178110845960e+01  5.641927524136825e+00
  5.734904133138420e+01  5.495674272947817e+00  3.020827190541633e+00
  1.523048956204234e+02 -1.570131539727776e+01 -1.120014878058913e+01
  4.417838854324349e+01 -2.707113831475133e+01  1.497438665117921e+01
  1.022484446548550e+02 -1.148357352412235e+01  2.535399390977474e+01
  4.251053055109440e+01 -2.827282809196069e+01  5.705582490027525e+01
  7.407706560997212e+00 -2.525755443641713e+00  8.299399376755042e+01
  7.150165884122779e+01 -3.327074247757233e+01  1.993986142243254e+01
  7.368056544937839e+01  2.921999663261379e+01 -3.275579719302884e+01
  4.903142597467731e+00  1.375201690901419e+01 -4.778555993918659e+01
  2.814103698147429e+01 -2.332083368310871e+01  2.076453386434002e+01
 -7.414113285683794e+01  2.544923963172926e+01  2.434421492036963e+01
 -9.405997558678607e+00  2.390675625753854e+01 -3.229509440790899e+00
 -3.352789499491254e+01  5.597926221003837e+01 -2.889892252282942e+01
 -1.635617408640913e+02  2.215503726523525e+01 -5.070551811837403e+01
 -1.731754812236649e+02 -1.143560575969442e+01 -5.384541292665432e+01
  9.563291439142709e+00 -1.234998696942922e+01 -1.316590405523775e+01
  7.220382143887265e+01 -1.924937279924155e+01  8.833947870820106e+00
  7.807672179040441e+01  6.552836520751208e+00 -1.775939313013118e+01
  3.085269061932309e+01 -3.111621983263046e+01 -1.098647930843752e+01
  2.253475239020114e+01 -7.547996376496229e+00  2.311499934358123e+01
 -6.520296136953435e+01 -4.110313934687488e+01  3.437153918557916e+01
  5.394793839925988e+00 -7.924120125752989e+00  4.844086967268790e+01
  8.176655439716111e+00 -5.584828526350028e+01  2.658361767595056e+01
 -4.908695469356063e+01 -2.882108238356819e+01 -2.316071548680097e+01
 -4.289593060011749e+01 -3.997731356319225e+01 -1.610314224552390e+01
 -3.773763966457348e+01 -3.534250118739605e+01  3.434216930616279e+01
 -1.024972716299026e+02 -1.540830296025804e+01  3.717420508689789e+01
 -6.285737411184735e+01 -1.139038171072995e+01  1.708707098386071e+01
  6.209532225090858e+01  1.813389370439921e+01 -3.680997786747118e+01
  2.794115041208044e+01  3.172218221846918e+01 -5.373650059970716e+01
  1.561440267338996e+01  1.333428288961398e+01  1.063590013130982e+00
  6.356204909913962e+01  9.857282652521846e+00  2.958216701848200e+01
 -7.689364745890087e+00 -2.183091880894475e+01  1.187829712180493e+01
  1.306081859945398e+02  5.343463126482208e+00 -3.338518060273499e+01
  1.401054722005277e+02 -7.621770344636042e+00 -3.107870479708730e+01
  6.604390211267508e+01  4.167064898124382e+00  6.540321090224490e+00
 -3.468126707911595e+01 -3.550160451706751e+01  1.253166307317593e+01
 -1.308186219378635e+01  1.133478191311768e+00  7.845797976882093e+00
 -4.793986398861154e+00 -3.486497857456851e+01  9.376920639731177e+00
  4.379150008305430e+00 -2.314677812962640e+01 -7.682250483572464e+00
 -1.156620877247507e+02 -4.456794057366685e+01 -3.542398580584987e+00
 -4.466702532568203e+01 -1.922235374405019e+01  1.792593093916739e+01
 -1.178657427161850e+01 -3.298075802591352e+01  2.723566908396092e+01
 -2.532545211638815e+01 -3.244252411140985e+01  3.272894790871422e+01
 -5.074438069426088e+01 -2.825873270191751e+01  1.650098239807730e+01
  1.261317072868512e+02  3.059002583196390e+01 -2.264120356854171e+01
  7.280340363603207e+01  3.814394790152015e+01 -3.830574535292097e+01
 -7.545944625723958e+00  3.924125820638083e+01 -6.658277740906807e+00
 -1.102776107049795e+02  1.418694140331541e+01 -1.729606955773652e+01
  1.430665589692836e+01  7.185214645431314e+00 -4.364711647853375e+01
  1.882718065942251e+02  1.088470245844114e+01 -4.150828031309810e+01
  1.040635599220822e+01  3.288859111233840e+01  1.140248563334819e+01
  2.239948378228032e+01  7.669866838339610e+00  4.111100957016463e+01
 -3.318661583327184e+01 -6.020464358716121e+00 -8.053194020002049e+00
 -9.163672288279746e+01 -1.509092452492708e+01 -1.721317303130679e+01
  1.239711580132077e+00 -6.937432637595574e+00  2.093145428079081e+01
  3.948730800164678e+01  3.078665351335040e+00  3.146463415689585e+01
 -4.874297780616303e+01  3.204776741546944e+01 -7.828303328587088e+00
 -2.457289001371194e+00 -2.123244652032106e+00  8.248495205895459e+00
 -4.458328388777000e+00  4.085131292756683e+00  2.103171904391650e+01
 -1.324147959819212e+01 -1.344207988638495e+01  2.611835103804756e+01
  7.250340432399375e+01  2.505343673429362e+01  1.905254011608155e+01
  4.988981772975318e+01  4.240396583375455e+01  1.315403934004586e+00
  1.315596234099447e+01  3.322979679054633e+01 -1.110996100356934e+00
  6.645293816151833e+01  2.293737347862880e+01  5.368912898050606e-01
  1.275824225261062e+01  1.752680704311365e+01 -3.073788690976529e+01
  1.337021861866833e+02  8.176182916439274e+00 -3.949775319888245e+01
  3.518223215932215e+01  3.757786053626139e+01 -1.005545912977710e+01
 -1.633849492646232e+01  1.877155352635377e+01  1.931752814229188e+01
 -1.332327250364851e+02  6.867862721721322e+00  2.127591605123951e+01
 -4.810939853872226e+01 -9.567737018113132e-02  3.109315678499967e+00
  9.391934738973595e+01 -5.852111670378221e+00  9.133582921587081e+00
  2.266520569577075e+01  2.682121829108729e+01  1.612880574676163e+00
 -8.562829755551115e+01  4.994328405494412e+01  4.559594849739458e+00
 -1.922305124602471e+01  2.959406740241975e+01 -1.179658793385904e+01
  8.009280248764543e+01  2.922233826951196e+01 -5.940837195803258e+00
  3.548081721516045e+01 -4.899765808207519e+00  2.261814735059443e+01
  1.117754399014553e+02 -1.162160659631070e+01  4.384988797770618e+01
  1.079675063273351e+02  3.965035432206943e-01  5.330077195224810e+00
  3.829384987167229e+01  1.276230127456406e+01 -2.483668402692627e+01
  4.870604321153259e+01 -5.644478475155057e+00 -1.370195347260405e+01
 -4.658430199922913e+01 -2.349471842304149e+00 -3.093364075680727e+01
  3.328057870716550e+01  3.818733253966480e+00 -4.554638836053958e+01
  2.073354888257342e+01  1.600567136942391e+01 -3.864187206649174e+00
  1.074354065999702e+01  1.877179718984907e+01  1.685532688783983e+01
 -8.799959282970050e+00  1.789475270836164e+01  1.833689784069072e+01
  2.881537583604471e+01  4.442317350392221e+01  9.288015973699530e+00
  7.936632819405841e+01  2.824523211140425e+01 -3.001777789832389e+01
  3.259107464555380e+00  1.613141102386394e+01 -1.189338405672942e+01
 -8.414246214824519e+01  4.877950845487008e+01 -9.750079603113511e-01
 -6.846305382393146e+01  2.393130371002479e+01 -4.094852922791794e+00
 -6.536890882610798e+01  5.871543758003575e+00 -1.503532367826864e+01
 -3.819415567591486e+01 -1.355260926215286e+01  5.887653273556254e+00
 -4.423503522628829e+01 -1.463212377755207e+01  2.182643788816870e+01
 -5.962343529815311e+01 -3.864539099663900e+01  2.444762905831143e+01
  2.828661769305221e+01 -1.710590292817213e+01 -1.704993746683810e+01
  2.915934578502422e+01 -1.215099692124157e+01 -4.245124645103932e+01
  4.598604137943995e+01  4.509494759017938e+00 -2.435435604502072e+01
 -5.797927923692149e+01  5.493394875732297e+00 -1.561337666047599e+01
 -4.943153414185746e+01  7.856669072314300e+00  2.658315682467407e-01
 -4.313657342638257e+01  2.654262882838790e+01  4.550983042748207e+00
 -1.816800577606673e+01  2.246032915361882e+01  1.355965564733892e+01
  2.734155874791813e+01  4.272849021648358e+01  9.734542144357452e+00
  7.968707311988106e+01  3.257476982409611e+01 -8.858906073416595e+00
 -2.608179920921581e+01  2.221479017223221e+01 -1.308293760476731e+01
 -2.115959078724818e+01  4.847868741973626e+01 -3.327035124232182e+00
 -1.515796677606554e+02  1.242431018850474e+01 -3.800688237051956e+01
 -7.890760858470671e+01  4.215901879719969e+00 -3.561640437888067e+01
  2.644553698184668e+01  6.153440870047262e+00 -2.304635485491561e+01
 -5.430458838319153e+01  1.693335113464851e+00 -2.343264574948046e+00
 -3.354628454145217e+01 -3.044848303134819e+01 -1.642494641186753e+00
  9.118286239218303e+00 -2.734856557727496e+01 -2.181044657523329e+01
  6.919426264978044e+01 -1.456942237753537e+01 -1.855960139666004e+01
  1.076331114667086e+02  1.351097295025902e+01  1.964589256696248e+00
 -3.506832025815388e+01  3.732681267303266e+01  1.133983139587087e+01
 -9.447621187035114e+01  2.164544399283218e+01  1.510319593618323e+01
  6.659258683171846e+01  1.960697267008232e+01  2.895344950656602e+01
  3.498453217699938e+01  1.933947214582372e+01  3.299629557431123e+01
  1.181738460975524e+02 -7.627505926124808e+00 -7.624826195061685e+00
  1.690683976068763e+02 -1.507720007396534e+01 -4.108419399910494e+01
  3.284218735449754e+01 -4.436009327369398e+00 -5.530385329301655e+00
  7.053164791155503e+01 -5.560533855092494e+00  8.360684149815452e-01
 -1.257070751317910e+02 -1.889217756114104e+01 -1.740052550140198e+01
  4.000079343478447e+01  2.244223707380941e+01  5.252309092882868e+00
 -1.173735028239818e+01  2.161546296600470e+01  2.138914387027981e+01
 -4.514318814870161e+01 -7.500541384353287e+00  9.665831206217861e+00
 -2.258245037495595e+00 -2.220573029731777e+01 -4.981311133987596e-01
  9.196485069089582e+01 -2.425931212422014e+01 -2.014945687942171e+01
 -3.191118461372569e+01 -2.366631269969894e+01 -7.671362002482283e+00
 -3.203999071425284e+01  2.508965324539452e+01  1.744900429688398e+01
 -6.672677529793486e+01  4.798817865451355e+01 -2.841455945376888e+00
 -1.156537548294206e+02  2.116653283783988e+01 -2.770685747295172e+00
 -1.572285830853417e+01  2.692057565461206e+01  1.674058581156221e+01
 -3.077625375403391e+01 -2.590699413748208e+01  1.618814045098640e+01
  8.603586578569086e+00 -3.832129006226836e+01 -4.713117267137244e+00
  3.286172007776081e+01 -5.223126439737619e+01 -2.787130458191887e+00
  9.701062789911887e+01 -4.424642702647570e+01  1.867894252499903e+01
  4.896586892228454e+01 -4.375388965086253e+01  4.701441924475530e+01
  5.833302784872031e+01 -5.159049487280528e+01  2.258547054701302e+01
  2.798857908469120e+00 -5.553485590181811e+00 -4.995439320602114e+01
  3.953244474185787e+00 -2.132435633767730e+01 -5.220881184785155e+01
  1.064310423074503e+02 -1.062971448247174e+00 -8.117605258470862e+00
  1.008689189111754e+02 -2.959351117087742e+01 -8.949860226152410e+00
  4.715819753478699e+01 -4.137972334773292e+01 -1.125835581091706e+01
  6.792536737601189e+00 -3.531826210289370e+01  1.735103794682477e+01
 -9.423012136208129e+00  5.132484774317291e+00  2.378903905818485e+01
 -1.170753602841649e+01  3.165164451694329e+01  1.519347099602146e+01
 -6.905704231401324e+01  1.632360168685771e+01  4.015968544357448e+00
 -4.418895340802381e+01  2.461874653673826e+01 -2.223895620897770e+01
 -3.068081664626965e+01 -4.018894953308512e+01 -3.037048198674326e+01
 -2.215827208198258e+01 -3.450988132071358e+01 -7.475670771527405e+00
  3.989473872316225e+01 -5.089750084973316e+01 -1.945290255923917e+00
 -4.598834967041513e+00 -5.179639634121823e+01  8.916619893871157e+00
 -1.292599983591911e+02 -1.418015901565277e+01  6.502294494618677e+01
 -4.224360764374401e+01 -3.727373916675664e+01  1.169238987628203e+01
 -2.795370842651678e+01 -4.234957352280094e+01 -2.645970922339409e+01
 -3.924111680372553e+01 -5.784850930490860e+01 -4.318375084636143e+01
  3.404518118518710e+01 -5.895320729771544e+00 -4.837127190702961e+01
  1.195504410612235e+02 -8.206116806242978e+00 -1.411254451381572e+01
  1.872699703596352e+01 -1.523134440260185e+01  2.050880792926272e+01
  3.619717827368680e+01 -1.593912157762170e+01  2.516867356078708e+01
 -3.432637914280667e+01 -2.580980095299096e+01  1.453566970695977e+01
  2.089555886128834e+01  2.217253994410541e+01  9.415800661406077e-01
  6.866882338862160e+01  9.994320985123025e+00  4.180835464774842e+00
  4.826739830999270e+01 -1.495417051595810e+01 -1.298906355356214e+01
 -1.530314860176621e+01 -4.233666603130490e+01 -6.460767801377142e+01
  1.043067876559027e+01  6.041726901881631e+00 -5.677036070631713e+01
  6.470123858170548e+01 -1.653705707187044e+01 -1.426440455520103e+00
 -2.379924617761208e+00 -1.654728291549147e+01  5.263623456431559e+01
  4.712165327825131e+01  2.803010180108947e+01 -8.557037624578335e+00
  8.007251368028204e+01 -2.007198722331962e+01  4.162457314201690e+00
  2.330606850082104e+01 -4.387713564964535e+01  8.896647148692514e+00
  6.340348441792018e+01 -3.179883650098130e+01 -5.836953717326532e+00
  1.073137668487647e+02 -9.767173557126963e+00  6.537701125005011e-01
 -5.343927175582841e+01  1.821060747482515e+01 -5.228378723632368e-01
 -4.063719405067280e+01  3.468726316027809e+01 -1.276372700604171e+01
 -5.149916929824197e+01 -6.716540214764224e-01 -1.269736353109745e+01
 -1.322384614889259e+01 -1.871941298606232e+01  1.592062686948300e+01
 -4.034368697063418e+01  1.578935965544033e+01  3.054082350394966e+01
  2.245385099220374e+01 -4.123047025262146e+00  1.444482174722333e+01
  1.542654611853796e+02 -3.835968057013827e+01 -1.081561788192373e+01
  3.753754012475393e+01 -2.008075144566547e+01 -2.927070502596644e+01
 -2.292231408180434e+00  5.097961283374346e+00 -2.548265797678315e+01
 -8.966152075012731e+01  2.810338585770101e+01 -1.198347363124190e+01
  1.924062584113350e+01  2.690223645849882e+01 -2.006927248586290e+00
  1.135519009449369e+02  1.872493419182528e+01 -4.006135350648058e+01
  8.733785570005787e+01 -1.471852636214509e+01 -3.925540743262791e+01
  1.249585000541852e+02 -3.938354588549423e+01 -1.006889147574285e+01
  5.429388457362286e+01 -3.210583517712041e+00 -1.181606212004803e+00
 -1.440363609113620e+01 -9.675885198628400e+00  2.926432070672404e+01
 -1.076567733267795e+02  9.623296441576494e+00  2.593732470530444e+01
  1.538245878294481e+02  2.201131037110811e+01 -3.748913916252771e+00
  8.697306672228888e+01 -3.849059738316700e+00 -1.681863846703566e+00
  1.711190323754321e+01 -2.133051165021519e+01  3.274531486705593e+01
 -3.863264302237757e+01  1.187104703296313e+01  4.894869238064661e+01
 -1.657710323353154e+00 -1.002980941626189e+01  6.819211617423532e+00
 -2.814775108125711e+01 -2.240588451808609e+01 -2.370588422091713e+01
  1.380018982311739e+01  2.256361459112631e+00 -3.117887808319344e+01
  5.698313660899329e+01 -1.023328181542556e+01 -3.686608040138469e+01
 -9.274257326546723e+01  3.518399470282318e+01 -5.935629208797543e+00
 -1.072247830379253e+01  1.540877770283475e+01  5.640006028423386e+00
  8.596821118230392e+01 -2.150580881160526e+01 -3.526133610707972e+01
  1.119712573156429e+02 -1.821894707601826e+01 -1.447486063471710e+01
  4.005863543830219e+01 -3.329511853247045e+01  1.991982505170600e+01
 -1.797082099888659e+01 -1.778676853504046e+00  1.067833634163376e+01
 -6.764233816949664e+01 -7.373022775751192e+00 -9.126083585798234e+00
 -7.037265541814031e+01 -2.070170086067462e+01 -4.213343173305478e+00
  1.563689890853711e+02  6.299689909871836e+00  1.751255096172867e+00
  9.505325982944881e+01  2.089979015478423e+01  2.206681814117933e+01
  4.167349792103762e+01 -1.500539744717228e+01  5.499543278776160e+01
  6.169408347019467e+01 -6.793410031368464e+00  5.208550288479695e+01
 -3.213650912748188e+00 -9.845803729031928e+00  1.620482158372413e+01
  1.077557506905327e+01  2.946493651356041e+00 -2.402063844798098e+01
  1.573083340765651e+01  1.352112934609722e+01 -4.309956726111561e+01
 -2.965372616625580e+01  7.985041742939416e+00 -2.878385394998645e+01
 -7.245399227937131e+01  3.093378996167544e+00  3.713623431830312e+00
  4.846934409061995e+01 -8.949375264221921e+00 -4.239990164418685e+00
  1.137488227019612e+02 -1.840640937157176e+01 -4.236007613419130e+00
  6.371889300778497e+01 -1.835109937411148e+01  5.615930461164706e+01
  5.082622362363061e+01  1.751362205937242e+01  6.792156458918109e+01
  8.472228891354861e+01 -7.699236600055369e+00  2.963153997973655e+01
 -4.823558843387306e+01 -9.718850451476916e+00 -5.616314628209693e+00
  4.020956082951674e+01 -1.878958972519458e+01  1.295611011831929e+01
  8.156399078953368e+01  1.093011302568393e+01  2.438793936015858e+01
  1.107601326289119e+02  9.172595332177949e+00  3.521145771629174e+00
  2.987259454474903e+01 -1.093139597075750e+01  3.056816575238866e+00
  5.253562079300634e+01 -1.972688984838247e+01  1.517309796258390e+01
  4.456532949206282e+01 -2.894404860787168e+00  2.332708913193049e+01
  1.602732642660928e+02 -2.143664116156778e+01 -1.397915345399365e+00
  9.664834031875466e+01 -4.478713462434558e+01 -4.592328413305065e+01
 -2.228447057122040e+01 -1.205401654762427e+01 -4.842224087289894e+01
 -1.101669529673886e+02 -4.333805699917944e+01 -4.133242920258299e+01
 -3.590634588189245e+01 -1.995842512951960e+00 -4.603566814637111e+01
  2.142924131700671e+01  1.363730585250049e+01 -7.661422652914408e+00
  5.647430536601085e+01  1.625329430437468e+01  1.828697824666289e+01
  4.109085925434468e+01 -7.692667725026217e+00  2.340158156713787e+01
 -1.900519481179023e+01 -4.659610559223432e+00  2.494714318558437e+01
 -4.328410784667246e+01 -3.920220321371739e+00  3.251892153414788e+01
 -6.007986251231344e+01 -1.954581121931848e+01  2.754678799923065e+01
  6.234047283689820e+01 -9.781369279500456e+00  2.035802475241494e+01
  8.712947334432931e+01 -1.997729889202395e+01  2.170779864004014e+01
  1.076849487547417e+02 -6.645202336773075e+00  2.642061414008027e+01
  2.171494945442500e+01 -6.284731112598186e+00  3.000801124797346e+01
  1.004671895449793e+02 -2.563090762399846e+01 -5.030037918456072e+00
  7.918721456455307e+01 -3.521838677834163e+01 -4.182375684353836e+01
 -1.298631936468310e+01 -2.980758602754869e+01 -5.801694140123591e+01
  2.844318021689863e+01 -2.167469197957739e+01 -5.461910434951508e+01
 -7.334539748389022e+01 -5.312356878231621e+01 -2.710661412778864e+01
 -2.902242105320906e+01  1.297649369240599e+01 -2.116973223305214e+01
 -4.736462452193706e+01  1.843167828977316e+01  1.501146547968542e+01
 -3.061293314320152e+01  1.521851680610936e+01  2.815552217448545e+01
 -8.369439031293592e+01 -1.405103211048140e+01  1.874262062515304e+01
 -9.345801945293479e+01  5.887021879374110e+00  4.986444686700228e+00
 -1.673718260002624e+02  8.235376736190247e+00  1.294837541212098e+01
 -7.488131706879867e+01 -1.443568872589087e-01  1.840511119726036e+00
  6.374524822161337e+01 -1.546281247420207e+01 -2.239832128135624e+00
  7.586819540314551e+01 -4.905059795538182e+01  2.192205499103207e+01
  1.490140464284094e+02 -3.746936077769790e+01  1.786887807975491e+01
  6.698716698913572e+01 -2.695484593078762e+01 -1.402773286325584e+00
  6.574497436731743e+01 -4.496197610786103e+01  1.737940853093806e+01
  1.940913395879447e+00 -3.209770278298007e+01  3.092144772830215e+00
  4.140070251969118e+01 -1.941572624150937e+01 -3.881247813771026e+01
  1.063212597692667e+02 -3.026789074307447e+01 -2.755019525625319e+01
  8.165599446885537e+01 -6.237695304277892e+00 -1.705908663450640e+01
  5.174432647427294e+01  8.963899966560806e+00 -7.204357974895089e+00
 -1.632491581664487e+01  3.837937312118645e+01  1.796159422439897e+01
 -4.754575149654202e+01  2.829771318154026e+01  1.629642783209589e+01
 -2.723153850690385e+01  7.604614690716080e+00  2.787686681074220e+01
 -3.024835077363162e+01  1.703105826328303e+01  2.456809934404750e+01
 -1.623577062261647e+02 -9.153197476741360e+00  4.559330186206508e+00
 -1.562668441714725e+02 -1.064440201372156e+01 -2.843419172257800e+01
 -3.636024283058688e+00 -1.837109016945699e+01 -7.322536210116633e+01
  7.574186338867972e+01 -5.879260910506427e+01 -5.030721816843008e+01
  3.209474401577384e+01 -3.968120892525450e+01  1.210887884910420e+01
 -8.829534757434883e+00 -4.997957489557894e+01  3.420067485286372e+01
  3.291548093173321e+01 -1.579575823458602e+01  1.616457615636609e+01
 -7.440354319633460e+00 -1.726019220816420e+01 -3.743467765306708e+00
 -1.454962785338012e+01 -1.971295030631892e+01 -1.478226204337844e+01
  3.141684907270876e+01  7.052931248625573e+00 -2.369471314171842e+01
 -2.775839152292509e+01  4.325371154494866e+01 -1.291109435117996e+01
 -6.496010214718154e+01  2.961515138332288e+01  8.866916500119348e+00
 -6.950599152517269e+01  3.673986975539916e+01  1.467338968327275e+01
 -1.899253992797991e+01  3.648261685828820e+01 -4.984608777794518e+00
 -5.998931839033612e+01  3.492037572685584e+01 -1.189640673967939e+01
  8.765318849042097e+01  3.828915398897592e+01  2.118820838303215e+01
  4.706073993804554e+01  2.176550483987558e-01  2.138313279567970e+01
 -2.065309984025498e+01 -3.645552799340542e+01 -2.478023948123505e+01
  3.973926869036798e+01 -3.394812046955749e+00 -2.425996584805261e+01
  4.308813478289686e+00 -2.287150567608362e+01 -1.194883822030809e+01
  9.439150899253525e+01 -2.595974446630637e+00 -1.197118996000592e+01
 -1.383285559533462e+01 -2.261209179315635e+01  4.562104738780950e+01
  1.629892524523260e+01  1.225731947703878e+01  7.558180608237168e+01
 -3.070885129783970e+01 -2.931076356154732e+00  3.607370092583930e+01
 -3.094934417125832e+01  4.534533123967677e+00 -1.757651739630505e+01
 -7.753231973487060e+01  5.888541750628365e+01 -2.470232694619968e+01
  1.710020127290029e+01  3.155637217567643e+01  1.183237100399678e+01
 -1.177580726550352e+02  3.595354810588597e+01  2.129967635013432e+01
  1.130519896639488e+01  8.307005170508548e+00 -9.846034948611702e+00
 -3.226668268287251e+01  1.644333156308629e+01 -3.417111389298758e+01
 -3.621103327910915e+01  2.789397889345789e+01 -1.620817621546596e+00
 -4.342052852117261e+00  2.958400883075073e+01 -6.204216593780271e+00
  1.756154823608489e+02  3.247074558228186e+01 -2.946467482165870e+01
  4.914321938161952e+01 -1.614222802681335e+01 -2.957517243354057e+01
 -5.485834634840927e+01  3.049441486239022e+01 -3.439565250486630e+01
 -1.318796696568824e+02  1.586310871393131e+01 -3.226774493356825e+01
 -3.571194047449981e+01  3.936177530184017e+01 -5.734524883342098e+00
  1.083160902548262e+02  3.685648107000485e+01  5.068923140548281e+01
 -1.864348047188857e+01  2.045660355507943e+01  6.231227304790270e+01
  6.762175843213997e+01  9.837010606722152e-01  1.489820119151669e+01
 -9.213116596467353e+00  4.535831281513635e+01 -9.510201104998188e+00
 -2.171581388808330e+01  6.127634953416064e+01 -3.665229737802818e+01
 -6.219304428294633e+01  2.289205007474456e+01 -1.689911193595511e+01
  9.992632199260493e+01  1.808800322481748e+01  2.812436786182936e+01
 -1.305783356814501e+02 -1.178018877109648e+00 -7.766734591514842e+00
 -4.445073969801594e+01  1.823448400691667e-01 -5.523293348884271e+00
 -4.718880425221957e+01  4.140342148627046e+00 -1.529869165216714e+01
 -8.284992083939990e+00 -1.394706117309302e+01 -6.366418718256522e+00
  1.057524298089895e+02  4.027035989370226e+01 -1.080699191868606e+01
  9.591402793890080e+01  1.388168901248377e+01 -2.567854178720097e+01
  2.828265345647909e+01  3.570325035368707e+01 -1.853086579328869e+01
  6.852574214293750e+01  5.202883087216009e+01 -1.846162013367898e+00
  8.335672791743642e+01  6.196756628162942e+01  1.822316453474713e+01
  1.028859169436309e+02  7.362605978308326e+01  2.692816087628724e+01
  4.397233257300665e+01  1.522475513282159e+01  2.520316247060148e+01
 -1.039141282012987e+01  1.327646316019915e+01  2.829362515487882e+01
 -4.833860598874465e+01  4.612123181850511e+01  1.102883064744915e+00
 -5.517002736035653e+01  2.840900228894780e+01 -3.913331716843091e+01
  4.522097350602121e+01  3.739849897806518e+01 -3.086016655272142e+01
  2.737771969556693e+01  1.582784423958380e+01 -1.540829343331014e+01
 -7.854621463597067e+01  5.975130617847526e+00 -2.823587998746918e+01
 -1.327538476128751e+01 -1.785681661863716e+00 -4.481737705623969e+01
  4.927228739454632e+01  5.371062912490840e+00 -9.563399493644232e+00
  1.706093170746868e+01 -2.346918427225391e+01  1.152490361046574e+01
  1.321870280764609e+02 -1.548946899198084e+00 -8.670264331160739e+00
  1.380933966653105e+02  6.464215663104429e+00 -1.515257580565780e+01
  1.638239978777735e+01  2.420506533375232e+01 -6.275633544015718e+00
  8.233011780213921e+00  5.219106006725082e+01  7.400114923648729e+00
  5.901605513568691e+01  2.481738361853359e+01 -7.371570350156693e-01
 -6.651144472296175e+00  5.721587662326733e+01  3.014146355919101e-01
  1.868866729058619e+01  5.185871267318874e+00  1.350524531745293e+01
  4.675439374904258e+01  1.722947216364530e+01  2.503241660574385e+01
 -1.493688645366184e+01  1.092105276619553e+01  1.450581328914486e+01
  7.863382152271410e+01  1.019805636552150e+01 -8.679343846106914e+00
  7.114965567808821e+01  4.001393499093271e+01 -1.652685852441600e+01
 -2.992791653935532e+01  3.426473843600233e+01 -1.760768737656954e+01
 -7.546504453864401e+01 -1.502332798827423e+01 -2.240940231777917e+01
 -6.856574851587996e+01  5.299577771694469e+00 -1.081022891991346e+01
 -7.107645869050221e+01  2.877604353793378e+00 -1.209053917196718e+01
 -6.381803609923058e+01 -2.970564277005601e+01  5.061902633853189e+00
 -8.846734408711522e+01 -1.757036696937704e+01  2.513103888172972e+01
 -5.198727728797866e+00  9.591920821906339e-01  1.961297216273584e+01
  1.047605009275473e+02  1.190974470471026e+01 -1.049776600455332e+01
  4.022513123884266e+01  1.361267838146774e+01 -1.388928194741870e+01
  3.573065943762326e+01 -6.273103405405428e+00  2.057084034025447e+01
 -9.080939517256175e+01  2.664789722452329e+01  1.753548214343836e+01
 -7.197031527514366e+01  2.908062241095905e+01  5.884002392748844e+00
 -4.296089619814782e+01  3.621658418100502e+00  6.437575893340007e+00
 -3.881242092271579e+01  5.031206337885678e+00  2.548739776809499e+00
  1.490131735068437e+02 -1.357895244684631e+01  1.177054510905101e+01
  6.825353528690461e+01  4.325269706383429e+00 -3.790910535877122e+00
  4.319159710148769e+01  3.779192147190376e+00 -3.037296371372051e+01
 -4.284942545766776e+01 -2.199162725899922e+01  3.260160533458952e+00
 -1.553999600505988e+02  9.940991445865292e+00 -2.705303663312298e+01
 -1.176351044112296e+02  2.359176313130397e+00 -3.762904736057850e+01
 -4.109995908537268e+01 -1.090115402476062e+01 -1.032192661479426e+01
 -4.583688233119081e+01  4.244275065898147e+00  6.688867789766290e+00
 -1.626939485804570e+01 -9.733777219206784e+00  1.780364100003234e+01
  6.020386046033265e+01  3.321946678661412e+00  4.532637967435019e+00
  3.582601331161515e+01 -1.800155051169130e+01 -1.128794392860921e+01
  6.850185526412899e+01 -7.954703138235899e+00 -1.502018013930996e+01
 -3.394738284634656e+01  4.757433053191511e+00  1.165367561565840e+00
 -5.385270051009131e+01  3.353328527994193e+01  1.097521409197525e+01
  1.006670775029393e+01  2.362793287076560e+01 -5.366105027366004e-01
  3.645260087273422e+01  2.418614105594282e+01  1.070848914594111e+00
  2.177905353915585e+02 -4.335555838723266e+01  2.940587751249319e-01
  1.812959437359415e+02 -2.687191999970543e+01 -3.761549568865543e+01
  5.533225232886458e+01 -2.903127119883129e+01 -3.380054354877432e+01
  8.371263490121950e+01 -1.213716875854367e+00  2.433110512235546e+01
 -3.466407528523474e+01  1.476587275099610e+01  9.206442593193195e+00
  4.070957384689869e+01  2.772511611392624e+01 -2.220959517200247e+01
 -3.063351959836872e+00  2.845983089853444e+01  7.663745629211451e-01
 -5.167056040123646e+01  7.627490331679978e+00  2.305699849588834e+01
  2.618525668589935e+01 -1.541893758621899e+01  5.534837039681964e+00
  7.812030455009813e+01 -2.234866874325960e+00 -4.493378052615062e-01
  4.307213823882563e+00 -4.634360094267009e+01  1.572263527812173e+01
  1.539941643411943e+01 -3.202121907371442e+01  6.412178369796447e+00
 -4.365594362588227e+01 -1.618902554907893e+01  1.952262869882074e+00
 -8.791115896970172e+01  2.513747894034142e+00  1.652062728381845e+01
 -1.267609840455944e+01  2.593822723137117e+01  2.385595243066971e+01
  1.899093112164206e+01  1.324832576366420e+01 -1.970632265636709e+00
  4.325091800739565e+01 -2.650410395450274e+01 -4.646266574064614e+01
  2.909894115840908e+01 -1.185825045656676e+01 -4.342834733896833e+01
  7.594676338596028e+01 -2.224855283629802e+00 -8.312842343833987e+00
  1.022195224515589e+02  5.261185502955022e+00 -5.892538527460909e+00
  2.022246316425375e+01  1.753290656233739e+01  7.368615725093529e+00
  8.410319295435127e+01  1.842680639755456e+01  7.243393533208282e+00
  8.589145348903880e+01  1.287500647193252e+01 -1.939447708516297e+01
  7.448472602503600e+01 -6.514933932472881e+00 -1.102708980358217e+01
  8.992819679103906e+01 -1.329331219674516e+01  1.493949683305666e+01
  2.114454907843492e+01 -7.413997203704549e+00 -3.078702909729728e+00
 -4.247870211775950e+01 -5.269243570201703e+01 -2.269832328529743e+01
  2.137359546020908e+01 -3.738185814483929e+01  2.057975686542738e+00
 -1.667022949832969e+01 -1.856125154884258e+01  3.188874030764580e+01
 -4.283941379868834e+01 -6.075224398926025e+00  4.448122481252373e+01
  1.065837383147836e+01 -2.241075258440421e+00  2.480420523174364e+01
 -2.755712082987257e+01 -1.570371152647470e+01 -3.217244774746678e+01
 -7.561236455414553e+01  1.225156773076502e+01 -3.369881079508026e+01
  5.134797309999445e+01  9.013167044909352e+00 -3.333777073414617e+00
  8.213351227435247e+00  2.260085647848062e+01 -4.931408961378436e+00
 -1.352062983275468e+02 -6.968189424698711e+00  1.428694785714987e+01
  1.016425871958227e+01 -1.198503572286640e+00  7.531748808032113e-02
 -1.856045746879567e+01 -2.068000295648976e+01 -3.228303747284215e+01
 -4.584684619212531e-01 -7.219126102907923e+00 -5.501423808426554e+01
  7.659275055396577e+00  2.041434469964098e+00 -3.083315559703968e+01
  5.126730347619886e+01  1.875221827188680e+00  6.934359653288069e+00
  3.581907772523923e+01  3.716209451268571e+00 -1.265187637295379e+01
 -1.676008392898790e+01 -8.957258774992143e+00 -1.855155473733944e+01
 -6.573909394329760e+01 -1.449176976328348e+01  1.613740484940102e+01
 -1.210402547998899e+01  4.665621566165069e+00  2.669833801693555e+01
  6.268627375411147e+01 -5.668378480732652e+00  1.682828487448226e+01
  9.711671627720108e+01 -1.793424360886740e+01 -1.068408581779131e+01
 -1.373793778691928e+01 -2.199641941071866e+00 -2.799592058757954e+01
 -2.563300474869454e+01  8.938839293953265e+00 -2.347430673783452e+01
 -4.148031618719013e+00  7.418036407094468e+00 -9.815008020194618e+00
 -7.439949774745480e+01  1.777664141571899e+01  7.689809749350251e+00
  5.450507171911651e+01 -2.089080376726880e+01  3.760881704934925e+00
  4.008076654329220e+01 -4.121880184969577e+01  1.954437815251099e+01
  5.051507257613759e+01 -3.281291419792691e+01 -7.641061048598349e+00
  3.973964624468479e+01  8.262293039042234e+00 -2.988334901447974e+01
  3.799736339342697e+01  1.252520210615493e+01  1.848942365263600e+01
 -2.695361909124179e+01  3.317699389229107e+01  3.112818306873958e+01
 -1.483436249641190e+01  1.529933022113241e+01 -1.653224715200005e+01
 -3.242211886450573e+01  2.157423696163382e+01 -4.232757245786530e+00
 -5.890751116636056e+01 -1.573400633634076e+01  4.064732975863621e+01
 -1.278953144056032e+01  3.973037362912996e+00  5.282600278597539e+01
  7.983191775388377e+01 -6.662851065621053e+00  1.643908895881133e+01
  1.243973899069642e+02 -1.003446521957785e+01 -1.274800341326363e+01
  5.451870144228082e+01  9.874920429428633e+00 -1.679844683428597e+01
 -5.033293099276353e+00 -1.456649354993658e+01 -1.922307750247680e+01
 -5.454120443159835e+01  3.088969641788541e+00 -1.443548389374528e+01
 -8.819897797514765e+00 -7.929905044203961e+00 -1.348189168483044e+01
  1.693332216718643e+02 -2.152492736796597e+01 -3.059145925719458e+00
  1.062236007611251e+02 -4.800407474192684e+01  3.102059848150738e+01
  1.040965857904116e+02 -1.985977027682572e+01  3.722533652100136e+01
  5.185710061869870e+01  1.648965046970881e+01  7.042583180364051e+00
 -1.761773371546451e+01  1.194083451100651e+01 -5.710927800653131e+00
 -3.589518784575846e+01  3.107723254408046e+01 -1.595659414062725e+00
  1.602818255657990e+02  2.709539600129095e+01 -1.901237013852145e+00
  4.747352897707326e+01  2.271295425914800e+01  2.908558542089882e+01
  5.596992203927297e+01 -2.144285214857410e+01  5.785399363504702e+01
  3.064856248184520e+01 -4.255815971297356e+01  6.341971915905854e+01
  2.184577658532960e+01 -1.918369391069115e+01  3.459497558661861e+01
  4.865501119991688e+01 -1.010212390720254e+01 -2.083181730642120e+01
  1.035347183431992e+01 -7.158745731921756e-01 -4.951144479764120e+01
  2.528842525233011e+01 -2.089313044634725e+01 -4.413902426678861e+01
 -9.790740671317135e+01 -4.651332538459927e+00 -2.145831612027248e+01
  2.011288704795632e+01 -3.328639053008274e+01 -1.596875117002766e+01
  8.636518550363846e+01 -3.782061109903240e+01  5.265284928968687e+00
  6.202666292831425e+01 -4.106850220681210e+01  1.548545872725160e+01
  6.329074886829000e+00  1.143619777438141e+01  2.402260982007651e+01
  2.539724873702396e+01  1.832172841710406e+00  1.989709461764647e+01
 -6.408603262901154e+01  1.494100944553703e+01 -5.272853153298977e+00
 -3.626129449286085e+01  6.703244394275472e+00 -9.125217224517794e+00
  1.203249600136097e+02  3.050792169788266e+01  4.361020284412376e+00
  1.337752380923348e+02  3.013958396380671e+01  1.994213912682865e+01
 -1.138073364195963e+01 -2.004028934336430e+01  1.780761832269229e+01
  7.145209297038703e+01 -5.107870481296426e+01  1.285474827674715e+01
 -3.369801575355458e+01 -1.864302722442710e+01  1.020920738948536e+01
  1.325102562682409e+01 -1.875242563766073e+01  2.085196952801076e+01
  9.478731694005401e+01 -2.329925954245734e+01  9.274457720735365e+00
 -2.276871652476857e+01 -1.824699601153646e+01 -4.966747296679961e+01
 -8.191934205734370e+01 -2.365350254656671e+01 -6.900763477547483e+01
  3.783169966383809e+01 -3.579002942371862e+01 -3.357900954757044e+01
