  1.260260738590564e+09  2.872276877849034e+06 -1.054669264568002e+06
  1.261049583496805e+09  2.382264578288432e+06 -3.030864050746472e+06
  1.263470966711970e+09 -3.720262292590071e+06 -4.111294689302311e+06
  1.265222745232353e+09  1.919959451840056e+06 -1.127253335194588e+06
  1.262579895885804e+09 -3.814796889182200e+06  5.404180141673019e+05
  1.260496851283072e+09 -2.024089175486741e+05 -1.589251184517887e+05
  1.263407076973257e+09  5.025706893496251e+05 -3.075823153814498e+06
  1.262616292576399e+09 -1.234320243053949e+05 -5.269509120616624e+06
  1.262333084644761e+09 -2.681572208008852e+06 -4.648881028300349e+06
  1.264000617470665e+09  8.138085472653731e+05 -3.403033159256360e+06
  1.262849817824644e+09  1.351994180357125e+06 -2.171952491004813e+06
  1.265289192449617e+09  9.476867465530834e+05 -5.147913774031615e+05
  1.264221515049766e+09  3.851990299929264e+06  2.017331619988166e+06
  1.265055617274684e+09  8.098919933092569e+05  3.063859266678003e+06
  1.259606746122432e+09 -1.065094063818043e+05  5.338771670213067e+05
  1.263362962204392e+09 -1.287075154251485e+06 -1.530476930821644e+06
  1.263334039740560e+09  4.370209032380923e+05 -1.630296373175419e+06
  1.263720608647788e+09  1.602410696338129e+06 -1.068997151477029e+06
  1.261121412453842e+09 -2.501424159270383e+06 -1.024546674570431e+06
  1.263387975763595e+09 -2.249215323533108e+06 -2.385272233825099e+06
  1.263524117940831e+09 -7.738513476528577e+05 -1.321864927408572e+06
  1.264891600947179e+09 -4.195236377492732e+05  7.621004618826506e+04
  1.261564105171244e+09  7.388629539192022e+05 -8.613479902659277e+05
  1.263743595370882e+09  4.088976782947521e+06 -5.225480737125194e+05
  1.264259962939949e+09  1.764114259604441e+05  1.047284138938601e+06
  1.264045549320640e+09  2.594345691527525e+06  1.657167659662815e+06
  1.262601529311171e+09  3.334836002901711e+06  1.527653862078154e+06
  1.264173198019052e+09 -1.378189472744492e+06  8.065263696833856e+05
  1.264460005976745e+09  1.865727271597979e+06  1.839746302993055e+05
  1.259272885543119e+09 -1.872673431183734e+06  7.833202697501797e+05
  1.264880261225766e+09 -7.230301409461359e+05  1.452917762212751e+06
  1.262024043051152e+09 -5.745118369585695e+04  2.736754183999053e+04
  1.259143739541736e+09  1.659083932949541e+05  6.000727061068241e+06
  1.265642033061758e+09  1.242359805269834e+05  3.953271913040438e+06
  1.262077699471671e+09 -2.852924105966650e+06  3.061513324742795e+05
  1.264015115430209e+09 -1.070553002460594e+06 -3.621270975504682e+06
  1.261992968355765e+09  7.841260065824643e+04 -6.678552182725748e+06
  1.263287562008656e+09 -2.669389948081273e+06 -4.645605507058205e+06
  1.266024674356073e+09 -4.176989041386922e+05 -3.802612414346054e+05
  1.261537298407230e+09  4.460725907251061e+06 -4.835589558414123e+05
  1.262230548696248e+09  3.594362317833168e+06 -1.857325713710680e+06
  1.264483589804259e+09  5.095776525651067e+05 -9.828453193520892e+05
  1.263059437706717e+09  3.018829156735965e+06 -1.155798239497690e+06
  1.263170353747995e+09 -7.312243077411540e+05 -2.426135874954398e+06
  1.264328554378732e+09 -6.657298675234756e+05 -8.556076730816516e+05
  1.264535171498633e+09 -3.888573641454377e+06  1.354037149771554e+06
  1.265305635648171e+09 -3.996637745151840e+06  2.715047240320273e+06
  1.259746164258323e+09  5.651378210174611e+05  4.946488153311612e+06
  1.263525970921741e+09  2.227906441298065e+06 -4.388932363512775e+06
  1.260616814883869e+09 -8.760040776965737e+05 -2.179623612554607e+06
  1.262291425314605e+09 -4.665879043203214e+06  3.799426766409206e+05
  1.261406154204617e+09 -4.104699498180217e+05  1.247880671911680e+06
  1.266292895889572e+09 -1.391518225622708e+06 -6.467637585308017e+05
  1.264414237537403e+09 -1.857767327344139e+06 -2.929513618197605e+06
  1.265081714094180e+09 -1.308814110240613e+06 -1.039415978807915e+06
  1.261603926953359e+09  3.192962614974676e+06  1.270230200266307e+06
  1.259706188791722e+09  2.478754295745197e+06 -8.219248996583963e+05
  1.264065204516530e+09 -2.414641140376174e+06 -2.776216920123389e+06
  1.263531173241199e+09  4.591097273950242e+06 -2.159664192731601e+06
  1.263762859512956e+09  4.452005505911137e+05 -9.570917904274480e+05
  1.265748532759639e+09  2.207653445000225e+05 -1.841707537444389e+06
  1.263693382583304e+09 -3.643004849059414e+06 -3.280841272601166e+06
  1.266269448326046e+09 -4.924038744611383e+06 -3.226921922810928e+06
  1.262814441825766e+09 -1.513369977976460e+06 -4.140211635130179e+06
  1.260429209735276e+09  1.332892414066055e+06 -3.534025171524127e+06
  1.262412678777326e+09  4.189626264128941e+05 -4.414512879948252e+06
  1.261735453546993e+09 -2.444562340797888e+06 -1.411345458847588e+06
  1.264773043079676e+09 -2.184580596690006e+06  2.349077219253154e+06
  1.262126713561952e+09 -1.031062350810545e+06  2.458798247900420e+06
  1.263525411605781e+09  7.348287737688128e+05  6.603972273114218e+05
  1.259751259773529e+09 -2.682187905108870e+05 -7.227568839099609e+05
  1.263178617337739e+09  4.967498939732156e+05 -9.299553391839360e+04
  1.261462599536081e+09  9.104625071519415e+05 -7.992039924591416e+05
  1.266291209428786e+09 -1.629997568629539e+06 -2.291637549420930e+06
  1.264611027061904e+09  5.491569424566275e+06  2.881504482298056e+05
  1.265470033274428e+09 -2.413453084856065e+04  1.434766715053833e+06
  1.266229834109555e+09  2.935307769045793e+06 -1.723334193017870e+06
  1.264635050246927e+09 -1.571943765251269e+04 -2.628259357154653e+06
  1.263372188016020e+09 -1.033739411161230e+06 -1.525186392835767e+06
  1.259471095638533e+09 -1.494877628164117e+06 -1.985739237639983e+06
  1.261266693960899e+09 -9.965690513259836e+05  5.973620616478943e+05
  1.258353831990693e+09  2.047485453614976e+06  2.760055272117558e+05
  1.260979208883034e+09  3.184747585897980e+04 -1.063317143465923e+06
  1.264134764275566e+09 -1.508508203750597e+06 -2.049383197472314e+06
  1.265210994248611e+09  5.974347431943389e+05 -1.542899152612590e+06
  1.263611892583887e+09  9.907927441399565e+05 -2.487114141437604e+06
  1.266545077049045e+09  5.551516952415315e+05 -3.781942644070477e+06
  1.263419653922870e+09 -2.992293151411536e+06 -1.127769353453360e+06
  1.262938266951641e+09  1.141832187508683e+06  5.907523262709484e+04
  1.262673456224976e+09  8.347244680944685e+05 -2.541551488512586e+06
  1.262638682418248e+09  2.080666544592231e+06 -1.798255703712672e+06
  1.262237218331604e+09  8.051595958995135e+05  7.456064352416606e+05
  1.262981253841866e+09  2.485639052310503e+06  8.647588718008890e+05
  1.265447887399613e+09  6.984219176929635e+05 -8.432515140886907e+05
  1.263331224978101e+09  1.289763799474783e+06 -1.117080361919058e+06
  1.264742053367799e+09  9.506712357596804e+05  2.451588928080013e+05
  1.266332324885447e+09 -1.264307076137848e+06 -1.976148450170056e+04
  1.260714249501416e+09  2.171716048297715e+06 -1.503591132156372e+06
  1.262892861206553e+09 -1.012138244052400e+06 -1.697827943306967e+06
  1.260478608775889e+09  2.226125401433551e+05 -7.205876626797803e+05
  1.265017900332501e+09 -1.084807895939794e+05 -1.040634874708546e+06
  1.264320405445970e+09  1.553595763221215e+06  6.322764147857252e+05
  1.264887193662730e+09  1.352395629026952e+04  5.527235139249835e+06
  1.261487957231383e+09 -2.360477133508518e+06  6.268688408788051e+06
  1.262329619741971e+09  7.472494204115826e+05  8.398779963716685e+05
  1.263140875282567e+09  5.642307998743353e+05 -1.570587299741220e+06
  1.260208185297795e+09 -6.669182281748718e+05 -1.265119595677529e+06
  1.263755405312638e+09  1.571358764951562e+06 -1.089826763021566e+06
  1.265233367597329e+09  1.591068640765289e+06  2.281169842929682e+06
  1.267143939103338e+09 -1.418817510709880e+06  2.543867475196229e+06
  1.263633698730326e+09  7.296516712430973e+05  1.943357353774045e+05
  1.264496440761820e+09 -5.775442247535253e+04  2.590353745622962e+05
  1.260041926178041e+09 -1.410839202093651e+05  1.577944650947544e+06
  1.264562546338139e+09  1.220173145449993e+06 -4.023700528350595e+05
  1.258539853652934e+09 -1.947342156398015e+06 -7.428352341925398e+05
  1.263055290120529e+09  2.419907767642087e+06 -6.160768802053113e+05
  1.264582183095922e+09 -2.685959465469452e+06 -8.694144634024274e+04
  1.263586415529118e+09  1.412859497546086e+06  4.109763245949119e+04
  1.264145613736986e+09  1.358177770592217e+06  1.781929778780414e+05
  1.263692094838665e+09 -1.107414311877758e+06  7.011200494037026e+05
  1.265404959376332e+09  8.773087846544243e+05  6.653689406308993e+05
  1.260887390835708e+09 -1.498186853476507e+06 -6.018613503647447e+04
  1.263321087840201e+09 -9.359344146893034e+05  4.125269363536404e+05
  1.265391343319322e+09  1.021960819848460e+06  7.271203852231185e+05
  1.263516701124810e+09  1.053283764413872e+06 -1.570182990905920e+06
  1.260114817155523e+09 -1.212969227567974e+06  9.052108983475741e+05
  1.264991197705681e+09 -2.067088424544059e+05  7.381955616138424e+06
  1.264710080668962e+09 -2.405507010327186e+06  6.520113553152720e+06
  1.263737704804935e+09  9.453270705405007e+05 -3.597607702076380e+05
  1.260846126844794e+09  7.301899346012225e+05 -3.040953607980360e+05
  1.264893376450249e+09 -2.779120012479987e+05 -2.278085725271396e+06
  1.263299125018939e+09  5.064101118718148e+06 -7.561960479040252e+05
  1.259853520090325e+09 -4.505987943050466e+06  1.408863172995494e+06
  1.259242578939746e+09  1.010472932204681e+06 -1.464679011672894e+06
  1.260807036713588e+09  3.116478383897155e+06 -3.298581379692321e+06
  1.264256387094237e+09 -3.110580674449907e+06 -1.777241482122664e+06
  1.265350280436214e+09  1.810995093564742e+06 -6.337354403333943e+05
  1.264366164822132e+09 -1.469884308059051e+06  1.541436204670407e+06
  1.263335315798409e+09  9.207585797355918e+03  3.821053611120002e+06
  1.261294365923332e+09 -6.340770113306518e+05  2.534195088549550e+06
  1.261011000036478e+09 -6.036568593884123e+05 -2.614681806854375e+05
  1.262569321031001e+09 -1.155072901418349e+06  2.241140328334334e+05
  1.263371548951988e+09 -2.864735477808974e+06  1.052795526566708e+06
  1.263049632863732e+09 -2.034166083106722e+06 -5.464526090647290e+05
  1.263310408158621e+09  1.595628419316814e+06  1.431120936168374e+06
  1.260421960400970e+09 -3.336180133924384e+05 -8.213268960773441e+04
  1.264995992284052e+09  2.791385555637866e+06 -1.922407757557596e+05
  1.260387471396093e+09  4.795417560715330e+06  7.350342679831310e+04
  1.262981986380246e+09 -2.678562967829824e+06  1.763440347597330e+06
  1.260245839939725e+09  1.867092919272820e+06  8.295443536220952e+05
  1.263758188049199e+09  2.368026881571236e+06 -1.127181526328036e+06
  1.265282813198519e+09 -4.670170444649860e+06  7.248754192580285e+05
  1.265427487646118e+09  2.106347729224409e+04  1.772766165341374e+06
  1.267282869831260e+09 -1.589914866165110e+06  1.176073559874096e+06
  1.266404328004194e+09  2.724161139376689e+05  1.462076122793531e+06
  1.263575916098126e+09 -2.215157448589860e+06  1.885195497064650e+06
  1.261553511044590e+09 -1.183263238263984e+06  2.139506743555877e+06
  1.264250867100568e+09 -1.675680019709533e+06  1.314165483548994e+06
  1.265092665892979e+09 -3.501210673225207e+06  1.137353720125217e+06
  1.264085120822839e+09  2.132569903396379e+05  2.465616682940730e+06
  1.263164420320244e+09  1.796144264490533e+06 -3.612538129656751e+05
  1.262514162425030e+09 -2.439970280962940e+06 -7.069859808418367e+05
  1.263931694744542e+09  2.159966887768218e+06  1.629960154580511e+04
  1.263331761834051e+09  1.563148689024795e+06  1.606842613548744e+06
  1.263257476139540e+09  9.345828711654544e+05  1.219531032010942e+06
  1.260415868336746e+09  2.190517762008676e+06  5.434919241320197e+05
  1.262626617584542e+09  2.139140656079790e+06  2.311726626380304e+06
  1.266342045892582e+09 -2.942535992559162e+06  3.516733600172866e+06
  1.261971701322915e+09 -1.375056186019995e+06  2.258445067588215e+06
  1.260089233101584e+09 -2.563814720437169e+06 -1.245307704195465e+06
  1.261913999131532e+09 -3.050584263161999e+04 -2.505107403689294e+06
  1.264346777169028e+09 -9.921609318069264e+04 -1.458636042548819e+06
  1.264574210599851e+09  1.028900463524066e+05 -1.430440301536995e+06
  1.263241952018543e+09 -1.407836374486740e+06  1.739579968391942e+06
  1.259627471001286e+09 -1.259625306316428e+06  3.551958629287584e+06
  1.261086825506553e+09  1.208667768930064e+06  1.065441059961723e+06
  1.264534951722903e+09  1.644026382510108e+06 -6.638061249979935e+05
  1.263246047163320e+09 -1.748617627817101e+06 -7.356708538579273e+05
  1.263451347017079e+09 -5.657977655337048e+05 -5.555771801183002e+04
  1.261992839346565e+09 -4.866417249872885e+05  5.337742550385774e+05
  1.263241732442290e+09  1.236856038250520e+05  1.835611116822694e+06
  1.264302956084970e+09  3.283567389500454e+06  2.855769165366222e+06
  1.264846300322983e+09  2.562263844741612e+06  8.034100270662999e+05
  1.262683443734487e+09 -5.941964310376003e+05 -1.809504802206169e+06
  1.262432355072905e+09  8.248787636281207e+04 -1.447551787223174e+05
  1.264414319306552e+09 -1.049440909104007e+06  2.465288383220435e+06
  1.261512307950918e+09  2.018994091279138e+06  1.864499186644298e+06
  1.264209727561299e+09  1.567971456198491e+06 -6.781441643915542e+05
  1.264499777500373e+09  1.971496888636404e+06 -3.781880784906680e+06
  1.264946799425019e+09 -1.829634235056215e+05 -3.693874548308024e+06
  1.266015058787150e+09 -9.235419615277528e+05 -4.072818806923671e+05
  1.265713319081504e+09  5.819046408357315e+05  5.126012083408303e+05
  1.263439117134526e+09 -5.807029518553272e+05 -7.323521291559356e+05
  1.264540431765707e+09  5.255414048654308e+05  7.142162247091737e+05
  1.265242504784025e+09 -1.103562726921327e+06  1.246101569791249e+06
  1.260713302169708e+09  4.737599863892479e+03  1.662231619942009e+06
  1.262827611915954e+09 -2.225097044720701e+06  2.277264380914494e+06
  1.267140043518848e+09  2.993707979340220e+06  2.082976596467562e+06
  1.263473355487780e+09 -7.849892787356162e+05  1.436187978326920e+06
  1.262832697800992e+09  2.859883807978007e+05  2.517495853502161e+05
  1.264501550983048e+09  8.437943225490032e+05 -1.096837719628157e+06
  1.264534536245356e+09 -5.757752977719912e+05 -9.004627058302041e+05
  1.261192223580900e+09  4.135340301492339e+06 -4.659924624205425e+05
  1.260161021146276e+09  8.736718423180681e+05 -1.216634984353597e+06
  1.265469675434349e+09  3.180956403176410e+06 -2.307028098843969e+06
  1.262824570581092e+09  1.306947623636241e+06 -3.787950078804551e+06
  1.262794494258533e+09 -1.285892688187120e+06 -3.627469807174528e+06
  1.264457860901968e+09 -1.903216477233687e+05 -2.076252545673002e+06
  1.264652196732558e+09 -1.926395768608593e+06 -8.536662488905262e+05
  1.262226910605248e+09  9.859176517746528e+05  5.334960900294655e+05
  1.263128423557112e+09 -2.095125428579792e+06  1.219490253562225e+06
  1.262572702656558e+09  2.356024861576655e+05  9.951797256995067e+05
  1.265308851191756e+09 -1.832307993741530e+06  2.895965052449908e+06
  1.263285947324264e+09  9.992389576745252e+05  4.993922369166662e+06
  1.260182168049714e+09 -2.055154275279323e+06  3.491112846795110e+06
  1.263093560603494e+09  9.000212901831898e+05 -5.699874580758013e+05
  1.262828333094470e+09  1.142317581133984e+06 -3.888517150842511e+06
  1.263408558435026e+09 -1.648835914959980e+06 -4.789045552343258e+06
  1.265025454923766e+09  2.403245303132127e+06 -2.288631817317525e+06
  1.267551603309447e+09  2.404798737137160e+05 -5.574111426987436e+05
  1.263519948738861e+09  2.593129805007611e+06 -8.806753309128459e+05
  1.266207254161571e+09  2.118650261794525e+06  1.684427661513912e+06
  1.261300847904556e+09 -9.103801179523389e+05  3.657376556517614e+06
  1.263353714875112e+09 -6.968391290383332e+05  1.061872468070326e+06
  1.261965328471087e+09  3.165184670617338e+04  1.566175958208948e+05
  1.261881059255883e+09  5.816275376146276e+05  3.495408548530774e+05
  1.263094061044135e+09 -2.933599234950375e+06  1.972957959672110e+06
  1.266131823527874e+09  9.663620502663769e+05  2.540584705216324e+06
  1.263837637556935e+09 -1.218695932742777e+06  2.177715775344678e+06
  1.263165930945773e+09  1.155954782023940e+06  1.902342175507419e+06
  1.263899493119892e+09  9.757043209791880e+05  2.628950872845976e+06
  1.264542503170473e+09  2.143085892680957e+05  2.041674228198798e+06
  1.263538595944876e+09  1.749933857681568e+06 -1.737542976183025e+05
  1.262747787905360e+09 -5.193047482599803e+05 -2.323517412836670e+05
  1.265456636250901e+09 -1.028884628571528e+06  6.611164645857250e+05
  1.268549557454464e+09  9.620843239187830e+05  1.574878601541172e+05
  1.265215629905608e+09  1.402545393532830e+06 -1.052846848839601e+06
  1.260752803083118e+09  3.768184831330168e+06 -7.040115269560857e+05
  1.259305174047188e+09 -1.095635111728314e+06 -2.175574554841236e+05
  1.262555644548349e+09  5.233302029598808e+05  9.793351063855650e+04
  1.261986833959970e+09  2.458657432736225e+06 -6.914942929732264e+05
  1.262032647824358e+09  1.596820601374139e+06 -2.715412290532286e+06
  1.261285301246033e+09 -3.232658537269778e+06 -1.649077323557134e+06
  1.262461883096406e+09  3.689695238280185e+06 -1.329859762999685e+05
  1.266548796524118e+09 -3.250045824978513e+06  5.774332315859554e+05
  1.263566822880765e+09  4.910185838976220e+05  1.327211742976568e+06
  1.261101063570139e+09  1.057996272663527e+06  1.654165832322901e+05
  1.262271137206890e+09 -1.897139402661445e+06 -1.157178138844858e+06
  1.262639942198704e+09 -3.200065034932906e+05 -2.317622799531996e+05
  1.263923890497296e+09 -9.921011899348913e+04  1.702044599873081e+06
  1.269372751810643e+09 -1.484688965533382e+06  1.658217093384436e+06
  1.264350162833122e+09  2.378724359721604e+06  8.661003480825856e+05
  1.266209055370688e+09  2.788592937688896e+06  1.107843068824717e+06
  1.263332577572779e+09  3.769223354091766e+06  8.192403952682449e+05
  1.262847032681254e+09 -1.013976794248793e+06  6.345235641530941e+05
  1.262204772734146e+09  1.602752912894676e+05  8.620789641731372e+05
  1.262239582918103e+09 -3.692982375546313e+06  3.020204413341773e+06
  1.264605019925404e+09  4.124693704754667e+06  8.745853564233634e+05
  1.263241392244878e+09 -1.713684122402639e+06 -2.640013050332006e+05
  1.265924515542387e+09  1.471432622254019e+06  2.140562130793897e+06
  1.263123161775644e+09  2.037354174369374e+06  3.704293814293696e+06
  1.258366701788014e+09  9.414723359328650e+05  1.999956301450783e+06
  1.264108816659982e+09  7.609412994180745e+05 -6.180094225616280e+05
  1.263471356672756e+09  1.285852673162687e+06 -1.784917250269285e+06
  1.264289865522630e+09  4.130063311232471e+06 -6.708067072711164e+05
  1.263639630245682e+09 -7.309820638699726e+05 -7.205809686250840e+05
  1.264386643820174e+09  1.716915621480922e+06 -1.268145319310376e+06
  1.262275455644530e+09  9.644563855833595e+04 -1.515384827143830e+06
  1.261448241933895e+09  1.203856460564498e+06 -2.260196349758317e+06
  1.264247728210302e+09  5.510748273517819e+05 -1.577912666233303e+06
  1.262035400131575e+09 -1.874175744539426e+06 -1.224529680214027e+06
  1.264374043456402e+09 -7.354261439376539e+05  1.002501367089133e+06
  1.262747402641084e+09 -8.043512831038510e+05  4.041635445474089e+05
  1.263291719703798e+09  3.279063449570462e+06  3.197538726511458e+04
  1.261694201678407e+09 -2.328184291564910e+06  9.066485917849024e+04
  1.263978216432964e+09  2.389399622083811e+05  1.707890301051004e+06
  1.263267394476740e+09  1.618261449005797e+06  5.313172792208059e+05
  1.265248830703382e+09 -8.723424209336166e+05 -5.319531850908349e+05
  1.261983098932876e+09  9.960232069698497e+04  2.998860365078230e+05
  1.262850673393500e+09  2.529590909723786e+06  1.979640629999853e+05
  1.264099481634883e+09  1.659248197694659e+06 -1.129347037922889e+06
  1.264110385525798e+09 -2.130400214082203e+06 -1.357991864309919e+06
  1.264150630292343e+09  2.079426561398964e+06 -6.049985593074481e+05
  1.263016436922555e+09  1.604771483610647e+06 -1.986571198492988e+06
  1.265436984919801e+09  2.991465177582628e+06 -1.453116314079738e+06
  1.260604288784031e+09 -7.455449196028365e+05 -6.497287040243216e+04
  1.261213098764277e+09 -1.424076845254087e+06 -2.013536470196042e+06
  1.262480926986048e+09 -1.109085495936380e+06 -1.871307295070569e+06
  1.263816677345891e+09  1.890272505843991e+06  3.600147709991145e+05
  1.262832743144371e+09  1.468582843251999e+06 -4.640940921707058e+05
  1.264242278028552e+09 -1.835992498949240e+04 -5.607666040136572e+05
  1.267929611058058e+09 -1.582161994293668e+04 -7.615036121915691e+05
  1.260525013914666e+09 -1.073575472463035e+06  1.106701977583598e+06
  1.265372949202902e+09 -1.112729255400957e+06  2.249264979820774e+06
  1.262753966249139e+09 -3.374006195263136e+05  1.369498588906127e+06
  1.261861286542874e+09  9.278170659931633e+04  1.177241103708699e+06
  1.263975087043245e+09 -1.136183662744699e+06  1.146452624241590e+06
  1.264312648808299e+09 -3.583941725416526e+06  1.485204686312311e+06
  1.263243673399328e+09 -8.289735017392815e+05  5.726154866973229e+04
  1.260541833437723e+09  2.038953799620824e+06 -2.694897749878753e+06
  1.263879488470114e+09  3.704156677577880e+06 -2.982698614654080e+06
  1.263859682329792e+09 -2.794596822036875e+06 -9.580901985575981e+04
  1.262553649549219e+09  3.842572979026444e+05  2.473571455675256e+06
  1.263470479659980e+09 -3.098306788511477e+06  2.074629451662686e+06
  1.263938009546635e+09  1.702972115414502e+06  4.338276417164604e+06
  1.260413309161376e+09  6.902074929794460e+04  4.590352591466450e+06
  1.260959117632757e+09  2.098513323356807e+06  1.049477405973094e+06
  1.261028783072864e+09 -1.421454004083888e+05  8.601637302976381e+04
  1.264424186915840e+09 -2.352153221566578e+06  2.188532118906453e+06
  1.267215930958247e+09  7.783969101178434e+04  2.096796121367772e+06
  1.264498511761338e+09 -4.285391384411522e+05  1.929304569351709e+06
  1.262482640898826e+09 -2.541433375478112e+06  1.652592871814962e+06
  1.260687894425105e+09 -2.360340695130839e+06 -6.071147491323116e+05
  1.262155719255475e+09 -1.543714157948650e+06 -1.216883250438726e+06
  1.265540755081661e+09 -1.935686633517877e+06  6.747349602837625e+05
  1.264572867818522e+09 -6.892659774116670e+05  2.119794256531517e+05
  1.264926103223461e+09  1.989629999650149e+06 -2.463428805380451e+06
  1.262806236624314e+09 -3.348979995176597e+06 -3.098436418792391e+06
  1.266022839457212e+09  2.836521709589894e+06 -7.311151094327524e+05
  1.263596132690506e+09 -2.228570055439656e+06  2.056249093634106e+06
  1.260449569653019e+09 -8.356779100084265e+05 -5.721171033891586e+05
  1.261188607855142e+09 -1.307967674126568e+06  4.319780298871844e+05
  1.262701378033005e+09  1.611219502912688e+06  1.047771761665729e+06
  1.267748528782359e+09 -1.188190708887602e+06  1.921030597005113e+06
  1.261599322630429e+09 -1.286030942054383e+06  4.231102691629989e+06
  1.265217182847609e+09  7.232342099948628e+05  4.993066861011080e+06
  1.260747939870658e+09 -1.214778655685210e+06  2.280384280773366e+06
  1.262966266727116e+09 -1.536496055930929e+06 -9.053758008835363e+05
  1.261196232989446e+09 -1.745602480005266e+06 -1.595548047039714e+06
  1.266229934020353e+09  6.983091023130259e+05 -7.235848559963123e+05
  1.262779266412713e+09  1.317166153656894e+06 -7.736972415552469e+05
  1.262399760167248e+09 -1.860002629013626e+06 -2.112995778504632e+06
  1.265415380791221e+09  4.903825636992573e+05 -3.334652445831547e+06
  1.264277930880193e+09 -1.077433470654669e+05 -4.755733605484278e+06
  1.265958121289422e+09  2.005278124896759e+06 -4.225812311254651e+06
  1.259087556883822e+09  1.923161581350419e+05 -1.790953862035337e+06
  1.264331830970459e+09 -2.495610306408065e+06  1.838429319459466e+06
  1.263150845195099e+09 -1.196380155719826e+06  3.181072115381652e+06
  1.262831424199296e+09 -9.304509847941429e+05  7.743318836324067e+05
  1.265188090504337e+09 -3.865216734151006e+05 -1.464835369058054e+06
  1.263282934780027e+09  1.822543441485411e+05 -7.179342838228634e+05
  1.266152802120624e+09  1.949517125537022e+06  1.442340963991842e+06
  1.266251721788177e+09 -1.890035369880364e+06  8.574466071700078e+05
  1.263392484277117e+09  7.461935146281517e+05 -1.366551742109813e+06
  1.262760295229928e+09  3.660211941666437e+05 -1.608998094592724e+06
  1.259890916885071e+09 -3.143347434693451e+05 -1.757376408778352e+06
  1.264191373953849e+09  1.150148907169152e+06 -1.364032854779985e+06
  1.260264507094587e+09  2.308032317272162e+05 -1.117657114106704e+06
  1.266190072314398e+09 -1.763111472993216e+05 -1.280770750052575e+06
  1.262992029018683e+09  2.898023671464393e+06  2.339575778084912e+05
  1.260143157106622e+09 -1.703947648788213e+06 -1.019225103981085e+06
  1.267197185573531e+09 -1.037752671748513e+06 -1.671703300097226e+06
  1.265513454375333e+09 -2.161685518445000e+06 -1.897837928201019e+06
  1.260065452056915e+09  3.697766335771132e+05 -3.192386598977351e+06
  1.265647849997096e+09 -1.838838477740145e+06  9.772418869925174e+04
  1.260367930453988e+09  1.823501367154398e+06  3.754077667872347e+06
  1.267740004279995e+09 -1.529377138259460e+04  4.054138469512863e+06
  1.262791703653409e+09  2.467088324655996e+06  4.464854393327812e+06
  1.264797356980189e+09 -8.845317090941709e+03  5.673150304306878e+06
  1.261914072856714e+09  2.114470949235443e+05  3.627036343578322e+06
  1.263632899265085e+09  1.560464218624635e+06 -1.393977200101034e+05
  1.261831965425293e+09 -1.048422787139383e+06 -1.332785948028623e+06
  1.260838571201908e+09 -3.153965945876996e+06  2.010758765904727e+05
  1.265360340888116e+09  1.579067309004029e+05  1.012523136448974e+06
  1.266750737378638e+09  9.439496870430617e+04  1.180573665572884e+06
  1.267918171742368e+09  2.401849507797764e+06  2.476183080964310e+06
  1.262711567129379e+09 -1.888877596020003e+06  2.454053477625642e+06
  1.261554096881165e+09 -1.914831147122616e+06  8.139782589103720e+05
  1.259690831077081e+09 -1.819851860213187e+06  7.411782763513969e+05
  1.264773264236642e+09  7.355056628426149e+05  8.054053518473648e+05
  1.260826459877296e+09 -1.216658722987056e+05  2.378978711322680e+06
  1.260651139046254e+09  2.048147231670524e+06  1.916166010483928e+06
  1.264992673218849e+09 -1.720135718807209e+06  2.307745772453101e+04
  1.262549750022913e+09  1.379444331158262e+06 -1.530789083970826e+06
  1.262854812405461e+09  1.135441618423521e+06 -2.574459488919587e+06
  1.264626005934081e+09 -9.594083130520991e+05 -2.568414109736977e+06
  1.264682651645275e+09  1.003426032402262e+06 -2.835450763500377e+06
  1.263259353377275e+09 -1.222575813886710e+06 -1.438546108727843e+06
  1.261318123475469e+09 -2.575981382927638e+06  2.059104251787357e+06
  1.264772271414310e+09 -3.151418728498635e+06  2.666652644628322e+06
  1.264174338844491e+09  1.602545679601708e+06  8.330381109627872e+04
  1.261742624743207e+09  1.192256336505939e+06 -2.291728201198723e+06
  1.262674100741618e+09  5.038629933371341e+05 -1.641124323540202e+06
  1.264942870891009e+09 -1.007231873941286e+06  6.758614289972575e+05
  1.262260908312917e+09 -2.421499209174456e+06 -1.426111244414187e+05
  1.260644932049489e+09 -7.690986211387299e+05  1.161286616780693e+06
  1.263477570665210e+09  7.129420736396478e+05  5.623878709055743e+05
  1.262277164562174e+09  1.375754137846353e+06 -7.465326265718065e+05
  1.260790236520099e+09 -1.988982675892205e+06 -1.662842884898356e+05
  1.261018476583810e+09  1.347711199038811e+06  1.358578202564988e+06
  1.261370171717849e+09 -6.150124983284825e+05  1.218191777451073e+06
  1.264796993159309e+09  7.631640395960882e+05  1.886356818452805e+06
  1.266551851872454e+09 -2.216953342051705e+06  2.731382910671937e+06
  1.266916480816538e+09 -5.841309736177670e+05  2.517422396989591e+06
  1.265124229923923e+09  2.300036192230237e+05  1.985058210051253e+06
  1.263093135964356e+09 -4.421534107353113e+06 -9.509148392326845e+05
  1.263505823911042e+09  2.313677676940432e+06 -2.316112790150318e+06
  1.262820506107583e+09  7.034991552926411e+05 -1.203731131005073e+06
  1.264396737708641e+09  3.415536397432132e+05 -2.739401807816628e+06
  1.262201855599642e+09 -7.625192770751989e+05 -2.889854679797193e+06
  1.264387392614287e+09 -2.303014897572683e+06 -1.279554671398953e+06
  1.258169750850135e+09 -1.246325137584483e+06 -4.760011672171436e+05
  1.263943958329054e+09  1.256548850766146e+06 -2.488598763956874e+05
  1.261372555321978e+09  1.171750998161851e+05 -6.384314633504240e+03
  1.262557521744692e+09 -2.053399796073663e+06 -3.354963564534099e+05
  1.260090090515521e+09  2.751689125542960e+06 -1.964457640902942e+06
  1.262634121735897e+09 -4.760808613276415e+05 -2.985637448320481e+06
  1.264710020644192e+09  9.809133421659229e+05 -6.829818264010603e+05
  1.265022694353706e+09 -3.799164741486808e+06  1.591760668988983e+06
  1.263979720842627e+09  5.613281959969036e+05 -8.442790491631362e+05
  1.264741392210783e+09  9.895719534156367e+05 -2.676943564259476e+06
  1.263945302194872e+09 -2.386123295464583e+06 -1.766817356177693e+06
  1.260701156354400e+09  1.384689731702134e+06 -2.507452208785766e+06
  1.263024673092450e+09  9.170320985145441e+05 -3.020309794908124e+06
  1.263272548097555e+09  7.715609410265443e+04 -1.876520322895156e+06
  1.261103919245901e+09  1.468466553558634e+05 -1.557472630117235e+06
  1.264157847622522e+09 -2.065674171207270e+05  1.037533895580303e+06
  1.260837992114844e+09  3.527300684854870e+05  2.066652366465722e+05
  1.264870533629726e+09  2.007435883867764e+06  8.610765830498569e+05
  1.259509979191223e+09 -7.712247325612160e+05  2.738473003091168e+06
  1.262853389738682e+09 -1.711871234284953e+06  1.125000422579499e+06
  1.263987755908364e+09  2.567445276548748e+06 -2.353773741315294e+05
  1.262262911479432e+09  9.940340341871639e+04 -1.557564438062970e+06
  1.263659845890631e+09 -1.281865522223719e+05 -2.615286578336033e+06
  1.261609039790612e+09 -7.793227928874504e+05 -2.083794397068253e+06
  1.260997070436744e+09  2.795107252250178e+06 -3.116809891950822e+06
  1.265145383441488e+09 -5.304941188417982e+05 -2.874407942145591e+06
  1.263420768819782e+09  3.857744257024208e+05 -1.037350319266896e+06
  1.264329171079750e+09 -6.467195233930843e+05  5.777794520333849e+05
  1.260720325971164e+09  7.379852548148440e+05  2.420944641718392e+06
  1.263383175616121e+09  1.016306189070277e+06  1.890232155661524e+06
  1.262350693916364e+09  6.688108275443654e+05  6.145970138576947e+05
  1.263049975532416e+09 -1.687131831348866e+05 -7.715017675347850e+05
  1.262415294430848e+09  2.070559800242273e+06  1.206420066242299e+05
  1.263246863937752e+09  9.681419656362685e+05  1.846369292661656e+06
  1.263181050976652e+09 -5.387722988511198e+05  2.195729265875281e+06
  1.262812646666914e+09 -2.785908024656106e+05  8.977329887086679e+05
  1.264757628413846e+09  1.223025438048475e+06  8.830020262858558e+05
  1.264466549536739e+09 -1.516858592005888e+06  2.365790494545927e+06
  1.263339518601860e+09  6.313779234607972e+04  3.244371434634305e+06
  1.262238677052487e+09  1.995892291298892e+06  2.423901942594112e+06
  1.263597927823625e+09  5.349612784818295e+06  1.024559974716422e+06
  1.260972619127754e+09 -2.690748843188646e+05  4.998457383492162e+05
  1.265859054633103e+09  9.888567612105531e+05  7.120050505434362e+05
  1.264457509300716e+09 -1.601825809330462e+06  3.639873907123699e+05
  1.264783101955041e+09 -1.768660899757192e+06 -2.219077453029559e+06
  1.262663172694180e+09 -3.586762080440359e+05 -4.056170495017668e+06
  1.262519106010873e+09 -4.742076716258224e+04 -2.391276720630821e+06
  1.266876091815015e+09 -1.867835364924463e+06 -3.450524898309355e+06
  1.263322200105498e+09  1.730896229083252e+06 -7.701275287364549e+05
  1.265651306027858e+09  1.471498962008875e+06  1.873920072392863e+04
  1.260511501097216e+09 -4.069277366139192e+05 -2.154376542186154e+06
  1.263328017529255e+09  8.544042298465992e+05 -1.137648005012525e+06
  1.266119241404704e+09  7.340742536652824e+05  1.099971798085772e+06
  1.263210636779693e+09 -1.558172186195185e+06  4.896665175366515e+05
  1.263039759601101e+09  1.940330148107829e+05 -1.449158720101547e+06
  1.259716834954071e+09  2.467377538675727e+06 -1.211234727803589e+06
  1.264306876344463e+09  3.476553542794008e+06 -4.817407514649999e+05
  1.261390207560713e+09  2.205053225039135e+06  1.198712603909010e+05
  1.260058282170054e+09 -1.266480518086550e+06  7.545351707596427e+05
  1.263380612392131e+09  9.618836569797713e+02  1.396382921154707e+06
  1.262030401660896e+09 -1.302068328265628e+06  2.060272482358107e+06
  1.260474135919717e+09 -3.936516525901832e+05  2.158925532470440e+06
  1.264840132508208e+09  2.082946550765536e+06 -6.751981075622626e+05
  1.264020964454614e+09 -7.055478990373262e+05 -2.046746781012335e+06
  1.263955224214795e+09 -1.426301009122232e+06 -1.049676437726475e+06
  1.263894366091562e+09  3.522325613673178e+06  3.305901816951829e+06
  1.263734100915772e+09  2.251628243304103e+06  2.224945772652454e+06
  1.263618822484790e+09  2.141439489626768e+06  3.717509627756294e+05
  1.263554065365479e+09  1.856714428846809e+06  4.592840454511730e+05
  1.260333898815960e+09  1.451225119711732e+06  5.796153357597421e+05
  1.263785390100711e+09  8.144266913559088e+05  1.493890839199718e+06
  1.266985477613284e+09  8.064511942215475e+05  1.133390039755582e+06
  1.263018981590804e+09 -4.492133100349399e+05  1.340987212102624e+06
  1.265265564311002e+09  1.309095337758348e+06  1.441841548045803e+06
  1.264252043365124e+09 -1.410981418791121e+06 -4.768509067223010e+05
  1.265155751168247e+09  1.060596820349964e+06  2.967637888953006e+05
  1.265999169296895e+09  3.507317826064415e+06  4.086628686628713e+06
  1.265344663164882e+09  2.619586710082332e+06  5.398328007694647e+06
  1.263028344621377e+09  2.302400175483556e+06  2.401635507280334e+06
  1.262978560762242e+09 -2.885932982273263e+05 -8.655369037638638e+05
  1.262332050626630e+09 -2.555429562529411e+06 -2.612179908109402e+06
  1.263441198986167e+09  1.719091435650723e+06 -1.290212852978603e+06
  1.264711534516387e+09  5.117954754816998e+06  4.545177909993890e+05
  1.264091796352372e+09  2.289383363844048e+06 -1.345380548691858e+05
  1.263775016415404e+09  1.594140267796630e+06 -1.860428649726164e+06
  1.266436030024882e+09  3.166390293248013e+06 -6.090336863125957e+05
  1.265979604971301e+09  9.835041373259341e+05  3.183409180886359e+06
  1.261378894202666e+09  2.894169917654365e+05  4.428214384813984e+06
  1.262831804577160e+09 -1.261196601516177e+05  2.520079334401865e+06
  1.265697360704035e+09 -6.056550775005333e+05 -1.119845693259232e+06
  1.263154453439100e+09  1.001150780558303e+06 -3.183609958515476e+06
  1.263295569162352e+09 -2.928234161411634e+05 -1.964463267447663e+06
  1.261650776659289e+09  3.489890401469396e+06 -4.275264157049304e+05
  1.263361204701560e+09  1.675873026797889e+06  1.144767958968112e+06
  1.264973966955699e+09 -8.500965283754100e+05  1.515090510920673e+06
  1.260566712845202e+09 -2.990451273546812e+06 -1.629333266923989e+06
  1.261271332205031e+09  1.129040261832413e+06 -2.122254673111829e+06
  1.261406511684872e+09 -5.139232718257826e+05 -2.252494257357521e+06
  1.260796177381636e+09  3.818026919743089e+06 -1.722810193005073e+06
  1.266206876011277e+09  1.567711928115434e+06 -1.069254464683386e+06
  1.262869689127796e+09  8.965488930207100e+05 -2.709590392129795e+06
  1.261968783922646e+09  1.917770622081529e+06 -3.081614578550668e+06
  1.262701888600647e+09  2.326794965752694e+05 -4.392399005701763e+05
  1.258828843413054e+09  2.897726309444303e+06  1.298978952867114e+06
  1.263898047260187e+09  6.456699457671925e+05  9.821775799678711e+05
  1.267514598954421e+09 -3.974498835367166e+05 -6.384824624626434e+05
  1.264250821611626e+09  9.455720645050732e+05 -1.893564841933666e+06
  1.262928302544076e+09 -3.829031606483540e+05 -1.001570173949406e+06
  1.264066036571690e+09  1.028446531345861e+06  1.615260361328505e+06
  1.262666464719260e+09 -1.283863519763716e+06  3.003610574282999e+06
  1.262409290665120e+09 -1.436292315186742e+06  9.198623826776062e+05
  1.263921717164975e+09 -2.253318483136883e+06 -1.692407131044495e+06
  1.266085937978353e+09  3.288081117468132e+05  8.947098504183814e+05
  1.259601683094707e+09  2.687909739996352e+06  1.778649856307780e+06
  1.264858473679295e+09  1.342409005322480e+06  5.209939972620318e+05
  1.263083442539107e+09 -1.105821073167902e+06  1.042328502325402e+06
  1.257663442795303e+09 -7.975661401521482e+05  1.328598020618131e+06
  1.265010051599682e+09 -6.102647383818018e+06 -9.807237986341125e+04
  1.262972931281260e+09  8.142841957373471e+05 -9.555537603099123e+05
  1.264613919290251e+09 -9.564826572133921e+04 -9.396814207307192e+05
  1.262142199636734e+09  6.961198430562781e+05 -1.445890437845121e+06
  1.265492370403266e+09 -5.688799409614344e+05 -1.691881065074797e+06
  1.263765252232915e+09 -1.708887487092619e+06 -1.337324514965593e+06
  1.259635888311124e+09 -3.938257890919077e+05 -3.207643891280521e+05
  1.262073002138139e+09 -1.413082566170608e+06  1.725882838155420e+06
  1.264697426468961e+09  3.163145797775197e+06  1.840183114947079e+06
  1.265315833907898e+09 -2.917620237155078e+06 -8.130609055926934e+05
  1.260949467685954e+09 -2.657597737130567e+06 -4.268437325540617e+05
  1.262471932510333e+09  1.964547908259665e+06 -2.495205792025682e+06
  1.262413604228995e+09  1.851474127769709e+06 -1.762911957215928e+06
  1.262619796083227e+09  1.370411212259113e+06 -9.790902496335286e+05
  1.262306940625638e+09 -2.236855081221028e+06 -1.469170649166618e+06
  1.265253319649768e+09 -1.312687258614989e+05 -5.344044372975803e+04
  1.262657231579611e+09 -3.275351209937302e+06  3.919352488977961e+05
  1.263687634014715e+09 -9.197400854456314e+05  3.746316003786476e+05
  1.266108669967635e+09 -2.843839509632456e+06  2.767777135274583e+06
  1.263782138026920e+09  9.669636657572263e+05  4.200957540102016e+06
  1.263166593363153e+09 -1.230088281884282e+06  1.877644404949503e+06
  1.263190826150063e+09  1.805199364110458e+05 -7.293413454258936e+05
  1.265080573680454e+09 -1.897635087115462e+06 -9.901112397355919e+05
  1.265289058778721e+09 -5.871525346101153e+05 -1.327965555839246e+06
  1.257898309700047e+09  1.981439848055558e+06 -1.238779388038822e+06
  1.264959223803545e+09 -3.807825132833567e+06  1.589940685850137e+05
  1.265536530716628e+09 -1.685930823280871e+06  6.348068134413334e+04
  1.261505178814250e+09  1.256873235821212e+06  5.975407567581797e+05
  1.263852786337724e+09  1.181392364100828e+06  3.965057357874169e+04
  1.266948946497909e+09  1.110647719060161e+06  1.567583520483677e+06
  1.262988697156012e+09  2.236550230625483e+05  1.388245947764285e+06
  1.264915654568779e+09  7.221865930505479e+05  9.267515719604568e+05
  1.260437319177610e+09 -1.946970292237265e+06  1.353549147177816e+06
  1.262041476697278e+09 -1.765461777642961e+06  7.676795194618421e+05
  1.262962008860039e+09 -4.460595632079184e+06  2.881015942724922e+04
  1.264562441146462e+09 -1.060698761294938e+06  7.047771385055798e+05
  1.261653668609258e+09  1.186335465029673e+06  1.063804183791715e+06
  1.258556358842868e+09  1.270039387115332e+06 -1.789393030571803e+06
  1.262829644457378e+09 -2.910823631014844e+06 -2.526215627941725e+06
  1.263696110375173e+09  1.349300883932504e+06  5.863432705334988e+05
  1.260928260137373e+09  4.580248721799899e+05 -8.526912773357285e+04
  1.264039406510283e+09 -3.525477909448872e+06 -2.035226809723595e+06
  1.262192158643354e+09 -1.431845306204374e+06 -2.808203567492947e+06
  1.262507838396167e+09  6.122810585947417e+05 -1.081839690462456e+06
  1.261885645866191e+09  2.631022391044781e+06 -3.850380814476042e+05
  1.263146530043325e+09  9.902745423177865e+05  3.176585306193287e+05
  1.262969142704251e+09  5.277399599645258e+05  1.253435470651703e+06
  1.265798002839595e+09  2.022613176320978e+06  1.920476770608888e+06
  1.263583655074149e+09 -1.565074807681683e+06  2.025343683437313e+06
  1.261767916182485e+09 -1.314875547082614e+06  2.157831736407584e+06
  1.262552693881704e+09 -1.489665063830854e+06  1.452493802069224e+06
  1.260819649764711e+09 -2.197849321429928e+06  2.464259806060890e+05
  1.264542998803071e+09  2.426830848386354e+06  7.551606512377571e+05
  1.261685507526607e+09  3.372578954472148e+05  2.463633000742979e+06
  1.265221932467164e+09 -5.270425364626547e+05  1.400798412228120e+06
  1.263517183358210e+09  1.757572534217367e+06 -1.036497184732413e+06
  1.264700806325947e+09  1.995052402461015e+05 -2.319656537563850e+06
  1.264585131122660e+09 -2.647827774866014e+06 -3.613355310671285e+06
  1.262059043934650e+09 -2.781780354740628e+06  2.138780535074064e+06
  1.259599422412850e+09  1.364412901913374e+06  1.825403567648728e+06
  1.262411595055274e+09  2.106992143045615e+06  2.979635220116561e+06
  1.266681031669990e+09 -1.573065461199417e+06  4.717284348743510e+06
  1.262062695773671e+09  5.714861320051819e+04  3.889386376337939e+06
  1.264018670741226e+09  1.955779086033934e+06  1.391754103390732e+06
  1.261960769306783e+09 -1.246711839721630e+05  1.933690877806435e+05
  1.260058058168512e+09 -6.084355735348007e+05 -2.002727587670554e+06
  1.262682486801304e+09  1.759262572076010e+06 -2.593504295340890e+06
  1.264043447017748e+09  1.146411117104515e+06 -1.066590592959313e+06
  1.262205598895134e+09  1.444314292841017e+06 -2.062676867978114e+06
  1.261033484074881e+09 -1.697422393114230e+04 -2.210117653324308e+06
  1.262486816023955e+09  2.086207620498794e+06  1.256788228230270e+06
  1.264100040074078e+09  5.216003249741237e+05  2.732209201487246e+06
  1.266694141746092e+09 -9.675852029570588e+05  9.837981689826311e+05
  1.260067619612113e+09 -1.138407124190388e+06  1.398361065886511e+06
  1.266235104278783e+09 -2.019382881402754e+06  1.404052312048996e+06
  1.265609592884227e+09  2.836655532099087e+05  7.950204659431661e+05
  1.261687270149188e+09 -3.084530196435077e+05 -9.612596639526344e+05
  1.265063250694268e+09 -2.511923708750928e+06 -2.376573051941782e+06
  1.262369433824134e+09  1.880594129626920e+06 -1.594083088975293e+06
  1.264211511148085e+09 -4.569782554546431e+05 -1.268461959090759e+06
  1.266130783191762e+09  5.001011943922087e+05 -1.691384392934545e+06
  1.262877710312532e+09 -1.675001316080067e+06 -2.237302041990272e+05
  1.262077582716555e+09  1.831164396621966e+06  2.458109179206692e+06
  1.259941998876920e+09  3.568054246228589e+06  3.120299132117922e+06
  1.266767876716123e+09 -9.892189585538756e+03  2.829095618884661e+04
  1.260046675137121e+09 -8.297550098419180e+05 -3.423385553485738e+06
  1.268086168736143e+09  1.155527871593299e+06 -2.938340776316568e+06
  1.261963085264641e+09  3.893793335892794e+05 -2.101894913175709e+06
  1.258922735134929e+09 -1.770903846907562e+06 -1.808001502693035e+06
  1.266089050218759e+09 -1.079439261046805e+06  3.761091064037874e+05
  1.264101910112983e+09 -2.534008474237524e+05 -1.565129368009295e+06
  1.259621579523568e+09 -1.751089705487870e+06 -4.598075299571959e+06
  1.266201772525985e+09  5.098432607277201e+05 -3.580612324675882e+06
  1.261400120885746e+09 -8.154466723312082e+05 -1.111618971230383e+06
  1.265779990676831e+09  2.386055249399542e+06 -1.071935337871235e+06
  1.260986964315012e+09 -1.841127791798311e+06 -2.466224840459345e+06
  1.264947696751153e+09  1.441477426640337e+05 -2.133402352430134e+06
  1.263905906442870e+09 -1.629516643414866e+06 -5.403591716178820e+05
  1.263674522569625e+09 -4.229930304066900e+05 -1.379056514879077e+06
  1.260745403335260e+09  2.335199090412865e+06 -3.464723867586380e+06
  1.263126821733430e+09 -5.868279095086538e+05 -3.448375670701135e+06
  1.266698509916681e+09 -1.895485791141543e+06 -1.072955149660916e+06
  1.265171234640605e+09  6.632854381996458e+05  2.375918584325911e+06
  1.266080007064053e+09 -8.190135555873123e+05  4.471119419086708e+06
  1.261574407895683e+09 -1.203087678530329e+06  3.863596280900624e+06
  1.260484044884072e+09 -5.639762856769891e+05  1.843841177698685e+06
  1.263333248914437e+09 -9.635487773378363e+05  1.074402425769178e+06
  1.263320737399623e+09 -2.193959636342090e+06  1.233914918363394e+06
  1.261494722120115e+09  1.978860350125155e+06 -2.526128662932608e+05
  1.259521626691344e+09 -4.021667537118452e+04 -1.853972944835286e+06
  1.263852819362064e+09  1.358147226625417e+06 -5.176083641947714e+05
  1.262890035804152e+09 -1.410209617416655e+06  2.042126457622777e+06
  1.261690167438452e+09 -1.120505678684652e+06  2.294822192283708e+06
  1.263604616580474e+09 -1.570974356106916e+06  5.332322364927765e+05
  1.263235140272655e+09 -2.961204255102558e+06 -1.066306858858714e+05
  1.264496874251596e+09  2.252983397547960e+06  1.869888011721312e+05
  1.261690347788671e+09 -3.473092980605387e+04  1.288511492213058e+06
  1.263503850833743e+09 -1.479742524089294e+06  2.075053627824620e+06
  1.264893487200343e+09  1.966540491068961e+06 -9.697787308636924e+05
  1.263840379384174e+09 -1.847810057051396e+06 -3.269763727962429e+06
  1.260837186330240e+09 -1.147427383878183e+06 -6.249240170101933e+05
  1.264913689045413e+09  1.111292502823201e+06  1.238602077339339e+06
  1.263687180674728e+09 -1.318820415678958e+06 -1.415882069638004e+06
  1.262001484020586e+09 -1.795667753411434e+06 -1.831030359022972e+06
  1.260749539102343e+09  1.058109766412049e+04  2.724984583059839e+05
  1.262486926873597e+09 -3.551888665387656e+04  2.440307980267197e+06
  1.262544835253160e+09  8.389630561803472e+05  1.513689673832848e+06
  1.263971425443118e+09 -1.139456035813225e+06  6.261512630203627e+05
  1.263943740122688e+09  3.681052797251258e+05  1.580818466626360e+06
  1.265395488453402e+09 -2.052861163470021e+06  2.379923113551895e+06
  1.265467732182200e+09 -3.835829038250478e+06  9.620656619351141e+05
  1.265827697345720e+09  2.342041033601126e+06  1.085461637723760e+04
  1.267286558973097e+09  6.709223705952584e+05  1.059449284367527e+06
  1.263660767932632e+09 -6.185003851915885e+05  1.556844040716393e+06
  1.263899019421100e+09  2.374457766983851e+06  2.062870755091136e+06
  1.259012797910016e+09 -1.645951888627449e+06  1.129796698658401e+06
  1.263781040989508e+09 -1.728244974129983e+06 -9.479979886380289e+05
  1.263702082480500e+09 -2.160409279719136e+05 -1.225335111686443e+06
  1.263252737715746e+09  6.710875444267690e+04  8.227666386671765e+05
  1.257708792522933e+09 -3.795791433107018e+05  1.080410362126239e+06
  1.263888567377578e+09 -1.497080172511539e+06 -1.188464410914451e+05
  1.263155170838631e+09 -1.673939655158429e+06 -9.102336780556429e+05
  1.263130229518908e+09  7.646473528132663e+05 -6.029156248202203e+05
  1.261826384157877e+09 -6.135395172504331e+05 -1.026493740524232e+06
  1.260674652563431e+09  1.828582851875336e+06 -1.446663225871083e+06
  1.261900164270104e+09 -5.994150887445926e+05 -2.599864119138643e+06
  1.260889427779823e+09 -2.226539418736821e+06 -3.851503074277780e+06
  1.262490340196930e+09 -2.912156377840523e+05 -3.728560006860828e+06
  1.264653108205072e+09  1.298278374678893e+06 -2.893054483323406e+06
  1.262993999763502e+09  6.639870019116770e+05 -1.899068029621510e+06
  1.257827556504938e+09  1.449977325245928e+06 -1.747086105818892e+06
  1.263543443064355e+09 -1.053873225926821e+06 -8.437523647214249e+05
  1.261755350334180e+09 -1.343834187419161e+06  1.177305568783425e+06
  1.260762902006854e+09 -1.799383913743774e+06  1.267564829043799e+06
  1.261590840640095e+09  1.185245332830159e+06 -1.393265184003148e+06
  1.260988442304688e+09  2.951639755749206e+06 -8.537782986251196e+05
  1.266934382507862e+09 -9.476637865681070e+05  1.047534164558261e+06
  1.258348404559834e+09 -3.946688634265800e+06  8.505532958259112e+05
  1.260944588148656e+09  6.338249080236771e+05 -1.202811996513923e+06
  1.263561841542920e+09  8.195042217336657e+05 -3.422115464004122e+06
  1.260297807725742e+09 -4.751865825384900e+05 -4.126632958078175e+06
  1.262480530738645e+09  3.430213047987625e+05 -1.423721859993788e+06
  1.259889688290167e+09 -8.457017408035137e+04 -3.860946862101489e+05
  1.263490588971306e+09 -8.659554856724003e+05 -2.110919991898980e+06
  1.266508064575243e+09 -6.940654997833130e+05 -1.478597112622543e+06
  1.264396844664481e+09  1.704145503773475e+06  1.060652330094883e+05
  1.263189732362938e+09 -3.749844508589592e+05  6.806072450855154e+05
  1.260238751073718e+09  4.510896733384393e+05  8.991683122618535e+05
  1.266036508127898e+09  1.879425855736563e+05  6.339308732215173e+05
  1.263328765187327e+09 -2.054672782610178e+06 -2.705808811385698e+05
  1.261761726805801e+09  4.539544955677593e+05  1.388631459651939e+06
  1.263925523153225e+09  3.445892488965142e+06  6.192146816143044e+05
  1.262699371612103e+09 -1.299464260580399e+06  2.273054801618410e+04
  1.264797693305858e+09 -4.375224138452337e+06  7.183481146804930e+05
  1.264001364109824e+09  2.524101846257654e+06 -1.014492279058463e+06
  1.264641079302443e+09  4.574140301236870e+05 -3.650237264660588e+06
  1.263675400545674e+09 -2.669038859405818e+06 -3.160465012614239e+06
  1.262269148555723e+09 -1.680323152857817e+06 -2.722807977937280e+06
  1.262404262515997e+09 -1.516695247424184e+05 -4.109252786954536e+06
  1.262215095190888e+09  5.009548695788822e+04 -4.095920560980617e+06
  1.259983311473662e+09 -3.238593515162759e+06 -1.652201941302726e+06
  1.266273539458121e+09  1.913091470270110e+05  1.239911550808273e+06
  1.266452707279755e+09 -1.652830244109222e+06  1.525331311635524e+06
  1.263256274688826e+09  1.228988047799638e+06  1.079563996027112e+06
  1.262275935416949e+09  2.744481801580019e+05  1.468231504044963e+06
  1.260842411557434e+09 -3.536041525839845e+06  1.280440263867316e+06
  1.268236642140612e+09 -1.464590949553302e+06  2.585523117474769e+04
  1.262747441267291e+09 -1.894443351777986e+05 -5.225026320196617e+05
  1.263136222625163e+09 -4.759916087391981e+05  7.623423627286144e+05
  1.261008277913987e+09 -2.073598106137458e+06  9.478024547227079e+05
  1.263268429428295e+09  5.387423616512852e+06 -8.684876636523402e+05
  1.265974643693711e+09 -1.227677300688148e+05 -2.051983672785378e+05
  1.264617081474590e+09 -1.532986012963323e+06  1.129274670485677e+06
  1.264516775861784e+09 -4.523995853421712e+06  5.317066955581973e+05
  1.260454204123884e+09  4.090637871379011e+05 -3.194497930255073e+05
  1.263753078240932e+09  2.743579280279324e+05 -1.118959766328043e+05
  1.262131710309513e+09 -2.694850184917672e+06  4.123478064643496e+05
  1.264329856997985e+09 -1.174638366485529e+06 -6.002801170171230e+05
  1.260655002100142e+09 -1.367046730904000e+06 -1.920324229092537e+05
  1.263027573378038e+09 -2.976537629545532e+05  1.051545960407831e+06
  1.261116557652485e+09 -8.710868803039724e+05  1.446004621565201e+06
  1.265899452595606e+09 -3.805610211279295e+06  1.304676795091398e+06
  1.263084445703239e+09 -1.967884522187442e+06  7.670957323817344e+05
  1.264872775753164e+09 -2.000284082437227e+06  1.187197695538668e+06
  1.264853052569973e+09  4.417921126030742e+05 -1.203033035982784e+05
  1.265688531059986e+09  4.788471430163549e+05 -1.236158551421468e+06
  1.263988823274015e+09  3.300307925403979e+06 -1.951909918059851e+06
  1.264661583644124e+09 -1.582109126898583e+05 -2.806643047394643e+06
  1.258901217641620e+09 -7.662210324029706e+05 -3.308126843627138e+06
  1.263929405521253e+09 -3.725426973598782e+06 -3.842695557256882e+06
  1.266374539846563e+09  1.121871928793255e+06 -1.565764090113879e+06
  1.263966342351731e+09  1.682728319672362e+06  2.685389806747832e+06
  1.264489287973850e+09  8.132576033434714e+05  1.831246476037936e+06
  1.262898814269550e+09 -1.493100704284794e+06 -1.104958646454813e+06
  1.265689505409886e+09  2.125053935058846e+05 -1.161129543063144e+06
  1.264732967481948e+09 -1.264064432927664e+06 -1.964535799753452e+06
  1.263311646614867e+09  1.130161516723339e+05 -3.261421657988437e+06
  1.263168236168706e+09 -2.047511180133015e+06 -1.687909048036430e+06
  1.261692845891893e+09 -1.196727618756058e+06  1.993444109234840e+06
  1.265647071220483e+09 -4.491490979271239e+05  1.456538964163458e+06
  1.264945136802644e+09 -4.416542769382485e+05 -3.977395316698662e+06
  1.263215378825994e+09  9.127317430557951e+05 -4.003106757112646e+06
  1.264265932112162e+09  6.062628702945199e+05 -6.130048754060447e+05
  1.263508928038857e+09 -1.901856700366463e+06  1.662676965282726e+06
  1.267468966752736e+09 -1.539727153471485e+06  4.002864240774822e+06
  1.267021980237751e+09  4.422481761563416e+05  3.378591258563671e+06
  1.259517653590806e+09  5.592436737378866e+05  1.509276937467266e+06
  1.262052725599739e+09  2.101184263061079e+06  4.116762060341092e+05
  1.264590199957732e+09  3.292451576462958e+06 -8.558874338987586e+05
  1.260220957378670e+09 -2.185858544874380e+06 -1.588453929552634e+06
  1.263175531353088e+09  4.190408660925040e+05 -3.604521522628219e+05
  1.263940314992026e+09 -1.545033552393480e+06  2.979762704637522e+06
  1.264933913740425e+09  1.193445816370895e+06  3.456554583318650e+06
  1.264278664392985e+09 -8.090176357179262e+05  8.577146805141185e+05
  1.262197973845587e+09 -1.250128185488356e+06  2.570554591910202e+06
  1.261246129808139e+09 -1.618103371415258e+04 -3.942671971904431e+05
  1.262524283661933e+09  8.332574044814059e+05 -1.857574630560576e+06
  1.260215751328351e+09  6.832419869908046e+05  5.349881192033598e+04
  1.264774639605379e+09  9.088289040359256e+05  9.945187671824493e+05
  1.262916626824298e+09 -2.015124675152448e+06  5.774043540067411e+04
  1.264292014915226e+09 -4.142428044768295e+06  4.406895354495689e+03
  1.263827145269414e+09  2.505039185123661e+06 -8.386811792012838e+05
  1.259015615611989e+09  5.478153390458168e+05 -5.988425987807214e+05
  1.265678503225280e+09  9.368988713453598e+05  7.018553744385005e+05
  1.262442099806635e+09  2.024338259786008e+06  9.514939382285136e+05
  1.263804792259461e+09 -2.196635650408818e+06  2.631011624436876e+06
  1.261263176128381e+09 -2.107321238226246e+05  1.891289961264922e+06
  1.263321161862337e+09 -2.021784108577941e+06 -1.642220630436941e+06
  1.264135479365942e+09  1.926310334052371e+06 -3.295348395993013e+05
  1.261672918610867e+09 -1.224086828410235e+06  3.057374845633117e+06
  1.264595744232725e+09 -1.933018078435516e+06  2.643350936488989e+06
  1.262685885487863e+09  2.324728512144279e+05  3.909636437009669e+06
  1.257359580408430e+09  2.727532080823380e+06  3.145548514986761e+06
  1.263389125447958e+09 -1.350916000867996e+06  1.097459329740588e+06
  1.261976460909001e+09 -8.317298801024483e+05 -1.785284033060372e+06
  1.259004586811073e+09 -1.643362551619974e+04 -5.485317348232731e+06
  1.265396495666744e+09 -3.479157664300807e+06 -6.871044012083597e+06
  1.263542295382248e+09  4.653526947949924e+06 -2.499262975020313e+06
  1.263432834768250e+09 -2.153872571833075e+06  1.536608108361116e+06
  1.261597316976618e+09 -9.703955936031357e+05  1.088135408881085e+06
  1.263860833635331e+09  3.227569422877248e+04 -1.598174832751262e+06
  1.265790967910762e+09  2.080514111463048e+06 -3.115036940291069e+06
  1.260054579171618e+09  1.540318154762407e+06 -2.365594176192357e+06
  1.261589949476413e+09 -2.154356277702486e+05 -1.500052505852053e+06
  1.266539238383434e+09  3.946810090782627e+06 -1.273901267011029e+06
  1.264685012699354e+09 -3.739010542654281e+06 -6.405216749813012e+04
  1.261159109113031e+09  3.834861856383314e+05 -3.312331142812728e+06
  1.261671778854277e+09 -1.581657004379229e+06 -1.707903863066861e+06
  1.263776401763492e+09 -9.146146070397983e+05 -2.934575960829427e+05
  1.260632471932094e+09  1.422662169757709e+06  7.914189149079276e+05
  1.260726672862959e+09 -3.040737537636149e+04 -1.366860376589276e+06
  1.264602787377728e+09  1.082925579901591e+06 -1.876393067777957e+06
  1.266000582863171e+09 -2.626571403761735e+06 -1.085458997373795e+06
  1.265462376795740e+09  5.669309449147223e+06 -2.448609091275536e+06
  1.265396893838072e+09 -1.545294584202404e+06 -8.384154696194626e+05
  1.261961520713810e+09 -5.956056321230684e+05  6.772499393813076e+05
  1.263361121850564e+09 -8.332496695755876e+05 -1.042489639992302e+06
  1.263761432654851e+09 -1.279284242608540e+05 -1.890255964241595e+06
  1.266587102968882e+09 -7.150275409746700e+04 -1.754352445653747e+06
  1.267088219589549e+09  1.414421302612867e+06 -7.056623032784020e+04
  1.260581395994754e+09  3.635834364409603e+06  1.088486580932801e+06
  1.266305985205760e+09 -2.573041238679737e+06 -2.079819724790939e+06
  1.264670611441037e+09  9.266378171786390e+05  5.238583718338260e+06
  1.265144908619448e+09 -6.117630878525483e+05  2.752414187572598e+06
  1.261641042727319e+09 -1.757146388001611e+06 -2.067777660741425e+06
  1.262177073442731e+09  2.517991680982165e+05 -3.310541100552556e+06
  1.263273633802039e+09  5.006967616357381e+05 -1.330757050738395e+06
  1.260694283140849e+09 -2.497423638616692e+05 -3.991679533223839e+05
  1.262264959116922e+09 -6.146447337570131e+05 -1.906403748411577e+06
  1.260669913134748e+09  1.814544346111569e+06 -1.434846830394521e+06
  1.261985611849055e+09 -2.436212395935591e+06 -2.046800340892800e+05
  1.265963887952059e+09 -1.068003733119984e+06 -3.344486154911283e+05
  1.261194747994288e+09 -7.743773230253826e+05  1.475652682926714e+05
  1.259867143096491e+09 -6.370987683382328e+05 -5.733116704568465e+05
  1.262852380002766e+09 -1.986242795231458e+06 -6.458850007890833e+05
  1.263739433160511e+09  6.552459664585015e+05  2.269897588350681e+06
  1.261026928454236e+09  4.319032796123856e+06  3.548592171542902e+06
  1.260814065861658e+09 -1.531906776057236e+06  3.809242057698280e+06
  1.262359158597548e+09 -3.752550617542962e+05  8.551858642491093e+05
  1.264380947912416e+09  4.116996015856545e+05 -6.370117317157639e+05
  1.263440637367565e+09 -5.201555830145354e+04 -1.872036120885806e+06
  1.265770296656357e+09 -2.176618249011368e+06 -1.969067282068143e+06
  1.262496399867321e+09  1.272234729809892e+06 -1.240637630984857e+06
  1.264089438086029e+09  2.613541792904788e+06  1.740991511060561e+06
  1.265191596242330e+09 -1.350915217083622e+06  3.852322762472493e+06
  1.261470775558840e+09 -2.076487698830424e+06  3.027878331160882e+06
  1.262155949158829e+09 -2.293220691805582e+06  1.148225537771106e+06
  1.264386953741043e+09 -5.231624696039201e+05  1.047347516375687e+06
  1.263566812642494e+09 -6.655502824803130e+05  5.826286448618521e+05
  1.259913116119034e+09  2.125097205031404e+06 -2.973567869395947e+06
  1.266175991477451e+09 -4.780428517697680e+06 -3.832431877986412e+06
  1.263759538851498e+09 -4.665874691184142e+05 -1.882942841781832e+05
  1.262812440037856e+09  4.243058220717708e+06  5.767768485070871e+05
  1.262631263784225e+09 -2.327937001477488e+05  2.175783676591917e+04
  1.263902910998510e+09 -1.350301573893934e+05 -4.502348485825614e+06
  1.259116713566570e+09  6.547929630627066e+05 -4.310216590192717e+06
  1.261724435158461e+09  1.589594250150968e+04 -2.639640159566469e+06
  1.263471159017579e+09 -8.896855007201759e+05 -7.193455604900778e+05
  1.264784987714592e+09  8.899673025123092e+05  6.517782915114883e+05
  1.263757294357773e+09  5.483960947240114e+06  5.321927053089470e+05
  1.262965516328725e+09 -4.928737968613602e+05 -9.911864871264962e+04
  1.259400077120342e+09 -1.757253089828531e+06  1.311615068000467e+06
  1.264806879081653e+09 -2.285943527110039e+06  4.945898308667869e+05
  1.262317516764360e+09  9.427265624148418e+05 -2.217698491538854e+06
  1.262225365978400e+09 -2.651869989668980e+04 -2.000092452411942e+06
  1.263895732856070e+09  3.624648764151047e+06 -1.258132170531010e+06
  1.262800153060733e+09 -4.523237377920253e+06  1.430692201491852e+05
  1.262052985159614e+09 -1.012904677057134e+06  7.576177451507788e+05
  1.262838809419957e+09  3.121095626485275e+06 -1.351934041222735e+06
  1.261217636743749e+09 -6.635257745020265e+05 -3.399729150919464e+06
  1.264209876435818e+09 -4.110392968681785e+05  2.147525656532854e+06
  1.261586608971866e+09  2.156613447234549e+06  1.716975452560644e+06
  1.260749103900313e+09 -1.807086629285007e+06  1.551394308443322e+06
  1.263712695092032e+09  1.303684491125777e+06  1.676636636615062e+06
  1.262469549831797e+09  1.043200198585947e+06  1.586687528971938e+06
  1.260985868936698e+09  2.488750313771863e+06  1.423161381357021e+06
  1.265103668934093e+09  1.287303881970629e+06  5.302769020202882e+05
  1.261033730948194e+09 -1.278141409696240e+06 -2.060033141644753e+06
  1.259840861110275e+09 -2.489969831140322e+06 -4.253893466015387e+06
  1.261490697460524e+09  1.167795667031882e+06 -3.120402466612007e+06
  1.267791615848739e+09 -2.200834814044281e+05 -1.745806538544580e+06
  1.261067214181910e+09  1.815075997987365e+06 -1.759486596843943e+06
  1.266712028281468e+09 -2.169770037434891e+06 -4.629953891168081e+05
  1.261840686735646e+09 -2.213358091033635e+06 -4.330403188824630e+05
  1.260840167954310e+09  2.957261540338430e+05 -7.401182164298270e+05
  1.262182693669935e+09 -2.997857471066526e+06  1.169259839312641e+06
  1.263917572028999e+09 -3.196724261974419e+06  1.812438213623669e+06
  1.261958273003736e+09  1.045014606268627e+06  2.485625181879802e+06
  1.266877487547690e+09 -3.242728438370171e+06  6.427604617687028e+05
  1.264546666950455e+09  1.019659906934296e+06 -7.898484787379360e+05
  1.261516822219596e+09  2.099574939501767e+06  1.545539866314749e+06
  1.263277198551403e+09 -1.141108206089851e+06  1.333621626585108e+06
  1.264598759500441e+09 -5.678546007199294e+04 -1.346726245396099e+06
  1.265382055671721e+09 -1.409644882598543e+06 -4.377755702166205e+06
  1.261880617300849e+09 -3.010291870450123e+06 -5.667918051630307e+06
  1.261293314593614e+09 -4.975698362610756e+05 -2.789218451814079e+06
  1.263563650659154e+09 -7.477412258548671e+05 -4.463163313270901e+05
  1.266509140963843e+09 -8.632307464726606e+05 -8.601013171733550e+05
  1.263382794079786e+09 -1.472408983687603e+06  1.451512018580582e+05
  1.266642076065335e+09 -1.081660552257394e+06  3.539073887292443e+06
  1.262586337718478e+09 -2.899739925170136e+06  5.126903920619246e+06
  1.262539731181538e+09 -2.710647320741317e+06  3.270436289965758e+06
  1.264093152956602e+09 -3.041349711762110e+06  7.779349598677881e+05
  1.261199756196369e+09 -1.313904072772299e+06  2.980918684302149e+06
  1.259800497645799e+09 -2.831795876245658e+06  3.975836187913047e+06
  1.261321391110000e+09 -1.728525950850700e+06  3.190637276378470e+06
  1.262709825608840e+09  1.837852724939531e+06  1.612772936830925e+06
  1.264313531027279e+09 -2.048384442247516e+06  4.152602263400211e+05
  1.261273365172972e+09 -3.437523933725303e+06  2.337907738412894e+06
  1.260546285624852e+09 -5.237903484490735e+05  4.004437964137954e+06
  1.263624399630959e+09 -3.993380547256692e+06  2.859858809535926e+06
  1.264121182127240e+09 -1.578037238658810e+06  6.425341412316454e+05
  1.261648797634417e+09  7.905323159189898e+05  2.743610798971815e+04
  1.262505093154703e+09 -2.092037264629539e+06  1.732860571995237e+06
  1.264942798856221e+09 -1.437313940249134e+06  1.340972784892470e+06
  1.262671223603252e+09  3.734695442982229e+06 -1.051343603510455e+06
  1.262825701234903e+09 -3.016580495476712e+06 -1.336624325684657e+06
  1.263367176205741e+09 -1.671935468229593e+06 -3.192100611175731e+05
  1.262304691469366e+09  5.037682641212457e+05 -1.119037312359523e+04
  1.264189262711825e+09 -8.952920916457177e+05  1.009129661455245e+05
  1.260444174029747e+09 -2.276273149557407e+06  1.228844721737271e+06
  1.262446134103244e+09 -2.211536954278085e+06  8.902033682169848e+05
  1.261559692164714e+09  4.777182592845334e+05  2.421900334521376e+05
  1.265029315712066e+09 -1.374984926110819e+06  1.737042294379324e+06
  1.264631478264626e+09 -2.852066599899518e+06  3.996711452599451e+06
  1.265636967152598e+09 -6.140082706117362e+05  4.773572931289315e+06
  1.263053748044775e+09 -2.447158676251513e+06  3.405050926176174e+06
  1.262997790862472e+09 -1.351874350130076e+06  2.893034608498601e+06
  1.266829681761533e+09  1.284124126455875e+06  3.787961438857637e+06
  1.261113515776047e+09  2.658272289739375e+04  3.273896307249630e+06
  1.262173244429621e+09 -1.723320488623188e+06  1.019720335241607e+06
  1.258882831684829e+09  5.498996947253255e+06  1.635417077915070e+05
  1.262663784558829e+09 -7.915227345663961e+04  2.042652645308827e+06
  1.263262368993733e+09 -3.075947331275356e+06  1.879736996678147e+06
  1.260360370915839e+09  1.501965501052079e+06 -3.119024120386565e+06
  1.260736345473733e+09 -4.412463078705994e+05  5.130212753350611e+05
  1.262831458221294e+09 -1.771220912148532e+06  2.465047053047698e+06
  1.263449742863434e+09 -1.937819099405285e+05  6.987179068551608e+05
  1.262286628701629e+09  5.667410365400212e+05 -1.288220685166180e+06
  1.263893104783030e+09 -2.208302131172883e+05 -5.126874997608820e+05
  1.262923176877275e+09  7.742647762111339e+05  8.807272396627452e+05
  1.261029855352933e+09  2.442541548465182e+05  5.951370547255757e+04
  1.258598494451214e+09  2.166858920245128e+05 -9.929093902743293e+05
  1.263385373834157e+09 -2.363331176266720e+06 -4.932008850957471e+04
  1.264731207156959e+09  1.853937319225796e+05 -1.567754149762803e+06
  1.262286866170537e+09  3.211672508709284e+06 -1.738588592760014e+06
  1.258749882958660e+09 -8.078218261465771e+05  1.656355142961437e+06
  1.265704026154536e+09  2.875748383236128e+06  1.881240665344968e+06
  1.261359884442457e+09  1.875715599547296e+06 -6.920853443474502e+05
  1.262001796633708e+09 -3.715542071679546e+06 -3.509761626241876e+06
  1.259568634365213e+09 -7.448401213228018e+05 -1.109660531811700e+06
  1.263684874306956e+09 -1.096610405703641e+06 -1.701518446630500e+06
  1.265661031734842e+09 -1.413730193176288e+06  1.669728674374971e+05
  1.259289305535327e+09  1.629443349136665e+05  1.963575537688553e+06
  1.259512985989365e+09  1.734045078733463e+06  2.738136633754782e+06
  1.262056744894970e+09 -4.196980646907717e+05  1.303231729254647e+06
  1.259966630537687e+09  1.805051270543703e+06  4.792237580418072e+05
  1.263766503513740e+09  1.945334577885610e+06  1.228771242610697e+05
  1.261639215961063e+09  1.900631256445918e+06 -1.998606079330678e+06
  1.263115898814186e+09 -1.808668075059013e+06 -3.913642686233409e+06
  1.264756291207990e+09 -2.947806077005987e+05 -2.206013178273824e+06
  1.265004493324672e+09  3.757695865606854e+06 -1.845161957726356e+05
  1.262602418379109e+09  1.108384465770552e+06  5.845253157144568e+04
  1.262107145874338e+09  1.510238273764677e+06  1.802889832700763e+05
  1.267049449940068e+09  1.843117443605270e+06  1.030676278396456e+06
  1.262863565110173e+09 -2.331857672047190e+06  1.388886233947586e+06
  1.263342117964508e+09 -1.431492171632593e+06  5.608333900237393e+05
  1.262179716413312e+09 -1.945145818012581e+06  3.487086110031932e+05
  1.262264183711787e+09 -2.033385031148416e+06  6.405167791383865e+04
  1.264010136584518e+09 -2.858736630156087e+05  1.129698439997121e+06
  1.265501132515128e+09  1.484255689216712e+06  2.887939061356753e+06
  1.263798990212735e+09 -3.842991231571903e+05  2.458775951130150e+06
  1.261073694775907e+09  2.009811965641335e+06 -1.227991899768671e+04
  1.262241863209966e+09  1.968088818357999e+06  6.201905533064590e+05
  1.262607432602487e+09  1.744686279540632e+06  2.299846355101933e+06
  1.261704848717190e+09  4.392987701265665e+05  8.427351226000853e+05
  1.261292857691647e+09 -1.175908210619391e+04 -4.165231885879084e+05
  1.263088352018346e+09  3.144345855567206e+06  6.934953542442804e+05
  1.265683800631668e+09 -6.303536344966446e+05  1.669095703188758e+06
  1.262791698210045e+09  2.193794109958578e+06 -1.836649486157547e+05
  1.262327764649928e+09  2.143976608017739e+06 -2.037232495495857e+06
  1.261173981407713e+09 -8.224432948371390e+05 -8.942084991637730e+05
  1.267055534936144e+09 -1.849798758336721e+06  2.588083646806042e+06
  1.264511865330902e+09 -6.924027852885586e+05  2.896932285002978e+05
  1.262386738395831e+09 -2.291312179243350e+06  1.583248883641345e+06
  1.263563780889608e+09 -7.556231683012673e+04  1.905091104871689e+06
  1.262797925786984e+09  1.558571508738001e+06  2.283894456707604e+05
  1.266320134144660e+09  1.269977747478771e+06 -6.538183614630153e+05
  1.263801175241498e+09  2.695565465397480e+05 -7.918427926242455e+05
  1.265804949359426e+09  2.637902897600144e+06  2.393452227573406e+06
  1.264465495136221e+09 -7.620130921739974e+05  3.831892938662910e+06
  1.261718336336734e+09  1.606664195100565e+06  1.596284130105737e+06
  1.259649615308284e+09  1.350837777922681e+06  1.664537657616217e+06
  1.265641397601508e+09  4.517369550590038e+06  1.667776252353730e+06
  1.261324058251491e+09 -3.064230473999031e+06 -1.120015482897323e+04
  1.264438773224405e+09  1.973633856087846e+06 -7.542655497229833e+05
  1.261812941388895e+09  2.910960204255998e+06 -2.047214082751307e+04
  1.265063269998131e+09  1.313115966759174e+06  2.628424451896406e+06
  1.262895233984784e+09 -1.891122018878538e+06  5.937507458314407e+05
  1.263712132784730e+09  2.403701599677629e+06  1.683166634618576e+06
  1.264945043895773e+09 -2.221235025714740e+06  2.147873912784415e+06
  1.265504046386787e+09  7.298973234324999e+05  1.481675681544093e+06
  1.265860032362120e+09  8.146860853658034e+05  1.507802007521978e+06
  1.267527742369769e+09  1.639549880300157e+06 -4.924033452679701e+05
  1.260710156193071e+09 -2.375643324972566e+06 -1.229225319205023e+06
  1.263922123146777e+09  3.603737841396467e+06  2.681377786694560e+05
  1.264489808249018e+09 -6.652901038609579e+05  9.004472993108368e+04
  1.261904424366139e+09  2.829629016827787e+06  1.581868510701111e+05
  1.262658824421772e+09  8.384029810265452e+05 -5.549572461328292e+05
  1.264329750160500e+09  3.780540778669117e+06 -5.123382162996893e+05
  1.263160558744073e+09 -3.052744111305955e+06  5.378082088453642e+05
  1.261431636624864e+09 -8.969382254639541e+05 -6.970974529062707e+05
  1.260937106732940e+09  3.832645013470957e+06 -1.900322769790513e+06
  1.261508470475255e+09  2.685542095867985e+06 -6.965536616417506e+05
  1.260294111188768e+09  9.713228533024114e+04  2.868889711807379e+06
  1.265940564779807e+09  3.787897435961789e+06  1.699963148948743e+06
  1.264821027199483e+09 -2.919057569721391e+05 -8.509618796882752e+05
  1.264210865176225e+09 -2.670515792316127e+05 -2.053967589561263e+06
  1.265423124403715e+09 -2.636597208658565e+06 -5.815074938043519e+05
  1.264142317710002e+09 -4.038907117191495e+05  5.842219969347573e+05
  1.266203833567885e+09 -2.042581130704787e+06 -7.449423408384570e+05
  1.265598695563059e+09  1.735962958054740e+06 -2.489503814015225e+06
  1.260348022912440e+09  4.304954720794534e+05 -7.930115328081766e+05
  1.259405681595092e+09  2.452836498666925e+06  1.279247258993801e+06
  1.263572121778882e+09 -2.080326360458294e+05 -1.962466181797519e+05
  1.262096360984800e+09  1.945162005011915e+06  1.422130932175021e+05
  1.265258762062318e+09  2.976624885736739e+05  1.688516194328478e+06
  1.265518740692053e+09 -3.665116046214597e+06 -7.393942689196439e+05
  1.264625450519924e+09  5.529093634427631e+06 -2.424389125207891e+06
  1.262185537369083e+09  4.470828145079642e+05  5.435670900102875e+05
  1.264549669467819e+09 -1.067066436621481e+06  5.395685972977292e+05
  1.260286056105170e+09  2.734048040553642e+06 -1.240885328012111e+06
  1.263541653745465e+09  3.101685557887220e+06 -1.278231610055645e+06
  1.260546499211534e+09 -2.431793153478018e+06 -6.884278970422770e+05
  1.262191502137099e+09 -3.196316327437281e+06 -7.114109177224596e+05
  1.264136546851051e+09 -2.023172991627176e+06 -1.211666558708191e+06
  1.267160177776269e+09 -1.744228312792713e+06 -1.829734443623297e+06
  1.262983414647280e+09  1.399394677792012e+06 -8.423954609104333e+05
  1.262002743288692e+09 -1.738581818529582e+06  7.245215822051191e+05
  1.265426069995352e+09 -7.087126932472899e+04  1.621551968351756e+06
  1.261992480574503e+09  5.321005927827567e+05  1.187805006237837e+06
  1.263158230025568e+09  2.594876847835827e+06 -6.331092624576770e+05
  1.261772645310546e+09  3.126859811074956e+06 -2.093624266564546e+05
  1.261789814492934e+09 -2.978777312908531e+06  1.175119407682811e+06
  1.264638731583382e+09  5.680842132334547e+06  4.812369427018468e+05
  1.260515082702621e+09 -2.964625487238771e+06  7.242058614814151e+05
  1.264281593124470e+09 -6.922601553174332e+05 -1.106457454906110e+06
  1.260126895549710e+09  6.320596348338531e+04 -8.932731759098456e+05
  1.259899398452963e+09 -8.027221374132843e+05 -3.504171133247238e+05
  1.263657072024896e+09 -1.514574843977053e+06  7.086577891643811e+05
  1.263246617200076e+09 -6.867864551350583e+05  7.223458802244917e+05
  1.259924513366611e+09 -6.270982207723769e+05 -3.956118191294736e+03
  1.265415813599818e+09  7.098728470280216e+05  9.822319321841183e+05
  1.264149170465137e+09  1.278507437081409e+06  3.947768437316693e+06
  1.262271894524755e+09  1.177055249662553e+06  6.280597912660625e+06
  1.263199111691967e+09 -4.287473204615802e+04  4.832348430428062e+06
  1.263374135562388e+09 -5.960527112694853e+04  2.327668807562237e+06
  1.266656369432965e+09 -2.523955092564918e+06  1.679618671253788e+06
  1.264449268295846e+09 -1.223763114183349e+06  3.117927252325952e+05
  1.263787872860093e+09 -7.915126240633754e+04  1.392010168845952e+05
  1.266549162676058e+09  9.647410837193276e+05  3.045879070124541e+05
  1.263996723053030e+09  2.003783890833265e+06 -9.380144543013270e+05
  1.263875390942666e+09 -5.045261575941101e+05  2.937739733152141e+06
  1.261348214611815e+09  8.602633059205626e+05  1.753566765787269e+06
  1.266080936865243e+09 -1.327882458810026e+06  1.840045873001897e+06
  1.262096358980810e+09  8.243842301200012e+05  5.978731564921818e+05
  1.261283167625221e+09  1.810253067450367e+06 -1.141866365960289e+06
  1.262327092022688e+09 -1.026489219735817e+06  2.080853340446153e+05
  1.266422697125137e+09 -9.098685134556061e+05  3.084929538164970e+05
  1.263041120649869e+09  3.440780706439382e+06 -2.196032442205124e+05
  1.263219694887450e+09 -2.759715857091619e+05  8.535554464098570e+05
  1.261702829807759e+09 -1.114793298826244e+06  2.924616084692373e+05
  1.264608371098868e+09 -1.962988260796214e+06 -2.551122618723459e+05
  1.264097631752761e+09 -2.200670900596817e+06  8.663391824439641e+05
  1.266364281476382e+09  9.386781384371023e+04 -2.443150194809621e+04
  1.265479048408925e+09 -1.102227192037416e+06 -1.536322387572994e+06
  1.263186143878910e+09 -4.935740522387020e+05  3.812491542104335e+05
  1.264330899489638e+09  9.066312484161791e+05  2.937272615366043e+06
  1.264733796714795e+09 -4.433961666313680e+05 -1.105088771488847e+06
  1.264338921236427e+09  1.239932389772313e+06 -1.130295353025294e+06
  1.262038287568930e+09  2.735268707144910e+05 -3.236616403807837e+05
  1.259767479953762e+09  6.817660365725954e+05 -7.814266489172676e+05
  1.260679748915608e+09  1.558469494891050e+06 -3.194188585686727e+06
  1.259919199860570e+09  1.023625938550414e+05 -8.530269244583766e+04
  1.264457978990191e+09 -4.119095051880427e+06  5.233903291567276e+06
  1.260260427193177e+09  3.541334872663805e+06  6.163410038931386e+06
  1.262005783120448e+09  3.763260759196175e+05  3.708270492084534e+06
  1.266611024056233e+09 -1.490276626556093e+06  1.558943875888309e+06
  1.262991455752414e+09 -1.470380128760735e+06  5.389858190121775e+04
  1.262011591252411e+09  1.313881749370771e+06 -1.402347983333935e+05
  1.260677061687101e+09  1.653544482745009e+06  2.802768751682458e+06
  1.262739161100711e+09 -4.573199957322937e+05  5.420631696365936e+06
  1.262062668326262e+09 -1.040494684135705e+06  3.725524374579851e+06
  1.261785373478646e+09  7.552558678102071e+05 -1.042996242062568e+05
  1.264544981891327e+09  1.344594272453404e+06  1.139673761016599e+06
  1.264125058523405e+09  1.562674805433395e+05  4.049376886493660e+06
  1.262403518836235e+09 -2.082625299537642e+04  4.247452250978699e+06
  1.265933741040176e+09 -8.805001272572513e+04  1.946953009705211e+06
  1.262716667773199e+09 -1.894224184345055e+06 -1.713197980847309e+05
  1.263631344076800e+09  8.215269356943195e+04 -5.440898724200445e+05
  1.267823141570270e+09 -4.570816847069528e+06  7.331962198844494e+05
  1.263519059026115e+09  1.602917721279043e+06  2.375976067000151e+06
  1.261735079683210e+09  1.117210963418417e+06  1.988000405972266e+06
  1.267799593368474e+09 -1.029341799696094e+06  9.695193092592921e+05
  1.264114111877893e+09 -8.726646380193041e+05  1.761740005438820e+06
  1.260891954305885e+09  1.652508146269276e+06  2.554552600434844e+06
  1.265454664994518e+09  1.878698924710079e+06  2.120033629277716e+06
  1.261761155881103e+09  7.964015631304387e+04  8.136989716880462e+05
  1.263095233264157e+09  2.828654523953372e+05 -7.118918851157711e+05
  1.259343948012495e+09  1.222914274866489e+05 -1.059102382792613e+06
  1.263684469316204e+09  3.690731890260341e+06 -1.639158568388585e+05
  1.260671770842935e+09 -2.132767259785318e+06  7.550122807041323e+05
  1.261412831091657e+09 -1.641399465978753e+06 -1.070366230748716e+06
  1.263402008809464e+09 -3.298180693633730e+05 -2.877661124883168e+06
  1.267000162799800e+09 -4.538595474027022e+06 -2.202026141896103e+06
  1.264454092059766e+09 -1.202998424996930e+06  9.325085844560390e+05
  1.261797743041291e+09 -2.493034940343108e+06  2.776354398652130e+06
  1.259392322209601e+09  6.010501330945709e+05  3.242985818235432e+06
  1.263358937532322e+09 -1.007718639810739e+05  3.845980283613177e+06
  1.262617902449117e+09 -1.370951981196129e+06  3.673946640441966e+06
  1.263162990101273e+09 -1.605312005264677e+06  3.094184445484852e+06
  1.264341352369846e+09 -2.204789011367359e+06  2.064891822513747e+06
  1.264374526589226e+09  2.213617389851553e+06 -6.271350743372329e+05
  1.261476751206160e+09  2.164570583782559e+05 -1.725835509470087e+06
  1.262033761271571e+09  1.243041135486097e+06 -8.941968857583598e+05
  1.261919790491417e+09  5.729741931011925e+05 -1.306969573826820e+06
  1.261885607316792e+09  3.331349113731526e+06  4.219004850607630e+05
  1.259407673958371e+09 -3.715090428729672e+06  3.861227833452355e+06
  1.260848786863410e+09 -2.772456112712509e+06  5.123927866810853e+06
  1.264049639443244e+09 -1.088702416253715e+06  2.743991228016178e+06
  1.263050282351109e+09 -4.973575342617832e+06  1.048279020600133e+06
  1.259757133149786e+09  2.123770133928116e+04  2.422260174462906e+06
  1.261244276336050e+09 -3.056396351366051e+06  2.002941470580182e+06
  1.262089364567499e+09  7.243957607721701e+05 -1.308765936669051e+06
  1.259016559159443e+09 -6.233545030027042e+05 -2.272867196186157e+06
  1.262160270651304e+09 -6.742307552253400e+05 -2.010112561584124e+06
  1.266258436309256e+09 -2.294091353068019e+06 -2.326149414558737e+06
  1.261629432532624e+09 -2.372516045893944e+06 -3.234161198367993e+05
  1.264622807632303e+09  8.812007470242251e+05  1.460721594821575e+06
  1.262376552532724e+09  1.496050409198806e+06  9.973543880652132e+05
  1.261967031479719e+09 -1.028607033723570e+05 -3.620434372454940e+03
  1.261165741374403e+09  2.544732080193237e+06 -9.274056131485237e+05
  1.262478212515117e+09  1.654181230263167e+06 -1.295415171241110e+06
  1.264584845651165e+09 -3.624000903751974e+06 -3.374209977328420e+06
  1.268004322225104e+09 -3.306111731806042e+06 -5.418313250221447e+06
  1.264761826635172e+09 -3.600128729565546e+05 -4.041263776044866e+06
  1.259455805153810e+09 -4.277222808043023e+06 -7.424497427101219e+05
  1.266286677054347e+09  2.495535270890592e+06  2.734043515674432e+05
  1.264281526928287e+09 -5.421854337077724e+06  4.951638578359158e+05
  1.265709176209200e+09 -7.562475953663713e+05  5.861177745817119e+05
  1.260091434286622e+09  6.513258585160028e+05 -5.344621028334636e+05
  1.261415723321938e+09  1.762379572942235e+06  1.310736481344489e+05
  1.262658664765015e+09 -2.441900425370404e+06  2.399105523678073e+06
  1.264481452574851e+09  8.625178723006863e+05  2.376843207464905e+06
  1.263141663159160e+09 -6.133061926357577e+05 -6.465710101140009e+05
  1.267765491387243e+09  2.207017225039048e+06 -2.042835988396461e+06
  1.265172060119662e+09 -8.740486426157935e+05 -3.922851987705511e+05
  1.263726057836844e+09  2.814607867875018e+06 -4.435633435567428e+04
  1.262944564998013e+09  3.241570309729519e+04  1.737201456901249e+06
  1.260445826392254e+09  2.629952602860657e+05  1.929005675956470e+06
  1.260027720169084e+09 -3.778814172529633e+06  7.625322738793690e+05
  1.264078515155581e+09 -7.042338826865602e+05  8.064821022553879e+03
  1.264250754625918e+09 -2.897312312499036e+06  5.275313341334322e+05
  1.262518382372171e+09  3.913637774167949e+06 -8.483376071432838e+04
  1.261584860197822e+09 -3.176414394745299e+06 -2.036155064615724e+06
  1.260957770549557e+09 -5.966455364024010e+05 -1.086840302445351e+06
  1.264088829301298e+09  1.376610957654063e+06  8.602005539547437e+05
  1.263047906407910e+09  1.473028089196222e+06  1.080171931014271e+06
  1.262856642360293e+09 -8.682305705914159e+05  1.840960617373483e+06
  1.262114975809304e+09  1.137456859765582e+06  1.477002323213903e+06
  1.261989066272525e+09 -1.085599606912925e+06 -1.367922417200244e+06
  1.259818078726398e+09  3.413845136594038e+06 -1.705330608294909e+06
  1.264302611640838e+09 -8.427634047406225e+04 -7.691347611125665e+05
  1.262048172695165e+09  3.252930123303760e+05 -6.202608643910324e+04
  1.260701342055506e+09 -4.384423916505362e+05 -6.800888256774379e+04
  1.263746620272674e+09  3.777826491613532e+06  5.331618096080950e+04
  1.263239640374411e+09 -2.981693431298818e+06  1.975412277482504e+06
  1.263039547582649e+09 -1.183176664307603e+05  2.156465992962120e+06
  1.260422504587989e+09 -7.402126490710294e+05 -8.871741946926828e+05
  1.264575307623189e+09  2.287631093732166e+06 -1.555154576333424e+06
  1.262582839641520e+09  2.193318293192125e+06 -1.354071025238808e+06
  1.263157844032784e+09  1.055245415434950e+06 -9.069740913740754e+05
  1.262064593429976e+09  3.343426060515972e+06  9.997397457100450e+04
  1.263353169698811e+09 -5.105506320752126e+05  1.753801072619662e+05
  1.266511497615308e+09 -3.614988297716397e+05  5.914078402369519e+05
  1.259224548349104e+09 -1.061586171063135e+06  1.454992368417242e+06
  1.263427070509757e+09 -1.912994579443500e+06  1.179742213940229e+06
  1.261999991331048e+09  4.697895289738504e+06  4.533689411937986e+05
  1.264048658939865e+09 -6.372801298134789e+05  1.086492706409623e+06
  1.260949510155204e+09  1.257482394473135e+06  7.923799870530264e+05
  1.260793148325198e+09 -4.469558554118612e+05 -7.876928535516252e+05
  1.263265272670888e+09  2.827188987182841e+06 -8.820607014811168e+05
  1.261998469482338e+09 -1.453330374352224e+06 -1.112859906167287e+06
  1.263729825974154e+09  2.106944494866171e+06 -1.193953410035332e+06
  1.261937563698483e+09  1.116030613496840e+06  1.585062148962266e+05
  1.263522423271941e+09 -6.765525879034777e+05  1.302025987755386e+06
  1.263024430074743e+09  2.075649248442911e+06  5.902950266865275e+05
  1.261878746074881e+09 -1.264706799193014e+06 -1.198096536575091e+06
  1.261612065214780e+09  5.310460756498271e+06 -5.480182933378865e+05
  1.262839336546639e+09 -5.070930491830663e+05  2.010555015099459e+06
  1.262412588000808e+09 -2.150820024651142e+06  1.840301506282680e+06
  1.263759989928823e+09  1.663273124346130e+05  8.798689138162360e+05
  1.260977336096750e+09 -5.788956045566455e+05  9.259309908488088e+05
  1.265541809840589e+09  2.857182602331812e+06 -1.564755063219569e+06
  1.262563643889200e+09 -2.605528240652419e+06 -3.556646621961219e+06
  1.261125126069386e+09  2.837896892687756e+06 -1.843768141663130e+06
  1.261767237378982e+09 -1.286711994770889e+06 -2.008660696215341e+06
  1.265193257244256e+09  1.848611547967327e+06  1.256916461415084e+05
  1.265059816700845e+09 -7.515863500811509e+05  2.661010712885359e+06
  1.260806180679975e+09  1.737051859752939e+06  1.718441847383384e+06
  1.261833386440289e+09  2.124108486100891e+06 -8.329881466922738e+05
  1.259780519092728e+09 -4.875547550337457e+05 -2.732852268559035e+06
  1.261359330865446e+09 -8.629855025130075e+05 -2.178057286177023e+06
  1.263789119305934e+09 -3.731539936195679e+06 -1.697587294225837e+04
  1.264729870216025e+09  3.442784520711030e+06  2.505739746933541e+05
  1.261325967741879e+09  1.391553505282248e+06  1.136821761767269e+06
  1.260560850135268e+09 -2.748198098554087e+06 -1.939938053694302e+05
  1.264997745334112e+09  3.033376624844840e+06 -3.187346986338897e+06
  1.263288305884693e+09  5.460687324995645e+05  3.565434531994797e+05
  1.262158375822892e+09 -5.144532643138903e+05  2.513079047450372e+06
  1.265328557335755e+09 -3.494952768116437e+06 -1.319908512703912e+06
  1.262486493095283e+09  1.431570018127651e+06 -2.822339481280682e+06
  1.266175658981027e+09 -2.443284918622728e+06  2.518869013100831e+06
  1.260679414032544e+09  1.167515300258425e+06  2.737369043924295e+06
  1.264234564183416e+09  2.064440470069477e+05  1.674249526616660e+06
  1.263800807862133e+09  2.000442307070555e+05  1.062660006349944e+06
  1.265263572934726e+09  1.339972455985105e+06  3.497909260377071e+05
  1.263261374299808e+09 -9.339221552858186e+05 -1.365586377179931e+06
  1.261840462455938e+09  1.179277096019612e+05 -7.324221219607873e+05
  1.261638706056241e+09 -2.893284169129923e+06  2.270923969771939e+06
  1.264369405644449e+09 -4.375647093744178e+05  2.530803186067743e+06
  1.261791094705138e+09  1.722110026046546e+06  4.449785419153518e+05
  1.261719030377021e+09 -2.024811319647194e+06 -1.035167005674635e+06
  1.261113451904086e+09  2.330150730710791e+06 -2.392792334325280e+06
  1.262800722865089e+09 -4.880155607673997e+05 -2.116846646616034e+06
  1.264376904053838e+09 -1.240099056440712e+06  8.953429062467788e+05
  1.262247172275432e+09 -3.917423101384128e+06  1.658637752930877e+06
  1.262730335170492e+09  1.170517657127051e+06  1.195018873799042e+06
  1.266278982177114e+09 -2.660850320857943e+06 -2.829218940700175e+06
  1.262632230261688e+09  1.416465852348676e+06 -2.739583049989857e+06
  1.264084569827559e+09  1.274026854656457e+06 -2.795303233392718e+06
  1.265068431289364e+09 -4.029480459626828e+05 -2.012606587692206e+06
  1.262854817379691e+09 -3.377392833850977e+05 -2.400424067739024e+06
  1.265176960329933e+09 -2.232013327697981e+06 -1.089710270908878e+06
  1.263515384054392e+09  1.353154227184233e+06 -2.643989356603352e+05
  1.264308937158202e+09 -1.723368837748005e+06 -9.652366925842772e+05
  1.267193345401032e+09 -3.437214880487153e+06  2.501926054003371e+05
  1.259015986293056e+09 -5.404696477948142e+05  2.304937249969900e+06
  1.259506500559083e+09 -1.527312706224141e+06  2.585697172612302e+06
  1.265025398934309e+09  2.995689271191019e+04  1.299941187723165e+06
  1.263800062217892e+09 -4.923333343416202e+04  1.268259676031500e+06
  1.263778053583872e+09 -1.219780735442089e+06  7.542392858464299e+05
  1.261231886526575e+09 -2.756274487448616e+06 -2.578213364041212e+06
  1.265145563237954e+09  9.378469354499131e+04 -4.315390209853293e+06
  1.263841631606425e+09 -2.039677458250523e+06  1.525636609509557e+06
  1.264272306560027e+09  4.238397639004027e+06 -7.989462465838168e+04
  1.264840707179366e+09  2.421325528658442e+05 -1.929158922584643e+06
  1.264389427544060e+09 -1.052773339030924e+06 -8.946335979036714e+05
  1.265156356603066e+09 -1.797589736774518e+06  2.357473612577421e+06
  1.266966251394670e+09 -1.810579935587678e+06  2.828392332107690e+06
  1.264140036166507e+09 -8.371527704082392e+05  1.394242661536458e+06
  1.263690347244813e+09 -1.982391580238863e+06  6.351504491741036e+05
  1.265002210520025e+09 -3.806458407631679e+06 -8.618200795425268e+04
  1.259282700359539e+09 -2.424829046963871e+06  1.120942375646812e+05
  1.262052234699671e+09 -1.222649110903496e+06  1.592908523976390e+06
  1.264565668764672e+09  4.544617145642830e+04  1.468133831576161e+06
  1.258549126749843e+09  6.710601815094865e+05 -6.652073183944679e+05
  1.258460259310402e+09 -2.253398799315433e+06  5.182471413810190e+04
  1.264184234074435e+09  1.817047279005386e+06  2.193279661393672e+06
  1.262166299893009e+09 -2.770058341493244e+05  2.261925478062239e+06
  1.262018283016179e+09 -2.305906532203006e+06  2.471075909233016e+06
  1.263076669780886e+09  4.116337219776566e+06  1.689651069811607e+06
  1.262616693487921e+09 -1.052166214532381e+05  2.136649350310115e+06
  1.264661727773362e+09 -1.358581868909817e+06  2.011712655361132e+06
  1.264557359311679e+09 -2.885827575862181e+06  1.490696738439396e+06
  1.263926731417417e+09 -9.105419780963496e+04  1.628049695108712e+06
  1.263459853670340e+09 -2.807918884092884e+06  4.285359859057019e+05
  1.263005797792897e+09 -1.972188594910323e+06 -4.334264538129881e+05
  1.262514938960348e+09 -2.725165501433201e+06  6.424397386958469e+05
  1.259627801540507e+09 -2.369361444360475e+06  1.716348231259481e+06
  1.261834388306222e+09 -6.209378519883940e+05 -6.914872032506993e+05
  1.263651083657926e+09 -5.592959848932137e+05 -3.658419831570092e+06
  1.267188917393307e+09  3.799586014432086e+05 -2.247288129564615e+06
  1.265034989309901e+09 -1.462641282157111e+06  7.217846998695977e+05
  1.264203663645621e+09  5.221390748640621e+06  2.421923286110772e+06
  1.260352445533502e+09  2.024761801125814e+06  2.976845609852171e+06
  1.264575004687322e+09 -1.756569140312794e+06 -1.184091952657559e+06
  1.261127760023306e+09  9.080737569591594e+05 -4.479912923078698e+05
  1.263122979684388e+09  8.635567588679891e+05  3.232307233991657e+05
  1.260756802569637e+09 -1.863048776270949e+06  2.660752105347461e+05
  1.261931643334780e+09 -2.487360825227981e+06 -8.145529244178180e+05
  1.262554355319993e+09  6.753257616041633e+05 -2.568977052290277e+06
  1.267527105290707e+09 -1.091471429502405e+06 -1.142738784243532e+06
  1.261951925745712e+09 -7.382732094720041e+05  1.211455456746509e+06
  1.262337969158969e+09  6.683204757187795e+04  1.078018612569926e+05
  1.263427726173607e+09 -6.154021511526986e+05 -2.593712602300984e+06
  1.264039537057383e+09  5.611099606159842e+05 -3.932540549145543e+06
  1.263395191605112e+09 -1.868595394805814e+06 -3.000061033560705e+06
  1.261339812864770e+09 -3.784249080076615e+05 -7.992554559437338e+05
  1.261362579714811e+09  1.370297764591235e+05 -1.252459240407171e+05
  1.262993562414650e+09  3.729871962435469e+06 -2.245249511161392e+05
  1.260296372351310e+09  3.323864242799488e+06 -4.082147956482368e+05
  1.264570062179119e+09  7.899371444827083e+05  1.696854284421593e+04
  1.259535105639685e+09  3.570687821856068e+06 -1.441883268105977e+06
  1.263630922812605e+09 -1.196658321953610e+06 -9.548708647439631e+05
  1.263254296878978e+09  3.516068450002593e+05 -2.310755862935473e+05
  1.263967927257693e+09  1.985824285973978e+06  2.686332339985446e+05
  1.262412760899048e+09 -2.514550053342716e+06  2.921713653359213e+06
  1.265833163490534e+09 -1.555309968743051e+06  3.365824529123015e+06
  1.263683464274074e+09  1.067662046375732e+06  1.220537780750914e+06
  1.263194035578597e+09 -1.271125358181234e+06  2.614906696297390e+05
  1.263869510322644e+09  2.870703753109156e+06 -1.089832091614845e+06
  1.263740791686861e+09 -2.609729618389816e+05 -4.464196275989413e+06
  1.266269339787123e+09  4.731874502535915e+05 -4.405770668282529e+06
  1.267690035439522e+09  7.147174775799334e+05 -9.575923848867405e+04
  1.265898484256258e+09  1.231758460628401e+06  2.925020769611109e+06
  1.264645768866081e+09  1.763222046630807e+06  3.518342554988422e+06
  1.264009388161828e+09  4.607293681276838e+05  2.017722561937967e+06
  1.265348058786405e+09 -4.491434033753494e+05  1.223745186480785e+06
  1.261346358150794e+09  2.635965331455116e+06 -1.368363143614652e+06
  1.266054920249636e+09  5.015258001767544e+04 -1.743917336068426e+06
  1.262133394876996e+09  1.676870062789256e+06  1.242754437909651e+06
  1.263636308673210e+09  2.030391308978516e+06  4.151885045549992e+06
  1.261425711862468e+09 -1.310377014745014e+05  4.650171637925816e+06
  1.263348474356390e+09 -1.924644466760411e+06  1.819144772152714e+06
  1.261467222071932e+09  3.339077505560721e+06 -7.183855973248841e+05
  1.263134288271282e+09  6.600966532841448e+05 -1.074745389976599e+06
  1.263340403162153e+09  1.592970340660323e+06 -2.078438518502033e+06
  1.264027738195936e+09 -1.101357551389804e+06 -2.473264837519080e+06
  1.263319264221082e+09 -5.044786358184749e+05 -1.683470524795037e+06
  1.264157684157818e+09 -9.893719731110579e+04 -1.896097787357189e+06
  1.263838881948734e+09  2.702119931301701e+06  4.296693700722225e+05
  1.260635075936719e+09  2.206391410037630e+05  3.992920277106439e+06
  1.261382328595799e+09  1.036089123949562e+06  3.525732268696953e+06
  1.265120990425368e+09  1.525794676235818e+06  2.715810618179791e+06
  1.262796445622375e+09  6.136621970944625e+05  2.330765507264907e+06
  1.264338718200842e+09 -2.407594547894779e+06  5.823855448588664e+05
  1.261915607293381e+09  4.813437336227549e+05 -2.490219553547695e+06
  1.260482423275880e+09  1.903822144344046e+06 -4.353975836128272e+06
  1.261295751494315e+09  1.517214291514955e+06 -2.999295100190473e+06
  1.264530150147266e+09 -2.796705927108717e+06 -8.835592733147597e+05
  1.260721616619859e+09  3.723909936623129e+06  5.855830202081213e+05
  1.262044163682372e+09  1.589318894497050e+06  9.889845500210748e+05
  1.267381413889054e+09  1.420811438580492e+06  7.588107348484737e+05
  1.264340165458088e+09 -2.312209330276494e+06  2.357014546446265e+05
  1.264352125199186e+09 -1.832422516896897e+06  3.258754556559979e+05
  1.257653635548576e+09 -1.066766466458448e+05  1.473298652290050e+06
  1.261171049723231e+09  1.248252340720579e+06  1.601614816106326e+06
  1.262519750076280e+09  1.437602703390773e+05  1.214901108798749e+05
  1.263364812413316e+09 -8.862861868438188e+05  7.670009410846671e+05
  1.265092588769617e+09  1.533230003247137e+06  8.646781358232265e+05
  1.263725373870089e+09 -1.105722768080289e+06 -8.812771510314692e+05
  1.261555478638658e+09 -4.502546188391179e+06 -2.559774781560925e+06
  1.263986137130071e+09 -2.300716855901464e+06 -2.925266216981250e+05
  1.262503961848863e+09  2.869574671755820e+06  2.334854113156149e+06
  1.263562970244045e+09  6.254907279026295e+05 -1.223719380494552e+05
  1.268386806976728e+09 -1.610851170977900e+06 -6.172303281131637e+05
  1.263867863119764e+09 -2.036661906356303e+05  4.128848296769396e+06
  1.263442588907384e+09 -2.809279020505418e+05  5.539641271488762e+06
  1.266391869576475e+09  1.457132096515484e+05  1.884938830781157e+06
  1.263722084712016e+09 -2.093163011394247e+06 -7.721469326804248e+05
  1.262755672545764e+09 -2.639550379305508e+05 -8.807939034984148e+05
  1.265268681248078e+09 -1.824841837865259e+06 -1.144883940748420e+06
  1.263174962053202e+09  1.069094298850290e+06 -1.411473846372223e+06
  1.263732382561590e+09  6.111683483074484e+05 -1.422664741400980e+06
  1.260797252007656e+09 -2.037150694432716e+06 -2.028708709370997e+05
  1.262817840831188e+09 -9.121710518652076e+05 -5.428106895781397e+06
  1.260175829010052e+09 -2.505834610719935e+05 -4.055821323181325e+06
  1.261014797765525e+09 -3.217454613090713e+06 -1.542814851772018e+06
  1.263699193322609e+09 -1.694122552191318e+06 -4.615810052107055e+05
  1.266318387064019e+09  4.432399964227220e+06 -1.662810197031136e+06
  1.263225727847525e+09  7.308598371026163e+05 -2.822907212421120e+06
  1.262420386336234e+09  7.834242378320561e+05 -9.344486639830738e+04
  1.258127092674098e+09 -2.078248430190102e+06  1.444940992986839e+06
  1.260551544099543e+09 -5.364371542415991e+05  1.233510303111374e+06
  1.263304744483515e+09 -2.265097660133212e+06 -1.191074968277545e+06
  1.263506472562342e+09  5.290592677617848e+05 -4.302180723653172e+06
  1.261224230061256e+09  3.327980154853475e+06 -1.330319220663805e+06
  1.264582977493301e+09 -2.617338250315971e+06  1.175733623985083e+06
  1.263231750125455e+09  3.412687721458013e+06 -1.176704884658527e+06
  1.264641901562546e+09  1.019183679375311e+06 -1.380349272632717e+06
  1.261195912193477e+09 -2.879952831363267e+06 -2.406995258745678e+06
  1.261018708806809e+09  5.524867590850818e+05 -2.396354213978617e+06
  1.262783993756817e+09  8.290838353339625e+05 -2.150803257741560e+06
  1.261037284886879e+09 -1.306866153547085e+06 -2.158241856259564e+06
  1.263287835698097e+09 -1.707217153397400e+06 -1.297486309888949e+06
  1.263641137063388e+09  3.274067431855143e+06  6.088953067388213e+05
  1.262435824710347e+09  3.782196804835851e+05  2.102072071046027e+06
  1.262024929472618e+09  1.407758683436966e+06  2.688733977910136e+06
  1.264852496133750e+09 -1.294143020599815e+06  1.181726909659601e+06
  1.260858675051448e+09 -4.901759804652820e+05  3.863303060751471e+05
  1.260930588234807e+09 -7.917227323552873e+05  1.224843282223401e+06
  1.264938066734979e+09  2.799408370555744e+06  4.336870854604737e+05
  1.262728502470672e+09  3.213120490732996e+06 -2.009719362085772e+06
  1.262662475235431e+09 -1.156689512549494e+06 -3.995313749326504e+06
  1.263340327556772e+09  1.694963994751933e+06 -2.217165514861691e+06
  1.261658187079507e+09  1.618699044234613e+06  7.167610010075697e+05
  1.263888016473181e+09 -1.377217381221438e+06 -5.489699607234275e+05
  1.261802408288298e+09  2.985676879983200e+06  2.487590490831178e+06
  1.263264952837672e+09  3.357131855841145e+05  1.857719794586580e+06
  1.268489293711357e+09 -1.362149555984379e+06  2.015998575932530e+06
  1.262808435579278e+09 -2.463867397107576e+06  3.121559527851458e+06
  1.259540655566731e+09 -1.431548964961423e+06  8.359738136069303e+05
  1.265398912039267e+09 -7.238787323796611e+05 -2.084900661990623e+05
  1.263927951023629e+09  1.487006518776813e+06  5.277847871060901e+05
  1.263151769011968e+09  4.685095583771396e+05 -8.074802473518309e+04
  1.261176279742206e+09 -8.695793909235413e+05  8.431035570259392e+05
  1.262682036808327e+09  1.619520143318562e+06  1.407798152534779e+06
  1.262893476219145e+09  2.373314837228259e+06 -1.094697623604425e+06
  1.262037754203988e+09 -3.573357478367772e+05 -2.013072951527563e+06
  1.262671202967208e+09 -3.700221282028459e+05  1.213264355553865e+06
  1.265964743705430e+09 -1.627954188682533e+06  3.153418043378917e+06
  1.264307812205573e+09  2.105875207442112e+06  1.641308504335504e+06
  1.261781823897154e+09  1.108190819548418e+06  1.232141984895613e+06
  1.262414265343609e+09 -6.022318822337664e+04 -4.623397462995009e+05
  1.263818210161074e+09  4.975122144104632e+05 -2.779612111595019e+06
  1.261117747416958e+09 -8.302988322274995e+05 -4.465525106913984e+06
  1.266013656069471e+09 -9.852845331654431e+05 -1.426850252914738e+06
  1.265549743654729e+09 -4.624032782347542e+06  8.088366145775159e+05
  1.262117561590891e+09 -8.718053030922274e+05 -1.125307008658216e+06
  1.260846901011181e+09  2.828435242213476e+06 -2.787555571868259e+06
  1.261664284105527e+09  1.378767486043464e+06 -2.549853948567683e+06
  1.262550244111837e+09 -1.878397066336251e+05 -2.301206446034060e+05
  1.262724375861358e+09  3.253590975310446e+05 -1.513999526779735e+05
  1.265909453049187e+09  7.206289578427910e+05 -5.843125591864748e+05
  1.262351788162972e+09 -8.180609283877674e+05  1.439246222892028e+06
  1.257955265991649e+09  1.122424979874023e+06  8.592988463052842e+05
  1.260311033625093e+09 -2.278958647846628e+06 -7.867589430827354e+05
  1.264015325978222e+09  8.781927579136931e+05  1.572217934098043e+06
  1.262757712295207e+09  2.319120949459604e+06  2.091035760714310e+06
  1.263733654122729e+09 -2.752822791094344e+06  3.374948922297425e+05
  1.262342608637863e+09  1.019775592900494e+06  3.519115662322579e+05
  1.265076652663428e+09  1.820295863403789e+06  1.635692436422528e+06
  1.262004197955632e+09 -1.674256608477358e+06  1.165794737951220e+06
  1.261471040066783e+09 -3.361710347253015e+06 -3.271923831369124e+05
  1.264980828942419e+09 -2.224042407040392e+06  7.567480365655676e+03
  1.260969518349351e+09  3.245473325937382e+06  1.714901069987900e+05
  1.260501752074218e+09 -6.407584748471996e+05 -7.208557085591976e+05
  1.262322297357011e+09  1.800984605006476e+05 -1.653906283176723e+05
  1.263300563998813e+09  4.299133424822033e+05  1.402595536315030e+06
  1.265496587382073e+09 -2.093512159639823e+05  9.841113569058990e+05
  1.261366407139306e+09 -3.479784166128698e+04 -6.391826734901625e+05
  1.264887480987973e+09  2.490482817569103e+06 -1.284826880459800e+06
  1.262138734750562e+09 -1.687661292598245e+06 -2.985729908800297e+06
  1.265968674990790e+09  1.430914998991844e+06 -3.056987464026585e+06
  1.260093385780302e+09  3.545432324169675e+06 -2.877095933981601e+05
  1.262292000323091e+09 -1.291819581514137e+06  1.353590512236563e+06
  1.263337131278814e+09  1.996690928316043e+06 -9.758345470672281e+05
  1.262517420953688e+09  2.249361125282607e+06 -3.760349996515566e+06
  1.263019988284204e+09 -4.067666267728931e+06 -3.258279992268039e+06
  1.262952653722610e+09  3.191229123123423e+05 -1.261664751988630e+06
  1.263787790846107e+09 -3.823227609010508e+06  5.244311006135977e+04
  1.261382123885211e+09  3.269157126743824e+06  7.526811927488568e+05
  1.263417907541396e+09 -2.127482689940190e+06 -1.182787985525682e+06
  1.264458118245615e+09  5.238230684504076e+05 -2.108873546757713e+06
  1.263255909470863e+09  2.321263989114707e+06  9.310475329646119e+05
  1.259527703986663e+09 -9.472210607886140e+05  2.402200454819650e+06
  1.264367659564756e+09 -4.810255488209719e+05  7.060252000905888e+04
  1.260746603691004e+09  2.784256298228080e+06 -1.022321582467721e+06
  1.265928801890663e+09  7.672274849257787e+05  1.595112450903861e+06
  1.263815303105016e+09  3.088262430208342e+06  3.020906795099556e+06
  1.260034107251090e+09  2.458599056944492e+06  2.143865988097196e+06
  1.262833585081522e+09 -1.021313310229444e+06 -1.661093359634139e+06
  1.264344138176498e+09  3.357710722293546e+06  1.252056353677161e+06
  1.265649903985265e+09 -4.639842464860081e+05  2.487176383732282e+06
  1.260888007450343e+09 -1.544639380247853e+06 -5.015069451881453e+05
  1.265248286100687e+09  2.833835300363706e+06 -2.088403973769868e+06
  1.258079604021872e+09 -1.373529759235271e+06 -2.133928219335351e+06
  1.261150373878584e+09  3.762147730404539e+06 -4.172207980769044e+05
  1.261863391469913e+09 -8.388926216439495e+05  3.975069873059529e+05
  1.263972491857306e+09 -1.763861140850160e+05 -1.669241191534808e+06
  1.260419984861990e+09  2.154589152324073e+06 -1.860775692197680e+06
  1.258564049353404e+09 -5.436557236186176e+05 -6.148097339760095e+05
  1.265012748987392e+09 -7.844844021189800e+05 -5.292153045608391e+05
  1.264946133379250e+09  1.592073813192217e+06 -4.672927608815936e+05
  1.260492443561383e+09  2.616566402853029e+05 -2.494209878103370e+05
  1.262392156545774e+09  4.490794742334285e+05  1.801395495328627e+05
  1.261337848610868e+09 -2.982025946796509e+05 -6.254620764980002e+05
  1.264513209000550e+09 -2.260479788532749e+06  1.592517933912933e+06
  1.261677609215860e+09  3.987786432812399e+06  2.017439682060706e+06
  1.264730420052192e+09 -1.170550659847091e+06  6.258516339848149e+05
  1.265798365873915e+09  5.838683152029342e+05 -6.195976293204657e+05
  1.265528545758217e+09  2.822297592201429e+06 -9.105705166654210e+05
  1.263278209025114e+09  3.447148952965922e+06 -2.298170286137470e+05
  1.264816891910583e+09  1.753174498704023e+06  1.318898827601825e+06
  1.262833916521945e+09 -3.776514551927331e+05  1.147150446136330e+06
  1.264560104538372e+09 -1.328149138219269e+06 -2.549252955302910e+05
  1.262351346423920e+09  1.497137529499707e+05 -1.182648968617875e+06
  1.262302584158031e+09  7.189989892509495e+05 -1.177234426674002e+06
  1.263353553787535e+09 -1.392664392992669e+06 -1.888756261455488e+06
  1.261950076542020e+09 -1.033821463227462e+06 -4.865447562244395e+06
  1.265221644757813e+09 -3.215467684608783e+06 -4.506627545571672e+06
  1.263845291391157e+09 -2.551909051212091e+06 -7.314315427502880e+05
  1.263927225478328e+09 -9.544866929307643e+05  8.605163570170957e+05
  1.265417012556135e+09  4.025331671307315e+05  2.102635913803660e+06
  1.261712266518518e+09  3.796693495619076e+06 -3.045820308252936e+05
  1.266028696732180e+09 -2.523064039306133e+05  1.396560693472244e+05
  1.265275189648026e+09 -3.089594784569191e+05 -7.786331161560037e+04
  1.263158791801715e+09  4.817420291231519e+05 -7.272503396242710e+05
  1.263691776511141e+09  2.763194052939994e+06 -8.366614711887958e+05
  1.264089251635249e+09 -6.637909900359226e+05 -1.349368162730339e+06
  1.261497924074525e+09 -7.848011858901198e+05 -3.074648177993415e+05
  1.267566872195257e+09  5.427730233016674e+05  1.184673212086042e+06
  1.258110268782750e+09 -2.020196281069680e+06  1.564124669267377e+05
  1.262891211214332e+09 -6.190677019282698e+04 -1.298190015798380e+06
  1.263979958061167e+09 -7.950945767607307e+05  3.181311470761404e+05
  1.263540584314873e+09 -3.879954685962966e+05  2.393735508630121e+06
  1.262227888870463e+09 -2.694333254766852e+06  1.989451443557285e+06
  1.263416152632862e+09 -1.943541972022728e+06  1.532174702521084e+06
  1.266162024156293e+09 -8.563450027333596e+05  3.040643462103807e+06
  1.262914024701418e+09  3.891214713823568e+06  1.096370720353875e+06
  1.263347601750876e+09  2.930079186802150e+06  1.500042366731110e+06
  1.265030119738451e+09 -1.513065484064027e+06  1.136789020029565e+06
  1.262289522813164e+09  4.835989853759580e+05  7.009305830910290e+05
  1.264861018772657e+09 -2.321031774828218e+06  2.509392432136941e+06
  1.264545714706072e+09 -7.636644052461294e+05  3.167354421950370e+06
  1.264296246572422e+09  1.311257431417550e+05  1.392204376210680e+06
  1.262472536656861e+09  1.526333375774091e+06  2.557247962206418e+06
  1.263437346844143e+09  2.311944850802165e+05  3.074744654620295e+06
  1.259475690358516e+09 -2.062901581378854e+06  4.369021737524886e+05
  1.261643774995678e+09 -3.113411709336104e+05  5.698751375181475e+05
  1.265116495079736e+09  2.340744498846799e+06  5.076693301168468e+05
  1.257773705734187e+09  2.241304716305318e+06 -1.112384235607036e+06
  1.258745247926982e+09 -3.100248222404605e+05  3.252318864975494e+05
  1.266897193002084e+09  1.524128409231521e+05  1.502668801822321e+06
  1.265422085087477e+09 -2.912793914843508e+06  9.742821827399717e+05
  1.263572923467987e+09  3.866959799553592e+06 -2.432187040855428e+06
  1.262268016091370e+09  2.626565660765601e+06 -2.030131946050690e+06
  1.262701235539863e+09 -2.748661651570149e+06 -1.992844687447245e+06
  1.263413021548096e+09  1.272765680027871e+06 -2.624708396096726e+06
  1.261551892174531e+09 -2.292475111348841e+06 -2.461861245277868e+06
  1.263400015566659e+09 -5.828985805931167e+05 -5.010269214374204e+05
  1.261016181822789e+09  3.069855747095271e+05  6.353745268475129e+05
  1.259965871527965e+09  3.026210052248023e+06 -4.475999307490879e+04
  1.263831964670121e+09 -2.389920009761292e+06  1.654628766383757e+05
  1.259167044293363e+09 -1.145341796006836e+06  1.606694941056590e+06
  1.260657103564487e+09  1.264362222717929e+06  6.124792373425567e+05
  1.264625363598665e+09  3.425946884433951e+06 -2.389847796558643e+06
  1.266087252329308e+09  1.123072321976355e+06 -3.740295932003909e+06
  1.263030049089098e+09  1.745830288166471e+05 -3.382581160781566e+06
  1.264184222512839e+09  2.521640974453175e+06 -2.697398887669932e+06
  1.260871230350193e+09 -4.995844424990354e+06 -2.544909879483772e+06
  1.262904988130406e+09  2.969328999685998e+06 -1.705235431925087e+05
  1.261847992061382e+09  3.298830053993874e+06  4.779172818806334e+05
  1.261560140314524e+09 -2.804699864730266e+06  1.202536708409879e+06
  1.261234390350130e+09  7.364182889962327e+05  1.713487427304608e+05
  1.262696508347118e+09  1.814999405423397e+05 -7.551131205587834e+05
  1.261365287026963e+09 -1.268755693564381e+06 -4.058744087080019e+05
  1.263566788750423e+09 -1.284925154728919e+06  1.575939206455123e+06
  1.264669537679031e+09  1.702355870043810e+06  1.895292145467153e+06
  1.262173455521859e+09 -2.059279128338756e+06  1.429516860198717e+06
  1.263530882671236e+09  1.384506016431507e+06  2.964389988449647e+06
  1.264682681741120e+09  9.926868026738528e+05  4.090701789728168e+06
  1.265328439674266e+09  1.329298958635912e+06  5.352203300921729e+06
  1.259787005142124e+09  4.046179531039178e+05  6.302055823853109e+06
  1.263028184454620e+09 -1.099650992724383e+05  3.258370023951872e+06
  1.259892750089262e+09  3.472669168064267e+06  3.621932869530740e+04
  1.262366705686965e+09 -3.334438975690175e+06 -2.314021106687316e+03
  1.266030114976177e+09  7.078609836261594e+05  8.426392488705474e+05
  1.260626408517350e+09 -2.069325276547224e+06 -9.563818506940040e+05
  1.265248963578912e+09  9.580278498769074e+05 -1.317722198383133e+06
  1.263158553091981e+09 -9.177832213788367e+05 -3.506093924076299e+05
  1.261431186531999e+09 -6.909001474903532e+05  2.554005062826786e+06
  1.264619106861634e+09  2.286964918637175e+06  3.402703066666679e+06
  1.265383806885953e+09 -1.626022234743560e+06  9.274045924829349e+05
  1.262390631449497e+09 -5.871906131221124e+05  7.052853469538452e+05
  1.263695630438811e+09 -1.142818304900629e+06  2.420693784951757e+05
  1.263610843394215e+09  6.446548647956660e+05 -5.306374837920641e+05
  1.261962836397104e+09 -1.642089235300853e+06  2.385006909666255e+06
  1.263436598609205e+09  1.418459479522350e+06  3.852645159596035e+06
  1.266240572640307e+09 -3.863604446254997e+06  1.878992793178126e+06
  1.265554671155367e+09  7.231291191972148e+05  6.974568814541812e+05
  1.264135691983571e+09 -5.069705594914799e+05  1.089014757509530e+06
  1.263359964321300e+09  1.180269516194709e+06  1.780948816869950e+06
  1.265175537440461e+09  2.539044685697313e+06 -6.451571284523129e+05
  1.263452846047870e+09 -1.575251914425116e+06  2.844076028236204e+05
  1.265254308435414e+09  2.980128781367305e+06 -2.206885068534765e+06
  1.260460626472975e+09  2.738951508308274e+05 -2.049211386645950e+06
  1.263733167898200e+09  1.104146274366181e+06  1.239809560667483e+06
  1.262258278794303e+09  8.285309327568810e+05  1.757740446000758e+06
  1.262629871013515e+09 -1.270405851219320e+06 -1.769024007071501e+06
  1.263285085873216e+09  1.829365909412825e+06 -5.751973959709732e+06
  1.261735628114405e+09  5.638890536377802e+05 -4.277247939754907e+06
  1.262177188321102e+09  1.600089539543670e+06  1.152963185898162e+06
  1.261372358033048e+09  1.200819232246390e+06  3.691718186741209e+06
  1.261184219082389e+09  8.800975240388256e+05  2.354870658590817e+06
  1.264292859722806e+09 -2.203638785477980e+06  6.843169033860058e+05
  1.264174287679018e+09 -3.223315231978958e+05 -4.859739899064302e+05
  1.259782078218969e+09 -2.839227544987362e+06 -1.763717627226118e+06
  1.261199111900791e+09 -1.221038197579678e+05 -2.309009677296579e+06
  1.263719715845752e+09  2.991259332895526e+06 -1.171642482948553e+06
  1.264785217056067e+09 -3.303153291222821e+06 -5.242737454616606e+05
  1.265235541850695e+09  7.470093407438326e+05  1.102542602561950e+06
  1.264252601389810e+09  2.757374478796704e+05  2.726403343388767e+06
  1.262734357667164e+09 -1.074260825801641e+06  2.754068409259557e+06
  1.261378604680954e+09  4.309834018452599e+05  1.007897226495322e+06
  1.262755032213661e+09  1.169929175024555e+04 -1.917355841760426e+05
  1.262611286445401e+09  1.650345803573854e+06 -4.816268230880983e+05
  1.261743682515172e+09  3.433123740017032e+06 -5.359327597438472e+05
  1.265531390831520e+09  1.375345242921932e+06  7.286074930472225e+05
  1.264859649445729e+09  3.237538281034469e+06  1.441566293680883e+06
  1.265887751647658e+09 -9.444907197417449e+05  7.194253875384311e+04
  1.259461841071928e+09 -1.520893377874445e+06 -5.760698807266894e+05
  1.260517333996753e+09  1.282977029609239e+06 -9.332118861582677e+05
  1.261062169722067e+09 -1.438574146864636e+06 -1.850265782186559e+06
  1.263429223189237e+09 -4.176106271325937e+04 -1.623207331256622e+06
  1.264192291350254e+09 -2.965857672277703e+05 -7.120858046854732e+05
  1.265143715167694e+09 -3.588335735545973e+06  8.185514815936296e+05
  1.263066581348274e+09  5.618526475508627e+04 -6.461061848901920e+05
  1.260966662219152e+09 -8.934119427509522e+05 -2.050885584097821e+06
  1.261555093918710e+09 -2.724491895050382e+06 -1.162306690798039e+06
  1.263362072473480e+09  1.072977348902893e+06  1.084238383718845e+06
  1.264990071927662e+09 -3.079966938727043e+05  8.451722901817311e+05
  1.263663177686487e+09 -2.786431993020584e+05 -7.867972461428232e+05
  1.264761927744832e+09  5.884327699601073e+06 -1.145449404302635e+06
  1.265009656574570e+09  7.032151954651148e+05 -1.492484223515799e+06
  1.263658140454350e+09  3.306863646511330e+06 -9.247470077847528e+05
  1.263973494127027e+09 -2.454368556840211e+06 -1.135532019689798e+06
  1.266088684423105e+09 -2.818015922535922e+06 -2.305961716299799e+06
  1.265612171994875e+09  3.296400418210083e+06 -1.286210896779645e+06
  1.264147740949967e+09  1.987072305301027e+06 -1.480322798540274e+06
  1.263171269690760e+09  1.150778238088915e+06 -2.682687212204190e+06
  1.261500423948164e+09 -4.169413061931563e+06 -1.222734161133141e+06
  1.259668865405610e+09 -3.932768801439807e+05  5.708766858506191e+05
  1.261126071714604e+09  7.970630357096810e+04  6.712625845939859e+05
  1.264586084406401e+09 -3.109771243459341e+05  1.376944611485153e+06
  1.264653893077452e+09 -9.972129860037996e+05  1.013677966149178e+06
  1.262214548677212e+09  1.276238073958300e+06 -2.025439411520390e+06
  1.264755212275877e+09 -2.307158578503007e+06 -2.146182928433931e+06
  1.258466015298298e+09 -9.612712862556337e+05  1.354765353425984e+06
  1.260340922312747e+09  4.573418854412007e+06  2.466258907772254e+06
  1.264600215497981e+09 -8.689082705966677e+04 -4.756963969555981e+05
  1.262274408481020e+09  3.755776623416480e+06 -2.281946505578711e+06
  1.259824936559824e+09 -9.491097883522660e+05 -1.146558369142461e+06
  1.264490353228940e+09 -1.943739225164598e+06 -9.999212447456587e+05
  1.265199466925498e+09  3.650969494932475e+05 -7.994211347130795e+05
  1.263873197092977e+09  2.841626582989912e+04  2.558563370360252e+05
  1.258648915201356e+09  5.708512071377145e+05 -1.099200382770779e+06
  1.260688827093949e+09 -3.082337018323889e+06 -1.406702815737595e+06
  1.263081236580968e+09  1.153891379368769e+06 -3.012494351882859e+05
  1.262114081761369e+09  1.916250807700483e+05 -1.511320565490903e+06
  1.261874037632317e+09  4.495725817757803e+05 -1.419488477183538e+06
  1.264430099995961e+09  7.285108724770553e+05  4.104353292828862e+05
  1.264819763860703e+09 -5.728848686549432e+05  5.843401568902708e+05
  1.265018392073880e+09 -2.662267931039772e+06 -3.294343609503492e+05
  1.264617870772883e+09 -2.101551681885775e+06 -1.103425307107975e+05
  1.265554143352609e+09  2.422704970320379e+06  1.364295959538562e+06
  1.261185880803652e+09  1.535468040842763e+06  1.969796587208915e+06
  1.265363438091852e+09  2.072998780028643e+06  8.806087809306975e+05
  1.262364232545548e+09  5.775345866834002e+05  9.375502681764478e+05
  1.261300902854975e+09 -8.997458385457454e+05  9.018541139002666e+05
  1.263721065742553e+09 -2.653303108569457e+06 -4.167411165207890e+05
  1.263262581433502e+09 -2.694087010880548e+06 -1.584391378776809e+06
  1.265020159737838e+09 -2.335257587920834e+04 -2.518520389975102e+06
  1.262306948912458e+09 -6.907224969641976e+05  3.840191564050870e+06
  1.260345945881502e+09  5.106604440620575e+05  1.717914108436658e+06
  1.265653971397851e+09  1.150272143892664e+06  9.478254368378322e+05
  1.263561121939085e+09  2.976877316200733e+04  1.614302405575007e+06
  1.260283667346085e+09  1.630012335070283e+06 -1.291645121184578e+06
  1.262205383882516e+09 -1.100700284026293e+06 -1.700288188311370e+06
  1.262358818788651e+09 -7.487275156932328e+05  1.661681074541049e+06
  1.261842815878986e+09 -1.206071937157392e+06  2.074447142691660e+06
  1.264761225684548e+09  1.230046234048017e+06  6.379298326590377e+05
  1.264822553297108e+09  1.788214965748388e+06 -9.724605582395610e+05
  1.263193472099807e+09 -9.797907791071932e+05 -1.890471370471224e+06
  1.261122599760414e+09 -1.104050421053826e+06 -3.094928245796649e+05
  1.263902471763930e+09 -1.757587814366734e+06  3.551561262613840e+05
  1.262415639635487e+09  9.627406829759206e+05 -1.166806703149920e+06
  1.262887973222867e+09 -1.680730181054243e+06 -6.752511463710429e+05
  1.260517793365904e+09 -3.861523008111291e+05  2.327801013900101e+06
  1.262294907502049e+09 -3.382369410976613e+04 -5.210941968019609e+05
  1.265674351907820e+09  7.071914987128798e+05  1.458715912145870e+06
  1.261715565186547e+09  1.240195673714578e+06  3.542571777332053e+06
  1.265123701486567e+09 -1.004310774543946e+06  1.605661145566520e+06
  1.265585105793909e+09  2.021480989298879e+06 -7.954741179229583e+05
  1.264292645908202e+09  9.342780652245488e+05 -2.427201386339231e+05
  1.260751658011299e+09 -5.868105424992755e+05  1.207530188913892e+06
  1.263893087472855e+09  2.288666646464282e+05  2.424414593864972e+06
  1.261393857185262e+09  5.257798822043475e+05  3.080860642715751e+06
  1.261261825005623e+09  1.999582682221951e+06  7.214665141662152e+05
  1.268835376640074e+09 -2.018202007381978e+06 -2.139661482845254e+06
  1.262820653119093e+09 -3.966087324451114e+06 -4.188189305567334e+05
  1.257980228262836e+09  7.777171218129608e+05  1.819983019328024e+06
  1.261767722538077e+09  5.021219466116630e+06  7.888125797767013e+05
  1.262959766792430e+09 -1.440067414292061e+06  2.045852113205404e+05
  1.262755870788681e+09 -3.458243930385739e+03  6.176936571177482e+04
  1.264438870150442e+09  4.294492968874893e+05 -1.730726077491830e+06
  1.262277545653390e+09  3.538331651788895e+05 -6.518025369099248e+04
  1.264044549830676e+09  1.288432275949563e+06  1.336814350185916e+06
  1.261088657604295e+09 -3.519582716743960e+05  2.397092519771342e+06
  1.263039775427630e+09  9.198519522209212e+05  3.450835478749898e+06
  1.266340901221234e+09  9.736183525839960e+05  1.527236468297178e+06
  1.261958651528274e+09 -1.206341734213816e+06  2.197508270068025e+05
  1.261225590221501e+09 -5.749069770326961e+05  7.837433450880896e+05
  1.263066947081351e+09  2.953574518795387e+06  1.086956895618584e+05
  1.262812883378314e+09  3.315500161125571e+06 -1.554164066880420e+06
  1.263180366264490e+09 -8.909555262860429e+05  5.590086180590689e+05
  1.262302781216118e+09 -3.106371652300605e+06  3.089054273923084e+06
  1.265112767832235e+09  2.631809466137170e+06  2.527965644891046e+05
  1.260865233642031e+09  2.484738535603953e+06  1.228856885837133e+05
  1.265033541762069e+09 -1.004359327653909e+06  2.198705754333426e+06
  1.260896709500400e+09  5.285873653495007e+05  9.521322980385076e+04
  1.261201769686098e+09 -2.891391343154454e+05 -1.037132957168228e+06
  1.260135750314310e+09 -5.399606189150104e+04 -3.069469325536823e+06
  1.263631805133245e+09 -1.654121802835609e+03 -2.501665763221499e+06
  1.261859864576718e+09  1.020953080289029e+06 -2.369202630552945e+05
  1.262882236780941e+09  5.207906204374935e+05  5.114373999161881e+05
  1.263852854794155e+09  7.478490595150181e+05  1.691602325342188e+06
  1.263159284287319e+09 -2.627154734742624e+06  2.686215316620773e+06
  1.264842686623888e+09 -6.015836553633391e+05  3.006915119986164e+06
  1.263923581068429e+09  4.488277801247614e+06  2.087000709820067e+06
  1.264350008211185e+09  2.844371929031034e+06 -4.443276477257531e+05
  1.259568764456505e+09 -4.654920956021294e+05 -1.808993135710459e+06
  1.263213406292971e+09 -1.397647225291369e+06 -1.812860765696860e+06
  1.260819341660332e+09  2.795713702083446e+05 -1.334941182438354e+06
  1.267423300161890e+09 -9.499447995387864e+05  8.722576238354247e+05
  1.263058812762045e+09  7.244525105076419e+05  2.830585182655855e+06
  1.262689484322935e+09  1.531439448466676e+06  1.425308503325933e+06
  1.262652503646608e+09 -1.371146914265454e+06 -2.154419638827794e+05
  1.260093565387027e+09  2.108122805102708e+06  4.019608772050868e+05
  1.263498265214054e+09 -7.011841474403667e+05 -2.190007310074413e+06
  1.260982157287362e+09 -4.007599797526310e+05 -4.370856478112955e+06
  1.264612825593558e+09  1.793414903853943e+06 -1.212996349022383e+06
  1.261938019430093e+09  8.374638312988449e+05  3.040340089083838e+06
  1.261028158087903e+09 -3.931284707246194e+06  1.995179982808765e+06
  1.261917164911771e+09  3.264837909494524e+05 -1.536113396700447e+06
  1.262825613697997e+09  3.598736822326022e+06 -2.614364421907875e+06
  1.259662511594059e+09  1.573972434589773e+06 -3.822936482953383e+05
  1.261416355066552e+09  4.712940666770033e+04  1.696238082729039e+06
  1.264708135649054e+09 -1.498580769272963e+06  1.617482037613187e+06
  1.265717162764738e+09 -3.527821312242479e+04  3.143386588338375e+06
  1.260280856651129e+09 -1.838747363380366e+05  4.376742736100667e+06
  1.262422031895067e+09 -4.557100616257249e+05  1.297045531560495e+06
  1.260193702896442e+09  2.478815209412869e+06 -1.248222076346030e+06
  1.261083410619387e+09  2.322297077220720e+05  4.842548534156312e+04
  1.263104899005951e+09  3.466825153235598e+06 -1.279960058300150e+06
  1.263109834596308e+09 -3.270451720492990e+05 -1.876799852288199e+06
  1.265934994978296e+09 -3.059126884864652e+06  1.794783542920843e+05
  1.265927265695494e+09  2.714334535129149e+06  7.106474001473363e+05
  1.262146527848149e+09 -1.355571776307480e+06  2.707534152385515e+05
  1.264629505651994e+09 -2.767941205869200e+06  1.597356607938712e+06
  1.265665984839159e+09  2.635574103443215e+05  1.946948415681325e+06
  1.262488580935446e+09  2.563248489147518e+06 -6.549774049667438e+05
  1.265703496479829e+09 -2.172944382486266e+06 -2.194822450305772e+06
  1.264219048740306e+09  3.768950550744787e+06 -2.565526968710268e+06
  1.265347614298378e+09  4.480303449431057e+05 -2.850177091814350e+06
  1.261751058342210e+09  1.332053464709596e+06 -3.806037848884145e+05
  1.264781793625826e+09  3.748195581613309e+05 -8.554707225306350e+05
  1.264846856127328e+09 -1.920469391061270e+06 -4.079711774785285e+06
  1.264199336272849e+09  1.268265388223176e+06 -2.417940154473473e+06
  1.264029940817645e+09  2.829128964136614e+06 -7.405556045442701e+05
  1.262988712138902e+09  1.734579794738448e+06  9.950996138808180e+05
  1.267628707864565e+09  1.754976023467627e+05  1.610301839078869e+06
  1.264572555466949e+09 -4.255402073088111e+06 -1.230101537102221e+06
  1.263636805187394e+09  1.815910970616338e+06 -2.756474816196396e+06
  1.262676820779168e+09 -4.249379973309694e+06 -2.398231695201221e+06
  1.263710312340198e+09 -1.694722784599422e+06 -3.073052670306528e+06
  1.259138806000193e+09  4.167301442000074e+05 -3.517185934700633e+06
  1.263534602524325e+09 -6.138581390582916e+05 -2.341463027117013e+06
  1.257916199078400e+09 -4.919654485547418e+06 -7.819117645105317e+05
  1.264445110309269e+09  4.218686476961082e+06 -1.621307061772788e+06
  1.263028321041423e+09  2.264974480310294e+06 -3.170333484459785e+06
  1.261719290904284e+09  3.862144114009137e+06 -2.509829582352515e+06
  1.262169654264267e+09 -1.359136892612818e+06 -1.042644955436668e+06
  1.265301980950784e+09 -5.507815611363903e+05 -4.885642418466796e+05
  1.264047889809658e+09 -1.467932702919426e+06 -7.756354075264378e+05
  1.260917941057879e+09  1.953293247965795e+06  1.269675021937580e+06
  1.263116091709826e+09 -4.179031732033530e+05  2.158809287367543e+06
  1.263213603408158e+09  1.633714389887516e+06  2.643127186874686e+06
  1.261011002642985e+09 -3.989458417673236e+06  7.699783572312178e+05
  1.266741421355937e+09  4.306525838538997e+05 -1.545815666594044e+05
  1.264309246638192e+09 -3.957754116718459e+06  4.469670798797790e+05
  1.263890408161082e+09 -7.093101096511402e+05  1.540608558867132e+06
  1.262303052442455e+09  2.208010273019089e+05  1.667776487541596e+06
  1.261419281721787e+09 -3.106452500371745e+06 -6.806256071575966e+05
  1.258458593310677e+09 -7.768608307809327e+05 -2.292554005184253e+06
  1.260888280270569e+09 -1.407236429332475e+06 -1.495594544051261e+06
  1.264893573829677e+09  1.157843005388258e+06 -8.224891278093008e+05
  1.261818353927283e+09  5.985616571700770e+06  1.148430842683908e+05
  1.262463903508553e+09 -2.337046761233429e+06  4.247564592614898e+05
  1.266128232729003e+09 -2.001338724525785e+05  5.662215933639374e+04
  1.265554004980905e+09 -2.458304957059908e+06  9.408297551284634e+05
  1.262891140960512e+09 -3.776146035089780e+04  2.628773223512109e+06
  1.261968697108665e+09 -1.514543139624139e+06  4.119807219753733e+06
  1.265087919577296e+09  5.326732330051432e+05  2.712588807284025e+06
  1.263377746972211e+09 -2.501874257907679e+06 -7.489729027609450e+05
  1.261581081030129e+09 -5.410159611304732e+05 -1.812573893445293e+06
  1.263562329879177e+09  6.972786030973191e+05 -2.458958610913658e+06
  1.260682784355459e+09  5.622671283887688e+05 -1.582298452891081e+06
  1.260174667560475e+09 -3.163813726297572e+05 -3.931614508258316e+04
  1.264637551327423e+09 -1.843958643646520e+06  2.609655439795536e+05
  1.257290339931725e+09  1.877670158571732e+06  6.786927282267904e+05
  1.262849034212074e+09 -3.847801709487631e+06  5.891244691199858e+05
  1.263358873621228e+09  1.101766570588713e+06  1.455277454311776e+06
  1.260994772119430e+09  3.504018119371309e+06 -3.388156422291738e+05
  1.262575545866507e+09 -6.191519965420187e+05 -3.125572747035173e+06
  1.263374647903480e+09  1.330774846903220e+06 -1.206659349746819e+06
  1.262821648154684e+09 -4.230628918016790e+05  1.370147709082247e+06
  1.258812792707726e+09 -3.340273833757648e+05  2.055028851228944e+06
  1.261308291256273e+09 -2.265523524705549e+06  1.527815844572318e+06
  1.261000114751687e+09 -1.542715294696493e+06 -5.044968899205041e+05
  1.261494044555925e+09 -1.231361500168583e+06 -1.207161609222144e+06
  1.262482119905094e+09 -1.939623739177228e+06  3.135127543378379e+05
  1.261952785167965e+09  3.455042279365062e+06  2.864642245565024e+06
  1.261113015101078e+09 -8.404065966392576e+03  3.567037043724787e+06
  1.266214148964448e+09 -8.130749226280956e+05  8.960952734069369e+05
  1.262396606927692e+09 -1.153510313795121e+06 -1.532394622714265e+06
  1.265291935673023e+09 -1.641096586916412e+05  8.706861102301214e+05
  1.264446848810263e+09 -2.560208139317102e+06  2.476011727536716e+06
  1.264824347232759e+09  1.937194825229314e+06  9.842525932552300e+05
  1.260071853814224e+09 -1.576689359138072e+06 -1.238011711867261e+05
  1.263070528618129e+09  1.226705441440114e+06 -1.726570704312153e+05
  1.260849406221342e+09  2.104525692770469e+06 -3.810737310699108e+05
  1.264490715939188e+09  1.096350861699296e+06  1.061505745602022e+05
  1.263387424056745e+09 -2.284450422471121e+06 -3.038035573872463e+06
  1.263719153696660e+09 -9.314890141687086e+05 -1.409548136289494e+06
  1.263922074950427e+09 -3.846772305807852e+06  1.671062592429657e+06
  1.263452783008261e+09  1.912487626747183e+06 -3.132999671984743e+04
  1.261705162891780e+09  6.134518111367543e+05 -3.839995158953903e+06
  1.262509164908356e+09  1.730175556375332e+06 -4.313720191506932e+06
  1.265959728710698e+09  1.591562943322738e+06 -1.021455163152399e+06
  1.261105034307603e+09 -3.111486983176593e+06  1.940156632029030e+06
  1.262521624863137e+09  3.879453113578516e+05  2.281617677058221e+06
  1.265089368509850e+09  2.658579920605697e+06  2.886950648153960e+06
  1.261516551967192e+09  1.549700416556400e+05  3.356685364084607e+06
  1.264302527677970e+09 -5.719568202947185e+05  2.347924407741181e+06
  1.264590577132364e+09 -1.234342801875160e+05  1.492472659762881e+05
  1.264568641173827e+09 -3.201562023231630e+06 -1.776152877349535e+06
  1.263724595288726e+09  8.844092225624823e+05 -1.103084450564970e+06
  1.264432501873508e+09  1.944932944199303e+06 -1.188237933053777e+06
  1.263763905728013e+09 -2.370888139418669e+06 -3.945762601287663e+06
  1.264994182798151e+09  7.260253860378921e+05 -2.403223026244708e+06
  1.266757143555336e+09 -3.826119057682639e+06 -8.833930829404922e+05
  1.262327953674598e+09 -6.039969976815217e+05 -1.413008702439683e+06
  1.263305899682092e+09 -1.292457024671456e+06 -3.020601753077009e+06
  1.263045220951006e+09  2.297764852253368e+06 -1.514103576735672e+06
  1.263918034960117e+09  8.956055911282764e+04  1.214382735030117e+06
  1.263126484206378e+09 -2.312410840969080e+06  2.891304079454475e+05
  1.261152321738674e+09  9.909174722901790e+05 -1.171805486034625e+06
  1.260057471222236e+09  2.007349252949733e+06  2.206939979148579e+05
  1.260290953060091e+09  1.145744048582028e+06  1.074902459278052e+06
  1.259928089599746e+09 -1.085899895085321e+06  1.399106988442333e+06
  1.262536490281276e+09  2.808852739705801e+06  2.269641340869636e+06
  1.263989161939825e+09 -2.799993653970282e+06  1.542238929222511e+06
  1.260645295049396e+09 -1.128705599656352e+06 -1.298604457907637e+06
  1.263279737991171e+09  1.690177109892895e+06 -3.882075864174725e+06
  1.262836889195161e+09 -2.109773915572906e+06  6.788790853028577e+05
  1.266174476461818e+09  1.445154082019781e+06  2.569480593010194e+06
  1.264171209013265e+09 -2.968367457614870e+06  1.912073962938385e+06
  1.263513542315873e+09 -3.335692843325471e+06  6.008081311517712e+05
  1.263983144217628e+09 -1.984374913348769e+06  3.925168479033738e+05
  1.261157573166143e+09  1.760067911022122e+06  3.956633833424324e+05
  1.261464942055012e+09 -1.316462128347970e+06  8.209748782091611e+05
  1.264373889966903e+09 -7.809808441386570e+05  3.114225814585957e+06
  1.262323939912969e+09  1.670015172959866e+06  3.335425660484405e+06
  1.262595878263418e+09  4.104771400655878e+05 -2.366455884235590e+05
  1.264997253763381e+09  1.493499317809361e+06  2.845938360094265e+05
  1.265331827013507e+09  1.172626944667422e+05  3.109078161842768e+06
  1.263643437318133e+09  1.747781686010440e+06  2.880441028953029e+06
  1.259987882634459e+09  1.254554276259715e+06  1.167751875662408e+06
  1.260710620597182e+09 -1.669520667994686e+06 -1.347826304849971e+06
  1.263762551788456e+09  6.656319368689680e+05 -1.763283376221613e+06
  1.263896662402161e+09 -4.413023987767466e+05  2.247636056451963e+06
  1.265944956487860e+09  1.450508529371302e+06  1.049493995033644e+06
  1.265009528020476e+09 -3.060837644568440e+06 -3.263843106648438e+05
  1.258666949562737e+09 -1.888699834037685e+06 -1.773188262507028e+05
  1.263146150633794e+09 -7.324695222406125e+05  5.337436293276350e+05
  1.262764979944536e+09  1.460647582536171e+06  2.159250199852171e+06
  1.263345166297813e+09  6.209515973029104e+05  3.922311889134800e+06
  1.265167288767962e+09 -2.910230577509265e+06  4.276339568839775e+06
  1.263138294110298e+09  2.567592004507951e+06  4.141273382490365e+06
  1.264698167112266e+09 -6.738845096258954e+04  1.522968118326763e+06
  1.263690773440850e+09  2.448925820447861e+06 -3.776259163136345e+05
  1.263800224145734e+09 -5.565704187235532e+05  2.319928070053240e+06
  1.264854093101685e+09 -7.416215511408767e+05  3.385815539172646e+06
  1.264379637898131e+09  1.024926528183783e+06  9.627790198550839e+05
  1.264060794215682e+09 -2.898961707610666e+06 -1.650811274082495e+06
  1.261797259034260e+09 -1.633503064031895e+06 -2.374811501933809e+05
  1.262326337447499e+09  3.169546749330194e+05  6.412391177495448e+05
  1.260303098386135e+09  1.587967237579587e+06 -1.248637986100307e+05
  1.261391025435450e+09 -3.524387146193179e+06 -1.242412356643667e+06
  1.264930759028527e+09  1.363540185756361e+06 -4.006184922052152e+04
  1.262253382083001e+09 -1.357578382334910e+06  1.211862750030447e+06
  1.261992171599919e+09  6.320356550413975e+05  3.798690892675158e+04
  1.266077743383806e+09  1.536314412919271e+06 -4.564964885816899e+05
  1.260256198044845e+09 -2.450215679740329e+06  1.611038840236969e+06
  1.260210213398152e+09  1.407204998206922e+06  2.577763346260326e+06
  1.264195600003127e+09 -4.364922780129596e+05  5.257229951739238e+05
  1.262044709737123e+09  2.643392486969789e+06 -1.687053055120546e+06
  1.262799884921395e+09 -1.574651068234381e+06 -1.072082304149790e+06
  1.265157395290043e+09 -3.316313546037454e+06 -3.054389299340590e+05
  1.266571924138753e+09  7.433623595636885e+04 -7.767006521140032e+05
  1.262349852092553e+09 -4.667016720381429e+06 -5.697795113209632e+05
  1.258086089888038e+09 -1.496360160814354e+06  8.644732194633980e+03
  1.261038131047301e+09 -1.304966734872062e+06 -1.528622396341752e+06
  1.260235384550928e+09  1.399563411084129e+05 -1.788431365302864e+06
  1.262953967467768e+09 -9.920923170789519e+05 -7.282400921471929e+05
  1.264765748462902e+09  2.245855467575381e+06  2.964207222219481e+06
  1.265336836914254e+09 -2.367973706276143e+06  3.022930685733842e+06
  1.262381248371484e+09  1.618403002089600e+05 -5.034193691023519e+05
  1.264848350554686e+09  7.094950409181111e+05 -2.319156019878025e+06
  1.263829352454424e+09  4.392746405728382e+05 -2.655412012360174e+06
  1.266420541451164e+09 -1.314113709082492e+06 -3.396278096783478e+06
  1.265464772354109e+09 -1.067399732850782e+05 -3.473187611064900e+06
  1.265236198564809e+09  1.889662130239422e+06 -2.576912705407072e+06
  1.261343385597507e+09 -1.444341275201120e+06 -2.203633602372764e+06
  1.263818820797411e+09 -3.800643681389279e+06 -9.278671971239178e+05
  1.262010819215579e+09  3.568638532173357e+06  1.533180441801926e+06
  1.263708936406527e+09 -3.612144150824395e+06  1.014793885055699e+06
  1.263714340645066e+09 -6.500158363858392e+04 -1.312655640709478e+06
  1.262613646063128e+09 -1.925833205402888e+06 -3.179755160157459e+06
  1.260524317813479e+09 -7.491949217846361e+04 -3.112622985277842e+06
  1.261906813550729e+09  1.467884433938094e+06 -8.776023675021796e+05
  1.263797854684001e+09  7.150692826524505e+05  1.441528743781183e+06
  1.261650941733455e+09 -3.082746210379175e+06  1.533266469939517e+06
  1.261087378237479e+09  1.797315894990593e+06  2.309840263981817e+06
  1.262192513423187e+09 -7.030465581924485e+05  1.609815070576450e+06
  1.262299436883610e+09  1.036153060145345e+06 -9.938317873148965e+05
  1.265191405970679e+09 -3.013168513402840e+05 -2.594359695900696e+06
  1.267184374717649e+09  1.954928816812458e+06 -2.112452573362452e+06
  1.263061686463734e+09  3.398283670581471e+06 -1.271187129965347e+06
  1.262465383076592e+09 -1.875423257637212e+06 -9.728729985565987e+05
  1.266076055294685e+09 -1.815210824801342e+06 -1.210593903317146e+06
  1.259205084054930e+09  5.347255468943736e+06 -2.135666815679468e+06
  1.264366383949706e+09 -1.431841675397764e+06 -1.780625832599292e+06
  1.260580303370339e+09  6.871139078723658e+05 -2.194964396498466e+06
  1.266343671929673e+09  5.716658978640008e+05 -2.100308386306830e+05
  1.264752836253019e+09  1.098427813344249e+06 -9.408958346703553e+05
  1.263405233347138e+09  1.153128422333765e+06 -6.508352868740223e+05
  1.262228148604742e+09 -1.288702684640202e+06  1.762694752881740e+05
  1.265167658266329e+09 -2.016544117364059e+06  5.663031609831685e+04
  1.265259962703530e+09  9.470471887182927e+05  7.902695919894794e+05
  1.261141075712944e+09 -1.959470049418289e+06  1.340679166254347e+06
  1.267291398605236e+09  5.467475732146425e+05  7.604073951670476e+05
  1.260232472037860e+09  2.855765842778228e+06  4.146172130310554e+05
  1.260541668755187e+09  1.381481449655113e+06  1.106227725219827e+06
  1.266386426824265e+09  2.873424682827725e+06  1.304518877763520e+06
  1.262323165688687e+09 -1.232710945696329e+06  2.731777552741726e+05
  1.262271895182551e+09 -6.937577935458054e+05 -7.742781358006796e+05
  1.261874637699729e+09  4.236118235252242e+06 -9.257463167900143e+05
  1.262252014787160e+09  1.397559038207280e+06 -2.565851263742134e+06
  1.262395910075435e+09  9.279947616712099e+05 -2.324259743377570e+06
  1.262317482027829e+09  1.726872054479855e+06 -4.516138172445957e+05
  1.262043163590393e+09  1.038813966787703e+05 -8.073455474614592e+05
  1.262408127395585e+09  6.892992888270608e+05 -3.999541893229759e+05
  1.262312991528930e+09 -1.772191940093393e+06  1.160447178994975e+05
  1.264677723123384e+09  1.071927293598532e+06  6.125567516572081e+05
  1.265388005382986e+09 -2.171277707534615e+06 -7.378777149460863e+05
  1.263191974226236e+09 -9.900919899751251e+05 -2.008260796273038e+06
  1.263541666512424e+09 -1.878959598262954e+05 -1.713182226423128e+04
  1.264585137544150e+09  2.301986589516257e+06  1.792778985135717e+06
  1.262735543097869e+09 -1.248444105008012e+06  2.340451200580642e+06
  1.260960224343462e+09 -9.906240508342930e+05  2.058394836313295e+06
  1.259492094222231e+09 -3.793157342919505e+05 -1.264834581768934e+06
  1.265374661309230e+09 -1.577618143045363e+06 -4.114567023985372e+06
  1.262382001379558e+09  3.020420552034181e+06 -2.168935766225540e+06
  1.263924933999689e+09  2.182823440952680e+06 -2.856333258779121e+05
  1.262727311810160e+09 -1.258042119297229e+06 -2.566690654104256e+05
  1.261821232783381e+09  7.988201168502636e+05  1.311808385125917e+06
  1.260977601841591e+09 -8.806430875770925e+05  2.513072669874924e+06
  1.262914452841341e+09  6.610396225536178e+05  2.012782145613821e+06
  1.262003740441054e+09 -8.228833425234878e+05  5.392054870450789e+05
  1.261504669927371e+09  2.040562477235947e+06  1.394053616298102e+06
  1.261862101315435e+09 -2.897600765487107e+06  1.473788181497718e+06
  1.262756523816431e+09  1.129542698826535e+06 -1.767653721129004e+05
  1.265068587448384e+09 -1.358470921163990e+06 -7.583874609400440e+05
  1.264458740993146e+09  1.143847385972436e+05 -6.496553811394904e+05
  1.264986237950400e+09 -1.741416602874632e+06 -4.916519663080206e+05
  1.261498499970904e+09 -3.030157098550339e+06  1.604387303761931e+05
  1.262455925695787e+09  9.957151018942519e+05  4.690950123549391e+05
  1.261632844321218e+09 -2.241165845573786e+06  2.708728328303184e+05
  1.266004366273956e+09 -1.585571269610221e+04  2.209064765445990e+05
  1.261862422152793e+09  1.603572624020511e+05 -3.382187577193411e+05
  1.265361185089112e+09 -2.696123715121440e+06  1.928779920478369e+04
  1.263507147395865e+09  1.875908369295012e+05  1.945098850675201e+05
  1.258791680993891e+09 -8.578264588629417e+05  1.106531788439492e+06
  1.261465619117203e+09  1.430274549560829e+06  1.492251842334942e+06
  1.261730273326063e+09 -5.612977285328342e+05  2.765348299531108e+06
  1.262514471677351e+09  1.760890096528825e+06  1.460780694580018e+06
  1.263646471366991e+09 -2.055610085722013e+06  7.949904925321387e+05
  1.262030117087133e+09  5.688201402333332e+05  2.918512820715280e+06
  1.264245988452902e+09 -2.373269284006541e+06  3.151780750246510e+06
  1.264051006230552e+09  1.463933186341395e+05  1.335769137613280e+06
  1.260153000529685e+09 -9.844486925530338e+05  4.750907575023512e+04
  1.262508816200866e+09 -3.386705063401999e+06 -3.458214706367506e+05
  1.263399396911878e+09  2.342639656684740e+06 -2.315794905190760e+05
  1.264533850256815e+09 -1.948388819820954e+06 -8.090420185763706e+05
  1.262246005626012e+09 -2.244758919126187e+06 -1.583045899095767e+06
  1.263988317049117e+09 -4.574771012885217e+04 -1.739455521839855e+06
  1.261218674617259e+09 -1.496491643957895e+06 -1.544029647627207e+06
  1.260585753936131e+09 -2.244226423782339e+06  9.977014793988166e+05
  1.262384155061100e+09 -6.795417418670253e+05 -4.128951881238877e+05
  1.263299338648410e+09  1.896842659174291e+06 -2.335280740305083e+06
  1.264305388342957e+09  5.918036152789178e+05 -1.794196542710003e+06
  1.265497507491638e+09  2.987151666661141e+06 -7.003544394043880e+05
  1.262170604430240e+09 -2.548172855548921e+06 -2.910038137170359e+06
  1.262253196490629e+09 -1.203720819697388e+06 -3.730576003419562e+06
  1.265210120583426e+09 -1.971078510451788e+06 -8.275118216087925e+05
  1.262678508196250e+09  3.694942905245256e+05 -7.494571171706388e+05
  1.267771400363107e+09 -1.206940808104608e+05 -2.072623149129077e+06
  1.264118410876716e+09 -2.229719342957974e+06 -1.227909765633388e+06
  1.264421602893181e+09  1.594233196890053e+06 -1.176223356306027e+05
  1.261429895746586e+09 -7.943796446258081e+05  6.196633537181681e+05
  1.263347947241271e+09  7.223065276792297e+05  9.070792669467472e+05
  1.265023135481121e+09  1.170339834736546e+06  4.646603565660074e+05
  1.264451490131878e+09 -1.580704283448016e+05  5.662550311751533e+05
  1.262016452563279e+09 -4.517684498242933e+06 -9.841264748922043e+04
  1.263323855236098e+09 -1.246474559647354e+06 -5.940936766357064e+05
  1.267116287335921e+09  1.320741812857989e+06 -1.629388073384083e+06
  1.261953814296241e+09  3.301607793771649e+06 -9.678751163754183e+05
  1.264373234422709e+09  3.485807444350469e+06  4.200279473284176e+05
  1.262774400146675e+09 -2.739191888211415e+06 -8.757178953757518e+05
  1.262381379309508e+09  7.439340335161848e+05 -1.689269414636332e+06
  1.257683655049457e+09  5.080748898409813e+05 -4.282221851956848e+05
  1.261151578009606e+09  7.040088368269100e+05 -2.328751523759258e+06
  1.259994876538076e+09  6.456158432431188e+05 -6.105162251896050e+06
  1.264068165494725e+09 -9.105627067231649e+05 -4.245277611004531e+06
  1.262854789205569e+09  2.601302166184764e+05  1.449355416679291e+06
  1.262469258299700e+09  1.796265295378587e+06  2.072140166943657e+06
  1.263080181297661e+09  2.787432178545808e+06 -2.702561686914541e+04
  1.265040802445569e+09  1.727931280290197e+06  4.130238194880923e+05
  1.262292080283664e+09  9.527863820999691e+05  4.628339891530584e+05
  1.261362785601882e+09 -4.192577840326694e+06  2.437682138299547e+05
  1.265272081477274e+09 -1.748275425790428e+06  1.827214243709837e+03
  1.262401215737099e+09  1.087110278845279e+06  6.367256674158946e+05
  1.262871184076767e+09  1.331532958767581e+06  8.780550253209677e+05
  1.265940450869344e+09  2.311840809308253e+06  1.617080983577809e+05
  1.265264930872505e+09 -5.485557113867587e+05  1.384309462322536e+05
  1.262907510625009e+09  1.994808877645506e+06 -4.847279913591215e+05
  1.262665058855000e+09  1.859056104129321e+06 -2.839655688119605e+06
  1.260940646292370e+09  2.399274764203016e+06 -4.142539568084488e+06
  1.258781084385360e+09  1.180390697451916e+06 -2.825418984085463e+06
  1.262247013817254e+09 -1.884782910773248e+06 -1.308101597743053e+06
  1.265480561187859e+09 -9.764642822442078e+05 -1.220944309121883e+06
  1.263371527364492e+09  3.713553743797963e+06 -2.408504321468610e+06
  1.265815850744108e+09  1.169745421172063e+06 -2.396162406797998e+06
  1.263693053885036e+09  9.704373488477131e+05  1.799833718946811e+05
  1.264531348047269e+09  6.525749372824333e+05  1.142180075168102e+06
  1.261282473371025e+09 -2.417857006974197e+06 -4.170150055899132e+06
  1.260786440662971e+09 -1.731719754131580e+06 -4.018701646233118e+06
  1.265541682138494e+09 -1.314178643076706e+06 -2.062276822145081e+06
  1.262158446756394e+09 -3.363071167460184e+06 -3.886507004710561e+05
  1.263500368704549e+09  8.580367850482187e+05  1.610052004529145e+06
  1.262883753039242e+09  2.574182738408675e+06  1.617625425428812e+06
  1.262525316794537e+09  6.533212724495720e+04 -3.982583905911174e+05
  1.263067275830146e+09  1.206053089131744e+06  2.417456590882159e+05
  1.264198330949978e+09  1.658221860579913e+06  3.861146088774880e+06
  1.259517734274580e+09  2.178451224522055e+06  3.070361505800630e+06
  1.264274975478418e+09 -4.449282249324990e+06 -1.024263215129127e+06
  1.262801991798611e+09 -1.153066434573043e+06 -9.411946482623365e+05
  1.259452735041442e+09  1.158927226804594e+06  1.910880554532459e+05
  1.263071062299653e+09  2.751650328336300e+05 -1.023903071498910e+06
  1.262870812622761e+09 -6.534223391233061e+04  2.889402114565388e+05
  1.263329453800843e+09  6.109184619511180e+05 -2.610046474034542e+05
  1.255186668334471e+09 -1.840705959859623e+06 -6.259336353801482e+05
  1.260366511131822e+09 -1.811884377336049e+06 -1.043187779914457e+06
  1.262492810285989e+09 -3.664577431085324e+06 -2.827740657228578e+06
  1.263477978264120e+09 -1.304457973226606e+06 -3.476388706475058e+06
  1.261787491351904e+09  4.353033419459742e+05 -7.784736415319734e+05
  1.262711812336382e+09  2.654727483074767e+06  1.088541484674240e+06
  1.262551671740185e+09  1.151950760303566e+05  1.955170374120812e+06
  1.266234986960236e+09 -4.464551795928733e+05  1.757522156010038e+06
  1.262283432165856e+09 -8.856167075873003e+03  4.838971225603422e+05
  1.266301123548900e+09  2.645685577550017e+06  1.647007557286858e+06
  1.262520003490123e+09 -3.260125883084823e+06  1.453945792821541e+06
  1.261350790811538e+09 -1.283422290959784e+05 -1.585945323571008e+06
  1.262521677703075e+09 -2.328829372927598e+06 -2.661380981671418e+06
  1.261239896882200e+09 -5.930430755789373e+05 -2.687794678360752e+06
  1.264055226138630e+09  8.568129098860848e+05 -1.024967228297120e+06
  1.263171215177788e+09  1.892441691214435e+06  2.747624357442549e+05
  1.260405938811007e+09  4.062456142824737e+04  1.282056760528276e+06
  1.266259628073338e+09 -4.424857889458961e+06  4.301842877591087e+06
  1.261929824122898e+09  2.393702730588242e+05  2.635025207343112e+06
  1.262408838633625e+09  1.178212825522984e+06  2.154633589114271e+06
  1.261855774887526e+09  1.538815879379101e+06  1.672187117305174e+06
  1.261049280811553e+09 -9.506340985610618e+04 -5.114366400521894e+05
  1.267340444750088e+09  3.146842040168401e+06 -3.091283926766901e+05
  1.262042396436565e+09 -1.109987472745015e+06 -9.036318508166317e+05
  1.260808545771174e+09  2.820314368807863e+06 -3.373101214124942e+06
  1.265819090042007e+09  9.998079696098051e+03 -1.578507876699055e+06
  1.262946310829861e+09 -2.151336227034182e+06  1.360516950087141e+06
  1.265983645071306e+09  3.429361865307857e+06  8.622240474788104e+05
  1.264225642070628e+09  1.582275188102551e+06 -6.452712650775745e+05
  1.263347285874074e+09  1.083372060611116e+06  5.309500716946619e+05
  1.262747465672423e+09 -1.339871007470627e+06 -2.394073292652541e+04
  1.266882599379754e+09 -1.764310549488857e+06 -2.257729787852708e+06
  1.263185757142606e+09  2.081611727210197e+06  9.968607731750895e+05
  1.263656339066268e+09 -2.718523232647677e+06  2.394919473453500e+06
  1.265835226877990e+09  2.660721748250099e+06  4.471974105139753e+06
  1.265020737332686e+09  9.138907016086159e+02  4.425422625866307e+06
  1.262634341783308e+09  1.182306314893517e+06  1.456899429579615e+06
  1.264913079456645e+09  1.087942497613726e+04  3.887071283375110e+05
  1.264466817267982e+09 -1.589495627124419e+06  1.339015080956904e+06
  1.263672604327492e+09 -2.199623642896701e+06 -7.785651723151095e+02
  1.261831626726521e+09  2.289051554888463e+06 -1.657989907320738e+06
  1.261053310989123e+09 -6.053317100204260e+05 -2.391503707427175e+06
  1.260904671057805e+09 -1.760304730108944e+06 -3.068020752323951e+06
  1.259246058096949e+09  2.163580864883724e+06 -1.692615297469041e+06
  1.261106307526006e+09  6.031033142211969e+05  8.942856665494760e+05
  1.262761830487736e+09  1.383958848858454e+06  2.856958864050103e+06
  1.259247471683358e+09 -2.128717513209146e+06  2.574700150214028e+06
  1.263117467847703e+09 -2.288145007401311e+06  1.026614024331692e+06
  1.266231749092465e+09  1.586733961179473e+06  1.962412967461445e+05
  1.266510486837040e+09  8.816829705216123e+05  1.286486771177695e+06
  1.264280360537187e+09  2.097809194276644e+06 -3.961737250709507e+05
  1.262547700220664e+09 -7.060160436985256e+05 -2.544406948024360e+06
  1.265432510274044e+09  1.677375951273904e+06 -1.495628554424639e+06
  1.261748263017058e+09 -5.794066906786914e+05 -8.253263217703101e+05
  1.261274110705480e+09 -3.998904843297695e+06  5.262706345255905e+05
  1.263543528864079e+09 -1.820545524965669e+06  3.005620308949871e+06
  1.262281570103813e+09  1.916326863513908e+06  1.568992135104337e+06
  1.263228947750248e+09 -3.471666234206211e+05 -7.702390991970147e+05
  1.264399575538314e+09 -3.581422207187698e+04  2.366609937075590e+04
  1.265547731051336e+09 -1.218585169286307e+06  4.589729607885264e+05
  1.267034958399840e+09 -6.793419909922228e+05 -3.556741025016718e+05
  1.259001356700594e+09  1.918582911801260e+05 -4.991074784394772e+05
  1.262203691222878e+09 -1.710821241083845e+06 -1.455037049939052e+05
  1.263269081760746e+09  1.187634477698749e+05 -1.898101147262852e+05
  1.264461748184628e+09  8.948413671436498e+04  1.382958127636174e+06
  1.264341379210596e+09  1.283186646626141e+06  1.523665522281755e+06
  1.265184492284618e+09  6.176875307953877e+05  1.034609607895052e+06
  1.260015600496109e+09  1.518101312354778e+06  3.332832122159901e+06
  1.264312705761635e+09  2.030962004951625e+06  5.009859514474096e+06
  1.262603481956551e+09 -1.694162957257917e+06  4.170946694250945e+06
  1.264621386833219e+09 -1.530310562615311e+06  3.181614006618661e+06
  1.264329331933910e+09 -9.843499623220580e+05  1.854451445973790e+06
  1.262730401735035e+09  2.422326442105946e+06 -5.717687282692406e+05
  1.263900992492779e+09 -1.636267444312757e+06 -2.289781695416818e+06
  1.262244872683787e+09  8.155449487725550e+05 -2.321123321266157e+06
  1.263005290676683e+09 -2.082774163432741e+05 -1.897753861118237e+06
  1.263974468514658e+09  9.310818891719830e+05 -1.534817649594414e+06
  1.263388587943125e+09  1.182450689416801e+06 -6.742440359919835e+05
  1.263466410440609e+09 -6.029759932256743e+05 -8.097640610842495e+05
  1.261997950775770e+09  3.588968529803635e+06 -6.485486957292437e+05
  1.264813316243582e+09 -8.398251412039540e+05 -2.611628592616092e+06
  1.260175583823044e+09  1.770183642388848e+05 -2.988648064048972e+06
  1.260424030803840e+09  5.178377298752624e+05 -4.547442746294105e+06
  1.262919787718812e+09  7.952996266976044e+05 -2.067086371817131e+06
  1.260417623254268e+09  2.559953889028778e+06 -6.844442062714387e+04
  1.259996799461709e+09 -3.528368749740991e+05 -2.226457870022757e+06
  1.264131608019639e+09  1.122481575610149e+06 -2.343390429535844e+06
  1.262826353637353e+09 -8.339787684241224e+05 -1.738381577149108e+06
  1.261794549491429e+09 -1.781198459802952e+04 -1.748496351674782e+06
  1.261419953976076e+09 -1.409628176292547e+05  7.204586958026139e+05
  1.263374078033482e+09 -8.595183309538895e+05  4.518844361936579e+05
  1.265402865560844e+09  3.151498086108774e+06 -2.631655343472594e+06
  1.266354263573952e+09 -2.233327812484775e+05 -1.557030345296994e+06
  1.266044439192894e+09  1.681515176037807e+06  2.671979146884252e+06
  1.262422219798125e+09 -2.262043435688622e+05  1.633016538532520e+06
  1.259371190098649e+09  2.182976537728804e+06 -2.531740527493696e+06
  1.262957257004981e+09 -9.855858485024185e+05  1.537837343955840e+06
  1.260716434884839e+09  1.742745827665289e+05 -2.427400881031191e+05
  1.264021310250917e+09  4.132203981960712e+05 -1.658466834715317e+06
  1.266824019617098e+09 -1.397382850371053e+06  5.706901937995994e+05
  1.264254954632874e+09  9.494244649954007e+05  1.287668471207676e+06
  1.261253101547340e+09  2.778542792275770e+06 -1.412805006851297e+05
  1.263814020370470e+09 -2.669330908392993e+05  1.923799855768153e+06
  1.263706130433716e+09  5.111905690471030e+05  5.072115639893644e+06
  1.264027573821275e+09 -2.666402004895393e+06  2.982225115904933e+06
  1.267470840645715e+09  3.448231294174215e+06  3.435238049269519e+05
  1.265183524189736e+09 -6.193522014791009e+05  4.620855704885758e+05
  1.263196250030774e+09  2.170291246831749e+06  1.252679716481897e+06
  1.266040258525557e+09 -1.316967761734602e+06  2.010109634067117e+06
  1.263462848231860e+09  1.734959120657801e+06  2.020508346586557e+06
  1.261996255225861e+09  8.834947862997716e+05  8.363174833049673e+05
  1.262334862841064e+09 -1.140013392893182e+05  5.060795270812201e+05
  1.263472749871839e+09  8.466158607072223e+05  1.136029504797595e+06
  1.262538207628526e+09 -1.668878297155642e+05  3.609720960617777e+06
  1.262504014452930e+09 -2.144097380058771e+05  5.537943147814048e+06
  1.261527232689982e+09 -4.225122934865120e+05  4.306567773565220e+06
  1.262079593844786e+09 -6.670858186090598e+05  1.577767164192571e+06
  1.262399840334703e+09  1.813216141164612e+06  3.501075941214176e+05
  1.263075748237793e+09 -1.385612929098913e+06 -2.699756502457823e+05
  1.261739744838909e+09  1.902910495376956e+06 -1.651794599682900e+06
  1.262559593227294e+09 -4.307407620910206e+06 -1.870938329830633e+06
  1.265921969764977e+09  3.651212400039149e+06  3.925150917220293e+05
  1.264959600077628e+09  2.724268167104707e+06  1.741743588918852e+06
  1.262064809824335e+09 -2.248850143949052e+06  1.102268777296022e+06
  1.264215512788990e+09  1.538730043582119e+06 -1.049822465065771e+06
  1.259992693979466e+09  1.691398673404763e+06 -2.808619500133443e+06
  1.264723847088491e+09  1.323602482666983e+06 -1.679699552730635e+06
  1.262920478595949e+09  1.261734155791630e+06 -1.777186896566654e+05
  1.267753488867494e+09  3.574547891318114e+06 -1.277271807423805e+06
  1.263819219520994e+09 -4.948372577415509e+05  5.391666785301685e+05
  1.264053166860981e+09  1.375331348675641e+05  1.781893554443585e+06
  1.261732344394743e+09  7.867565950722678e+05  7.564632804965761e+05
  1.265351449037855e+09 -1.806905792304464e+06  2.607363512301886e+05
  1.264861219344219e+09  1.327471159057303e+06  2.753599232815599e+06
  1.261584759990124e+09 -2.359707716663387e+05  2.867781170237999e+06
  1.266223877601022e+09  2.788065180134797e+05 -6.672275575633394e+03
  1.259336436667538e+09 -3.563202080160383e+06 -2.359235041478080e+05
  1.262536529199586e+09  3.354642100256221e+06  5.219108369459929e+05
  1.262332625987500e+09  3.450230803872981e+06  3.938440104957701e+05
  1.259168936010223e+09 -2.425048541463015e+06  8.177264471892843e+05
  1.263996398840744e+09  2.157736934005082e+06 -6.770053047693844e+05
  1.260384697125576e+09  2.461216001184326e+05 -2.597103953105812e+06
  1.263894203365646e+09 -3.795370733987084e+05 -2.417492843781657e+06
  1.263027989611643e+09  6.434498682600027e+05 -2.088528621011404e+06
  1.264647754271061e+09  1.137832532497317e+06 -1.445575678298145e+06
  1.262345226315871e+09 -6.288938214187458e+05  7.578759874862058e+05
  1.261608627015555e+09 -2.955669203011150e+05 -1.234358871727600e+03
  1.262844890741862e+09 -4.923617762096759e+05 -1.493867262665965e+06
  1.263667017995474e+09 -2.329965242717408e+06 -3.289831290561664e+05
  1.263203680596468e+09  2.495439268087330e+06  3.161678905343303e+05
  1.260195011853345e+09 -4.617941446681173e+05 -5.256269847866781e+05
  1.264940489023893e+09 -5.663706416496534e+05  1.183379281117965e+06
  1.264088845993543e+09 -7.218383500512078e+05  2.165681112224793e+06
  1.261500596221404e+09  1.885839134097750e+06  2.572868476790434e+04
  1.260673281540679e+09  1.580430530622350e+06 -9.076517189958085e+05
  1.258287192314931e+09  2.703649846455017e+05 -6.326447552462183e+05
  1.264142521115983e+09  1.913540888944800e+06 -7.213166716405741e+05
  1.264260141799322e+09 -1.362285967149847e+05 -7.291974541222497e+05
  1.264429974892642e+09  8.817710025058320e+05 -2.869216480393230e+06
  1.265221631281173e+09 -3.655420720251395e+05 -4.061366281691414e+06
  1.263400865906182e+09 -2.032731984034069e+06 -1.116328874535468e+06
  1.263823933913391e+09 -6.558897852813499e+04 -1.387103420098603e+06
  1.260176737992771e+09 -1.060410600885355e+06 -2.896662020417246e+06
  1.263516429390254e+09 -2.621343585896176e+06 -1.444999266915721e+06
  1.261651794298097e+09 -7.857508166102108e+05  8.064734888027101e+05
  1.263433138193676e+09  4.984498068113055e+04 -3.824626181363128e+03
  1.260029077843748e+09 -1.237912342198874e+06 -5.121431850340514e+05
  1.265972271544563e+09  3.165011067772274e+05 -7.468201154299512e+05
  1.265359602995957e+09  1.393640177163642e+05  2.882045366850153e+05
  1.267121423911903e+09 -2.899219751324937e+05  4.415745449332094e+06
  1.262058190718001e+09 -5.369907942928215e+05  3.942390460040806e+06
  1.262568503286918e+09 -3.824666539517442e+05 -1.358397383802613e+06
  1.263515705110175e+09  2.762416881908717e+06 -1.782190283441186e+06
  1.263029589786469e+09  1.162746085913824e+06 -9.428669314592262e+02
  1.261808731692458e+09  3.760766727050968e+06 -1.135013795406109e+06
  1.265480604631825e+09  5.374101401499760e+05 -1.878927443278365e+06
  1.263516254081029e+09  1.866653810824192e+05  3.554971037953501e+06
  1.261710548474303e+09  2.438489969556547e+06  3.078764304394464e+06
  1.260445946118979e+09 -3.357488280127737e+05 -1.515690646870453e+06
  1.262288257432822e+09 -2.197106741868897e+06 -2.705873620934414e+06
  1.262867519507925e+09  6.886512988986745e+05 -1.749406391155753e+06
  1.261597100171216e+09 -1.420061838929172e+06 -1.589287272311099e+06
  1.263656801054626e+09  1.190845191874777e+06 -1.185228441436670e+06
  1.265660614928097e+09  9.406133696731898e+05  2.105449749063396e+05
  1.263820736330287e+09 -7.239974003708981e+05  7.171002599528658e+05
  1.263072307266113e+09 -4.022146305643455e+05 -1.014583746848979e+06
  1.262737816365130e+09 -1.216600914303117e+06 -1.498188103193013e+06
  1.263414278125095e+09 -2.694390501689659e+06 -2.147094946842763e+06
  1.263034169674320e+09  1.321013514437769e+06 -3.293490333319959e+06
  1.263126309448388e+09  2.208143610777814e+06 -2.025110902191961e+06
  1.264314206868887e+09  2.586200628309312e+06 -1.435499287732286e+05
  1.261962983678343e+09 -7.711089499731229e+05  1.079158662985198e+06
  1.260897043489797e+09  1.779135365679299e+06  1.809955389623854e+06
  1.259970866523662e+09  2.895478712762664e+06  8.563715879322472e+05
  1.261574180766541e+09  4.180300470487128e+05  1.487294777511612e+06
  1.264728682531073e+09  1.316942217308994e+06  4.047969797502950e+06
  1.264000021473322e+09  1.540775800828792e+06  5.778419330324246e+06
  1.262946059371227e+09 -7.849225681022246e+04  3.761053892420012e+06
  1.261895829304636e+09  5.033747072510237e+06  3.424161641428297e+05
  1.262981951085029e+09  1.241870562761291e+06 -3.798383521235368e+05
  1.264861153685601e+09  2.093667853960883e+05 -6.221672464654819e+05
  1.266036314995253e+09 -9.348217055766885e+05 -1.196843186164722e+06
  1.262452470593328e+09 -4.146663396882953e+04  5.043955224780916e+05
  1.262996574128699e+09 -3.407989934640132e+06  1.249312416821772e+06
  1.261525160045999e+09 -1.968045679518754e+05 -1.306877244998799e+06
  1.263397002238434e+09  2.975905008400916e+06 -2.196932423142960e+06
  1.264008715052980e+09 -1.103371091021950e+06 -3.184304268234309e+05
  1.264911297421971e+09 -3.155363977262103e+06  1.533912532548384e+06
  1.260521944983772e+09  1.797042237190394e+06 -7.588639378644363e+04
  1.265018042969874e+09  2.596813916863441e+05  2.569560333329115e+06
  1.264200367521823e+09  9.495820296724546e+05  1.540800598738614e+06
  1.260515026958656e+09  4.955412336787409e+06 -1.434424430494784e+06
  1.264288866794382e+09  2.008113818511658e+06 -2.542451679368242e+06
  1.263044241493657e+09  1.777659985567800e+06  6.530428008364192e+05
  1.261731128185287e+09  4.186037142235781e+06  2.218358175460458e+06
  1.258266914213135e+09 -1.170583742894243e+05  1.054873236502799e+06
  1.262849733778765e+09  2.486492609768857e+06  1.846694069691472e+06
  1.262931731470227e+09 -1.126574466040918e+06  2.550330568811723e+06
  1.262115551021842e+09  1.215468471446302e+06  2.659759405979848e+06
  1.262159170372777e+09 -5.130292049868756e+05  2.615969486104376e+06
  1.263686249280864e+09 -3.159164444833128e+05  1.039563520891634e+06
  1.264690456107058e+09  4.151742097249924e+06 -2.044715057647400e+05
  1.264341877798615e+09 -3.032735934534644e+06 -1.971806954860407e+06
  1.263040001478498e+09 -3.417545393182455e+06 -3.089849746578207e+06
  1.263100002161691e+09  1.961161133609045e+06  5.065183246386621e+05
  1.265481848380757e+09 -2.154766566362188e+06 -1.513050819545288e+05
  1.262788464880145e+09  1.331154521649057e+06 -2.747385891579958e+05
  1.264146366635929e+09  4.494785574910291e+06 -4.086966978947535e+04
  1.262354460586402e+09  1.411072804839493e+06 -1.021052012052693e+06
  1.263903887373392e+09  3.743688889268774e+06  2.790687269721230e+05
  1.263160988726876e+09  1.158407483834333e+06  2.615558660825221e+06
  1.261040769593472e+09 -2.176169911357395e+05  1.331944042496755e+06
  1.262933047695434e+09  1.625302733554714e+06  2.878089003238643e+05
  1.262732708633745e+09 -8.123131242100806e+05  1.372222247170189e+06
  1.262073795043298e+09  2.576914939023368e+04  1.096522214613379e+06
  1.267479117748532e+09  1.785476660378238e+06 -1.388018166870318e+05
  1.260808217959376e+09 -3.088726974308325e+04 -6.905120319579826e+05
  1.265126519145285e+09  2.989771390655977e+06 -1.211447487513732e+06
  1.261784566378571e+09 -1.800502694161139e+06 -6.156652561767106e+05
  1.264529694029237e+09 -1.532469597952228e+06  4.636292503611437e+05
  1.261880031850818e+09 -6.409857395294424e+05  3.475612165913132e+05
  1.260951213166037e+09 -2.801073702913619e+06  3.914021345675390e+06
  1.265580419172160e+09 -3.244367638168928e+05  4.213620786035687e+06
  1.261313121527738e+09 -4.972237524249358e+04  2.741395684249267e+06
  1.263835122831157e+09  2.620893451368312e+06  6.215118164986792e+05
  1.265106275724880e+09  2.940103912988689e+06 -3.203365903634944e+06
  1.264381100345100e+09  3.615657638452665e+06 -3.429063810030794e+06
  1.262940650865552e+09  9.293256542625476e+05 -2.418870600342118e+06
  1.262001842838006e+09 -1.046847106924635e+06 -3.009380392716860e+06
  1.261880848292462e+09 -1.604358006468806e+06 -2.757355913941770e+06
  1.263690162146081e+09 -2.139807914981990e+06 -2.507926384743736e+06
  1.263419264862473e+09  3.543675719432075e+05 -2.907379756233348e+06
  1.263570372593935e+09 -1.247198523488487e+05 -1.424912773936289e+06
  1.262830181145195e+09 -1.693601292810358e+06  7.653788803933505e+05
  1.264922607763579e+09  5.935994311445580e+05  1.730415019830972e+06
  1.263317380198674e+09 -9.864621592067785e+05  4.080017413630941e+05
  1.256186979850148e+09 -2.352918768642684e+06  1.645259201531625e+05
  1.259993869010409e+09 -3.184064454379904e+06  2.016351295494232e+06
  1.261865952856753e+09 -1.883499803174047e+06  2.175388584070236e+06
  1.266031637655415e+09 -1.037567595580181e+06 -9.705449491268239e+04
  1.263065875659034e+09  3.574868445539189e+06  5.952521431721721e+05
  1.264327328704642e+09  4.412784611817323e+05  1.027714779691854e+06
  1.263369242982625e+09  6.084019509376371e+06 -8.305582442044743e+05
  1.266158986640365e+09  3.781305769960999e+05 -9.118182887900989e+05
  1.263395519426254e+09 -5.057606937024184e+04 -1.393007166315090e+04
  1.264763012136468e+09 -5.984443654693350e+05  5.516799561754884e+05
  1.260723428187203e+09 -2.216340982357814e+06  2.126583866976882e+06
  1.259494079738128e+09  8.351712623980636e+05  2.923195782512897e+06
  1.264444036502853e+09  1.025691461171376e+05  4.452476621367499e+05
  1.261145277038995e+09 -2.497712724287252e+06 -1.400237153116546e+06
  1.265142898095615e+09  4.463838696321780e+05  6.796886231013510e+05
  1.260509347929615e+09 -1.421343598893912e+06  1.232366606687492e+06
  1.261175086719147e+09  1.427309795818443e+06 -2.571018657546605e+06
  1.267262188782912e+09 -3.173544399178852e+06 -4.054148692210845e+06
  1.262088140873074e+09 -3.199906364158474e+06 -4.168465024510087e+06
  1.263519813196967e+09  2.517595794631395e+06 -1.476080248764668e+06
  1.260356171705203e+09 -9.077967424251916e+05 -3.018197828587851e+05
  1.261796872981772e+09 -4.275402128210708e+05 -1.587051146351501e+06
  1.264678680573291e+09  2.882855712015703e+06 -1.138909033490469e+06
  1.265349939503777e+09 -3.223178768191421e+06  1.226259424201120e+06
  1.260524281070278e+09  2.696830238737580e+06  2.431759749131010e+06
  1.262751251245778e+09 -2.357598033202298e+06  1.129993928589393e+06
  1.263140349081657e+09  2.985090865349464e+06  9.314421208531393e+05
  1.263378695270829e+09  4.315008490341302e+05  2.143619212824938e+06
  1.264265295266526e+09 -1.188893162354159e+06  1.790616946616912e+06
  1.262184292799063e+09 -1.040190394826092e+06  2.059509616599213e+05
  1.262889378785983e+09 -2.235502840974106e+06 -3.788195588665626e+05
  1.264139127118708e+09 -1.679187482916099e+05 -9.937566806181297e+05
  1.264125220501317e+09  1.024209921622943e+06  1.742550997981261e+06
  1.262569409944568e+09 -2.710912739513967e+06  1.815886452927662e+06
  1.264817213411242e+09 -1.997682842182481e+06  2.705994769760357e+06
  1.262669785436425e+09 -4.383757606369813e+05  2.448139566480564e+06
  1.263950450642305e+09 -8.001970274740545e+05  1.443767532690162e+06
  1.266144742358449e+09  1.351960173960535e+06  4.494959957943005e+05
  1.264451950150224e+09  8.638581755340293e+05 -5.544304107507151e+05
  1.266399517872785e+09 -3.588447436799131e+06 -8.178534258410163e+05
  1.261374209173079e+09  1.371665859145784e+06 -7.406160809250099e+05
  1.261709141262400e+09 -3.065262750255975e+06 -3.649699535063552e+05
  1.260477615874126e+09  1.775246928644864e+06 -5.907071043247525e+05
  1.259090874187853e+09 -7.655032343249370e+05 -1.911364072179950e+06
  1.262953934765219e+09  1.010232608343046e+06  6.969375176723329e+05
  1.262682907747733e+09 -9.889963030596143e+05  5.807452090815210e+06
  1.262340390685983e+09 -3.823330361335484e+06  6.624384596059680e+06
  1.262856210498887e+09 -1.249772060487526e+06  3.901095163671859e+06
  1.268893449886245e+09  8.258539857844599e+05 -1.046671786662715e+06
  1.265457534791444e+09 -2.719693662956138e+06 -2.432589004196903e+06
  1.266299219868282e+09 -1.019416599052215e+06 -3.182007950443387e+06
  1.263274453282867e+09 -3.866067515720651e+06 -7.519916819810073e+05
  1.265451634428869e+09 -1.951130263716592e+05  2.586342259366358e+06
  1.263049294384808e+09  1.598919992119814e+06  1.236817540005938e+06
  1.261845380666761e+09  9.433890929102025e+03  3.760591982686247e+05
  1.262376026824282e+09 -2.835973770231264e+06  1.094290460488554e+06
  1.261092004477537e+09  1.123026576625364e+06  1.747755254893637e+05
  1.264784113264391e+09 -1.862374050557249e+06  7.643432763624093e+05
  1.263842135166716e+09  1.516583069035238e+06  8.096391326360340e+05
  1.265974021677014e+09 -7.677749898968898e+05 -1.009444911066386e+06
  1.268021149189170e+09  2.785313589712921e+06 -8.528198581483688e+05
  1.259551886332871e+09 -7.114143515495198e+05  1.181707401996042e+06
  1.263929858985021e+09 -2.626512821052309e+06  1.857291296046868e+06
  1.261301126039550e+09 -2.748707561705191e+06  6.394747349438553e+05
  1.264629844620628e+09  3.284929018975860e+06 -2.398706196204502e+06
  1.263786940845034e+09 -2.054134623159045e+06 -1.387623615737177e+06
  1.262167390225681e+09 -1.078795350069392e+06 -8.898392651981207e+05
  1.261800385715590e+09 -2.152890372649536e+06 -2.616626107124120e+05
  1.265437506111853e+09  7.004280228048485e+05  1.664861788880170e+06
  1.263632037203754e+09  1.093848776642436e+06  1.253154307801217e+06
  1.261886940657636e+09  1.759392067528175e+06  1.121321064978538e+06
  1.262079714758339e+09 -1.944430783557878e+06  1.977342732818033e+06
  1.265493112764542e+09 -3.218716646963991e+05  2.114004775890613e+05
  1.263355631632401e+09 -9.341782758441861e+05 -1.240195569943985e+06
  1.262509609171569e+09  1.150208925218530e+06 -9.921650422329560e+05
  1.263613077141344e+09 -6.687002962288533e+05 -1.124585165714739e+06
  1.263301965782912e+09  2.042668415177123e+06 -1.980763606965695e+06
  1.262776011196028e+09 -9.097108316681630e+05 -5.178538766463805e+05
  1.262483640062186e+09  1.077584387510917e+06  8.577905742217080e+05
  1.264660917615287e+09 -3.930785084268886e+06 -1.104676406796563e+06
  1.263663261571491e+09  3.868893943401132e+06 -8.541290012548104e+04
  1.260583867694324e+09 -5.760994586170372e+05 -1.923562027115431e+05
  1.259469905706678e+09 -1.730589071805715e+05  1.114622605061122e+06
  1.261867020747831e+09  3.985092353355934e+05  1.205200628054111e+06
  1.260837004096574e+09  4.240329495204065e+04 -1.137976254091009e+06
  1.258335203659002e+09  4.075452108986671e+06 -2.694064472582064e+05
  1.261264799761904e+09  2.239623633456319e+06  3.095316525612894e+06
  1.263086775699630e+09 -1.985395740909307e+06  3.167916048783527e+06
  1.263773593563259e+09 -1.741748972814039e+06  1.566078197715447e+06
  1.260895829158341e+09 -1.242908599964687e+06  1.592661463205531e+06
  1.264060706070740e+09  1.528753935575713e+06  2.165968385005658e+06
  1.264253453585968e+09 -9.619345936692870e+04  1.108295015391178e+06
  1.264948937022290e+09  8.517491582000860e+05 -7.333869100518767e+05
  1.263324563944248e+09 -1.532895322497276e+06 -2.703298450578715e+06
  1.261936022723092e+09  2.168925984048763e+06 -2.381149378344785e+06
  1.261815257512189e+09 -3.368072698164995e+06 -3.049517841042446e+05
  1.263845413578712e+09  2.394416381771863e+06 -1.064312922328958e+06
  1.262381352348934e+09 -6.292698380308279e+05  1.909225473926522e+05
  1.265819252396849e+09  1.561605941961647e+05  1.165111011962467e+05
  1.264671122455638e+09 -2.114275316852618e+05 -6.035361159284954e+05
  1.263356996804843e+09 -2.316741932442614e+06  2.387764922786019e+05
  1.261903296450953e+09  7.086012969969977e+06  1.192279062157680e+06
  1.264916148397143e+09  1.170360723141071e+06  1.048409871349025e+06
  1.264011163560242e+09 -2.342152433252530e+06  3.607118084604312e+05
  1.264550811663164e+09 -1.340880111632345e+06  1.725618686201444e+06
  1.265806100913711e+09  7.622914376364144e+05  2.265265703178393e+06
  1.263154600760795e+09  2.107777671910691e+06 -9.956954465757124e+05
  1.262927374822953e+09  1.944972984117613e+06 -1.899863805183321e+06
  1.265943236961175e+09 -1.827180928222853e+06  9.996449769101146e+04
  1.266697910073488e+09 -3.204214423254634e+06  1.276903424836250e+06
  1.262790761576838e+09 -1.281659577628784e+06  2.994805688268217e+05
  1.259708900610729e+09 -2.319021467995831e+06 -1.313929776275661e+06
  1.263313326612718e+09  8.062099315057376e+05  1.736510175078494e+05
  1.264135295848961e+09 -1.761061929680130e+06  1.496424178469377e+06
  1.263960271489936e+09 -1.700144533806906e+06  3.351620522763310e+06
  1.260891698615208e+09 -1.721075223032248e+06  3.325249070045362e+06
  1.260332974134690e+09 -2.412484475318415e+06  1.093262585484774e+06
  1.262207989152442e+09  4.653583436260871e+06 -1.401462559883715e+06
  1.263417207070717e+09 -2.585061350642826e+05 -1.702305973236148e+06
  1.260784241125280e+09 -2.574747415106188e+06 -3.887008300031957e+05
  1.262770110934554e+09  1.234931779965837e+06 -1.145810562085471e+05
  1.262687016812365e+09  2.413990053699946e+06 -1.128859700839687e+06
  1.264422213167338e+09 -1.036054930764209e+06 -9.817236865829083e+04
  1.263138252956429e+09  3.727109778737279e+06  2.994162326071016e+06
  1.264153813810761e+09 -4.158444585076387e+06  4.888456978540692e+06
  1.262591156182490e+09 -2.752377972886686e+06  5.572588836331205e+06
  1.263537898719346e+09 -4.654791855710180e+06  5.329969750438278e+06
  1.264388920337045e+09 -8.683010564601750e+05  2.452500136440225e+06
  1.263055129271650e+09 -4.214398795736590e+05 -1.281070146888729e+06
  1.263567144336253e+09 -1.640706622283162e+05 -2.005604553742808e+06
  1.261944925081889e+09 -3.097455861889911e+06 -1.071232726680274e+06
  1.264826549765335e+09  9.931310232435323e+05  1.987650686156230e+06
  1.265817420404399e+09 -1.762144894363812e+06  3.427128451061194e+06
  1.263768884676527e+09  1.137521681775827e+06  2.986947856296365e+06
  1.261932249145585e+09 -5.789888033033797e+05  1.241475656882694e+06
  1.264466503859555e+09 -2.195830369464203e+06 -2.859924886277660e+06
  1.260423888825298e+09  3.339353261712059e+06 -3.930518670998818e+06
  1.262609096539361e+09  8.009210042973314e+05 -1.756092227102563e+06
  1.262891117802898e+09 -5.365312698649860e+06 -4.549546921411430e+04
  1.256978684584670e+09  1.445892089494496e+06  7.655116662637773e+05
  1.262655962449900e+09 -2.284680575539774e+06  1.865205194624892e+04
  1.261334089498558e+09 -2.234448835104817e+06 -5.798693613137928e+05
  1.266578318910308e+09 -3.874843916622067e+06  9.670870746643105e+04
  1.263558918807365e+09 -4.280522209012893e+05 -8.297132670358184e+04
  1.265276440656137e+09 -9.177271625725345e+05 -1.694961926580357e+06
  1.262109447663283e+09  1.567057156548833e+06 -2.316074586875200e+06
  1.262939158502914e+09 -3.622509857620421e+06 -6.733720979419183e+05
  1.263152073363505e+09  4.031333890457145e+06  1.642766847160253e+06
  1.261542179703001e+09 -2.499831072351076e+06 -7.970962713949545e+05
  1.261863768756161e+09  1.722140253917539e+06 -2.263368463951828e+06
  1.258619887383444e+09  5.913699639929530e+05 -1.755964158381603e+04
  1.265077447763839e+09 -4.666063693594346e+05 -4.189707680378202e+05
  1.262826556290906e+09  2.593942620834865e+06 -1.707234075672040e+06
  1.262284299364979e+09 -1.876372299377460e+06 -1.544243034173841e+06
  1.263475245062066e+09 -5.372116775645242e+06 -2.030730383828243e+06
  1.260165784706989e+09 -1.023547168900204e+06 -1.285051654446384e+06
  1.262904032347342e+09  8.318415599013606e+03  9.252366399197089e+05
  1.262541621587326e+09 -2.846039235127200e+06  1.872696830914768e+06
  1.264032999376759e+09 -9.815554819711284e+05  9.338224098424370e+05
  1.264704793539485e+09 -2.120054265746685e+06 -7.496505178282185e+05
  1.261791026688079e+09  1.913239100084613e+05 -1.087039775280866e+04
  1.262731412721189e+09  1.086030678455246e+06 -2.171553996529240e+05
  1.257822186718611e+09 -2.424120622946172e+06 -5.872562989575887e+05
  1.265278477645314e+09  2.187463400084434e+06  1.777034126582621e+05
  1.263096018200954e+09 -1.560070142990569e+06  1.019297804520382e+06
  1.267739818900897e+09  2.298959126734817e+06  3.100811619720305e+05
  1.260657017690650e+09  1.355671813879507e+06 -4.796653684493318e+05
  1.266029339392062e+09  1.584671460963754e+05  8.239005911889032e+04
  1.262404458126924e+09  1.545474672501345e+06 -6.189402489107552e+05
  1.268715614978451e+09 -4.759161492135587e+06 -2.413455786371022e+06
  1.263953306780838e+09 -2.135007867580717e+06 -1.255742792945310e+06
  1.261731534974266e+09 -1.062480178453516e+06 -1.423141538724170e+05
  1.265791451211504e+09 -1.052672641073718e+05  1.239007345810127e+05
  1.260546723374551e+09  7.382693172395253e+05 -7.571110249991884e+04
  1.264179166961751e+09  1.205385354587447e+06 -9.142241888803170e+05
  1.264456353947539e+09 -2.196854836872770e+06 -4.450389481476420e+05
  1.262095557485496e+09  2.897717236865034e+05 -1.184941349100489e+06
  1.262495466010965e+09  7.069532491531046e+05 -3.701671010526165e+05
  1.260134527880803e+09 -1.366991214802737e+05  3.475409293069967e+06
  1.261901350007342e+09 -1.918812750561475e+05  4.274188985950822e+06
  1.263527250669980e+09  1.096287651894615e+06  5.261520509881523e+06
  1.263257256545837e+09  2.660689998433379e+05  5.256388249947416e+06
  1.264984668562496e+09  2.528527473032646e+06  1.911604551866127e+06
  1.263561019665597e+09 -3.522454037807064e+06 -3.537484092183831e+05
  1.262201791721737e+09  8.267620023406635e+04  8.488493407524034e+04
  1.265363356886412e+09 -4.479890634591140e+06  2.023214199321659e+05
  1.261866153940455e+09  8.917936917864378e+05  2.252820775148425e+05
  1.265830225360035e+09 -5.607750561438485e+05  1.583956926009953e+06
  1.263458186428509e+09  6.036275755265817e+05  2.411300066108054e+06
  1.262294527966581e+09  3.919570866424982e+06  1.821712028794351e+06
  1.261456558429168e+09 -2.047057147815575e+06  1.238036852246878e+06
  1.261000581059338e+09 -3.176799054222836e+05  1.008444835298953e+06
  1.259937189771982e+09 -1.471096606240727e+06 -4.292526879963326e+05
  1.259126191286869e+09  1.882751777816614e+06  6.482166463520315e+05
  1.259807878687866e+09 -2.592727105945902e+04 -1.719359875086392e+06
  1.265230369326365e+09 -7.548919081431313e+05 -4.562903128738379e+06
  1.262512147234087e+09  5.238032607691089e+05 -3.308667527001437e+06
  1.261709990756587e+09 -6.918636127608300e+05 -1.408367403803399e+05
  1.265071625152953e+09  2.773022190652822e+06  1.640159124130441e+05
  1.260286161797161e+09 -3.944895727099439e+06 -9.985728600626572e+05
  1.268692341285965e+09 -1.272128533068714e+06 -1.110102132640347e+06
  1.264493952176100e+09 -2.408159953857390e+05 -1.882852953257275e+06
  1.261296664166544e+09  2.083850603910790e+06 -2.772230679984541e+06
  1.263900684462003e+09  1.027420069472224e+06 -2.952728776162747e+06
  1.260811398997795e+09 -2.093761618309058e+05 -3.614273090934428e+06
  1.263536622561702e+09  2.012654324665057e+06 -4.455797462004505e+06
  1.262639948818109e+09 -5.592427733959456e+06 -3.816502451652535e+06
  1.263703395115383e+09 -1.378633924112267e+06 -2.260897258629509e+06
  1.260814050219922e+09 -2.377693281395343e+06  7.323300579865971e+05
  1.265160048984603e+09  2.965862483241433e+06  3.874330418045252e+05
  1.261326023751905e+09 -1.442188008907866e+05  3.351236727458036e+04
  1.261435147099052e+09  5.776817273034470e+04 -5.925468510275631e+05
  1.265103420373950e+09 -1.805066157066874e+06 -1.411909612363128e+06
  1.260460125583200e+09 -1.277553986536292e+06 -1.683517028446762e+06
  1.263791148539223e+09  1.764630255633621e+06 -9.999916702394269e+05
  1.260988004590940e+09 -3.700254506658331e+05 -1.283896905242332e+06
  1.262479203520572e+09 -1.406580676282925e+06 -2.194254957891494e+06
  1.263264123036546e+09  3.414945720625764e+06 -8.896823965091918e+05
  1.259475684160282e+09  2.785958035549891e+06  2.612133976585191e+05
  1.260412279888069e+09  2.413339195389679e+06  1.165696906497721e+06
  1.262125261629432e+09 -3.248685093418183e+06  1.032684984870321e+06
  1.266022233494294e+09 -1.486158995597420e+05 -1.941639672011414e+06
  1.264881502888183e+09 -3.175566156232685e+06 -2.565039960263476e+06
  1.264006379103889e+09 -3.034678430645600e+06 -2.733024880341362e+05
  1.264119916205614e+09 -5.326792193866622e+05 -1.963324551355068e+05
  1.263917595191962e+09  1.148014568930208e+06 -1.966348662477418e+06
  1.260819268719733e+09  1.082108337152621e+06 -2.823413752216075e+06
  1.264079885909055e+09  6.037449776980783e+05 -2.995587609851643e+06
  1.260601448879944e+09 -2.700148689490586e+06 -3.155908154198142e+06
  1.262723799607257e+09 -1.048159443994598e+06 -2.139007146339503e+06
  1.263343724804188e+09  2.899248326988419e+06  1.028056386473204e+04
  1.260164251465312e+09 -1.567555401283739e+06  9.914630925906878e+05
  1.263498559294355e+09  1.109730620250850e+06 -7.810048603567213e+05
  1.264191612453378e+09  4.216798099191605e+06 -1.473253469548388e+06
  1.260187004599679e+09  1.947168849269573e+06 -1.088598526868509e+06
  1.266314842091512e+09  2.597726518748663e+06 -6.300822972800300e+05
  1.260204825511039e+09 -3.211352346252018e+06  8.077138847875701e+05
  1.264566370374227e+09 -5.439596295462396e+05  1.212789102489646e+06
  1.262366788814556e+09 -1.727875657232119e+06 -5.925546200452975e+05
  1.264619366725399e+09 -2.616977372099383e+06 -8.197909297511176e+05
  1.263143326348887e+09  1.109568427221629e+06 -4.501866096601123e+05
  1.261952806927975e+09 -2.824470690138368e+06 -1.681487255157995e+06
  1.266532137580223e+09  2.023231430833392e+06 -1.566591735541104e+06
  1.262158365277759e+09  1.448226910901003e+06 -2.784868771695436e+06
  1.263636241039261e+09 -1.383501572305089e+06 -2.869183624210461e+06
  1.268317150719239e+09  9.884302397817597e+05 -1.159521831769508e+06
  1.264930520086087e+09  4.552297568390017e+06  1.896492330705931e+06
  1.261188082931898e+09 -3.013007336402711e+06  2.201805472653875e+06
  1.262505552976294e+09  4.794193211718343e+06 -1.549694716809052e+06
  1.261865029983025e+09  3.094016724083027e+06 -2.093384952289480e+06
  1.263756904065084e+09  1.783791892316473e+06  8.265924667789983e+05
  1.260743062720300e+09  3.573037956869880e+06  2.258347537443499e+06
  1.266059445890171e+09 -3.885163809606112e+05  2.398055556103787e+06
  1.264625215124516e+09  1.485565256901776e+05  1.562855841508532e+05
  1.266601985101744e+09 -2.096503567412164e+06 -6.453935291592963e+05
  1.263172474876171e+09 -1.709964005972077e+06  1.142914354873107e+06
  1.259847768482206e+09  5.625238362729505e+05  2.736346434696823e+06
  1.262020521220345e+09 -4.373406413895575e+06  2.308283465339632e+06
  1.259719332994481e+09 -5.870097365574939e+05  1.354568693209360e+06
  1.265809608225070e+09  2.447656162336416e+06 -3.498403202634242e+05
  1.266502761531057e+09 -1.500306958042013e+05 -2.128274184505207e+06
  1.263150968251665e+09  3.712211592231296e+05 -1.987484392946374e+06
  1.262886327774944e+09  4.067667867967324e+06  4.827631922663695e+05
  1.264302251682950e+09 -2.566543883314254e+06  2.996369472875100e+06
  1.263572814197106e+09  4.945926874804866e+06  1.116607547157326e+06
  1.262492128350054e+09  3.232168532120894e+05 -3.875205734066531e+05
  1.260798359277297e+09  3.519867370480306e+06 -2.210999173135511e+05
  1.260508193086026e+09  3.177369152896214e+06 -2.042159972616535e+06
  1.262780769329924e+09 -1.505742303363272e+05 -1.577938958572585e+06
  1.263050629370005e+09  1.670005963968464e+05  3.666224153365920e+05
  1.265493470806334e+09 -1.631396382438877e+06 -8.799261307803369e+05
  1.260349813865077e+09 -2.152797056699960e+05 -2.122341815875843e+04
  1.263051163805387e+09  2.943666306961805e+04 -3.481812553907203e+06
  1.265443325182714e+09  6.119417866996358e+05 -1.504641623001510e+06
  1.264769231139610e+09 -3.331721095478890e+05  1.858136766218571e+05
  1.264941024109869e+09 -1.292262365461602e+06 -1.113633713433012e+06
  1.260372334449697e+09 -5.497362544352596e+05  4.539816764447353e+05
  1.260334243370725e+09 -1.420687674218198e+06  9.625642336529070e+05
  1.261635929314908e+09 -6.525103392607500e+05 -2.299738456659490e+06
  1.264834800729789e+09 -2.892842809025669e+06 -2.845192166760166e+06
  1.261593146926300e+09  1.499933688945387e+06  1.000902480349958e+06
  1.260308154160795e+09 -2.386103689492343e+06  2.664377077695695e+06
  1.261543302388546e+09 -3.619620960947541e+05 -9.937446215515542e+05
  1.262525063458286e+09 -3.097921230398891e+05 -2.360846677593296e+06
  1.263296687008557e+09 -2.694574958465598e+06  4.191011746417246e+05
  1.262235663401702e+09 -1.619725708675132e+06  1.642103821061522e+05
  1.261631301598183e+09  2.200688896470593e+06 -3.086126093639840e+06
  1.259823696795366e+09  2.355995051310424e+06 -3.768460230366195e+06
  1.263911869867321e+09  7.021895008652038e+05 -1.124672249149857e+06
  1.262851157898878e+09  1.167444871109103e+05  9.752066804717578e+05
  1.267153198529874e+09 -1.066802753608359e+06  3.177819384256794e+06
  1.262165739006898e+09 -2.113146671033930e+06  1.260439539533372e+06
  1.266158250606600e+09  2.524003992200098e+06 -7.474837685811056e+05
  1.263138022976365e+09 -2.143073432776239e+06 -2.476234790334035e+05
  1.261771062230896e+09  2.925829765447763e+05  5.921125813898793e+05
  1.264857436878408e+09 -1.425701061260680e+06 -1.609091257271263e+05
  1.261229365253608e+09  6.523062770793631e+05 -1.085549917574012e+06
  1.261096326428123e+09  5.633153027046411e+05  1.132128245530111e+06
  1.261070384223583e+09 -4.619760183827571e+05  2.647879563725881e+06
  1.259899968633482e+09  3.595694100849171e+05 -5.593970864809422e+05
  1.263325442722873e+09 -3.844177121869267e+06 -3.602799532965261e+06
  1.262638290787872e+09 -2.899565509726886e+06 -1.804177519012499e+06
  1.268099470118703e+09  1.277285279965352e+06  6.091048403968890e+05
  1.264541337254764e+09  2.970336648463385e+06 -1.292563537805754e+05
  1.268555264935477e+09 -4.956283254710184e+05 -1.609273299570902e+06
  1.262875870478858e+09 -4.843671751003141e+04 -2.143353202138757e+06
  1.266648852098571e+09 -1.486735366317823e+06 -2.693347574996367e+06
  1.265180512854572e+09 -7.784677817741440e+05 -1.850621662003658e+06
  1.263418621774786e+09  3.926980281870521e+06 -9.949805543279444e+05
  1.264145199908987e+09 -2.049235735312416e+06 -5.932001658731780e+04
  1.264155210531239e+09  4.233628135808930e+05  1.854823556521875e+06
  1.262767040635875e+09  5.788610798184577e+05  2.250418734607845e+06
  1.260911297783267e+09 -3.401098600175016e+04  2.503951892706524e+06
  1.264162502291848e+09  3.001265501456294e+06  3.508593323686360e+06
  1.264082574798024e+09 -7.062133591884946e+05  2.855141280718994e+06
  1.262974550633395e+09  1.374170280840617e+06  8.870406717857043e+05
  1.265819052265255e+09 -3.064084207281714e+06  9.831071019959109e+05
  1.262224576199966e+09 -1.851754162263350e+06  1.559874692575728e+06
  1.265046041248809e+09  9.109537217966432e+05  6.442382095575315e+05
  1.260584620861459e+09  5.324652933168910e+05 -6.089719293202801e+05
  1.263455324078897e+09 -2.150834770162228e+06 -5.266790419815226e+06
  1.263416694832790e+09 -2.630591118255531e+05 -3.363992130672518e+06
  1.259019559060649e+09  1.388248486363680e+06 -1.947635237470208e+06
  1.261858787178552e+09  1.138376684734313e+05 -2.264453313601564e+06
  1.268186339856750e+09  3.951468465978962e+06 -3.602391245757603e+05
  1.264172441551538e+09 -8.075554387051912e+05  1.469401581368535e+06
  1.259004958743555e+09  2.363738056365794e+06  1.181384439896814e+06
  1.261960113479674e+09  2.957169794877081e+06 -1.346399674136913e+05
  1.267573703004759e+09  1.422742881226927e+04 -2.833295092358318e+06
  1.262015655208695e+09  2.201933556541218e+05 -3.748904164045862e+06
  1.263513050390172e+09  1.703039783907797e+06 -8.159848242677222e+05
  1.262979266377531e+09  5.203912623223347e+05  3.100642906378950e+05
  1.260868034509764e+09 -1.347208867958739e+06  6.885993582370580e+05
  1.262257606187772e+09  1.954425516077512e+05  2.582096194450726e+06
  1.263722294391476e+09  3.337336858964334e+06  2.417516651052792e+06
  1.265985113161223e+09 -1.495930523783779e+06 -1.786016740023438e+06
  1.262065731026639e+09 -1.780857818274649e+06  9.453780275391641e+05
  1.262891413859498e+09 -4.529197077620149e+05  7.403740204145343e+05
  1.259843285898332e+09  3.683688659618958e+06  1.506465244216365e+06
  1.261876892860563e+09 -1.547384535601047e+06  2.242918005268747e+06
  1.261628017569030e+09  1.527942372666182e+06  1.873623034716033e+06
  1.259250322314882e+09  4.631804574480351e+05  1.011248607237992e+06
  1.262237000886955e+09  2.968336211150950e+06  8.070672709732238e+05
  1.260702714944723e+09  2.920715395868122e+06  6.243173062918545e+05
  1.262693188107742e+09 -4.859232583755516e+05 -1.860740927212152e+06
  1.262767513268618e+09 -3.788571106319937e+06 -3.837909077484279e+06
  1.263024727251730e+09  1.354105391102474e+06 -3.431868372195118e+06
  1.263988273486315e+09 -8.409491642888809e+05 -2.325255950865823e+06
  1.262002513884096e+09 -7.245355132939815e+04 -1.178514701476595e+06
  1.263237585503753e+09  1.960551652552568e+06 -1.260014658823177e+05
  1.263634407601836e+09  2.628379273876293e+06  6.551943934035717e+05
  1.264407494970872e+09  4.266437298731051e+05  9.869125249823921e+05
  1.263289042931183e+09 -1.727543244922889e+06 -8.253627152305570e+05
  1.262719027065132e+09 -5.071172782563317e+05 -1.158247282959342e+06
  1.267235904908430e+09  9.753652030973721e+05 -1.042301770725305e+06
  1.262684355491164e+09 -1.662606474910728e+06 -2.244202258974037e+06
  1.264143281888915e+09  7.947071836946873e+05 -1.149578352937719e+06
  1.261459076471663e+09  1.181292142717420e+06  5.603390746768181e+05
  1.266994994083843e+09  6.459340528063826e+05  2.849186329461070e+04
  1.263621821627886e+09  1.396718502538223e+06 -1.053006274787812e+06
  1.265115007887723e+09  4.170641119943700e+05 -1.893878714741035e+06
  1.265192315271546e+09 -1.910964783694280e+06 -2.090723065641056e+06
  1.261720568677333e+09 -1.538348410866280e+05 -3.522654198518790e+06
  1.260484402245470e+09 -1.460019666340477e+06 -4.857291191506607e+06
  1.265393242983686e+09  3.290916318294180e+04 -2.290637547798155e+06
  1.264102364324160e+09  2.057241184306847e+06  8.117623065904118e+04
  1.263997297330215e+09 -1.039231654534500e+06  1.523568156775274e+06
  1.259223864360246e+09  9.649714708188974e+05  1.589601488649203e+06
  1.262130931778329e+09 -2.361142204217638e+06  8.916070466797996e+05
  1.264919947520690e+09  5.033396041252193e+05  9.339346372875829e+05
  1.263223446143125e+09 -1.828084628066177e+06  4.698669786295449e+05
  1.263148314983161e+09 -6.856492135722891e+05 -1.667619874643760e+05
  1.261185358335367e+09  1.881874706520665e+06  3.098661294302226e+05
  1.261588663916154e+09 -6.030441305953317e+05 -7.964287704441209e+05
  1.262741488095336e+09  4.536257563095179e+04 -2.438332181904201e+06
  1.260316574339667e+09  2.008773776668259e+06 -2.814996739837968e+06
  1.265463286600161e+09  9.103574550889358e+05 -7.252094721667052e+05
  1.263349141494341e+09 -1.192618074520906e+06  2.383950331742094e+06
  1.262523482606009e+09  1.242539858727155e+06  3.904310934258607e+06
  1.267453584885555e+09 -1.221526003274697e+06  1.643827953882157e+06
  1.266599200176987e+09 -8.661554279609461e+04 -1.368381587630540e+06
  1.262555818224191e+09  1.372392604221017e+06 -1.826412669063105e+06
  1.263101133661113e+09 -2.230266200548490e+06  8.662341407758715e+05
  1.261938391377838e+09 -1.516258875361442e+06  2.552849231972718e+06
  1.261708165036254e+09 -2.552437971222423e+06  1.037380167197789e+06
  1.263002681596854e+09  1.902392249985855e+06  1.485397408660940e+06
  1.260704554400372e+09 -5.329500676394404e+05  2.310425150331042e+06
  1.267135371060784e+09 -7.395022963474608e+05  1.888295408747332e+06
  1.265309288090027e+09  1.271964177626258e+05  1.590596684808395e+06
  1.262553052480956e+09 -2.142221957064855e+06  1.927723362644041e+06
  1.262223841910184e+09  3.435399421409885e+05  3.061507152413674e+06
  1.264441494637494e+09  1.365719835494349e+06  3.635220854129598e+06
  1.261567645764392e+09  8.747044499033219e+05  1.583822957593672e+06
  1.261152334035866e+09 -3.504387945559893e+06 -1.315081443899140e+06
  1.265297370546037e+09  1.638021892329913e+06 -1.603168952452200e+06
  1.258830968740532e+09  5.157255912736589e+05 -4.513752715563618e+05
  1.260610563968230e+09 -1.134412937298835e+06 -4.385901032446383e+05
  1.265857204006354e+09  1.271153767863359e+06 -2.672815801203343e+06
  1.266234843181267e+09 -3.370296443505507e+06 -3.638876568309893e+06
  1.262867003526809e+09 -3.092606676955584e+06 -5.942680291864409e+05
  1.260745421423566e+09 -3.312352958560629e+06  2.707612117739659e+06
  1.261019655560970e+09  1.319693216133918e+06  3.466213652599568e+06
  1.263911814539117e+09 -6.170256419267945e+05  3.292181229944394e+06
  1.262726014816154e+09 -1.986047083214968e+05  3.852756505036711e+05
  1.263679766483219e+09 -2.550080226065940e+06 -1.470602775889275e+06
  1.261986731725335e+09  8.538822583781695e+04 -2.292278826142694e+06
  1.260865448568071e+09 -1.523450795359107e+05 -3.519459875603633e+06
  1.264857968158008e+09 -1.059874150575028e+04 -3.153161737609621e+06
  1.264984956161767e+09  1.070778306033025e+06 -2.409418840356874e+06
  1.263715552270689e+09 -2.265515931160702e+06 -2.511265232311996e+06
  1.264734902735071e+09  1.091310241664946e+06 -6.665430156297511e+05
  1.260897633467478e+09  1.954557999823986e+06  2.283770388215627e+06
  1.262435105635157e+09 -2.438543329517125e+06  3.256961820394609e+05
  1.261619531059809e+09  8.424893606409960e+05 -2.948896933776065e+06
  1.263567838742968e+09 -3.159679030060431e+06 -1.570382528395559e+06
  1.262883395853497e+09 -2.665052647487151e+06  1.459425532369811e+06
  1.259804064855142e+09 -2.830641483390338e+06  2.611026522197630e+06
  1.263295794020075e+09  3.786459549888718e+05  2.060728726427488e+06
  1.259120948974690e+09 -7.115173353080542e+05  2.311850332916189e+05
  1.265810036312973e+09 -3.919246937450637e+05 -1.675068435521250e+06
  1.263634808765355e+09 -2.577733852766861e+06 -2.716364539719526e+06
  1.266010310714320e+09  4.892852712321072e+04 -3.413544264695277e+05
  1.262488578488609e+09  4.023920829364897e+05  5.336303128389285e+05
  1.264655499438721e+09  7.200036331832332e+05 -1.374025660367690e+06
  1.260667659151241e+09  1.556709005571128e+05 -2.811439057868614e+06
  1.267394604926750e+09  7.579687301316144e+04 -1.594537978331394e+06
  1.265511643868442e+09  1.066419038437858e+06 -1.069766315616292e+06
  1.261059059814416e+09  5.285709325972213e+05 -2.159397192892495e+06
  1.264817248819680e+09 -2.816485926966723e+06 -1.258084773799181e+06
  1.261127581274141e+09  1.223942863304559e+06 -8.100525528367253e+05
  1.265215864142971e+09 -3.593985933732009e+06 -1.533696385543454e+06
  1.261628881521901e+09 -1.034870501620434e+06 -1.198016842279033e+05
  1.260837866048605e+09  1.520858221390405e+06 -9.993735377631598e+05
  1.264284531537355e+09 -1.852230239093142e+05 -1.172218281371532e+06
  1.260301717188366e+09  1.107182583770607e+06 -1.413115787673462e+06
  1.261815919487229e+09 -1.354999937875326e+06 -1.332119704332519e+06
  1.262293548104823e+09 -1.736121972526198e+06 -9.548272642847733e+03
  1.263054581201974e+09 -1.775840467445089e+06  2.739546194850894e+05
  1.264077415738926e+09  2.183219918887421e+06 -1.762603984687408e+05
  1.260955389002762e+09 -2.463445399696488e+05 -2.359079881581982e+05
  1.262141132988044e+09 -3.288714686699772e+05 -8.521800965718846e+05
  1.265633755670208e+09 -1.484426055762291e+06 -3.398771041603950e+05
  1.258805596838580e+09  1.174548660233343e+06 -1.261110302992315e+06
  1.266689980156685e+09 -2.635175871189772e+06 -1.835978011964271e+06
  1.263567057496216e+09 -3.344524864350648e+06  2.102846974891434e+06
  1.263409061394541e+09  2.643243508694939e+06  2.996155847099669e+06
  1.258358072717208e+09 -7.319854139659044e+06 -7.750426309063076e+04
  1.260859517709664e+09  1.482036298985300e+05 -1.040255060911905e+06
  1.260340907761416e+09  2.854241404197052e+06 -2.820179974251720e+06
  1.259456343148416e+09 -1.376034855936531e+06 -1.507698514322244e+06
  1.262922140664757e+09  4.172431466256246e+05  2.981959316949152e+06
  1.266098705470631e+09 -6.679995402198061e+05  5.184075684975963e+06
  1.263211282700484e+09  2.697379808399437e+05  3.481538591862554e+06
  1.261400266405447e+09  4.232685748762229e+05  2.805514466037135e+06
  1.267016645986835e+09  1.070267298965780e+06  2.931725090626708e+06
  1.259766371095756e+09 -1.009612228088089e+05  4.686532298798507e+06
  1.268068156562721e+09 -2.249130731766337e+05  4.369949800798840e+06
  1.263816561604277e+09 -3.722483736760296e+06  1.356815247889608e+06
  1.262802137576365e+09  2.427887198226427e+06  1.642666797226468e+06
  1.265948024715080e+09 -4.371223900999343e+06  3.946626177795015e+06
  1.261547839692316e+09 -3.094240291003788e+06  4.339575406486098e+06
  1.261819824734884e+09  3.986753771797177e+06  1.685482433955132e+06
  1.263687047057922e+09 -7.475524325868996e+06 -1.525242755663279e+06
  1.262589950672835e+09  8.011543519123924e+05 -2.755355521094585e+06
  1.260326103417511e+09 -5.589063701704261e+03 -4.582986848242579e+05
  1.263264180597144e+09 -1.766900933679945e+06 -1.460459971910232e+06
  1.260586470839328e+09 -1.267810062757719e+06 -1.112111795108318e+06
  1.261999005973700e+09  7.255019056730719e+05  1.892936416392583e+06
  1.265744120532835e+09  1.215410362151830e+06  2.399797972341051e+06
  1.260316823113920e+09  2.833911544599282e+06  1.759344049725584e+06
  1.265533901329082e+09 -1.255757142787924e+06  3.013187884298903e+06
  1.264154699697340e+09  2.127094421344175e+06  1.991406034149711e+06
  1.260408046718651e+09  4.341985405976460e+05 -6.965010936342533e+05
  1.261900221121318e+09 -2.634490057438413e+06 -2.132607065704110e+06
  1.259291380477063e+09  2.628436209653675e+06 -8.732605189771878e+05
  1.257264856553172e+09 -3.532960411488836e+06  2.308528033199461e+05
  1.260022533715347e+09 -1.127077369693496e+06 -7.935171388191225e+05
  1.264571622496744e+09  4.510874094611463e+06 -1.414362232181492e+06
  1.264925441089288e+09 -3.791217306064207e+06 -1.758135418208117e+06
  1.261908462819394e+09  1.790856324627842e+06 -1.145948826723689e+06
  1.264463315788207e+09 -5.421562729599213e+05 -3.279922384565055e+05
  1.262817563202773e+09 -2.820333540913945e+06  4.154785623431643e+05
  1.258270730775110e+09 -1.608276833239801e+06  5.079383044590858e+05
  1.264934437496712e+09  4.360048973372247e+05  5.540485447706548e+05
  1.261537135740948e+09 -6.508047360087240e+05  6.492999034860097e+05
  1.262655032893994e+09  3.665458390437904e+06 -5.509814913540469e+05
  1.260458154200506e+09 -1.237966770614558e+06 -2.724278703365121e+06
  1.263281388771508e+09  8.723881306197986e+05 -2.935180757567814e+06
  1.261465505218442e+09  3.433153515110950e+06 -1.410664238403588e+06
  1.262808228039922e+09  7.384341928016021e+05 -7.256377393683017e+05
  1.260886730283530e+09  1.987160471451080e+06 -1.643193026847074e+06
  1.264387271193746e+09 -2.514325141675813e+06 -6.539558197109615e+05
  1.261398480459505e+09 -4.837095221489443e+05  2.201200919848793e+05
  1.266153586980840e+09  2.836206475791371e+06  2.333318570930389e+04
  1.265214572305734e+09 -1.547132133551476e+06  8.093313095758602e+05
  1.264297236848905e+09  2.298280062362380e+06 -4.654308238835679e+04
  1.261201864770618e+09 -8.583699474000152e+04  1.005245542313779e+06
  1.263195224338729e+09 -2.658925995090048e+06  8.451014420929158e+05
  1.265794431357098e+09 -8.677930927904255e+05  6.634569504337751e+05
  1.261851470494032e+09 -6.101076394668272e+05  1.779520817457448e+06
  1.262505487765052e+09 -2.444364442162434e+06  2.644948346775570e+06
  1.268125692914329e+09  2.760804312756328e+06  9.709938452590888e+05
  1.263356562406017e+09 -2.129125990819687e+06 -5.899161876603179e+05
  1.260136835851555e+09 -2.164675416058779e+06 -1.448433431854284e+06
  1.265055883502300e+09  4.887459494356019e+06 -9.363289028180671e+05
  1.262403246078815e+09  8.959009889013082e+05 -8.478515691451867e+05
  1.262884343946053e+09 -1.883201765853490e+05 -1.905893532483517e+06
  1.260477497301787e+09 -1.779901650935902e+06 -2.141244211656325e+06
  1.264578197834101e+09 -4.017114222230383e+05 -1.171770535697863e+06
  1.266863601197713e+09  1.097738866857918e+06 -1.300206501099702e+05
  1.266002338465254e+09 -9.661970166364489e+05  1.356792876232265e+06
  1.262277949502799e+09  2.661991044932621e+06  2.038468315049805e+06
  1.263188405948881e+09 -2.439296429103573e+05 -3.934669540585671e+06
  1.263836282579474e+09 -1.086696761458982e+05 -3.986632571125843e+06
  1.258987799351768e+09 -4.710595043068706e+05 -2.058670826865021e+06
  1.263388718591336e+09 -7.166371659524582e+05  7.587034628985225e+05
  1.267739338844477e+09 -3.166670623681778e+06  1.332898736139926e+06
  1.258655229584754e+09  6.837972646053380e+04 -1.246598599349110e+06
  1.262800832813281e+09 -2.449944672299396e+06 -1.925565943156528e+06
  1.261793402343843e+09 -3.464354445505781e+06 -1.619529494122329e+06
  1.262845894340608e+09  2.631708161693650e+06 -2.788318416598254e+06
  1.261269873308735e+09 -2.314461682496639e+06 -4.285180469700708e+06
  1.261362003845193e+09 -1.972272795369539e+06 -4.600747820626729e+06
  1.261456243974751e+09 -5.702654308148937e+05 -2.713493747703520e+06
  1.259118562614739e+09 -5.422597415925643e+05  9.580372500636952e+05
  1.263136480693366e+09  2.846351116968203e+05  2.528835027385950e+06
  1.265068204386540e+09  6.843565514385067e+05  2.212412545454916e+06
  1.260742401627020e+09  2.323508719914634e+06 -2.407276244556054e+05
  1.264547687709841e+09 -1.567010790503772e+06  1.578113639151578e+06
  1.262570905471848e+09  3.893162475483417e+05  2.113870647414200e+06
  1.267445167918076e+09 -2.518642531215610e+06  3.056509208950704e+06
  1.262376988623620e+09  1.082315887012231e+06  3.482856321269851e+06
  1.260675550615897e+09 -8.234520835840092e+05  2.082624060698016e+06
  1.260942232958748e+09  1.407524582256961e+06  1.401773717816673e+06
  1.261396904035196e+09  2.405764671429996e+06  1.454286509268563e+06
  1.261220030682323e+09  1.198653857934813e+06  1.159617486311928e+06
  1.261184300437728e+09 -4.805407803188032e+05  9.956310785911679e+05
  1.259499159052394e+09 -1.114893755699021e+06  9.293439973788916e+05
  1.261801188440073e+09 -5.592052414316147e+05  6.334766619849477e+05
  1.265587490941994e+09 -1.681742243889281e+06  6.734404908469738e+05
  1.263527534980422e+09 -1.591023686920595e+06  1.517033615121185e+06
  1.262324747531863e+09 -7.682246426524402e+04  2.192838758028469e+06
  1.259969177907055e+09 -1.052426940999818e+06  1.303464512926289e+06
  1.260270560045984e+09 -6.824862985694244e+05  6.673978676268433e+05
  1.263381200727718e+09 -1.154604467491734e+06 -4.334655875287133e+05
  1.261769818768820e+09  4.322143077722767e+05  1.897133520356521e+06
  1.267747934751792e+09 -5.253217221924492e+06  3.387148227358973e+06
  1.263973635609693e+09 -2.984163060069575e+05  2.332991505575550e+06
  1.264568026866487e+09 -3.084732476609459e+06 -3.778874588804975e+05
  1.259927530504479e+09  3.437997479437127e+06 -2.700646587599820e+06
  1.260065845995599e+09  2.023581016053570e+06 -1.804256292332389e+06
  1.259841823821376e+09  1.044197767077659e+06 -8.028101551627737e+05
  1.264202055407903e+09  2.733478783841603e+05 -9.621059426927895e+05
  1.262131260166786e+09 -5.080793456320233e+05 -1.156196146869855e+06
  1.261406577699579e+09  1.599922657909736e+06  5.111605578560422e+05
  1.262568763290079e+09 -1.038045650710271e+06  2.966058226829901e+06
  1.262193802039131e+09  6.127736973448647e+05  2.467704915697543e+06
  1.262821603422272e+09 -1.077230735178929e+06  9.292341758813109e+05
  1.267518329854736e+09  4.734465753559266e+05  4.152278793103689e+05
  1.263027314425562e+09 -5.218722135205476e+05 -2.622382402228883e+05
  1.266824764498312e+09  1.749392284966285e+04  2.480233271422463e+06
  1.260236880460618e+09  6.834088861306420e+05  1.229242349343371e+06
  1.263930529021712e+09 -5.284696849957330e+06  7.370228364957655e+05
  1.264209594300050e+09 -8.533018106815881e+05  8.116769919794456e+05
  1.263053009889948e+09 -2.966685110178573e+06  4.138941866953027e+06
  1.264983970222534e+09  3.227821713037040e+06  5.915913716943884e+06
  1.264951622202148e+09  1.754824966181557e+06  3.336310825061936e+06
  1.264237660170856e+09  2.071903273506656e+06  7.822893482127422e+05
  1.262580974477295e+09  1.603345829530674e+06 -5.242827322100033e+05
  1.263254729323073e+09 -1.353856807418292e+06 -1.478953686798640e+06
  1.264048232019773e+09  2.793736564177134e+06 -7.898858180299931e+05
  1.260398073598977e+09  4.438130114469459e+04  1.147207538066735e+05
  1.263454715841844e+09  3.008301155214430e+06 -2.070161366848040e+06
  1.263548507705403e+09  1.174790911660147e+06 -3.136906673447073e+06
  1.265061217070171e+09  1.253108258755381e+06 -9.757071944324290e+05
  1.263196451077132e+09 -7.083475185987251e+05  2.094488888371309e+06
  1.261895317188892e+09  1.210490041210131e+06  2.413625253844361e+06
  1.261850683032231e+09  5.362321484956094e+05  9.029099368047857e+05
  1.259321568957012e+09 -2.687007793250396e+05 -6.967539493135897e+05
  1.261843558917975e+09 -2.272833025088019e+06 -5.730840059273458e+05
  1.266635905140542e+09 -1.449639611698571e+06 -1.130696306526275e+05
  1.262675108194397e+09  2.917873219651321e+06  3.261830290864068e+05
  1.261029492646259e+09  1.457322342171147e+06  4.619111938914912e+05
  1.263650913455169e+09  1.753129155876347e+06 -9.360492434761692e+05
  1.264961496661797e+09  1.087906132147637e+06 -6.984197032356646e+05
  1.260037407553250e+09 -8.232779144004704e+05  5.945568507608282e+05
  1.262555176753096e+09  9.642914882272945e+05  3.973395085047425e+05
  1.262616475446356e+09 -1.242038818114488e+06  6.133117749892732e+05
  1.261279412981993e+09 -3.046376474193593e+05  1.491785878943497e+06
  1.261916875367488e+09  3.942660197953805e+06  3.210322213253098e+06
  1.267015552804403e+09  2.414440154352586e+05  5.302142874642817e+06
  1.264712174494592e+09 -5.213411819899824e+05  4.420410871135155e+06
  1.262578002341622e+09  3.608604050919095e+06  2.810569695210437e+06
  1.264362525321308e+09 -7.669797580168110e+05 -1.030030239247125e+06
  1.261223038478088e+09  4.684920771733947e+06 -1.988089381716070e+06
  1.261865961532663e+09 -2.134423595439748e+06 -9.253479515978269e+05
  1.262161261227378e+09 -1.530538380581808e+05 -9.725894710377294e+05
  1.261018631969313e+09  3.915305363199823e+06 -6.350722016155149e+04
  1.264089465823347e+09  2.144835881251921e+06  1.370646952467252e+06
  1.260674531693704e+09 -7.878013750294306e+05  6.630528002023236e+05
  1.260741338730581e+09 -5.473174832986385e+05 -1.011417770097238e+06
  1.263931188077883e+09  1.674443922506149e+06 -1.421639463049740e+05
  1.261911498133730e+09  4.314350781891580e+05  9.505781032970492e+05
  1.263708989687128e+09 -1.884267700160173e+06  1.137492550097282e+06
  1.261956981237581e+09 -3.157695036792992e+06  1.872292548187955e+06
  1.264563340991466e+09  2.015284579609407e+06  1.638255000892384e+06
  1.266109658038993e+09  1.645356184736345e+05  1.829043235753260e+06
  1.264879193460007e+09 -5.995015121645830e+05  3.583282918184608e+06
  1.262306444797975e+09  3.008412542397460e+06  6.902487643199334e+05
  1.263475450025889e+09 -1.295194868821350e+06 -1.305920821455089e+06
  1.266088418547398e+09  3.679657388913125e+06 -6.636965543531765e+05
  1.261806375118081e+09  1.522261472708784e+06  1.323386505699404e+06
  1.263700542481905e+09 -5.947121050162247e+05  9.673120859149140e+05
  1.262257482990013e+09  2.422378990302014e+06 -7.518646571677382e+04
  1.265920934780585e+09  2.690593932387427e+06  6.589059270240462e+05
  1.265212310723733e+09 -1.440989620130212e+06  1.225347819797636e+05
  1.265004105152160e+09 -5.144347448157159e+05 -1.561825622535177e+06
  1.263827761391215e+09  2.043960848266119e+06 -9.458342028205213e+05
  1.263782817041243e+09  1.368003994165120e+06 -1.330837710815837e+05
  1.261746260596140e+09  4.836185013903393e+05  2.567172090577074e+04
  1.262051928887852e+09 -3.500324800175837e+06  5.922010535845475e+05
  1.259285441915213e+09 -1.350117496310413e+06  1.066068845016315e+06
  1.264732626791846e+09  3.156415070603155e+05  1.155376173455816e+06
  1.261811728775172e+09 -8.567890077422801e+05  1.494717692721004e+06
  1.262671288490359e+09  1.238379693187959e+06 -3.241077401006855e+05
  1.262555868330448e+09  2.560159966340662e+06 -4.058646901706631e+05
  1.264032282723478e+09  1.064628019144744e+06 -5.146068185678156e+05
  1.264234797589969e+09  3.863300360419191e+06 -3.073703761208826e+06
  1.263306661761531e+09 -3.624227679272270e+05 -3.507915842207914e+06
  1.261708178145420e+09 -5.925174168397885e+04 -7.813614351262941e+05
  1.263344940191611e+09  1.683475451324136e+06  1.435018561595365e+06
  1.263234127791873e+09 -1.413339164656481e+06  3.867752774865953e+06
  1.265010369056505e+09 -2.877367173563955e+05  3.358112352229725e+06
  1.265090565822591e+09 -4.069583720549080e+04  1.484677720768523e+06
  1.265101164404156e+09  9.985645670854191e+05  1.807607708374406e+06
  1.267037953818772e+09  1.940187680443612e+06  7.777198111857448e+05
  1.264327068976111e+09 -3.277952887466996e+06  1.629872091310110e+04
  1.260863495241481e+09 -2.560437110525233e+06  2.020205062428814e+05
  1.262699699757764e+09 -8.220609718771069e+05 -1.123513242563231e+06
  1.262560885273352e+09 -3.000448039143208e+05 -9.243472268839857e+05
  1.264026104390102e+09  1.973636818627130e+06  1.085389263964351e+06
  1.263548756693631e+09  4.519309766686096e+06  1.144993541498856e+06
  1.261295098033001e+09 -9.335919063847247e+05 -1.913377421764438e+06
  1.265478230145881e+09  1.974702588691617e+06 -3.991106589225951e+06
  1.263564317671616e+09  1.683364152053905e+06 -2.820488515770475e+06
  1.261721397101878e+09  8.492624100705730e+05 -7.914236802535839e+05
  1.263653609223980e+09  8.420710033620541e+05  8.647461825905804e+05
  1.264659576022961e+09 -1.663221896078571e+06  4.071098960790167e+05
  1.263875801088072e+09 -3.363116771396857e+05  1.501100781277315e+05
  1.259678750961666e+09 -3.835984882859153e+05  9.630852744661078e+05
  1.266008207937916e+09 -2.612183872799612e+05  4.961681660396157e+05
  1.261368761178111e+09  3.771960106167924e+05  1.118717068902463e+06
  1.261220323873261e+09 -1.577731052900286e+06  1.219579925423398e+06
  1.266492405154342e+09 -1.870073040683982e+06  4.381066021348811e+05
  1.262964999814279e+09 -7.290646290960851e+05  7.333938229394562e+05
  1.261897452818739e+09  6.667074017377362e+05  5.260393879487910e+05
  1.260003761325000e+09  2.231983761310178e+06  1.868464117178991e+06
  1.260899271957638e+09  2.062074041831373e+06  1.102954609495278e+06
  1.263801908978032e+09 -2.596974807004075e+06 -8.259572301574072e+05
  1.262834784941035e+09 -2.979963401929390e+05 -7.123536359035468e+04
  1.266961890154322e+09  2.524413572494616e+06  2.375110639931269e+05
  1.261652854349004e+09  7.651843544772501e+05 -3.428772582879227e+05
  1.260189843188726e+09  5.535750252185778e+05 -2.558950597384680e+05
  1.265407257583744e+09 -9.084255367903003e+05  1.913160267310425e+05
  1.266773119195678e+09 -8.246535413944249e+05  4.942544049283515e+05
  1.264072902152459e+09 -1.229778576620516e+06  2.476541489559239e+05
  1.263267517239513e+09 -1.108443169586042e+06 -2.076222599710052e+05
  1.259444606206980e+09 -1.133770695379908e+06 -8.379636544418172e+05
  1.261789646613535e+09  1.033192262984869e+06 -6.562758279517241e+05
  1.262540821110554e+09  2.608049148131654e+05  2.146533659089835e+05
  1.262406574393293e+09  2.550385669648304e+05 -1.209148959958489e+06
  1.263342823090933e+09  2.771476829174945e+06 -1.059171626447083e+06
  1.260649523578153e+09  1.117472542632729e+06 -9.514809896079696e+05
  1.265451059163061e+09 -4.935682614736044e+05 -2.236999417934037e+06
  1.261850040039848e+09 -1.134759025776001e+06 -1.461174595646360e+06
  1.264053848737926e+09  5.791715295726622e+05  6.980563198255136e+05
  1.263156850350403e+09  1.612218551128901e+06  1.257531778946426e+06
  1.261257644986283e+09 -1.695409630681102e+06  1.099052384683621e+06
  1.263476771502611e+09  4.717583810491433e+05  5.890585905046257e+05
  1.265430171825786e+09  5.402722135927277e+05  7.130110465089103e+05
  1.262999730171800e+09 -1.178330859727692e+06  1.727560019810799e+06
  1.265292365801448e+09 -2.918213527169120e+06  1.052557789969820e+06
  1.263463877250223e+09  3.821968883464111e+05 -1.091123169492463e+06
  1.262647470531556e+09 -3.000923502084845e+06 -6.752222638830299e+05
  1.263087919068127e+09  2.681736984012620e+06  1.934143933268167e+05
  1.263553955090098e+09  2.451002702994784e+06 -1.838073148067863e+06
  1.263310207713661e+09  3.100868725383751e+05 -2.111778998518190e+06
  1.260114752487670e+09  4.060468278113951e+06 -6.603756817786604e+05
  1.260359902612479e+09 -5.688999179311111e+05  2.255204154070299e+06
  1.266688366794522e+09 -2.294669696915601e+06  2.029314851669250e+06
  1.261478587842022e+09 -6.287073599630222e+05  3.138335940881031e+06
  1.262355260525553e+09  1.402256802968164e+06  5.751169129370928e+05
  1.261910500775585e+09 -3.038627759153297e+05 -9.074242665341345e+05
  1.261079209095068e+09 -6.938345312264801e+05  3.736016574838446e+05
  1.263273313320955e+09  1.791791222103611e+06  7.391312889520709e+05
  1.261020553097798e+09  6.164528605946255e+05  2.170215107228243e+06
  1.263039567987704e+09  4.001239388032268e+05  1.111786583986406e+06
  1.263701744752096e+09 -1.287800433101533e+06 -1.447728330310971e+06
  1.258648343358208e+09  1.390806812262191e+06 -1.424715765426812e+06
  1.264972332755811e+09 -2.506455252760695e+06 -2.340840982503129e+06
  1.261637308571169e+09  1.708785779700088e+06 -1.397557023111967e+06
  1.263277035608222e+09  1.356373707920379e+06  1.160555106260044e+06
  1.260636944307186e+09 -1.099651079330454e+06  6.060322744229797e+05
  1.260621805024377e+09  6.483583109564302e+05  1.600558864476749e+06
  1.262729011418589e+09  1.893178257679594e+05 -1.150136921684269e+06
  1.260773761863888e+09 -2.172944531854964e+06  1.197143422351077e+06
  1.265071739412532e+09 -4.071061374372284e+06  1.811773708004341e+06
  1.266877815736947e+09  1.608455769830036e+06 -1.539683055529981e+06
  1.266374386521472e+09 -1.428837457015928e+06 -2.577491614803427e+06
  1.261099021471495e+09  1.031984120170339e+06 -9.458270890858201e+05
  1.264724117906082e+09  3.770856896371483e+06 -1.157265910071741e+06
  1.262689699803327e+09 -7.998687424018534e+05 -1.693710632738939e+06
  1.264065650798391e+09  1.701651760453186e+06 -1.400268994183948e+06
  1.262352643436131e+09 -8.577020800900322e+05 -1.279155962883931e+06
  1.265167620728609e+09  4.888101481574103e+05 -3.462712094660961e+05
  1.266724961683481e+09 -2.019233425536005e+06  1.035791509599080e+05
  1.264515989511851e+09 -1.458480990465872e+06 -3.577985559105861e+05
  1.261750901085759e+09 -9.313034206165343e+05  5.528019703188509e+05
  1.265429626880360e+09 -2.095586203827292e+06  1.129690538368112e+06
  1.262525499441898e+09 -9.295083719475875e+05 -4.429167631406065e+05
  1.259620628429845e+09  2.616698512883406e+06  1.718733991429550e+06
  1.262080193497899e+09  1.553364620845647e+06  9.383810613361814e+05
  1.260329725215786e+09 -4.019020718317377e+06 -1.081156125300263e+06
  1.261418339575055e+09  2.968476608094796e+06 -5.669518263946904e+05
  1.265790039932237e+09 -3.075327646281748e+06 -1.087047081861526e+06
  1.263289039988438e+09 -1.462806928317959e+05 -3.716523576966808e+06
  1.265874803152650e+09  3.174732509187765e+06 -2.188462715046335e+06
  1.264590703443878e+09 -1.606568763896588e+06  1.102702136860872e+06
  1.261218510175428e+09  1.536735991348440e+06  5.795691912493068e+05
  1.260727959510362e+09 -3.162863777892707e+06 -3.232889989233563e+05
  1.262374621035242e+09 -3.280472940070471e+05 -1.306914958379610e+03
  1.256718539409065e+09 -3.904374707139898e+06 -4.953857009722519e+05
  1.260943587388812e+09 -4.300042501999055e+06  2.176387679529741e+06
  1.262823990868689e+09 -1.247754874336526e+06  4.668133907869881e+06
  1.264094346873201e+09 -1.026347819039935e+06  2.690703207332517e+06
  1.259180326327090e+09  6.558485579762775e+05  1.200354229564916e+06
  1.262111395068443e+09  2.464585744411795e+06  8.427518807714293e+05
  1.262442893524517e+09  4.735674041841297e+06 -1.132580800407333e+06
  1.258775124186759e+09  7.160599413823365e+05 -1.296410275595360e+06
  1.265488708990799e+09  2.158086512154289e+06  2.383008687802630e+05
  1.263119320632237e+09 -2.397350599584384e+06  8.841280073174683e+05
  1.261655788659032e+09  5.761940453126543e+05 -6.220749068183067e+05
  1.260631435709286e+09  7.996900662080534e+05 -2.806089793634308e+06
  1.266735357574095e+09 -2.096196721297004e+06 -7.785391660126213e+05
  1.262191659671679e+09  2.731594709910218e+05  1.790017120373727e+06
  1.262055131683453e+09 -3.343112849043581e+06 -3.023749701143780e+05
  1.261568207161357e+09  9.080278038188303e+05 -2.334387856331612e+06
  1.264497133327744e+09 -2.620705483362907e+06 -2.408267808957968e+06
  1.260631031141445e+09 -2.019323747114373e+06 -2.879407561541960e+06
  1.265362482484536e+09 -5.498151374171495e+05 -1.556673278282698e+06
  1.268095502458831e+09 -1.143734590510117e+05 -1.493077695017833e+05
  1.264058714103225e+09 -6.402582449007818e+05  6.135038136707131e+05
  1.258229997403829e+09  3.606353952769259e+05  3.661193679495289e+06
  1.263617253538973e+09  3.960454458406141e+06  1.683963810508143e+06
  1.264757695186187e+09  3.417724810294485e+06  7.114062695234673e+04
  1.262747693440162e+09  1.920726389018312e+06 -9.735091350163878e+05
  1.261454552570333e+09  1.846962446153861e+06 -6.030714004235880e+05
  1.264862510486143e+09  2.128857247586889e+06  2.523907122764844e+06
  1.261907514642979e+09 -5.856313719975123e+05  4.106889718147504e+06
  1.260198418466329e+09 -1.176399409651228e+06  1.139400011344408e+06
  1.265559822730420e+09 -3.028191203302115e+06 -3.954400363051888e+05
  1.263326108686599e+09 -1.957951316455770e+06  1.415304263529367e+06
  1.263118341270967e+09  1.662243295409924e+06  1.561470435635639e+06
  1.262820457320065e+09 -3.243211588223912e+05  1.990755263008609e+05
  1.264692270646627e+09  2.718723081118778e+06 -5.409412113300330e+05
  1.266706208623637e+09 -2.633074750039463e+04  1.061746395737234e+05
  1.263777949809504e+09 -4.244017168640579e+05  2.277855498870157e+06
  1.262024254103739e+09 -1.039221723073821e+06  4.044781072036135e+06
  1.264198961684948e+09 -8.714264195639500e+05 -3.234596590208371e+06
  1.262376123592467e+09  1.885406163525656e+06 -3.045472425053572e+06
  1.258986373914231e+09  1.384844312201796e+06 -4.240931238509922e+06
  1.258905217298966e+09  2.679925759336532e+06 -3.772521603749819e+06
  1.265202736581862e+09  2.346261343445414e+06 -1.650525303369559e+06
  1.259085163074897e+09  1.005045660553135e+06 -2.105814342290408e+05
  1.263139267971251e+09  8.674947170968191e+05  9.210460575997771e+05
  1.260820243589110e+09  6.571535853727328e+05  1.512700166549779e+06
  1.262019277690632e+09 -2.935221926279048e+06 -1.499222650474426e+05
  1.259690317989220e+09 -1.683373225532368e+06 -2.395838647852531e+06
  1.260755127303432e+09 -1.689439812451620e+05 -2.095515849793409e+06
  1.261722161031635e+09 -3.902304087622155e+05  4.686199082471489e+03
  1.259189428342003e+09  1.708275722557537e+06  4.694620716344578e+05
  1.261771225678711e+09  2.807858466352832e+05  1.366277351689014e+05
  1.266415853503608e+09 -1.153800762334377e+06 -9.881355510830353e+05
  1.259831771979319e+09 -5.113248179662948e+05 -3.198718658694766e+06
  1.264550782033116e+09 -8.473865427746924e+05  9.132656269872123e+05
  1.262672319378629e+09  1.313830419713282e+06 -2.938473545985157e+04
  1.266244159872710e+09  9.513973446180392e+05 -1.409230231646653e+06
  1.259808680475085e+09 -3.750844584923072e+06 -1.251788786192709e+06
  1.260540039714946e+09 -6.266510990324016e+05 -2.191972115952627e+06
  1.263880885627221e+09  1.439491598771490e+06 -3.137486275758781e+06
  1.260875045694954e+09 -3.951121150134254e+05 -2.147612036613798e+06
  1.260906984403320e+09  3.287377560583754e+06 -8.291847595355456e+05
  1.259463398550653e+09 -8.305704671071166e+05  1.384999753951131e+06
  1.259103281177958e+09 -8.545344885919999e+05  2.475475445061248e+06
  1.264837489424226e+09 -3.233249060017088e+06  5.130169104639404e+05
  1.265939264473018e+09 -2.720729145503025e+06 -1.445818184908356e+06
  1.263477462861801e+09 -2.085383344196826e+06 -7.848970216937712e+04
  1.262016961855028e+09  2.929132176998816e+06  2.551696702107493e+06
  1.260179440375867e+09  1.569532518206330e+06  3.273306687674401e+06
  1.263058944193994e+09  6.534511080178977e+05  1.923775487381368e+06
  1.263906782641241e+09 -2.485938491641187e+06  1.717527303526811e+06
  1.260682916159821e+09  5.089558921805839e+05  2.956634144856076e+06
  1.267521230145128e+09  1.056766048747167e+06  2.201553091751779e+06
  1.262485972644679e+09 -8.727130239268768e+05  3.330244282952802e+05
  1.264222805264620e+09  6.309928124531258e+05 -1.401107736399856e+06
  1.260408227116147e+09  9.007804200003094e+05 -2.133478365120105e+06
  1.262982969938331e+09  1.307530846697706e+06 -5.825384447227169e+05
  1.257039710834117e+09  3.644151636416311e+06  1.355651603829799e+06
  1.265669450384263e+09 -2.953974081072137e+06  1.878635614474841e+06
  1.262725004376571e+09  1.765420262935734e+06  8.587133795077763e+05
  1.260817001977800e+09 -6.425484867131332e+04 -3.415085024563866e+05
  1.263899745161932e+09 -2.089881027374609e+06  7.151445384023954e+05
  1.263407494255079e+09 -2.438925564652761e+06  1.678297919016280e+06
  1.263074375530425e+09  1.381619199329940e+06 -1.883237370816874e+05
  1.263688919195536e+09  1.202503664866246e+06 -1.895354824154069e+06
  1.260330402032962e+09 -6.449359814663266e+05 -6.418615716527515e+05
  1.264230619818779e+09 -1.152413638529358e+06 -1.336598295185289e+06
  1.259746825818189e+09  1.034436838092911e+06 -4.110209618163634e+05
  1.262028866459556e+09  2.057927063250809e+06 -8.545137703775867e+05
  1.263112464812324e+09  1.586093669765310e+06 -2.063383257133988e+06
  1.264843319720187e+09  1.544416804998946e+06 -2.851623023282939e+06
  1.265230163097672e+09  2.278248411864479e+05 -7.947232301707440e+05
  1.263935155383729e+09  2.361822709473431e+06  2.072521711996987e+06
  1.263250398250482e+09  2.008764369698020e+06  1.665083001658487e+06
  1.263820697908601e+09 -5.349346917337093e+05  1.920619161671275e+06
  1.263328658500943e+09  8.570751195590656e+05  1.682441632116069e+05
  1.263178968655496e+09 -5.187272178830267e+05 -3.691817833726582e+06
  1.262734660350676e+09 -9.705805452236605e+05 -3.183064757319354e+06
  1.262117767049335e+09 -1.498872920185865e+06 -2.037464132501999e+06
  1.264381980211569e+09  1.195244521097827e+06 -2.371591776765637e+06
  1.264373055198590e+09  5.868626579933752e+05 -2.553742944344465e+06
  1.266853547790900e+09 -2.039514938704059e+05 -2.342162307413491e+06
  1.261993827339998e+09 -7.232634861835310e+05 -3.043176079226865e+06
  1.263041639855384e+09  2.267093999591868e+06 -1.682907953230431e+06
  1.260646785928032e+09  1.503618596615973e+06 -5.744040901194375e+05
  1.262772219551450e+09  1.569777766293779e+06  6.722328074127322e+05
  1.262517425394076e+09 -9.931004803273887e+05  2.416782799287195e+06
  1.260485279139619e+09 -7.614899687415771e+05  1.082589204212982e+06
  1.265555873531341e+09  2.507466464797438e+06 -7.221359234873899e+05
  1.264884931274016e+09 -8.875375877455710e+05  1.178125533712158e+05
  1.261305555506830e+09  2.967195925891271e+06  2.310937336568048e+05
  1.260252066589788e+09 -4.376222938484375e+05  6.432666825296818e+05
  1.261248182913054e+09 -1.174341169569989e+06  2.441582095604620e+06
  1.263541445359294e+09  1.535859231417671e+05  2.506728930200817e+06
  1.265099507842257e+09 -1.816291221642156e+06 -3.200861880744013e+05
  1.260492856243470e+09  4.928006463129187e+05 -1.819996790576044e+06
  1.265942367891294e+09 -1.554675207069439e+06 -5.393421952300953e+05
  1.262870650561590e+09  1.009416019514262e+06 -1.629411281512149e+06
  1.263590088560889e+09 -1.836631309916082e+06  3.480296549659209e+06
  1.263752371473665e+09  2.108696809815467e+06  3.567842501541706e+06
  1.262651113347579e+09  1.656620783138998e+05  1.214202638494183e+06
  1.262810493898766e+09  1.026851075922808e+06  6.441657488274935e+05
  1.261209929464548e+09 -2.955689891547086e+06 -2.594988541517216e+05
  1.261987010247965e+09 -1.143747243047286e+06 -2.949344075386150e+06
  1.264139039034068e+09 -9.943230943923910e+05 -1.544188472537058e+06
  1.263634556213120e+09 -2.947247397298359e+06  6.748984791262215e+04
  1.260341161683940e+09  1.999800885848780e+06 -1.818567751173912e+06
  1.263035221174111e+09  3.139648844664417e+05 -1.694191686244579e+06
  1.263532293304807e+09 -1.295709141423719e+06 -1.338090785811783e+06
  1.262069356051738e+09  1.369546454604261e+06 -1.233013988219427e+06
  1.262908374804480e+09 -9.898341489472031e+04  1.191431118604480e+06
  1.263497629667614e+09 -7.702417076233928e+05  2.028522022706532e+06
  1.265349252675613e+09 -3.438997627985531e+06  9.492620789462096e+05
  1.263599728497898e+09 -2.797711769571647e+05  1.443376150889917e+06
  1.261733182647095e+09 -6.494699719787751e+05 -2.843429701342051e+06
  1.262007085529029e+09  5.781310362707349e+05 -9.931710029033676e+05
  1.261619815641367e+09 -4.870624557301849e+05  7.483241133120651e+05
  1.263051008945050e+09  8.579576199993852e+05 -5.531409614553556e+05
  1.263117134606849e+09 -2.642821640571957e+06 -6.795642815317211e+05
  1.264266401324240e+09 -2.372147112048769e+06  1.043729820546190e+06
  1.263985247972984e+09 -1.844834406985392e+06  4.208592611219709e+05
  1.267265630204046e+09 -2.679194560223397e+06  5.089754424237969e+05
  1.265431873316328e+09 -3.131400344172747e+06  1.039203709184520e+06
  1.261585357030604e+09  6.540106728017344e+05  5.393404407908299e+04
  1.264876360211361e+09 -1.679293573798433e+06  1.326516637918193e+06
  1.262213088287431e+09  2.478192041710855e+06  1.383333510058094e+06
  1.260013171105979e+09  1.197690606569984e+06 -1.348395307980561e+06
  1.260926737413531e+09 -2.530797751301751e+06 -1.014499249857294e+06
  1.265927074291975e+09 -2.437662390539974e+06  4.084235977069914e+05
  1.263226965019845e+09 -2.209266259976496e+06 -1.357223574503107e+06
  1.262582093169990e+09  4.123642634897777e+05 -3.342289352547662e+06
  1.260319343388258e+09  6.028556065689560e+05 -4.235350706104686e+06
  1.265288747743364e+09 -1.151487515626442e+06 -1.945509066984429e+06
  1.260830264543657e+09 -4.844315850872584e+05 -1.114838488368082e+05
  1.263495657994743e+09 -3.651179922088878e+05  5.190821841577298e+05
  1.261543285286911e+09 -2.783689540795488e+06  1.650378106069284e+05
  1.264938156898529e+09  1.272542369436968e+06  7.213946372018189e+05
  1.265400766962029e+09 -2.265744088418986e+06 -5.830879699648501e+05
  1.264241386422232e+09 -4.782842318083867e+06 -1.412679928107407e+06
  1.263728506799797e+09  3.552239703289757e+03  5.424427943439042e+05
  1.266282993326048e+09 -4.634095283928553e+05  4.316593660350877e+05
  1.261893656149354e+09  2.942941946930584e+06 -7.322668687193061e+04
  1.263258983815813e+09  1.216656440282697e+05  7.558678198991650e+05
  1.261441249032814e+09 -1.323967150395193e+06  2.365801602489731e+06
  1.262889754766123e+09 -6.614642387412420e+05  3.972341912302622e+06
  1.264954238357916e+09 -3.286871542308067e+06  1.629734576293264e+06
  1.264547356685147e+09  1.046212735301104e+06 -4.341389924844144e+06
  1.265392876192686e+09  1.271061024559638e+06 -5.246015010994157e+06
  1.261407923219922e+09 -9.197382490336546e+04 -4.315318883239861e+06
  1.262946468288569e+09 -2.073945724420107e+06 -9.541802854039702e+05
  1.261756451899566e+09  2.131213385724304e+06  3.043973175605098e+06
  1.260886943597588e+09 -1.095786550411706e+06  2.932678072879351e+06
  1.263685056658779e+09  1.610105470160791e+06  1.348082814233022e+06
  1.264958786575447e+09 -9.385924163847099e+05  1.867538294211471e+06
  1.266400174749617e+09 -1.691269917389312e+06  1.238598056920906e+06
  1.259051736220278e+09  4.696742040373827e+05  5.129885915224662e+05
  1.263818780741940e+09 -7.628679733438457e+05 -6.113085433704046e+05
  1.260707598193100e+09  2.484992709080615e+06 -1.655363478903800e+06
  1.264550029786086e+09  7.011243460915610e+05 -7.503680483732745e+05
  1.262887748968161e+09  1.287137469646981e+06 -7.111747520086548e+04
  1.260354980879789e+09  3.851182494293441e+05 -1.314040761952744e+06
  1.261142068959845e+09 -2.878333499606599e+06 -3.088300823132333e+06
  1.262334398722042e+09  2.967880732518712e+06 -6.353093153343953e+05
  1.261660199123946e+09  8.977201055967957e+05 -1.694130693894759e+06
  1.264613636447731e+09 -9.356776748366705e+05 -1.851267262471377e+06
  1.264832665561436e+09 -2.473077177292788e+06 -6.814397058283288e+05
  1.267283552312574e+09  2.497340407160287e+06  6.683755030724740e+05
  1.260768301756350e+09  9.769058955972623e+05  1.197055810569654e+06
  1.259603939812382e+09  1.464155243096047e+06  1.428756229356473e+04
  1.265249175344458e+09  8.056056231312697e+05 -7.432565668767074e+05
  1.262491415766959e+09 -1.023654552146415e+06 -1.782726487312460e+05
  1.263585806192212e+09  8.672129263673187e+04  9.727580711829842e+05
  1.261121990460637e+09 -1.752165049222596e+06 -2.605886177183945e+05
  1.259668761326381e+09  1.749194123808931e+06 -2.743826420446285e+06
  1.263752492930853e+09  2.426255877302868e+06 -1.955503953069267e+06
  1.262488034021428e+09 -1.374804278410710e+05 -1.302168268628837e+05
  1.260253594388195e+09 -2.142773387633708e+06 -6.319819788096648e+05
  1.262853903483797e+09 -9.050018498412212e+05 -1.007204378612276e+06
  1.261894018725354e+09  1.555839928733079e+06 -3.904783566018464e+06
  1.265210184296213e+09 -4.908803680830874e+04 -2.909764984802250e+06
  1.261004585885291e+09 -1.912528536156086e+06 -1.127426280493863e+06
  1.263063399118475e+09 -1.485957339765718e+06  1.119048432120522e+05
  1.263064063752683e+09  1.309550428509370e+06  1.422031725950095e+06
  1.261730568371645e+09  1.918777370607515e+06  1.528730736517474e+05
  1.263788888305798e+09  2.594035809657145e+06 -1.285377837438056e+06
  1.266175353122838e+09  2.306620159994990e+06 -1.970115273786379e+06
  1.263301244185552e+09 -1.808151815580347e+06 -3.005933900295082e+06
  1.262696199592374e+09 -2.573390903896451e+06 -2.321148296562717e+06
  1.262162263853869e+09  1.864339885979417e+05 -1.169311513407420e+06
  1.264011917130075e+09  1.277416735252938e+06 -7.500916071660771e+05
  1.263274745450214e+09  1.882830990116346e+06  4.985723100533477e+05
  1.262034038653476e+09 -2.413476176869260e+06  2.613769753187410e+05
  1.261752391815548e+09 -4.545750416013151e+06 -1.262987543838014e+06
  1.260943839922565e+09  1.012007441442301e+06 -2.410251335352740e+06
  1.260335439097267e+09 -1.241171876919361e+06  2.604460119871144e+05
  1.264950787802363e+09 -2.486409417421312e+06 -7.860621829584483e+05
  1.265273585343858e+09  2.770857647171155e+05 -6.361500836190038e+05
  1.261671465483806e+09  1.647538827596821e+06 -2.200864516081571e+04
  1.263773799695689e+09  6.549197966153370e+05  1.303402118722335e+06
  1.262664210976547e+09  8.886094235415105e+03  1.377610263689176e+06
  1.262943142068113e+09  2.717979967252580e+06 -4.388237268666775e+05
  1.262373905615386e+09  3.203714807878726e+06 -8.274858118549471e+05
  1.263636983719348e+09 -8.403596243119059e+05  9.465592153073722e+05
  1.262677415437804e+09 -2.916861031692016e+06  2.199461252196245e+06
  1.259673850387721e+09  1.492952397226401e+06  1.981191590092816e+06
  1.263000312281631e+09  6.063883180671545e+05  8.196896833865343e+05
  1.261209570668772e+09  6.235386771685921e+05 -9.907703531500098e+04
  1.260028401057424e+09 -1.789515721781506e+06  1.244837810376066e+06
  1.265288678780253e+09 -2.211995252584533e+06  2.456571647613402e+06
  1.259056382137430e+09  1.127337727948094e+06  1.768077368248862e+06
  1.263107731375764e+09 -1.518850335484575e+06 -3.328373646507048e+06
  1.262808975553446e+09 -4.249452053700613e+06 -9.886970923090266e+05
  1.262955926990047e+09  9.905943686474145e+05  2.580268049992469e+06
  1.265995582475042e+09  3.598339068426029e+06  2.960369860717596e+06
  1.266530148515260e+09  2.781458909834284e+06  8.069896718092919e+05
  1.261422587418435e+09 -6.300499779908461e+05 -2.899918968370589e+05
  1.261465634407635e+09  2.030369176993137e+06 -9.256564768719235e+05
  1.263681590260348e+09  1.471730803932802e+06 -9.573633597151306e+04
  1.263308618974680e+09 -4.229621725831970e+05  3.276201582024836e+06
  1.262393458938733e+09 -2.571644405835127e+06  5.630674784955610e+06
  1.263125560029292e+09  1.236136854757038e+06  5.126324666584210e+06
  1.265364898382733e+09  1.548678260185328e+06  3.816699248653510e+06
  1.264931245543097e+09 -1.504533976906795e+05  2.389275157146904e+06
  1.261996544909932e+09  7.920658912754890e+05 -6.751856235105789e+04
  1.265405016008294e+09 -1.803395696528498e+06 -1.885949847011784e+06
  1.262701421707112e+09  1.398458337241220e+05 -2.926720849693294e+06
  1.260696760159001e+09  8.504261279871598e+05  1.493101571055961e+06
  1.261203108527049e+09 -4.614752818891842e+06  2.600347313136241e+04
  1.261869922908170e+09  8.302302144472834e+05 -1.620087191878105e+06
  1.260186548509321e+09  4.847467441018226e+06 -2.519677026324252e+06
  1.263623607852833e+09  3.833070824737623e+06 -2.756789856685371e+06
  1.264520881573130e+09  2.159424966778501e+06 -1.644569269954016e+06
  1.267163626489030e+09  4.747205268840581e+05  3.586487872780757e+05
  1.263572893444893e+09 -6.027163459609039e+05  1.059154709351998e+06
  1.261962084676313e+09 -2.583337825502001e+04 -1.545568328809317e+05
  1.262475469951945e+09 -3.427678638528432e+06 -2.067728297035655e+06
  1.264678664639261e+09  2.473318946385183e+06 -7.593708935653475e+05
  1.260746269198599e+09  2.459989122514922e+06  1.115600670038872e+06
  1.262961715092044e+09 -2.425262812117965e+06  9.714042246510944e+04
  1.264433533786069e+09  4.382909221519169e+06 -6.422287299429582e+05
  1.264219560552108e+09 -3.047024840725225e+06  9.863985609572947e+05
  1.260235910116719e+09  4.117668371477716e+05  2.317929037479300e+06
  1.259552766656295e+09  3.220738086140785e+06 -4.740694100220421e+05
  1.261404720054618e+09 -5.009421182620147e+06 -4.162428375056719e+06
  1.263394050910317e+09  4.995479357026811e+05 -5.691039594300391e+06
  1.262977809603664e+09  5.514654549374210e+06 -1.684047925585891e+06
  1.264841129066586e+09  1.135727495387873e+06  2.158199772384859e+05
  1.262612160201392e+09  2.850092483179241e+06  1.550694803051883e+05
  1.263065621615663e+09 -1.582723565383424e+06  1.559260618524379e+06
  1.266307317490955e+09  2.738458821877773e+04  5.073294726486168e+05
  1.262752772840392e+09  2.070694467100276e+06 -1.661556726531130e+06
  1.262151957727947e+09 -2.599715969466452e+06 -1.027022938203653e+06
  1.261709476872155e+09  3.196422568313763e+06 -3.635296969758178e+05
  1.264123021608965e+09  1.521151574556471e+06 -1.963937924373495e+06
  1.260397337180935e+09 -4.449566765428178e+06 -2.859777006817514e+06
  1.263271641169379e+09  4.792763244876069e+06 -2.523090516399617e+06
  1.267532016618679e+09 -2.588506216901096e+06 -2.127535260760883e+06
  1.264994279071026e+09  7.547679320361770e+05 -7.042983729806531e+05
  1.259082543874512e+09  3.474100160555463e+06 -1.745777602967751e+06
  1.263773750081647e+09 -2.422584150127468e+06  1.955478109651242e+05
  1.263920203006376e+09 -1.037895340931739e+05  9.146695290973010e+05
  1.265759081356560e+09  1.575144197485543e+06  5.045606800811550e+05
  1.263251549154911e+09 -5.404186139949508e+05 -5.587788640592067e+05
  1.263411299000184e+09  6.434934393118317e+05  1.600424503363844e+04
  1.262599589378874e+09 -3.108381644989888e+06  1.010585686886174e+06
  1.262514426946861e+09  7.817342635565972e+05 -3.771905772685575e+05
  1.263951624043086e+09  3.108029305668077e+06 -9.522107496559736e+05
  1.263572099167905e+09 -1.794350739162995e+06  1.184289831834377e+06
  1.265392584458988e+09  1.301060700585790e+06  2.784366073343310e+06
  1.263720179578465e+09  8.974367740764015e+04  1.073873817082647e+06
  1.265935065570482e+09 -2.840195508780705e+06 -1.645136402507548e+06
  1.265994072773467e+09  4.054595445795422e+06 -1.688920488677668e+06
  1.260492518361463e+09 -1.157489530401673e+06 -1.630889621719904e+06
  1.262686078684496e+09  2.616867483312291e+05 -2.731337270632241e+06
  1.262326156811819e+09  2.181899451524976e+06  1.582583082211309e+06
  1.260304719058819e+09  1.116512713874506e+06  1.278536548217853e+06
  1.260396540314717e+09  5.323856078679337e+05  8.691819692823366e+04
  1.256509304919332e+09 -3.133371051493675e+06 -1.967133128673781e+06
  1.262778603956791e+09 -3.111506742818425e+05 -2.882094485153073e+06
  1.261730614812755e+09  7.184133874424726e+05  6.357106929061951e+05
  1.263769198280746e+09 -2.828545834188899e+06  3.026710683455879e+06
  1.261371126609970e+09  1.326926168961468e+06  2.371692100056692e+05
  1.261273394606884e+09  2.039503097684754e+06 -6.154273720613571e+05
  1.259570383421142e+09 -2.438842928340092e+06  2.689380631276590e+05
  1.260524643630015e+09 -2.934163799028561e+06 -7.019103732037840e+05
  1.262065681400235e+09 -1.847642263946144e+06 -6.655330348343879e+05
  1.262033733935248e+09 -7.036467950397284e+05 -8.106983464103259e+04
  1.262396775330667e+09  4.738563834500037e+06 -3.975314736639782e+05
  1.266849664191106e+09  8.390183108836900e+05 -1.242456192105602e+06
  1.260478056969991e+09  5.951448728006851e+05 -2.169031716542407e+05
  1.263223751580324e+09  1.098525184067784e+06 -8.938845267183639e+05
  1.263959172470194e+09  1.609497736813157e+06 -1.674537846693707e+06
  1.263908835792709e+09  1.494829438689103e+06 -2.749965248371990e+06
  1.260146954613950e+09 -3.097517420523952e+06 -2.105456935296488e+06
  1.262480924179368e+09 -1.914145103438866e+06 -1.482175540845662e+06
  1.263132619285156e+09 -2.063508848724463e+06 -9.063026762010942e+05
  1.259183591835378e+09 -1.010754437070467e+06  1.840121101248780e+06
  1.261158532110757e+09  2.860843069265727e+06  3.361383954367013e+06
  1.259342446465470e+09 -2.607136838080675e+06  1.238913919124702e+06
  1.261409710306501e+09  1.599393738371510e+06 -2.502783910293751e+05
  1.265166495410949e+09  1.664237768005671e+06 -7.191710267104658e+05
  1.264394845807514e+09  1.680190096231669e+06 -1.192759028328752e+06
  1.262859103686347e+09  1.983496844505281e+06 -5.678981899020865e+05
  1.262682954294140e+09  4.191806173399666e+05 -1.237177604848950e+06
  1.262406754079874e+09 -3.079498858588143e+06 -2.544095395140894e+06
  1.264164206426517e+09  1.893305996048943e+05 -1.873026379283986e+06
  1.263417865747855e+09 -1.735426947587416e+06  3.582034409662956e+06
  1.262230189946749e+09  1.607821535495064e+06  2.271440446374665e+06
  1.266500391277767e+09  2.033391287566669e+06 -1.093704962020556e+06
  1.261503436172760e+09 -1.992279214049002e+06 -1.824581954930749e+06
  1.265636210214319e+09  2.941644308458281e+05  1.591148576737259e+04
  1.262338266134107e+09 -7.136274515473369e+05  1.351644808352953e+06
  1.264427807287795e+09  3.211532859978497e+05  3.130459448321480e+06
  1.258972215232491e+09  8.473605810125235e+05  4.054378946935830e+06
  1.262499557060211e+09 -9.784248683863482e+04  4.613101287567835e+06
  1.262568465364995e+09  5.951834177745999e+04  4.605426545613578e+06
  1.262039049595587e+09  7.238887067412998e+05  9.356506708995553e+05
  1.262965941528370e+09  5.718870004130803e+05 -2.050441536487109e+06
  1.265541959497890e+09  2.183889131611285e+06 -1.910151981968794e+06
  1.264508104192439e+09 -1.346998427601883e+06 -1.132010713824068e+06
  1.262735859555815e+09 -1.532694548704569e+06  3.694736314326454e+05
  1.261580623744549e+09  4.574371160000272e+04  2.366917447628302e+06
  1.262300588456249e+09 -4.607328318908622e+06 -1.024194189412763e+06
  1.260027562024425e+09  1.227642319399248e+06  4.444431836048811e+05
  1.263284181469626e+09 -5.778393995466288e+05 -1.480021170461525e+06
  1.264844978072431e+09  2.065608322219887e+06 -2.869231434647259e+06
  1.266252250111262e+09  2.540689122092080e+06 -2.319391941539739e+06
  1.265275536743293e+09 -1.663787613500273e+06 -2.315932364137684e+06
  1.264211179230471e+09  1.397350256288026e+06 -2.696698311709260e+06
  1.260921478785576e+09 -2.183500042464802e+06 -2.009149591358658e+06
  1.263423825112728e+09  2.062831613992149e+06  3.013988090307721e+05
  1.264343403147821e+09  1.232936567701422e+06  2.434693039012885e+06
  1.263024334882385e+09 -2.945613273827236e+06  2.573644609131283e+06
  1.265005633806514e+09 -1.628411965302677e+06  9.410540098163103e+05
  1.262941277919086e+09  1.928404718610422e+06 -6.507989288287390e+05
  1.265475526160354e+09 -1.048745933790406e+06 -2.027669146490167e+06
  1.263114001107998e+09 -5.763270034338739e+05 -2.644266468049200e+06
  1.266732462536208e+09 -1.619364680468453e+06 -2.538535287639556e+06
  1.261731223207660e+09 -3.071878821118866e+06 -2.903046439050920e+06
  1.265155885888654e+09 -7.807491761122550e+05 -2.405135172205468e+06
  1.260845787057222e+09 -1.421718376163829e+06 -1.883732869957059e+06
  1.265337225469555e+09  4.120943980789309e+06 -7.492703474733154e+05
  1.261149801370835e+09  3.255063482442039e+06 -7.824734057970674e+05
  1.260480910351318e+09 -3.748982486535596e+06 -6.553933000434039e+05
  1.266417214107740e+09  2.717806129779452e+06 -3.244197786579875e+05
  1.265145929489417e+09 -4.257168751907828e+06 -1.128059711461741e+06
  1.261313616834271e+09  1.382173304010163e+05 -2.210124104348425e+05
  1.261563239183768e+09  1.581083256259413e+06  1.054540934541870e+06
  1.261360469432058e+09 -2.435245595386815e+06  3.991470036898092e+05
  1.262988887343052e+09  5.177344754924658e+05 -2.822186696479784e+05
  1.267659156461758e+09  2.548839367715334e+06  1.937292678255012e+05
  1.260277115571796e+09  1.740056484960078e+06  1.543097145139895e+06
  1.263488556086576e+09  1.305293808802064e+06  6.450585790251724e+05
  1.262763311274961e+09  1.596333998944604e+06 -2.254310932208674e+06
  1.263229421501784e+09 -2.160425249369754e+06  1.113963173420977e+06
  1.262953251626022e+09 -8.774483076949358e+05  1.083139199451772e+06
  1.263772297476191e+09 -1.915940158636585e+04  1.238354857207494e+06
  1.263881482236369e+09  3.915105564405678e+06 -8.523073376527456e+04
  1.260072959197174e+09  1.499882807758744e+06  4.086804126142691e+05
  1.261990037018091e+09 -3.275257661015904e+06  6.863401094444767e+05
  1.262597334319995e+09  2.081355964555425e+06  1.218081609177042e+05
  1.264269663991180e+09 -4.249387954795251e+06  1.378721203579437e+05
  1.261736799757393e+09 -5.232992039228207e+03  7.408820361276706e+04
  1.262022258699879e+09 -3.401664714998011e+05 -6.264279506792314e+05
  1.265485659887268e+09 -1.065441675370804e+06  1.054795005052710e+05
  1.261682448405622e+09  3.064122038980268e+06  2.485290489020312e+06
  1.262989300773617e+09  3.318135423567079e+06  2.902795391907411e+06
  1.264364037489427e+09  2.030627574261614e+06  1.645220094372096e+06
  1.265054695754993e+09  1.121096634294703e+06  3.196428365146614e+06
  1.262070623130919e+09  4.404489751708018e+06  3.835394737130366e+06
  1.261613301401281e+09 -2.548883596799704e+06 -2.144001274497294e+06
  1.259331952885397e+09  8.505745006693400e+05 -7.742829197151063e+04
  1.260813464383191e+09 -1.832813815314894e+06  2.367632829298285e+06
  1.264545694385205e+09  2.449145408701061e+06  2.087832228813471e+06
  1.262680985757969e+09 -1.667896845912394e+06 -7.910310748450047e+05
  1.267234440473016e+09 -1.654757054764933e+06 -9.203436619454885e+05
  1.263045676247525e+09 -8.285642641916510e+05  7.901754770983366e+05
  1.264134921465787e+09 -8.309503868655825e+05  2.495069174356669e+06
  1.263570347717994e+09  2.373171975987414e+06  1.333157557727553e+06
  1.260976508391142e+09 -2.567924044702616e+06 -2.708981534481602e+06
  1.264269508904177e+09 -1.862674436394366e+06 -3.289152663994495e+06
  1.260277436227102e+09  2.860573586799954e+06 -8.931174733977157e+05
  1.262589848030632e+09  1.400003928526305e+06 -2.846977382927936e+05
  1.264658943415876e+09 -1.059463677525193e+06 -3.048180843646388e+05
  1.266502837893932e+09 -6.673756886791444e+04 -1.479846683169366e+06
  1.265097103560616e+09  2.744363230933826e+06 -3.175975927684376e+06
  1.261293618887581e+09 -1.228334444438647e+06 -4.800733755918260e+05
  1.262023150747775e+09  2.611204433917152e+05  4.062866979738356e+05
  1.264014029494950e+09 -2.999561693435857e+06 -1.805921111072837e+06
  1.258107726086712e+09 -1.620157199557062e+06 -1.834563167532845e+06
  1.264529877984410e+09 -2.162936995692089e+06 -1.203871914115133e+06
  1.261797780912745e+09  2.877513596067035e+05 -1.656075986685749e+06
  1.265778692087806e+09 -2.213073046719005e+06 -7.509021952750622e+05
  1.263763738100147e+09  1.361003746528192e+06 -4.136616388879857e+05
  1.264464585183276e+09  2.630881628388998e+06 -1.999496844618391e+06
  1.260591808313687e+09 -4.443352837166370e+06 -1.420574733637252e+06
  1.263487405588155e+09 -1.229390190451880e+06  1.370469771131924e+06
  1.259695846143222e+09  2.032502396509312e+06  1.912692318274954e+06
  1.263393316006645e+09 -3.993561316769718e+05  2.221163597732748e+05
  1.263009045415550e+09 -1.988458382066302e+06  1.187260002053450e+06
  1.263710621685785e+09  8.428393797444865e+05  1.352798721732947e+06
  1.263938146215243e+09  1.012472735353282e+06 -1.476244079594956e+06
  1.265128322019557e+09 -1.436159789209402e+06 -4.306803711333414e+06
  1.263889805073777e+09 -1.771637025716486e+06 -3.417091187814720e+06
  1.261349911755123e+09 -1.229309531376168e+06 -8.905368834644649e+04
  1.261296723015776e+09 -3.756615714098148e+06 -1.141228812491172e+05
  1.262964742786203e+09 -2.769948833521966e+06 -2.540025613680284e+06
  1.262065437446363e+09  8.831958307070774e+04 -3.774507198888296e+04
  1.263179139377664e+09 -4.544666931031002e+06  2.802961235242146e+06
  1.264447122593488e+09  1.289157011546867e+06  1.952720397675591e+06
  1.265661393804072e+09  1.076435734334520e+06  1.275598741719641e+06
  1.260575153477167e+09 -2.051457283242766e+06  2.061188050099250e+06
  1.262896627303862e+09 -3.194618634562773e+05  4.093984377839586e+05
  1.259934969583828e+09  4.867358736728285e+05 -2.380411736839889e+06
  1.262539485519235e+09  1.084152226746069e+06 -2.980405907863978e+06
  1.260004342539466e+09 -7.228827133005213e+05 -1.966566869810420e+06
  1.261740529864726e+09  1.337975716243676e+06 -1.721769021738369e+06
  1.259932330120010e+09 -9.248534583053673e+05 -3.248070228289129e+06
  1.262624416395818e+09 -1.989594010119007e+06  4.740651726359075e+05
  1.262278549147529e+09 -2.875555371484387e+06 -8.123880024334437e+05
  1.263871314887597e+09 -6.998720952458162e+04 -3.092360481343189e+06
  1.264699472430745e+09 -1.697899386497263e+06 -3.398864351681573e+06
  1.266591345750458e+09 -3.206422628546131e+06  6.575190965371362e+05
  1.261596905644303e+09 -1.702514067386031e+06  3.375340215267882e+06
  1.261624563214187e+09 -5.291185347641921e+06 -1.712739699196187e+05
  1.264847384110137e+09  1.806574901621784e+06 -1.991976720009344e+06
  1.258566058329153e+09 -7.008028782825975e+05 -8.989895706568842e+05
  1.261588791181351e+09  2.449316717386742e+06  7.758069074516487e+04
  1.261587336963013e+09 -1.203253672400540e+06  2.674851017165321e+06
  1.261926869887383e+09 -2.510528984820781e+05  2.891600910753877e+06
  1.265955342077765e+09  2.088201815441426e+06  2.205586635822716e+06
  1.261864154877692e+09  2.277563501926663e+05  2.138081208339401e+06
  1.260451948158055e+09 -8.042496161910974e+05 -2.426525459616715e+05
  1.260844026129910e+09 -1.550626491423269e+06 -6.726285967025028e+05
  1.261983575814260e+09 -1.101749516300824e+06 -2.110492583396024e+06
  1.264188939531590e+09 -1.478539590853147e+06 -3.458832400441822e+06
  1.260956126449813e+09 -2.530887765548763e+06 -2.363667529380674e+06
  1.263614542029776e+09  3.523551441646797e+05 -5.724829098151420e+05
  1.263724054678353e+09 -4.375248375330530e+05 -1.267188432303337e+05
  1.263279915091360e+09 -1.130431354351176e+06  1.723830364851679e+06
  1.263650509356692e+09  1.077223371973806e+05  2.533298045938373e+06
  1.264467312785170e+09  1.065465294189967e+06 -9.870089728162450e+05
  1.261342046422256e+09 -6.774407463979851e+05 -2.820402831711773e+06
  1.260391390978090e+09  3.420166882814088e+06 -1.000068345966887e+06
  1.262546089256155e+09  2.909001474925794e+05  6.412340421333971e+05
  1.262280219628049e+09 -9.502924281165731e+05  5.067087451472332e+05
  1.261725310248595e+09  6.011595962141049e+05  1.707648413142078e+05
  1.259621427492566e+09  8.677877900038400e+05  3.411041861422427e+05
  1.262277483959651e+09 -2.650466949981038e+06 -5.245842162828974e+04
  1.261699769128938e+09  8.725623864536243e+05 -6.816939470623562e+05
  1.261629315197621e+09 -7.345480657568104e+05 -3.613606413583846e+06
  1.263168942624719e+09 -8.203785878750954e+04 -1.872128503469157e+06
  1.265321235842428e+09 -3.956736609675100e+06 -1.401745561040003e+06
  1.260575863952607e+09  7.184899631944022e+05 -2.175760569614013e+06
  1.264725094790295e+09  4.085619223763294e+05  1.064729542034076e+06
  1.264319736789460e+09 -7.229738257145012e+05  3.379642019616664e+06
  1.262531577956774e+09  3.348275469649445e+06  1.857621526770540e+06
  1.263475149882052e+09 -3.898750433122344e+05 -2.826621754257907e+05
  1.263388476565865e+09 -2.249399636865597e+05 -9.617326321842126e+05
  1.265213026238105e+09  2.473456215687731e+06 -2.329317396693027e+06
  1.261546034645068e+09  3.780556819381619e+06 -2.527453926980348e+06
  1.263093736166217e+09 -2.512041886568850e+06  1.827032644464780e+06
  1.261928215531460e+09 -1.434718048016291e+06  5.426692792174853e+06
  1.259835946921937e+09  7.389046038146879e+05  3.603665760318039e+06
  1.266536613894236e+09 -1.207682587857225e+06  7.955718503686006e+04
  1.260656934410686e+09  3.480192342056524e+06 -2.226409266968679e+06
  1.261639614219936e+09 -1.903468882044693e+06  1.093651296002627e+06
  1.264867959272593e+09 -4.494998346407966e+05 -4.226667682401743e+05
  1.261734473235920e+09 -1.568537749925835e+06  4.843404793649691e+05
  1.265643385062247e+09  8.460897917234988e+05  6.108004008691470e+05
  1.264182977158142e+09 -1.725259204121133e+06 -1.611266008228072e+06
  1.263741770810189e+09 -8.955402083581754e+05 -1.762697109574667e+06
  1.259460292465191e+09  1.591667019231360e+06 -1.820495484068815e+05
  1.262894014011953e+09 -2.593330861254403e+06  2.520373731472067e+05
  1.264369673913778e+09 -1.308598701127090e+06 -5.070927880704689e+05
  1.264738810041183e+09  2.319194051766381e+06 -6.284143741430474e+05
  1.259789746394859e+09  3.471641853759682e+06  1.034526253914644e+06
  1.261991327056659e+09 -5.770152165613425e+05  1.525308658694953e+06
  1.261457433323088e+09 -1.428498223697162e+06  1.278868208042847e+05
  1.261190008030442e+09  9.227146558726587e+05 -1.033691287584714e+06
  1.263999966580310e+09 -5.307406885536695e+05 -4.346456063359440e+05
  1.262229475358477e+09  2.036020634915926e+06  1.464674005875813e+06
  1.262341850481070e+09 -2.998464553273175e+06  1.875622445561977e+06
  1.262770605040182e+09  4.594515240685447e+05  1.340826679489018e+06
  1.265392473366791e+09 -2.806300504498824e+06  1.719653315724645e+06
  1.261893109327167e+09  1.945500479634556e+06  2.229414035911804e+06
  1.261164358779459e+09 -2.063607674695940e+06  2.084052215856771e+05
  1.265572703315179e+09 -1.709503767845970e+05 -2.286329517701862e+06
  1.266155850001940e+09  3.146228688169338e+05 -3.791856260422753e+06
  1.264053621131753e+09 -3.462063286947427e+06 -1.554877921131058e+06
  1.261124758367690e+09 -8.570329879276449e+05  1.581408622824794e+06
  1.264342656014009e+09  1.138575301191697e+06  8.725651681465543e+05
  1.264527418862074e+09 -4.783706537897727e+05  8.810105823504734e+05
  1.263489454034336e+09  1.217028601401443e+06  1.304310582160103e+06
  1.264978233301705e+09 -4.574819889256055e+05 -3.970268609884525e+05
  1.266835195138054e+09  8.354911905960549e+05 -1.318297358419447e+06
  1.263757444609254e+09 -1.491257428366074e+06 -1.658732683272398e+05
  1.262118870342961e+09 -9.934297707453762e+05  1.323732129854204e+06
  1.262345544907809e+09 -2.551677807135976e+06 -2.333541242656180e+06
  1.261579596070872e+09  1.275305575330417e+06 -1.604397102716262e+05
  1.266514413071919e+09 -5.574151532977248e+06  1.305685369963792e+06
  1.260483322704260e+09  2.822370332786501e+06  6.147091147648504e+05
  1.265569059843461e+09 -2.763362798695822e+05 -3.844298119731085e+05
  1.263216071674887e+09 -7.856166359415185e+04 -4.801737505002273e+04
  1.261987362604100e+09 -8.961381327186038e+05  2.417854475178013e+06
  1.264271134808958e+09 -7.755865185051011e+05  3.452785772719919e+06
  1.262964921671412e+09 -1.870452857400122e+05  5.443723685261287e+05
  1.264016471856045e+09 -3.361565801166560e+06 -3.235911851892336e+06
  1.263515254047484e+09 -1.947086672642071e+06 -4.675481737900320e+06
  1.263559199796340e+09 -4.883148862660273e+05 -2.681522878065091e+06
  1.261013149437003e+09 -1.631899175589037e+05 -9.439507909337156e+05
  1.262879027506698e+09  9.957025057179763e+05 -1.572054563750711e+06
  1.264045647812004e+09 -1.178665281385485e+06 -1.474950555628165e+06
  1.265930749288886e+09 -1.090945721891243e+06 -1.913990433878316e+06
  1.262814177412332e+09 -1.769600995071041e+06  1.848069343218326e+06
  1.264514746384545e+09  1.088554502498724e+06  2.009323057359214e+06
  1.264248577900613e+09 -4.676150067528130e+06  1.619206449488507e+06
  1.265749002538949e+09  2.051627024159013e+06  3.310997107647650e+06
  1.265273540512426e+09 -7.216199032030047e+05  1.502737280823874e+06
  1.263754630494728e+09 -5.921990815126221e+05 -2.631025811626809e+06
  1.262417840675980e+09 -2.080490733118887e+06 -4.088280139974452e+06
  1.262905295509528e+09  1.771221001255624e+06 -1.363478485648823e+06
  1.261704586300356e+09 -1.511202192307798e+06  2.816758031321691e+05
  1.263004651729007e+09 -4.258430138723037e+06 -5.001199701269401e+05
  1.264363633194339e+09 -1.107396978796803e+06  1.897683028527229e+05
  1.263550133818944e+09 -1.198600439727656e+06 -4.937875694363504e+05
  1.265471554550400e+09  3.786401166316789e+05 -1.365389163862705e+06
  1.265002198052501e+09  2.545087023569635e+06  4.901005774899494e+05
  1.259208271643276e+09 -1.549903002418935e+06 -3.727125516481157e+05
  1.263246810239523e+09 -8.930268546731456e+05 -1.206933581627892e+06
  1.260456373787852e+09 -4.052509267076384e+04  2.863450441442618e+06
  1.259889225113793e+09  1.557949004033002e+06  3.673724413035345e+06
  1.260896922024774e+09 -1.486877963366398e+06  1.293554554423089e+06
  1.259488477547323e+09 -5.612523829821600e+05  9.321533107560305e+05
  1.262770394386529e+09 -2.291860365679030e+06  8.176532831816054e+05
  1.260340442509106e+09 -1.769859478950518e+06  1.128059112714428e+06
  1.262989489077314e+09 -1.922878449504582e+06  8.606333073555896e+05
  1.260580633338977e+09  2.769870022934996e+06 -1.162309946739046e+06
  1.263040679987009e+09 -2.529532430562077e+06 -1.386696283476117e+06
  1.263294002541103e+09  4.527136894447117e+05 -5.458943754164149e+05
  1.262635845616489e+09 -5.066339973630272e+05 -1.026024314813739e+06
  1.261789657952588e+09 -1.757246239435958e+04 -2.788419286691566e+06
  1.262245319660873e+09  1.178966640581056e+06 -2.731556457458377e+06
  1.263137650882360e+09  2.362926425789734e+06 -7.033160300786565e+05
  1.263315638954723e+09 -3.428946970368072e+06  1.912889689606540e+05
  1.261523570195084e+09 -1.249187151239844e+06  3.483063020350692e+05
  1.261854745101160e+09  2.286813199113390e+06 -1.478956483680055e+06
  1.263340290940080e+09 -1.976322854236395e+06 -9.627644568266553e+05
  1.263811838889538e+09  1.354855857149249e+06 -2.530300827021811e+05
  1.261870797850928e+09 -3.437151484426070e+06 -1.546167543037162e+05
  1.263891834544958e+09 -8.856403840447183e+05 -2.418341615428780e+05
  1.261157650294133e+09  1.672911277078725e+05  8.401736067356390e+05
  1.260109463748080e+09  1.397461501574448e+06  2.381944908789690e+06
  1.259542599796131e+09 -2.945328562324087e+06  3.122090756888186e+06
  1.260222512782984e+09 -1.935232678978079e+06  1.501413793046600e+06
  1.264150163444081e+09  1.586568362737777e+06 -1.484359132542233e+06
  1.263261263642454e+09 -5.636897013560395e+05 -1.865052526802202e+06
  1.264987761610659e+09 -3.023132282225654e+06 -5.663386458457981e+05
  1.265402070683324e+09  1.892651873797710e+05  8.600210770242178e+05
  1.263851287201862e+09 -9.778705505027976e+05  1.751773669414400e+06
  1.264522460297781e+09  2.367307818326810e+06  6.087947908423375e+02
  1.263569683976315e+09  7.072217564138905e+05 -1.640843724597575e+06
  1.263187802335371e+09 -5.852944128286073e+05  5.886624869171277e+04
  1.264308003388289e+09  4.379822037496990e+05 -8.963936977443215e+05
  1.263629166081988e+09  2.826386265847038e+06  4.324415619089082e+04
  1.263219323441840e+09  6.639301042259927e+04  3.359373544728407e+06
  1.264213729433688e+09 -1.872559006476373e+06  2.192017741307795e+06
  1.262448494994579e+09  2.082850242750804e+05 -7.644551398528464e+05
  1.261822489234239e+09  1.742702864541460e+06 -1.000970088419706e+06
  1.261881041575155e+09 -1.988983769747829e+06 -4.775683873915634e+05
  1.261771739997836e+09 -2.553140755449635e+05  7.932999952627955e+05
  1.263035621283110e+09  1.639211001162973e+06  9.741032117699881e+05
  1.261682951619074e+09  2.687981296040326e+05  6.003142611205645e+05
  1.262353645391408e+09 -2.881609159652473e+06  1.028429253336370e+06
  1.265223494961092e+09  3.350711112157732e+05  4.497037925047007e+05
  1.266631609120127e+09  2.305756772124969e+05 -2.808547059806759e+04
  1.263264309830099e+09  6.680565690071828e+05  2.933507264678944e+05
  1.262918290400738e+09  1.463664465481475e+06  2.344235188800279e+05
  1.259983249043035e+09 -3.752189351314625e+06 -2.064037935235426e+05
  1.260123262934095e+09  1.694606750073269e+06  3.629497226820486e+05
  1.264225668408624e+09  1.891071693095472e+06  1.325667717709079e+06
  1.263860435922679e+09 -3.437347625118482e+04  1.162523430420333e+06
  1.265529782583589e+09 -8.747678236034733e+05  2.502594849794989e+06
  1.265340850690453e+09 -2.960246680155629e+05  3.922332177166903e+06
  1.263479429170322e+09 -1.220856560861060e+06  8.119096349439847e+05
  1.262033688315175e+09 -9.187269686495464e+05 -1.480088258318671e+06
  1.261450550546312e+09  2.658622805300126e+05  1.571564948647191e+06
  1.265189677882235e+09 -1.349723169505990e+06  3.727062112278921e+06
  1.262693929025495e+09  1.130313446114469e+06  2.848210090612256e+06
  1.263235629698096e+09  1.268443798009570e+06  1.557355366446710e+05
  1.264351214547865e+09  1.627475184603436e+06 -1.601295997819979e+06
  1.266124788712169e+09  2.397536261893942e+06 -3.454544927468209e+05
  1.263147641372667e+09 -1.577400931727426e+06  1.040901464911450e+06
  1.263396567367460e+09  1.314595614731130e+06  7.880886871463927e+05
  1.261462842655688e+09 -2.634699353377820e+06 -1.785866001780588e+06
  1.263072209318761e+09  3.171864108122662e+06 -1.050168630124920e+06
  1.260672396803159e+09  1.982868088622859e+05 -1.073941301988841e+06
  1.266050481834520e+09 -5.310604390219967e+05 -1.332888430806777e+06
  1.262250577152826e+09  8.735172546942818e+05  8.943398573842389e+04
  1.260876365160061e+09 -1.684656715484801e+05  1.480621434248723e+06
  1.264196737940114e+09 -2.835589734792497e+06  1.977644727158311e+06
  1.264106284926562e+09 -9.352990391130600e+05  2.083660895173773e+06
  1.261992783862518e+09  1.273897558128017e+06  3.424788247703938e+06
  1.262058689896543e+09 -1.325988591367846e+06  2.208374308661770e+06
  1.261846613545443e+09  1.472331008645673e+06 -4.626442253869495e+05
  1.261019774178888e+09  3.594615482419847e+06 -1.304704410213769e+05
  1.267872304988405e+09  1.727581450016071e+06 -5.530993733271791e+05
  1.262211049578540e+09  2.173194602404620e+06 -2.209099677303385e+06
  1.265427772127756e+09 -2.452199938093528e+06 -1.405000339911503e+06
  1.262551914459353e+09  2.821168236742269e+06 -8.387137406213086e+05
  1.261383383542466e+09  6.878918112609177e+05 -1.607986165029533e+06
  1.263304428619225e+09  4.251938640973118e+06  3.361181169937207e+05
  1.263030520137736e+09 -9.418743493590910e+05  1.719141897540648e+06
  1.263900248169582e+09  1.591347284795018e+06  7.526312386607344e+05
  1.261025652769664e+09  9.805432937404439e+05 -1.341759474728695e+06
  1.262157410322631e+09  1.288272357301285e+05 -5.002340093873967e+05
  1.258653404173683e+09 -1.704457716476722e+06  6.402373661697485e+05
  1.263335790951963e+09 -1.289101037974691e+06  6.468078708482585e+04
  1.263128830744741e+09  3.516354457964019e+06 -1.129372635630159e+06
  1.264477104040545e+09 -5.716667677107505e+05 -3.586795849447473e+06
  1.265555019464958e+09  1.645513925193128e+06 -2.721547182629328e+06
  1.263074400640769e+09  2.141932881106353e+06  1.918651222086505e+06
  1.262925799248371e+09  2.210107640084864e+06  3.995095120899010e+06
  1.266435799617642e+09  1.159100508192496e+06  4.101589063079690e+06
  1.265994435527378e+09 -1.195821219773088e+06  2.630140653676563e+06
  1.261371795040516e+09  3.739844903197483e+06 -9.026909888034249e+05
  1.261114426275953e+09  2.080389602940873e+06 -3.231243845388932e+06
  1.258700487649531e+09  3.564090320723200e+06 -1.053871427194236e+06
  1.262952838866145e+09 -4.145130176626554e+05 -1.034444828852339e+05
  1.262492735599603e+09  2.731795246770838e+06 -3.048741022719937e+06
  1.263823548063967e+09 -1.949522104815333e+06 -2.223642256331195e+06
  1.266962632784931e+09 -1.074680697606507e+05  6.089680841310145e+05
  1.261889968043283e+09 -9.076209903661739e+05  5.071220002381841e+04
  1.262604088452592e+09 -2.577703233930829e+04  5.610774365160374e+05
  1.261086974183947e+09  3.091670392463760e+06  2.493262976022990e+06
  1.263441600536255e+09 -1.179213093005020e+06  2.718113069754307e+06
  1.262434509695796e+09  2.116459818027621e+06  5.309637934815073e+05
  1.262677228994492e+09  1.300324811137989e+06 -4.953803179073837e+05
  1.264201555123159e+09  7.471030531432922e+04  5.681373073466095e+05
  1.266092157963585e+09 -4.297601224687593e+05  1.672964363685423e+05
  1.265104970653079e+09 -2.067130979848540e+05 -1.890182392197244e+06
  1.266493953583083e+09  6.729371510681618e+05 -3.262898958874514e+06
  1.262261207103383e+09  2.191518441814126e+06  1.505214824340790e+06
  1.263018757034549e+09  1.877351833600731e+06  3.129144940232680e+06
  1.262252439494266e+09  8.223712626403075e+05  1.378902462733269e+06
  1.259150091431067e+09  4.968620522862824e+05  8.995750345225373e+05
  1.264376637391983e+09 -1.425120744993660e+06  3.584162698912119e+06
  1.262615632418341e+09  6.278658732453550e+05  3.837118257006492e+06
  1.266373995442260e+09 -4.047820747723614e+05  1.810227689837049e+06
  1.264037595454499e+09  1.210575481771147e+06  1.361717917414407e+06
  1.262925694805585e+09  7.995374493429569e+05  9.449983565004696e+05
  1.259258676917640e+09  1.847999227661815e+06 -9.343604493554080e+05
  1.262452939829591e+09  9.931902135294047e+05 -6.039930121789861e+05
  1.260477589909997e+09  8.511266483751733e+05  9.008689436969839e+05
  1.261879694754280e+09 -2.340016211835426e+06  3.356208352171078e+05
  1.262783715040034e+09 -1.065852870474658e+06 -2.340715759505422e+05
  1.265158174710516e+09 -9.236485153027849e+05  1.547227708844954e+05
  1.264793443316793e+09 -4.195662560904755e+05  1.498635586773672e+05
  1.265153930138222e+09  2.278277843904498e+06  1.934309274462087e+06
  1.262138590015957e+09 -6.236578619878041e+03 -1.032783673234262e+06
  1.260028030331469e+09 -2.992039574891693e+05 -7.580633673846762e+05
  1.260675864112690e+09 -5.481878296199229e+05 -1.793924458423422e+05
  1.264944362848942e+09  2.687560769697859e+06  8.329521949920314e+05
  1.264121016325119e+09  2.338850398071484e+06  1.723908562397308e+06
  1.266564377777097e+09 -1.045463170403020e+06  6.215649245192294e+05
  1.264301537433262e+09  1.299714719175914e+06 -1.273976620000148e+05
  1.264068816214600e+09  1.460059412690801e+06  9.658534469027321e+05
  1.261889536217278e+09  4.276167185043742e+06  2.690378695155551e+06
  1.264783394310823e+09 -1.279826584859538e+06  2.162534098540204e+06
  1.262294657524905e+09  3.993204947386747e+05  6.881642028355154e+05
  1.258425989175475e+09 -1.358279402777778e+06  4.629901846192870e+05
  1.258618883807438e+09 -1.317310647038280e+06  7.071087875296393e+05
  1.265942735215200e+09 -1.671515038877729e+06  2.469928100586601e+06
  1.261281163056701e+09  7.393255827622872e+05  4.222082390394907e+06
  1.263715454789112e+09  1.499510376283870e+06 -1.205554539518972e+06
  1.262629407048080e+09 -5.695582371984936e+05 -1.215652041069634e+06
  1.263127649182876e+09 -1.493092577352212e+06 -2.904940377110612e+05
  1.264971932450393e+09 -4.485618331762017e+05 -1.993710495281341e+05
  1.265255465301382e+09  2.911312001719792e+06  4.181513091484014e+05
  1.262057772113531e+09 -1.766035983797181e+05  1.311447740422058e+06
  1.262931202566997e+09 -1.607043646653122e+06  1.992268636082443e+06
  1.263482053376562e+09  9.319686062193611e+05  1.012358926366259e+06
  1.259418868633387e+09  2.257111730275671e+06 -1.408208013393712e+06
  1.260302437481771e+09  3.049354727261868e+06 -1.202017080248068e+06
  1.264423687448745e+09 -2.888653911863613e+06  8.608145114195482e+05
  1.261958720459553e+09  8.708427800753298e+05  1.504893651070478e+06
  1.262829505380577e+09 -1.418920874955854e+06  2.414997136166879e+06
  1.260325975653458e+09 -2.274747982823072e+06  3.460068496873256e+06
  1.261358676449661e+09 -3.525212574381238e+05  2.539119016896861e+06
  1.261439568508355e+09 -3.552544115699267e+05  6.493653752048316e+05
  1.261608794749700e+09 -6.678896411476649e+05 -1.223094852906187e+06
  1.263041539344606e+09 -4.575263209317857e+05 -1.249933362004414e+06
  1.263475839886175e+09  1.296696806379025e+06 -2.498005219768351e+06
  1.261799138228448e+09 -1.676700884402569e+06 -6.536776125081528e+05
  1.265354451863634e+09  2.951247343162083e+06  9.847157660151297e+05
  1.261801589486761e+09 -3.204814356468491e+06 -9.833952153433812e+05
  1.262951653472817e+09 -9.870183804099147e+05 -8.047976705255213e+05
  1.263775728351512e+09 -3.506464562048158e+04  7.154504934943158e+05
  1.261171485914258e+09 -2.520798506378232e+05  5.587758346684116e+05
  1.262378933205191e+09  2.019374925715206e+06 -1.270539603422477e+05
  1.263345714198767e+09 -2.782741467577450e+06  6.333020705325287e+05
  1.261671979605550e+09  4.034926596260148e+05  1.314065524915030e+06
  1.259765034261937e+09 -1.373259973874398e+06  1.383768290274833e+06
  1.261418503833378e+09 -2.959577637353635e+05  1.588531798410570e+06
  1.263820346189299e+09  5.383475597798667e+05  3.900105286431847e+05
  1.263990070028960e+09  1.195544370919419e+05 -1.179312919687362e+06
  1.263887094942482e+09 -1.396399956702572e+06 -9.725229540744481e+05
  1.264108550096658e+09 -9.384554324323162e+05  3.237454249954834e+05
  1.262683285351145e+09  2.192815378646672e+06 -1.105080048600284e+06
  1.261662616797543e+09 -5.719988786821302e+05 -1.725926759117668e+06
  1.263708533427041e+09  2.936507811914286e+06 -4.925276551806302e+05
  1.262235864750561e+09 -5.171745902506614e+05  1.746059576150549e+06
  1.263657803355306e+09 -1.398191198422054e+06  2.763507237905025e+06
  1.264027420482396e+09  1.548383274414075e+06  9.453209981588833e+04
  1.261878294786828e+09 -2.216943508907308e+06 -2.284861401427287e+06
  1.265672500971650e+09  7.167888415517753e+05 -2.031415975474344e+06
  1.263539639156746e+09 -5.542740425819295e+05 -5.961706440734270e+05
  1.264249360951836e+09 -6.368279491005372e+05  6.160861668528103e+05
  1.261856744107780e+09  1.467096354339495e+06  1.777553876755681e+06
  1.263177412786045e+09  1.868811366629781e+06  1.437768124283525e+06
  1.264148088121198e+09 -1.001663766600050e+06 -1.227392343951630e+06
  1.263404998202521e+09  1.881491064511257e+06 -2.598342590153459e+06
  1.262586058370994e+09 -3.321600541970477e+04  3.095314095979175e+05
  1.266615353902234e+09 -2.496895835130041e+06 -4.955225645328402e+05
  1.262485890394265e+09 -2.300146416148072e+06 -1.058585763967465e+06
  1.266012127758523e+09 -3.058536747919109e+05 -7.863562327767907e+05
  1.264293069872002e+09 -2.678075369067646e+05 -1.081911525301092e+06
  1.264204991450462e+09  3.558922404606408e+06 -2.642320055005989e+05
  1.261878758572741e+09 -1.033544759575623e+06  1.810797753610651e+06
  1.262572197343251e+09  2.714029498173880e+06  1.720749667062132e+06
  1.264012531846025e+09 -2.958747829383193e+06  2.136519613608167e+06
  1.267279541714945e+09 -1.257402985673835e+06  2.445684518596099e+06
  1.259268695342991e+09  1.183430626245485e+06  9.568365761808853e+05
  1.261595107840700e+09 -6.072981171668416e+05  1.319282039175924e+05
  1.261069488002716e+09  3.386976129255772e+06  1.343544002096028e+05
  1.262379503439682e+09  4.692253234658467e+05  1.803492766855770e+05
  1.264401901336512e+09 -1.843834664140529e+06 -5.416103204008014e+05
  1.261446979062922e+09 -3.884323909753771e+04 -2.666687199128140e+05
  1.263532274593174e+09  1.483187309054063e+06  1.854753294145060e+06
  1.265306993904468e+09 -1.820822201937080e+06  1.914677429282147e+06
  1.265496083970978e+09 -5.553096772949696e+06  1.744859456581231e+06
  1.264476608904034e+09 -1.274349303086109e+06  1.784459333939369e+06
  1.261663192689132e+09 -1.778009617710297e+06  2.498376725367864e+06
  1.267199775486871e+09  2.868123294910059e+06  5.416555327335048e+05
  1.264076060435828e+09 -7.297339646160790e+05 -2.670041915353701e+06
  1.264365945793439e+09  1.097765353132436e+06 -3.325855552819354e+06
  1.263593376084262e+09 -2.783066232923457e+06 -1.536831051042041e+06
  1.264340551969768e+09 -5.584510763867572e+05 -1.413381435048396e+05
  1.264461552522739e+09 -1.325450270485263e+05  7.464664719594331e+05
  1.264417805466906e+09 -9.864131741978112e+05  1.611811556391211e+06
  1.267078309075556e+09  1.220165558438771e+05  1.530080094169084e+06
  1.265932275683903e+09 -5.036640214038035e+05  1.802465149355995e+06
  1.262415185992546e+09 -4.695060414783483e+05  2.490538610660580e+06
  1.262926956580626e+09 -2.978805816766822e+06  2.470326381108419e+06
  1.266636794490745e+09  2.982197299064253e+06  5.365627471328271e+05
  1.265655549410409e+09  7.643614418241607e+05 -3.503599997884175e+05
  1.263821408567521e+09 -4.402641362250527e+06 -5.884507042955484e+05
  1.262640902703781e+09 -2.112563799308633e+05  7.393969980216054e+05
  1.265042213442613e+09 -1.869032822656635e+06  1.007469739774753e+06
  1.261222798613129e+09 -6.864719039014061e+05 -1.746976939892591e+05
  1.261253873505672e+09 -1.689379418899920e+06  1.906009893129151e+05
  1.263122688958034e+09  1.343220384697331e+06 -3.203465062125766e+05
  1.263186686914189e+09 -5.982793529684511e+05 -9.751889125325796e+05
  1.266434093203158e+09  1.604049749555463e+06  5.801063846530123e+05
  1.265670392212409e+09 -9.951848499084511e+05  3.537045043429040e+05
  1.263431063838868e+09 -2.990822592806128e+06 -4.942499420576066e+05
  1.260298917273713e+09 -2.717367709263625e+06  5.914286951197864e+04
  1.263820633197914e+09 -8.033563575241814e+05  2.439569447084058e+05
  1.261382821726379e+09 -1.937664897500672e+05  9.080933314471149e+05
  1.265207928872890e+09 -2.419567823932911e+06  1.268128379358184e+06
  1.263649859083607e+09  3.337316505331525e+06 -3.494001514802345e+06
  1.265205294752799e+09  3.167557507921720e+05 -3.620690243089376e+06
  1.265944794847093e+09 -2.626276268176505e+06 -3.966291836269169e+06
  1.263336575432349e+09 -1.508405664392976e+05 -3.421542432359647e+06
  1.264251219431034e+09 -2.305511739916594e+06 -2.600987415148600e+06
  1.261626374661938e+09 -2.753316846148148e+06 -3.474052016401800e+06
  1.261563824378331e+09 -1.646016281538550e+06 -4.283507848318527e+06
  1.261771764301661e+09 -9.686486773291416e+04 -1.893742403871878e+06
  1.261639751905298e+09 -6.035408309613776e+05  1.444889461184374e+06
  1.263877167957463e+09  6.494357986922329e+05  3.381404621189781e+06
  1.262809500530425e+09 -2.220203814488451e+05  1.282491732885849e+06
  1.263023433545538e+09 -3.411388820047552e+06 -3.238007604992431e+06
  1.266468545099433e+09  9.805727667586016e+05 -2.764300152974397e+06
  1.264316595176385e+09 -1.455094661172416e+06 -8.624116813985761e+05
  1.259352029680055e+09  4.484867985099504e+05 -3.200467826819756e+06
  1.262681138965277e+09 -7.420979251186581e+05 -4.453133639338041e+06
  1.260907111525016e+09  2.917883001703936e+06 -1.154898731444101e+04
  1.261932014670456e+09 -2.142145090102667e+06 -1.658706006013836e+06
  1.259193359636214e+09 -1.258090903843632e+06 -3.412795119353831e+05
  1.262669501275510e+09 -3.354195254407866e+06 -2.376405431127665e+05
  1.266132600516634e+09 -9.940910995925145e+05 -1.508780384405674e+06
  1.259686068709194e+09 -1.889849996473051e+06  5.497849756096377e+05
  1.261706369273214e+09 -5.577063518595588e+05  3.243262454164292e+06
  1.259004129607031e+09 -2.833168836372114e+06  3.578180833394581e+06
  1.264647092371930e+09 -2.461123588405433e+06  2.570317676064986e+06
  1.267353728932474e+09 -4.058922471286224e+05  1.735121819992984e+06
  1.265521401285465e+09 -5.754321596390974e+05 -6.183368949909089e+05
  1.262070280089077e+09 -2.143439696302087e+06 -1.437263914274073e+06
  1.262608378205625e+09  2.762164692332669e+06  8.815411843594058e+05
  1.262419949731603e+09 -8.783926619766604e+05  1.143184849266119e+06
  1.261149041735516e+09  2.456857984577109e+06  1.194728076076980e+05
  1.261669927090345e+09 -2.108098808080505e+05  6.619863286863453e+05
  1.260617454210855e+09 -3.363715524728788e+05 -1.910771012750196e+06
  1.261266957642412e+09  4.029626065594032e+06 -2.585480108462044e+06
  1.263379950863106e+09  2.293215603743585e+06 -1.973274703744386e+06
  1.263861707785911e+09  8.473552869238305e+05  1.313709514316592e+06
  1.262715766419529e+09  1.253769552007140e+06  2.720424186180878e+06
  1.260961034778084e+09 -1.413987191311364e+06  7.408454861659673e+04
  1.262620251594916e+09  1.009571877223978e+05 -1.580819840505285e+05
  1.259925154204558e+09  2.371229667681789e+06  8.788562402184732e+04
  1.260512744223599e+09  3.023116515577062e+06 -1.118973065051485e+06
  1.264477514358958e+09 -1.148407006083115e+06 -1.274743787835827e+06
  1.262654672430253e+09  3.252971324462395e+06 -3.046244955625481e+05
  1.266583824297251e+09  2.396255235849511e+06  1.297691185656231e+06
  1.266513739310660e+09  6.313356467132793e+05  1.602709517646929e+06
  1.264425564019082e+09  8.679881461044735e+05 -2.150276916329239e+05
  1.261859381752548e+09  3.838154119966045e+06 -2.414957798874460e+06
  1.263295568049749e+09 -1.526585462278468e+06 -2.255668640884697e+06
  1.263583884550758e+09 -1.471184077484057e+06  1.633048169341620e+06
  1.264618560163903e+09  1.935535078997123e+06  1.169782523411910e+06
  1.261660876930806e+09  8.796473919877468e+05  1.474557434651187e+06
  1.264237635591183e+09 -9.070942823333503e+05 -6.809848703851129e+05
  1.262985557759994e+09 -1.126753018988113e+06 -2.257489114919076e+06
  1.262905026066055e+09 -1.276555656813805e+06 -1.444006048423823e+06
  1.260121449014781e+09 -2.296397382029637e+06 -2.519366730848265e+06
  1.263087916129654e+09  9.113320587963928e+05 -1.648861772852690e+06
  1.263967331147563e+09  1.921847755145540e+06  5.919026248438006e+05
  1.263739321135170e+09 -3.425798976578650e+05  2.691187633554637e+05
  1.260470174116274e+09  2.931929465523749e+06  1.572450856129474e+05
  1.263394489883501e+09  1.241141134873174e+06 -5.278041406790022e+04
  1.263852501691422e+09 -1.012244589971145e+06 -6.262751681381739e+05
  1.263788218711360e+09 -1.579542137762947e+06  1.067515608120312e+06
  1.264377518009708e+09  8.279447024279966e+05  2.298805380625993e+06
  1.262507648333516e+09 -1.309590090942083e+06  2.072643892011300e+06
  1.257670694460404e+09 -1.359597923813254e+06 -1.651076038288167e+06
  1.262857245112182e+09 -1.843850778777662e+06 -5.064340803792947e+05
  1.262480884403359e+09  1.917524911701232e+06  5.840681568718278e+05
  1.261820397316538e+09 -1.672198557264859e+06 -9.160361451093022e+05
  1.264598896806864e+09 -4.232692927394337e+06 -2.812399702220295e+06
  1.264136139478285e+09 -3.751014312219068e+06  5.283070447339129e+05
  1.264496710860588e+09 -1.822942778028437e+06  3.191538295476100e+06
  1.262883272763597e+09 -1.559686989321521e+06  9.777531018538460e+05
  1.259980532978700e+09  9.350133374634874e+05 -1.035623176882382e+06
  1.264462157615631e+09 -1.123342495742466e+06  5.597626116807912e+05
  1.262228716847484e+09  2.674300487551762e+06  2.590567321560847e+06
  1.262647969395025e+09  1.047689764092170e+06  1.057007585563056e+06
  1.264174009567743e+09 -9.561242824585801e+05 -2.622024274674745e+06
  1.265886510748948e+09 -1.467950654785087e+06 -4.003204400738617e+06
  1.265213137036713e+09 -1.168463192518370e+06 -2.903931243781884e+06
  1.260462035840753e+09  6.553038185758824e+05 -2.356036379542306e+06
  1.262286340732747e+09  1.301124869956584e+06 -1.233015348068974e+04
  1.261007252991007e+09 -3.488418249847590e+06 -8.952081541714445e+05
  1.261870897542393e+09  2.875428690123958e+06  1.857994039588533e+06
  1.263716840042753e+09 -4.468088480450803e+05  6.877361863607494e+04
  1.265006936561972e+09 -5.357598921101404e+06 -1.452169099267313e+06
  1.260921849752723e+09 -3.835653397830615e+06  5.489482449930187e+04
  1.264101811024647e+09  1.782357056594717e+06 -1.519021618130863e+05
  1.261969615414290e+09 -3.941726197258298e+05 -6.381204017001233e+04
  1.261165381348382e+09  1.738452303948962e+06  5.057580424333366e+05
  1.263332520357411e+09 -8.657394384779222e+04 -1.833667852566837e+06
  1.261753462675224e+09  1.763089934595264e+06 -3.468050565728074e+06
  1.260599271505066e+09  7.736737344864315e+05 -1.755507268903077e+06
  1.266862726222174e+09  6.486402822044656e+05 -6.023985806275879e+05
  1.263843616207942e+09  1.714122465390525e+06 -2.227167031288181e+06
  1.267155868491747e+09 -4.750820606689282e+05 -1.858746177224523e+06
  1.262362108708129e+09  1.968052460207149e+06  1.469849247845588e+06
  1.260558321962756e+09  1.976479393331094e+06 -9.327602097959127e+05
  1.263792641754601e+09 -6.080047978446273e+05  2.102174773999844e+06
  1.261338023542616e+09  6.841834937631723e+05  3.543054282696196e+06
  1.263485485945318e+09  4.740349035347551e+05  6.102062776899871e+05
  1.262097384257219e+09 -3.610130430208512e+06 -1.525561679464201e+06
  1.262068016131942e+09 -1.471221898363573e+06 -1.129410028517438e+06
  1.257262850687158e+09  2.235537290509089e+06 -1.664195359471720e+03
  1.262813822810390e+09  2.248005223950419e+06  1.720464966867469e+06
  1.262786074590280e+09  3.381274703064421e+06  1.754878695888728e+06
  1.266355495645523e+09 -9.183397808557621e+04 -2.469639619730261e+05
  1.265726463811994e+09  9.925668516103567e+05 -1.209056835315706e+06
  1.265240202333961e+09  5.444790216070911e+05 -1.020722346883846e+06
  1.263921355793785e+09 -3.550734255777821e+05 -7.630160395510057e+05
  1.266240229705410e+09  3.347736209842205e+06 -5.796670865859784e+05
  1.264484542848056e+09 -2.845205381843441e+05 -4.700462165055493e+05
  1.260505359739154e+09  1.321218951668606e+06 -1.060254792004717e+06
  1.260806434471278e+09  1.275250937221103e+06  1.603649379540853e+06
  1.257649782807859e+09  1.669980689807033e+06 -1.407352818056068e+06
  1.261166301542166e+09 -5.881867982576820e+05 -8.041874795907005e+05
  1.262196249982018e+09  4.590884918667412e+05  3.716361224673074e+05
  1.265930745978237e+09 -3.410764222833482e+05 -1.022942565149370e+06
  1.262990548817499e+09 -4.398293328490050e+04 -1.541251298361539e+05
  1.263511328946492e+09  2.144967021876101e+06  1.058147191669805e+06
  1.263735810730778e+09  2.017272872064911e+06 -1.714297658013046e+06
  1.262242344013391e+09  3.460083164608256e+06 -4.034912100549850e+06
  1.265264374410393e+09 -8.049617285845031e+05 -2.117019837523545e+06
  1.261879214501115e+09  1.796260257251106e+06 -6.184113072808712e+05
  1.264493847114192e+09 -1.656599779658829e+05 -1.679293137061086e+06
  1.262670950295299e+09 -3.019190565779063e+06 -1.905810049821019e+06
  1.267266540941412e+09  3.414133604572875e+06 -1.688413070593030e+06
  1.264132495717798e+09 -1.119761048100610e+06 -1.322643021299287e+06
  1.264696681194807e+09  1.378240825019777e+06  1.341755576136763e+06
  1.264541063603131e+09  8.895148403477293e+05 -2.653627670735591e+06
  1.261535565490687e+09  2.680295533933080e+06 -2.719684827352977e+06
  1.261093546673940e+09  5.263521961615705e+05  7.322820835337748e+05
  1.260102471924149e+09  7.882728493827234e+05  1.276462181701103e+06
  1.263056673395695e+09  4.350713869286340e+05  1.023917591927792e+06
  1.263677711961791e+09 -8.404901609454619e+05  2.640371288437509e+06
  1.265547204527156e+09  1.690228044912608e+06  2.765156951906793e+06
  1.263911095916233e+09  2.126762145302332e+05  3.334117629931122e+06
  1.261920495884884e+09  2.266141551953292e+06  2.415326716695825e+06
  1.261021767720101e+09 -1.527525132913270e+04 -6.173821044799569e+04
  1.262037992031735e+09  2.070923702406422e+06 -1.448133537844450e+06
  1.261702936282861e+09  5.443961568742641e+03  1.077323834413758e+06
  1.262647140183258e+09 -3.490259405757385e+06  5.908160218804551e+06
  1.263984781059040e+09  1.196491615147400e+06  3.913465094326475e+06
  1.265220729028749e+09 -3.051992146240987e+05 -3.395326156193258e+05
  1.266486981341300e+09  1.246685970265541e+06 -1.056767252340187e+06
  1.263026111331383e+09  3.093575266253077e+05  1.148060495635284e+06
  1.262807056413562e+09  4.710745483671887e+06  1.157525990419465e+06
  1.258231662784219e+09  1.498488302154962e+06  2.979617314578741e+06
  1.262453343553347e+09  5.384502203081679e+05  2.133860210563936e+06
  1.264866033143236e+09 -4.298304075855413e+05 -1.398267782235620e+06
  1.263913186792145e+09 -2.927470542709355e+06 -2.759415674668555e+06
  1.267349183670954e+09 -7.904826042888332e+05 -6.572902663469412e+05
  1.264372088943073e+09  2.473263207609256e+05  3.036399153941411e+05
  1.264445008388321e+09  1.300798922451638e+06 -3.695829596699174e+05
  1.260814551074590e+09 -9.750152429294979e+05 -4.626593815440721e+05
  1.265876872187526e+09 -4.621473935008068e+05  9.442847160288679e+05
  1.264598249782942e+09 -2.339463490290427e+05  2.894851712105782e+06
  1.260202393913739e+09 -3.345680960883226e+06  2.505265412518191e+06
  1.258859174848051e+09 -1.145836774477179e+06 -1.245358013431118e+06
  1.266466533779877e+09  4.856007982931451e+05 -1.774588018711230e+06
  1.263893667139713e+09  7.424398257458265e+05  1.355054152957550e+06
  1.265486772581595e+09  1.718595752804160e+06  2.075467907422001e+06
  1.262019029082291e+09  3.055060235385369e+06  1.822511624238118e+06
  1.264169925820444e+09  1.219931470503507e+06 -8.199873768366714e+05
  1.265562941764061e+09 -2.186944761412967e+06 -3.654653259877078e+06
  1.262152329968995e+09 -9.227189821928064e+05 -2.698549197579877e+06
  1.260616544048224e+09 -2.859463765047616e+06 -5.972025151395695e+05
  1.262290434462447e+09  1.525275469767647e+05 -1.291955918999054e+04
  1.262755527348578e+09  5.246930213643075e+05 -1.578988924932428e+05
  1.262254871051270e+09  1.301233633103153e+06 -7.070280397224497e+05
  1.261567935936572e+09 -2.245338999896565e+06  2.508219145620166e+05
  1.264526778160855e+09 -1.791357047807722e+06  1.352290354490406e+06
  1.260692357086239e+09 -1.749567224234640e+05  1.044438315662195e+06
  1.260019251185631e+09 -3.529701096261715e+06  1.985005066779852e+06
  1.259970354950008e+09  1.263573865058715e+05  2.157311712385251e+06
  1.261999221930837e+09  3.066233928636121e+05  1.402045112458175e+06
  1.263819869182493e+09  2.941463876589753e+05  1.710995368483815e+06
  1.261980685404953e+09  2.427996901137514e+06  1.763242623816408e+06
  1.261310986623275e+09 -1.677550038890748e+06  2.090400662297826e+06
  1.265457303462491e+09 -2.295056498928429e+05  3.578179938672887e+06
  1.260528440512060e+09 -3.200761444580017e+06  3.628375711124221e+06
  1.265358737732335e+09 -2.767125226522609e+06 -1.948746542940552e+05
  1.260512642491466e+09 -1.428282339793432e+06 -2.650356973497313e+06
  1.262394508220896e+09  2.407599359658889e+06 -1.064648792870751e+06
  1.264330067635105e+09  5.982381649727327e+05  9.979225008157846e+05
  1.263068271191496e+09  2.831882209706909e+06  9.677922850669532e+05
  1.266547102566198e+09 -6.228742250909565e+05  1.256009634395677e+06
  1.265654524693132e+09 -8.018454545963928e+04  2.028640548957616e+06
  1.263139793160558e+09  4.047434578534408e+04  1.363541707750979e+05
  1.260115311095109e+09  1.447831210824488e+06 -1.295374129598949e+06
  1.263985160346047e+09  1.149143501205152e+06 -4.684750724150517e+05
  1.264990790285794e+09  1.247987263750134e+06 -2.044493851674894e+04
  1.265934145543306e+09 -6.920206587145937e+05  7.722822477383917e+05
  1.263599666394592e+09  1.439161085832394e+06 -1.275645997223219e+06
  1.263832384249282e+09 -3.750683397652565e+06 -3.612403080075702e+06
  1.263547253137361e+09 -2.764713818958991e+06 -2.486241241831111e+06
  1.264656723574162e+09 -1.036241610863694e+06  5.573766311717090e+05
  1.262999697315577e+09 -3.498065542919145e+06 -1.455630092201149e+05
  1.258821226880224e+09 -1.034879461846596e+05 -1.344312547419485e+06
  1.263447483657541e+09  2.469992179223766e+06 -1.773480140684847e+06
  1.265953738904938e+09  1.832958955290927e+06 -3.549320177306861e+06
  1.260992431236771e+09  4.309036929811239e+06 -2.393078132809124e+06
  1.262660198235385e+09  1.357785628598829e+06  1.409549802945079e+06
  1.262121099509294e+09  5.937583693062384e+05  1.848906633055400e+06
  1.265069732006134e+09  6.686455422987742e+04 -1.106950319479971e+06
  1.263001669933245e+09  5.496613151349099e+06 -1.731017315597657e+06
  1.264687688723042e+09  2.447433266605823e+05  3.374679177094402e+05
  1.260080399065883e+09  2.172921573098757e+06  8.101344925125816e+05
  1.262329565664496e+09 -1.567131109349267e+06  1.626070606576173e+05
  1.264690617282976e+09  1.517501293327959e+06 -5.197766240685683e+05
  1.266382734938329e+09 -3.761539348579834e+06 -1.016976212992382e+06
  1.263278358538058e+09 -3.077669994217762e+06  3.011067178250152e+05
  1.264314921824522e+09  2.322084449726862e+06  7.420498162642075e+04
  1.264059114397806e+09 -1.187855879541778e+06 -1.735995723927787e+06
  1.263769627060732e+09  8.338886297124692e+05 -1.817715921043393e+06
  1.265382169010355e+09  2.217120924236129e+06 -8.321155055040133e+05
  1.261764098440357e+09  2.341192245226327e+06  3.921367430064233e+05
  1.262732676850094e+09  1.662844792056175e+06  2.324064184811627e+06
  1.266638953954357e+09  2.187012709690141e+06  3.058155007509487e+06
  1.260142058939722e+09  2.802337046103005e+05  1.110094723905068e+06
  1.263509401754788e+09  1.568578988845257e+06 -1.684046379713846e+06
  1.264271895217832e+09  2.236547285009160e+06 -1.917832485465117e+06
  1.264332723274368e+09  1.549406771033927e+06 -6.791278977227694e+05
  1.266958795567402e+09  1.567618443101326e+06 -1.571210551854466e+06
  1.264604878002568e+09 -1.696609804511360e+06 -1.168295584948201e+06
  1.262920144421946e+09  8.792748296687440e+05  1.243325619723825e+06
  1.264820106718422e+09 -2.220523720204209e+06  9.004409457574399e+05
  1.264013599515337e+09 -1.611118146235337e+06 -1.337222664535731e+06
  1.262488875253353e+09  3.297192022292047e+06 -3.877843359804685e+06
  1.262191663154206e+09  2.346389482700367e+05 -3.716243170858235e+06
  1.267822768895245e+09  1.267626068707735e+06 -2.375873487107259e+06
  1.264516605136427e+09  2.280445204907608e+06 -2.355180145640047e+06
  1.263499052718898e+09  9.159073635366802e+05 -1.933079308002008e+06
  1.266773691931435e+09 -2.107445599408512e+06 -2.422749814086949e+06
  1.264402677808063e+09  2.750071028023921e+06 -1.763082977428661e+06
  1.263445769784019e+09  1.329006833455532e+06 -3.134996894632380e+05
  1.263977999341680e+09  1.392313291707923e+06 -8.293762836771100e+05
  1.266631242242333e+09 -1.069209936970778e+06 -3.111989832986185e+06
  1.263969075326581e+09  2.503729405005987e+06 -4.732952153345140e+06
  1.262869658063254e+09  2.314449950377779e+06 -2.267989099764406e+06
  1.263999014820188e+09  2.653963312278549e+05  3.302178259975472e+05
  1.266479229272475e+09 -9.118446891950469e+05  2.344177084978967e+06
  1.265620640661795e+09  7.692582949670905e+05  2.363821809377786e+06
  1.261930890406407e+09 -8.258978988728258e+05  1.453605701712091e+06
  1.263910408547071e+09  1.526972020738860e+06  1.955763221196712e+06
  1.265400237416769e+09 -1.005461711544189e+06  1.485193360019515e+06
  1.261128794828157e+09  5.344688382256066e+04 -8.321338060600810e+05
  1.260842132743603e+09  2.449300965501739e+06  2.008185517797266e+05
  1.262752678018270e+09  6.557493520650078e+05  1.535216626484256e+06
  1.261453958215041e+09 -6.376197862605932e+05 -8.827490135160706e+05
  1.265799785368049e+09  2.321162176967074e+06 -1.371561541793563e+06
  1.265710008925022e+09  2.446040641789892e+06  4.193957845058860e+03
  1.265780109554645e+09  2.799430934323253e+04 -1.043164511914844e+06
  1.261169338598916e+09 -1.468678553669319e+06 -1.869057820258316e+06
  1.265436979997580e+09  9.255400943784851e+05 -1.271865040418742e+06
  1.259458982481891e+09  3.890941179472632e+06 -2.108760515543382e+04
  1.264172316390902e+09  1.293679998501705e+06  1.379017460533368e+06
  1.262066327964157e+09  3.052584034667605e+05 -4.693990630234550e+05
  1.264287100692855e+09  3.312044782908805e+06 -2.290159615387417e+06
  1.264940104763690e+09 -1.091860678022932e+05 -2.497095670350636e+06
  1.264497996656150e+09  7.696896779041432e+05 -4.626259969619242e+04
  1.263153873435873e+09 -1.454100762825627e+06  1.837131537270501e+06
  1.261298168151136e+09 -2.120880090184811e+06 -9.764091739027924e+04
  1.261974936791609e+09  2.363684896922340e+06 -1.072130463029825e+06
  1.263205381927000e+09  1.408119972564486e+06 -2.195535630445133e+05
  1.263330667369867e+09  6.054783663440096e+05  5.402786984924385e+05
  1.264333961335149e+09 -6.638840085033840e+04  1.488419253918192e+06
  1.264066409752263e+09  2.733426494254863e+06  9.261746853337334e+05
  1.266629023720065e+09  2.054511007429396e+06 -4.553964452940007e+05
  1.266809442186763e+09 -2.900436636661070e+05 -8.959711325709645e+05
  1.262703853003564e+09 -2.940963265601380e+05 -3.264987711874111e+06
  1.257956996695457e+09  4.522812155389817e+06 -4.447397649997577e+06
  1.261167222285519e+09  3.899658602436819e+05 -1.192827459107800e+06
  1.262470116603566e+09  1.064112067576547e+06 -6.553433619803073e+05
  1.263723952801223e+09  4.495952013216577e+06 -8.417180488673472e+05
  1.259772586539158e+09  1.623885599852305e+06 -6.013047219072469e+05
  1.263269295713134e+09  9.892292028149429e+05 -2.628664917263216e+06
  1.268095347999460e+09  4.214728292325024e+05 -4.539131877728715e+06
  1.261729922826505e+09 -2.668309938651943e+06 -1.952464507997330e+06
  1.261416335213984e+09  1.555964231596515e+06  4.620412820190896e+04
  1.260299045889444e+09  1.576965035435814e+06 -1.943122318183549e+06
  1.264630788378824e+09  1.435560076251736e+06 -2.287942658604911e+06
  1.266646481011976e+09 -2.258899323910848e+06  5.534151833960308e+05
  1.267533617475413e+09  3.180374950429709e+06  2.064152789103420e+06
  1.263352484939401e+09  4.080343927723105e+06  1.682794902648843e+06
  1.265863461403907e+09  9.503128796359482e+05  8.575834672583546e+04
  1.262101892230168e+09  4.980315835809448e+05 -1.695349207333727e+06
  1.262557153296766e+09  4.971528968092596e+06 -1.053951139863651e+06
  1.261897062980509e+09 -6.051918072939317e+05 -1.164495824548159e+05
