  2.526347583982367e+09 -1.253771883920904e+05 -8.392672712614830e+04
  2.525960920903508e+09  1.261986344543041e+04 -9.970225441801315e+04
  2.526148200027154e+09 -2.289545090060201e+05 -7.516357485919865e+04
  2.526003662195905e+09 -3.214907597878552e+04 -9.360627085753399e+04
  2.526134329588931e+09 -5.662221945415798e+04  2.590529350538680e+04
  2.526045768648631e+09  9.181760911307996e+03  8.003390390526503e+04
  2.526181119386550e+09  7.428613395157387e+04  1.827659064862665e+04
  2.526235148511785e+09 -2.733520214071090e+04  1.098715900793602e+04
  2.526001559626060e+09  1.038649525276790e+05  3.018818707073480e+04
  2.526160568658221e+09  2.484652876068633e+05  3.859206475575431e+04
  2.526074591798659e+09  4.350440228284919e+04 -5.170576497960207e+04
  2.526177420616496e+09  7.518023933892118e+04 -1.254830699794646e+04
  2.526095831381491e+09  1.017329959237948e+03  2.167401513110840e+04
  2.526113861934262e+09  2.825505034755608e+05 -2.180487438533851e+04
  2.526251269203533e+09  1.359646216572078e+05 -1.683622231816459e+05
  2.526070864813504e+09 -1.268491216980664e+05 -1.850656248017242e+05
  2.526204400888637e+09  1.040576310608361e+04 -6.690062173224596e+04
  2.526115222745515e+09 -2.379691380463156e+04 -7.119137707399204e+03
  2.526119439963594e+09 -8.905337516989326e+03  3.783561026725918e+03
  2.526091189273130e+09  3.905784992658719e+04 -8.052318025177135e+04
  2.525979372449905e+09 -1.961360557229244e+05  2.632304937347816e+04
  2.526064334060858e+09  2.289097539776207e+05 -9.105928074100346e+03
  2.525967718399030e+09  4.895446452541044e+04 -4.614229893716518e+03
  2.526038284044765e+09  4.842606040631479e+04  7.597714847097453e+04
  2.525908475016058e+09  1.093651696029648e+05  2.825745438899403e+04
  2.526135341270794e+09  2.027637439109770e+05  7.272355984348617e+04
  2.526011273154185e+09  4.617979221312515e+04  1.235372327748381e+05
  2.526160653638512e+09  1.317897268612834e+05  5.995909667183436e+04
  2.526163221980339e+09 -3.534380363884300e+04 -8.810364830472041e+03
  2.526258360355569e+09  9.294011140570184e+04 -1.249185678296169e+05
  2.526301210161996e+09 -4.656613152524181e+04 -3.287627391601983e+04
  2.525906982899003e+09 -6.821327796941693e+04  8.170681606764533e+04
  2.526166218983451e+09  5.740957124248696e+04  1.949130442330730e+03
  2.526068436541915e+09 -1.189491467630502e+04 -1.191453959997799e+04
  2.525924279859054e+09  6.230259424994816e+04  9.349548920721747e+03
  2.526185444197739e+09  2.841520358900889e+04 -6.055394901716022e+04
  2.525856315043801e+09 -1.905055082524519e+05  8.220996413251036e+03
  2.526049583074699e+09  1.050226504074922e+05  1.183887522054873e+05
  2.526046421913947e+09  1.137983727341390e+05 -4.842194986301812e+04
  2.526047171378534e+09  1.189543050628883e+05 -1.536017202019370e+05
  2.526118135661318e+09  1.526268756975962e+05 -2.241235711264892e+05
  2.526312782179835e+09  5.934442583248520e+04 -2.082213532503678e+05
  2.526102756954898e+09  7.091601950600278e+04 -2.373006506454741e+05
  2.526130846056375e+09  7.106251852665492e+04 -3.599975256315758e+04
  2.526158068403247e+09 -4.325895929614326e+04  2.716666235211352e+05
  2.526195425970671e+09 -2.626637571249531e+05  1.346962245704347e+05
  2.526153039144300e+09 -7.043685050453059e+02  2.048979739021659e+05
  2.526271815827284e+09 -4.606617892954778e+04  2.034444394222188e+05
  2.526119305567119e+09  3.775333632692613e+04  9.764981052781781e+04
  2.525940876866456e+09 -3.507538755344274e+04 -3.437370894496678e+03
  2.526290110476287e+09  9.264610141211073e+03 -7.196888417422253e+04
  2.526148396046461e+09  1.385244041800010e+04  3.819794344524853e+02
  2.526167387585563e+09 -6.197141889104089e+04  1.127625258720922e+05
  2.526093010406635e+09 -1.289710385415900e+05  1.363324897307137e+05
  2.525992707569201e+09  2.022735879082698e+04  6.345293953733344e+03
  2.526089200778333e+09  6.793592271587125e+04 -4.443010378484894e+04
  2.526038220132697e+09  4.647480042793986e+04  1.831690147769866e+05
  2.526106796037716e+09  1.909084847661294e+05  1.026528963476564e+05
  2.526181552394030e+09  1.354637078280775e+05 -3.461614583667659e+04
  2.526119027694759e+09 -8.481807960071485e+03 -2.167557733157417e+04
  2.526047060082540e+09  4.814274659995572e+04 -4.244988207840934e+04
  2.526025182110567e+09 -3.086325531371844e+05 -8.802890398760233e+04
  2.526177974769576e+09 -6.009084659180511e+04 -4.420555590299910e+04
  2.525959036602695e+09 -3.484339365485305e+04  1.248907676233032e+05
  2.525997589073198e+09  1.721875798210630e+04  6.830584727170796e+04
  2.526163760584191e+09  6.405317963381065e+03  5.866325030378485e+04
  2.526171593650995e+09 -4.137697884320059e+04 -1.776430333812640e+05
  2.526005612395615e+09  6.673755398227111e+04 -2.338636662149409e+05
  2.526154018210730e+09  3.785154626858386e+04 -9.541732933988108e+04
  2.526049400729307e+09 -2.073600919951219e+03  4.687718481925433e+03
  2.525984424808420e+09 -1.613126918874717e+04  7.182975404930918e+04
  2.526069949541474e+09  3.755111484731094e+04 -1.986466898567526e+04
  2.526053387050656e+09 -2.177278100133385e+04 -2.062429848198255e+05
  2.526136635040779e+09  9.856122910381714e+04 -9.882694833688464e+04
  2.526286859264385e+09  3.429244518892071e+04  7.813985182580038e+04
  2.525999616256774e+09  1.567905692034159e+05  1.206151798198549e+05
  2.526049743549488e+09  4.807090921115910e+04 -1.005353333179080e+05
  2.526321641242726e+09 -1.802136329974671e+05 -1.126600890129304e+05
  2.525985088404331e+09 -7.002023791647103e+04  1.572743713184423e+05
  2.526176994653059e+09  4.216556004588725e+04  7.696036755244620e+04
  2.525999796422240e+09  1.084955691538776e+05  5.851779029977217e+03
  2.526296648184794e+09  4.591752626832481e+04  8.388361705830041e+04
  2.526199052400173e+09 -1.286605731306510e+05  1.376604158580315e+05
  2.526126474215974e+09  5.654708270492259e+04  1.506963849229992e+05
  2.526057819968199e+09 -4.693401294687542e+04  9.779246244690311e+04
  2.526047325130108e+09  1.423954855041672e+04  2.038964835207816e+04
  2.526111669875816e+09  1.077669169566592e+05  1.447258455417899e+04
  2.526230470661544e+09  1.245818920503517e+05 -1.286740413129016e+05
  2.526262099260320e+09  6.609984933285741e+03 -1.041243058482530e+05
  2.526074678815072e+09 -6.192865331187099e+04  4.469178533765743e+04
  2.526206212630598e+09  4.199728251231152e+04 -8.857293954733774e+04
  2.526132308524045e+09  2.237020317063886e+05 -2.175872492614230e+05
  2.526151591121201e+09  5.569598901205463e+03 -3.412751156317210e+04
  2.526238868658393e+09 -8.014842017522675e+04  4.158637899020407e+04
  2.526096111768876e+09  3.833661557068065e+04 -2.920620658876459e+04
  2.526279815248083e+09  3.624403845594003e+04  4.759754258194938e+03
  2.526248509992524e+09  4.214800412186823e+04  8.214253681711800e+04
  2.526083283627461e+09 -6.396480687876488e+04 -1.835062013140998e+05
  2.526088806662174e+09 -8.281004161032941e+04 -5.473356588028890e+04
  2.526209863538657e+09 -2.778315533138206e+04  1.066988590575921e+05
  2.526019923254808e+09  7.521561865155229e+04 -6.966441247595125e+04
  2.526072909306705e+09 -1.840486676939629e+05 -6.193823272826010e+04
  2.525973872952708e+09  7.333546950167324e+04  9.448932169693010e+04
  2.526086749313688e+09  6.812397024438577e+04  4.111882313977007e+04
  2.526051856812544e+09  6.855798701389448e+04 -3.830236837988684e+04
  2.526247364434984e+09  1.638436059103091e+04  6.941196004514064e+04
  2.526215133836182e+09  6.803424535261805e+04  1.118396639200149e+05
  2.526007113734518e+09 -1.168101287256638e+04  1.077059305713768e+05
  2.526245102581256e+09  8.904677386248804e+04  7.756225829219678e+04
  2.525971880246269e+09 -2.184433212527540e+03  6.695301067211413e+04
  2.526128431169340e+09  1.220531708007222e+05  5.629219018816971e+04
  2.526098387789628e+09  4.701772761193221e+03  1.131814747341935e+05
  2.526099740800599e+09 -5.494736809708551e+04  3.023687908490119e+04
  2.526020079551381e+09 -9.419429517074279e+04 -5.956862375591835e+04
  2.526011527248974e+09 -2.247374803580507e+04 -1.160673141790782e+05
  2.525947845270807e+09 -1.381234688196467e+05 -7.676425671917357e+04
  2.526109356639612e+09  1.151569322194012e+05 -1.239726721017584e+04
  2.526038616306682e+09 -1.539340503599369e+05  3.995986779159791e+04
  2.526082966895123e+09 -7.135476068800816e+04  1.131660134045333e+05
  2.526108758511757e+09 -9.986467931581032e+04  8.801477036060486e+04
  2.526031358850730e+09  4.733801412225794e+04  1.044190115415697e+05
  2.526132998977805e+09  6.845786503277998e+04  1.390357130903562e+05
  2.526038735058526e+09 -6.033882942675939e+04  1.626380243966497e+05
  2.526194244143347e+09 -1.238552434105775e+05  1.711172475924569e+05
  2.526181773390362e+09 -5.072527672568290e+04  6.225848467323330e+04
  2.526286272593541e+09 -1.043085078818579e+05  7.609957247757172e+04
  2.526318148325977e+09  9.543199613135710e+04  1.119411377433031e+05
  2.526193061030820e+09  7.885810696173366e+04  7.830067861726560e+04
  2.526128465667638e+09 -8.809865465404582e+04 -3.296071794295067e+04
  2.526052656292943e+09 -3.204499919647770e+04  1.884200853261380e+05
  2.526382159464865e+09 -1.420446432157338e+05  2.856464117443166e+04
  2.526128729042310e+09 -1.023586077783350e+05 -1.847008337408314e+05
  2.526130214190509e+09 -1.057533028616337e+04 -1.204314378210471e+05
  2.526272642259294e+09 -6.776114403009485e+04 -4.436473439703789e+04
  2.526161198272128e+09 -1.745098182031091e+05  8.515072197536606e+04
  2.526051199939778e+09 -6.842605430211383e+04 -1.358561209448776e+04
  2.526083753201966e+09  5.280460638939531e+04  3.682371121654412e+04
  2.526183740408202e+09  1.682700201739834e+05  2.486713879834267e+04
  2.525990473915018e+09 -9.210446202682459e+04 -1.147403113425715e+05
  2.526141363806241e+09 -1.434632667772101e+05  5.119137470770144e+04
  2.526056743315337e+09 -6.418975291333860e+04 -3.511112660649675e+04
  2.526250582966344e+09 -5.166914348500874e+04 -2.268607333324454e+04
  2.526230682567918e+09 -3.728755800197413e+04  2.464794487266918e+04
  2.526090104238319e+09  7.640238743428967e+04 -1.271979197410860e+05
  2.526127766036238e+09 -1.874396602052078e+04 -1.015354423491317e+05
  2.526037646725914e+09 -9.861397004092694e+04 -1.361897004067847e+05
  2.526034326033861e+09 -1.213427866104542e+04 -9.621419194302545e+04
  2.526198838315050e+09 -3.791230692255101e+04  4.210213610357632e+04
  2.526027240582767e+09 -9.501031973797979e+04 -2.938651073407353e+04
  2.526122626639018e+09 -1.236973536959563e+05 -5.568810069155545e+04
  2.525999350522951e+09 -1.395478319250538e+05  1.326570982931992e+05
  2.526082580058627e+09 -1.868884569863509e+04  1.419167863067556e+05
  2.525942814607903e+09  1.912940316497225e+05  6.990142727077281e+04
  2.526206348398439e+09  1.077810108839294e+05  3.762038723028242e+04
  2.525990344772720e+09 -4.826470808476093e+04  4.532024102971982e+04
  2.526140252356024e+09 -1.581559001846111e+05  9.360981094197296e+04
  2.526148531554791e+09 -3.167160997393052e+04  1.617827209137834e+04
  2.526192561624788e+09  7.181836098810891e+03 -1.220054597489071e+05
  2.526096370734481e+09 -6.863116797910631e+04 -1.527929157237678e+05
  2.526236910610636e+09 -1.078420410565706e+04 -1.172378818012131e+05
  2.526134826233800e+09 -1.256667328088781e+05 -1.798426357406745e+05
  2.526182201756573e+09 -1.709965632354022e+05 -3.122990756016225e+03
  2.526077272550673e+09  2.405080937817099e+04  1.280542423696929e+05
  2.526035409056100e+09 -6.869228915183339e+04  1.273615381200135e+05
  2.526121747543643e+09 -2.143777058627072e+05 -9.561860260732821e+03
  2.526086445815889e+09 -1.453031631954919e+05 -9.467609311608691e+04
  2.526018758075486e+09  5.390629507679779e+04 -1.459391186286554e+05
  2.526298982649583e+09  1.255289162321765e+05 -1.410435972721241e+05
  2.526194821688612e+09  1.613648269835290e+05 -6.613983238476282e+04
  2.526217837958150e+09 -8.455384237313207e+03 -9.174164482881734e+04
  2.526111271708429e+09  2.380480025692761e+04 -3.398202690655534e+04
  2.526106174096859e+09 -1.310402546053289e+05 -3.073303472338559e+04
  2.526057770207915e+09 -1.189215277927151e+05 -3.051902974185103e+04
  2.526121321459419e+09 -5.549861624051013e+04  4.377308314532461e+04
  2.526337026940039e+09  5.341068623378221e+04  6.821672723277245e+04
  2.525921410970213e+09 -6.799019600713131e+04 -7.953079463082226e+04
  2.526117018250324e+09 -2.148201253787565e+05  1.028667293616497e+05
  2.526052305623106e+09 -1.312616679230900e+05  1.258930086658872e+04
  2.526027782330921e+09 -9.947731024286291e+04  4.020116085477977e+04
  2.526107678886193e+09  5.576452179243928e+04  4.753277263789909e+04
  2.526021048309270e+09 -2.009489993380632e+05 -3.224600014330354e+02
  2.526103195196753e+09 -9.414658486787835e+04  1.443807638493343e+05
  2.526042275192417e+09 -1.848956103772847e+05  1.405086274970637e+05
  2.526133854660094e+09  4.742572363718622e+04 -1.513722784947499e+05
  2.526073676737906e+09  7.528423852693278e+04 -8.251501098652335e+04
  2.526161144095644e+09 -6.555225621750392e+04  1.513343019118707e+05
  2.526128454497984e+09  4.028590755977924e+04  1.433012037600287e+05
  2.525827189801043e+09 -6.075861208448070e+04  2.213215814182810e+04
  2.526247333049918e+09  2.207965726379724e+04  4.278260250418074e+04
  2.526022875266545e+09  3.909452302604011e+04  1.931340557541186e+05
  2.526128865771636e+09  1.636195492085093e+05  7.737322035278741e+04
  2.526100448939585e+09  1.253072556774642e+05  4.446499867371575e+04
  2.525907593247848e+09 -1.248090113392984e+05 -5.836512390934164e+04
  2.526130229105337e+09  7.008636812843761e+04  1.678872581856095e+05
  2.526238407062291e+09  5.882504561616230e+04  3.189138260220410e+04
  2.526094332341240e+09  1.086487672450482e+05 -2.730073419071792e+04
  2.526000116639748e+09 -9.972456734840106e+04 -4.264307616087410e+04
  2.526217312931787e+09 -1.811748028009548e+04 -8.777299160189863e+04
  2.526029541652158e+09 -1.630234815056133e+05 -8.129273520518967e+04
  2.526126410491130e+09 -1.418373351302028e+05  3.471551622115565e+04
  2.526356896771006e+09  1.961889845245704e+04  8.719645853802259e+04
  2.526125440276174e+09 -1.473657366674733e+05  2.350401650911779e+03
  2.526215057081253e+09 -4.089445318471873e+03  1.920527180548594e+04
  2.526205035641845e+09  2.431175955643947e+04  4.848372372828674e+04
  2.526147745842324e+09 -1.040345226843985e+05  1.318380014061690e+05
  2.526074342810646e+09  5.600986050432868e+04  9.654396803977992e+04
  2.526053901182791e+09  3.604623062915867e+04 -1.529575427350902e+04
  2.526213711186455e+09  2.592472291394449e+05 -1.623727172296001e+05
  2.525994133019415e+09 -1.006541048866872e+05 -3.059109301192220e+04
  2.526162750075913e+09  2.164783092840866e+04  1.213737167057409e+05
  2.526215610359425e+09 -1.694743673316689e+04  4.902128515922837e+04
  2.526160735166824e+09  5.074472992367868e+04 -1.139644491749570e+05
  2.526291500650320e+09 -9.809473002630100e+04  7.816002062503976e+03
  2.525920224706358e+09 -3.578725451475754e+04 -2.197384178357301e+04
  2.526066001964157e+09  1.290441790715865e+05 -1.070399422279948e+05
  2.525978213586364e+09 -9.204806687807885e+04  2.789246663141553e+04
  2.526074958564273e+09 -2.697802445589643e+04  1.581245354420212e+05
  2.526110693624348e+09 -2.070872718484337e+05  2.229637090544595e+05
  2.526167785798662e+09  2.881905275952048e+04  9.131694775618869e+04
  2.525998498902189e+09 -1.201301159256415e+05  1.030471586023923e+02
  2.526278568383067e+09 -1.624498254014922e+05 -5.682936827289104e+04
  2.526066638752707e+09 -1.459230454370467e+03 -1.454129055456021e+05
  2.526201209143966e+09 -5.161951735119266e+04 -1.581129383958013e+05
  2.525986935375879e+09  1.147253273218618e+05 -1.372763145355676e+05
  2.525919849385857e+09  7.676525196817424e+04 -2.809326877137669e+04
  2.525998333907076e+09 -1.271701914895923e+05 -3.215624995611003e+04
  2.526234779808890e+09 -1.515077324496950e+05  6.787606904455717e+04
  2.525987197976280e+09  2.233601828342536e+04 -4.284200259446120e+04
  2.526040517491108e+09 -1.980935055919195e+05 -3.567003659121715e+04
  2.525974362198754e+09  6.349691739497863e+04 -1.397835328507256e+05
  2.526084487919655e+09  1.757584556309429e+05 -1.046750588426921e+05
  2.526302259951978e+09 -6.768439305099659e+03 -4.490297617178652e+04
  2.526216598509223e+09  6.477689532292658e+03 -1.246429768956383e+05
  2.526202376413533e+09 -1.354582149633813e+05 -7.190307446701941e+04
  2.525972531061433e+09  5.022814649828430e+04 -5.885506234929245e+04
  2.526334571554034e+09 -6.534861713786446e+04  7.989007494195132e+04
  2.526036860804361e+09  1.159440325172616e+05  3.913640374155375e+04
  2.526214151838589e+09 -1.479194092962749e+05 -1.390290680668051e+05
  2.526095234086093e+09  4.837640072581888e+04 -1.169791771105817e+05
  2.526058009683548e+09  1.111068685985820e+05  2.882372138953846e+04
  2.526309886358014e+09 -3.789910608389450e+04  4.373982045188907e+04
  2.526348795326136e+09 -1.583048643138725e+03  1.381397020796426e+05
  2.525983890968848e+09 -2.221813817028154e+05  1.160025028442824e+05
  2.526176843172122e+09 -4.477643416487344e+04 -1.119391992205892e+05
  2.526064556946154e+09 -7.289306743009202e+04 -6.044144235163485e+04
  2.526209658919735e+09  5.378425204664480e+04 -1.438851291298680e+04
  2.526076153427091e+09  2.272254416405222e+05 -8.736693480729731e+04
  2.526398228930848e+09  2.802326859050686e+04 -3.689738959561636e+03
  2.526035223705661e+09  9.415484078850411e+04  1.141082742151575e+05
  2.526101880970035e+09  6.440306422480678e+04  7.098359952664841e+04
  2.525952078388212e+09  1.044394637805270e+04  2.078435829392301e+05
  2.525972572075160e+09  9.170185622925824e+04  1.919507224642815e+05
  2.526069111025123e+09  1.280727958377500e+05 -1.081783095199242e+04
  2.526114479311211e+09 -6.256387258842820e+03  5.733576940334484e+04
  2.526217436903145e+09  2.173584481592954e+05  1.122536339852386e+05
  2.526199575269119e+09  1.142446865678753e+04  1.069292639444003e+05
  2.526311287415678e+09 -5.296863511108985e+04  1.737732956965826e+05
  2.526037317470591e+09 -1.569299735140991e+05  3.949441115646274e+04
  2.526207445545438e+09  9.806235634240694e+04  1.212545803253229e+05
  2.525985899537476e+09 -9.474103671294497e+04  1.250805250487609e+05
  2.526185300420244e+09 -8.332407266958291e+04  2.717588788039191e+04
  2.526079963527884e+09 -3.334991922834038e+04  6.994758210116415e+03
  2.526250761953687e+09 -3.657548395093228e+04  9.443517353172303e+04
  2.526092758582903e+09 -1.530873382889049e+04  1.206597564805391e+05
  2.526065484376392e+09 -1.313478722836950e+05 -5.536654781480681e+04
  2.526168454324530e+09 -7.599008297005901e+03 -2.662958673959761e+04
  2.526071379519889e+09  8.524467575832183e+03  8.156895846448804e+04
  2.526255360934683e+09 -8.147847037635336e+04  7.035459452159959e+04
  2.526139038664070e+09  3.534470508439583e+03 -2.236563808167493e+04
  2.526109841844174e+09 -8.350245693075804e+04 -1.226966860041447e+05
  2.526164057867649e+09  1.605159953208751e+04  3.453717004092360e+04
  2.525921823245655e+09 -1.346774195780304e+05  2.417551073688440e+05
  2.526042615050735e+09 -6.390048034644010e+04 -3.123921811052843e+04
  2.526157449509918e+09 -6.047889919171733e+04  1.642687143012881e+02
  2.526013581281857e+09  6.934884854619845e+04  1.664872166682757e+04
  2.526021774476363e+09  5.281746897584666e+04 -1.431184787084449e+05
  2.526065470764992e+09 -7.603870127677673e+04 -3.783898840228352e+04
  2.526077547504625e+09 -3.795033084527066e+04  1.444828764688393e+05
  2.526160451883278e+09 -1.067398156090603e+05  1.742150389411070e+05
  2.525839829252351e+09 -1.412554581702390e+05 -7.480362501041964e+01
  2.526028248574526e+09 -4.961379938378511e+04 -2.106372122720734e+05
  2.526084814159971e+09 -7.252948933429318e+03 -1.565465169915581e+05
  2.526162145565215e+09 -1.338563942871238e+05 -1.370196966761985e+04
  2.526048904251560e+09 -2.271208984201797e+04  4.136371511444810e+04
  2.526213568746824e+09 -1.676808941575107e+05  6.592117220377445e+04
  2.526170791377499e+09 -1.329925521588726e+05  3.298595912942645e+04
  2.526143627498552e+09  1.198113775052998e+05  1.085029666283058e+05
  2.526112997935970e+09 -7.386780140003498e+04  1.526134908855896e+05
  2.526060672049174e+09 -7.711055575919815e+04 -7.554237681908859e+04
  2.525964340941182e+09  3.570485565557226e+04 -1.646323245117610e+04
  2.526044063477231e+09  4.407685575293971e+04  2.505715040064207e+04
  2.526219842683856e+09  3.673531013500132e+04  6.749975450210070e+04
  2.526029083278679e+09  1.155873355762773e+05 -8.156856068150778e+04
  2.526183987161695e+09 -9.878757134999827e+04 -7.161664255919540e+04
  2.526111517556519e+09 -3.181506620485755e+04 -8.779555722868768e+03
  2.526077664981432e+09 -1.621476300460240e+04  2.513352661943249e+04
  2.526047060727109e+09  9.479316117495764e+03 -8.988596952889301e+04
  2.526150097290243e+09  4.295928755116637e+04 -3.096632538411540e+05
  2.526219165945701e+09 -1.659929061448278e+05 -2.303602775727625e+05
  2.526234760698297e+09 -9.620846577973233e+04 -7.715240808307182e+04
  2.526148757371320e+09 -2.995411792116445e+05 -8.012686703467509e+03
  2.526132139054546e+09 -1.022526979148416e+05 -9.838488060729345e+03
  2.526068638511793e+09  3.103377131715254e+04  1.445337886517948e+05
  2.526275172718483e+09  3.042112234335148e+04  6.754225589654222e+04
  2.526165534261353e+09 -6.703611077668410e+04 -4.185234072306100e+04
  2.526011516774369e+09 -3.086734388621408e+03 -1.143161896818061e+04
  2.526138216600080e+09  3.915371065551165e+04  5.625833705802215e+02
  2.526001645089383e+09  1.390210129449563e+04  1.451580409020437e+05
  2.526186745319713e+09  4.133538164259167e+03  1.591139775600226e+05
  2.526100936988921e+09 -4.310476119944605e+04  8.630976175956539e+04
  2.526117570825305e+09  6.216124414652039e+04 -7.862522404521157e+04
  2.526034379075650e+09  7.883198593656684e+04 -2.039804428941912e+05
  2.526021125145093e+09  8.160174614546495e+04 -1.141035923049981e+05
  2.526169165859833e+09 -3.321091030947096e+04  5.189966578083578e+04
  2.526084779939362e+09  1.470380683740805e+04 -5.820025854488544e+04
  2.526151464510057e+09 -1.753525968316254e+05 -1.734719455371002e+05
  2.526111007497779e+09 -1.730940871631160e+05 -4.695847211460175e+03
  2.526140865731980e+09  7.856759111393243e+03 -3.272979559417709e+04
  2.526134522950704e+09 -2.353291183891047e+05  3.098498188781719e+04
  2.525923499311166e+09  3.440164990467392e+04  3.143061454087985e+04
  2.525890517477201e+09 -5.620263147164928e+04  1.093662346400786e+05
  2.526145855403832e+09 -5.020232274316400e+04  1.888883136914633e+05
  2.526175191470096e+09 -7.143332763508684e+04  1.058346251401370e+05
  2.526094750628818e+09  1.493928157378236e+05  8.450266102332674e+04
  2.526113538790975e+09 -1.780992676118670e+05  1.108365760958125e+04
  2.526043165229025e+09  7.890909257142019e+03 -2.214248967339611e+04
  2.526248797152555e+09  5.162586461918522e+04  1.662482970155581e+05
  2.526171546249255e+09  1.387577416851207e+05  6.463063679997792e+04
  2.526244263228051e+09 -3.831379295180109e+04 -2.292681997199403e+04
  2.526142207036443e+09 -9.169032969160459e+04 -3.596265190309845e+03
  2.526063258871233e+09  8.664940640196577e+04 -1.368329388069139e+05
  2.526182684046271e+09 -8.792402910315734e+04 -7.260170015055634e+04
  2.526057236623154e+09 -4.257324687937410e+04 -8.280291665187274e+04
  2.526268525922289e+09 -3.226812419265450e+04 -4.445707761057187e+04
  2.526104243408687e+09 -1.341026420807617e+05  1.134251669046673e+04
  2.526329748438685e+09  2.253149227137212e+05 -3.391142322361027e+04
  2.526021280433146e+09  1.041332561669871e+04 -1.332113538157926e+05
  2.526164031460490e+09 -9.113679222587962e+03 -5.661970221433369e+04
  2.526162580412578e+09 -4.107406495220424e+04  3.143940869731898e+04
  2.526022846460041e+09  1.020622326089367e+05  1.155946844324123e+05
  2.526164048854505e+09 -8.180415216820530e+04  6.267674333865452e+04
  2.525966028315172e+09  6.232120119707126e+04  1.054108280452878e+04
  2.526119670291981e+09  1.378633303968408e+05  3.485409716017023e+04
  2.526070139461391e+09  6.941545205030125e+02 -9.733721848511684e+04
  2.526170293373293e+09 -1.216526941622607e+04 -1.450936762668313e+05
  2.526076078472378e+09 -4.518922983270139e+04 -2.855829218134889e+04
  2.526115500470624e+09  1.333987369992880e+05 -2.682314430849755e+04
  2.526122595191201e+09 -5.619409428278956e+04 -5.729810692478437e+03
  2.526206722643184e+09 -4.219227755541028e+04  1.343190654744720e+04
  2.526189938993258e+09 -1.527373589152759e+05 -4.211397532786510e+04
  2.526079388780655e+09 -4.335621117400198e+04  6.486479306180147e+03
  2.526161131657279e+09  2.247180583787465e+05 -5.201630767804151e+04
  2.526089400072415e+09 -8.330149673845107e+04 -9.818307659257308e+04
  2.526053971041699e+09  7.699006956894312e+04  1.208270616871192e+03
  2.526227724947783e+09 -3.188010431010206e+04  7.299950523415580e+03
  2.526031322304550e+09  4.764519175222749e+04  2.797957573814096e+04
  2.526114412899914e+09 -9.659348772410210e+04  1.137037534202691e+05
  2.526187835761741e+09  4.733363519915618e+04  1.416789891361005e+05
  2.526131325401609e+09  3.001615016384228e+04  3.344406034219076e+05
  2.526025107486700e+09 -1.366318058436950e+05  3.688164594099690e+05
  2.526171618194819e+09  1.163082919029864e+05  1.139022116660163e+05
  2.526194045984200e+09 -5.835019802828948e+04 -1.136195642376530e+05
  2.526186580188604e+09  6.554378796980527e+04 -8.561352450980665e+04
  2.525946250917283e+09 -2.031292449168954e+05 -2.776532182654610e+04
  2.526310701376804e+09 -2.913235927629564e+04 -8.754530508351506e+04
  2.526103564944537e+09 -1.868321337648667e+04 -1.699549779047982e+05
  2.526303673462636e+09 -5.211464778018557e+04 -2.889924794626570e+05
  2.526016259885180e+09  2.129349260725407e+04 -2.193312975482636e+05
  2.526227706704392e+09 -4.213250089025684e+04 -1.433701385218264e+05
  2.526201643096823e+09  3.115146687535755e+04 -6.008384667000092e+04
  2.526190495042703e+09 -9.764214592615212e+04  8.846836937025073e+04
  2.525865373972674e+09  1.378368089672986e+05  5.925665558888455e+04
  2.525983060002270e+09 -2.589184434203641e+04  6.273272072114563e+04
  2.526153737980754e+09  2.513262500593462e+04  4.735640073743844e+04
  2.526183172139965e+09 -8.155886028347837e+04  4.673312783680740e+04
  2.526103332030144e+09 -2.612282463207864e+04  3.071686387124134e+04
  2.526129108102264e+09  9.714029632368684e+04 -1.624321299941344e+05
  2.525998287247669e+09 -6.042820844888268e+04 -1.784023473586910e+05
  2.526018920031787e+09  6.044495153884380e+04  4.797690293568082e+04
  2.526000961356307e+09 -1.772724512500521e+05 -3.110899071707542e+04
  2.526094040055975e+09 -3.848370336184488e+04 -1.231982703194654e+05
  2.526230500511769e+09 -1.283011155983474e+04  1.897110024583549e+04
  2.526234009881418e+09  4.848247930018697e+03  7.864645834735880e+04
  2.526142360406965e+09 -9.868122936413903e+04  8.851204677399015e+03
  2.526103007463546e+09  7.673107283586473e+04 -8.433356448130135e+04
  2.526056137187695e+09 -5.297705936914065e+04  1.494141359935495e+05
  2.526226674815454e+09  9.508487781956133e+04  1.822925161867819e+05
  2.526077479480615e+09 -3.048571061334072e+04 -9.731834395261528e+04
  2.525997122609116e+09  1.598260289214776e+04 -4.692583917112299e+04
  2.526228418876463e+09  4.570710757279396e+04  6.629173664335930e+04
  2.526194515082150e+09  1.202250326786586e+04  6.600680193638895e+03
  2.526034546587035e+09 -6.105427983703627e+04  4.075175911511452e+04
  2.526068958368107e+09 -3.657158757417812e+04  6.993405314277663e+04
  2.526126998912131e+09 -1.170675675530073e+05  4.580396618379558e+04
  2.526077493424249e+09  3.138515706998925e+04  1.965026793963679e+05
  2.526191699724005e+09 -1.574376981017678e+05  2.266756953118495e+05
  2.526132351159136e+09 -1.303286974107348e+05  1.312086961776388e+05
  2.526173417030326e+09  1.068086228991198e+05  1.044092534532957e+05
  2.526215463543694e+09  3.879054020044481e+04  3.813014352767961e+03
  2.526081482226289e+09 -1.565905690837512e+04 -7.693596695129364e+04
  2.526162170014724e+09 -6.451864544349886e+04  6.919210073365830e+04
  2.526060913337719e+09 -7.799349723747466e+03  1.742008281147591e+05
  2.526166172222454e+09  9.857502226743629e+04 -3.632710735178506e+04
  2.526223090650330e+09 -2.570530811524988e+05 -1.405397205156120e+05
  2.526115270745038e+09 -4.075560119840567e+04 -5.719168483335059e+04
  2.526120402484841e+09  6.261158988105413e+04  6.057200226579537e+04
  2.526046520182874e+09  4.625349773740175e+04  8.856382594968045e+04
  2.526309452755448e+09 -1.320265548657606e+05  1.647686763424831e+04
  2.526002542472118e+09 -1.474209629633253e+05 -1.225876732134166e+05
  2.526251401034222e+09 -1.915023109533845e+05 -2.340974361490195e+05
  2.526036387788846e+09 -9.245039226318197e+04 -1.364405589205865e+05
  2.526092732023598e+09 -2.533372103811742e+05 -4.607531563527929e+04
  2.526131025660494e+09 -7.009739194984036e+04 -2.929533518441464e+04
  2.526222779238470e+09  8.013359557690268e+04 -2.168119262543285e+03
  2.526101474564807e+09  4.577725464669467e+04  3.206139010809362e+04
  2.526269068198364e+09  8.371819368425023e+04 -2.039414916312392e+04
  2.525899083005493e+09 -2.704750257431529e+04  1.156578872096427e+05
  2.526057755086462e+09 -5.622356761217583e+04  4.551835883502499e+02
  2.526250236202749e+09  3.118808279095276e+04  1.279246835527779e+04
  2.526034316056879e+09 -1.192315131564518e+05  1.051332709302329e+05
  2.526223008875656e+09 -4.077833592778095e+04  1.437718008894026e+05
  2.526113422975407e+09  5.465214962136222e+04  1.290299521656043e+05
  2.526041080485521e+09  3.522540021983255e+04  1.105255259476369e+04
  2.526129569697371e+09 -6.642588166628592e+04 -1.843338426852541e+04
  2.526114334188057e+09 -1.649744864183036e+05  3.011610512448987e+04
  2.526157893690767e+09 -4.186442711130553e+04  5.307279129333107e+04
  2.526169625577254e+09 -5.184875060936064e+04  3.032070279737376e+04
  2.526140338025612e+09 -1.469323290447413e+05  5.212538138496457e+03
  2.526069073225997e+09  6.016641700982756e+04 -7.418460818449332e+04
  2.525923280239725e+09 -1.531667012405031e+05 -1.050786679854929e+05
  2.526245823691131e+09  5.911586074679275e+04 -1.005398557990093e+05
  2.526227318392249e+09  1.149813911631430e+05 -4.046308729154989e+02
  2.526162263853881e+09  4.349157216321456e+04 -8.336403665725456e+04
  2.526075042133619e+09 -2.716805295522717e+05  2.106025290779339e+04
  2.526095007917929e+09 -4.651447123703491e+04  2.670391176019225e+04
  2.526010029701685e+09 -2.028198623304322e+04 -2.293848898875492e+04
  2.526134895457692e+09 -5.144380015235930e+04  1.169176424665049e+05
  2.526007998949409e+09  2.034815778257921e+05  1.750081351429991e+05
  2.525993937321742e+09  3.773965826139611e+04 -4.114104854966793e+04
  2.526116667799818e+09  3.934558926225058e+04  1.491346203021199e+04
  2.526104742080002e+09 -1.051781969596055e+05  6.250190317066450e+04
  2.526106923369904e+09 -1.965667055586469e+04  4.110016462045966e+04
  2.526041123528347e+09 -1.809896805432602e+04  1.931631741742122e+05
  2.526098718083894e+09  4.615365153341112e+04  1.086649813521118e+05
  2.526201629161577e+09  7.169591528004163e+04 -3.066770354249369e+04
  2.526147554724515e+09  3.560715080574396e+04 -3.904133367644902e+04
  2.526027799980759e+09 -4.358868989900965e+04 -9.356312037928076e+04
  2.526175026401925e+09  8.714131311635178e+04 -1.482164509449024e+05
  2.526051343488141e+09 -8.278132829533564e+04  4.195245315660140e+03
  2.526125122613912e+09 -1.817859255911611e+05  5.183603186776396e+03
  2.526210738305431e+09 -1.697230106904108e+05  6.796082110519218e+04
  2.526203170758444e+09 -1.868357605199824e+04 -4.992351559279603e+04
  2.525951110803071e+09 -8.614916178432223e+04  6.885799365100780e+04
  2.526261729382804e+09  3.034212612944494e+05  2.089284890557423e+05
  2.526122289840312e+09  6.893775213555386e+04 -4.884219996558549e+04
  2.526188875687816e+09 -3.339967836057954e+04 -6.488943862115085e+04
  2.526224736210259e+09 -6.173794890242827e+04  1.000848678575910e+05
  2.526072347574743e+09 -1.023258551788257e+05  2.338845492434237e+04
  2.526169669522807e+09 -1.750177360129817e+05 -8.981425346177036e+04
  2.526167448664706e+09  2.612212829698296e+04 -9.395882056604925e+04
  2.526030427004847e+09 -1.279076604819288e+05 -7.641574314852315e+04
  2.526020998715784e+09  1.785240739205609e+05  2.143759628363186e+04
  2.526155344591981e+09 -1.099497147323201e+05  1.670955579280123e+05
  2.526074523341955e+09  1.622376601482928e+04  1.429559206116458e+05
  2.526069783562589e+09  6.805914477571601e+04 -8.481590378890419e+04
  2.526135301513870e+09 -3.243491000429285e+04 -4.152105699054711e+04
  2.526181222975562e+09 -1.452220861545599e+05  3.703951241628849e+03
  2.526092114236570e+09  1.197261587696744e+04 -4.453297906033439e+04
  2.526224396738778e+09  3.567899437138112e+02 -1.176380507097642e+05
  2.525945274898275e+09 -3.663307310688426e+04  4.920331430425169e+04
  2.525934413299915e+09  2.664238697454485e+05  8.973106506849476e+04
  2.526055692254131e+09 -7.894709882542142e+04 -4.295965297355154e+04
  2.526074289472320e+09  7.047915939318039e+04  5.980326357125503e+04
  2.526135839065007e+09  3.107821487943339e+04  4.130043665479176e+04
  2.526192072006119e+09 -2.933465807069556e+04  6.123997614973923e+03
  2.525990562360298e+09 -5.980768477597786e+04  1.601101044233171e+05
  2.526258342779989e+09 -1.067170825177012e+05 -4.585742268067610e+03
  2.526130481236679e+09  1.214221518619671e+05 -1.295871909575826e+05
  2.526281392380210e+09 -4.839652076853398e+04 -6.666293238515221e+04
  2.526024128005128e+09 -7.659875649991594e+04 -1.063533270545321e+05
  2.526018825022840e+09  3.191891452927695e+04  1.374821728094573e+05
  2.526040455076289e+09 -8.148625063272775e+03  1.348007837655419e+05
  2.526230824817303e+09 -9.658801692434493e+04  2.077998604618160e+05
  2.526036122080653e+09  1.225801208968691e+05 -1.775709677084908e+04
  2.526195984788792e+09  1.553647438767409e+05  6.190935824120464e+04
  2.525996816468637e+09 -2.150049770083184e+05  7.909720316776843e+04
  2.526068157582926e+09  2.574827229935825e+05 -7.484577288804442e+04
  2.526152232619974e+09 -3.384458345850544e+04  2.580535451299063e+04
  2.526064145573522e+09 -1.607082836868183e+04  7.534839731968939e+04
  2.526133460304798e+09  7.684711585134384e+03  3.270654313593684e+04
  2.526064501989135e+09  1.279611762872075e+05  1.793407521009140e+04
  2.526292585808907e+09 -7.475723829798156e+04  1.580446309976271e+04
  2.525933911119452e+09 -1.539638124261983e+04  5.336177816091175e+04
  2.526136403482695e+09  4.080509619680356e+04  7.463109194675926e+02
  2.526076829077158e+09 -3.985827400400303e+02 -3.320128704762994e+04
  2.526147931283438e+09 -1.043040405100079e+05  1.745850204368371e+05
  2.526073083875783e+09 -1.551384676854810e+05 -1.831637845268273e+05
  2.526210035045774e+09 -4.012991346157961e+04 -1.529307160540482e+05
  2.526065044549940e+09  2.216289994524652e+04 -5.629723357771477e+04
  2.525944617826737e+09  5.195544164902368e+04 -5.517316662034625e+04
  2.526025759894651e+09  7.343412765936280e+04 -1.510006250226840e+05
  2.526008408411002e+09 -1.239962333992677e+05  2.492679469216429e+04
  2.526200443553966e+09  2.477691884927449e+04  3.048889416915656e+05
  2.526277147301302e+09  3.535822245963872e+04  1.881361617117827e+05
  2.525991019068816e+09 -2.580718816168961e+05  2.479685158678377e+04
  2.526001403067250e+09 -4.209132256865676e+04  5.971887898125360e+04
  2.526066560764814e+09 -7.602480161643762e+03  7.318307961314986e+04
  2.526049452786275e+09 -1.232228714921442e+05 -1.027469689988050e+05
  2.526047715396381e+09 -5.460911556040647e+04 -5.264560499059153e+04
  2.526115685845741e+09 -1.019503536002565e+04  1.068104232804843e+05
  2.526226264014465e+09  4.865984461247065e+04  6.937675472233171e+04
  2.526200190781271e+09 -2.723724997503776e+04 -3.960302749594604e+04
  2.525999917726443e+09  8.451148644587728e+04  6.458846625098650e+04
  2.526103162655992e+09  5.839099007970751e+04  6.004742836854374e+04
  2.526229487492819e+09  5.192896605430171e+04 -4.255832683813595e+04
  2.526101481293508e+09 -5.548943650239136e+04 -8.190022237169708e+04
  2.526176276952860e+09  7.855036981643637e+04 -9.340473787847254e+04
  2.526337344706584e+09  5.285545374277612e+04 -6.828341668577725e+04
  2.526051831225182e+09  1.124042442765640e+05  6.700781570435828e+04
  2.526075723184761e+09  1.031007871573161e+05  1.537902940070458e+05
  2.525954642305534e+09  2.920586010465282e+03 -2.861956210940005e+04
  2.526241426447170e+09  5.765212618565129e+04 -1.606646941290624e+05
  2.526193103344590e+09 -6.307351485568332e+04  3.873785157321222e+04
  2.526285899787837e+09 -1.705931643991359e+04  1.518513608959806e+04
  2.526135310366177e+09 -8.410318395581661e+04 -1.537622739349175e+05
  2.526093822633119e+09 -4.964655413486133e+04 -8.755637899941311e+04
  2.526142646653043e+09  3.244633316912202e+04  6.794800182034884e+04
  2.525992366575180e+09 -5.696708077505277e+04  8.931908831137657e+04
  2.526120587835338e+09  8.758067958623753e+03  3.504868475509068e+04
  2.526176079063583e+09  1.347981719145461e+05 -8.991382774339279e+04
  2.526037094088842e+09  1.623013740742211e+05  1.165930384116014e+04
  2.526093788318769e+09 -3.272965528003470e+04  4.444715048966138e+04
  2.525989174640051e+09  1.625463273522757e+04 -4.942497204873129e+04
  2.526104455166793e+09  1.037380680918415e+05  9.536741887213424e+04
  2.526160367409690e+09  4.000261300826096e+04  2.376082047787715e+04
  2.526079872648310e+09  4.809968129686767e+04 -2.122717309035866e+05
  2.526153762168033e+09 -1.406381427610033e+05 -9.398455788097222e+04
  2.526106940352032e+09  1.053661246091545e+05 -2.765882634213753e+04
  2.526153405877156e+09 -1.366542257392128e+05 -1.565937633090469e+05
  2.526058069452028e+09 -4.106241374706675e+04 -5.134110819728021e+04
  2.526108064180368e+09  8.092622225160451e+04  5.151031293275335e+04
  2.526140990970478e+09  2.841223777119402e+04  1.565957332214516e+05
  2.526035527266438e+09  9.285568944114313e+04  1.789021992129045e+05
  2.526179444638029e+09 -8.299556842225662e+04  8.565321858366206e+04
  2.526033372943633e+09 -3.064721293928350e+04 -8.259130671441206e+03
  2.526004561402409e+09  1.672844059215005e+05  4.048868475766969e+03
  2.526068685738864e+09 -6.333994508394646e+04 -4.547791863825254e+04
  2.526076620521855e+09 -2.799355384430452e+04  1.418065364829168e+05
  2.526125282961752e+09 -4.149067031639698e+04  1.351360130648382e+05
  2.526106857124483e+09  2.196425485675186e+05 -5.169055901084829e+04
  2.526157207437913e+09  4.657335042280110e+04  1.566630281253462e+04
  2.526182714136447e+09  8.610993955399876e+04  3.229299055501353e+04
  2.526002113661060e+09 -1.538493167863649e+05 -5.792625304464484e+03
  2.526130930490381e+09 -5.317683758215583e+04  3.097273632706638e+02
  2.526186154809824e+09 -1.402514843453167e+05  3.846569925341289e+04
  2.526228930056823e+09  9.171353780683863e+04  7.365361100076092e+04
  2.526219405881534e+09  1.804623991703896e+05 -5.763600012873113e+04
  2.526205558570888e+09  9.366520576310088e+04  6.307951918961480e+02
  2.526108840795732e+09  1.348649286705194e+05 -8.232327424794436e+03
  2.526218963259782e+09 -6.102286062454479e+04 -1.371819570950246e+05
  2.526036949479827e+09 -2.514341651824454e+04 -3.812904213793809e+03
  2.526028476235162e+09 -4.156415588971879e+04 -1.189347619295397e+05
  2.526153677392666e+09 -5.112940461778262e+04 -1.547973643557877e+05
  2.525985144186525e+09  3.152430253174959e+04 -9.037188346700137e+04
  2.526041804206384e+09 -4.448772337171226e+04 -1.922548848997513e+05
  2.526191738414992e+09  6.781648724187992e+04 -2.565370780861077e+05
  2.526091287931258e+09  1.561302769202389e+05 -3.754992065905128e+03
  2.526005190902571e+09  1.788159517346509e+04  2.781924410091655e+04
  2.526024452080296e+09 -2.472226925797295e+03 -1.138444357443191e+05
  2.526183356999072e+09 -3.638533668964266e+04 -1.274421612037540e+05
  2.525939288099205e+09  5.963062448504003e+04 -5.980380528981012e+04
  2.526323639928289e+09  2.691953828599380e+04  1.448106632123514e+05
  2.526148438663839e+09  1.118827106094031e+05  1.556532767165244e+05
  2.526139844458309e+09  1.829390351172558e+04  8.328118799085350e+04
  2.526102478625740e+09  3.001510525590454e+05  6.173007064144919e+04
  2.526151868921094e+09 -6.901150417647988e+04  2.648975016877474e+04
  2.526021911647181e+09 -1.087133648162602e+05  2.547637385110161e+04
  2.526215154960917e+09 -6.949973227901570e+04 -3.493249939457630e+03
  2.526105345466856e+09  8.646122757479928e+04  3.276951954282587e+04
  2.526116848448549e+09  3.569663662004122e+04  1.643243706176102e+05
  2.526026529122943e+09  1.149680135495216e+04  1.207147524110155e+05
  2.526082494297402e+09  9.413885586705268e+04 -1.298412112291565e+05
  2.526233816239768e+09 -3.430895564683480e+03 -3.149017227265052e+04
  2.526068817741079e+09 -2.903618424612470e+04 -6.869866161251185e+04
  2.526221215569101e+09 -5.166106567379320e+03 -1.585514787235442e+05
  2.526146952910041e+09  1.052830858738073e+05 -7.946561023599608e+04
  2.525994776154092e+09 -7.178160168226541e+04  5.971524774243683e+04
  2.526193601185142e+09 -1.030173629046930e+05 -3.724493501050043e+04
  2.526081290666690e+09  6.037963138706109e+04 -1.148296014842382e+05
  2.526247323637053e+09  8.168498261012376e+04  2.584689021331261e+04
  2.526181711771624e+09  2.868385555506388e+05 -3.246459969970159e+04
  2.526356313275795e+09 -1.868403806054457e+05  2.991244856401731e+04
  2.526011208932623e+09  5.189753964357142e+04 -1.096958152036085e+05
  2.526132180796787e+09 -4.069845032956824e+04 -3.489238942155492e+04
  2.526201068341786e+09 -1.161542301606038e+05  1.296645737866005e+05
  2.525899844735474e+09 -5.964053286424885e+04  1.933219573725305e+05
  2.526170421960831e+09  1.383444767751576e+05  1.377280439868928e+05
  2.526010379074388e+09  5.079240919486643e+04  2.805090863471525e+04
  2.526119672264551e+09 -8.757815752933244e+04  3.534761702811811e+02
  2.526131295754567e+09  1.524655395205028e+05  1.129626462375161e+05
  2.526121135872844e+09 -6.370493323883042e+03  5.860431831896352e+04
  2.525980696203436e+09 -5.212404018223099e+04  7.925903545894520e+04
  2.526217223012517e+09 -7.094877243358106e+04  1.451394925088296e+05
  2.526252030527551e+09 -1.358986000134431e+05  1.206211272857815e+05
  2.526176696781868e+09  1.057066175833099e+05  8.684705999049271e+04
  2.526028137329907e+09  1.076072917404757e+05  1.283157160754988e+05
  2.526096798458056e+09  2.209016578039012e+05  1.568448697069418e+05
  2.526150068745356e+09 -6.871582298596064e+04 -2.215298237976013e+04
  2.526230239299618e+09  2.102486715000742e+05  4.707913271145098e+04
  2.526161481612959e+09 -1.960931066956907e+04 -3.619722022279166e+02
  2.526233067546718e+09 -1.437182746262616e+05 -1.532300886509120e+05
  2.525971381897071e+09  7.810706964032759e+04  2.776268310214928e+04
  2.526214344210925e+09  1.289603472390634e+05  2.127608775832123e+05
  2.526157693900392e+09 -1.584776068591550e+05  1.206355075426403e+05
  2.526125325367535e+09 -1.651240471640376e+05 -3.876092303624656e+04
  2.525941277163375e+09  2.176564120472805e+05  5.779895331854897e+04
  2.526174259903000e+09 -1.279722590454808e+04 -4.616233439950901e+04
  2.526066313421062e+09 -2.394375216486957e+05 -2.094063543754931e+05
  2.526285229209998e+09  9.248116300092149e+04 -2.125549897299870e+04
  2.526015909928015e+09 -9.662205059473042e+04 -8.822500904749660e+04
  2.526360152875155e+09  1.688632768841428e+05 -1.380682209315409e+05
  2.526250922688733e+09 -6.719788318165613e+04 -8.221533553819335e+04
  2.526204645574515e+09  1.942905552567940e+05 -8.395323767683329e+04
  2.526018568953457e+09  3.917192252058303e+03 -4.757876617329157e+04
  2.526343906994824e+09  1.597803049271568e+05 -4.261270716383011e+04
  2.526297113215494e+09  7.559106189315347e+04  4.611520687674638e+04
  2.526182193337542e+09 -4.232257754539233e+04  4.664525773736625e+04
  2.526127644937364e+09  2.153782983103096e+05  3.379808566843392e+04
  2.526085321759007e+09 -5.688638717498048e+04 -2.712716994405026e+03
  2.526193090119972e+09 -1.633230791096853e+05 -7.852192425936600e+04
  2.526128141407419e+09 -1.074889820168084e+04  8.397276833823416e+02
  2.526155939059470e+09  1.165250914344430e+05 -2.636640367330401e+04
  2.526165120492465e+09 -1.798772624188784e+05 -1.494658512618352e+05
  2.525969049893589e+09 -1.092553604065720e+05 -1.731908073588720e+05
  2.526091602716465e+09 -4.887370092640119e+04 -1.036871476439300e+05
  2.525916418431565e+09  3.970900761447754e+04  7.901247942891496e+03
  2.526201470431076e+09  1.224765901663260e+05 -4.774160884642869e+04
  2.526200145823138e+09 -1.063948418011807e+05 -1.760470557118979e+05
  2.526087640360198e+09 -6.091074263513554e+03 -1.323295180190718e+05
  2.526070422283107e+09 -4.437524065274629e+04 -6.475291399286503e+04
  2.526103465674098e+09  5.842559874185431e+04  2.828044397601532e+04
  2.526054052159099e+09  2.218992034470150e+05  3.170086307225004e+04
  2.526170951246300e+09 -7.903175594330858e+04 -7.397781717474572e+01
  2.526012691627823e+09 -6.308501369091027e+03 -2.618407480255479e+04
  2.525999951027536e+09 -3.269625334865181e+04  4.063167601754260e+04
  2.526208765596603e+09  4.858897846357571e+04  5.731166016308602e+04
  2.526131261255198e+09  1.265705353322631e+05  2.478960521861026e+04
  2.526013056171920e+09  9.624923797396477e+02 -8.457563234520843e+04
  2.526282606632099e+09 -6.178809841433959e+04 -6.378496168612430e+04
  2.526196122759989e+09  6.616604351558944e+04 -1.399890838153863e+05
  2.526093883854102e+09 -1.112700087999979e+05 -1.006293134659861e+05
  2.525992113469907e+09  1.616254340832261e+05  7.255742925529182e+04
  2.525941246130754e+09 -3.882874095312675e+04  9.606508478982735e+04
  2.526114911391450e+09  2.353724024479720e+04  6.333084829516569e+04
  2.526032915881644e+09 -1.389756343933245e+05  4.678677472001500e+04
  2.526183452901811e+09 -3.447956550104264e+04  9.791332192985085e+04
  2.526099282470989e+09 -5.946146365836030e+03  5.057801200284246e+04
  2.526033611962345e+09  1.446335529797484e+05  1.543980023781210e+04
  2.526154254803598e+09 -6.571089480416302e+04 -9.435964701018584e+04
  2.526159459044674e+09 -1.050318961996178e+04 -1.353463582050126e+05
  2.526115755989248e+09  4.333397269773978e+04 -1.663402450965014e+05
  2.526095681265487e+09  1.241480275340504e+05  1.393008129470982e+02
  2.526088436847618e+09  4.444551929523979e+04 -1.910223005866955e+04
  2.526139750711639e+09 -3.041291378620907e+04 -9.520536029894173e+04
  2.526269609310732e+09 -2.450653378778894e+04  8.759506861314038e+04
  2.526128248898113e+09  1.316895179355981e+05  1.309166536983862e+05
  2.526043864775069e+09 -3.576722809033364e+04  8.602764038343565e+04
  2.526041319446674e+09  7.815720617395220e+04  1.422581317699107e+05
  2.526003150994523e+09 -1.606472456307721e+05  1.603072528680608e+05
  2.526211487952220e+09  6.486644184385717e+04 -1.878234432793339e+03
  2.526145686067744e+09 -7.939952964078420e+04 -1.789690344893852e+05
  2.526000977871360e+09 -2.211302777777566e+04 -1.305871163691710e+05
  2.525904785984743e+09 -1.087290766644649e+05  4.865306855909084e+04
  2.526036603583603e+09 -1.078328204062907e+04  3.503341132381663e+04
  2.526180369724199e+09  6.719056342604337e+04 -1.352657988307849e+05
  2.525924159180173e+09  7.526109288458363e+03 -2.188825415533156e+05
  2.526234638405130e+09  6.887834029742552e+04 -8.991492396978033e+04
  2.526092548133846e+09  1.908424094399624e+04 -2.923224653826526e+04
  2.526083755010899e+09  1.204021178780869e+04 -1.317478604759381e+04
  2.526215709930498e+09 -4.337111768209530e+04 -3.069749220544007e+03
  2.526105989161514e+09 -1.037263784380687e+05 -1.664388657094212e+04
  2.526178175649332e+09  1.150662331264310e+05  1.023501334268844e+04
  2.526240202757805e+09 -2.242851951924519e+04  7.839466685978259e+03
  2.526116364195965e+09 -1.095840757417388e+05 -8.711677260179247e+03
  2.526089729043118e+09 -2.509193148823823e+05 -1.183955151072121e+04
  2.525961410806402e+09 -4.295602555109645e+04 -5.175428716881282e+04
  2.526128767117952e+09  1.031836668173194e+05  6.999282731099334e+04
  2.526262315859035e+09 -7.164671270390227e+04  1.260284927009840e+05
  2.526271733189000e+09 -6.207380869790650e+04 -1.265512576841381e+05
  2.526064683768294e+09 -6.256822978823941e+04 -1.106570552741885e+05
  2.526375654706805e+09 -2.746594085528376e+04  4.850999218923436e+04
  2.526005287063319e+09 -3.938680331439245e+03  6.944077372459869e+03
  2.526123484345103e+09 -3.294994602313377e+04  5.003872940585716e+02
  2.525883298730176e+09 -1.465850210762292e+04  1.321198081418379e+05
  2.525890942278574e+09  2.656864685792802e+04  1.759549454346056e+05
  2.526112056847161e+09 -9.867287958337890e+04  1.755756412710665e+05
  2.526117832461504e+09 -1.509977041219126e+05  6.141398338273831e+04
  2.526036775364598e+09  6.176176835290540e+04  7.168045066141104e+04
  2.525918942024096e+09 -7.707539193596877e+04  1.938621588904867e+05
  2.526136507373732e+09 -7.077932622707551e+04  1.133576892712439e+05
  2.526078445302516e+09 -1.967373515061878e+05  8.339021388379055e+04
  2.526164846339589e+09  2.741369659258227e+04  7.917549183069891e+04
  2.526073768735859e+09  1.060926915855089e+05 -2.546178454494919e+03
  2.526204444539375e+09  2.234162375395370e+04 -3.366185833910247e+04
  2.525949635206219e+09 -7.734930247576616e+03 -5.539334672694700e+04
  2.526009346064236e+09 -1.617963759470885e+05  6.386653393451823e+04
  2.526252614475186e+09 -8.751059264783142e+04  8.893438286554912e+04
  2.526245792985605e+09  9.751828672708386e+04  6.945828093272750e+03
  2.526049880984918e+09 -3.830945497481257e+04 -4.572594813696388e+04
  2.526347688414942e+09 -1.471545662263228e+04 -1.211967361798952e+04
  2.526158293963174e+09  8.796266554956092e+04 -9.801522156771622e+04
  2.526183618850899e+09 -8.265361096825846e+04 -1.019291160289893e+05
  2.526215740651519e+09 -7.807243572063488e+04  4.918367771470168e+04
  2.526034621171479e+09  1.730648381909553e+05  3.771107432626607e+04
  2.526297112082328e+09 -1.693741658571591e+05  3.837488486567815e+04
  2.526322363206762e+09  9.623513466754393e+04  1.209648932855484e+05
  2.526093586013943e+09 -1.044440720386547e+04 -9.475755242680426e+04
  2.526036377255639e+09  5.962616333613593e+04 -7.568182186289865e+04
  2.526214567124604e+09 -4.225889135912620e+04  1.251902148368161e+05
  2.525942615630317e+09  8.954370708615298e+04 -3.196662670539925e+04
  2.526137671902879e+09 -1.380496438422551e+05 -7.575894805636234e+04
  2.526099435904820e+09 -1.486280359447193e+05 -1.233949261295188e+05
  2.526094164954793e+09  1.470625016591907e+05 -1.946574714746363e+05
  2.526131282842301e+09 -8.814903740723338e+04 -1.509032532923031e+05
  2.526137898122676e+09  1.359390740276044e+05 -1.577891937144711e+05
  2.525950333633904e+09 -6.914498303266836e+04 -4.959997125711613e+04
  2.526151568965662e+09 -1.679220665289788e+03 -5.582322393842696e+04
  2.526149833162674e+09 -6.830203657378134e+04 -1.148783423749502e+05
  2.526130780115934e+09  6.476923488100118e+04 -2.319166772722974e+04
  2.526167516509860e+09  1.091806482092259e+05 -5.810268436424485e+04
  2.526140840622182e+09 -6.440113646830933e+04 -1.923542526199517e+05
  2.526123001510762e+09  1.359587588539140e+05 -1.069669193269501e+05
  2.526240405059067e+09  1.000463857647306e+05 -7.747708591604204e+04
  2.526254467113323e+09 -1.974467150383908e+04 -6.763991181559861e+04
  2.526160379747574e+09  2.042792979863670e+04  2.288021401789528e+04
  2.526012606528788e+09  7.565073575663264e+02 -8.268562086841278e+04
  2.526043507549298e+09 -4.550505629856745e+04  1.391542167549063e+05
  2.526085699246142e+09  3.449598861108371e+04  1.080199998413441e+05
  2.526024050426558e+09  6.292826964451512e+04  5.102999749472388e+04
  2.526148687250746e+09 -2.282913349459507e+05 -5.590619219441665e+04
  2.526056963738336e+09  6.112598607660737e+03 -1.352933349002957e+05
  2.526017402315650e+09 -5.976393170889874e+04 -2.565468769462372e+04
  2.526186379618634e+09 -4.133575869677495e+04  8.243183035596041e+04
  2.526029970935936e+09  4.810929074961809e+04 -1.768861097350222e+04
  2.526101909598128e+09  7.308315769396257e+03 -1.155185093544340e+05
  2.526115427670143e+09 -5.935337577725662e+04  1.649835886049736e+04
  2.526082907152957e+09  9.527125207264768e+04  4.056081287033227e+04
  2.526294689562762e+09  8.875327173748496e+04 -1.423496502324927e+05
  2.526047414238273e+09  1.802793894374973e+04 -2.005525996748446e+05
  2.526235374589765e+09 -1.131571067345792e+05 -4.605430741027743e+04
  2.526062751629310e+09  1.031903623089804e+05  1.019087381044045e+05
  2.526065391521328e+09 -4.073277932629408e+04  1.268562414523426e+05
  2.525984785112233e+09  6.263321861714241e+04 -3.164212824198740e+04
  2.526077560013385e+09  1.588179722871731e+05 -8.162464132804633e+04
  2.526316558856210e+09 -1.116723693499296e+05 -5.498970595344098e+04
  2.525947029431821e+09 -1.511762297225808e+05  1.810040587650443e+04
  2.526206230767597e+09 -1.804602098889998e+04  1.525849204259866e+04
  2.526040721092316e+09  1.019846545819001e+05  1.891473169606420e+05
  2.526246705315903e+09  8.519526256362908e+03  1.503346052643630e+05
  2.526074171890792e+09  1.632939315080208e+05  1.255179784870457e+05
  2.525978462514359e+09  3.492246840681043e+04  1.869230255502791e+05
  2.526099818025118e+09 -4.496872994400706e+04  1.004048001589146e+05
  2.526041734537768e+09 -1.633704887765716e+04  9.293564459171612e+03
  2.526095229219744e+09  7.904040167502046e+04 -7.194252100304421e+04
  2.525913946253666e+09 -1.202163298486290e+05 -1.075281116022922e+05
  2.526097395488462e+09 -1.348980358023692e+05 -1.249892092083159e+05
  2.526299971447579e+09  1.864145873639442e+04 -4.838009908789268e+04
  2.526237736006008e+09 -9.411544729402266e+04 -3.534448751264974e+04
  2.525897343733674e+09  2.026116544929729e+05 -9.543683129792695e+04
  2.526216254564943e+09 -3.408150702132727e+04 -4.473095219832798e+04
  2.526142818251548e+09  5.096212837535865e+04  9.906466260334908e+04
  2.526082967682324e+09  8.834816074260906e+04 -1.589995167021116e+04
  2.525981665093230e+09 -2.509374421852618e+05 -8.584457478465745e+03
  2.526270338115686e+09  1.774885062971164e+04 -2.509550188920833e+04
  2.526132406535728e+09  2.041463978503107e+05 -5.183422000988689e+04
  2.526096491171003e+09  7.198659988500411e+04 -4.791337445794488e+04
  2.525946445734891e+09  9.953318749357690e+04  1.797234536464559e+03
  2.526162264485031e+09  3.280006985800341e+03  3.149611272647098e+04
  2.526130670162466e+09 -5.473868969746493e+04  1.850799526174809e+04
  2.526256832115271e+09 -9.170779147622857e+04  1.567481718067829e+05
  2.526186962618442e+09  3.902348067903658e+02  1.636420959738556e+05
  2.526168853034765e+09  2.051792856179876e+04 -2.092070353858697e+04
  2.526063919567230e+09 -2.106978383669828e+04  4.043665137508232e+04
  2.526116309152821e+09  5.093797683692258e+04  1.339093301853117e+05
  2.526267542525707e+09  1.546364984121729e+05 -7.067616751826694e+04
  2.526035979035845e+09 -4.297235720103374e+03 -5.298861623145477e+04
  2.526179505631433e+09  5.999150805339275e+04  2.444709571202449e+04
  2.526117527585698e+09  1.719135648450621e+05  8.609752822877609e+04
  2.525948481182687e+09 -9.667715918450686e+04  3.311280306887947e+04
  2.526226128759251e+09 -5.810939548619707e+04  2.027949503037636e+04
  2.526047511305588e+09  1.473898847824091e+05 -1.148458446704654e+04
  2.526160540666955e+09 -1.834285175563005e+04 -2.345494499717467e+04
  2.526153884206207e+09  3.169761817183772e+05  3.822953015757445e+04
  2.526107591064395e+09 -3.935186524612573e+04 -1.178765642516129e+04
  2.526154377256218e+09  1.318903903165292e+05 -1.953891096460423e+04
  2.526205942420526e+09 -2.491849302197772e+04 -8.126653596769483e+04
  2.525996332276825e+09 -2.181817270195996e+04  3.341044474075199e+04
  2.526140329740416e+09 -7.153035023191944e+03  1.271175788912943e+05
  2.526064751287524e+09 -1.570747045456758e+04  4.447748339777638e+03
  2.526089525042524e+09 -1.081991568863485e+04 -3.204888945963467e+04
  2.526101899243181e+09  4.518789491270619e+04 -3.310239606229763e+03
  2.526018329491779e+09 -1.882728876392706e+03 -2.025593311982462e+03
  2.526105880304078e+09  1.240032720845955e+05 -2.306357549918408e+04
  2.526144126645783e+09  7.389257559888792e+04  2.826299785711360e+04
  2.526061857811301e+09 -3.691245376584935e+04 -4.808152595444745e+04
  2.526116591300590e+09 -1.723524842798135e+05 -8.850576894406788e+04
  2.526179747223847e+09 -8.699056828609598e+04 -9.027217647617450e+03
  2.526108155532044e+09 -1.387737564444085e+04  4.330127416914422e+04
  2.526011416630138e+09  1.736207383087608e+05  1.280021750464855e+04
  2.526312217616198e+09 -1.257066558136661e+05 -3.462716560908328e+04
  2.526091756105806e+09  1.006435929399263e+05  1.037138813895668e+05
  2.526208089141677e+09  2.017278736867482e+05  6.952475389648057e+04
  2.526217644526340e+09 -6.215473590986046e+04 -1.130317404009140e+05
  2.526145164151713e+09 -9.483275117700163e+03  1.156928561012610e+03
  2.526049566649446e+09 -9.961677665952097e+04  1.314645789278630e+05
  2.526164477243739e+09  2.598806351588550e+04  3.437695209448377e+04
  2.526031257606459e+09  6.484104501370795e+04 -1.666579052526841e+05
  2.526084067728404e+09 -7.086893491074443e+01 -1.529651230582004e+05
  2.526080179109301e+09  3.751690815017882e+04 -2.780248315522930e+04
  2.525996050821529e+09 -2.700696103715524e+04  4.855989859559020e+04
  2.525967898988336e+09 -1.664117967546573e+05  5.040346903345006e+04
  2.526068165025870e+09 -5.335169850920211e+04  8.449370142473184e+04
  2.526060800584268e+09 -6.255375716174569e+04  2.791290771013554e+04
  2.526021993910823e+09 -2.626543788599782e+03 -6.735189598265162e+04
  2.526126805449833e+09  5.216757635270274e+04 -8.805843481129326e+04
  2.526264440688556e+09  3.182581706335640e+04  1.760339105785854e+05
  2.526071081476571e+09  3.166765356986737e+04  1.632484472796253e+05
  2.526196849332226e+09  6.230951097454806e+04  7.993717475474083e+04
  2.526191818898285e+09  3.788426616011932e+04  1.339951090276995e+04
  2.526081401863688e+09  4.190933699126123e+04 -2.077866211513942e+04
  2.526225214021173e+09 -2.724320640782127e+04  8.143938359236415e+04
  2.526388466862415e+09  6.103173869262310e+04 -9.404410889722017e+04
  2.526052821880571e+09  9.842765408288559e+04  2.873610857631289e+04
  2.526173715867535e+09  3.964237138317199e+04 -4.085858491767664e+04
  2.526190034600636e+09 -1.273019233306102e+04 -8.349286226349665e+04
  2.526076094432878e+09 -4.305099201722490e+04  6.333963209179603e+04
  2.526092291367670e+09  4.350532587075155e+04  9.538476114634390e+04
  2.526199733598174e+09  8.500130505613529e+04  5.787944606439152e+04
  2.526168533703177e+09 -3.142420193026308e+03  3.251787540627329e+04
  2.526226624580170e+09 -1.291954160903894e+05 -3.687042904605914e+04
  2.526185368771315e+09  8.665697963048751e+04 -1.021113636751615e+05
  2.526038367197681e+09  1.344265327798329e+05 -5.197484013519745e+04
  2.526208592506444e+09 -1.929769753724406e+04  9.097322913230717e+04
  2.526213970109355e+09 -4.897864088764996e+03  9.802727119609690e+04
  2.526051595276794e+09  6.586047379766940e+04  1.837851592849917e+04
  2.526130375442357e+09  3.792773085566063e+04  7.931825548270927e+04
  2.526084234868522e+09  1.697580238675450e+05  1.579509669190494e+05
  2.526307544369765e+09 -3.121414213763061e+04  6.947648043474276e+04
  2.526221076555611e+09  4.093351826493494e+04  7.760958390400850e+04
  2.526026983359859e+09  7.219252308635018e+04  1.153821913002991e+05
  2.526208289477145e+09 -6.049089871945186e+04  1.249704970047671e+05
  2.526125823665428e+09  4.678179781868984e+04  1.231933279396779e+05
  2.526274593248471e+09  2.704536744211102e+04  3.595261730416468e+04
  2.526106988300646e+09  6.078992475085167e+04  1.088118332861827e+05
  2.526141366228386e+09 -8.874210001829499e+04  1.051128419100355e+05
  2.526131301384863e+09 -7.876639491944376e+04 -4.003860566591052e+04
  2.526165020442545e+09  2.087371009906125e+04 -1.419218085478526e+04
  2.526038250061451e+09  1.714616290435528e+05 -8.262760939274309e+04
  2.526255144573546e+09 -9.090323122285790e+04 -1.329153687417815e+05
  2.526135796643904e+09  1.281233330367396e+05  1.588525589117338e+04
  2.526165503249961e+09  1.360046433503171e+05  3.967717405717063e+04
  2.526054444560075e+09  3.255348713390226e+04 -8.460741440567336e+04
  2.526080165177965e+09  1.129671140489069e+05  4.360986349329399e+04
  2.526107102831653e+09 -1.628713470137053e+05  1.238260491247796e+05
  2.526180164019608e+09 -4.631401558918401e+04 -1.242749023962263e+05
  2.526007228720656e+09  6.113188566198433e+04 -9.457065971671022e+04
  2.526316973917772e+09 -1.934987919479450e+05 -7.453549749919144e+04
  2.526015109043989e+09  1.273359647411369e+05 -9.307358874465339e+03
  2.526134521281580e+09 -1.463268323261044e+05  6.004812441347435e+04
  2.526129260629167e+09  1.488534614149269e+05  1.365213662834553e+05
  2.526057046573588e+09 -6.652575272943359e+03 -2.070380230259500e+04
  2.526076024895206e+09 -5.221366987975081e+04 -3.154812638037070e+04
  2.526074665253160e+09  1.004489780625735e+05  1.162155084450683e+05
  2.526089179355472e+09  2.331826592785446e+05  1.536092687009390e+05
  2.526313477332840e+09 -6.234242085653760e+04  5.789492980812443e+04
  2.526098690302222e+09 -9.333726115233731e+03 -1.111274564632552e+05
  2.526153306280389e+09  5.294506985187111e+04 -4.333155150954239e+04
  2.526122420200986e+09 -1.281396370541258e+04 -8.863942489146045e+04
  2.526140224274127e+09  4.996654942810594e+04 -1.287607947372273e+05
  2.526077873583092e+09 -3.289817633286622e+04 -1.123855944367215e+05
  2.526194353974285e+09 -1.000736601064967e+05 -2.505611358499423e+04
  2.526337903030319e+09  6.412059002084495e+04 -3.414953237097047e+04
  2.526052915203766e+09 -5.713138444747683e+04 -4.533134416634380e+04
  2.526188311871373e+09 -2.297810983366158e+04 -2.751661459823931e+04
  2.526020196602950e+09 -6.337892475933023e+04 -3.411009336618253e+04
  2.526158407665449e+09  5.692412758052646e+04  3.807756002572237e+04
  2.526073277808692e+09  1.618505382979960e+05 -9.493801119788038e+04
  2.526212045746748e+09 -1.706337802224958e+05 -7.516679348765779e+04
  2.526185819205026e+09 -3.131365448848531e+04  1.403036265818055e+05
  2.526115961714823e+09  8.597355637078627e+04  1.767257539252528e+05
  2.526133394600276e+09  1.749961691214552e+04  6.806521530706756e+04
  2.525922445773949e+09  1.033335332274144e+05 -5.006738244794012e+04
  2.526099465833957e+09 -1.771382473391017e+05 -6.635736097948073e+04
  2.526066112565668e+09 -4.407359090312338e+04 -2.107444625283857e+05
  2.525826164677260e+09 -5.295999375720613e+04 -1.317964912011358e+05
  2.526150003598978e+09  9.883972421733348e+04 -6.379101127570961e+03
  2.526120267854155e+09 -1.059818112404299e+05 -1.156827320759363e+05
  2.526049048090191e+09  1.909001605729988e+05  2.297895185019192e+04
  2.526143264369599e+09  1.738085431511397e+04 -2.401283893916145e+04
  2.526245705235344e+09  5.310875363894270e+04 -1.314231320233606e+05
  2.525997177622419e+09  5.636278486368246e+02 -1.031650679002074e+05
  2.526217054597202e+09 -1.784499735676474e+04 -5.153783579504932e+03
  2.526066785513698e+09  4.011665677155345e+04 -1.305172526661574e+04
  2.526057317067541e+09 -9.296518514927546e+04  3.238466393197016e+04
  2.526214785741568e+09 -2.290190608590604e+05  1.362278305314888e+05
  2.526309316769581e+09 -8.042266205237329e+04 -3.314003855607042e+04
  2.526155004586038e+09  5.439327368468406e+04  5.241632717412111e+03
  2.526000287443714e+09  2.062199755669432e+05  9.890440104816714e+04
  2.525953742708642e+09 -6.261314266980463e+04 -6.538069001742179e+04
  2.526144759574596e+09 -3.421111602640734e+04 -2.735221702804242e+04
  2.526097646034806e+09 -8.434298273960152e+04 -4.729660015149228e+04
  2.526178485425676e+09  5.475964256724808e+04 -1.843190367449005e+05
  2.526130283528722e+09 -8.176909439699200e+04  6.737652852578215e+04
  2.526100641140371e+09  1.416825487964440e+05 -2.700318600957061e+04
  2.526013370360957e+09  2.986787220499077e+04 -1.250806586056147e+05
  2.526076432097373e+09  6.579821073397493e+04 -1.747247889131056e+05
  2.526201093781925e+09 -9.868084418458818e+04 -2.673871165808244e+04
  2.526058676425679e+09  4.540078093549912e+04  4.982100499853701e+04
  2.525968535235829e+09 -6.884169052064652e+04  2.209387239023019e+04
  2.525865161380510e+09  6.261138757134776e+04  1.885993540670280e+04
  2.526324754716702e+09  8.639904502834589e+04  7.154309042205696e+04
  2.526120922656711e+09 -8.180416271263675e+04  1.357660476371765e+05
  2.525909646007877e+09 -3.280798500672120e+04  1.373573217817025e+05
  2.526131361181305e+09 -1.028524487673190e+05 -5.202183080647176e+04
  2.525963518083611e+09  1.039007955387642e+05 -1.046278396931890e+05
  2.526048262873304e+09 -1.987374284235700e+05 -3.951965739850793e+04
  2.526211102542222e+09 -9.790359710542092e+03 -9.225039665067580e+04
  2.525966291318008e+09 -3.034881613169052e+04  3.849568159789377e+04
  2.526054825582289e+09  8.362312537782011e+03 -1.159637848160433e+04
  2.525990360928967e+09  1.060187044130461e+05  6.640451515507977e+04
  2.526088877442969e+09  4.221843127611157e+04 -1.839165570353856e+03
  2.526216452816133e+09 -1.213042046469636e+04 -1.190819737541468e+05
  2.526206455032148e+09  1.484672634274070e+04  4.157857106099324e+04
  2.526154976030766e+09  4.500098685955699e+04  6.557610150028963e+04
  2.525999076947202e+09  2.901163925185800e+03  1.708103501530070e+04
  2.526315400353112e+09  8.540632003668213e+04  3.527354222632782e+04
  2.526114849659364e+09  6.513758706137328e+04  3.410433120415697e+04
  2.526297639861181e+09  1.020348601560055e+05 -1.789646954475202e+05
  2.526148796012945e+09 -7.317278237441846e+04 -2.688954418916849e+05
  2.526051995762216e+09 -2.190996250763769e+05 -2.398596728244083e+03
  2.526054585094150e+09  2.852176593541959e+04  6.596731289514509e+04
  2.526136204824297e+09 -1.517707193321855e+05 -5.512466228216444e+04
  2.526067481658708e+09 -1.101157182382692e+05 -1.077757725894516e+05
  2.526046796764257e+09 -1.754346334685388e+05 -4.305973902730300e+04
  2.526191661139153e+09  9.813502969734278e+04 -2.406658397880965e+04
  2.526082645508889e+09  1.595453139136886e+05  5.680093891619425e+04
  2.526284408638262e+09 -7.336699179719761e+04  7.304284879059083e+04
  2.526143846342086e+09 -5.076529378284729e+04 -3.266066506897053e+04
  2.526112910433200e+09  9.946607568363959e+04 -1.177015574446550e+05
  2.525965041567386e+09  1.484489197886843e+05 -4.861548197470827e+04
  2.526128083781111e+09 -4.287881672750623e+04  1.510583985779458e+04
  2.526033831032895e+09  1.747586496605719e+05  4.741014827994956e+04
  2.526171145566074e+09 -1.172932119465550e+05 -6.382763438192918e+04
  2.526033500939872e+09  9.915373967269715e+04 -1.684591247272999e+05
  2.525955627628803e+09 -4.224801342647230e+04  2.371940914785577e+03
  2.526099118546604e+09 -1.286545766630620e+05  1.070972064028068e+05
  2.526071654405639e+09  2.829828046419309e+04  1.866195955675139e+04
  2.526032197543391e+09  3.325716356963478e+04 -5.505277287499094e+04
  2.526138873427171e+09 -1.520922379628002e+05 -1.237342442824366e+04
  2.526049799574315e+09 -1.052728989120170e+05 -1.530686006865103e+04
  2.526075196139801e+09  6.933926055770350e+04 -3.722962049101735e+04
  2.526075592133394e+09  8.733156479782739e+04 -3.066113738862774e+04
  2.526251773377454e+09 -1.638655731299723e+04  8.284502487852424e+04
  2.526228165011286e+09 -5.638005451814726e+04  5.562242690556694e+04
  2.526191060404738e+09  3.077158589217649e+04 -1.415524361885102e+05
  2.526185206895967e+09  1.331761845553860e+05 -1.158841056179754e+05
  2.525934986553653e+09 -1.048223806841577e+05 -1.893458000056213e+04
  2.526063768053855e+09  2.691158365839615e+05 -6.105946726678545e+04
  2.526239443037185e+09 -3.340956391294004e+04 -1.305141998561309e+04
  2.526069031293100e+09 -1.035344046903824e+05  1.421543634273962e+05
  2.526208956130444e+09 -4.648150813940298e+04  5.776275750396788e+04
  2.526290728581689e+09 -7.809332563996178e+04 -1.664299058412050e+05
  2.526181586501019e+09 -5.244779098664061e+04 -8.530976698339576e+04
  2.526122380215271e+09  1.275595697363566e+05 -7.076319896026190e+04
  2.526122604445345e+09 -1.213417593979477e+05 -9.781937387383799e+04
  2.525973518172322e+09  9.310621699133352e+04 -6.268390399538679e+03
  2.526243569298532e+09  1.045707647704689e+05 -4.284588633747445e+04
  2.526054067232204e+09  1.310052542178145e+05  1.191735361605724e+05
  2.526012060072974e+09  2.087472778067339e+05  2.234103824962049e+05
  2.526179743149315e+09  4.484012860030471e+04  3.419604971083091e+04
  2.526197155658100e+09 -1.359831417702885e+05 -2.219715108849970e+04
  2.526124507979208e+09 -5.987130510045332e+04  4.463608900843651e+04
  2.526307624116358e+09 -1.459415380605473e+05 -1.069892826841064e+05
  2.526134093347377e+09  1.534352062743623e+05 -1.408094597952813e+05
  2.526221948000409e+09 -2.103098634035954e+05  3.896099348119144e+04
  2.525998425764406e+09 -2.300571945973805e+05  4.290544693532609e+04
  2.526015563627390e+09 -2.576127449962380e+04 -1.719170625217394e+05
  2.526039315414384e+09 -2.031184458498610e+03 -2.129822640870272e+05
  2.526223988821988e+09 -2.535451157837354e+05 -7.501883016550005e+04
  2.526049760545728e+09  1.432824379508572e+05  1.284115052286407e+05
  2.526067544328676e+09 -1.244190414648270e+05  1.971357508337675e+05
  2.526029384657575e+09 -1.387449160375400e+04  2.500801085312734e+04
  2.526198528795926e+09  1.040502940795191e+05  1.209587922518797e+05
  2.526005222617843e+09  5.887039105680457e+04 -6.982234157541185e+04
  2.525927424715506e+09  1.842961407155113e+05 -8.840654447739787e+04
  2.526150784277779e+09 -3.079013953692166e+04  1.042980500280801e+05
  2.526015457896507e+09 -2.426423066477769e+05  2.001763679465572e+05
  2.526062600453858e+09  7.604257800462702e+04  7.507624952211032e+04
  2.526267495813516e+09 -4.967442595131989e+04  6.165015477831627e+04
  2.525916338704363e+09 -2.904021077208105e+04  7.334875630867737e+04
  2.526175088112577e+09 -1.432661412099948e+05 -2.574399526402843e+04
  2.526178572299083e+09 -1.573951393664401e+05  2.563444350411449e+04
  2.526135208901814e+09  2.120530909809051e+03  3.433108019937627e+04
  2.526233638641688e+09  1.127228676330904e+04 -7.708296284377317e+04
  2.525980928632210e+09 -1.651902397967778e+05 -6.316738916541263e+04
  2.526290838327960e+09 -6.224043497755774e+04  9.077175491867587e+03
  2.526005166522767e+09  6.734329922723517e+04 -4.620667622728506e+04
  2.526105295203931e+09 -2.137027995766841e+05  5.306241960543944e+04
  2.526002707848300e+09  9.440914217932150e+04  5.669496773003135e+03
  2.526204789447164e+09 -5.624728339372808e+04 -3.318340039635426e+04
  2.526255659021110e+09  5.111099392156792e+04 -6.980127429855237e+04
  2.526078698859061e+09 -2.824948915914842e+04 -6.330817377063050e+04
  2.526196061118985e+09 -1.525113454418553e+05 -1.386442686207918e+04
  2.526208450251019e+09  1.753945309251540e+05 -5.906747943137540e+04
  2.526208102558964e+09  9.559932756688108e+04 -2.000691303088694e+05
  2.526087160708019e+09 -1.121877384936489e+04 -8.125345344416349e+04
  2.526049282476943e+09  2.202921214681701e+03  5.751157357817027e+04
  2.526050817778627e+09 -3.133632231646730e+04  3.759626516592025e+04
  2.526064854339366e+09 -8.821285771210224e+04  8.526399254604452e+04
  2.526106357142841e+09 -1.922187070688466e+04  1.582275678865970e+05
  2.526083507957571e+09 -4.827481465871795e+04  1.020483390643195e+05
  2.526186760523262e+09 -8.555265129931265e+04 -1.233388919358409e+05
  2.526185727801780e+09  1.198260473598052e+05 -5.802315554380137e+04
  2.526086846396927e+09 -6.514184516672923e+04  7.306298087535519e+04
  2.526022477123379e+09 -4.462495431087457e+04 -2.534651847629112e+05
  2.526350978171722e+09 -1.297563419621482e+05 -7.244619078774803e+04
  2.525973287399061e+09  9.176199005515774e+04  3.647382670722669e+04
  2.525997505713056e+09 -8.071501313466113e+03  1.172635432936149e+05
  2.526102894520777e+09 -3.731339583112858e+03  1.005838499733287e+05
  2.526123811496539e+09 -9.711001759950072e+03  5.919895477407402e+04
  2.526110123772433e+09 -7.504073791142146e+04  5.470397788639739e+04
  2.526052610843749e+09  1.205369864656171e+05 -1.852646534974281e+05
  2.526134363482513e+09  2.716861797950999e+04 -5.498248386763036e+04
  2.526080257494580e+09  1.108821330669797e+05  9.642625509703672e+04
  2.526061560715174e+09 -2.215429113095112e+05 -1.320402088857766e+05
  2.526185857016818e+09  3.463609069342422e+04 -3.519996753562544e+04
  2.526189336234701e+09 -3.893289665255265e+04  6.996352008190518e+04
  2.526080685079241e+09  2.006740648537894e+05  4.188551746564650e+04
  2.526109415675669e+09 -4.694207513968810e+04 -2.100621930055693e+04
  2.526187154693844e+09  1.999199650939205e+03 -2.216323809780289e+05
  2.526165656726658e+09  1.885825128552853e+03  1.544092383663866e+05
  2.526158700129616e+09 -1.118152769783095e+05 -2.780998922547605e+04
  2.526245380440740e+09  8.943711865230545e+04  4.874908114023833e+04
  2.526045008684235e+09  9.151774797524186e+04 -8.219545281418134e+03
  2.526081030385311e+09 -2.715168755386915e+04  2.216077150207129e+03
  2.526090621964367e+09 -2.054210528848509e+05  1.900498881983622e+04
  2.525955211247459e+09 -1.341646428248626e+05 -6.148930403256859e+04
  2.526130671451047e+09 -1.142438414605663e+05 -2.499587692546123e+04
  2.526196691026734e+09 -2.812524202044006e+04  1.179467791635892e+05
  2.526055236890678e+09  1.076840911050526e+05  1.879396939365962e+05
  2.526084501872257e+09 -1.184347906585234e+05  7.960784238937928e+04
  2.526200501288126e+09  1.407300288821086e+05  7.276190071614948e+04
  2.526144965686827e+09 -5.425798176109884e+04 -5.943755319588399e+04
  2.526130093298949e+09  2.342216680888925e+04  2.085296056940686e+03
  2.526080844109080e+09 -8.137851164499670e+04  1.665241513173479e+04
  2.526127790571910e+09 -4.477543476448627e+04  7.788810801548720e+04
  2.526141052261788e+09  6.328240199020589e+04 -1.292262382918409e+05
  2.525898178529056e+09  1.479284665557032e+03 -2.262217874176265e+04
  2.526184846622427e+09  7.883552526125481e+04 -6.332633009137118e+04
  2.526210456019298e+09 -4.328628563949326e+04 -8.670826974933530e+03
  2.526123393808134e+09 -2.372221999501856e+05  3.686306871482020e+04
  2.526059120024165e+09 -1.106987512277996e+05 -1.261772536438090e+05
  2.526086573449962e+09 -1.852471529366419e+05 -1.484966959780871e+05
  2.526064011332486e+09 -8.213854093380657e+04  3.918698737103655e+04
  2.526123189513654e+09 -1.271370129627385e+04  9.599369296852220e+04
  2.526263963129114e+09 -4.801566377641080e+04  7.300271287452872e+04
  2.526103757164346e+09  4.425248467380193e+04 -1.689179352486588e+04
  2.526346334161833e+09  5.923099485638598e+04 -8.263284126762184e+04
  2.526183199549929e+09 -1.780961451725424e+05 -6.055503786517098e+04
  2.526147748789221e+09 -7.485582955844887e+04 -5.468367387401464e+04
  2.526036278198869e+09 -4.919448464405932e+04  2.171624840414990e+04
  2.526093586082712e+09 -4.877206472767016e+04 -8.132601140718069e+04
  2.526026866724547e+09  2.203488178354143e+05 -2.251965028551733e+04
  2.526142423053407e+09 -1.552791177147988e+05 -4.432873200685508e+04
  2.526062810050259e+09 -8.512141685188143e+04  2.482490113870602e+04
  2.526061255320983e+09 -4.822155254379241e+04  1.091364872692282e+05
  2.526083941733048e+09 -1.952369738414802e+05 -3.372737271710334e+04
  2.525994539528404e+09  5.231943102652853e+04 -1.589727426511050e+05
  2.526195343529222e+09 -3.464500095071591e+04 -1.153166129444779e+05
  2.526196328819857e+09  1.379139716653185e+05 -3.925549148660182e+04
  2.526140407397032e+09  1.400494017134280e+05 -2.093928734685198e+04
  2.526276699533133e+09 -1.359525765450093e+05 -3.870551850663970e+04
  2.526093102327206e+09  4.661881936027133e+04 -4.078954897037103e+04
  2.526058992389189e+09 -7.561262606887797e+04  3.945569014665892e+04
  2.526089611836239e+09 -2.443498695689834e+05  3.945262964063301e+04
  2.526167443838544e+09  4.069438171154847e+04  8.994825109526829e+04
  2.526180180912111e+09  2.565694321133196e+01  1.120546201266744e+05
  2.526367767368373e+09  8.241736639484961e+04 -1.423826521611353e+04
  2.525920486137448e+09  1.919669718853547e+05  1.007203406676215e+05
  2.526023718743761e+09 -2.373777340094539e+05  1.230194499670303e+05
  2.526203365152381e+09 -6.390995411222358e+04  8.394935064654332e+03
  2.526078678817836e+09  1.476474405658420e+05 -7.441819147980830e+03
  2.526082592227567e+09 -1.399773450834560e+05  3.639548601066798e+04
  2.526104599378943e+09  1.706557207348515e+05  8.626796481660567e+03
  2.526285239213806e+09 -1.045391194612510e+04 -5.982796643442931e+04
  2.526316036027092e+09 -1.199266558563639e+04  3.049868498603726e+03
  2.526199535054811e+09  4.003223707050172e+04  8.127961392922478e+04
  2.526012348249898e+09  1.244515980842597e+05  6.093689703255286e+04
  2.526156307502954e+09 -7.845031756068533e+04 -1.868146064926498e+04
  2.526228932182582e+09 -5.315749861348653e+04  8.933329165313975e+03
  2.526132171065575e+09 -1.182844909122585e+05  9.811497049033362e+04
  2.526075900580327e+09 -7.999054199592909e+03  5.924143132162536e+04
  2.526102945835745e+09  1.454270794337499e+04 -6.973014265099214e+04
  2.526358556199828e+09  1.505136014283742e+05 -7.970017688996095e+04
  2.526271809358077e+09  2.326369866170874e+05 -3.846848922595917e+04
  2.526078190535127e+09 -1.500455728155485e+05  6.795390735248139e+04
  2.526151823130772e+09 -1.100131420452101e+04  1.511027165240567e+05
  2.526126024482848e+09  6.106007607425493e+04  2.812498628994403e+04
  2.526306042693767e+09 -1.954467644829424e+05 -4.792598802052758e+04
  2.526143527196043e+09  6.058796766714205e+04 -8.676007763342164e+04
  2.526012946149444e+09  1.696073070654180e+03 -3.780689040424419e+03
  2.526149081469998e+09 -6.623202178295326e+04 -1.837895897683431e+04
  2.526212095506921e+09 -9.549776967531093e+04 -3.837832019425882e+04
  2.525978341954231e+09  1.173071216270724e+05  7.222446383058699e+04
  2.526047135834082e+09 -1.550378507488271e+05  6.945661568370811e+04
  2.526004058138410e+09  7.513771318964422e+04  1.448790254638196e+05
  2.526148461734641e+09  2.476556556792650e+04  1.653356201498020e+05
  2.526138527008979e+09  8.470038936905120e+04 -4.040313702018652e+04
  2.526157769545821e+09  1.495242021817947e+05 -1.502183243068273e+05
  2.525891308258291e+09 -6.842043115977314e+03 -6.051706773765082e+04
  2.526080655065985e+09  1.199785345272024e+05  6.816659607707872e+03
  2.525980931705184e+09 -3.695046633808416e+04 -6.279122464592246e+04
  2.526187555112546e+09 -9.725854105856665e+04 -1.593347348626613e+05
  2.525988449555808e+09 -1.521812561975627e+05 -8.302820369553217e+04
  2.525993666104064e+09 -1.614962372059877e+05  1.657072845693398e+05
  2.526178930774119e+09 -6.083819552756229e+04  2.506654803655511e+05
  2.526092365934967e+09 -5.321972491945955e+04  1.785641126020920e+05
  2.526216183580526e+09  1.266960630876791e+05  3.721540865259484e+04
  2.526076030143393e+09  1.115651506847139e+05 -6.265428030003537e+04
  2.526233091688933e+09 -1.217807129857596e+04 -5.384110063873511e+04
  2.526249534689075e+09  4.576816564117966e+04 -5.129016418990889e+04
  2.526207133740414e+09  5.234313785388379e+04 -5.251855220673780e+04
  2.526106317431148e+09  1.409668944667093e+04  1.419794306866813e+04
  2.526160159716114e+09  1.025902244094084e+05 -9.599591518969650e+04
  2.526168554965323e+09  2.139541202085067e+05 -8.938948787445296e+04
  2.526128093572231e+09 -5.424498579998847e+04  6.291143997929833e+04
  2.526010582750594e+09 -5.915942622023169e+03  1.062921575513355e+05
  2.526293897680564e+09 -3.157520654412510e+04 -1.901561446823783e+05
  2.526172862494206e+09 -1.536130111315202e+05 -1.182767323434746e+05
  2.526186275469516e+09 -7.476988647654199e+04 -5.544148455002299e+04
  2.525997021766818e+09 -1.318277410772424e+05 -3.863910458466224e+04
  2.526226685010419e+09  1.257985236260912e+04  9.296078294490464e+04
  2.526166566457355e+09 -5.041944278200413e+04  1.826106199691549e+05
  2.526132897521779e+09  1.281784213137696e+03  1.503144888817932e+05
  2.526132391226840e+09  9.615990941245225e+03  1.207226156647553e+05
  2.526177071365576e+09 -7.818796519112098e+04  6.926158221082971e+04
  2.526075884308566e+09  1.465851867788015e+05 -1.627184679444949e+05
  2.526092332612646e+09  5.797392704654805e+04 -1.840640732865444e+05
  2.526032845620891e+09 -4.410539058610611e+04 -7.349719845997007e+04
  2.526013700819591e+09  8.193616511223835e+04 -1.612832584386773e+04
  2.525962671548940e+09  3.318739151193062e+04  4.061546402753767e+04
  2.526251337433029e+09 -3.714697807147389e+04  1.903625282058018e+05
  2.526109194863751e+09 -1.096967531513586e+04  3.180056057351598e+04
  2.526128605561985e+09 -1.921495498984072e+05 -1.259523455234827e+04
  2.526176825163720e+09 -7.499786176334479e+04 -3.099613595238159e+03
  2.526283334838506e+09 -5.337561470662919e+04 -4.277279152045958e+02
  2.526094282171810e+09 -6.190606702683307e+04 -1.653486326843288e+05
  2.526121796203063e+09  3.974766913907439e+04 -2.200362906075599e+05
  2.526115369677606e+09  2.652142355133034e+04 -1.571861705154444e+05
  2.526196507209073e+09 -8.649371226802334e+04 -7.833194340704777e+04
  2.526035164491385e+09 -8.848698705718719e+04 -6.339302072017919e+04
  2.526224477017258e+09 -9.446157150786556e+04 -9.966155554998526e+04
  2.526279861796089e+09 -2.949526209165924e+04 -2.481459695237363e+04
  2.526033066996392e+09  1.711344766183441e+05  1.376434071477521e+04
  2.526209985476125e+09  6.330591449210769e+04  1.801037774371692e+05
  2.526214897180973e+09  1.828208737230676e+05  2.635216143518700e+05
  2.526110433533826e+09  8.518620767627610e+03  5.038260039660381e+04
  2.526172661569279e+09 -1.086525303189830e+05 -1.778829909575277e+04
  2.526114662606522e+09  2.535563179951900e+04 -1.095583697934506e+05
  2.526264428264118e+09 -1.280497695397307e+05  7.674564347302984e+04
  2.526011969854133e+09 -2.139689080050937e+04  1.772036676935577e+05
  2.526076102116508e+09 -6.693834244968265e+04  1.387201939055673e+04
  2.526245322347209e+09  8.250587106614839e+03 -1.365874870903310e+05
  2.526076336570401e+09 -1.026822066788751e+05 -7.079376037069550e+04
  2.526015298164845e+09 -8.898620396775659e+03 -1.257781944966462e+04
  2.525975428449220e+09 -6.243616440612939e+03  6.147203213400475e+04
  2.526206170844365e+09  8.125888929195050e+04  2.728720527395490e+04
  2.525988036914280e+09 -5.639915952986234e+04  6.704637237135996e+04
  2.525945485502503e+09 -1.016565431726874e+05  1.276336150046976e+05
  2.526296262810906e+09  4.678559064327681e+04  2.640446218044194e+04
  2.526140959380331e+09  1.212165382297649e+05  3.128009528502650e+04
  2.526106384003323e+09 -1.158899754851438e+05  7.949082194263634e+04
  2.526158175294327e+09  1.155990713323769e+04  5.199471593448741e+04
  2.526166633339965e+09 -7.741007650067826e+04 -9.756196826359277e+04
  2.526136216487320e+09  5.257351620574016e+03 -1.723509266569826e+05
  2.525918920027645e+09  1.239990939012181e+05 -1.049383787341099e+05
  2.526167505812074e+09  4.291800335533312e+04 -9.587617551104282e+04
  2.526143970896221e+09  9.000173283587256e+04 -3.791948926803446e+04
  2.526156945593986e+09  3.781591069975204e+04  3.960295909777842e+04
  2.526203550732700e+09 -2.488791104013748e+05  2.484764210350264e+04
  2.526134172670118e+09 -3.248030765388615e+04 -1.585236492717182e+04
  2.526286207037659e+09 -1.616065591832681e+04 -1.032982813686738e+04
  2.526212430611883e+09  6.139771290032822e+04  6.272330008594744e+04
  2.526272764938983e+09 -1.047882984127819e+05  5.324522318198427e+04
  2.526158880196404e+09  4.447699432124384e+04 -7.819604092308930e+04
  2.526147748985575e+09 -9.747723432135343e+04 -6.073351040876610e+04
  2.525992953043407e+09 -5.668666798265235e+04  4.527191256403760e+04
  2.526187529553515e+09 -1.958715766691221e+05  1.364237299872523e+05
  2.526048510054006e+09 -3.114520026452845e+04  1.048933724613225e+05
  2.525958179159967e+09 -1.104130455224928e+05 -1.103793525344521e+05
  2.526079314446254e+09 -5.657825326745911e+04 -4.801297246035775e+04
  2.526182531015332e+09 -1.416525017452109e+04 -2.069437168193981e+03
  2.526120127983404e+09  9.990991537106805e+04  1.427062419465256e+05
  2.526285145942103e+09  4.812694962589303e+04  1.201470060923770e+05
  2.526050658547234e+09  2.032528646225125e+05 -2.561850992352102e+04
  2.526141701540218e+09 -1.340645550210924e+05 -8.498941343285807e+04
  2.526178404320971e+09 -1.305106157755572e+05 -1.042128974401075e+05
  2.526142312834954e+09  3.228117738798834e+04 -1.009281714801684e+05
  2.526312498860931e+09 -4.028250641925732e+04 -1.034652085720630e+05
  2.526140508103583e+09 -7.783377608527342e+04 -7.602902426262770e+04
  2.526038749659292e+09  2.066708486892213e+04 -1.729682741337107e+04
  2.526043721909075e+09 -6.023585612891151e+04  5.568347067632060e+04
  2.526081097086759e+09 -3.038099452878578e+04  7.576055289363908e+04
  2.526058138973202e+09 -7.968744092422666e+04 -6.934279928534378e+04
  2.526041659970573e+09  2.922986592694570e+04 -2.212102147501899e+05
  2.526114636362181e+09 -1.547062438042674e+05 -1.438214668598914e+05
  2.526068450635428e+09  1.446713988092542e+04  1.099051044963268e+05
  2.526045979269811e+09 -1.437773483875814e+05  2.031002305171103e+03
  2.526231277432630e+09 -9.078840376550215e+04  1.267992082623555e+04
  2.526149279452480e+09  4.189970438750810e+03  8.154843954047305e+04
  2.526090198559759e+09  8.858624921331368e+04 -2.195468667199457e+03
  2.526025515263120e+09 -6.657647220993717e+04  6.216646147618291e+04
  2.525989636068579e+09 -6.846940684241685e+04  5.490445783939119e+04
  2.526049305564505e+09 -1.324938661887415e+05  2.269089507151372e+04
  2.526293879303528e+09 -9.288017293810192e+04 -1.984216537379322e+04
  2.526176724090650e+09  1.130909755820175e+05 -6.212943797924282e+04
  2.525956602661874e+09 -9.817355789999815e+04  5.915533744982834e+04
  2.526161203659906e+09 -9.906743800094491e+04  9.004418858150207e+04
  2.526135667681249e+09  1.682140999474761e+04 -9.365888260073029e+03
  2.526003664024446e+09 -2.994651003003720e+04  6.454354719808028e+04
  2.526072531135003e+09  3.633451886439580e+04  1.088357766189391e+05
  2.526069495453449e+09  1.672418254103814e+04  5.318197873755777e+04
  2.526164659134356e+09 -6.634443762842973e+03  1.189285528187379e+05
  2.525910948447198e+09  1.550272384112951e+04 -8.005525236704410e+04
  2.525922640829483e+09 -2.037576265831107e+05 -1.185848986594017e+05
  2.526138183967829e+09 -9.915756546007213e+04 -1.172047404358635e+05
  2.526359971523355e+09 -1.159788953687111e+05 -2.581111570862152e+05
  2.526194358678831e+09 -9.670659310724586e+04 -1.146609564804118e+05
  2.526150296309154e+09  5.806435363567004e+04  3.085095460672936e+04
  2.526057912257641e+09 -1.468709620594727e+05 -1.356128236713930e+05
  2.526189347525530e+09 -9.426664040330006e+04 -1.063964429158133e+05
  2.525897413691100e+09  2.580142037521084e+05 -7.057034049793000e+04
  2.525990408610807e+09 -3.745925731208292e+04 -5.073881006249366e+04
  2.526031259685436e+09 -1.107660312847595e+05  6.820479707268183e+04
  2.526121897189415e+09 -1.221870556568106e+05  1.263551415057623e+05
  2.525951181721114e+09  1.313175335893085e+05 -7.183889057165536e+03
  2.526131994403148e+09 -8.898688165350491e+04 -1.968532129829028e+05
  2.525932065148944e+09  1.145473087484981e+05  2.533332663590030e+03
  2.526236377763592e+09 -2.043208949567721e+04  7.817819835766149e+04
  2.526163367273959e+09  4.665159004535456e+04  6.296089070304483e+04
  2.526015508860418e+09 -1.504768361796035e+05 -2.997868231722899e+04
  2.526356104366479e+09 -1.563525046386670e+05 -4.712996264766195e+04
  2.526126422325938e+09 -2.854820051315776e+04  3.284721393491048e+04
  2.526104862541856e+09 -8.120338758048869e+04  8.618349809726723e+04
  2.526103411482743e+09  3.360805042270606e+04  7.691228022529534e+04
  2.525995719973939e+09 -5.598015034066990e+04  4.456800641840557e+03
  2.526027955530306e+09 -5.278954098237026e+04  6.645994037768699e+04
  2.526120107777518e+09  1.290980816550080e+05  1.981561727830374e+05
  2.526024128579079e+09  8.794834341671038e+04  2.182922753134323e+05
  2.526010055519315e+09 -1.507410113211882e+05  1.444092802565815e+05
  2.526105744873546e+09 -2.679108977825171e+04  4.145417895064421e+04
  2.526260139721255e+09  2.658620785350548e+05  9.755203737966111e+04
  2.526094850627767e+09 -6.428528151033376e+04  1.631653927168786e+05
  2.526067388712997e+09  9.192032072753599e+04  1.007420803451412e+05
  2.526134374134871e+09 -9.217294094480085e+04 -3.545108587115770e+03
  2.525987205676348e+09  7.545997941055568e+03  2.554418394279120e+05
  2.525913160492452e+09  2.162714734105507e+04  3.261793832880829e+05
  2.526090019437417e+09 -8.304544540072116e+04  7.534049772171094e+04
  2.526089809534678e+09 -5.234061885390163e+04 -4.022270261537377e+04
  2.526249473505594e+09  4.588362780364370e+04  2.052330536253378e+04
  2.526240796358247e+09 -6.590387221367400e+04  4.948452533609467e+03
  2.526134059035638e+09  2.408696679448441e+04 -8.152562757639558e+04
  2.526140537651497e+09  2.054119293386088e+04 -7.028371456182189e+04
  2.526048836763155e+09  8.344724426001293e+04  3.129389945663745e+04
  2.526079000192274e+09 -6.498709923326736e+03  3.537540974640299e+04
  2.526022931915774e+09 -1.571112285141920e+05 -9.004536742972996e+04
  2.526181346061616e+09  2.473191173885961e+04 -9.352975444265117e+04
  2.526167823816853e+09  2.767810508831039e+05 -1.546190453843013e+05
  2.526099223666536e+09  2.862129582980543e+04  2.737671613685507e+04
  2.526030483545008e+09  6.299077909246460e+04  1.298891799204284e+05
  2.526157962372468e+09  1.350098816455684e+05  5.002299526520574e+04
  2.526239592614326e+09 -6.549903432332107e+04  2.074213533026705e+05
  2.525952859107628e+09 -5.610224390851660e+04  1.331139403014374e+04
  2.525815674109600e+09  4.471575340372918e+04  4.660399147676071e+03
  2.526334239191821e+09 -8.629667834809748e+03  1.242107582702886e+05
  2.526220653655359e+09 -2.417340850704594e+04  4.095863757254195e+04
  2.526029949010983e+09  2.234496500075362e+05 -1.372137372333623e+04
  2.526039923890913e+09  1.571220967459255e+05  9.538293417099281e+04
  2.526185636470147e+09  4.456146541374701e+04  1.489803668074992e+05
  2.526059487259767e+09  2.885484347339510e+04  1.383081931341789e+04
  2.526072528323801e+09 -1.024153828305041e+04  7.042588234154973e+03
  2.526137078704403e+09 -4.465292204415603e+04  7.685788678245607e+04
  2.526116380869226e+09 -4.098991952768504e+04  8.857092345724499e+04
  2.526070429300387e+09  5.501628837242001e+04 -1.984897350701236e+04
  2.526146099482610e+09  1.290655484225991e+04  8.759613289876748e+04
  2.526074740578003e+09 -9.920930329234339e+03  8.675072845725715e+04
  2.526085831204334e+09  1.601679852265117e+05  1.958512445001397e+02
  2.526212096655651e+09 -1.043775112144294e+05  5.111297360998928e+04
  2.526117046264124e+09 -8.725591386421258e+04 -1.278842024230325e+05
  2.526033755838863e+09  1.028735304587510e+05 -1.669178589943522e+05
  2.526121032566778e+09 -7.108195374770218e+04  5.357685367338054e+03
  2.525927251774423e+09  7.249998712901282e+04 -2.275031439891877e+04
  2.526001418701547e+09  7.772755469364533e+04 -7.362407134119689e+04
  2.526258954199153e+09  4.661412042514188e+04 -4.190374981701397e+04
  2.526078795109245e+09 -6.776643274884496e+03  8.165550784179941e+02
  2.526079278342927e+09  4.724575181526947e+04  4.566715637009824e+04
  2.525912833602590e+09 -2.641622983920365e+04 -2.132640087373555e+03
  2.526075482017299e+09  4.293988104055397e+04  3.804095633770525e+04
  2.526012846827221e+09 -1.305599072211032e+05  3.643411131024989e+04
  2.526152361439922e+09  1.869291098385073e+05  8.690452120657341e+04
  2.526127744894408e+09  5.215714948008898e+04  2.486064094277305e+05
  2.526036067788507e+09 -6.591764467429084e+04  9.761601426039869e+04
  2.525941818787243e+09  1.550580869467223e+05 -1.583424250997650e+05
  2.526035317451401e+09  5.338377322091628e+04 -1.358358887211243e+05
  2.526150789684149e+09 -1.077548210739454e+05 -4.487883634728263e+04
  2.526075786754691e+09  5.546263511455525e+04  6.376122184073646e+04
  2.526151590327775e+09 -4.357980707114388e+04  7.840131099062180e+04
  2.525988955509736e+09  5.831922581412783e+04  8.331400178404059e+03
  2.525902117189647e+09 -1.455771657126504e+05  1.195509385535666e+05
  2.526145957498592e+09 -1.441454866828494e+05  1.173425682600231e+05
  2.526126685435118e+09 -4.454658912591462e+04 -2.803509985623317e+04
  2.526261551069933e+09 -8.216443254980654e+04 -6.603063656784652e+04
  2.526320803544123e+09 -3.162878503581299e+04 -6.812681939755334e+03
  2.526172795132888e+09  3.253385104329872e+04  7.193196848682151e+04
  2.526127992200681e+09 -8.689898717067228e+04  2.090290592498088e+04
  2.526168471637261e+09  1.444545122498795e+05  5.386352462348965e+04
  2.526092284931001e+09  7.987363152740686e+04  8.102350377071428e+04
  2.526138062383502e+09  4.563094785579480e+03 -5.155454210339300e+04
  2.526137252284610e+09  5.799807870217413e+04 -1.524481680148934e+05
  2.526024123822976e+09  6.968881306592340e+04  1.244075934655063e+05
  2.526192805022675e+09  5.812895497993007e+04  1.084385106685059e+04
  2.526186015419734e+09  8.801132854707283e+04 -8.895192185798055e+04
  2.526150160997810e+09  1.378285349418577e+05  1.954737789769599e+04
  2.526160390376601e+09  1.033610000967709e+05 -4.857381729265209e+04
  2.526162216122421e+09 -1.863788115609788e+05  7.365743825044722e+04
  2.526325526831785e+09 -1.263547289423906e+05  6.663484746948288e+04
  2.526250945076150e+09  1.169719500839589e+05 -1.670892001447521e+05
  2.526113115673589e+09  7.408338624241750e+04 -3.554983267116663e+04
  2.525984246166578e+09  1.418097007902322e+04  2.093850183398838e+05
  2.526352472927605e+09 -1.997376481360488e+04  8.853369337112000e+04
  2.526163383105141e+09 -5.928762036157248e+04 -3.392653767285636e+04
  2.526154762142817e+09  1.015441021316646e+05  2.528178185494416e+04
  2.526048183324350e+09  1.347374934051009e+05  1.417007022417535e+04
  2.526255101801801e+09 -1.807365148309240e+05 -1.576424943931880e+05
  2.526024267186617e+09 -3.108023349574470e+04 -3.482050956382183e+03
  2.526033471458381e+09 -2.735369988288591e+04  9.297435285096755e+04
  2.526083185134900e+09  1.607745016524731e+05 -5.692688663371457e+04
  2.526128987201440e+09  3.087183000733494e+04 -1.676230053217788e+05
  2.526010581041292e+09  1.885359998584669e+05 -4.315629603529081e+04
  2.526133867059987e+09  1.222701597206069e+05 -1.501876335912384e+02
  2.526106946729522e+09  9.744402908401471e+04 -1.918653111938690e+04
  2.526198227101585e+09 -1.360649232793924e+05 -8.446288509029697e+04
  2.526108569610344e+09  1.163844915682498e+05 -1.213285676039001e+05
  2.526064058753497e+09  1.584536468194672e+05  5.461678153844248e+04
  2.526090064522481e+09  1.178430970822643e+05  1.129076173147967e+05
  2.526253951142796e+09 -7.111820620924421e+04  1.334479126518676e+05
  2.526155568004408e+09 -5.154592186854716e+04 -2.128541397656989e+04
  2.526220318063492e+09  2.212434272369829e+05 -6.786770453874514e+04
  2.526127480962627e+09  7.431677051577158e+04 -9.188147115178662e+04
  2.526188932535521e+09 -2.681351357429195e+04 -2.052748646176906e+05
  2.526205524066509e+09 -1.173191455048997e+05 -8.489956050506118e+04
  2.526237072444669e+09  3.428666104655445e+04 -3.112033715057926e+04
  2.526063317344657e+09 -1.374477914978680e+04  8.334579017914762e+04
  2.526076136015889e+09  5.123323528918438e+04  2.051846359021085e+05
  2.526201525006616e+09  7.647236814009724e+04  2.973673678486177e+04
  2.526148252193418e+09  3.702610333665431e+04 -6.989598468333832e+04
  2.525875136632220e+09  1.853714726815668e+05 -9.341485514830099e+03
  2.526210580678167e+09 -1.351360484216521e+05  7.182052115064196e+04
  2.526144819420632e+09 -1.474935376967089e+05  2.366687230040166e+05
  2.526034013354981e+09  1.794661643732520e+05  1.161074090164551e+05
  2.525914402666009e+09  5.989486996476635e+04 -4.867116139151168e+04
  2.526213359364322e+09  9.518918736817408e+04  7.392444358904217e+04
  2.526173742410890e+09 -3.060712043438572e+04  7.955500546175626e+04
  2.526111346510556e+09  9.095027333838574e+04 -4.629916336761066e+04
  2.526245451928869e+09 -4.103338534236816e+04 -2.711806199658953e+04
  2.526006188816626e+09  1.813614867430653e+05 -6.044553843594831e+04
  2.526157250047007e+09 -1.308804797610649e+05  4.059186323225941e+04
  2.526307201385542e+09  2.221923002757487e+05  4.421285322148027e+04
  2.525826701250223e+09 -9.173336608789745e+04  2.933793995563575e+04
  2.525962798808138e+09  4.766784773593445e+04  8.955656376655836e+04
  2.526038495022078e+09 -4.814417357214552e+04  1.996935276275367e+05
  2.526089410843027e+09  6.698761944111786e+04  1.442806097679262e+05
  2.526099321824577e+09 -6.916857924035750e+03  5.309182448610204e+04
  2.526162269600080e+09  3.339373658101610e+04  3.595719073320640e+04
  2.526105773027170e+09 -8.469239557672795e+04 -4.071034385516995e+04
  2.526318976325658e+09  5.665843312375201e+04 -2.610517015720910e+04
  2.526223761559417e+09  6.800953018980473e+04 -1.300920257477020e+04
  2.526057084194333e+09  2.201853804403023e+05 -6.071218988318386e+04
  2.526167099042774e+09 -4.439976417038508e+04  4.636750446013140e+04
  2.526287410922989e+09  8.446046379651828e+04 -4.877242187500431e+04
  2.526296824524560e+09 -6.613113006465428e+04 -9.489091446561762e+04
  2.526219490734916e+09 -3.835454403742174e+04  4.205476329283440e+04
  2.526082283528406e+09 -1.124757448054028e+05 -4.529758163351950e+04
  2.526172902123836e+09  9.138638254221974e+04 -5.167844014671724e+04
  2.526340974011168e+09  7.364856839227671e+04 -8.870120887758676e+02
  2.526090989054965e+09  3.819768355658246e+04 -7.486000407473091e+04
  2.526131846426942e+09 -6.534755220555887e+04 -6.074376843062229e+04
  2.526187639148493e+09  4.991083984207333e+04  2.086278637571767e+04
  2.526245369636055e+09 -1.363621458822815e+04 -9.431445971565269e+04
  2.526076517866385e+09  1.523480632248903e+05 -3.101652367187943e+04
  2.526135962833386e+09  9.942173964749981e+04  9.184736115899013e+04
  2.526219167157529e+09 -1.545485712688609e+05  5.802814712911262e+04
  2.526067186678590e+09  6.049656431577052e+03  3.501021256090095e+04
  2.526110792386148e+09  1.216182036317484e+05  2.053156521909713e+04
  2.526210490698684e+09  6.550909863245068e+04  1.636957106519327e+04
  2.526168757161708e+09  3.989784630998177e+04 -5.483405932372273e+04
  2.526148060259471e+09  2.457974293019879e+04 -1.399732989609314e+05
  2.526264082300829e+09 -4.349009387504717e+04 -8.502244754889811e+04
  2.526040131642499e+09 -1.163205067411519e+04 -6.045003396140260e+04
  2.526161890708368e+09 -1.613087148740445e+04 -1.422131041927531e+05
  2.526313906189655e+09 -4.369812325292570e+04 -1.294390150077563e+05
  2.526036679297428e+09  2.075328097414844e+05 -7.015786511892761e+04
  2.526118117214380e+09  2.863056845359644e+04 -6.762583866078773e+04
  2.526098172949424e+09 -6.940477329476271e+03  1.721430477344198e+04
  2.526065123475788e+09  1.379220003809128e+04  1.070867719441885e+02
  2.526191508541666e+09  1.270086409708604e+05 -2.130097689124339e+04
  2.526075974385582e+09  6.523460100276861e+04  2.849666461295250e+04
  2.526124940453159e+09 -1.342815505504755e+05 -4.916594210165867e+04
  2.526116342670270e+09 -2.131398010061907e+05 -1.790268062008941e+05
  2.525982243125095e+09 -3.852832878781715e+04 -2.274979676072437e+05
  2.526174022171436e+09 -3.258588414865901e+04 -2.214771494122533e+05
  2.526185788653308e+09  7.514544375018450e+03 -1.308771674889207e+05
  2.526060274357422e+09 -3.975876096211118e+04 -5.204094645865282e+04
  2.526242360762224e+09  1.943607791953316e+05 -5.745731969003635e+04
  2.526200306729933e+09  2.893158333905367e+04  5.065597211845813e+04
  2.526219228680096e+09  8.947810849444498e+04  6.650580201393424e+04
  2.525943484221955e+09 -8.792920768364237e+04  1.385833994868240e+05
  2.526069065888614e+09  1.080311112491605e+05  2.761957293292892e+05
  2.526232856228378e+09  8.617741902777646e+04  1.348283632565774e+05
  2.526087778485916e+09 -1.018447676065984e+05  9.572837517387932e+04
  2.525947023968397e+09  9.643471834223703e+04  1.077286167245861e+05
  2.526129415679271e+09  2.005262933225435e+04 -3.279814238388557e+03
  2.526117401075989e+09  8.254733965357766e+03  8.663701618433138e+04
  2.526052104345559e+09 -1.928267942716822e+04  7.855554673407238e+04
  2.525966070349222e+09 -3.184503223120421e+04 -8.083802205919183e+04
  2.526158081189331e+09  1.588515076228837e+04 -1.918620625545271e+03
  2.526144976127728e+09 -2.146941160994885e+05  1.125623121635231e+05
  2.526326427218839e+09  4.753801861505373e+04  3.259977860154785e+04
  2.526191921912331e+09 -6.219041886226181e+04  1.087991542893284e+05
  2.526237074745216e+09  1.081442721098880e+05  1.145700151756698e+05
  2.526125092399194e+09  3.391298916345183e+04 -1.702316561479962e+05
  2.526105850044924e+09  9.514194079969218e+04  2.933838781655615e+04
  2.526190563638469e+09 -1.916981151474570e+04  9.608900391237321e+04
  2.525983860689515e+09 -5.764202067313471e+04  1.776778597732657e+05
  2.526150502888861e+09  7.920813338022586e+04  7.493818815189519e+04
  2.526038724458403e+09 -1.404282922691955e+05  2.421184000199632e+04
  2.526269699279322e+09  1.085420892525517e+04  1.237143057992059e+05
  2.526234398079098e+09 -1.124047889785813e+05 -2.775851958811516e+03
  2.526245255256129e+09  5.459054710490839e+04  7.768441023377515e+04
  2.526225689025952e+09 -8.242507910722098e+04  1.449535651552931e+05
  2.526179225619813e+09  6.469170260550815e+04  7.315501175576448e+04
  2.526090410734817e+09  1.952256823323800e+05  2.064215220400668e+04
  2.526107427373679e+09 -1.018384128449096e+05  5.004092709135648e+04
  2.526111915043132e+09  1.407730248658314e+04 -9.610865477563004e+04
  2.526061293038713e+09  2.067822933509247e+03 -1.515762025580760e+05
  2.526125784981466e+09  8.333750996703282e+03 -1.241253099781316e+05
  2.526066435614862e+09  1.027860307838235e+05  8.981469629417779e+04
  2.526057803261960e+09  6.377782578227331e+04 -3.925593071553909e+04
  2.526157289547395e+09  1.474528400349291e+04 -4.626489153104485e+04
  2.526200852780355e+09  7.877570557081839e+03 -2.367352724912204e+04
  2.525964084735839e+09  4.246055037503244e+04 -5.533023544142343e+03
  2.526281358770258e+09 -1.296252221142722e+04 -2.024893400638136e+05
  2.526029221988270e+09 -6.725662640080205e+04 -9.592427077958942e+04
  2.526267286479393e+09  1.198556083449871e+04  5.932374395836657e+04
  2.526216536904651e+09  1.558111971180882e+05  1.933951075931743e+04
  2.526238439139460e+09 -2.270996185861902e+05  1.737271039176704e+05
  2.526133309979404e+09  7.938788015432731e+04  1.643144738935276e+05
  2.525918595707389e+09  2.685681164570883e+05  1.289503673038110e+05
  2.525987958191875e+09  1.024305692232749e+05  2.864090311385179e+04
  2.526246055001834e+09 -3.470245263715231e+04 -7.187489350347291e+04
  2.526028441836175e+09 -1.096807928906853e+05  1.179643307937125e+05
  2.526238783745805e+09  5.971169961508585e+04  2.476442053501614e+05
  2.525995674340552e+09 -1.471043921319133e+04  1.187744979309677e+05
  2.526096461325747e+09  1.120483430834449e+04 -4.301550008271635e+04
  2.526132871158321e+09  8.785527875516121e+04 -2.227744231574025e+05
  2.526250420093942e+09  1.782945342580057e+05  7.660701378722442e+03
  2.526115881669541e+09 -7.667280201982698e+04  3.157555900421925e+03
  2.526011821328540e+09 -8.734755461762007e+04 -6.428979723995097e+04
  2.526062825050001e+09  3.931810577796149e+04  2.162431784470333e+03
  2.526148738885008e+09  1.462333921522333e+05 -4.961182318605948e+03
  2.526398930980758e+09 -2.914415006931487e+04  3.382719695173437e+04
  2.526239329989929e+09 -7.577889274319395e+04  7.721029380323575e+04
  2.526005736099708e+09  2.055561613416185e+05  1.674973727663081e+05
  2.526191756968160e+09  1.506805424833195e+05  1.210741703447276e+05
  2.525892972047138e+09  8.199935496590671e+04  1.314528084684934e+05
  2.526014665332726e+09 -4.307206352615665e+04  1.136765454592844e+05
  2.526145467787513e+09 -1.254010067134164e+03 -5.415589640951686e+03
  2.526147019084385e+09 -4.887559772603825e+04  2.132661965768738e+04
  2.526142343754534e+09  8.512093968151603e+03 -3.539974334834598e+04
  2.525983500489456e+09 -4.778383079033392e+04  4.876767491672188e+04
  2.526075687933847e+09  1.885549718396455e+05 -1.011411464636256e+05
  2.526008892293591e+09  2.602669754941631e+05 -9.498162521601515e+04
  2.526288422708565e+09 -2.264727938042321e+05 -3.106965185383579e+04
  2.526153552282741e+09 -1.591406878330163e+05 -3.319819103238202e+04
  2.526085436303554e+09  2.227699984119879e+04 -4.555222732071427e+04
  2.526160593712441e+09 -2.262803528810805e+04 -2.194393378378451e+04
  2.526164477421109e+09 -1.758072774825674e+05  1.093729125446427e+04
  2.526051654521029e+09  4.088889045978733e+04  6.061265478322242e+04
  2.526131616638445e+09  9.744950774930534e+04  6.233837557262671e+04
  2.526085926967706e+09 -1.459749754310143e+04  6.743905457690899e+04
  2.526053297533529e+09  1.096871577117718e+05  6.539801419375779e+04
  2.525996694003145e+09 -2.357761774872174e+04 -9.102397291035298e+04
  2.526070824661545e+09  1.254010011294892e+04 -1.078208040217611e+05
  2.526024840297143e+09 -3.673103272976563e+04 -1.179815533221788e+05
  2.526087661744218e+09  1.966747996856831e+04  1.823766717041936e+04
  2.526224951872684e+09 -7.734124902276015e+04  6.625078506234265e+04
  2.526199690660747e+09  2.588947865857659e+05 -9.124510976471554e+04
  2.526346582695523e+09  1.503174569823317e+05 -1.944382210564590e+05
  2.526061204551555e+09 -1.823638293054206e+05 -1.066743218960615e+05
  2.526049710411667e+09 -9.191192554311058e+04 -7.628334362106804e+04
  2.526050079333535e+09 -6.254659693100967e+04 -4.647685872589657e+04
  2.526243091154644e+09 -7.016174937476276e+04 -4.112214072554151e+04
  2.526019811129357e+09 -1.690301295925722e+05 -9.876394075788662e+04
  2.526168038383399e+09  2.995770166134415e+04 -8.270234895947814e+04
  2.526030162376267e+09 -5.255421434312873e+04  4.171468970628048e+04
  2.526002970760520e+09 -3.575330650797382e+04  2.144259491963568e+04
  2.526091699179945e+09  1.116672011359251e+04 -9.097377193138932e+04
  2.526080278371855e+09 -4.003049094916461e+04 -5.122245755169517e+04
  2.526061675432223e+09 -1.638081039935232e+05  1.162499525618362e+05
  2.526020881592984e+09  9.654116471905680e+04  1.001434382955027e+05
  2.526262815470737e+09  2.674435287089506e+04 -9.406339595026057e+04
  2.525992577489936e+09 -8.584550405836198e+02 -4.792345922917384e+04
  2.525916952242805e+09  4.291832263760942e+04  9.095118383282470e+04
  2.526136520157656e+09  7.294114199271426e+02  1.522664089801846e+05
  2.526119303571100e+09 -4.305215083863749e+04 -9.453369737161929e+04
  2.526293823753659e+09 -9.207460604238312e+04 -9.139345395117241e+04
  2.526162317668152e+09  5.527848025653348e+04  6.983108158246428e+04
  2.526011595811339e+09  5.409935696798802e+04 -1.154074144032260e+03
  2.526107185503686e+09 -9.702432163717574e+04 -9.937117693066184e+04
  2.526194616593772e+09 -4.147865348215529e+04 -6.162926392413909e+04
  2.525965903386188e+09 -5.016546975862747e+04 -1.346991395347053e+04
  2.526081335404219e+09 -1.010565841536886e+05 -9.954365969716432e+04
  2.526164209593401e+09 -1.075708761029216e+05 -8.105972360955260e+04
  2.526083035982368e+09  3.508470419488312e+04 -4.223222486046655e+04
  2.526091120199966e+09 -1.128971140992905e+05 -6.189319360373123e+04
  2.526136774500050e+09  1.574920316726412e+05 -9.199910917729585e+04
  2.526090571259306e+09  3.928101953654061e+04  9.634559628611576e+04
  2.526079785576253e+09  8.789656864174735e+04  2.351385253754330e+05
  2.525987955194700e+09 -2.088364376197453e+03  2.875034898233573e+05
  2.525826142583571e+09 -6.611170135836629e+04  1.692756095105514e+05
  2.526261534229405e+09 -2.005944409967005e+05  8.033301601192291e+04
  2.526120166272041e+09 -2.029346294346912e+05  8.754413975085597e+04
  2.526305281461898e+09  7.668013367912592e+04  7.019903776728205e+04
  2.526081399066423e+09  7.483120081120799e+04  7.738368171859428e+04
  2.526057039919686e+09 -1.701681050683288e+05  5.750982536624884e+03
  2.525947317143604e+09 -6.182092355900561e+04 -1.107742728356603e+05
  2.526104279038880e+09 -7.486792486933846e+04  1.527933756396454e+04
  2.526182426105166e+09 -5.063798565352620e+04 -8.349326930177864e+03
  2.526097878358302e+09  1.345066774024379e+05 -5.561437760540214e+04
  2.526159741773000e+09 -2.793215239597252e+04  6.509958027513645e+04
  2.525924143700684e+09 -1.829865872913385e+05  5.167038876774837e+04
  2.525989920329159e+09 -4.935827621834748e+04  3.614953428668005e+04
  2.526189039944633e+09  4.056463182332554e+04  9.460558162720798e+04
  2.526061914370807e+09  1.069459243323135e+05  1.178041872768407e+05
  2.526069451026186e+09  7.488252596751794e+03 -3.986764229031021e+03
  2.526069791094387e+09  1.137207632888892e+05  1.593681253949507e+05
  2.526001597280766e+09 -5.546353285197425e+04  6.513900247468310e+04
  2.526136182745645e+09 -1.681028122810783e+05 -7.912458018586668e+04
  2.526018922938798e+09 -1.608473529169150e+04 -1.157998886965433e+05
  2.526109399875548e+09  3.586090485666826e+04  1.147396256323389e+05
  2.526073235518323e+09 -2.357525354600299e+05  3.486134424183080e+05
  2.526167282075516e+09  3.563405295993644e+04  1.501052932437090e+05
  2.525960927075784e+09  6.542296601092478e+04 -5.430505181628012e+04
  2.526126502445840e+09 -5.879774050539569e+04 -2.004779774073829e+05
  2.525984559623709e+09  1.538557347573253e+05 -1.520249932104833e+05
  2.526100511265796e+09 -2.144852390054178e+05  7.337642584754445e+04
  2.526164936908229e+09 -3.176817742549814e+04  1.741853562692442e+05
  2.526120805122651e+09  4.793907433899294e+04  2.063558503484412e+04
  2.525955288403379e+09 -4.461098930009292e+04 -3.331247564774973e+04
  2.526209207298325e+09  9.874765960710478e+04 -1.693589321965590e+04
  2.526071107314638e+09  1.245140242804089e+05  1.144891227888315e+05
  2.526006462369154e+09  7.526218259653123e+04  1.737039824489369e+05
  2.526133670448977e+09  2.733001477292972e+03  1.482842314738049e+05
  2.526153846496920e+09 -1.527473180886703e+05  1.873199726189268e+05
  2.525993631100307e+09  4.479175503897108e+04  1.376676462237726e+05
  2.526266387482523e+09  1.197049207124268e+05  3.355068703573244e+04
  2.526057211550023e+09 -2.507820244055651e+05 -4.538882625227235e+04
  2.526256815130047e+09  5.173148418210750e+04 -1.034768972319907e+05
  2.526312723928587e+09 -2.069659216699027e+04 -8.946390306351706e+04
  2.526010964182501e+09 -3.107014939863386e+04  5.831841025127331e+04
  2.526134247811478e+09 -3.003362344456903e+04  5.822746211951459e+04
  2.526160473613443e+09 -7.516390262157668e+04  2.740239522567380e+04
  2.526206458580865e+09  8.411608183237538e+04  2.976384048849717e+04
  2.526244948727631e+09  1.384869473426359e+05 -3.961555899896659e+04
  2.526197464327304e+09 -1.854007122257059e+05 -1.461033696961418e+05
  2.526060983710319e+09  2.286665985049572e+05 -7.140863884028594e+04
  2.526227094433517e+09  8.736649629758717e+04  1.243042016414896e+05
  2.526087240915629e+09 -3.411750910810661e+04  1.489251492793979e+05
  2.526148977973102e+09 -1.317389955824474e+05 -9.466490454183694e+04
  2.526250635395491e+09 -6.167993837310572e+04 -1.527270055348740e+05
  2.526149380554244e+09  2.232548007261823e+03  5.446905677336152e+04
  2.526329066251107e+09  2.011320433983331e+05  2.049827992976108e+04
  2.526167939267521e+09 -1.038731225688632e+05  4.623837839601515e+04
  2.526138303426178e+09  8.106301654206822e+03  9.614463811056188e+04
  2.526076654103103e+09  5.809149783417012e+04  9.190229193231580e+04
  2.526384975030002e+09 -8.658443308369489e+03  1.634988033833671e+05
  2.526195678382259e+09  5.723777191637125e+04  1.253697459143320e+05
  2.526189810167324e+09  2.044986530453170e+04 -6.288469959724572e+04
  2.526171141264229e+09 -6.899769031656405e+04 -2.137885404260629e+05
  2.526255592554043e+09  1.041155367424632e+05 -1.543196667381483e+05
  2.526175026134584e+09 -1.539342903620873e+05 -4.420189051485294e+04
  2.526076655005778e+09  6.875853070927161e+04  5.500222362918686e+04
  2.526087145960828e+09  7.203295162603128e+04  7.464096268133027e+03
  2.526115318770071e+09  5.449299438158830e+04 -7.605028923347534e+04
  2.526052619541610e+09 -7.110574324831250e+04 -7.008059233700391e+04
  2.526322438891392e+09  1.509678634280292e+04  3.745772291508829e+04
  2.525990635788548e+09 -1.415415990018712e+05  1.096167300027314e+05
  2.526075949645895e+09  1.078826701659982e+05  1.279620495313439e+05
  2.526116727312298e+09  5.661439168992406e+04  1.360334370152669e+05
  2.526050454067742e+09 -7.703144049898372e+03 -1.080462983609663e+05
  2.526151627396729e+09  1.437281409446162e+04 -1.735003000022895e+05
  2.526133878140616e+09  1.518250282608743e+05  4.174614725384224e+04
  2.526087295286320e+09  2.658996839448913e+05  6.802169790576538e+04
  2.526229430525769e+09 -6.325516699272208e+03  4.984077639988996e+04
  2.526134189176211e+09  5.931951081619365e+04  9.183122158392938e+04
  2.525967157293960e+09 -2.583156782359025e+04 -2.727932213787921e+03
  2.526222008881656e+09  3.443462469706988e+04 -1.772342410820892e+05
  2.526191348761581e+09 -1.502786253784690e+05 -5.288165168743813e+04
  2.526172657264198e+09  4.184204892189661e+04 -3.273910841607652e+04
  2.526118869539242e+09  2.916324439352145e+04 -5.505612629929197e+04
  2.526035633743770e+09 -9.932024816743220e+04  8.957936108862050e+02
  2.525976407695951e+09 -9.806090033115726e+04 -7.515238940901437e+04
  2.526035682900371e+09 -1.248584354771306e+05 -6.153974501003616e+04
  2.526319344535832e+09  3.332093328323093e+04  4.866917296920670e+03
  2.526233595464017e+09  8.286909122662409e+04 -2.283769336800522e+04
  2.526099084028775e+09  6.244984093363796e+04  1.089756662265877e+05
  2.526026582794223e+09 -5.100910729791471e+04  1.120342303892216e+05
  2.526156132365556e+09  1.093687676376780e+05 -1.351634550665598e+04
  2.526219350666132e+09  1.756825270996933e+05 -2.622541749165708e+04
  2.526015367197377e+09  9.318429790579389e+04 -7.889148967298539e+04
  2.526234423699812e+09  2.133112549866498e+05 -8.575928013406089e+04
  2.526099307169473e+09  1.127315532123463e+05 -1.317500424503549e+05
  2.526106731420643e+09  1.831378831740806e+05 -2.072589346920247e+05
  2.526308380362845e+09 -5.918009169136290e+04 -2.892411612794689e+05
  2.525790863615597e+09 -1.469896526928571e+05 -1.808344288816267e+05
  2.526054206920461e+09 -8.209101113188616e+04 -6.430783562506957e+04
  2.526072852730137e+09 -1.368570323209142e+05  7.326630400173683e+04
  2.526091842022544e+09 -3.855854442820209e+04  1.636755188964645e+05
  2.526096242924227e+09 -1.005454622203647e+05  9.562769671841702e+04
  2.526246891678069e+09 -3.712716992538143e+04  1.496238049122454e+05
  2.526202609862637e+09 -1.019132057603266e+05  8.695272907512670e+04
  2.526318361185815e+09 -8.330317548865918e+04 -3.667579333419985e+04
  2.526166308251937e+09 -2.919969957613898e+04  4.267698486369022e+04
  2.526017284516406e+09  1.354883070284501e+05  1.730899646758761e+05
  2.526172402143416e+09  1.207718505252664e+05  6.839120962158917e+04
  2.526075307953881e+09  5.746686562838347e+04 -1.293283251787379e+05
  2.526286536310544e+09  1.161285792122008e+05 -1.848957176363836e+05
  2.526170613032239e+09  2.245436504099134e+04 -1.729103299978087e+05
  2.526182976734869e+09  7.125125631165021e+04 -2.117209520111936e+04
  2.526190137408683e+09 -1.583681882049679e+04  6.876287043177267e+04
  2.526279879509232e+09 -7.985923322663526e+04  6.600254958471050e+02
  2.526004941293958e+09 -1.121347328217700e+03  1.740959032869525e+04
  2.526192547665827e+09  2.399228383618568e+04  1.457650197601898e+05
  2.526062594365656e+09 -1.654928531450080e+04  1.757328704687040e+05
  2.526105650136375e+09  2.340089786153752e+03  9.687571680645534e+04
  2.526170805697487e+09 -1.400590434937999e+05  3.021669173935195e+03
  2.526195765174288e+09 -1.647747952266550e+05 -1.769605636074068e+04
  2.526128163074909e+09 -1.841471489091341e+05  1.219337409528829e+05
  2.526169601664414e+09  8.759546397714934e+03  1.313493128810161e+05
  2.526020372442307e+09  7.027614205626608e+04  6.530162282412290e+04
  2.526214634809638e+09  1.897701481645648e+05  3.144784410447659e+04
  2.526133302062030e+09 -2.180792439105280e+04  1.514795131428167e+04
  2.526029062002061e+09  7.687403603141755e+04 -3.658002353582880e+03
  2.526154300162468e+09 -2.244891317707230e+05 -1.037385503632448e+05
  2.526187623634363e+09 -8.976535934607702e+04  8.993611892134009e+03
  2.526201077197251e+09  6.452681586474529e+03  6.453422609344684e+04
  2.526110764206058e+09  5.601164030133770e+04  9.790479622305313e+04
  2.526244033341148e+09 -3.035409180598991e+04  1.060761770556266e+05
  2.525888074499609e+09  2.306688704877053e+04 -1.891434974515252e+04
  2.526070388744555e+09 -7.741014476754796e+04  1.422746759267291e+04
  2.526113169196961e+09  1.713479502930907e+05  4.317575471496466e+04
  2.526045002412384e+09 -9.398348366661929e+03 -3.893453633947694e+04
  2.526111848207121e+09 -6.939100256019674e+04  7.957743249859475e+04
  2.526179970448135e+09  4.521231542930054e+04  8.080944636477984e+04
  2.526142918877993e+09  9.304693124550337e+03  2.952768050643010e+04
  2.526117748159283e+09 -1.090786946969334e+05  4.365117144834949e+04
  2.526160151151335e+09  1.939280725007555e+05  6.436098885052034e+04
  2.525998208832205e+09 -7.289774328829639e+04  9.883124887088011e+04
  2.525973955792926e+09  1.124837650243761e+05  1.393026657738777e+04
  2.526199671613541e+09 -1.291878805051530e+05 -5.063901956989523e+04
  2.526198394591150e+09 -3.360031398938620e+04  7.362032101003698e+04
  2.525990181861923e+09  7.308058330523048e+04 -6.268265926518885e+04
  2.526119399392135e+09 -5.760284366977052e+03 -1.259333676956648e+05
  2.526102553072320e+09 -7.771436931893998e+04 -4.518881502792257e+04
  2.526134465777897e+09 -4.895771641629678e+04  1.328332498792373e+04
  2.526067182212512e+09  3.559273137605150e+04 -1.524452681963355e+04
  2.525985096147844e+09  1.194379956046344e+05 -9.184271821696614e+04
  2.526251684016087e+09  1.949894672379829e+04 -4.497502416679543e+04
  2.526144919611370e+09 -9.288106278705891e+04 -7.031109500814276e+04
  2.526374376134667e+09  1.267475156259425e+05 -9.191260060294392e+04
  2.525909900069447e+09 -2.435623269788199e+04 -1.446436196974353e+05
  2.525964137272565e+09  1.984014260742062e+04 -2.693207185665010e+05
  2.526100879848368e+09  3.968254075207282e+04 -1.940929190614355e+05
  2.526262651764080e+09 -6.772041929724015e+04 -4.743474797379348e+04
  2.526089301602777e+09 -3.046786392313545e+04 -4.722454337035713e+04
  2.526264422276415e+09 -1.783493149918504e+04 -1.038552462977685e+04
  2.526075533056800e+09  4.338300461436308e+04  4.158987546867109e+04
  2.526240310031355e+09  4.275960636842425e+04 -9.007167934032623e+03
  2.526156484970325e+09 -1.001121819767268e+05  3.142604267465963e+04
  2.526095195449743e+09 -5.070768729123706e+04  2.125750656072721e+05
  2.526040204972907e+09 -3.547218722979445e+04  1.084515069101255e+05
  2.525968030101898e+09  8.313675828977907e+04  3.319495426573427e+04
  2.526266705145075e+09 -2.701961361800414e+04  1.145284975668124e+05
  2.526205305306496e+09 -1.176349693569681e+05  1.682284899528510e+05
  2.526183073226027e+09 -9.665633688475215e+04  2.441924504280094e+05
  2.526179946046222e+09  1.200076534886268e+05  2.025106774300777e+05
  2.526261298544093e+09  9.636654974337819e+04 -1.469062413649890e+04
  2.526070254218957e+09  1.932054411781696e+04 -6.086807266688487e+04
  2.526257370644264e+09 -1.325977270290563e+05  1.394736539208523e+05
  2.525916617560205e+09  2.477012386012048e+04  6.519657959559327e+04
  2.526098978825892e+09 -8.163398350310791e+04 -9.171536547306553e+04
  2.526189631667067e+09  2.186789527855616e+04 -3.857448889181809e+04
  2.526211962498278e+09  4.230137653718702e+04 -4.124592275898554e+04
  2.526097475909281e+09  2.705996637390002e+04  7.663639484427069e+03
  2.526221728937081e+09 -1.222444750483823e+05  6.683661030018446e+04
  2.526104037530879e+09 -1.276761916676045e+05  2.213495387526753e+04
  2.526060518323027e+09  5.497609386525548e+04  8.169098698702874e+03
  2.526225410686033e+09 -3.569571736002155e+04 -4.474106847286585e+04
  2.526112594256465e+09  5.049622717281876e+04 -1.654821469982875e+05
  2.526283426982795e+09 -3.379823605506786e+04  1.551587161139329e+04
  2.525983054053378e+09 -2.423426119839284e+04  9.962636209015409e+04
  2.526108976331029e+09  3.023922883491521e+04  7.438990777944122e+04
  2.526134084888894e+09 -1.048586724093650e+03  8.441520161218452e+04
  2.525954125431311e+09 -1.110365955117578e+04 -1.249857900451769e+05
  2.526075609381671e+09 -9.596647958512453e+04 -1.023234972468265e+05
  2.526254817715981e+09 -4.328741556130737e+04  6.729828731611453e+04
  2.526169551644968e+09 -1.172176909583667e+05  2.971520673102059e+03
  2.526057598829474e+09  5.557162901901751e+04 -6.430857517835032e+04
  2.526043471429146e+09  4.991033166040201e+03  1.098599604001100e+05
  2.526116959060970e+09  2.052919746851665e+04  8.865047048436897e+04
  2.526044464418833e+09 -1.492501000832480e+05  5.671539113879867e+04
  2.526226941942055e+09 -1.016760567958660e+05  1.256981889040449e+05
  2.526170881456436e+09  7.390273269489396e+04  1.667065033586113e+05
  2.526103425739887e+09 -1.054751165721165e+05 -1.821214354743244e+04
  2.526010401264525e+09  2.030391728365851e+05 -1.509841476351957e+05
  2.526067057222254e+09 -1.436417564042201e+04 -9.553083308340213e+04
  2.526332544767911e+09  1.147878990277732e+05 -2.177024489606509e+04
  2.526368595562153e+09 -3.739002432032686e+04 -7.783504949707308e+04
  2.526104804163573e+09  3.138741940456885e+04 -5.641024793492095e+04
  2.526215318552966e+09  1.135717764465562e+05 -1.608476458483832e+05
  2.525995504956663e+09  1.455349454072081e+04 -2.416766382813735e+05
  2.526235198227386e+09 -9.195636618944338e+04  3.967717709217151e+04
  2.526107647207542e+09 -1.326051035520568e+05  8.826720246350266e+04
  2.526175984427360e+09  9.714400174517790e+04  4.910761410667154e+04
  2.526076539707308e+09 -1.915217841151543e+04  1.665300547732516e+05
  2.526136238530297e+09  4.065316668337441e+04  1.036149001947541e+05
  2.526191561155234e+09 -2.660609295542608e+04  3.263623759741887e+04
  2.526074663044674e+09 -7.866933034642192e+03 -1.241142216738049e+05
  2.526065062697657e+09  1.044459699578374e+05  3.792866951111774e+04
  2.525941303082816e+09  1.331907289090799e+04  1.663959244856029e+04
  2.526015214546104e+09  1.461790701625191e+05 -1.390672854212949e+05
  2.526220510425023e+09  4.474232635655208e+03 -1.312118036002717e+05
  2.526220320208594e+09  1.901472216854820e+05 -1.687006991825033e+05
  2.526207212325500e+09 -2.314968105279829e+04 -1.595886899826438e+05
  2.526173521071259e+09  1.517641263666257e+05 -6.817190018302089e+04
  2.526164269558593e+09  1.802784642071503e+05  1.143925665856303e+05
  2.526075885003486e+09  7.805262281320919e+04  1.077474252017537e+05
  2.526094918504895e+09 -6.109925221445481e+04  2.109458803032007e+04
  2.526137670917310e+09 -4.398742156308715e+04  7.205257083052723e+04
  2.526140259701537e+09 -1.834108107656369e+04  2.001281411274965e+05
  2.526078635703458e+09 -8.802749104308011e+04 -1.662906459498191e+05
  2.526066638558208e+09 -3.953522413937410e+04  3.763224456650345e+04
  2.526225939850302e+09 -4.682282623153226e+04  1.316171645100908e+05
  2.526178985142874e+09 -1.640823891277878e+05  1.080056118745186e+05
  2.526180966136133e+09  1.544004636715418e+05 -1.343276092699901e+04
  2.525967294670111e+09 -1.257157913745684e+04 -8.598454674717921e+04
  2.526066717383859e+09  6.098094022466034e+04 -1.385735410413970e+05
  2.526181041153736e+09  7.970493725012545e+04 -2.195585007554363e+05
  2.526020880838318e+09  6.208266129840212e+04 -1.067367424715353e+05
  2.526166645642338e+09  1.128859413202299e+04  9.412680650125747e+04
  2.526203012344506e+09  6.427248541654868e+04  8.999708503404167e+04
  2.526018764685842e+09  9.166005844773306e+04  1.602539120776858e+04
  2.525993334283324e+09  6.973768836870976e+04  1.801486499925423e+04
  2.526113059710669e+09  1.928737742433645e+04 -6.876471917448053e+04
  2.526027702729389e+09 -2.229190039535379e+04 -1.087617181890908e+05
  2.526146184318886e+09  8.745973014854826e+02 -1.756485815083878e+05
  2.526131458286015e+09 -5.594387430423289e+04 -7.547395098420081e+04
  2.526130595309711e+09 -8.386186644998763e+04 -1.868676920708176e+04
  2.526102314507937e+09 -9.493122136970214e+04  2.158683899788879e+04
  2.526118705025455e+09 -2.596554177577337e+05 -9.559858977991599e+04
  2.526070131216818e+09 -3.786017354105637e+04 -1.792399356980918e+05
  2.526216309228542e+09 -1.602869384016589e+05 -1.407388602542844e+05
  2.526203973659912e+09  1.079905172672210e+05  2.418923708646768e+04
  2.525974784185326e+09  8.316928430205584e+04 -7.179594837251445e+04
  2.526068237871410e+09 -1.069262583339572e+05 -1.714027873120636e+05
  2.526212032231335e+09 -1.785733023323625e+04 -7.733865250961366e+04
  2.526092255417896e+09 -1.166844647192315e+05  1.943588586891163e+04
  2.526207269239951e+09  1.987521140815713e+04  6.806906622223527e+04
  2.526100661104873e+09  3.845125089093401e+04  9.730042413332942e+04
  2.526131539099442e+09  1.220147729767637e+05  1.358922661187735e+05
  2.526120471862333e+09 -4.521608468765719e+04  3.612062582417962e+04
  2.526116214977907e+09  1.675743319563754e+04 -2.728617430350697e+04
  2.526147000256839e+09 -1.471199233641486e+05  1.480809057146051e+05
  2.526158341997190e+09  1.298863412358942e+05  4.706867176199262e+04
  2.526154049033234e+09 -5.189821064005210e+04  9.461394087072217e+04
  2.526153104939802e+09 -1.118036746539527e+05  1.177951399259521e+05
  2.526193620587914e+09  1.024429485855025e+05  2.768281903450224e+04
  2.526000777477611e+09  3.428448877759837e+04 -5.748761260420200e+04
  2.526327718794176e+09 -1.386362071528181e+04  1.109375481080532e+04
  2.526169024364083e+09 -1.995850385952659e+04 -9.583356466422789e+03
  2.526150802897871e+09 -3.433186498154514e+04 -2.744561920556193e+04
  2.526084086660693e+09 -1.677464093578922e+05 -5.558807097434439e+04
  2.526081678728767e+09  1.115139659504581e+05 -1.248286599196970e+05
  2.526251848772521e+09  5.040696972012718e+04 -8.618301798481069e+04
  2.525991331021475e+09  1.628225400255062e+03 -1.330343794595409e+05
  2.526047926589459e+09 -2.015268106880179e+04 -3.562673604610475e+04
  2.526055882156940e+09  1.656819855713891e+04  2.186976428006182e+04
  2.526154366794550e+09  9.776216007673810e+04  9.763750851337286e+04
  2.526116390398668e+09 -9.275811333789129e+04 -1.542605890297682e+05
  2.526215856147250e+09  8.237413576582843e+04 -4.704572248388827e+04
  2.526054358192625e+09 -1.154805372117977e+05  5.128249669092882e+03
  2.526228216483452e+09 -6.500831388981167e+04  8.226901068561245e+04
  2.526065155184207e+09 -7.347255013018940e+04  2.848436141217547e+04
  2.526144537394508e+09 -9.760016132431105e+03 -3.105338213292902e+04
  2.526057621310248e+09 -7.129654439481544e+04  4.156390220334422e+04
  2.526017942160593e+09 -2.694132799026649e+04  9.917108073321939e+04
  2.526251045881920e+09 -7.464921067404584e+04 -3.058472287132888e+04
  2.526233539566118e+09 -1.293881601762552e+05 -1.500257866621352e+05
  2.526158423652867e+09  1.308352352429303e+05 -4.508283555723741e+03
  2.526196126707212e+09  6.666587954559352e+04 -3.868411192303052e+04
  2.526186367779259e+09 -2.702739706390060e+04 -1.334946839305311e+05
  2.525997744946301e+09 -9.199731859481928e+04 -1.174202809633743e+05
  2.526111668770486e+09 -5.121494493747782e+04  5.599878124946030e+04
  2.526161383372952e+09  1.407263615728742e+05  1.111620789424996e+04
  2.526204161946628e+09 -1.127723556445087e+05  1.784154226080200e+04
  2.526204599454064e+09 -3.959270958723896e+04  7.923190349582164e+04
  2.526174712791631e+09 -9.442242991400231e+04  3.205818966307153e+04
  2.526248750444455e+09 -1.089045460703776e+05  6.434801280533895e+03
  2.526219986218028e+09 -1.702775962147303e+05 -1.501139451953699e+05
  2.526148868393965e+09  1.820917460017806e+05 -2.252764095254545e+05
  2.526087065013637e+09 -1.968714575144491e+03  3.594378971479257e+04
  2.526121225564700e+09 -2.289551764730678e+04  1.193777459921096e+05
  2.526035143389190e+09 -1.255342994034640e+05 -1.523330311880860e+05
  2.526140673619004e+09 -4.105794476976059e+04 -5.228425128952344e+04
  2.526070430738966e+09  1.481466242022788e+05  5.104253961128602e+04
  2.526158821366634e+09  9.825547207939619e+04  5.137628497719063e+04
  2.526040172464084e+09  1.768702874975046e+03  5.939517603770416e+04
  2.526194767211074e+09 -3.005312172015756e+04 -4.529560426794249e+04
  2.526299057063570e+09 -2.185056442122196e+04 -1.163997022026116e+05
  2.526095827241649e+09  1.647541272727500e+05 -1.561299119595766e+05
  2.526091950343072e+09  6.862265098913107e+04  3.796101713393937e+04
  2.526168925189032e+09  7.237765511169822e+04  1.424692485948437e+04
  2.526114195059473e+09 -3.491691808761086e+04 -1.588047830902593e+04
  2.526008817355939e+09 -1.026289395862832e+05 -6.631625311406120e+04
  2.526177533571080e+09 -1.537931215633107e+05 -9.119012443544302e+04
  2.526223675240271e+09  2.987570432262967e+05 -1.113737881726503e+05
  2.526235838813728e+09  1.541084438487006e+05  1.656979304702498e+04
  2.526287426047232e+09  3.248312885596565e+04  8.851496060133862e+04
  2.526133513912888e+09 -3.586260728449961e+04  2.439944346398115e+02
  2.526274839193468e+09 -9.624348731761193e+04 -1.038370450958849e+05
  2.526281777473866e+09  8.004890399696724e+04  3.591053688692837e+04
  2.526228567174572e+09  4.922458599179378e+04  1.702579363804192e+05
  2.526072212336916e+09 -1.063925388085868e+05  4.198386901943828e+03
  2.526137523535067e+09  8.528630959687242e+04  8.172925422554999e+04
  2.526152401051232e+09  8.218813968692831e+04  7.775492295440822e+04
  2.526186039286419e+09  9.821801412840647e+04 -7.653941068059998e+03
  2.526284291416923e+09  2.103560414304863e+05 -5.495843857252796e+03
  2.525977893027294e+09  1.140718257731090e+05 -1.021284427664223e+05
  2.526193862220773e+09 -2.352962730621395e+04 -1.352401375126991e+05
  2.526078466970684e+09 -5.381229857799481e+02 -1.103783061131189e+04
  2.526149754217478e+09 -2.456892647890216e+05 -7.750096533677832e+03
  2.526207007901676e+09  7.961296303519449e+04  2.046631844590453e+04
  2.526267002186846e+09  1.520251194578439e+05  9.178035338535358e+04
  2.526012796790833e+09  8.367888204530184e+04  5.010506928785541e+04
  2.526125669566829e+09  3.400308104591478e+04  4.586152987616067e+04
  2.526264550395922e+09 -1.170264699921834e+05 -6.151051698267902e+04
  2.526032386519330e+09 -1.102515487063446e+05  2.422526429624273e+04
  2.526159183128269e+09 -5.239847703486378e+04  7.324510635770601e+04
  2.526091011721674e+09 -3.660267066245596e+04 -4.046221534796833e+04
  2.526205622224107e+09  1.231941767411064e+05 -4.680282025811131e+04
  2.526228271227949e+09  1.742346340069183e+05 -1.168624932867521e+05
  2.526079227622220e+09 -5.121683054624591e+04 -6.628052245351719e+04
  2.526129910969642e+09  8.162022637809388e+04  4.338802963245218e+04
  2.526184395175073e+09 -9.727613292911556e+02 -4.159152353469725e+04
  2.526245269855021e+09  2.533863395105983e+04 -2.426549747313093e+04
  2.526137755371119e+09 -4.994548705186707e+04  4.239921233866760e+04
  2.526038098896790e+09 -1.124162722338894e+05  1.229875459213667e+05
  2.525932843610491e+09  4.963519952491968e+04  1.712291208126745e+05
  2.526167942692327e+09 -5.557053127062507e+03  6.357712949850014e+04
  2.526406061177391e+09 -4.356310665144387e+04 -2.463191714305239e+04
  2.526367214231642e+09  1.418382535421549e+05  5.143343144626281e+04
  2.526148423399083e+09  8.831468140183622e+04  5.152995211809082e+04
  2.526113355918041e+09 -8.392429086023988e+04 -1.035852463104358e+05
  2.525986296682706e+09 -1.752278177120199e+04 -1.343948996936838e+05
  2.526155418663379e+09  4.171709941325407e+04 -2.594396081663267e+04
  2.526019218488797e+09  9.813717139884434e+04 -2.271751801534824e+04
  2.526260393564425e+09  1.047061517988517e+05 -3.759867465884314e+04
  2.526086459680710e+09 -1.880168062403449e+05  4.817033035581955e+04
  2.526183263864467e+09  3.864304822511412e+04  9.613972652607411e+04
  2.526037123053946e+09 -9.535021051400504e+04  1.422102074229801e+05
  2.526173422033424e+09  2.121930282838072e+04  1.729635188950219e+05
  2.526091586247101e+09 -1.922647246607595e+04 -8.673202116781450e+04
  2.526132484761581e+09  1.542889209980303e+05 -2.647225302809384e+05
  2.526105884294086e+09  1.144205416941276e+05 -1.508109242444565e+05
  2.526079369121171e+09  1.223909217458589e+04  1.080520305452519e+03
  2.526246297843352e+09 -6.104348096186575e+04  1.284544088235049e+05
  2.526162690224652e+09  1.582394876944204e+05  1.188799598558365e+05
  2.525982000048145e+09  1.037722785812425e+05  5.807988440572500e+04
  2.526155650766887e+09  7.670141915695643e+04  3.702554507021123e+04
  2.526065057505020e+09  7.264432234569930e+04 -8.116693562912752e+04
  2.526264197812206e+09 -8.566771216689306e+04  5.749249247123321e+04
  2.526086114789222e+09 -1.672301119337417e+04  2.989448116840184e+05
  2.526097942886834e+09  5.912039312252356e+04  2.742815334478253e+05
  2.526155288483716e+09 -1.514397058103763e+05  1.841613349947646e+05
  2.526169370802686e+09 -3.558621753448970e+04  4.712075752624427e+04
  2.526234533377621e+09 -9.840517699293862e+04 -7.726951221578421e+04
  2.526173890488032e+09  1.019691274411837e+05  6.023309498091834e+04
  2.526148026101364e+09 -5.706876586628676e+04  1.763903322116320e+05
  2.526278073009951e+09  6.809138923287520e+04  1.213453926899618e+05
  2.526122558318842e+09  1.844016390655063e+05  4.246563127564173e+04
  2.526089092580035e+09  1.588438269134496e+05  3.680464833277906e+04
  2.526069456769261e+09  9.652052587738819e+04  9.851334394255665e+04
  2.526175023430891e+09  3.533878343409137e+04  1.404552333275364e+05
  2.525996219750678e+09 -1.285541219889064e+04  1.350090207684243e+05
  2.526228331413937e+09  9.041582626617880e+04  6.554797416254645e+03
  2.526128063392021e+09  6.130271790332533e+04 -5.020739983823476e+04
  2.525949450500662e+09 -2.898083021812397e+04 -4.578355074289604e+04
  2.526043005715677e+09 -4.966501176843117e+04  1.357203142294637e+04
  2.526006655003840e+09  1.529631136157825e+05  8.684090230911737e+03
  2.526091662204943e+09  5.371787422146276e+04  3.694101619464788e+04
  2.526236526235097e+09 -6.906453191466094e+04  4.089269728422098e+04
  2.526120992339888e+09 -9.539934376560338e+04  9.071632001199355e+04
  2.526076789873314e+09  4.556170109796803e+04  4.555588029584772e+04
  2.526347558086066e+09  3.115801095218747e+03 -7.635341452760488e+04
  2.526105670258852e+09 -4.277551096530323e+04 -1.412759163504641e+04
  2.526055468589964e+09  1.217152427673242e+05  6.822286849880387e+04
  2.526296358241053e+09  2.951413123679371e+04  2.152414954711811e+04
  2.526095193123941e+09  1.054888135212343e+05  1.259674265352626e+05
  2.526064388431643e+09 -4.935698255429409e+04  1.997486711681138e+05
  2.526167243033057e+09 -6.101892250579022e+04  4.505607517173121e+04
  2.526085124986823e+09  1.357635122968012e+04 -3.721885573777859e+04
  2.526195579244769e+09 -1.638879781766090e+05 -1.266246157721314e+05
  2.525986132214224e+09 -9.111913349398877e+03  1.498805408445507e+04
  2.526035575779488e+09 -6.742652538836072e+04  1.811437448957989e+05
  2.526139762925778e+09  1.310158564741953e+05  1.194997723929875e+05
  2.526126693868471e+09  1.106206551845271e+05  8.273437258568243e+04
  2.526151493439869e+09 -7.852119037714205e+03 -7.207434746712632e+04
  2.526088368353342e+09 -1.128921235672354e+05 -8.537145179412421e+04
  2.526266487336215e+09  4.342026071883377e+04 -9.882575267686765e+04
  2.526156412606450e+09  5.518037393967248e+04 -2.550604936809838e+05
  2.526085170307170e+09 -6.645098081719344e+04 -2.087881497687381e+05
  2.526044276484635e+09 -3.335934204969648e+04 -1.622456623404908e+05
  2.526163212747165e+09 -4.978929726556549e+04 -5.028992910886370e+04
  2.526238816255570e+09  2.401400254624593e+04  6.007100265668042e+04
  2.526073294256721e+09 -1.701910122309538e+05 -2.023723331146967e+04
  2.526196333787158e+09 -2.972899938207166e+04 -1.997709415280796e+04
  2.526043632052344e+09 -7.899262702652731e+04  4.117569190986746e+04
  2.526137819370532e+09 -3.096359748193865e+05  7.343187469628139e+04
  2.526182603486485e+09 -7.401501046717132e+04 -7.030078048765604e+04
  2.526062528900008e+09 -9.606371270393673e+04 -1.487951606458384e+05
  2.526110948711716e+09  3.655879036921519e+04 -5.380137284241011e+04
  2.526147640341706e+09  5.593670233195683e+04  4.805111507672118e+03
  2.526144686868690e+09 -2.996947226426855e+04  1.408680737495394e+05
  2.526245666143204e+09 -1.343865650601729e+05 -4.067495179646031e+04
  2.526162453997077e+09  3.241761375969509e+03 -2.349050160762877e+05
  2.526045329280147e+09 -1.829425317892618e+04 -8.233067489355511e+04
  2.525970891543823e+09 -3.498984696831374e+04  1.022847158443875e+05
  2.526184111895811e+09  3.131282122304477e+04  1.039713301142268e+05
  2.526343862786577e+09  1.790588687189098e+04 -1.685168563941959e+04
  2.526183625370635e+09  7.596505880537967e+03 -1.271052273458666e+05
  2.526131169472811e+09 -1.784307643419069e+05 -4.974284447466722e+04
  2.526164109348237e+09  1.288129432470516e+05  1.765736894354057e+05
  2.526389397419700e+09  3.918460080194334e+04  1.024951648600987e+05
  2.526234074633691e+09 -1.989908108270194e+05 -1.193912332532462e+03
  2.526092517061160e+09  5.619844766689232e+03  2.968707175143453e+04
  2.525901207437821e+09 -1.809408422355901e+04  4.064257390489685e+04
  2.526251862470689e+09  4.504085470128548e+04  1.732869291315868e+04
  2.526123784546688e+09 -1.409351964792330e+04  2.128134584142617e+04
  2.526058312844803e+09 -1.021096193370391e+05 -9.031061976860190e+03
  2.526221331659955e+09 -8.565615338413219e+04  2.050227224850096e+01
  2.526341021220263e+09 -1.357950303449613e+05  2.774009505776782e+04
  2.526316235036342e+09  4.413410207885323e+04 -9.130569403994502e+04
  2.526052327519766e+09  1.730367433251545e+04 -9.974411425802286e+04
  2.526157023838589e+09  7.433704953696004e+04 -3.808939982516086e+04
  2.526042282056715e+09  9.125408230261412e+03 -1.818517479596650e+05
  2.526159864914965e+09  1.058448255664560e+05 -9.001009750589723e+04
  2.526026913312953e+09 -8.893694811952813e+04  1.869515090193180e+04
  2.526076966128250e+09  9.893981323523819e+04  2.325466244666139e+03
  2.526110875184039e+09  4.848017356441729e+04  8.677477377652971e+04
  2.526111137538956e+09 -1.593856763720848e+05  2.373921553348217e+05
  2.526135430612499e+09  2.214940388163328e+05  2.628473248946792e+05
  2.526152830381106e+09 -7.509298919493536e+03 -4.809192181048635e+04
  2.526113753504025e+09  4.599887282600879e+04 -2.726277166008492e+05
  2.526011988001411e+09 -1.361804654102200e+05 -1.394383068362304e+05
  2.526100158538164e+09 -3.371782081302791e+04 -1.356574271502078e+04
  2.526065852613621e+09 -4.354899756258354e+03  9.789846821074700e+04
  2.526341055566828e+09 -1.509298546533645e+05 -1.040039817501968e+05
  2.526145590075141e+09  1.183546866425230e+05 -1.378509204514548e+05
  2.526233235365107e+09 -1.209998842429330e+05 -1.072260727334312e+05
  2.526207604805904e+09  3.870595706372545e+04 -1.659901880621173e+05
  2.526074109296267e+09 -3.337923078119836e+04 -2.839912628525094e+04
  2.525901646023007e+09  6.293117625570251e+04  5.484324255473819e+04
  2.526172944268830e+09 -8.793820588984084e+04  2.569130665148159e+04
  2.526318545535229e+09  5.388415323768975e+04  1.578125460342045e+05
  2.526056481478408e+09  1.636953573924303e+04  1.385609331360635e+05
  2.526201196325827e+09 -8.245647999773931e+04 -2.018648820539366e+04
  2.526209615019872e+09  1.616269510654843e+05  2.800983563341270e+04
  2.526381463337025e+09  2.569273577255502e+04  1.020255639614671e+05
  2.526038845049809e+09 -3.991385445581703e+04 -4.637502195621439e+04
  2.526152950945510e+09 -2.568325668290042e+04 -1.958600940635356e+05
  2.526114653832413e+09 -3.621702259941236e+04  3.113606528143818e+04
  2.526066765923640e+09 -1.504421387987257e+05  7.100059642954497e+03
  2.526057191916603e+09 -9.226504589485098e+04 -1.077270950470269e+05
  2.526232349621816e+09  3.953905054893020e+04  1.294651558796999e+05
  2.526101915542063e+09 -2.393916336685681e+04  2.059572624329724e+05
  2.525961556217139e+09  1.567012777974544e+04 -2.837577701485623e+04
  2.526042626043473e+09 -9.657857354485162e+04  4.923801097001880e+03
  2.526141388037437e+09 -1.044464966180339e+04  1.227113376314392e+05
  2.525985109305694e+09 -3.758173388653132e+04  3.825878527986538e+04
  2.526151485385326e+09  5.646165299678920e+04  5.554836219166080e+04
  2.526151058984704e+09  7.373228121893713e+03  7.036398946702015e+03
  2.526059590343539e+09  8.409312235954334e+04 -5.068561233690195e+04
  2.526114033594214e+09 -5.997368746228589e+04 -9.307065027726372e+04
  2.526078558492336e+09  7.161584609839809e+04 -2.240914854837543e+05
  2.526155019957148e+09  4.677470346946572e+04 -3.419804716679576e+04
  2.526200540333192e+09  8.006944655307173e+04  4.064448003744858e+04
  2.526080325475070e+09 -1.749844600027800e+04 -2.711697635841323e+04
  2.526173799200059e+09 -1.363203139946740e+05  5.820914469192806e+04
  2.526081917335614e+09 -1.993279534791704e+04  4.142441041207593e+04
  2.526203524551281e+09 -1.295756288329419e+04  1.082627081005781e+05
  2.526220486352764e+09  7.906227316386066e+03 -1.653905342836049e+04
  2.525952135471627e+09 -2.245708523165283e+04 -1.198141356841731e+05
  2.526168932482626e+09 -2.301194343220640e+05  2.272162680683204e+04
  2.525913522982468e+09 -8.690909571117279e+04 -3.449779070290329e+04
  2.526083184771440e+09  3.994066868074227e+04 -1.087405362728438e+05
  2.526122130990069e+09  2.527457487198454e+04 -2.486594873027210e+04
  2.526182255996394e+09 -6.712110371357691e+04 -3.432095613362937e+03
  2.526064369253713e+09  5.074558694139880e+04  2.500142656475946e+04
  2.526167594565813e+09  3.165890858147468e+04 -2.970699913289770e+04
  2.526142531921029e+09  8.280084512276133e+04  1.060457356028305e+04
  2.526172095781322e+09  2.637308344596124e+04  1.534655704280292e+04
  2.526129242054076e+09 -2.327578923212737e+04 -1.289430443437808e+05
  2.526172435476235e+09 -3.686324586495245e+04  1.016117960929449e+05
  2.526091031243528e+09  3.217068752526841e+04  1.214272912611715e+05
  2.526240234499460e+09 -6.296064313261933e+04  1.792795267934415e+05
  2.526172855429659e+09 -1.445616467597475e+04  1.395972399109944e+05
  2.526138881973653e+09 -5.416981734443456e+03  8.640058401510329e+04
  2.526144080211095e+09  4.974378946644720e+00  5.609637634575879e+04
  2.526225677154803e+09 -1.665029813103937e+05  9.837486281930073e+04
  2.526016937503316e+09 -1.090246190190600e+05  1.108943313927306e+05
  2.526010735628500e+09 -1.336440452949455e+04  1.615661321209353e+05
  2.526133535588524e+09 -5.060588524562749e+04  9.610420037346345e+04
  2.526137962756679e+09  3.388339535305114e+04 -2.221112065238238e+04
  2.526167566633968e+09 -4.232677855265792e+02  1.444258552777500e+05
  2.526076067127920e+09  1.040986623006756e+05  1.902267669539915e+05
  2.526124275863202e+09  6.943434893551364e+04  1.881462872342416e+04
  2.526197984670385e+09 -2.738622539844620e+04 -5.595676115244717e+04
  2.526047065815371e+09  2.956713456363650e+03  5.193186370386847e+04
  2.526235635458465e+09 -3.378173031643545e+04  1.353573365254728e+05
  2.526267038676479e+09 -1.295594421009277e+04  1.527310038801050e+04
  2.526255970910995e+09 -9.559054332439369e+04  3.429686959020019e+04
  2.526251809959897e+09 -1.299967021755944e+05 -1.712142009272240e+04
  2.526058219342407e+09 -2.128789287133857e+05 -8.984650280682789e+04
  2.526003689834342e+09 -1.242777501812573e+05 -5.173840166737814e+04
  2.526152814253246e+09  2.914614564546756e+04  3.135605589394970e+04
  2.526193448973322e+09 -1.207685406363430e+05 -4.168245798923308e+03
  2.526125659698507e+09 -1.793347227871669e+05  4.898656799219723e+04
  2.526181748349516e+09 -5.983426052800124e+04 -6.958450470599113e+03
  2.526069162344009e+09  5.838531511720025e+04 -4.179409579180894e+04
  2.526132558665448e+09 -1.150663390451362e+05 -1.331872080161641e+05
  2.526021801752232e+09  5.244656900212748e+04 -5.764132270080873e+04
  2.526042327156677e+09 -2.238346068547841e+04  1.170804861975554e+05
  2.526338401608680e+09  3.053326956100058e+04  1.545666608619934e+05
  2.526315084220932e+09  4.700306647327926e+04  2.961017090252268e+05
  2.526059754994442e+09 -2.993080331545020e+04 -1.640933806061049e+05
  2.526202421135263e+09 -1.496729699589668e+05 -8.143032838472698e+04
  2.525940743609136e+09 -2.986720747396431e+04 -5.911617785798298e+02
  2.526241163146451e+09 -4.734595902611781e+04 -2.060522538935190e+04
  2.526243019350622e+09 -2.505633667631662e+05  1.358943175995082e+05
  2.525995367429554e+09 -3.128179489122331e+04  5.980554085120349e+04
  2.526100605493843e+09 -1.792084589100443e+04 -1.413012695381453e+05
  2.526103689061217e+09 -1.753851007076404e+05 -2.569400705532188e+04
  2.526248769096462e+09 -3.067821909861579e+05  1.355289384967145e+05
  2.526255910074244e+09 -5.527267888750415e+03  4.627432345958182e+04
  2.526081427902361e+09 -7.937077034277841e+04 -1.461046373286599e+04
  2.526078369659962e+09 -8.783114985875494e+04 -2.028474697648594e+04
  2.526152403896423e+09 -1.260233972699303e+05 -9.420445274551259e+04
  2.526036787108557e+09 -5.769369172440737e+04 -6.779862671744864e+04
  2.526022341636801e+09 -2.689103963032382e+04 -2.888769341702247e+04
  2.526044062184341e+09  4.951789575416176e+04 -6.253209551033750e+04
  2.526372276059813e+09  5.762051658729860e+04 -9.629037077985518e+04
  2.526261389932662e+09 -5.800376107948087e+04  1.501283702636824e+04
  2.526161855870160e+09  1.813330581945507e+04  1.035680882091020e+05
  2.526265115551489e+09  1.829720282563795e+05  4.814219464564347e+03
  2.526323956430092e+09 -2.694144531716686e+04  4.192470205917163e+04
  2.526106186149353e+09 -3.971617608796363e+04  5.681396996118897e+04
  2.526043239653054e+09 -9.155867856592478e+04  2.050641725522454e+04
  2.526025985433554e+09 -4.834205111900560e+04  9.425035246902658e+04
  2.525929150503987e+09 -2.180531477579334e+05  1.028755996622387e+05
  2.526043466621002e+09  1.425445086860918e+05  2.095620219476381e+05
  2.525935521627943e+09 -9.121580351842078e+04  1.901752153975894e+05
  2.526347681229727e+09 -2.275125300039281e+04  5.301418729391182e+03
  2.525941016774301e+09 -1.653154304177725e+05  3.710121386920050e+04
  2.526141085030464e+09  4.342904083724969e+04  7.999925106614601e+04
  2.526188989057639e+09 -1.353578448064520e+04  9.820009869187797e+04
  2.526027704380324e+09 -6.623588502853905e+04  3.230689370076370e+04
  2.526000279334934e+09  4.112794019715996e+04  8.918874717743136e+04
  2.526119848713113e+09 -1.210919915358099e+04  1.202641527637957e+05
  2.526158086926330e+09 -8.560197582950233e+03  1.560108199377807e+05
  2.526053430121800e+09  8.581444836303196e+04  1.209600920114544e+05
  2.526091051423716e+09  8.007455531328073e+04  1.499801829155232e+05
  2.526255940561279e+09 -1.476356088341126e+05  5.697566221632692e+04
  2.526179592547724e+09 -2.067181378654251e+04 -4.546654971474735e+04
  2.526216799897362e+09 -1.608793012202950e+03  9.636934456249746e+04
  2.526203311104269e+09 -7.755169606183434e+04  9.644515268408120e+04
  2.526144927516989e+09 -3.368930166042072e+04  6.710096824529092e+04
  2.526206002139055e+09 -1.609295189862305e+04  4.250039992242958e+04
  2.526173664858424e+09 -2.625490417356219e+04  5.900699958189018e+04
  2.526037036409451e+09 -8.200807726123196e+04  1.346791498485352e+05
  2.526126315378239e+09 -6.461162290377077e+03  4.636989708305500e+04
  2.526224370301473e+09 -1.533246046619437e+05 -8.050865442390088e+04
  2.526145300046135e+09  1.101124989621689e+05 -2.421786811815109e+04
  2.526174824309302e+09 -1.149912130188125e+05 -3.820981814399688e+04
  2.526022380609294e+09 -3.525823347564088e+04  1.443854913766449e+04
  2.526042942078666e+09 -1.081605545506370e+04  1.730536164628160e+05
  2.526214845219684e+09 -1.790769960063441e+05  1.151908917758879e+05
  2.526128910436656e+09  5.906499482008815e+04 -5.812275037078084e+04
  2.526061559524338e+09 -9.132561972418567e+03 -5.315908061048598e+04
  2.526211872790961e+09  2.090178080284357e+04 -2.305040982445003e+04
  2.526046950148486e+09 -2.392594106226414e+04  1.154406025007745e+05
  2.526175905929144e+09  5.546332345351751e+04  1.640174036852164e+05
  2.526163593247478e+09 -2.411113854443430e+05  1.079452864388478e+05
  2.525880756953990e+09  7.569428366231848e+03 -4.145049863047898e+02
  2.526165997174910e+09  2.331228897859901e+04 -9.478648907615873e+04
  2.526097385646480e+09 -2.712347404138581e+04 -1.573565355557568e+05
  2.526138588482190e+09 -6.436508856022323e+04 -2.957420109996945e+05
  2.526198777427933e+09 -1.463632429465784e+05 -2.026215717117202e+05
  2.526162391735857e+09  1.996046622632501e+05 -5.203231961240899e+04
  2.526204906375961e+09 -4.102217510207882e+04  6.313390936889069e+04
  2.526098913884383e+09 -3.293927827569039e+04 -4.897624848019262e+04
  2.526114609800469e+09 -2.038596147763915e+04 -1.315479682891548e+05
  2.526069817958810e+09 -8.635859915849660e+04  3.900906106039992e+04
  2.526148342901398e+09  3.693159101078322e+04  1.990668024981791e+05
  2.526208632100995e+09  8.583818997516533e+04  2.128681514271894e+05
  2.526257785234803e+09  1.466178250947373e+04  9.623273483719538e+04
  2.526315693244975e+09  7.838132781452313e+04  9.791929673471511e+04
  2.526231775457529e+09  5.287423029867688e+04  4.811371544671990e+04
  2.526135301907925e+09 -1.419166298335728e+05 -1.307169806674100e+04
  2.526012724134678e+09 -4.074127696252463e+04 -5.106359748206870e+04
  2.526126913257005e+09  5.478127771200892e+04 -7.363803624426853e+04
  2.526124755879078e+09  9.116319752743142e+04 -1.508014423844279e+05
  2.526169180342965e+09 -7.250131909943977e+04 -2.241146412567259e+05
  2.526135469715991e+09 -3.399324516309623e+04 -1.050435095432066e+05
  2.526134182926537e+09  1.434476029610308e+04 -2.190524072176090e+04
  2.526268175098346e+09  3.855485560814268e+04 -9.189919980611838e+04
  2.525967787602084e+09  4.271875410164040e+04 -1.478043186684549e+05
  2.526232494782085e+09  2.298563496903994e+04 -7.282724564919621e+04
  2.526159206917948e+09 -1.122359924682431e+05 -1.811936540307000e+04
  2.526340434385803e+09 -3.181899888602784e+04  4.016251990535483e+04
  2.526064544232193e+09 -1.828968769500696e+04  6.889360676932870e+04
  2.526096635986967e+09  3.076393118828419e+04 -2.576811867979905e+04
  2.526167737884269e+09  1.703814727400455e+05 -9.202977382048190e+04
  2.526054274346758e+09 -1.356966321455457e+05 -9.826541719838651e+04
  2.525875439483557e+09 -8.693215891744196e+04 -6.208915846387623e+04
  2.526059561037456e+09 -1.724587360868591e+04 -2.799495542575116e+04
  2.525951072284151e+09  6.399716975208139e+03 -5.327224769760598e+04
  2.526169141976050e+09  3.093848438752451e+04 -7.389868276199314e+04
  2.526139732763612e+09 -7.093849830086390e+04 -7.433012766525079e+04
  2.526131956402825e+09  3.739327328036213e+04 -9.048911926711621e+04
  2.526132278762893e+09  1.349263775435416e+04 -6.222883393340584e+04
  2.526163242849337e+09  1.092674012537315e+05  1.014062968379627e+05
  2.526107043111636e+09  2.684464969874913e+04  6.231899529253523e+04
  2.526291128154104e+09 -3.057783560193796e+04  3.821326461860150e+04
  2.526110999618804e+09 -1.035811871102930e+05 -3.860693220586015e+04
  2.526111107247593e+09 -2.775769603538350e+04  8.391804489603324e+03
  2.526114869901368e+09  7.333040736048250e+03 -2.104196888093906e+04
  2.526235099881793e+09  9.372480697192135e+04 -2.008250621071977e+05
  2.526036353701134e+09  1.556318320152268e+04 -1.963055237672715e+05
  2.526076204701130e+09 -1.278080861684880e+05 -6.475108862754935e+04
  2.526180858157157e+09  2.365323959897715e+04  4.707063729902497e+04
  2.526187438974065e+09  6.254601867448480e+04 -3.619074344146744e+04
  2.526143428227899e+09  1.510659283551415e+05 -1.177041332076152e+04
  2.525869307378407e+09  7.300891552128023e+04  1.814237434548563e+05
  2.526073337734593e+09 -9.282025927011506e+04 -6.672076595516992e+03
  2.525968157221446e+09  8.807012060800986e+04 -7.914979763965390e+04
  2.526085431687551e+09  6.692023141149944e+04  1.135256997626933e+05
  2.526259306566143e+09 -4.537027884580259e+04 -5.739774191353197e+04
  2.526159302616801e+09 -2.868542956840410e+04 -3.919842292243952e+04
  2.526141813139352e+09  1.752546154653555e+04 -4.440536105919781e+04
  2.526196745187330e+09 -3.708954006846738e+04 -1.357882628300654e+05
  2.526243152121079e+09  6.543082862411009e+04 -4.214416110313201e+04
  2.526131435977384e+09  1.290355255572647e+05  3.510980749566818e+04
  2.526299378219206e+09  3.667651329525225e+04  5.566367646815535e+04
  2.526266849921507e+09  7.321777981906547e+04  1.700913157963069e+05
  2.526107728589503e+09  7.271742644475657e+03  1.827233008025255e+04
  2.526147801960317e+09  1.124738964599654e+05 -1.269110443583595e+05
  2.526074475638327e+09  2.929927593188430e+04  1.365213674150627e+04
  2.526225262849361e+09  6.012214147504908e+04  8.690765786464803e+04
  2.525981925035209e+09  9.930547664856445e+04  1.506270512323151e+05
  2.526188315105340e+09  7.551223223461024e+04  1.156859223874337e+05
  2.526240915110081e+09  5.069758398498525e+04 -1.157468023631396e+04
  2.526192234232601e+09  6.172296816540312e+04 -2.320372322237570e+04
  2.526153844631805e+09 -1.315359270408623e+05  1.503296174627773e+05
  2.526290859749658e+09 -2.866118562070699e+04  1.357829637595480e+05
  2.526230437706404e+09  1.231715994646134e+05 -2.613473298334048e+04
  2.526095540755576e+09 -6.086893851215229e+04 -1.919073106552039e+05
  2.526087597526618e+09  1.252434021279556e+05 -1.167738958760255e+05
  2.526230083690523e+09  4.801710946669453e+04 -3.984583856242255e+04
  2.526053876235025e+09  5.994093616211182e+04 -1.531445946038874e+05
  2.526127057042689e+09  1.286861508245440e+05 -6.396145606695255e+04
  2.526069452085216e+09  5.757887662583648e+04  8.252074428202352e+03
  2.526054534582435e+09  8.571003064571414e+02 -6.038042017353966e+04
  2.526132358199666e+09 -7.334381573471916e+04 -2.021551904419006e+04
  2.526271843500997e+09 -8.201223090954998e+04 -6.411074782327865e+04
  2.526136695165051e+09 -1.808522277975399e+05 -1.799147549271584e+05
  2.526127096167821e+09  8.409695060121221e+04 -1.383987831084074e+05
  2.526112776456596e+09  1.167129842644322e+05 -1.744916348915701e+05
  2.526038919258396e+09 -6.996236997934245e+04 -8.927184780533845e+04
  2.526154727967028e+09  1.648275246100127e+04  4.507728293172416e+04
  2.526136713392077e+09  4.197659258414852e+04 -6.398057916178205e+04
  2.526101847636964e+09  1.690121163448598e+04 -4.547957768041512e+04
  2.526157743253489e+09  4.112787078495603e+02 -1.730252986519411e+04
  2.525962667066222e+09  1.390950469722634e+05  7.298278317319392e+04
  2.526251322243588e+09 -2.685162283658795e+04  6.525139872194675e+04
  2.526309094790974e+09  7.719224464218516e+04  8.737931076177815e+04
  2.526044906800312e+09 -3.465493525482388e+04  3.281816573200189e+04
  2.526140210792406e+09  1.033770770419427e+05 -5.990066552670230e+04
  2.526262027104242e+09 -6.226029389078854e+04 -7.110367355854041e+04
  2.526265144268606e+09 -1.522364855151793e+05  4.506506117656571e+04
  2.526261698585156e+09 -8.540925633315742e+04  8.441116792995867e+04
  2.526165411324945e+09 -1.382326674312441e+05  1.115633424365672e+04
  2.526098317484715e+09  1.590912265098095e+04  4.342946765196987e+04
  2.526164751532604e+09  1.339702734208452e+05 -1.410226294080494e+03
  2.526198466675267e+09 -1.384573714048509e+05  8.134688533555099e+04
  2.525971617796282e+09  6.746210671727898e+04  1.611773479203801e+05
  2.526098051663169e+09  1.281129536821505e+05 -3.232884736349934e+04
  2.526179500838606e+09 -1.314846298592000e+05  2.910813122466236e+04
  2.526306081286718e+09  7.641098730138474e+04  7.470023888494007e+04
  2.526145902332192e+09  1.663213215354430e+05 -1.239528913207236e+04
  2.526274335783559e+09  3.590902159167221e+04  6.723913305493805e+04
  2.526041830292969e+09  5.245745850987337e+04  2.132306464881618e+05
  2.526085978529860e+09  1.564403417045460e+04  2.198162163705565e+03
  2.526321562119365e+09  9.236675478118379e+04 -1.584393873817547e+05
  2.526072520734358e+09 -7.948661843995540e+04 -4.877239189860621e+04
  2.526055882049981e+09 -5.843400004483387e+04 -3.372431533441530e+03
  2.526243452314634e+09  8.402032030057418e+04 -1.426352609563670e+03
  2.526052720504412e+09  2.107626781782700e+05 -8.931001549210644e+04
  2.525970532932700e+09  6.113026235587243e+04 -3.052206957481673e+04
  2.526010051433623e+09  6.771436882753216e+04 -1.573854500866751e+04
  2.526007652093924e+09  4.377362727314210e+04  9.317258442728454e+04
  2.526175216186560e+09  2.456635520237048e+04  1.361306239856555e+05
  2.526028453894296e+09 -6.709128912211570e+03  2.155886168149081e+05
  2.526281139133922e+09 -5.163060608213895e+04  1.969850821442850e+05
  2.526218792198911e+09 -9.001196553415846e+04  3.979423736090772e+03
  2.526292233056479e+09  1.110765769207434e+05  4.341091971155332e+04
  2.526230734918736e+09 -1.196826916068613e+05  1.964673843326181e+04
  2.526112118691047e+09  1.346378822807007e+05 -6.268359789037448e+04
  2.525986811156581e+09  5.677947850983299e+04  4.146913499930210e+04
  2.526074111245274e+09  1.018417515630927e+04 -8.602547401764197e+03
  2.526076111368692e+09 -1.455086090830101e+05 -8.364743266528848e+04
  2.526096063174376e+09  3.502451043728204e+04 -5.197148241401475e+04
  2.526151452582114e+09  1.836091682174343e+05 -1.387104493133357e+05
  2.526131377811874e+09  1.682450940549681e+05 -8.898420327174486e+04
  2.526319119784513e+09  1.280903803127154e+04  2.571757450971776e+04
  2.526077673162635e+09  1.370881896608101e+05 -1.477494165782876e+05
  2.526138569158360e+09  7.587855364019022e+04 -6.750822823077138e+04
  2.526236373135309e+09  4.153693425328191e+04  2.216529200399783e+05
  2.526023576249879e+09 -1.115860371260324e+05 -8.622380932690448e+04
  2.526183616486704e+09 -1.652276393199805e+04 -1.821253706015408e+05
  2.526230923366248e+09 -2.609256585156000e+05 -5.178750249005039e+04
  2.526212084383022e+09  1.412716203142086e+04  3.342785357701418e+04
  2.526339722944913e+09 -9.739597292776487e+04  1.091817394131145e+05
  2.526210843444149e+09  9.401961532744742e+04  3.839627988384163e+04
  2.526128167978671e+09 -3.840547736120899e+04 -5.356265282567916e+04
  2.525945417084563e+09  4.568037302565831e+04 -7.161398772962509e+04
  2.526200583532460e+09 -1.145880182128107e+05 -4.901513001752761e+04
  2.526041860169518e+09  7.721845717069716e+04 -2.476652639055086e+03
  2.526022219088837e+09 -9.071876982289949e+03  1.115767018886085e+05
  2.526132238872739e+09 -4.766885639789316e+04  1.318885194062801e+05
  2.526049717162287e+09  2.715735583857540e+04  9.295316182804317e+04
  2.526063368080457e+09 -3.362545099764597e+03  5.414656894938787e+04
  2.526282425483136e+09  5.237936073136306e+04  1.501736224186048e+05
  2.526137251587083e+09  4.511291969501620e+04  3.133606959199207e+04
  2.526297216950547e+09  4.116601211042143e+02  2.258563245086919e+04
  2.526129636583487e+09 -2.428524363370356e+04 -8.567178090363927e+04
  2.526195826634620e+09 -2.400703784800074e+05 -1.147669516248954e+04
  2.526077865478747e+09  5.670834562780382e+04  1.317194567503999e+05
  2.526086196320679e+09  5.371246871692024e+04 -6.807108597748727e+04
  2.526078686970974e+09 -1.936949265722447e+04 -1.263059592315747e+05
  2.525967814345765e+09 -7.944012500380188e+04  5.273442057956732e+04
  2.526089675383732e+09 -4.732866708632093e+03  4.450745429656180e+04
  2.526150585687896e+09 -3.833338085669093e+03 -4.688612738556112e+03
  2.526175179062737e+09  7.587536508103763e+04 -5.886005760826683e+04
  2.526035687518787e+09 -4.113737119627174e+04  5.884963589648532e+04
  2.526199983885286e+09  1.596294115215365e+03  3.054791676828734e+04
  2.526061494534171e+09  1.674806010638173e+05  2.002611545713997e+04
  2.526056094527527e+09 -1.071775861323583e+05  2.168061437520407e+05
  2.526114704720947e+09 -6.923872609611135e+02  1.141198329121547e+05
  2.526381969052664e+09 -6.871129959050904e+04  7.603364275098080e+03
  2.526129065846627e+09  1.235055763146186e+05 -1.534055344311168e+04
  2.526272289742300e+09  7.450161935632583e+03  7.973874365476449e+04
  2.526152004934666e+09 -2.082433611106423e+05  2.046623604679336e+05
  2.526263206423442e+09  1.535945082788356e+04  1.167006952043120e+05
  2.526183248703510e+09 -5.598648122288857e+04  3.679138585875160e+04
  2.526033910450743e+09 -5.782161317275278e+04 -3.769654612598009e+04
  2.526089615799945e+09 -2.962818693502192e+04 -4.314270613628533e+04
  2.525961284592344e+09 -9.787931261664024e+04  8.773677115481743e+04
  2.526150047272019e+09  6.235855329232523e+03  8.746389439423522e+04
  2.526025229990215e+09  7.367407142986183e+04  1.015302723973235e+05
  2.526100689493206e+09 -7.561826837171473e+04  9.734587926944968e+04
  2.526130929060013e+09  8.347811381595588e+04  4.285361431681435e+04
  2.526041174294406e+09  2.145448508610110e+05  7.321781599829532e+04
  2.526232813390845e+09  6.767993720367231e+04 -1.182291453685856e+05
  2.526007415468049e+09 -7.476975984438625e+04 -1.607603068983711e+05
  2.526109627163196e+09 -1.197421776400495e+05  1.998862216473124e+05
  2.526216363423416e+09  1.079849319600180e+04  7.864169921783486e+04
  2.526179399340204e+09  1.024262819613707e+05 -2.945343995072361e+04
  2.526293287461773e+09 -1.049856697394436e+05 -5.077021350789536e+04
  2.525901000039255e+09 -9.330671952480217e+03  9.421028985550097e+04
  2.526124046231661e+09 -8.426001125531690e+04  1.264192458140454e+05
  2.526139857201200e+09  4.916386135150678e+03  7.935202313536953e+03
  2.526279162457710e+09  1.373945122799182e+05 -4.307564853969961e+02
  2.526070557050336e+09 -7.844608004852198e+02  8.702621401712438e+04
  2.526216573734931e+09 -1.012494281196408e+05  1.475139194502427e+05
  2.526114865776131e+09  6.859625547851308e+04  1.233855870533840e+05
  2.525980170470958e+09 -9.121945880475915e+04  1.256123382682091e+05
  2.526208298600463e+09 -1.954999562772992e+05  1.079571491756996e+05
  2.526102240411219e+09  3.189381229427643e+04 -1.925157239613280e+04
  2.526200065269387e+09  2.505662070239306e+04 -1.459374361316807e+05
  2.526251971055962e+09 -9.570682468703063e+04  3.727512762068131e+04
  2.526016843260743e+09 -2.205951373815364e+05  1.236566929555398e+04
  2.525959848159857e+09  8.675248567278520e+04  6.535359836341609e+04
  2.525975228154057e+09  2.079713807042250e+05 -9.025001804751344e+03
  2.526006667843929e+09 -1.089171050471819e+05 -2.605755640260538e+04
  2.526275064964279e+09 -1.460182650159071e+05  1.031848144547960e+05
  2.526102356840520e+09  8.207752189597161e+04  1.314193106988636e+05
  2.526077098884518e+09  1.146429100266818e+05  9.064744601918804e+04
  2.526185096739471e+09 -3.926150141746737e+03  7.042330696064513e+04
  2.526052786227655e+09 -3.020942186203552e+04 -4.288690440805547e+04
  2.526251160926186e+09 -7.448511869876832e+04 -4.145270354044577e+04
  2.526056445602244e+09  8.788174353015202e+04 -6.058650111661648e+04
  2.525983523501354e+09 -5.636209734971478e+04  8.932524639163865e+03
  2.526132239253767e+09 -1.273601265127233e+05  1.211209013456851e+04
  2.526089638059043e+09  2.084557961203705e+04 -1.113957098209898e+05
  2.526167877883782e+09 -5.188408314240657e+04 -7.309621586495335e+04
  2.526103432651395e+09 -1.044991025761989e+05 -6.450737418774446e+04
  2.526374345162253e+09 -1.948727875510837e+05  1.870527301892096e+05
  2.526228210820207e+09  3.873876522175106e+04  5.373647340104922e+03
  2.525977048374167e+09  1.020694437588279e+05  3.994595385944580e+03
  2.526202595035940e+09  7.003151695800526e+04 -4.782020069626096e+04
  2.526206725170349e+09 -1.411465377567560e+05 -2.076417308304994e+04
  2.526068428556668e+09  1.645508463207260e+05  7.593408850120823e+04
  2.526147033893211e+09  1.440387056594959e+05 -2.685936115237884e+04
  2.526233982063971e+09  5.881876008738216e+04  4.063692658232874e+04
  2.526088742141631e+09 -2.478039934261923e+04  2.222680120144710e+05
  2.526056190384333e+09 -5.436122171303083e+04  1.830291423228289e+05
  2.525816080141574e+09  3.536310149534675e+04 -2.520279914326681e+04
  2.526311196537001e+09 -3.727449693223971e+04  4.944771924546920e+04
  2.526067364287189e+09 -1.211522754704414e+05  3.112822442061035e+04
  2.526071477024613e+09  9.097637804097845e+03 -3.463940298939077e+04
  2.526137337697462e+09 -7.608618212991506e+04  2.613213754700776e+04
  2.526091346122499e+09 -1.732825682734721e+03  1.257874458742356e+05
  2.526057521646450e+09 -1.955382191836789e+05 -2.500975700876513e+04
  2.526011792530590e+09 -5.010322119692247e+04  1.080672328073985e+05
  2.526202597851991e+09 -4.025529002154991e+04  1.687737906190017e+05
  2.526127377532222e+09  9.211380105960008e+04  1.634967533017029e+05
  2.526057042231553e+09 -1.020262291497218e+05  1.870200509023960e+05
  2.526274386458055e+09  9.607396686463343e+04  1.442193782267863e+05
  2.526070343184193e+09  9.632828200572467e+04  3.503096543886047e+04
  2.526041877739312e+09 -6.199263443020778e+04  1.356459108020691e+04
  2.526229691766255e+09 -6.297090311687812e+04 -3.889512332681566e+03
  2.526197053071119e+09  3.550032795730652e+04  1.206649641382275e+04
  2.526227013931026e+09 -5.985992592293071e+04  3.129398236133601e+04
  2.526184486259753e+09  4.307533009917091e+04 -1.477095397697838e+05
  2.526244855727694e+09 -9.838925959884375e+04 -1.993851906880445e+05
  2.526157169553488e+09  1.986529880337956e+05 -9.732399493128632e+04
  2.526161932009828e+09 -6.818382567741428e+04  1.191725158931183e+05
  2.526175356761658e+09  2.001204011318022e+05  1.166259280556247e+05
  2.526146990562756e+09 -1.825386914906277e+05  5.969379058283987e+03
  2.526134379067492e+09  2.199944443639559e+05 -8.040316072857962e+04
  2.525971040843163e+09 -1.627540233138585e+05 -2.106578615721156e+05
  2.526190411088923e+09 -7.250560822580464e+04 -3.613896976647561e+04
  2.526054502894343e+09 -1.362639829528329e+05  8.493392549631861e+04
  2.526030456986933e+09 -4.426621891103400e+04  5.861288359366846e+04
  2.525963498298889e+09  9.064205096491182e+04 -3.724532213557672e+04
  2.526023469123708e+09 -9.323739027480595e+03 -3.839802909224786e+04
  2.526184316233726e+09  5.868825111561296e+04  6.316122386882181e+04
  2.525980397127929e+09 -3.284497173260769e+04  1.074697712606573e+05
  2.525932782314936e+09 -1.722427768489795e+05  2.653682534664986e+04
  2.526070161126179e+09  4.471774032786305e+04 -9.629825458492944e+04
  2.526046265005756e+09 -1.300978382613377e+05 -4.542991599906271e+04
  2.526095048689405e+09  1.923282339498733e+05 -6.092406194655038e+04
  2.526216909038171e+09  4.319781414308213e+04 -1.084835808317056e+05
  2.526197671839703e+09  3.750505414501496e+04 -7.513550550536020e+04
  2.526163506021944e+09 -8.224541405050107e+04 -5.584535406638472e+04
  2.526151668797597e+09  1.308891355821106e+05 -4.081886621712241e+03
  2.526244284261594e+09 -9.254982395409164e+04  1.804270889725710e+05
  2.526109831917470e+09 -1.415995740562640e+05  1.954604401202557e+05
  2.526180418291808e+09 -2.679844771040467e+05  9.623598216150695e+04
  2.526225221197284e+09 -1.173911304513600e+05 -1.160173163638714e+05
  2.526246259880321e+09  1.155335232058291e+05 -1.850572739041538e+05
  2.526234940504766e+09  9.377968077830435e+04 -1.220361004618833e+05
  2.526143450830716e+09  4.463888987911027e+04  3.447200751724397e+04
  2.526057638997490e+09  2.315841180946713e+04  3.779695864799130e+04
  2.526022875263159e+09 -7.254685017843265e+03 -2.449989682835236e+04
  2.526077742354587e+09  3.621079138393106e+04 -6.810995221986243e+04
  2.526161636397488e+09 -1.220725433848395e+05 -1.540487025356242e+05
  2.526185613832761e+09 -5.064172983367601e+04 -3.721581183233624e+04
  2.526193326923106e+09  5.891744731060276e+04 -7.273237515286729e+04
  2.526174185118133e+09 -1.225862341271988e+05 -6.684485510367411e+04
  2.526169214366498e+09  2.487879130002210e+04 -9.951330372546462e+04
  2.526085279707847e+09  5.228626440495485e+04 -5.089585148007842e+03
  2.526114752034862e+09 -3.813567517439614e+04 -6.098307294817013e+04
  2.526274173804700e+09 -2.138712742035161e+05 -2.373678253662341e+05
  2.526206307762107e+09 -1.252008561256894e+05 -3.460364346890051e+04
  2.526039073435046e+09 -1.224144359759345e+05  1.086864842086635e+05
  2.526243638634923e+09  1.820563474062160e+05 -4.815723669238156e+04
  2.526058474290442e+09 -3.427908225554228e+04  2.548431019452392e+04
  2.526070722001754e+09  2.029031745007075e+04  1.671105745717456e+05
  2.526112163334485e+09  4.521361751715024e+04  1.942126782302928e+05
  2.526136765359758e+09  6.618321985592926e+04  6.194018755892245e+04
  2.526041989481662e+09  2.317330916563375e+04  2.871297358684335e+04
  2.526111432830874e+09 -1.191611912959742e+05 -1.311637972400854e+05
  2.526134928923285e+09  6.070632020054199e+04 -2.255988978439800e+05
  2.526276516900813e+09 -7.257000393044821e+04 -4.115221071060619e+04
  2.526090449674057e+09  4.937197688949236e+04 -7.556264051727229e+04
  2.526070663924821e+09  4.920801948360703e+04  1.450259938708888e+05
  2.526070452493043e+09  1.925955582235872e+05  1.374653567654972e+05
  2.526401100621109e+09 -1.426914431817026e+05  1.079972410405582e+05
  2.526012794978786e+09 -2.567003617421363e+04  1.349094437286961e+05
  2.526064476527156e+09  6.712542582761566e+04  1.950035206563207e+05
  2.526033297124987e+09 -5.942682136392675e+04  1.236640983768231e+05
  2.526160156611466e+09  2.761701662340523e+05 -6.283669886880321e+03
  2.526144440610415e+09 -1.124609884252727e+05 -1.170316686311281e+05
  2.526034171549086e+09  2.172116735945486e+05  1.403684773502545e+05
  2.526192028854502e+09  8.155354944966803e+04  2.559625913504972e+05
  2.526257239214925e+09  9.966605815675447e+04  2.277136678983510e+04
  2.526203011350959e+09  3.252815172980796e+04  5.802289472628402e+04
  2.526128727579055e+09 -9.156706311625836e+03  8.390649136315193e+04
  2.526129929451701e+09  1.015927900357030e+05  8.762254270963441e+04
  2.525916845556996e+09 -6.945663825788558e+04 -3.575063271108648e+04
  2.526190823577672e+09 -6.259362986515916e+04 -2.757647055186320e+04
  2.526198873527216e+09  9.349213105696853e+04 -9.962170729022590e+04
  2.526216118845430e+09 -1.071575903182290e+04  4.731099935708055e+04
  2.526185997981392e+09 -1.205007869860882e+04  1.948791050995165e+05
  2.526072348100554e+09  1.719138206029509e+05  2.429539153928246e+05
  2.526135495925889e+09  8.467120050101483e+04  2.523915995724238e+05
  2.526102980122218e+09  6.153460753179179e+04  1.699519527973838e+05
  2.526163073247701e+09  2.541048821412702e+05  9.363388365479780e+04
  2.526278241662241e+09  4.793659169178270e+04  1.898049140242999e+04
  2.525969028900356e+09  9.917261300857179e+04  9.780861811828241e+04
  2.526177538706264e+09  2.196359774342160e+05  1.779227523073151e+04
  2.526130389973907e+09  7.977994916737117e+04 -8.346787735278835e+04
  2.526193145578170e+09 -1.137582113265744e+05 -4.606726077665426e+02
  2.526098955389232e+09  5.446226311308029e+04 -5.562895098354682e+04
  2.526176517447945e+09 -1.100542845034008e+05  2.170865861419926e+04
  2.526107911112050e+09  4.696192228531832e+04  1.041172250430494e+05
  2.526189774414539e+09 -1.821432341501924e+05 -1.412572432577924e+04
  2.526238282051309e+09  1.466054395300625e+05 -8.776073279073648e+04
  2.526238430836251e+09 -3.746049986093561e+04 -8.854861699536373e+04
  2.526135085051588e+09 -2.233686153193214e+04 -8.753992751434236e+04
  2.525962576326485e+09  1.271161988237289e+05 -7.919016397984046e+04
  2.526198534887429e+09  8.035184119081439e+04 -2.447818599065300e+04
  2.526244819004560e+09 -2.174725939438585e+04 -1.066973875448980e+05
  2.526051610279348e+09  1.253736986490581e+05 -6.054179671035393e+04
  2.525996184805760e+09 -9.205038063249784e+03  3.318710134573653e+04
  2.526154471983312e+09 -1.756689706197152e+05  3.786547833143384e+04
  2.526196343417174e+09  1.710005651764912e+05  8.096902882971684e+03
  2.526053593454793e+09 -1.311333841081462e+05  8.051580767278722e+04
  2.526082736220347e+09 -4.385050238741725e+04  2.339622457497127e+05
  2.526037293642882e+09  9.377499701511615e+04  1.231133608380834e+05
  2.526172567799397e+09 -6.566898379752180e+03 -3.996805282399245e+04
  2.526010779218746e+09  3.101336374676763e+04 -1.324362439503164e+05
  2.526051065861746e+09  9.527185447658179e+03 -1.121042687494410e+05
  2.526034275913713e+09  9.061106952589343e+04  2.336539141174745e+05
  2.526031295747933e+09  1.052120747818480e+05 -2.803288314611965e+04
  2.526046490875605e+09 -1.506664286774807e+05 -1.307492897796452e+05
  2.526268595628004e+09  9.457281811319105e+04 -2.076239475812519e+04
  2.526049233461013e+09 -2.793910248893115e+04  4.487406511542480e+04
  2.526103833810578e+09  4.808503369047411e+04  4.652817801326048e+03
  2.526276862819586e+09  4.270273247278063e+04  2.976236099420721e+04
  2.526066600866958e+09 -9.372884813821700e+04  7.107392665434969e+04
  2.526250440275685e+09 -3.684866427757189e+04  2.845671453259676e+04
  2.526326011075325e+09  7.253389093916502e+04  6.953693657338223e+04
  2.526137650885430e+09 -6.490074373032944e+04 -7.062757044670265e+04
  2.526156353299619e+09  9.602644851215160e+04 -3.532182544121618e+04
  2.526227601835179e+09  4.835635800089280e+04  4.143626108613540e+04
  2.526221832439773e+09  7.981484807485808e+04 -1.109292687234436e+05
  2.526016031016526e+09  6.177715709719108e+03 -1.326302762047072e+05
  2.526112096810162e+09  6.484423288372334e+04  9.395887045266666e+04
  2.526120656865712e+09  1.253453944899873e+05 -3.799156467567873e+04
  2.526117536619297e+09  7.077380697502871e+04 -8.643084887576464e+03
  2.526173343879974e+09 -1.446570776463456e+05 -5.074491820734018e+04
  2.526177700419094e+09  1.034461244672779e+05 -9.258267749504052e+04
  2.526202752281503e+09  1.101129448833857e+04 -7.683277901291964e+03
  2.526281715338949e+09  5.654979855416511e+04 -1.508740479214984e+05
  2.526194393489648e+09 -1.208168071489665e+03 -1.996040769554330e+05
  2.526222183797969e+09  2.878428285555216e+04 -1.881333751703147e+05
  2.526345346911517e+09  3.018328269062564e+04 -8.221357791504497e+04
  2.526011340296376e+09  1.681103994745680e+04  4.561367826414715e+04
  2.525949549768273e+09 -1.932315965526321e+05 -8.341399550611386e+03
  2.526260785131666e+09  2.144994669879817e+05  3.192682448772970e+04
  2.526037358849768e+09 -6.715442242753191e+04  1.279516369457011e+05
  2.526060725617052e+09  7.735216582268244e+03 -1.516153885716700e+04
  2.526057251468894e+09  1.033354491515245e+05 -1.898871412095721e+05
  2.526134424956713e+09  7.014648593204620e+04 -7.066009788974887e+04
  2.526112490580348e+09  1.076202849122176e+05  4.742596921688045e+04
  2.526156252805223e+09 -6.406220034130069e+04  2.587126585279591e+04
  2.526146213965317e+09 -1.305205188032931e+05  2.941418005449144e+04
  2.526148740060650e+09  1.260396725455453e+05  2.277438351553636e+04
  2.526304929004402e+09  8.892036005140748e+03  3.296610200946569e+04
  2.526138384054279e+09  4.558804450131371e+03 -7.995257315229747e+04
  2.526243914163924e+09  5.632088604314602e+03  1.767288663888071e+04
  2.525966675364769e+09  1.016726437935556e+04  1.125365027920704e+05
  2.526124840323453e+09 -1.239708876027260e+04  7.453992518390657e+04
  2.526001679215339e+09 -2.684820387539268e+04  6.076046020829678e+04
  2.526128847524018e+09 -1.194920202528627e+05 -3.415401387880743e+04
  2.526084238844390e+09  7.626862754659069e+04 -6.218856044297374e+04
  2.526107013510505e+09 -3.054932621178101e+04  1.773834467207338e+04
  2.526203764325419e+09  1.074332514924456e+05  8.894726708080713e+04
  2.526185813818551e+09  1.109975880442770e+05 -6.229138040642720e+02
  2.526090498653777e+09  7.388814646289474e+04  1.623173423919943e+04
  2.526210798499096e+09 -2.009384552695393e+04 -6.993323627054036e+04
  2.526130573599555e+09 -1.789294303771949e+04  3.521702734975703e+04
  2.526138797446223e+09 -3.459926199856412e+04 -4.204423205268010e+04
  2.526098812235744e+09  6.726710214649205e+04 -5.527268827610703e+04
  2.526137996900912e+09 -9.236903702572797e+04 -1.315014162808433e+05
  2.526272650092619e+09  1.342428820992487e+05 -9.753677351797197e+04
  2.526173881047834e+09  1.025997394168645e+04 -6.848416350065265e+03
  2.526143398128312e+09  7.117736778880167e+04 -3.560518881418719e+04
  2.526045399578639e+09 -9.343693242307135e+04 -7.148718394991924e+04
  2.526108094859933e+09 -1.335389888390144e+05 -6.162773701820995e+04
  2.526143538506396e+09  2.295115400155990e+05  7.606641829623398e+04
  2.526154035223911e+09 -1.141169901492884e+05  1.408341641349763e+05
  2.526104544474883e+09 -5.477143418005132e+04  4.333077978267800e+03
  2.526172666596188e+09  5.269358981183241e+04 -7.714827750252385e+04
  2.526183912859356e+09  2.139845307497913e+04  9.938154309230507e+03
  2.526121960284115e+09 -3.693317459586775e+03 -8.033736067485320e+04
  2.526167317624963e+09 -1.007327359560383e+05 -2.427245335389547e+05
  2.526045199298759e+09  1.075816963404809e+05 -4.319657786759187e+04
  2.526094324471385e+09 -1.216391465255833e+05  5.315523178400879e+04
  2.526088453681175e+09 -3.828983319215960e+04  2.709225860452262e+04
  2.526134065844806e+09  3.098294689878775e+04  2.675162561329678e+03
  2.526134513467515e+09  1.634500372747938e+05  8.330457870070357e+04
  2.526059279245730e+09  1.396840900654258e+05  1.234518275027536e+05
  2.526249842611066e+09  5.932136933845584e+04  6.572776823784108e+04
  2.526031848884531e+09  7.668790769972675e+04  5.321532998652736e+04
  2.526122633393315e+09 -1.941930770521848e+05  3.729061523466290e+04
  2.526115772809119e+09  1.215304397236765e+05  6.085168582145520e+04
  2.526071659308949e+09 -1.379549940197932e+04  1.834872954990354e+04
  2.526154294793610e+09  3.476994978004415e+04 -8.563748615872115e+03
  2.526120699230371e+09 -1.022163613677300e+05  2.265811745965900e+04
  2.525984920373906e+09  2.856146435876726e+03 -5.187407195980637e+04
  2.526130149038672e+09 -3.622566278000397e+04 -2.210386063771048e+05
  2.526185324162328e+09 -8.397035320372821e+04 -7.194492791473848e+04
  2.526100916818029e+09  8.427945658063935e+04 -2.299150338037083e+05
  2.526184577123159e+09 -1.421517678449317e+05  4.554458268574520e+04
  2.526143943327719e+09 -8.085106836169376e+04 -6.723443609402550e+04
  2.526224715293852e+09  1.345744789184107e+05 -2.195397171134246e+05
  2.526106647072790e+09  2.085970492113946e+04  8.245952914483170e+04
  2.526076261869172e+09  1.266768974577956e+05  1.574869463171074e+05
  2.526010749536833e+09  1.701503079943043e+05  1.326028259742093e+05
  2.525912969642397e+09  2.502808579513570e+05  1.673629862610804e+05
  2.526179798805341e+09 -1.921132034038826e+05  4.157349811495771e+04
  2.526167812132434e+09 -1.076232521196757e+04  8.187399706750439e+04
  2.526104070318005e+09 -1.278456912286211e+05 -4.716947875594639e+04
  2.526109326078350e+09 -7.374252122271981e+04 -4.024018643054746e+04
  2.525975362347480e+09 -5.530807791585481e+04 -2.177378829965867e+04
  2.526138990418571e+09  6.145145505454361e+04 -7.884292758889977e+04
  2.525964573389086e+09 -7.662092540268507e+04  1.511576370039337e+05
  2.525988221331527e+09  5.914713578553032e+04  1.850656452844820e+05
  2.526257765279398e+09 -6.896855291757965e+03  1.143387961276789e+05
  2.526062547215862e+09 -5.266447761447914e+04 -5.074684484807332e+04
  2.526412348664409e+09  7.754125791161787e+03 -9.398828519833286e+04
  2.525930297884278e+09 -9.308865981428325e+04 -7.543330782919511e+04
  2.526191579131261e+09  1.027141247413210e+05 -7.810487633078755e+04
  2.526157816342966e+09 -3.770187630275032e+04 -1.623944664222951e+04
  2.526210396337090e+09  1.096959043517150e+05 -1.168925570761482e+05
  2.526238228831542e+09 -1.157997971464212e+05 -2.490140303696741e+05
  2.526215057737836e+09 -1.175915355813170e+05 -2.086170410315595e+05
  2.526089803129344e+09  3.755151210745773e+04 -4.624893354942134e+04
  2.526103064239120e+09  1.373373880754545e+05  6.122805308993766e+04
  2.526274794750820e+09 -1.162852243609210e+05 -1.102578200918974e+05
  2.526083882661724e+09 -1.122947361706155e+05 -1.910517505091344e+05
  2.526019738792143e+09 -7.791054934070213e+03 -6.122455521253543e+04
  2.526114249779767e+09 -1.176635478950539e+05  8.898836767160456e+04
  2.525979935035507e+09  7.445848859532143e+04  2.444724202611006e+04
  2.525930373570776e+09  3.643116031906079e+04 -9.411406942821504e+04
  2.526171859955335e+09  1.495651651710458e+04 -3.264483271878376e+04
  2.525964779627367e+09  1.331407227918099e+05 -1.402444127092572e+05
  2.526252283293501e+09  1.791543490485597e+04 -1.011253610470400e+05
  2.526138959611555e+09 -4.983045906455757e+04  6.084909677286248e+04
  2.526073326951222e+09  1.514232839851973e+05  1.710234151047023e+05
  2.526275057110426e+09  4.432397006762796e+04  1.158488408707445e+05
  2.526044713480742e+09 -1.389475823211460e+04 -4.088137015782832e+04
  2.526201947270885e+09  9.263035766281741e+03 -6.141513609288028e+04
  2.526197592016167e+09 -5.315790283398842e+04  4.796172961449600e+04
  2.526035708630840e+09  1.223329305002971e+05  4.746204973110202e+04
  2.526207033338924e+09 -9.716280109018693e+04 -2.947624403438251e+04
  2.526011930559013e+09  7.239752636882011e+04  1.671957680550782e+04
  2.526254363614557e+09 -4.729901761755359e+04  2.723036094356075e+04
  2.526183937461229e+09 -9.736264358397666e+04  1.214289937803334e+05
  2.526140559718156e+09  8.212912185204355e+04  1.218024998560172e+05
  2.526022435976860e+09  7.053683764889720e+04  2.211364226451385e+05
  2.526008058468745e+09 -1.485487656136177e+05  1.213819331500105e+05
  2.526294074724122e+09  3.004950038424745e+04  1.621996352457199e+05
  2.526074569863358e+09  1.148258953496034e+05  1.801542176890944e+05
  2.526068736904803e+09 -6.153579383610131e+04  6.634392448016163e+04
  2.526159718209785e+09 -2.164925158890302e+04  1.258459255260126e+05
  2.526223705097984e+09  8.605530205125338e+04 -1.499314385830157e+04
  2.526318613271670e+09  6.881270226798835e+03 -2.390026311456254e+05
  2.526087664759572e+09 -1.845893467600335e+04 -4.947822367614170e+04
  2.526000843683304e+09 -1.576128534117653e+05  7.285285511992755e+04
  2.526188702883986e+09 -2.999513736737618e+04  8.280831643730402e+03
  2.526217614178869e+09  2.060453846256621e+04  5.659510169564420e+04
  2.526018230834327e+09  4.713750382021582e+04  1.203932185335307e+05
  2.526240648663569e+09 -8.731204409008275e+04  1.360606401382969e+04
  2.526138622339040e+09 -7.002419016885443e+04 -6.064669910920365e+04
  2.526033089953070e+09 -5.300542489633616e+04  2.150785172564024e+04
  2.526023179501000e+09  6.786068689027207e+04  1.783943801991805e+05
  2.526132188221337e+09 -5.512150003115158e+04  3.088767722709634e+05
  2.526218284411987e+09  9.495209014017205e+04  2.032187949811569e+05
  2.526170999055215e+09  4.943219702018425e+04  3.110570824372547e+04
  2.526263246875114e+09  4.941656251838454e+04 -1.655002872700243e+04
  2.526036694169580e+09 -1.111583001202124e+05 -1.089383339283662e+04
  2.526124022763129e+09  2.098825397987908e+04 -5.202834439626196e+04
  2.526110783939355e+09 -9.627513083870686e+04  3.826854016138177e+04
  2.526140879123998e+09 -1.584139085067625e+05 -1.120630462433514e+05
  2.526304964829140e+09 -8.147880339468410e+04 -2.147653119301136e+05
  2.526091577791164e+09  5.664267231732095e+04 -1.285893771243868e+05
  2.526174077929772e+09  6.748351080106618e+04  2.927767882710719e+04
  2.526064576226773e+09 -1.962991614111071e+04  6.570392623986833e+04
  2.525979560283697e+09 -8.739341996845533e+04  1.633787343897240e+04
  2.526111598219329e+09  5.654778926108498e+03  8.162897441452090e+04
  2.526263174941741e+09 -1.298612239238061e+04 -8.957672679596180e+04
  2.526057525017327e+09  8.219908600929793e+04 -8.611308729821898e+04
  2.526072803446416e+09  9.772506859011319e+04 -1.958425436649621e+05
  2.526163289096604e+09  1.533183026459336e+05 -1.030697957189777e+05
  2.526060963047229e+09  8.338320838517952e+04 -3.556344331151614e+04
  2.526051484488002e+09 -1.290122237765265e+05 -5.115751082105539e+04
  2.526043104498600e+09  1.289160888468606e+04 -8.802084533223964e+04
  2.526037531268421e+09  3.391529572155152e+04 -3.224593140402925e+04
  2.526068312105542e+09 -2.851193808046012e+04  5.201446550279786e+04
  2.525967612467637e+09 -2.943496123005726e+04  4.011600063207990e+04
  2.526094510450433e+09  3.907333818810061e+03  3.916792320973706e+03
  2.526086502053075e+09  1.488824255076452e+05 -2.212002881620545e+03
  2.526046653749067e+09  1.426132170135819e+04 -1.083431603674378e+05
  2.526246991764044e+09 -9.106314857812808e+04 -5.394085369532801e+04
  2.526285756720745e+09  1.296516701920411e+05  1.121188109044510e+05
  2.526201848200862e+09 -7.813589488929376e+04 -6.067346955734608e+04
  2.526107168959064e+09  9.955856013509328e+04  7.381328031268045e+04
  2.526266298125469e+09 -7.350858295488171e+04  2.988593341581029e+04
  2.526303269131814e+09  3.902414681612194e+04 -9.474822269015852e+04
  2.526141372162271e+09 -5.378319693326252e+03 -1.318967566620587e+05
  2.526278876102175e+09  8.418117114555161e+04 -1.222632451528197e+05
  2.526267377884120e+09 -6.109271177063929e+04 -4.013581406544102e+04
  2.526096181175687e+09  6.111067003631964e+04  1.653683992552944e+04
  2.526222545920645e+09  1.559846000121093e+05  7.688656726711500e+04
  2.526047742509527e+09  2.232918063592794e+05  1.405723295015688e+05
  2.526133501347671e+09  4.533652202304150e+04  1.125537567728783e+05
  2.526103756140344e+09  1.831626657531038e+04  7.534172596727055e+04
  2.525953860729034e+09  3.403421010939378e+04  7.163655396354781e+04
  2.525927339347883e+09 -1.588194778990559e+04 -3.749005949660891e+04
  2.526169980140626e+09 -1.067390676541058e+05 -1.171327135362712e+05
  2.526363489756381e+09  1.178071931809359e+05 -8.114646308090200e+04
  2.526066217579788e+09 -7.343496998361684e+04 -3.118134187070304e+04
  2.526258670909234e+09 -2.511085324098101e+04 -7.491353301234197e+04
  2.526073592205954e+09 -5.684158875114517e+04  2.641734735014266e+04
  2.526182510730683e+09 -2.154666969381724e+04  1.522747014934510e+05
  2.526210641889184e+09  1.193663286202773e+04  2.340516892557859e+04
  2.526089772099093e+09  3.607854993282561e+04 -1.694472426606994e+05
  2.526032955856015e+09 -8.439089578855410e+04 -2.013919968914157e+05
  2.526207198595794e+09  2.892874270075725e+03 -2.062066662486756e+05
  2.526033829086360e+09 -7.011351586285848e+04 -8.457707289897616e+04
  2.526121458225629e+09  2.543013008705896e+05 -3.641704044301325e+04
  2.526061078831088e+09 -3.143699806651007e+04 -4.740721897967695e+04
  2.526254630319367e+09  2.255987603180576e+03  2.221461421181203e+04
  2.526111985262646e+09  3.073766864256631e+04  4.646836537094030e+04
  2.526118952252491e+09 -4.759612039493199e+04 -3.548015341140144e+04
  2.526174171280012e+09  3.693478803523409e+04  6.527920417970465e+04
  2.526256250867838e+09  3.661978316625755e+04  2.330383431097089e+05
  2.526062170743653e+09  1.066173782160070e+05  5.686922598123224e+04
  2.526064378292644e+09 -1.151538517437251e+05  6.329384336207784e+04
  2.526189907317822e+09  1.070223496809765e+04 -4.376742585799354e+04
  2.526226475161709e+09 -7.758997671214491e+04  9.205803896043450e+04
  2.525980681778777e+09  4.335828448424814e+04  1.183881617983491e+05
  2.526126685679829e+09  1.483957918457326e+05  5.333030005014176e+04
  2.526139852869308e+09 -1.401045433787390e+05 -6.471482243280858e+03
  2.526072577183311e+09  8.813112705521076e+04  4.577260532352049e+04
  2.526100018164261e+09 -7.457998130510119e+04 -3.827694807610731e+04
  2.526072729358346e+09  4.230355688397714e+04 -5.915323762661731e+04
  2.526066876740652e+09  4.520678135899501e+04 -1.775422619387918e+04
  2.526129560836167e+09 -2.413627054524026e+04  6.436409866904118e+04
  2.526256054234139e+09  1.123331192400290e+05  1.758483706853789e+04
  2.526201030778268e+09 -3.151732629743216e+04 -1.070632840417370e+05
  2.526132536988338e+09  1.268716726558772e+04 -1.079698363294706e+05
  2.525966382523879e+09  1.344130581444004e+05 -1.207305277956915e+05
  2.526232711270123e+09  2.440959692027653e+04  1.101387567368858e+05
  2.526019483669375e+09 -8.484576039185282e+03 -5.910827478944615e+03
  2.526214786390773e+09 -8.108712207650099e+04 -1.153203974851328e+05
  2.526216088148307e+09  4.372744354528817e+04 -5.448892463293567e+04
  2.526177325774695e+09 -9.086430961939180e+04 -6.073241765112145e+04
  2.526170859777694e+09  8.724217523405305e+04 -8.857821811649774e+03
  2.526136732525638e+09 -4.625918712734105e+04 -8.189520143509423e+04
  2.526071328056514e+09  2.350951559367842e+05 -4.186359573734144e+04
  2.526120744770557e+09  7.540751153261680e+04  5.919035607923276e+04
  2.525974054861371e+09 -1.143752306269560e+04  2.186687190000433e+03
  2.526116287476024e+09  5.729990478778840e+04  6.516577376475948e+04
  2.526063983894907e+09  1.090268181602746e+05 -1.813266428171284e+04
  2.526076721998448e+09  1.034975819676369e+04 -5.322458573216898e+04
  2.526069142991210e+09 -3.302977996786940e+04 -4.642174654606092e+04
  2.526080151710983e+09 -2.274887832465395e+04 -1.359785820773670e+05
  2.526261144322700e+09  1.892794930114169e+05  6.024540672502801e+04
  2.526085736380884e+09 -5.370983385537582e+04  2.095515679634013e+05
  2.526273898805361e+09  1.665475138608436e+04 -8.860853438545880e+04
  2.526168958699051e+09 -1.208788748381613e+04  1.468926934447861e+04
  2.526061405969975e+09  1.130801777200009e+05  2.481459217655961e+04
  2.526019336945913e+09 -2.460177061454614e+04 -4.711889610384079e+04
  2.526295142261049e+09 -9.597486188590433e+04 -1.084623257982577e+05
  2.526181629228436e+09  4.282591323911102e+04 -1.172228614582904e+05
  2.526157979851057e+09  8.271443022807408e+04  8.639463722244697e+04
  2.526029938123707e+09 -1.704512379729399e+05  4.841183883940382e+04
  2.526101995732381e+09  1.218421514840377e+04 -4.535723560182774e+04
  2.526177290173217e+09 -1.502200730627030e+05 -1.731429923697759e+04
  2.525983230812189e+09  1.829162811278379e+05 -1.160437223153497e+05
  2.526095291190039e+09  9.400991034697276e+03 -2.280635675448952e+05
  2.526150830762756e+09 -3.571091800350999e+04 -2.830560814224263e+05
  2.526150691165718e+09 -2.938929976419872e+04 -1.563179443885053e+05
  2.525984918737122e+09  1.121328760749350e+05  6.747123856084276e+04
  2.526108019248401e+09  5.785439568800037e+04  4.008902898630593e+04
  2.526244760894151e+09 -4.167543978398666e+04 -1.600897277409172e+05
  2.526048181804237e+09  5.707630603165133e+04 -1.613522450673166e+05
  2.526021381936885e+09 -5.420181363662565e+04 -1.008792170830152e+05
  2.526295986369906e+09  1.272686642068926e+05  2.273569621415314e+04
  2.526267955828787e+09 -8.077819793592254e+04 -6.446547450342478e+03
  2.526148772088782e+09  5.223114476192836e+04 -7.432819770558154e+04
  2.526173186148522e+09 -6.888798408226483e+04 -5.723291672954318e+04
  2.526046419677030e+09 -1.941132019770090e+05 -3.448993859635829e+04
  2.526192484413657e+09 -2.177177493563213e+03  4.268093427034758e+04
  2.526113760798714e+09 -1.131274756415532e+04  1.611905670296692e+03
  2.526105825879623e+09  3.942923049228196e+04  3.972791759750317e+04
  2.526143264036535e+09  6.625262105121720e+04 -7.502479266767623e+03
  2.526227965049412e+09  5.541298110887932e+03 -1.188215726989382e+05
  2.526092528807404e+09 -1.735934698167644e+05  2.343327613938623e+04
  2.526073608542625e+09  2.724043201717571e+04  7.360708914438265e+04
  2.526060496861668e+09  1.307820824227255e+05 -5.756205807706830e+04
  2.525900702346254e+09  6.929199479433201e+04 -2.585066599426023e+04
  2.526085889101617e+09  2.892963406745391e+04  1.224199805179273e+04
  2.526235088030892e+09 -2.345036653462588e+04  4.977587711361982e+04
  2.526107277227184e+09 -2.512624230786960e+04 -1.571564732206264e+04
  2.526110853406358e+09  1.522790284995595e+04  2.543286872064811e+04
  2.526126924591186e+09 -8.473704904740333e+04  6.983221368561732e+04
  2.526115475296073e+09 -8.936627934566140e+04  4.672265807666816e+04
  2.526389200012851e+09 -7.214671797812579e+04 -1.170573621519075e+05
  2.526251135969534e+09 -3.202526829903596e+04 -9.422562568616564e+04
  2.526170170306031e+09  1.557717187941027e+05 -1.149862048655807e+03
  2.525942336920889e+09 -9.911048228468280e+03  5.941080279634101e+03
  2.526139354563421e+09  1.050366028336906e+05  1.559321928924753e+04
  2.526092266929021e+09  1.172650167884585e+04  2.310564044277649e+03
  2.526163219558993e+09 -8.459007256155112e+04  9.981868662901409e+04
  2.526088798797821e+09  1.331096360200555e+05  6.737575471281353e+04
  2.526302319329520e+09  5.179224786146497e+04  1.391926513462630e+04
  2.526099911109929e+09  4.675767967850537e+04  1.103943385428854e+04
  2.526147790499629e+09  3.130655441376974e+04  4.473715662571345e+04
  2.526144230682460e+09 -6.151868136362638e+03  1.815600793944148e+05
  2.526127664367700e+09 -6.164753060551407e+04  1.878028085292320e+05
  2.526146423226439e+09 -2.904683263846111e+04  2.005552908908715e+05
  2.526072597674025e+09  5.078003166913835e+04  5.281304761401867e+04
  2.526238984198997e+09 -8.726087597545562e+04 -5.105366075048689e+04
  2.526082763639516e+09 -1.363110373380934e+05  7.329816644225875e+04
  2.526095714776798e+09  6.132754883204895e+04 -3.897672653266718e+04
  2.526078902566809e+09  1.360610151805748e+05 -9.902568518414284e+04
  2.526179160742435e+09  7.765905117136799e+04  1.020012667966401e+05
  2.526068941405264e+09  7.284699453722686e+04  1.186702106307214e+04
  2.526141324235745e+09  3.315254748054128e+04 -1.192168084230174e+05
  2.526224899187870e+09  1.291737578450616e+05 -7.536246908686799e+04
  2.526191153991530e+09  2.767745906126988e+04  1.636468629640166e+04
  2.526168303318833e+09 -1.795270315599348e+05  1.061435155247821e+05
  2.526180082868145e+09 -1.000810930704587e+05 -2.116177583688817e+05
  2.526008907538163e+09  1.526837531930767e+05 -9.244802152915206e+04
  2.525999980864298e+09  1.039946130984551e+05  2.220956812946091e+04
  2.526131564513048e+09 -3.810805973446323e+04  6.518195656239986e+04
  2.526170958832987e+09 -1.883983068957529e+04  2.534320357959147e+04
  2.526136628827043e+09  1.278508485742812e+05  1.034726704404822e+05
  2.526075591177464e+09  1.693477577622520e+04  1.472415663169405e+05
  2.526070586092640e+09 -1.157275237156320e+05 -4.179441354902694e+03
  2.526126073589305e+09  1.454309626274290e+05 -4.239631093864609e+04
  2.526087596128804e+09  1.771045368361962e+05 -1.763893855159462e+05
  2.526256061678116e+09  8.901786113505345e+04 -2.085963487297769e+05
  2.526105236532289e+09 -6.163199959332822e+04  1.729388537273684e+03
  2.526079629176601e+09 -3.889625961025339e+04  1.284066799750871e+05
  2.526148567071082e+09 -4.469918935256217e+04  1.045590100228150e+05
  2.526206142759778e+09 -1.152919086643872e+05  1.119705804616112e+05
  2.526130340069048e+09 -8.723088163225386e+04 -2.936499673773092e+04
  2.526055083407500e+09 -3.891729164178448e+04 -3.926477355732583e+04
  2.526019780052330e+09  1.571510585525485e+05  1.212719799915197e+05
  2.526206727555326e+09  1.891780469791794e+05 -6.164932947911811e+04
  2.526047685772471e+09 -2.857330887824995e+04 -7.038736063933163e+04
  2.526091361392334e+09  1.503070584466865e+05 -1.318857501178799e+04
  2.526028351862571e+09 -1.095334462079057e+05 -6.422874224931188e+04
  2.526141907748272e+09  9.520351374689490e+02 -6.209431112807419e+04
  2.526178554660828e+09  1.354850960204471e+04 -5.877672632701113e+04
  2.526050639374452e+09 -3.552827995548490e+04 -8.907278935040755e+03
  2.526142099804965e+09  7.132907814075006e+04  7.200266027826804e+04
  2.526018264009478e+09  1.208663505501754e+05  1.404614609748627e+05
  2.526148091987085e+09 -3.520865800961363e+04  6.376210404296406e+03
  2.526187458227764e+09 -1.537952068095845e+05 -1.600138856521267e+05
  2.526335495439647e+09 -9.332017328853207e+04 -1.469488538660569e+05
  2.526038489353650e+09 -1.410209455117369e+05 -1.483527362527782e+05
  2.526131637526238e+09  7.680984620200581e+04 -2.123185966329232e+05
  2.526023797287613e+09  6.913622901705746e+04  9.437449116686475e+03
  2.526199722462494e+09  4.243327753817383e+04 -4.887298210838577e+04
  2.526136963964299e+09 -6.737664645635569e+04 -1.705405083926319e+05
  2.526159153085355e+09 -2.899462827958353e+04  6.960677866673477e+04
  2.526257735981533e+09  6.858539176933677e+04  9.834646563632844e+04
  2.526055417958471e+09 -1.093348066354794e+05  6.881633317816537e+04
  2.526189390796122e+09 -1.634580213341828e+05 -9.359140933362884e+04
  2.525785545374932e+09  1.296934049930705e+05 -2.452180356825353e+05
  2.525759054062347e+09 -1.519599794603355e+05 -4.501315315605080e+04
  2.526150010949292e+09 -6.759379221975780e+04 -4.833033024152974e+02
  2.526262814953989e+09  1.115170466573357e+05  7.719126316729607e+04
  2.526167378952214e+09  2.305453419280914e+04  1.624176697332051e+05
  2.526018637982973e+09 -1.371873854696875e+05  7.824413475054293e+04
  2.525936998825060e+09 -7.981150463812216e+04  5.413049698609521e+04
  2.526025633027853e+09 -7.313362425938167e+04 -1.910204172160127e+03
  2.526044113441094e+09 -6.653371572523843e+04 -1.082329198544678e+05
  2.526006948032520e+09 -1.408071826282457e+05 -1.762068100851349e+05
  2.526218751639957e+09 -4.079654091436876e+04 -4.209030882280483e+04
  2.526047655492954e+09 -1.617002116779641e+05 -3.460770221208509e+04
  2.526222812921127e+09  1.544046986727305e+05 -1.786613773759571e+04
  2.526022386948289e+09  7.898650388736976e+04 -2.168266266933411e+04
  2.526077489601912e+09 -9.079150982586853e+04  8.424570434328372e+04
  2.526264421278533e+09  5.001431570342742e+03  2.019476489294693e+05
  2.526109209956525e+09  3.165207455236127e+04  1.250366779983393e+03
  2.526172427883056e+09 -1.497079691389459e+04 -1.710837028058783e+05
  2.526152100614295e+09 -2.584968958260596e+04 -8.742036650649377e+04
  2.526078187253647e+09  1.015889990457581e+03 -1.039856561056358e+05
  2.526239317157738e+09 -4.598278046959592e+04 -1.179886731764578e+05
  2.526257391181104e+09 -1.463107421810436e+04 -8.610858229551767e+04
  2.526137163590954e+09  1.576909941944317e+04 -6.952623481091915e+04
  2.526133015887100e+09  5.637945354861033e+04  1.367321119930682e+05
  2.526070803545810e+09 -6.512712165307754e+04 -5.599705317259999e+03
  2.526101361498338e+09 -1.459772759075107e+05 -1.841393557736684e+05
  2.526017321221331e+09  1.696685126475387e+05 -2.681014830879215e+04
  2.526338231930675e+09 -7.635132255096687e+04 -4.927564294652792e+04
  2.525960793828675e+09  2.074782177774106e+05  5.450558261793258e+04
  2.526143018309333e+09  1.481405261241300e+05  9.485061392989854e+04
  2.525979919605473e+09 -4.708593528883747e+04  1.465421710492612e+05
  2.526132884197224e+09 -4.513543842774350e+03  1.543591268625509e+05
  2.526275389450616e+09  5.129364306777128e+04 -9.783430806871038e+02
  2.526212839812952e+09 -4.951463417873485e+03 -3.379841452056961e+04
  2.526286963201518e+09 -7.338014239092381e+04  1.913818026459662e+05
  2.526243127811460e+09 -8.507465623789700e+03  8.107525598047068e+04
  2.526150380135089e+09 -8.125272331708926e+03 -3.380767037819792e+04
  2.526270795333961e+09  1.796548403329132e+05  2.761472873765108e+04
  2.526029921395700e+09  9.053422120321984e+04  1.793001031468189e+04
  2.526260867989215e+09  1.362169450710299e+05 -1.853115033820271e+03
  2.526102477764720e+09 -6.583370736648631e+04 -2.599302076253690e+05
  2.525963385525347e+09  2.136971076776530e+04  3.528654343057936e+04
  2.526037517507552e+09  2.174021385083413e+05  1.260072167759177e+05
  2.525894301871853e+09  5.574160886249389e+04  9.155856659555977e+04
  2.526040829719421e+09  5.749379712675256e+04  1.688520888725726e+04
  2.526070889212329e+09 -9.248296506975545e+04 -1.093687355549268e+05
  2.526172240011654e+09  1.117290622496059e+05 -1.939492234520928e+05
  2.526161949053184e+09 -8.512608906918380e+04 -1.508434275528708e+05
  2.526031926686940e+09 -7.281590140408283e+04 -3.479601824511256e+04
  2.526221389845898e+09 -1.096734054448481e+05 -3.805982251211931e+04
  2.526163755767200e+09  5.707897727127187e+03  1.660255643287790e+04
  2.526000990667276e+09 -1.779928363281480e+05  1.741107891246618e+05
  2.526110194553436e+09 -7.626914318551868e+04  6.981811656543985e+04
  2.526102754703654e+09  1.366448440680823e+05 -4.988588241530542e+04
  2.526066707188298e+09 -8.865745755190856e+04 -2.422485996884841e+04
  2.526281944468006e+09  3.171197475723550e+04 -9.854510458347743e+04
  2.526233509891558e+09 -1.194656434390545e+05 -1.220900704649810e+05
  2.525896088484303e+09  5.023053120270818e+04  1.501263450962165e+04
  2.526074151480223e+09 -3.815083708191663e+04  1.354830150358633e+05
  2.526151410476435e+09 -5.888050678210406e+04  1.414062778963414e+05
  2.526111742245293e+09 -5.541288966252690e+04  1.698807976714791e+05
  2.526204539526791e+09 -1.732660842791184e+05 -1.301955137092955e+05
  2.526310363410738e+09  1.804055601742056e+04 -1.228497152358268e+05
  2.526026268535697e+09 -1.058938759401394e+04  1.013984663551799e+05
  2.526174907560093e+09 -2.272855878991378e+04  1.172607282997870e+05
  2.525979983195580e+09 -5.486689128938830e+04  1.337877071785161e+05
  2.526031097493433e+09 -1.710829595122882e+04  5.491850742760499e+04
  2.526187134692254e+09 -2.526390566657530e+05 -6.464532693010266e+04
  2.526001311476496e+09 -7.423241086301417e+04  3.571889517131145e+04
  2.526040412266134e+09 -1.416813892001566e+05  1.312568046420654e+05
  2.526008852712349e+09 -1.730116798624651e+05 -3.136517832935322e+04
  2.526172597968713e+09 -1.476180739331915e+05 -1.683087921188725e+04
  2.526155565723031e+09 -6.256562949137739e+04 -4.785687931060314e+04
  2.526195530243982e+09  2.758795843637758e+04 -2.197108687726094e+05
  2.525916887743358e+09 -8.564346797781345e+04 -1.930441385036816e+05
  2.526006595723937e+09 -1.718941414173548e+05 -1.557601280331629e+05
  2.526238198681738e+09 -2.014045181334412e+04 -2.019964718428581e+05
  2.526144370643864e+09 -1.873575689487229e+04 -8.835075574309065e+04
  2.526153910050573e+09 -9.035478089145845e+04  1.246130864160462e+05
  2.526152346706562e+09 -4.137226162221961e+04  1.275944277504457e+05
  2.526062995275282e+09 -1.980106810247775e+05  1.304659454080355e+05
  2.525984522961811e+09  1.194046600307788e+05  4.204909946325599e+03
  2.526066985758001e+09  1.677049641568806e+04 -6.922856411696190e+04
  2.526052005638227e+09 -1.684176403963482e+05 -3.497050593647128e+04
  2.526054427006099e+09  9.828472771343123e+04  1.086696590303932e+04
  2.526063487862777e+09 -4.200759979100921e+04  3.901543972616445e+04
  2.526263163324776e+09 -3.957097722423705e+04  3.241447471375953e+04
  2.526173379335191e+09 -1.023811536027497e+05  1.400639412491064e+05
  2.526058007036086e+09  2.978177337161690e+04 -2.200483779253624e+04
  2.526173766843459e+09 -6.427496674945764e+04  1.383566246976607e+05
  2.526226360701921e+09 -4.460931942397577e+04  6.675094590846496e+04
  2.526064971524490e+09 -7.194423411109508e+04 -9.225240375904739e+04
  2.526055830992703e+09 -8.061350257055939e+04 -4.248186757574067e+04
  2.526269634138103e+09 -9.883401675315015e+04  1.084381065169965e+05
  2.526142615132837e+09 -1.530864373607704e+05  1.252096887393228e+05
  2.526054856565265e+09 -5.320482779784861e+04  7.306028088722052e+04
  2.526206335721653e+09 -1.504634659529602e+05 -8.221421121971740e+04
  2.525975607130873e+09  8.410506831298699e+04 -1.327971598235904e+05
  2.526052741868639e+09  1.030715763976777e+04  1.757619441347313e+03
  2.525896452433538e+09 -9.809092389967898e+04  5.974814828685811e+04
  2.525993239075600e+09  3.460568560248194e+04  7.739945435829647e+04
  2.525896267869238e+09 -1.000569262032558e+05  1.122107132544350e+05
  2.526170455367057e+09  1.360966861847788e+03  1.096692509008468e+05
  2.526319148513671e+09 -3.370729328942881e+04 -4.631569097460021e+04
  2.525915676647125e+09  2.381396330007801e+05 -3.564226146819594e+04
  2.526233702803764e+09 -1.027598349094428e+05  1.386842049659214e+05
  2.526148758624833e+09 -6.675955031555385e+04 -8.043921464149468e+04
  2.526173666196045e+09  4.383564425493125e+04 -2.123294722075260e+05
  2.525954580384395e+09  6.843737919576443e+04 -8.678840140274679e+04
  2.526132734838511e+09  5.240571681212279e+04  1.982052419392974e+04
  2.526076096609342e+09 -3.887294414192365e+04 -2.369490363106644e+04
  2.526092689101506e+09 -6.492494877182075e+04  4.801150524323666e+04
  2.526130899661945e+09  9.667808241941141e+04 -4.682274421303207e+04
  2.526234412688924e+09 -3.179586255693110e+04 -2.486497463829033e+05
  2.526125728749678e+09  9.025959412505146e+04 -1.574662485955658e+05
  2.526078122220347e+09  3.909909817197523e+04 -1.462065993970699e+05
  2.526164142008588e+09  3.295516208048561e+04 -2.154746730183372e+05
  2.526053925519317e+09 -1.631277951900517e+05 -4.268906473912345e+04
  2.526212721961086e+09  5.284969047257863e+04  3.845343090258772e+03
  2.526107348916838e+09  1.034676639287423e+05  9.481433611470158e+03
  2.526025046826109e+09  1.482270221072317e+05  1.729636276993830e+05
  2.526090676932660e+09 -1.360454390510697e+05  1.030795179849488e+05
  2.526120008858483e+09  4.716726493338170e+04  8.998713974975969e+04
  2.526099588095054e+09  1.102568142583820e+05  1.751069127637052e+05
  2.525902178455236e+09  2.184372642184689e+05  2.858659854657878e+04
  2.526063389801964e+09  1.023174035951989e+05  3.379966788007412e+04
  2.526288083138827e+09  4.060081936780643e+04  5.638728793504089e+04
  2.526039493967123e+09 -9.193536395859804e+04  1.060002396401529e+05
  2.526085615552733e+09 -6.876988978846921e+04  9.041669404600712e+04
  2.526059484654520e+09 -9.490175153237494e+04  1.426504365957947e+04
  2.526153159214736e+09  2.339332103898632e+04  8.115143875585031e+04
  2.525926122416722e+09  9.798106129700434e+03  1.159496504532057e+03
  2.526167346451419e+09  1.563971107551107e+05  1.261737733418599e+04
  2.526288472988734e+09  5.470957076280843e+03  1.288309270672897e+05
  2.526121571515535e+09 -4.525491976035439e+04  4.670494084330741e+04
  2.526042966637017e+09  1.391469007167628e+05  1.355232712612953e+03
  2.526142606645742e+09 -3.319652041120268e+04  1.577455609998468e+05
  2.526078063135515e+09 -1.497406880076575e+05 -4.655581613814819e+04
  2.526205569104456e+09  4.503556315561291e+02  1.319322753902536e+04
  2.526060007207827e+09 -5.969172205198440e+03 -6.473684314003633e+04
  2.526263585139895e+09  1.344629657328506e+05 -1.092972020574312e+05
  2.526091496618051e+09 -1.186701962651052e+05 -1.996061736168277e+05
  2.526137302187436e+09  2.623190634938655e+03 -2.067012940106023e+05
  2.526094867924697e+09  9.944838662535488e+04 -7.921001631219735e+04
  2.526012238223814e+09 -4.652930484358687e+04 -6.656691995388777e+04
  2.526117437786442e+09 -9.374510490794707e+04 -1.158298374166409e+04
  2.526055503882305e+09  3.244141667394849e+04  2.761864183005178e+03
  2.526151523177566e+09 -2.926069156531652e+04  3.688072595339955e+04
  2.526057429121896e+09  9.855101821769052e+04  7.177733096778995e+04
  2.526280039614502e+09  2.072265694655383e+05  6.381633112084691e+04
  2.526026876189510e+09 -1.376365933415780e+05  1.746761142449494e+04
  2.526324238302696e+09  1.102037849371937e+05 -5.495979234791244e+03
  2.526067288632388e+09  1.025647195255136e+04 -2.912537320038280e+04
  2.526077067933383e+09 -1.370368860714068e+05  1.133006078944104e+05
  2.526214566592208e+09 -7.400320038321044e+04  4.628491889514169e+04
  2.526161004134793e+09 -1.504919561215476e+05 -3.396222170677697e+04
  2.526078980426474e+09  1.000079228885677e+05 -5.890479916519235e+04
  2.526057027486805e+09 -1.499072287340737e+05 -4.215613129734405e+04
  2.526147401358875e+09  5.751860164001910e+04 -6.527072315530875e+04
  2.526066019708923e+09  9.081327704732888e+04  4.570548173968750e+04
  2.526280250272570e+09 -1.034556768958967e+05  1.109530332854057e+05
  2.526229392546048e+09 -2.090484584092309e+05  1.316019597191960e+05
  2.526083646873368e+09  1.079979625375916e+04  1.218008431113183e+05
  2.525999879946972e+09 -6.347893916541990e+04  6.633734415964258e+04
  2.526235991173543e+09  9.397530086726393e+04  6.262202069358225e+04
  2.526346497519189e+09  1.660356920404858e+05  3.734149864954595e+04
  2.526128242118776e+09 -9.887719790873956e+04  3.116877646793413e+04
  2.526040263639194e+09 -1.107658589362726e+04  3.337064299798757e+04
  2.526103127543633e+09  6.478624236577563e+04  1.028851120252064e+05
  2.526194281340601e+09 -3.288087142203841e+04  5.572115963549586e+03
  2.526130362359133e+09 -8.866365649481802e+04 -1.788715299995062e+05
  2.525958763860145e+09  4.244061207281044e+04 -1.254398225784341e+05
  2.526326644661417e+09  1.841106012583711e+05 -7.107007304671220e+04
  2.526109475576087e+09 -1.004045252753072e+05 -1.976654211946216e+05
  2.526113013336639e+09  9.559926830205129e+04 -1.045731617342855e+05
  2.526062174741149e+09 -3.953606036668143e+04  1.022052229486362e+05
  2.526062352837981e+09 -8.751441810922138e+04  9.707845909691835e+04
  2.526044209559499e+09 -9.811022217881260e+04 -2.036882097925013e+04
  2.526038831152326e+09 -1.711077669032898e+05  7.280915218130249e+04
  2.526019176752584e+09 -1.060068088533576e+05  8.784693322991976e+04
  2.526067791400601e+09  6.394092885656399e+04 -1.541800355298502e+05
  2.526254567725629e+09  1.156971555275726e+05 -1.810676056024490e+05
  2.526063164957902e+09 -1.487444658523146e+04 -2.365155617546279e+04
  2.526069859239065e+09 -4.020659283076716e+04  3.901825042840166e+04
  2.526105220908554e+09  4.352969859885494e+04  7.255959742358606e+04
  2.525961673188716e+09  7.120218133453699e+04  4.138652079321566e+04
  2.525817256990356e+09 -1.780167418653088e+04 -4.348633152991519e+04
  2.526258202700091e+09  2.525764147215319e+04 -3.773210797351436e+03
  2.526043603602153e+09  1.382158485397673e+05  1.569275620124277e+05
  2.526101806799694e+09 -1.830008213800075e+04  1.699943611451390e+05
  2.526116665256694e+09  1.825943263182398e+05  5.333853835838835e+04
  2.526018515297086e+09  6.041799353549094e+04 -7.057520867586089e+04
  2.526393400894382e+09 -9.877063805412565e+04 -1.824060318616685e+04
  2.526135818405971e+09  6.731816263672896e+03  1.516847924475581e+05
  2.526121977115692e+09 -4.332074836564646e+04  2.047162752967969e+05
  2.526030794604649e+09  4.932356936270151e+04  6.426014025348960e+04
  2.526060681524631e+09  4.384298566206999e+04 -6.416919582433510e+04
  2.526190752402133e+09  1.972544849088932e+05 -4.881655445161986e+04
  2.526080009342555e+09  6.032624187771638e+04 -1.406115771105238e+05
  2.526132923236789e+09  6.450868233240303e+04 -2.779034255343559e+04
  2.526247799268166e+09  1.390502975929020e+05  1.278958301436363e+05
  2.526146224758216e+09  2.072048274010267e+05  4.479136798001244e+04
  2.525978425314094e+09  4.568609487151867e+04  3.224219811502611e+03
  2.526151526480264e+09 -3.898513760086615e+03  6.267379357380327e+04
  2.526140628259403e+09 -1.277550907403603e+04 -1.242678716990049e+03
  2.526024594601744e+09 -6.121110550307721e+04 -1.032344500335763e+05
  2.526133310882682e+09  9.347701541895838e+04 -1.431698014523196e+05
  2.526111466655601e+09  1.217629245420948e+05 -6.225264945328876e+04
  2.526168325959991e+09 -7.359259393177490e+04  1.135317926079640e+05
  2.526069205498644e+09  8.867060996991827e+04 -3.968641609709244e+04
  2.526112116914138e+09  9.486759674366238e+04 -1.648697311875155e+05
  2.526172224233143e+09  1.354279158670642e+05  1.019434717988176e+04
  2.526051586450305e+09 -5.062222497197334e+04  3.057994265782775e+04
  2.526279095489185e+09  6.834924396153307e+04 -4.410944092212000e+04
  2.526051671832402e+09 -1.190788491691146e+05 -1.301054528712924e+04
  2.526204346611677e+09  1.223623281713746e+05  9.401966565335321e+04
  2.526182083009697e+09  1.642219744994033e+05  1.373530194470708e+05
  2.526122075559296e+09  2.063123271337287e+05 -1.798667896807985e+04
  2.526109746438625e+09  2.119401818706631e+04 -6.473912772282440e+04
  2.526230277844235e+09  7.467000810795370e+04 -1.306254600524827e+05
  2.526240249188302e+09  5.210401945896124e+04 -6.926309975432488e+04
  2.526273663899323e+09 -2.146981322924230e+05 -2.664208653758687e+04
  2.526087353938725e+09  5.337359250985272e+04  1.002550265245320e+05
  2.526125762129920e+09  4.773972492485936e+04  1.121424063334977e+05
  2.526090300294856e+09  7.199830333227140e+04  9.402899570853729e+04
  2.526181110058413e+09  1.048909249081943e+05  1.120488607842112e+05
  2.526213732977705e+09 -3.905389965555258e+04  3.666771957713214e+04
  2.526233940727005e+09  1.308294477434999e+05  1.053794680319786e+05
  2.526148862945937e+09 -1.206301853604857e+05  2.413628637044383e+05
  2.526026410354583e+09  2.671709537626861e+04  1.967996085219450e+05
  2.526050795728991e+09 -1.267290262033271e+05 -6.921358307987859e+03
  2.526160330829981e+09  2.044283602947462e+04  2.422619109808374e+04
  2.526322820818869e+09  1.070384610091889e+05  4.395128948398639e+04
  2.525973570312845e+09  2.167382081700792e+04  1.007566940931522e+05
  2.526298321565785e+09 -4.773558998852677e+04  1.551856784195441e+05
  2.526271167781431e+09 -3.824965188423870e+04  7.033578938181110e+04
  2.526069846561561e+09  6.643493715276429e+04  4.875470835614589e+04
  2.526027712459909e+09 -2.216025344178583e+05  3.961852123959770e+04
  2.526079303122725e+09  1.600795351649230e+05 -5.516719992602395e+04
  2.526067514058163e+09  3.727088794027385e+04  8.008514008862176e+04
  2.526022999425872e+09  2.646024754818762e+04  9.340906837852816e+04
  2.526073531499888e+09  3.199801387862233e+04 -2.762525531066814e+03
  2.526204524165784e+09 -1.251968295588785e+05 -2.424587744043698e+04
  2.526030273764680e+09 -4.323250254068314e+04 -1.357055315346823e+05
  2.526165252753296e+09 -1.139991054374307e+05  1.389171782004111e+04
  2.526228649007497e+09  8.745249525285466e+04  5.037258818111243e+04
  2.526346732488654e+09  1.007507259913348e+05 -1.485224227049714e+04
  2.525996763059464e+09 -6.965696205004817e+04  4.187555740754027e+04
  2.526188048965292e+09  1.427091726798986e+05  2.760037998903741e+04
  2.526193985202050e+09  7.237268562768819e+03  5.810366657427768e+04
  2.526144814690124e+09 -1.295249813721261e+05  1.461578467214922e+05
  2.525988098146275e+09 -9.221027002884191e+04  1.163002725664550e+04
  2.526086905800163e+09  5.221153760186932e+04 -1.017253509282437e+05
  2.526120170708755e+09 -7.716724825057946e+04 -2.765432001865620e+04
  2.526235117746460e+09  9.153331370744656e+04 -5.199379098631931e+04
  2.526157085504656e+09 -6.203601465660846e+03 -5.712263685159944e+04
  2.525998053755919e+09 -2.776211711891578e+03 -1.044704194322565e+05
  2.525994005783295e+09  5.981864704096655e+04 -1.770053402534506e+05
  2.526147208507641e+09  4.625552707074366e+04 -1.680148528664894e+05
  2.526033352775340e+09 -1.166023135362191e+05 -1.768297885245965e+05
  2.526054212744693e+09 -1.189746315291550e+05 -1.978273751521323e+04
  2.525902621851806e+09  6.220908474456670e+04  1.353098399928570e+05
  2.525988631592066e+09  6.120258580222446e+04  8.762097022651907e+04
  2.526078560062621e+09  4.396708582592063e+04  4.490794761999603e+04
  2.526153980114977e+09 -3.328542858251790e+04  2.354773057469859e+04
  2.526110316098809e+09  2.005612335246254e+04 -1.074497229265597e+05
  2.526123225901386e+09  3.535675934476167e+04  3.944303404458077e+04
  2.526158080939464e+09  1.272510898255797e+05  8.783620942027296e+04
  2.525850277682945e+09 -4.983978852329496e+04 -3.086883867345541e+04
  2.526035403586086e+09 -1.456701244306153e+05  1.335125984872850e+05
  2.526012612761151e+09 -1.681992274750485e+05  1.506972778201194e+05
  2.526179831407986e+09  4.553664702844806e+04 -2.792252209647279e+04
  2.526185736322367e+09 -1.270468061184478e+05 -1.235655477675148e+05
  2.526045598683228e+09 -2.530204817773192e+04 -5.093259539414663e+04
  2.526189068927062e+09  3.364841702229290e+04  9.412281771483482e+04
  2.526030598791060e+09  6.055830923148332e+04  8.369261046723288e+04
  2.526150921934314e+09  1.472937207707262e+05  4.867000350522235e+04
  2.526128871673779e+09 -1.602507201915483e+05  6.302569549956825e+03
  2.526093316586192e+09  2.062261605686020e+05 -9.984848285060999e+04
  2.526161882602484e+09 -1.299535886841058e+04 -1.700974107380745e+05
  2.526086900431499e+09  5.549127035164181e+04 -1.237085270249090e+05
  2.526146848313459e+09  9.297300018893322e+04 -3.864355407199450e+04
  2.526064813750023e+09  4.643033081929380e+04 -3.120249394968653e+04
  2.526246859713967e+09  2.538983762738910e+05  3.980322658843594e+04
  2.525917864704366e+09  6.323762495214678e+04  2.915012624529208e+04
  2.525971703741628e+09 -1.357889843127765e+05 -1.852191903573141e+04
  2.525951707446720e+09 -5.219661671823723e+04 -7.671757024886692e+04
  2.526221759724195e+09  1.513989132762357e+04 -5.116459073202498e+04
  2.526317457766714e+09 -1.313081815660186e+04 -5.165716434350632e+04
  2.526093092775982e+09  4.691053982497903e+04  5.885224523647409e+04
  2.526380040164489e+09  2.080845189584361e+05  1.348795351492458e+05
  2.526254793051278e+09 -4.578200595706326e+04  1.132513035999658e+04
  2.526291169448713e+09  1.958995618311301e+04 -1.039895523862572e+05
  2.526111844634984e+09  5.366750774039468e+04 -6.703302056489707e+04
  2.526089929212645e+09  1.511891903838537e+05 -5.970814738594100e+04
  2.526293806784077e+09  1.494822128017603e+05 -8.446673866910767e+04
  2.525953907738190e+09  1.498497377937764e+04  9.396046030874146e+03
  2.525919918099006e+09  9.567961957382344e+04 -1.576277260596004e+05
  2.526014963896441e+09  1.018251365526880e+05  1.036981079676413e+04
  2.526039632072616e+09  1.863911351357936e+04  2.206358432271710e+04
  2.526034903033684e+09  4.356253093074934e+03 -4.496828001856338e+04
  2.526044900467158e+09 -1.888800357367370e+05  1.283441304996039e+04
  2.526088620370060e+09  8.964618583208486e+04 -2.783385174182645e+04
  2.526234711945265e+09 -8.125749742349557e+04  1.733141000562103e+04
  2.526167014770005e+09  8.917741105951276e+04  4.217670778111547e+04
  2.525986334817119e+09  5.743445023065630e+04 -9.854033256562613e+04
  2.526035868762747e+09  1.846259586650180e+05 -6.461253175419685e+04
  2.525868640201583e+09 -2.746030980409067e+05  1.158096313500949e+05
  2.526081489235387e+09  3.623390402484150e+04  1.414093524441369e+05
  2.526063527422885e+09 -7.017514734204160e+03  1.216568307214091e+04
  2.526090915569094e+09 -2.876637815619330e+04 -9.096638467536424e+03
  2.526187571005593e+09  1.339716768089887e+05  1.931113713203068e+04
  2.526164459256896e+09  8.618086792178359e+04 -1.040967687323409e+05
  2.525992374912022e+09 -6.227948681697424e+04 -8.052462951005332e+04
  2.526100972928316e+09  1.930799612178910e+04  7.721934125337529e+04
  2.526125420351303e+09 -2.178076295953986e+05  2.164910427933978e+04
  2.526008843449221e+09 -1.185602913335362e+04 -3.534126499194815e+04
  2.526205276144853e+09 -1.216232001741845e+05 -2.819034075497906e+04
  2.526199563467443e+09  1.718974427665905e+05 -9.285247299491055e+04
  2.526169562802157e+09  4.270863244369510e+04 -3.840371887759509e+04
  2.526229320446164e+09  1.907847645224736e+04 -6.415927840285667e+04
  2.526077035877720e+09  9.810896181996376e+04 -1.093341998314520e+04
  2.526059058753142e+09  1.006235422506304e+05  6.789182300370833e+04
  2.526043620462826e+09 -1.519754392440477e+05  3.184498349822476e+03
  2.526116991379536e+09  6.990237008507131e+03 -1.569679516354366e+05
  2.526185216853865e+09 -1.090697610535857e+05 -1.326516726381778e+05
  2.526118417902022e+09  1.206838618223001e+04 -1.074765319625709e+05
  2.526239746547694e+09 -3.259363921639416e+04 -4.569128423633022e+04
  2.526055199723668e+09  1.749800322213524e+05  1.248723602398532e+02
  2.526154564193722e+09 -6.502773056524839e+04 -4.519945325366710e+04
  2.525890293368546e+09 -8.186179009997938e+04 -1.336742256758235e+05
  2.526085887751626e+09 -1.620977523721833e+05 -1.870949364126759e+04
  2.526103356751737e+09  7.213096067280485e+04  6.206218416196678e+04
  2.526249858376853e+09  2.175193258062587e+04  2.115143415748632e+05
  2.526011397899087e+09 -6.886694606755942e+04  1.452425058803754e+05
  2.526084894970580e+09  1.873861584949407e+05  3.044074289739924e+04
  2.526097464279403e+09 -1.303350479505821e+05  1.925101656947457e+05
  2.525918734121424e+09 -4.656064528169925e+04  5.878521596512427e+04
  2.526161281937922e+09  7.331487235540597e+04 -3.434715207578818e+04
  2.525990036650111e+09  9.371759461350925e+04  1.347551172134867e+05
  2.526125035426361e+09 -2.327051850380702e+04  2.821169936754229e+04
  2.526163925688847e+09  4.136635100142407e+04 -9.720765734049235e+04
  2.526173169509851e+09  4.776728045460914e+03 -4.135008470731648e+04
  2.525903074653069e+09 -3.009289457293134e+04  3.440680785660492e+04
  2.526138153193765e+09  1.100242501736935e+05  9.013052862829319e+04
  2.526131040232102e+09  3.107909635374919e+04 -6.664735407109233e+04
  2.526150729851238e+09 -7.258421792531270e+04 -3.600657542404602e+04
  2.526045628329469e+09 -1.201919244173355e+05 -1.443903455253615e+05
  2.526140203620383e+09 -1.972458058212197e+04 -7.309911771564395e+04
  2.526133485076430e+09 -6.717664908639179e+04 -3.183105789605877e+03
  2.526060043771373e+09 -1.210954889593113e+05  3.878023878109531e+04
  2.525967879039009e+09  9.147887801484409e+03  1.095174822354150e+05
  2.526000498014283e+09 -9.513185594435781e+03 -8.357233483898803e+03
  2.526085563656168e+09 -2.288706311153066e+05 -2.262746773117501e+05
  2.525918291745531e+09 -6.532452192641483e+04 -1.063730199797711e+05
  2.525984702622776e+09  2.825076001783344e+04 -4.387836297899345e+04
  2.526035490001788e+09  9.084397423757816e+04 -9.594757924674638e+04
  2.526169519631332e+09  1.916078582628877e+04 -7.003156538121612e+04
  2.526032138873164e+09 -9.181902544947225e+04 -1.455709917411883e+04
  2.526161988979362e+09 -1.642097096760697e+05  9.564942332181227e+04
  2.525905860155439e+09  9.025190926601598e+04 -5.367811925785802e+04
  2.526157430195271e+09  8.751964233696461e+03  1.595577728350789e+05
  2.526139512622969e+09 -2.699240424564012e+04  1.549299361177771e+05
  2.526099120172983e+09 -2.600120695925038e+04  1.531654649646675e+04
  2.525973224374693e+09 -1.928402876851126e+04 -9.054983895745483e+04
  2.526108880131552e+09 -1.752119200598174e+05 -9.668955922181578e+04
  2.526025872067440e+09  4.339822971649515e+04 -2.575166598874924e+04
  2.526094261326932e+09 -1.298522312757410e+05  8.974075392724120e+04
  2.526194702278246e+09  8.135778086658032e+04  4.286774457470165e+02
  2.526252538400086e+09 -1.375904736885964e+04 -7.894977482518298e+04
  2.526215927017890e+09 -1.118002478557186e+05 -6.405978018283565e+04
  2.526068782185664e+09 -8.902242545823357e+04 -1.673126514418628e+05
  2.526080235019579e+09  1.091509419930720e+04 -1.776750949914856e+05
  2.526070420074986e+09 -3.151404094570864e+04  1.070947370435296e+05
  2.526237525235583e+09 -8.521069150051664e+04  3.533464846248535e+05
  2.525949618764395e+09 -9.764876100364723e+04  3.054624439623746e+05
  2.526201679916844e+09 -5.131531675124774e+03  1.835515507057177e+05
  2.525991747407929e+09  2.937042584073148e+03  1.155252135998255e+05
  2.525950061029250e+09  1.427553061835645e+04 -4.964918969338899e+04
  2.526097356632061e+09  1.163797706260682e+05 -1.004648339507246e+05
  2.526072063889270e+09  1.750174538386526e+04 -6.576609317288874e+04
  2.526151600812762e+09 -1.093926254104732e+05 -3.536861112881172e+04
  2.526248007935890e+09  1.427261009347292e+05  5.378748755906080e+04
  2.526119051825510e+09  1.880296625818772e+04  6.164103997130593e+04
  2.526159671763249e+09 -3.590799010514142e+04 -2.081198843692505e+04
  2.526080922030103e+09  6.933886263837304e+04  8.740877107344731e+04
  2.526190346909872e+09 -1.038733747031509e+05  8.936974962901883e+04
  2.526060255862614e+09 -1.302868333300530e+05 -2.598714094176738e+04
  2.526132589873133e+09 -8.741998837936041e+04 -8.099385914352792e+04
  2.526462513335964e+09 -6.711786257573418e+04 -8.655235313885449e+04
  2.526146981172969e+09 -1.728417463021600e+05 -1.518527159666177e+04
  2.526014391856900e+09  8.101036098161305e+04  2.619168586763967e+05
  2.526109624743337e+09 -2.193115514854376e+05  3.673681090155385e+05
  2.526038277125426e+09  3.729829031873355e+04 -1.086544325765694e+05
  2.526219104258544e+09 -2.820628187836480e+04 -4.852979675339634e+04
  2.526071739311343e+09  2.689824782881861e+04 -1.606541414016411e+05
  2.526180439410447e+09  9.970783507706667e+04  1.761673298198864e+04
  2.526133480720242e+09 -8.763587326530681e+04  1.589586154468640e+05
  2.526043734588887e+09  1.709670397551556e+05 -3.886968571278322e+04
  2.526102087200188e+09  6.551450918540126e+03  6.660468701679131e+04
  2.526084139820636e+09  3.067631971101544e+04  2.850954973786836e+04
  2.526215643292006e+09 -9.688261227596964e+04 -1.129710141284333e+05
  2.526103441992613e+09  5.226425157241384e+04 -7.665602819191176e+04
  2.526315423802666e+09 -1.870507477180378e+05 -2.903182527254681e+05
  2.526072046764938e+09 -3.226330690878212e+05 -1.851791912238298e+05
  2.526465316061982e+09  4.100713417007844e+04 -5.728986942457035e+03
  2.526019556221630e+09 -1.127319178636433e+05 -1.307797510713662e+05
  2.526193752436521e+09  1.913948371615210e+05 -1.044232181901314e+05
  2.526021685243322e+09 -7.318575777953514e+04 -1.232985732677277e+05
  2.526058816043700e+09  1.840588660816953e+03  4.333842475587616e+04
  2.526133650258131e+09 -1.250324502374177e+05 -2.822029099994991e+04
  2.526096226789777e+09  1.136647006045952e+05 -6.037348200263362e+04
  2.526199224111205e+09  7.505844143016532e+04 -1.483832351940467e+05
  2.525958195543369e+09  6.669848694650456e+04 -2.850733183119848e+05
  2.526149576276721e+09  4.360068778019142e+04 -3.210014290701233e+05
  2.526032863858658e+09 -7.035172849552333e+04 -9.135925843374862e+03
  2.526227918331588e+09  9.171417290458584e+04  1.180707599558590e+05
  2.526266726288485e+09 -7.258106829085475e+04  2.509500811814936e+04
  2.526011709601470e+09  1.683786595617392e+05  6.522317940396536e+04
  2.525964952219547e+09 -1.003027280991280e+04  8.519010173909535e+04
  2.526042662206343e+09 -3.421644316185418e+05  6.175199928371643e+04
  2.526267687659455e+09  1.476194873327197e+05 -1.158050599012492e+05
  2.526100648820508e+09  1.259866760989663e+05 -1.484555454267035e+05
  2.526105422834422e+09  8.322853703983035e+04 -1.332599699650193e+04
  2.526154075411218e+09 -7.097851484996674e+04  7.092431360224006e+04
  2.525994219943944e+09 -3.196785721667222e+04  4.747095040578325e+04
  2.526301304891622e+09 -1.012831644940630e+05  1.008690841663629e+02
  2.526082843966062e+09  1.126019762313621e+05  2.191160279586026e+04
  2.526196172751975e+09 -1.075893238072594e+04  1.432411398687763e+05
  2.526093134100254e+09  1.147441023879218e+05  1.192369745958920e+05
  2.526121622792205e+09 -4.052056277942052e+04 -4.245931597871942e+04
  2.526089866622013e+09 -9.660118322880421e+04  1.245952586835917e+04
  2.526095124628816e+09  2.394053841741337e+04  3.810387062005769e+04
  2.526049254392367e+09  5.525584580359206e+04 -1.264002860568622e+05
  2.526135679273611e+09  8.403856321665435e+04 -1.814076802284056e+05
  2.526034897874550e+09  8.726611846339190e+03 -9.376422055860254e+04
  2.526109167700695e+09 -2.456671871112488e+05  1.569643126918066e+05
  2.526157503316610e+09 -2.172377218477789e+04  2.017803569310363e+05
  2.526129978195455e+09  1.466339552618364e+05  9.130572175895423e+04
  2.526026598732886e+09 -5.008693944799295e+04  1.063192332879612e+05
  2.526256569539073e+09 -8.131748836517151e+04  8.316521945062984e+04
  2.526115395336691e+09 -5.588403727532132e+02 -5.665582361575414e+04
  2.526017970734354e+09  3.840518192352564e+04 -8.553815778446849e+03
  2.526220267228152e+09 -2.824405411751533e+04 -3.434544785441249e+02
  2.526106268350929e+09 -6.289539467569441e+03 -2.032318822157678e+05
  2.526317976774727e+09 -4.975694145492103e+04 -1.627242524164985e+05
  2.526235545174211e+09 -7.208540814139962e+04 -5.391051336351193e+04
  2.526120999963927e+09 -9.522870023435180e+04 -3.785852314618381e+04
  2.526091739908573e+09  1.195464320783997e+05 -1.398028309607296e+05
  2.525848553033752e+09 -2.776895237657533e+04 -3.486304301446863e+04
  2.526115179437992e+09  3.101198711675874e+04  2.145599010195732e+05
  2.526092213320733e+09  1.015425730394293e+04 -2.677339880411618e+04
  2.526135845534268e+09 -1.320031042566457e+05 -1.395756072694794e+05
  2.526252932358640e+09 -3.787039499522536e+04 -1.034925657736175e+05
  2.526077101697344e+09  1.123864762385362e+05 -2.433076180299826e+04
  2.526157155709125e+09 -9.581641547795688e+04  6.370853106708406e+04
  2.526038681386524e+09  9.967661295128055e+03 -4.157019809053978e+03
  2.526145499086665e+09  4.590364905941802e+03  8.562540197143215e+03
  2.526049544399811e+09 -4.614901436940837e+04  8.144572349128802e+04
  2.526254018879272e+09 -1.064480167466570e+05  4.233431735561439e+04
  2.526109806330291e+09 -5.603258386606677e+04 -1.378861122449695e+05
  2.526089565503629e+09 -2.616824077745003e+04 -1.010268733002380e+05
  2.526064111781224e+09 -1.887393342789897e+04  8.175729925943352e+04
  2.526133196687908e+09 -6.003723684669600e+04  1.579037250425572e+05
  2.526098716851463e+09  2.852478307778464e+04  1.017430767706301e+05
  2.526297318094176e+09  4.805791353479121e+04  2.063065665938218e+05
  2.526097667412689e+09  3.144878359527839e+04  2.615752137359562e+05
  2.526228307269473e+09  6.951262466376938e+03  1.092728718776695e+05
  2.526081410889946e+09  7.024604102399622e+03 -3.209683658084547e+04
  2.526200654278646e+09  8.510157581027027e+04 -8.445931498775957e+03
  2.525904268296088e+09 -5.393976942239853e+04  1.278803237826111e+05
  2.526178185268466e+09 -1.857396186909825e+05 -8.900253693056176e+04
  2.526126400907612e+09 -5.696120907988679e+04 -1.585140088760878e+05
  2.526074721777864e+09  2.636839187535954e+04  2.045770380747772e+04
  2.526148342750760e+09 -5.077028345134703e+04 -5.631863786684605e+04
  2.526041211025050e+09 -6.303555149152601e+04 -5.411861374507425e+04
  2.526212168871293e+09  7.667549174710317e+04 -1.258849100908090e+05
  2.526101680880172e+09 -2.608158828585839e+04 -8.090770717274770e+04
  2.526029967531472e+09  1.490674609995270e+05 -7.582132033352833e+04
  2.526117094816965e+09 -2.736852370343218e+04 -1.711921431202392e+04
  2.526170082772418e+09 -8.702453207463725e+04  9.168310074810579e+04
  2.526002153599636e+09  2.681765947972838e+05  8.007144399469765e+04
  2.526191007400510e+09  1.203685787824125e+05  1.135577521362533e+05
  2.526299115791852e+09 -2.395766438897557e+05  2.612385957433679e+04
  2.526271724867294e+09 -1.576245208999133e+05 -1.992267831141991e+05
  2.526180475635533e+09  4.958909177833095e+04 -2.550777188139562e+05
  2.526055703222520e+09 -2.543152779317992e+05 -1.111078689985973e+05
  2.526249297912909e+09 -4.407882413725741e+04 -1.959614859719115e+04
  2.526347509799010e+09 -2.094435166205163e+04  6.295227225374663e+04
  2.526098610835960e+09  8.253034652337548e+03 -1.445110170058275e+05
  2.526207997481283e+09  1.462228102120899e+05 -7.445747444080387e+04
  2.526105603214408e+09 -5.191431161794020e+04 -7.231110943583900e+04
  2.526200625620695e+09  1.471036854144235e+05 -2.197680502381713e+05
  2.526255997173715e+09 -5.545213459765366e+04 -7.341705153938336e+04
  2.526153514461020e+09 -4.022378261752939e+04 -2.109081180951139e+04
  2.525952876823888e+09  2.372556038647927e+05 -4.386293274771166e+04
  2.526056086996968e+09 -6.774088801743905e+04 -5.719786162052408e+04
  2.526123021326750e+09  1.004068803006183e+05 -1.001658870504322e+05
  2.526189127306171e+09  8.486117592436355e+04  6.205967612306221e+04
  2.526183398699103e+09 -2.720863626371439e+05  1.575355700027361e+04
  2.526075601465389e+09 -1.647819565626837e+05 -2.553721951482110e+05
  2.526188759704424e+09 -5.518930099666110e+04 -2.408500991986248e+05
  2.526108899712042e+09 -1.923407848800272e+05  4.785799596744578e+04
  2.526076563608859e+09 -1.215264713793118e+05  5.725683360450956e+04
  2.526304737624751e+09 -9.247872709613119e+03 -8.413898520684126e+04
  2.526283552295606e+09 -1.472598321944530e+04  6.435535861137952e+04
  2.525975948841225e+09  1.288799631519741e+05  7.426556009902153e+04
  2.526075784288725e+09 -1.157345481798373e+05  1.128880091768453e+05
  2.526180695403835e+09 -7.219753610732267e+03  8.002059958748869e+04
  2.526030442734082e+09 -9.940079212146159e+04  1.597967886766045e+05
  2.526196336228591e+09 -2.945871757254361e+05  2.235563632867624e+05
  2.526026013390332e+09  2.161312861327532e+05  1.349783162622087e+05
  2.526222331470637e+09 -1.562084644572484e+05  3.207175716449670e+04
  2.526332180982361e+09 -7.466357053267020e+04 -1.439053182043406e+05
  2.526280106586938e+09 -2.686761554504820e+04 -2.017577452223126e+05
  2.525919000728349e+09 -1.135626777874159e+05  1.582882152954722e+04
  2.526036718323326e+09  4.690246955845249e+04  8.818661560818600e+04
  2.525983433586172e+09 -1.641991421247533e+05 -1.240578353622288e+03
  2.526075751079894e+09  1.992622834884503e+03 -8.821264436416794e+03
  2.526110808586292e+09 -1.497460523083701e+05  1.045748028679967e+05
  2.526221458396657e+09  4.690237027374085e+04  1.597543144797422e+05
  2.526131507743032e+09  5.200347279994108e+04  4.635089785295422e+04
  2.526260255024139e+09 -1.481630719253467e+04  1.610718189732675e+05
  2.526150661044694e+09  1.449224166650832e+05  9.818466049071169e+03
  2.525880663124239e+09 -5.565682579076849e+04 -6.246146382567915e+04
  2.525979231543293e+09  8.112061450128420e+04  7.967010095986183e+04
  2.526167835075371e+09 -1.243659803517023e+04 -1.904659695262485e+04
  2.525980065104293e+09 -4.262671818270558e+04 -1.146248743230617e+05
  2.526187058917935e+09  8.688651522477728e+04 -2.071371186213815e+05
  2.526048046686796e+09 -3.504274031390564e+04 -2.363996523232580e+05
  2.526082108044612e+09 -4.396642129737884e+02 -1.870047775432526e+05
  2.526132518341978e+09  2.126364863854665e+04 -1.898553139096885e+05
  2.526126097506951e+09  5.480019642550085e+04 -1.296505662356489e+05
  2.526044793976362e+09  1.430735029658454e+04 -3.926650031366851e+03
  2.526055241092294e+09  7.527798534255399e+04 -4.701776481151581e+03
  2.526056684880454e+09  5.894355867657112e+04 -1.933563982055847e+05
  2.526107414433921e+09  8.353253470870922e+04 -1.533929432450492e+05
  2.526144143352936e+09  9.592833999862807e+04  1.311528228952501e+05
  2.526052343505210e+09 -9.864346824658732e+04  5.404196650371453e+04
  2.526168800099516e+09  4.912590679975550e+04  2.328306552326115e+04
  2.526218872528527e+09  5.929477091090870e+03  7.235308011554321e+04
  2.525976406111166e+09  1.161269666157302e+05  4.874215046962869e+03
  2.526019237515419e+09 -7.292887266207836e+03  3.641349501322454e+04
  2.526106319129117e+09 -1.687204054135417e+05  1.104496414625233e+05
  2.526220980475205e+09  5.867774864169769e+02  7.345321318345249e+04
  2.526021691244874e+09  6.152996909315465e+03 -3.392622664594615e+04
  2.526255028935148e+09  7.988138572120685e+04 -5.752884194908640e+04
  2.526190056683367e+09 -1.265209114252059e+05  1.143440135155478e+04
  2.526261840492651e+09  5.611487856486448e+04  6.118988857682922e+04
  2.526012864628910e+09 -1.074030971431634e+05 -2.554907352347230e+04
  2.526199902865669e+09  3.190825278258673e+04 -1.522532292273388e+05
  2.526116980891033e+09  1.760546282950619e+05 -4.333455550450343e+04
  2.525964893291070e+09  1.013089757376385e+04  9.071471838995768e+04
  2.526030742827575e+09  2.082328780957521e+04 -1.695775975671260e+05
  2.526047561617507e+09 -1.705715660828461e+05 -8.912756047486828e+04
  2.526204275812255e+09 -4.659640002475586e+04 -2.638729767249885e+04
  2.526098207553059e+09  8.872728104192798e+04 -1.790102855868214e+05
  2.525879458333419e+09  1.455198479130381e+04 -6.132511585146660e+04
  2.526054850295609e+09 -1.744072348788708e+05  2.802865335766249e+04
  2.526224844483664e+09 -5.265313639320014e+04 -1.105115557575552e+04
  2.526235472336324e+09 -4.153212302836217e+04  4.631921606019977e+04
  2.526017022032722e+09 -4.834780420303182e+04  1.825055776299451e+05
  2.525969607721242e+09  1.526644729303755e+04  1.666696157041560e+05
  2.526107216362009e+09  2.008687063377723e+04 -1.047876798910927e+04
  2.526072354105177e+09 -4.868892221352423e+04 -1.227342379036313e+04
  2.526082390697717e+09 -7.106870041065942e+04 -7.721866169625270e+04
  2.526057761700868e+09 -9.122178013752872e+04 -5.300771013244364e+04
  2.526253459646482e+09  1.976682327636136e+05  7.164897990068188e+04
  2.526210768296214e+09 -4.899020981124509e+04 -9.482543957796996e+03
  2.526026749351102e+09  2.023862336599850e+04 -4.768082111889572e+04
  2.526055337579148e+09 -1.102044258097188e+05  5.733471966417390e+03
  2.526028350825740e+09 -1.155460558265685e+05  8.499205209432042e+04
  2.526054631369799e+09  1.290979612535564e+04 -1.539479631570587e+04
  2.526168275225561e+09  1.309239590095007e+05 -8.562659470472863e+03
  2.526063243812910e+09 -2.047102033234730e+05 -6.337463981963834e+04
  2.526102941228675e+09  1.225907585734547e+05 -1.819237735145520e+05
  2.526216174842190e+09 -7.875909663289785e+04 -7.941454398366308e+04
  2.526200562696212e+09  2.258308068526525e+04 -6.310269720278902e+04
  2.526026298817865e+09 -1.392864517175916e+05 -4.118673244917486e+04
  2.526022737165352e+09  1.290305122155941e+05  5.035847805336921e+04
  2.526016974070738e+09  2.465800589090073e+04  5.934900416279292e+04
  2.526107484553575e+09  1.309466077438204e+05  7.987157207670214e+04
  2.526315177756763e+09 -1.687706322418081e+05  4.930703551303456e+04
  2.526149117560025e+09  2.709364616745664e+04 -4.383852491388598e+04
  2.525993989472851e+09  7.480162183902896e+04 -4.490517307104310e+04
  2.526130892940921e+09 -4.950826077826880e+04 -8.672447219390888e+03
  2.525923705386014e+09 -5.532238561763114e+04 -5.739331139930990e+04
  2.526086180473792e+09 -8.731985536911851e+04 -1.378947948657488e+05
  2.526164974455750e+09  2.523841234978510e+04  2.993892432105425e+04
  2.526122246849830e+09  5.609375538462354e+04  7.300134023618232e+04
  2.526035346682787e+09 -1.266035904384758e+05 -5.846669281470875e+04
  2.525978788480287e+09  1.046583513880357e+05  2.488424154722714e+04
  2.526180996012259e+09 -8.147586532575911e+04 -1.093125644959341e+05
  2.526058753295203e+09  8.317815133758099e+04 -1.355496948810497e+05
  2.526069511926426e+09 -9.904112673834153e+04 -1.296045971940880e+05
  2.526105822188766e+09  2.361266394784988e+04 -1.090796462558330e+05
  2.526193422067882e+09 -6.414524812958553e+04 -9.343609174065663e+04
  2.526322472687829e+09  1.295217398712112e+05 -2.950836787876976e+04
  2.526016902166175e+09 -9.604684985942335e+04  1.312894590361660e+05
  2.526011199149710e+09  2.122206732389284e+03 -3.266608298292093e+04
  2.526217162765884e+09  7.389424118795898e+04 -6.850057801270523e+04
  2.526188096684171e+09 -1.561783634900154e+05  6.728377275262959e+03
  2.526189404886323e+09  3.750187207860104e+04 -2.804954727122036e+04
  2.526015025417114e+09  3.117408352901856e+04  9.756787614454509e+04
  2.526070327166811e+09  1.618742997054989e+05  1.397224435562080e+05
  2.526088166774776e+09  3.381173779825354e+04 -5.063139027954987e+04
  2.526185438325057e+09 -7.854598155006766e+04 -8.023963967985136e+04
  2.525990195210577e+09  5.446389496455459e+04  1.839692646832089e+04
  2.526119642675520e+09  6.694090418963111e+03 -9.406007636109903e+04
  2.526103621107728e+09  1.108416150168120e+04 -5.293068073084368e+04
  2.526007381258923e+09 -5.116505592346331e+04  7.473816447029659e+04
  2.526144554286683e+09 -8.633844758724375e+04  1.064972145110783e+05
  2.526008587299614e+09 -2.602696207787856e+05  1.580448234900252e+05
  2.526256586880206e+09  5.351257048128312e+04  8.074483474011230e+04
  2.525951513228850e+09  5.563393407248385e+04  1.590333529927827e+05
  2.526144806872227e+09  1.003012164144299e+05  2.493165307175349e+05
  2.525995499294559e+09  5.292486296558089e+04  1.265001676486167e+05
  2.526193217112698e+09  2.998820128098316e+04 -7.866521667334600e+04
  2.526112599216759e+09  6.111747275369731e+04 -1.167946685096566e+05
  2.526200372166575e+09  5.170730504174728e+04 -6.981497735909070e+04
  2.526273952029613e+09  1.913130092644409e+05  7.443004350349936e+04
  2.526214676479845e+09  2.765237537653669e+04  2.280136964369216e+04
  2.526040066187099e+09 -9.203839441134920e+04  2.992680833214894e+03
  2.526032217081865e+09  2.161385456475872e+04  3.698305166489223e+04
  2.526094905671589e+09 -1.214551585944517e+04 -7.047547954555880e+04
  2.526309692229976e+09  1.263258594139918e+05 -6.584097871791292e+04
  2.526218059012854e+09 -7.920241901040636e+04 -4.195914786727005e+04
  2.526294818695801e+09 -8.820755489689158e+04 -2.471980262469995e+04
  2.525943513178650e+09 -3.681213100813574e+04  4.766089751175605e+02
  2.525902397932974e+09 -2.426529300211812e+04  6.264750696340075e+04
  2.526165187210343e+09  1.360656693574405e+05 -4.226508316515922e+04
  2.526121672608946e+09  4.685110439360887e+04 -1.056516338613399e+05
  2.526272460400075e+09  3.710560463205213e+04 -2.866563518808897e+04
  2.526083375972730e+09  7.905361465362177e+04 -1.016707975200815e+05
  2.526003202933123e+09 -1.134853326055116e+04 -2.257745812696881e+05
  2.526022008014300e+09  1.484599374551780e+04 -2.239748973894638e+05
  2.526176192666633e+09  7.354017572270229e+04 -5.800984082012111e+04
  2.526156577798601e+09 -1.468705079072266e+05  9.036328357104212e+03
  2.526166393285066e+09  5.748168211811245e+04 -8.933549063156825e+02
  2.526251370676462e+09 -1.059476199013163e+05 -1.134787883932568e+05
  2.526074051231349e+09 -1.835306252648181e+04  4.771217184216366e+03
  2.526030780898836e+09  4.990400911449268e+04  5.299925697037124e+04
  2.525967458408810e+09 -1.707793835270063e+05  1.336183105900759e+04
  2.526153178721392e+09 -1.224518801430613e+04 -2.040796108088689e+02
  2.526202810903063e+09  6.808933447710215e+04 -7.156088532468327e+04
  2.526293003732559e+09 -1.026894156874159e+05 -1.341723096470027e+05
  2.526175335229655e+09 -1.933959469104087e+04 -1.541761345043618e+05
  2.525992036891854e+09  2.874210068206835e+04 -8.314440188983604e+04
  2.526087038385307e+09 -4.074541173731571e+04 -1.023279405416629e+05
  2.525977386903992e+09 -1.739439541425498e+04  6.987149097524374e+04
  2.526179240642911e+09 -2.534462683848501e+04 -3.415561736801465e+04
  2.526168222138517e+09  6.445559674191278e+04 -3.236198449091986e+03
  2.526155737148348e+09 -5.764849737240933e+04  2.648302863471606e+04
  2.526137970233675e+09 -2.141763182650713e+05 -6.779956527670566e+04
  2.526130221955347e+09  3.803279142862275e+04  1.840875945863256e+05
  2.526140079357078e+09 -9.662032608277211e+04  1.380306792022341e+05
  2.526140034798386e+09  2.445862935136333e+04 -4.166567255618586e+04
  2.526111834251257e+09 -7.554789174049278e+04 -3.726835526922159e+04
  2.526249609285149e+09 -1.284852262099588e+05 -4.584362782670395e+04
  2.526266106613518e+09  1.240967651100534e+05 -2.594702044674137e+04
  2.526137619526522e+09 -4.780187228765013e+04  7.875511153160332e+04
  2.526182981443192e+09 -7.406804039588844e+04  1.145630322672524e+05
  2.526116432865712e+09 -5.747475986225752e+04 -1.815438133880217e+04
  2.526012711820394e+09 -1.529217829437437e+04 -5.596050607066893e+04
  2.526046453124021e+09  1.264828039730210e+05 -1.725287873008614e+04
  2.526105877526142e+09  5.673130986743513e+04 -1.689908070930676e+04
  2.525990527435915e+09  4.162751356858481e+04  1.016394915690197e+05
  2.526032360324808e+09  3.895907832611073e+04  1.097869092770177e+04
  2.526144585218263e+09  7.757310566723649e+04  6.896537054601766e+04
  2.525922465786134e+09 -4.830915157571569e+04  6.056044163923370e+04
  2.526185955734122e+09 -3.332458313153591e+04 -8.564154858593387e+04
  2.526093683920645e+09  4.050661874927627e+04 -9.391776301871799e+04
  2.526119584643876e+09 -2.048008740365168e+04  1.527490258636447e+05
  2.526230692310205e+09  3.225068374462199e+04  2.124055671255800e+05
  2.526035129176583e+09  3.351869733253052e+04 -1.369976721498386e+05
  2.526007613739345e+09  2.041755248123112e+05 -1.924289214467251e+05
  2.525967510056680e+09  9.517371881434345e+03 -9.069355684049590e+04
  2.526145727349096e+09  3.631807568729680e+03 -1.332826086016814e+05
  2.526209373932527e+09 -1.534528441319568e+04 -2.002680615729039e+05
  2.526125513418637e+09 -1.271104946441558e+05 -2.047662546841218e+05
  2.526226395042023e+09  1.743798517284296e+05 -1.671029775993589e+05
  2.526110037966280e+09  1.932989663765219e+04  9.986024058680539e+04
  2.526216930833828e+09  1.044496739245802e+05 -6.946309643477701e+04
  2.526149407241953e+09 -1.690510303630088e+05 -1.771666435250718e+05
  2.526119124095124e+09  4.902291784967575e+04 -3.737103581103962e+04
  2.526243104481538e+09  1.021647433058040e+05  4.045802030587220e+04
  2.526192289811441e+09  5.333208749813645e+04  3.811794805419605e+04
  2.526073950445529e+09 -3.501366559398454e+04 -6.331029261368007e+03
  2.525966037073050e+09 -7.885556770874787e+04 -1.932195889559761e+04
  2.526136489951636e+09  1.867337625940465e+05  1.219049786612393e+05
  2.526278907837928e+09  1.288334979778648e+04  6.944250940323574e+04
  2.526177184641970e+09  3.009676861454907e+04  5.513483068814571e+04
  2.526164810241061e+09  1.484861527998513e+04  6.243535601706035e+04
  2.526058436011406e+09  8.200474593566978e+04 -1.066135742884937e+05
  2.526101956104215e+09  6.414644472882897e+04 -5.113612394163280e+04
  2.525873311574137e+09 -7.471566603359782e+04  8.446967902215803e+04
  2.526300660684425e+09  1.371523255913053e+04  1.190129037990614e+05
  2.526064659966716e+09  8.041879108728422e+04 -3.531101556795568e+04
  2.526302274590271e+09  3.240586620217934e+04 -5.906491063398076e+03
  2.526068955286447e+09 -1.592215963020767e+05  8.942491144190659e+04
  2.526066610516484e+09 -8.583643901061174e+04  7.640343364507053e+04
  2.526268640828911e+09  4.407805557395790e+03 -1.679206690282275e+05
  2.526120714954728e+09 -1.361171680168533e+05 -1.807189032972441e+05
  2.526174406527421e+09 -9.671638097934966e+04  1.425315294982400e+04
  2.526026549390073e+09 -9.930328355573380e+03 -8.350072780841999e+04
  2.525856932677327e+09  2.575340803110987e+05 -2.714731170246686e+05
  2.526120559781682e+09  2.560557320114074e+04 -7.319610760891810e+04
  2.526083876885575e+09 -8.639042957880680e+04  2.333785497868352e+04
  2.526040910950147e+09 -5.562207842792757e+04 -1.579205323112896e+03
  2.526057859615524e+09 -2.374474596901238e+04  7.520733508508676e+04
  2.526095667915118e+09  1.512723720080195e+05  5.050157712585933e+04
  2.526217013053652e+09  2.938523166516563e+03  8.191825077971863e+04
  2.525940795967211e+09 -1.197836518695147e+05  2.743312794437376e+04
  2.526122344505582e+09  1.072560892476708e+05  6.892155348003889e+04
  2.526143440866163e+09 -4.483649625997304e+04  2.566529874147428e+04
  2.526129466633592e+09  4.857080862576584e+04 -6.112073602616228e+04
  2.526121394903679e+09  2.100628598120867e+04 -5.396999928159545e+04
  2.526151002934618e+09  6.024235824033292e+04 -2.917330398455670e+04
  2.526136173798583e+09 -5.763156617843441e+04 -1.597518104289782e+05
  2.526165299423918e+09  2.770997766849608e+04 -1.059926163422930e+05
  2.526157806489689e+09  5.275185092412101e+04 -2.437895260000371e+05
  2.526465494664415e+09  1.408971393294369e+05 -2.598756596019850e+05
  2.526157651480699e+09 -1.724733426166530e+04 -5.447148060192843e+04
  2.526163850053361e+09 -1.084359723989983e+04  8.649173944928451e+03
  2.525986283025219e+09 -8.122323147047800e+04  8.815960766385542e+02
  2.526142693421733e+09 -1.493412898074139e+05 -1.149941436661188e+05
  2.525980550138895e+09 -4.418426388967107e+04 -1.145026906968757e+05
  2.526106412768092e+09 -3.586584095906117e+03 -6.385269643845642e+04
  2.526223752364785e+09 -1.722344961672642e+05  4.250018355587870e+04
  2.526076162306869e+09  1.477303450177738e+04 -3.231088851026699e+04
  2.526045811801362e+09 -2.896299393626512e+04 -8.265274969526939e+04
  2.525982594531854e+09 -1.895006970185140e+04  7.226420190536883e+02
  2.526233040304410e+09  1.413419488063799e+05  4.678280976432771e+04
  2.526144919955323e+09  5.747477007229300e+04  3.871473753109388e+04
  2.526119727892043e+09  4.320740671796689e+04  3.391773752418091e+04
  2.526162691549534e+09  2.766409126285114e+04  2.004545474814600e+03
  2.526174712028374e+09  9.840814623499895e+04  1.462892334740292e+05
  2.525986316906200e+09  4.932711318259017e+04  6.983481458552089e+04
  2.526193590990522e+09 -3.496793773955526e+04 -3.215679006390835e+04
  2.526274618928348e+09  1.183444015924304e+05  1.024200554518844e+03
  2.526122816703864e+09  3.206010736280004e+04 -3.320407403212902e+04
  2.526286462159131e+09 -6.382997387005994e+04  1.563448308899486e+05
  2.526026791491171e+09 -1.307708257026895e+05  1.151649656853896e+05
  2.526290088756303e+09  3.775684575213352e+04 -2.640676470420090e+04
  2.526265510095312e+09 -8.680154112183908e+04  1.578698518336238e+04
  2.526171701400108e+09  2.832862887653057e+04 -1.072135532241594e+04
  2.526162614252227e+09 -5.391625713694445e+04 -1.815666271853563e+04
  2.526019577020269e+09 -8.242389103274830e+04  3.245663529730518e+04
  2.526270982101286e+09  9.114409063451260e+04  2.298155931931303e+04
  2.526288085168140e+09 -1.131147942938927e+05  1.567457873480301e+04
  2.525996528765463e+09  1.889248109454894e+04 -1.521834017945174e+05
  2.525993457985363e+09 -1.205978042614879e+03 -1.297340112936443e+05
  2.526212828734614e+09  1.011628878125194e+05  2.270725031654874e+03
  2.525990085319276e+09  1.143752822708553e+05 -1.214549361388129e+04
  2.526096831960840e+09  1.655524290488614e+04 -6.541092877796799e+04
  2.526233912334393e+09  1.408855591462179e+05  1.433226067283610e+05
  2.525952153228886e+09  1.370478133219171e+05  2.984234531462768e+05
  2.526170939604556e+09  8.771398783437836e+04 -1.118590430548069e+05
  2.526037018148680e+09 -4.455733554039558e+04 -1.940986165355733e+05
  2.526178649272658e+09 -3.662904069211322e+04  4.417417188737541e+03
  2.526270253173320e+09 -1.727731752489309e+04  3.758520699311490e+04
  2.526157067394609e+09 -1.384295252729207e+02 -1.929566661653175e+05
  2.526146876976793e+09 -6.161632304620428e+04 -1.579502576208714e+04
  2.526260402961792e+09  8.387760971424438e+04 -3.960763838943827e+04
  2.526134978323759e+09 -3.418569015042436e+04 -1.204630628551338e+05
  2.526178329817538e+09 -1.330308605303962e+05 -2.140343667944351e+05
  2.526101457530528e+09  6.441710531021003e+03 -9.519578236609045e+04
  2.526052028127765e+09  5.202140207056957e+04 -3.853592789424432e+04
  2.526225717292046e+09  7.308437216900336e+04 -6.516216856197920e+04
  2.526316212333940e+09  6.373563323801116e+04 -4.717724610426428e+04
  2.526300474004820e+09 -2.251755778683559e+04 -1.349785801532934e+05
  2.526126476005377e+09  1.209356619393794e+05 -1.070838868341511e+05
  2.526147483393284e+09  5.347722094604908e+04  3.325083478082460e+04
  2.526176061112130e+09  1.043807472001408e+05  1.314401142234766e+05
  2.526170035419458e+09  3.741688832440996e+04  1.386803138771168e+05
  2.526089701613016e+09 -7.041483238205285e+04  2.094073275113449e+05
  2.526142285857026e+09  3.132176417854243e+04 -3.888481940671196e+04
  2.526084699161398e+09 -3.702882443040959e+04  1.865636263208739e+05
  2.526210610703973e+09  7.872618907041874e+04  1.276548398289829e+03
  2.526086341815950e+09  1.963567452926813e+05 -4.180811602407228e+04
  2.526187016237195e+09  3.407968058556644e+04 -3.537898834101507e+04
  2.526044937888896e+09 -1.312418154888618e+05 -1.686628679533233e+05
  2.526242492851394e+09 -3.178086317853677e+05  4.990056294858805e+04
  2.526043914061319e+09  3.288343959938316e+04  2.775821221619961e+04
  2.526080155537170e+09 -5.141048666295758e+04 -8.046015926243155e+04
  2.526052942391954e+09  3.299615777266445e+04  1.436881856346331e+05
  2.526073253845915e+09 -6.954877305591013e+03  1.224422677395045e+05
  2.526142258046607e+09  2.622479442330822e+04  7.841893396726809e+03
  2.526151330182338e+09 -2.335352488385024e+04 -4.244633233591763e+04
  2.526191904539845e+09 -7.200881132519408e+04 -2.426298676257438e+05
  2.526131194756898e+09  5.030776643547602e+04 -1.443864518001619e+05
  2.526017244057084e+09 -7.372081375086424e+04  9.052417489198165e+04
  2.526185062171970e+09 -7.439386934995279e+04  1.323277935106586e+05
  2.526105704261750e+09 -3.386594146980013e+04 -1.322028729952162e+05
  2.526185727121422e+09  7.295912578168319e+04 -6.137007395370369e+04
  2.526182492089900e+09  1.136015449748499e+05 -3.517377237137407e+01
  2.526328418725898e+09 -9.526034907233273e+04  1.034941298490795e+05
  2.526227952820953e+09 -1.459084412118040e+05  8.424201643855497e+04
  2.526041798928200e+09 -1.983362277498097e+05  1.818572396832629e+04
  2.525975390694163e+09  2.994174726194516e+04  8.161073137405445e+04
  2.526138029020809e+09  4.697938204270275e+04 -1.363184991726978e+04
  2.526090608513968e+09  1.652838547981810e+02 -4.143143259022292e+04
  2.526079748156410e+09 -3.191938667318318e+04  1.794970003368147e+04
  2.526175964732767e+09  1.378463568709202e+05 -1.713840320770005e+05
  2.526101107450368e+09  5.383186842863588e+04 -8.084693593624607e+04
  2.526187722816310e+09  1.056146258680127e+05  1.705479728798526e+05
  2.526258106662249e+09  1.489500985293146e+05  1.488707170695788e+04
  2.526011622739167e+09 -6.328202781867003e+04 -4.660245832869282e+04
  2.526049554137897e+09 -6.994643746976776e+04 -5.392301482254243e+04
  2.526025884468482e+09 -4.895271697906975e+04 -3.397938547276089e+04
  2.526127190247565e+09  5.601576465201844e+04  4.871361334923469e+04
  2.526068581036573e+09 -8.580496201201575e+03  2.713863972384790e+05
  2.526077096092557e+09 -7.170080005164517e+04  2.240381070767464e+05
  2.525797533731722e+09 -2.710284731017193e+03  1.240247734809031e+05
  2.526075280356353e+09 -1.596054803295573e+04  1.487753120153658e+04
  2.526093301064644e+09  8.730325945357233e+04 -9.226741526499495e+04
  2.526069034179264e+09  7.710497486782982e+04 -9.307011269971577e+04
  2.526108159641823e+09  8.019948809189908e+04 -8.017451025738847e+03
  2.526165682027171e+09 -3.740680721783324e+04 -6.120949028496339e+04
  2.526211752112089e+09  6.940192648575827e+04  1.059147907548980e+04
  2.526185339295604e+09  2.703565595496516e+04  1.202630047811143e+05
  2.526104846255452e+09  8.706783451792132e+04  6.377847433800716e+04
  2.526085127626592e+09 -5.823095375578332e+04  4.231440610914084e+04
  2.526276597443914e+09  9.713248936203145e+04 -2.347723741565685e+04
  2.526233493063924e+09  1.333805626017266e+05  1.611257541859039e+04
  2.526062911446602e+09  2.718731566355639e+04 -1.835159298156567e+05
  2.526017148433713e+09 -1.710713111647696e+04  1.603013353268115e+04
  2.525939929982234e+09 -2.486779611507215e+04 -3.100925181362043e+04
  2.526018700520091e+09 -3.142764183077123e+04 -2.633631115330337e+04
  2.526050055329185e+09  7.745769231718779e+04  5.278642241567769e+04
  2.526112332764596e+09  3.170118557462702e+03 -3.330807716003084e+04
  2.525810556828046e+09  7.376397463196516e+04 -1.924333001024351e+04
  2.525973431252753e+09 -1.227129175615210e+04  1.607555051558351e+05
  2.526107410436682e+09  1.419122331065315e+05  1.845792379599352e+05
  2.526093275611755e+09  5.301270117779053e+04 -5.109354200361576e+04
  2.526091092961286e+09  7.399651862299629e+04 -8.109536111485295e+04
  2.525953197113017e+09  4.198313690680487e+03 -3.117359218176763e+04
  2.526111432167087e+09 -1.069529562452685e+05 -7.960771497399430e+04
  2.526351289575617e+09 -1.301042801180456e+05 -5.937820633959724e+04
  2.526212461749794e+09  3.634324646688998e+04 -1.611030623856243e+05
  2.526025257218083e+09  1.149334263274866e+05 -2.937048995894266e+05
  2.526159166220321e+09 -1.735423254642589e+04  1.223081887244021e+05
  2.526057639275745e+09 -1.253367350568962e+05  3.089906075548031e+03
  2.525959961507262e+09  7.083042112685600e+04  1.645547886847660e+05
  2.526204861791448e+09 -6.386356281530927e+03 -3.443848341564124e+03
  2.526022999148272e+09  3.905245795156993e+04 -2.747294232817726e+05
  2.526296667671355e+09  6.496090186378930e+04  1.644176378855505e+04
  2.525960452363098e+09 -2.151852568793153e+05  2.067539400529233e+03
  2.526141168621123e+09 -1.572326662847698e+05 -9.329578915533843e+03
  2.526143307110130e+09  1.490471697759669e+04  2.166575826796656e+04
  2.525920301769792e+09  6.447970703755156e+04 -6.222089137209207e+04
  2.526099797569702e+09  2.520206433169250e+05 -8.531655403511017e+04
  2.526140724229954e+09  1.019978929870750e+05  2.520169104754849e+04
  2.526168045766921e+09 -2.828853657737638e+04  9.756223296141159e+04
  2.525918399639908e+09 -9.127374087219755e+04 -4.836166571805067e+04
  2.526288297427402e+09  7.015163853499384e+04 -1.661737440107894e+05
  2.526140643801581e+09 -6.115695399299928e+04 -3.943858985413797e+04
  2.526258424779950e+09 -1.620530796958966e+05  3.228838602164824e+04
  2.526271939499750e+09 -1.430370265359432e+05 -2.485252595558099e+04
  2.525994504096317e+09  6.595141163222992e+04  1.098954811732757e+05
  2.526034402484525e+09 -9.402692655865988e+04  4.283933471213112e+04
  2.526081042559003e+09  2.903423852762254e+04 -1.183195383429683e+05
  2.526264783638926e+09  4.964353151855426e+04 -2.758765398322814e+04
  2.526069648993274e+09 -1.240889674128289e+04 -9.853391037997557e+03
  2.526299373490713e+09 -7.201030066229345e+03 -8.800454119290924e+03
  2.526078151360502e+09  2.186142458068207e+02 -3.962260233233025e+04
  2.526148800523829e+09 -7.924756466671971e+04 -1.868019633467449e+04
  2.526194106841458e+09  3.206933630173176e+05  9.833402690186352e+04
  2.526015094039618e+09  1.208882675776677e+04  1.533399023048509e+05
  2.526077620290794e+09  1.938407247991327e+05  9.559858433442825e+04
  2.526127460976003e+09  7.675273552431026e+03 -4.737248592104448e+04
  2.526236365677266e+09  9.608391994579427e+04  1.090558176795434e+04
  2.526124052889013e+09 -3.392528281281842e+04  1.103406077828791e+05
  2.526151025860734e+09 -3.398263832641568e+04 -1.216097336800218e+05
  2.526184299369110e+09 -1.721730414043316e+05 -8.436050287021516e+04
  2.526133460548818e+09 -8.635129958735639e+04 -5.803336849620310e+04
  2.526201997473071e+09 -1.321194211207563e+04  9.235436526220423e+04
  2.526098310016984e+09  1.270192638136899e+05 -5.741861473514989e+04
  2.526158848012116e+09 -4.202187985030666e+04 -2.992830423892182e+05
  2.526069060582047e+09  1.413729386974896e+05 -2.509433939730632e+04
  2.525994899206843e+09  9.448904303872399e+04  1.564824816435522e+05
  2.526180396288894e+09  3.163429827406397e+04  5.994964532442763e+04
  2.526157552605775e+09  1.262094809485921e+05  2.133139740728682e+05
  2.526232695738504e+09  5.381670732116420e+04  1.950873140539515e+05
  2.526020206682665e+09 -5.668914573648083e+04  1.292440206088133e+05
  2.525901141702866e+09  6.294901838063472e+04  1.035195412157434e+05
  2.526272139364739e+09 -5.664974363256712e+04  7.339543083716073e+04
  2.526112622817720e+09 -1.326095669245732e+04  1.521880702703198e+05
  2.526085351143578e+09  1.299745846294751e+04 -3.255821260914896e+04
  2.526193925938256e+09  3.517669466149283e+04 -1.075434809830474e+05
  2.526207846463702e+09 -7.050628472414427e+04 -1.766940762233204e+05
  2.526055538689256e+09 -2.221702914106252e+03 -1.036838207148921e+05
  2.526181945857840e+09  5.557102112646226e+04  1.872330232457575e+04
  2.526023767646956e+09  8.764313995481865e+04 -7.858738815154531e+04
  2.526225534087822e+09 -5.990229975060184e+04 -1.693106686021925e+05
  2.526138648189569e+09 -3.538386589805770e+04 -4.649177476562679e+04
  2.525984632711408e+09 -3.178462232103944e+04 -8.644986049410238e+04
  2.526132277337267e+09 -6.769672371311556e+04 -1.294893976360480e+05
  2.526060897550798e+09  3.962049100828031e+04 -3.040045017878339e+04
  2.526115171113005e+09 -4.484577980719064e+04 -3.930415167830390e+04
  2.526196620918375e+09 -2.319526099302527e+04 -1.272399910422307e+05
  2.526018400429486e+09 -8.921573103875911e+04 -1.374343926650387e+05
  2.526175632685447e+09 -5.258358181909780e+04 -2.648838444393757e+04
  2.526146226157552e+09  2.368508077935874e+04  1.353169740007634e+05
  2.526083856214216e+09  6.659147239872724e+03  9.064269606538212e+04
  2.526047166501264e+09 -2.443792827715806e+02  1.595082575210674e+05
  2.526237880450232e+09 -5.095427036213875e+04 -4.658300017982663e+03
  2.526131650593105e+09  7.046979544987739e+04 -1.443445038424497e+05
  2.526135268739704e+09  1.725507285812462e+03  3.786488814072229e+04
  2.525935231321944e+09  5.945115773644182e+03  1.399104039812516e+05
  2.526073717920471e+09 -3.410426677630586e+04 -6.905928602354485e+04
  2.526141071148674e+09 -5.169130783754680e+04 -1.429044429849867e+05
  2.526130085119288e+09  5.965137402613088e+04  1.866378139434520e+04
  2.525933866133125e+09  6.284687077853322e+04  8.574072485467202e+04
  2.526043879113341e+09 -1.962760380026012e+05  7.624052088824162e+04
  2.526055717451004e+09  8.574676216873783e+04 -1.711076315593231e+04
  2.526267591338472e+09 -5.162346212315862e+04 -5.549535268449452e+04
  2.526064306822733e+09 -1.056568638157031e+05 -3.560046246378886e+04
  2.526074648165965e+09  7.566818219430069e+04  3.780276056991506e+04
  2.525935902016120e+09 -9.213513273265422e+04  6.222669850004873e+04
  2.526159201613796e+09 -2.343940396163278e+03  6.606690014281950e+04
  2.526023300951483e+09 -6.382932334678655e+04 -3.417941699045134e+04
  2.526168958985593e+09 -3.474913826253940e+04  7.085042024907072e+04
  2.526284328321556e+09 -7.736663205588717e+04  5.118585846268572e+03
  2.525979102759098e+09  7.226072568719846e+04 -1.443855780408787e+05
  2.526048577594814e+09  6.359524309646516e+04 -7.022715589951817e+04
  2.526182665090941e+09 -1.362054721417669e+05 -6.614289070883067e+04
  2.526081956040548e+09  1.025461769267014e+05 -7.680217182928749e+04
  2.526203837205070e+09 -8.234750024494482e+04 -4.630853965393035e+03
  2.526242604422281e+09  3.921072220914334e+04 -6.004632348147623e+04
  2.526015763420044e+09 -6.674705777605483e+04  2.151412676493864e+04
  2.526013808276664e+09  1.456272913866341e+05  2.327149781155073e+05
  2.526025898937589e+09 -4.070037327968329e+04  1.457223281282801e+05
  2.526206142644151e+09 -6.872846941427467e+04  5.438959604690736e+04
  2.526100711820645e+09 -3.949201508286980e+04  5.784936064569431e+04
  2.526151245476882e+09 -1.227896372440557e+05  4.217981784819788e+04
  2.526148213634353e+09 -7.697779219911844e+04  1.237099658339098e+04
  2.526083535149663e+09 -2.405771798540931e+04  7.516912739140866e+04
  2.526238644448958e+09 -1.677273808964493e+04  1.542575334139997e+05
  2.526216684447098e+09 -2.596945655107498e+03  5.496916309841917e+04
  2.526044626372397e+09 -2.613215961693355e+04 -7.897257312197529e+03
  2.526242367003537e+09  3.917964763473452e+04 -5.485109544141073e+04
  2.526193802026052e+09 -1.529182043209784e+05 -1.170538352792600e+05
  2.526081052847011e+09  6.188237357203197e+04 -2.389465674018720e+04
  2.526034538715373e+09 -8.030664979227213e+04  1.316393094051899e+05
  2.526144619913050e+09 -6.176629154518084e+04  8.548319491124677e+04
  2.526243435994441e+09 -5.538264613480930e+04  4.940363635092031e+04
  2.526250070249391e+09  7.164177183623891e+04 -5.088150252425426e+04
  2.525996754738688e+09  9.205103325018677e+04 -2.826620439442433e+04
  2.526143762679208e+09 -8.429980185191939e+04  9.115243071814207e+04
  2.526061427846528e+09  2.470849425463640e+04  5.420858142565284e+04
  2.525901673496696e+09 -5.474484473071992e+03 -4.653814244277502e+04
  2.526034911938792e+09  1.632581181107252e+04 -1.056832446380196e+05
  2.526224113240459e+09  8.880763724749442e+04 -6.433393221255532e+04
  2.526154359681754e+09 -1.152765649210517e+05  5.981551413806539e+04
  2.526013727970409e+09  8.255343874666560e+04 -7.573748870939552e+04
  2.526029000784905e+09 -8.845172517184279e+04  3.265550158463197e+04
  2.526214840833401e+09 -3.225571055704658e+04  1.862716120669355e+05
  2.526051724079494e+09 -1.041242359697316e+05  6.010610836003092e+04
  2.526215429568532e+09  2.870136559351231e+04  2.897711589081376e+04
  2.526181124671576e+09 -7.091024672757281e+03 -1.471457910643880e+05
  2.526083661242972e+09  1.900138281311921e+04 -1.228032143579180e+05
  2.526116359866113e+09  7.326783148346003e+02  3.282419284378702e+04
  2.526139745092807e+09  3.333962032502750e+04  1.068173370314848e+05
  2.526064295561104e+09  2.732200513391551e+05  9.876940521039476e+04
  2.525994003989026e+09 -1.183721903259360e+05  2.453584255365096e+04
  2.526157789834661e+09  9.264142324239656e+04  6.883548615116696e+04
  2.526276021029854e+09 -2.008440904050018e+04  5.297447891443700e+04
  2.525992969562876e+09  4.888877878898609e+04 -6.915866604610538e+04
  2.526167234719682e+09  4.720740587843204e+04 -1.378928671565726e+05
  2.526192206220810e+09 -1.490661470055950e+05 -2.785375001155774e+05
  2.526105894380466e+09  1.385491531590170e+05  2.668368828826910e+04
  2.526297659343924e+09  1.881560566996457e+04  1.953419897353300e+05
  2.526169936231473e+09  5.508799811707571e+04 -1.905524131785135e+04
  2.526280450267086e+09 -4.749897388449236e+04  2.248788324034913e+04
  2.526180353820117e+09  9.635247933118854e+04 -1.134405987361202e+04
  2.526257079653481e+09 -7.232400663657160e+04 -1.804421212369227e+04
  2.526460133474011e+09 -2.376170185604360e+04  6.501518237408367e+04
  2.526172115295510e+09  1.276697032304274e+04  2.798660762671661e+04
  2.526020995600888e+09  6.461191006008594e+04  1.526972938550229e+03
  2.525933441374269e+09  1.507986769069245e+05 -3.458984613451362e+04
  2.526141785130706e+09 -3.374321934387155e+04 -4.123395799502049e+04
  2.526188267293999e+09 -5.870798043543193e+04  3.129066649523913e+04
  2.526212793997213e+09 -1.281677376890578e+04  1.076896828870157e+05
  2.526223774260764e+09  4.554093337163969e+04  4.545381142312079e+04
  2.526187631903312e+09 -2.163145572856802e+04  3.271880210359185e+04
  2.526115729929959e+09 -1.506955945118889e+05  3.398858094923187e+04
  2.526125937899109e+09  1.415790431811933e+05  3.137678615859596e+04
  2.526271562124230e+09  1.043229757340159e+05 -5.302061509300678e+04
  2.526021870455634e+09 -4.405178547918180e+04  1.126083104679629e+04
  2.526027976982901e+09  3.095152569116326e+04 -3.068765717216593e+04
  2.526281303948465e+09  5.320419569942751e+04 -2.829813197161333e+04
  2.526064793564244e+09 -1.994070338981171e+05  7.978191097726621e+04
  2.526192394073443e+09 -1.138806089457452e+05  1.298007214691825e+05
  2.526104907909398e+09 -2.330920066163599e+04  8.548945798079064e+04
  2.526234735313615e+09 -1.971847528208047e+03  8.698482017470198e+04
  2.526055657971448e+09  3.321405236591480e+04  1.074348989964854e+05
  2.526013546864460e+09  6.022766629585100e+04  2.100099058711305e+05
  2.525963886284445e+09 -8.635245282343356e+03  1.519232454752245e+05
  2.526258401006095e+09 -1.163175715949747e+04  2.660383382842469e+04
  2.526122391601593e+09  1.081256549342659e+05  1.255477465692465e+05
  2.526035444530453e+09  2.720658026222425e+04 -5.705174749197834e+04
  2.526217526336843e+09 -9.322962347171688e+04 -2.391796708130527e+05
  2.526005739803562e+09  1.123740520082379e+05 -1.121185109486985e+05
  2.526282458321662e+09  2.105357405099532e+05 -8.572345007691160e+04
  2.526141601045524e+09 -7.662473796908814e+04 -1.156602584635811e+05
  2.526019507679656e+09  3.778589583422546e+04  6.047838042571628e+04
  2.526149999001080e+09  1.406576625799560e+05  3.881698067089892e+04
  2.526222017866248e+09 -2.016609920502995e+05 -6.249354975459003e+04
  2.526034641893814e+09 -5.942012521304132e+04  3.989245732203790e+04
  2.526215571480303e+09  9.656337204303607e+03  3.026486893995921e+04
  2.525977904044621e+09  6.472139040529914e+04 -1.899368697873189e+04
  2.526058573478351e+09 -7.686843849105200e+03 -4.074435740952445e+04
  2.526236529899666e+09  5.848228179035045e+04 -8.804968089321128e+04
  2.526152192412828e+09  1.725461486329483e+05  2.118744551027869e+04
  2.526126776683750e+09 -6.375191967152315e+04  1.153799422826048e+05
  2.526155659898079e+09  1.761670630570513e+04  1.184258286781695e+05
  2.525919966207886e+09  4.300162925862541e+04  2.517756102333024e+04
  2.526233209488167e+09 -1.437798737799865e+04  1.416619158389774e+05
  2.526146071763300e+09  1.918221181435275e+05  2.737580743522529e+05
  2.526104558289340e+09  2.247371960754767e+05 -1.256651831448511e+05
  2.526241091930446e+09  2.019326845325017e+04 -2.223089284392842e+05
  2.526176887590994e+09 -9.276264710873869e+04 -1.086824762626989e+05
  2.525972098535418e+09  5.321089104339387e+04 -2.050829108533077e+04
  2.526266500783011e+09 -3.856628857631923e+04  6.174216940767440e+04
  2.526143998979644e+09  5.870250971102656e+04  9.959588660397008e+04
  2.526182187990839e+09  2.494946612815536e+04  7.293998107729820e+04
  2.526291772378446e+09  2.350038312985981e+04 -2.809995175247604e+04
  2.526095973302524e+09 -8.012719580167794e+04 -9.318852019142872e+04
  2.526254157088376e+09 -9.191176816634357e+04 -1.015064175208203e+05
  2.526206288274863e+09  3.991649979971559e+04  8.127411596035247e+04
  2.526064682176964e+09 -3.220036912263813e+04  4.031619663579948e+04
  2.526046673359728e+09 -9.790785994699341e+03  3.634212713294657e+04
  2.526117745424287e+09  1.010026804007839e+05  5.417640844583954e+04
  2.526006611134148e+09 -4.836571553756716e+03  9.298275939622207e+04
  2.526066983180305e+09 -9.913674440671690e+04  8.775433604690898e+04
  2.526195834554144e+09 -4.437295549228950e+04  3.041469816662720e+04
  2.526146450169595e+09  5.489719617316441e+04  4.516522911077691e+04
  2.526136362016459e+09  1.404403925702141e+05  1.556902117512207e+05
  2.526057552032975e+09  5.307279605334933e+04  6.099905471516377e+04
  2.526140989435593e+09  1.635090092045546e+03 -7.960115868332773e+04
  2.525970633839540e+09 -4.146489876469021e+04  8.706615440068301e+03
  2.526163623480049e+09 -2.429961963956514e+05 -3.002133257517242e+04
  2.526083529101645e+09  1.165575999541664e+05 -7.308173515592306e+04
  2.526122772885008e+09 -5.673016564613208e+03  8.650321586474031e+04
  2.526191532126201e+09 -1.869838044650445e+04  6.717609333864276e+04
  2.526107136717858e+09  2.147034049557572e+05 -2.831596441331456e+04
  2.526145017181947e+09  5.362389487525239e+04 -7.032069318169914e+04
  2.526244174209132e+09 -1.238390957914535e+05 -4.707712074770231e+04
  2.526197200708964e+09  3.941209748605196e+04  1.102363748701746e+05
  2.526244357651942e+09  1.062465104027850e+05  1.096363703508627e+05
  2.526166569333416e+09 -1.470200452054325e+05 -9.883246258025023e+04
  2.526164394989095e+09  2.485453139940544e+04 -7.644097251909645e+04
  2.526151504879293e+09 -2.820818269964494e+04  6.270558051844011e+04
  2.526046447959472e+09  1.200629129211009e+05  1.427247574289318e+04
  2.525889997446881e+09  6.597578864013520e+04 -8.870779590068641e+04
  2.526233728034491e+09 -7.886665574810351e+04 -1.025211255278001e+05
  2.526010056538923e+09 -3.954571961998451e+04  4.343183552866802e+04
  2.526084070058784e+09 -1.386005875619501e+05  8.339106620602310e+04
  2.526042475507994e+09  1.299751508029276e+05 -7.893522387783794e+04
  2.526129882488696e+09 -8.348590705416247e+04 -1.094124360644217e+05
  2.526234801311114e+09  4.039667047266383e+03  6.978631230696663e+04
  2.526246019608706e+09  1.280175389862687e+05  1.310616699984616e+05
  2.526171134005345e+09  7.573441791828466e+04  1.504955899148539e+05
  2.525995706906115e+09  4.242649787537441e+03  1.201931625927546e+05
  2.526077545396304e+09 -2.804463394229347e+04 -7.397416027252865e+04
  2.526070486541539e+09  3.265108678616563e+04  2.475198590356496e+04
  2.525975974667714e+09 -8.171519949403367e+04  2.738458235198422e+04
  2.526120033672692e+09 -4.033650367417576e+04 -2.836983795696869e+02
  2.525860032403114e+09 -5.344920113249274e+04  2.787724469352770e+04
  2.525974309270920e+09  3.951836566965468e+04  1.411834683048835e+05
  2.526000530361169e+09  8.755773497746256e+04  1.166493768770765e+05
  2.526091639146794e+09 -2.718728092749510e+04  2.277503332774658e+05
  2.526095448418849e+09 -1.222942460209427e+05  1.627088663893316e+05
  2.526243079631717e+09  4.680570925467811e+04 -2.647712759342216e+04
  2.526095706977123e+09 -3.003234459681367e+04 -5.779061253998382e+04
  2.526252075567130e+09 -5.061179805345996e+04 -7.061639100498613e+04
  2.526234850026709e+09 -1.260703907583627e+05 -5.820258618407324e+04
  2.526208078036328e+09 -7.134923687725328e+03  1.953479045439803e+04
  2.526216133922721e+09 -2.479433398331283e+04  3.769156779859541e+04
  2.526184429039954e+09  1.273711974833054e+05 -1.334990818475714e+05
  2.526062887768078e+09  4.943614458703766e+04  3.171243156865821e+03
  2.526003994336744e+09 -5.572248773486959e+04  2.908725758936576e+03
  2.526181562888239e+09 -4.874121528474335e+04  1.692715268113976e+05
  2.526095015138794e+09 -1.567189970443313e+05 -4.913069424145133e+04
  2.526047297590221e+09 -1.792292233792492e+05 -1.459299736472400e+05
  2.526159846100588e+09  3.744994771025056e+03 -2.567432652734395e+03
  2.525849146637146e+09  1.270230108150416e+05  7.187324589791417e+04
  2.526061075104189e+09  1.470469933295164e+05  3.438704857211781e+04
  2.525926932993563e+09 -1.444273864788283e+05 -2.200218843873404e+04
  2.526067286204121e+09  5.513676731972685e+04 -5.182619317837956e+04
  2.526077506470840e+09 -4.662385793117806e+03 -1.345507009985032e+05
  2.526089940432937e+09 -1.644807851561634e+05 -1.948515085460212e+05
  2.526057377939528e+09 -1.367010708848862e+05 -6.838680479084188e+04
  2.526187126361243e+09 -5.512874496349832e+04  3.535838431770570e+04
  2.526243945568286e+09 -1.591972007070081e+05 -6.626926120641927e+04
  2.525993601434078e+09  7.640047801928432e+04  3.289875675331696e+04
  2.526141430948528e+09  9.167219547140028e+04  6.777505469798506e+04
  2.526201219611653e+09  1.264896651987480e+05  2.359746570186056e+05
  2.526022954547733e+09  8.995928541683010e+04  3.914934004006884e+04
  2.526030927831314e+09 -1.291425999357187e+05  8.255628303236794e+03
  2.526091204306409e+09 -1.500834666558010e+05 -2.039690245645819e+04
  2.526176555370669e+09 -6.592828353639226e+03  3.283305847108853e+04
  2.525908527415945e+09  1.382092501295111e+05  3.214556791445479e+04
  2.525977212139880e+09  3.899046529246404e+04 -9.293533042965431e+04
  2.526005660585827e+09 -1.062981401984575e+05 -1.182368154296412e+05
  2.525933101495391e+09 -6.406798647427047e+04  6.998691098617855e+02
  2.526169759380977e+09 -1.416789725958806e+04  7.044714844931412e+04
  2.525946488022564e+09 -9.842369581074780e+04  2.079270110449416e+04
  2.526038874236997e+09  9.448474241448892e+04 -9.920726462498028e+04
  2.526151489549267e+09 -3.501018470541551e+04  2.375115408038371e+03
  2.526134123426199e+09 -1.458090924184027e+05  1.333035794664168e+05
  2.526123763746840e+09 -8.330665667927614e+04 -1.030159909276855e+05
  2.526103202367190e+09 -1.287199025888084e+05  7.550894378431770e+04
  2.526306332813198e+09  2.157512184242958e+05  1.025468734547291e+05
  2.526178874202399e+09  6.842187527993781e+04 -2.825790821625304e+04
  2.526058457610064e+09  2.099018284168653e+04  2.910474090843741e+04
  2.525995179794504e+09 -6.712145830130973e+04  6.228464264276263e+04
  2.526271089416999e+09  5.621410511872265e+03 -1.037821987103368e+05
  2.526076038131876e+09  2.555910324930935e+04 -1.441050722251623e+04
  2.526289301488803e+09 -1.022932989461704e+05  2.804549417630328e+04
  2.526202132550404e+09  4.396423070588987e+04 -1.532822012987395e+05
  2.526054169113525e+09 -7.828114244960062e+04 -2.914729067604430e+04
  2.526330158399073e+09  1.108522105629711e+05  1.141268100176358e+05
  2.526138270971069e+09  8.525990272025252e+04  1.402619506554172e+04
  2.525979457338582e+09  2.246073242408931e+05  5.281053887608100e+04
  2.526237129546061e+09 -1.514596654727928e+05  1.132085234867225e+05
  2.526159735840646e+09 -5.490719181838725e+04 -4.584150891931867e+04
  2.526204568925897e+09  2.801145107867708e+04 -9.106352804047056e+04
  2.526295225555895e+09 -1.974737358198673e+05 -1.069334350115850e+05
  2.526147107357282e+09  1.290935522350474e+05 -1.513041972880787e+05
  2.525914266624919e+09 -8.985379034363502e+04 -8.985318231236213e+04
  2.526165449944407e+09  2.450948209573848e+05  4.897669083006203e+04
  2.525964549887750e+09  7.292617439485528e+04 -7.473097111990233e+04
  2.526115968412016e+09  2.512034030687182e+05 -1.308411824241679e+05
  2.526019355931937e+09  7.084492761180107e+04  2.037006446661715e+05
  2.526088290742062e+09 -8.628455063070846e+04  2.590751503041728e+05
  2.525983850362486e+09  1.169403340426521e+05  1.206687852658629e+05
  2.526134975858614e+09 -1.167423618399276e+04  8.054751410022425e+04
  2.526142699144533e+09  1.150789063418547e+05  1.988308713164227e+04
  2.526094213580635e+09  6.235280112571316e+04  7.057687817843282e+04
  2.526180570242031e+09 -2.728944318349264e+04  1.809671970100551e+05
  2.526169490296496e+09 -2.278805484399085e+05  1.489616452562989e+05
  2.525894413297748e+09  9.656524017015588e+03 -1.103266929823448e+05
  2.526040274327384e+09  1.371213902048472e+05 -1.826170663084015e+05
  2.526132069929073e+09 -4.755541186730703e+04  6.223068446283368e+04
  2.526115439865281e+09  5.959227307561925e+04  2.454410910389831e+05
  2.526035989750951e+09 -3.111524044926418e+04  9.978884902272746e+04
  2.526228531015304e+09  3.679385209719965e+05 -1.001020334424879e+05
  2.526099789048570e+09  1.402904453728553e+05 -5.701756266165899e+04
  2.526139133934698e+09  3.206307583337170e+05  3.752706509702862e+04
  2.526006768556654e+09  4.873012247934326e+04  1.229004780446016e+04
  2.526083617323510e+09 -5.972777313156705e+04  5.361011628294369e+04
  2.526136418497165e+09  4.144528683266928e+04 -4.231702867468144e+04
  2.526263980321609e+09  1.438481238270877e+04 -1.851611916726255e+05
  2.526083877456192e+09 -2.171965903718001e+04 -5.453701405286090e+04
  2.526216629269548e+09  1.193753484797961e+05  4.554084108761066e+04
  2.526118324784468e+09 -1.927705894982985e+05 -5.012582602046203e+04
  2.526226697727934e+09 -7.795670336688659e+04 -3.639915503652924e+04
  2.526325941089096e+09  5.016656377025414e+04 -1.093997059963459e+05
  2.526112167704214e+09  5.150104007424292e+04 -1.995442894704702e+05
  2.526138726940039e+09 -2.144045050582278e+04 -1.018062762810732e+03
  2.526278468008688e+09  7.467235218035319e+03  1.287336739513313e+04
  2.526227128697290e+09  6.268337016099173e+04 -1.434175282978034e+05
  2.526159475473713e+09  8.429244526285477e+04 -4.781049170588516e+04
  2.526012195348041e+09 -3.449082195622943e+04  1.903585682372258e+05
  2.526089594537841e+09  7.371969800325157e+04  3.021771304654157e+05
  2.526114060184310e+09 -6.104565632938041e+04  1.298954815524392e+05
  2.526098505360522e+09 -1.312741964019134e+05  2.848322274920656e+04
  2.526122257543620e+09  1.334033710704131e+05  2.779970757037260e+05
  2.525984570134233e+09  8.725485214256216e+04  1.203398941238987e+05
  2.526034753797733e+09 -6.462809532165655e+04 -9.259551537394640e+04
  2.526167911618870e+09  1.169322518170697e+05 -1.349078289975906e+05
  2.526140592284321e+09 -1.147584984073811e+05 -1.027071045722882e+04
  2.526081904034008e+09  5.415136386021227e+04  1.229160624734564e+05
  2.526021693564895e+09 -3.715271631523175e+04  9.206984512444329e+04
  2.526172209339946e+09 -9.829122996528808e+04  3.894779722051608e+04
  2.525984484913163e+09 -3.515880628652096e+04  5.015277270389348e+04
  2.526175620130831e+09  1.396323485284287e+04  1.181056756370998e+05
  2.526274385218671e+09  1.788062104613313e+05  1.840249152606231e+05
  2.526119013906351e+09  1.968028091304610e+04  7.040854163714359e+04
  2.526099878400091e+09 -1.095202509257584e+05 -7.851176010791431e+04
  2.526216470995414e+09 -1.026559197857783e+05 -5.328279990200489e+04
  2.526078251625364e+09 -3.574153455558233e+03 -8.284024140376830e+04
  2.526099328145621e+09 -6.278863645076728e+04 -6.477984321274213e+04
  2.526111743541637e+09  2.268841511808145e+05 -1.114550484608929e+04
  2.526020426831890e+09  1.837801266147511e+05 -6.214353383304481e+04
  2.525967121288403e+09  2.265367836422403e+04 -5.189929230743507e+04
  2.526071436505798e+09 -1.408034957877477e+03  3.810929496889439e+02
  2.526203236139940e+09  8.748255893542664e+03  7.696442425538260e+04
  2.526082051237781e+09  4.652968580448837e+04  6.769942711382289e+04
  2.526051893196700e+09  4.759045524383988e+04  6.019299030406540e+04
  2.526117508600046e+09 -1.026875471272793e+05  7.054974346862524e+04
  2.526166322641189e+09 -1.541549375582207e+04 -8.266986175269802e+04
  2.526324658791618e+09 -5.680567511621001e+04 -2.189104883503029e+04
  2.526157597785311e+09  2.438387370949739e+05 -3.786873570159939e+04
  2.525898940102787e+09  8.308234838835872e+04 -1.873341558543835e+05
  2.526166988655342e+09 -1.487627750651645e+05 -1.235169033112976e+05
  2.526165721615918e+09 -1.111813386761574e+05 -9.022002826561220e+03
  2.526089883805209e+09 -2.677206093189539e+03 -4.442694479760551e+04
  2.526269210467559e+09  1.516119392849304e+05 -2.835376757383207e+04
  2.526186135836334e+09  1.656001573754370e+05  1.120601379890851e+05
  2.526114545771979e+09  2.096700964726740e+04  7.228402851953148e+04
  2.526206534569207e+09 -1.727522926022578e+04 -1.042906303977865e+05
  2.526045652460814e+09  1.156300442274931e+04 -6.080873283065809e+04
  2.526228256981679e+09  5.442249074111361e+04  6.084927245711023e+04
  2.526109570666779e+09 -3.650823358498188e+04  2.507634857462824e+04
  2.526194252553732e+09  1.158558445458403e+05 -2.994707087301777e+04
  2.525840319583282e+09  2.465370152520132e+04 -3.976140556219034e+04
  2.526266193629699e+09 -1.092815817475617e+05 -4.504459508547233e+04
  2.526079376732558e+09  6.869207732609357e+04  4.409878369432254e+04
  2.526015648835908e+09 -4.656506356596015e+03  2.413969585243706e+04
  2.526091898674033e+09 -2.359598234995268e+04  4.086466434935364e+04
  2.526207864814708e+09 -1.668850691928136e+05  3.520313678949163e+04
  2.526111617105616e+09 -6.133474906381150e+04 -5.462588163035702e+04
  2.526137110707938e+09  6.327166378159763e+04 -4.403920522175170e+04
  2.526199910138370e+09 -1.408879319909355e+04 -1.248807145318587e+04
  2.526134538620847e+09  1.758437349397705e+05 -3.187073078006762e+04
  2.526211927468114e+09 -2.377050230180400e+05 -1.489683333266524e+04
  2.526145250875584e+09 -1.750333772255329e+05 -1.198422274980114e+05
  2.525954545005301e+09  1.147899234798921e+05 -8.594975150606758e+04
  2.526191765362947e+09  7.592156272476027e+04  3.005179450900224e+04
  2.526054281793442e+09 -2.050741423796787e+04  6.127029900448816e+04
  2.526229816585998e+09  4.591842266327678e+04  8.681098531979299e+04
  2.526020133127914e+09  1.326895421959718e+05 -4.286435524122359e+04
  2.525953579270673e+09 -6.512753549745005e+04  2.473828485482140e+04
  2.526079360842743e+09  1.982460684373854e+05 -5.777126628096821e+04
  2.526188400977853e+09 -6.100604228444467e+04  3.496913455617969e+04
  2.526232159799659e+09 -1.069126126242999e+04 -8.524900822752295e+04
  2.526037420875659e+09 -7.340339180210861e+04 -1.178437920893737e+05
  2.526267605842048e+09 -2.500529095168845e+04  3.837997401177138e+04
  2.526137635362829e+09 -9.749282880293844e+04 -1.940465826111194e+04
  2.526255926965693e+09 -1.281844956275688e+05 -8.805526763383858e+04
  2.526430744100677e+09  1.197209983691755e+05 -1.202617657851446e+05
  2.526159475740982e+09 -5.089115459171357e+03 -1.051310982309288e+05
  2.526192337734313e+09 -4.308552573879249e+03 -8.750357519977805e+04
  2.526165928452779e+09  6.949661842865811e+03 -6.257795276942302e+04
  2.526144242956850e+09  1.469822642089950e+05 -4.299677438025479e+04
  2.526210642983065e+09  3.178517555503640e+02  1.498832782920683e+03
  2.526149617996813e+09  1.781249837368535e+04  1.229615413974302e+05
  2.526214508770719e+09  4.900295525415672e+04  1.535641814403338e+05
  2.526072426635261e+09  1.339835852775171e+05  2.962367752025730e+04
  2.526080162428283e+09  1.519678050646600e+05  3.946064645715395e+04
  2.526096890852798e+09  1.426278665413045e+05  5.874729060888872e+04
  2.526265882866701e+09  7.439635990324081e+04  1.371648084889005e+05
  2.525992556142759e+09 -5.905578457014007e+04  1.431724821918956e+05
  2.525875893087486e+09 -3.242208607373526e+03  8.776913076791936e+04
  2.526235480681535e+09 -1.066427401239943e+05  7.643491829090979e+04
  2.525939922036747e+09 -1.043768967925748e+05  7.347793583379104e+04
  2.526222794018494e+09  3.040528800880141e+04  4.338485985107720e+03
  2.526114107558050e+09  1.117308154227960e+05  1.600064876134554e+04
  2.526161919637603e+09  1.134844527776230e+05  6.687046905308845e+04
  2.526170758157209e+09 -7.015944090819737e+04  1.802045638789423e+03
  2.526055566466049e+09  4.148788115583267e+04 -5.912908739863639e+04
  2.526079331738135e+09 -1.502917142678716e+04 -6.234985767466505e+04
  2.526199350198017e+09 -4.825130796978343e+04 -5.033568101578509e+03
  2.525965349216601e+09 -1.220565076644688e+05  2.169930987607804e+04
  2.525906830387231e+09  2.149397127280873e+04 -9.930076586330775e+04
  2.526105995922744e+09  1.240072724458511e+05 -8.689609687009256e+04
  2.526123059300700e+09  1.934857463056007e+05  5.882452724900533e+04
  2.526231275136567e+09  4.095514022573130e+04 -9.002742204942275e+03
  2.526028697719360e+09 -9.959956320815370e+03 -1.377587390542760e+05
  2.526079883888804e+09  6.438272596660326e+04 -1.504026488948071e+05
  2.526089550447249e+09  8.680051429857733e+03 -5.770230340358708e+04
  2.526222609652395e+09 -6.942968026991526e+04  3.727432823901827e+04
  2.526227627164134e+09  2.507131018210925e+04  1.079587203738373e+04
  2.526275750285580e+09  4.787442614712205e+04  3.688032301780675e+04
  2.525845236782110e+09 -2.201549071814504e+04  5.175411245460552e+04
  2.526193406015607e+09 -1.595001168108085e+04 -1.057780261858996e+05
  2.526268069013561e+09 -1.181486024020193e+04 -2.126907037183541e+04
  2.526326305987721e+09 -1.129362314266795e+05  1.768259777414172e+05
  2.526102363726847e+09 -7.762381906566746e+04 -1.981292202126607e+04
  2.526051912695066e+09 -1.968009718686047e+04 -1.133704038150777e+05
  2.526122369304857e+09 -1.544912723509013e+04  6.108357166087691e+04
  2.526191061252745e+09 -4.177997760328726e+03  8.758642232542962e+04
  2.526036066039534e+09  9.993241746585967e+04 -5.503690599608072e+04
  2.526230489055254e+09 -9.866346216602088e+04 -1.744836734299395e+05
  2.526219983156214e+09  1.274032813323287e+05 -1.447101766736964e+05
  2.526230068251204e+09  1.436579282151606e+05 -1.150096081865417e+05
  2.525907125496292e+09 -2.319372640934819e+04 -3.651041681995057e+04
  2.526317875562354e+09  2.497235175051598e+04  1.137871642479596e+05
  2.526037569922048e+09 -4.389069951448729e+04  2.306781288812943e+05
  2.526217066442754e+09 -3.137130603108509e+04  1.829800470677665e+05
  2.526100964426952e+09 -9.634117388445768e+04  1.460967083562911e+05
  2.525988284098612e+09  2.724819049438869e+04  6.932536415488028e+04
  2.526092713045254e+09 -2.807510635170568e+04  2.763929995710735e+04
  2.526127662616616e+09 -4.763026597285410e+03 -6.370276247196249e+04
  2.526162692280746e+09 -4.548535907203308e+04  1.511600196982501e+04
  2.526171953608864e+09 -5.506894152147975e+04  1.438732576287705e+05
