  1.258794107927135e+09 -2.319641372775239e+06 -1.309297100667510e+06
  1.261021649289467e+09 -2.323346145247543e+05 -1.122636826717557e+05
  1.264304642474324e+09  2.030225449923002e+06  1.512003583944954e+06
  1.260145607404512e+09 -2.021284375358714e+05  6.470173853040396e+05
  1.264988500150463e+09  3.517059970039130e+05 -5.634138581750887e+05
  1.260809618628875e+09  1.914191217525661e+06 -2.162501945625871e+05
  1.262641004803621e+09  1.577786322490202e+06  1.644221760916109e+06
  1.262783485819162e+09 -1.204184521366100e+06  2.012553910401203e+06
  1.260736871518270e+09  5.732940741343517e+06  3.147825001250211e+05
  1.265960986462575e+09 -1.533115130239234e+06 -5.807310414420726e+05
  1.260776944834295e+09  1.193627073724107e+06  9.181307808076765e+05
  1.261837101143618e+09 -1.275506717650390e+06  2.821105404193551e+06
  1.263436892113926e+09 -1.572955597701462e+06 -7.269651435282144e+05
  1.260267568264455e+09 -2.598650649641842e+06 -4.903206453974877e+06
  1.259737804494018e+09  2.437007823861985e+05 -2.851083376138604e+06
  1.260676199000549e+09 -1.473758656936437e+06 -7.298461799627090e+05
  1.261687968119796e+09 -2.908897917761792e+06  3.265119907248342e+06
  1.264253682184099e+09  1.108047156629983e+06  1.503754762893026e+06
  1.259486093238974e+09  4.070436938854762e+05  8.478617873770305e+05
  1.262882983938478e+09 -3.305689813884376e+05  2.825551858251878e+05
  1.262654272972474e+09 -7.825916409031455e+05  3.149443636150087e+05
  1.262505760570927e+09  3.138931191629886e+04  1.605266105206823e+06
  1.263236035133887e+09 -1.059641253730212e+06  1.508686807046404e+06
  1.260943081538810e+09 -4.220400873016686e+05  1.673946598845736e+06
  1.265689027183059e+09  2.964796434932597e+06  2.046879420286460e+06
  1.261860011063951e+09  4.124619587626795e+05  1.712954678995906e+06
  1.260043565429322e+09 -1.206340486005520e+06  7.148524026326309e+05
  1.262786085171060e+09 -1.112173636126614e+06 -8.856791254102837e+05
  1.260295075572187e+09 -1.440504418727214e+06 -5.003727551265593e+05
  1.266864296806277e+09 -1.274494642295829e+06  3.783734558351059e+04
  1.262185431864878e+09  9.308564377572493e+05  1.688935100281067e+05
  1.262955742405476e+09  7.368498030225260e+05  2.436229891167386e+06
  1.263995430522279e+09 -2.028410895844006e+06 -1.110295563332607e+05
  1.263445560698730e+09  1.431928539751751e+06  3.834851660063979e+05
  1.263682788292391e+09 -8.241212209658648e+05  1.960497882243357e+06
  1.263807113267361e+09  6.355277801742970e+05  2.329867143017974e+06
  1.260774978317218e+09 -3.748671158967829e+05  2.284195084011273e+06
  1.264135244145579e+09  1.534732405557742e+06  1.347099207257213e+06
  1.261549058418999e+09 -6.732033599218435e+05  6.377400460967211e+05
  1.265559578050303e+09  2.302987468074192e+06  1.079220695571248e+06
  1.264171509434252e+09  4.456795036787681e+05  7.462923342158815e+05
  1.262264043358724e+09  2.224655673246186e+05 -1.518060463283278e+04
  1.261642757612154e+09 -1.775606883472844e+06 -2.164884427451185e+06
  1.260561493130601e+09 -2.693724063897456e+06 -3.606679774230317e+06
  1.264533204537080e+09 -2.286789732753822e+06 -2.283524748671006e+06
  1.262454132083167e+09  7.716178499441158e+05 -1.450827659999914e+06
  1.262975900420402e+09  1.853120188116596e+06  3.786253693571428e+05
  1.261629175880991e+09  1.713309665272608e+06  1.380927810477849e+06
  1.264319106342680e+09 -2.181374993086315e+06 -8.083631075560395e+04
  1.262257039803068e+09  3.016430433408869e+04 -1.891512594267275e+06
  1.262556112286882e+09 -1.962490880473656e+06  1.574660344716778e+04
  1.261391150069753e+09 -9.183632973066135e+04  1.637001387676612e+06
  1.264951535822483e+09  1.717969303506026e+06  1.839659604985522e+06
  1.263196859705828e+09  2.508507170151564e+06  8.574980849793244e+05
  1.260875096855572e+09  8.763869203034110e+04 -1.347526575077992e+06
  1.260723959646357e+09  1.130992118350438e+06 -1.737712510691202e+06
  1.261097510325183e+09  1.316196470643438e+06 -4.756046685266928e+05
  1.262752916596124e+09 -1.272352516748928e+06 -9.070696424236600e+05
  1.265840092846252e+09 -1.400026205289852e+06 -1.075471266658927e+06
  1.264248262812422e+09 -2.617618181780463e+06  1.062076927329163e+06
  1.259974968401913e+09 -2.418089871930628e+06  1.628213486103378e+06
  1.265662517917448e+09  1.920145262308201e+06 -6.285867877849044e+05
  1.263980403337533e+09  8.028535564505379e+05 -1.978038040543999e+06
  1.264462307063006e+09  3.411204076634448e+06  1.344479681555713e+05
  1.263901322819486e+09 -1.509477639054335e+06  6.142298684974788e+05
  1.261872532083149e+09 -6.994336182050477e+05  1.093493139362925e+06
  1.265901983309798e+09 -3.268803526851826e+06  8.893165054062512e+05
  1.263907893791821e+09 -4.169311445870828e+05  1.154827876554332e+06
  1.264141608155513e+09  2.666229522237582e+06  1.418386770011646e+06
  1.261779849529928e+09  1.355030053699887e+06  2.240372966389624e+06
  1.259579214425488e+09 -6.023361629904130e+05  6.776338851732473e+05
  1.262818500795378e+09 -2.208605906757737e+06 -2.619770437643862e+06
  1.262892656824022e+09 -3.335544148985422e+05 -3.459116232865614e+06
  1.266526450466633e+09 -1.498604895134055e+06 -6.216731843408968e+05
  1.264493414038573e+09 -9.186312123246677e+05  3.855469417958466e+06
  1.264021573535944e+09 -1.029495604845274e+06  4.943662340456113e+06
  1.265081292371673e+09  5.015763834800294e+05  3.089730266607150e+06
  1.263308888717585e+09  2.227870010499928e+06  3.647063469534399e+05
  1.263759435484090e+09 -1.615291309611907e+06 -1.310137384578701e+06
  1.260659306416556e+09  1.528342459558886e+06 -7.801059515237900e+05
  1.263014125059682e+09  1.364205929493818e+06 -4.621097611696001e+05
  1.263253108420707e+09 -4.677522877482161e+05 -2.673646146029189e+06
  1.262580383871729e+09 -2.644920718758694e+06 -4.929974322710818e+06
  1.264157691197202e+09  8.868202432793938e+05 -3.582518275362040e+06
  1.262870365020287e+09  2.798027653225854e+06 -1.800900158744320e+06
  1.263641296003492e+09 -2.060186269224274e+05 -3.485654812529076e+05
  1.265661666784873e+09 -1.076089698177251e+06  2.701282942435813e+06
  1.259046553400973e+09 -1.624890270385053e+06  3.715802507128065e+06
  1.263398935901267e+09 -2.410321809861872e+06  5.754717596098385e+05
  1.261099934675466e+09 -1.167473170315698e+06  1.028143305987608e+06
  1.263224412735122e+09  4.239797463669563e+05  3.584402234746193e+06
  1.260352185900205e+09 -1.167765974500042e+03  1.282722092821011e+05
  1.265455194954368e+09  9.690568728101915e+05 -3.080838278397482e+06
  1.261415554713437e+09  9.628544389709668e+05 -3.361614226730820e+06
  1.261760808363835e+09 -1.194537644191795e+06 -3.498716609653423e+06
  1.262165235468931e+09 -2.252464856631357e+06 -1.817256086906506e+06
  1.264941094047354e+09  3.974003582904238e+06  2.836166956225514e+05
  1.260426116476658e+09 -7.258271205412169e+04  2.097295629756358e+05
  1.265681631777290e+09 -1.005187522248815e+06 -1.076299838806224e+06
  1.262824725572635e+09  1.694244610913774e+06 -2.147729992190285e+06
  1.262253920832710e+09 -1.084190987523622e+05 -1.951227457631817e+06
  1.263474991173430e+09 -3.973708160692147e+06 -3.124002647173237e+05
  1.265443454112447e+09 -1.459150009390965e+06 -2.446522293653191e+05
  1.260998523948480e+09 -1.070926084446372e+06 -1.115347825602722e+06
  1.263430775121856e+09 -7.267566699446285e+05  1.822276666400946e+06
  1.264171886537607e+09 -2.286245973272210e+06  5.320450579654586e+06
  1.264042093644450e+09  2.603189539704875e+05  4.737738483222624e+06
  1.265154755165596e+09  1.790635082827836e+05  2.708515499681752e+06
  1.262296993100389e+09 -1.602951436558065e+06  1.124815469215766e+06
  1.261921733898436e+09 -2.527533173368130e+05 -1.546244989845698e+06
  1.262733227850973e+09  6.412352640159659e+05 -3.234762438890168e+06
  1.260985311693388e+09 -2.220528079913533e+06 -1.655467220186077e+06
  1.262478190596258e+09  3.666016686622074e+06  3.654108915574692e+06
  1.262351659580971e+09  1.198721094768131e+06  3.899129466236502e+06
  1.264216553400542e+09 -8.450237898185500e+05  3.047966469297419e+06
  1.265945479724172e+09  8.279047502310241e+05  1.572818537341884e+06
  1.266074095575060e+09 -2.475460985844605e+06  5.282758668838484e+05
  1.264642007408969e+09 -6.662799218418296e+06 -1.553957580197665e+06
  1.265983753489231e+09 -1.155964266977788e+06 -2.253060629452233e+06
  1.265542083993681e+09  9.921003717438279e+05  9.860500195618731e+04
  1.261333921668779e+09  8.420998054520572e+05  8.265708800878793e+05
  1.260237060010303e+09 -2.076734802038364e+06 -1.118907408385318e+05
  1.265431559456127e+09 -8.316893021618688e+05 -3.357450320247434e+05
  1.264700245189840e+09 -1.876112690346165e+06  1.221030820657769e+06
  1.263789591097274e+09 -9.884094345331369e+05  3.504640943556438e+06
  1.262698536676675e+09  5.861268026551788e+05  2.257680486976037e+06
  1.264376238778875e+09  7.920925343688176e+04  2.726261298034707e+05
  1.262510708177414e+09 -1.190513762348647e+06  1.861967551594263e+06
  1.263032815195105e+09  3.669797496077355e+05  6.628743683710097e+05
  1.268941873846752e+09  4.448924589858043e+05  6.502396094396408e+05
  1.260525884703730e+09 -1.062916654501900e+05 -1.109626116313629e+06
  1.265552263903700e+09 -4.258709380702340e+05 -2.407741631964818e+06
  1.262227357540009e+09 -2.607488125938857e+06 -5.692419091679063e+04
  1.264397054845387e+09 -3.447719038521323e+06  3.359751702041928e+06
  1.262846030004246e+09  7.198463656083816e+05  2.745330574638064e+06
  1.265415544791834e+09  2.809483856056800e+06  1.623152917546538e+06
  1.261814710515016e+09 -2.043115195519660e+05  3.092194393108142e+06
  1.260811724835520e+09  1.167700334732465e+06  1.656811648481272e+06
  1.267899175858201e+09 -1.806677087287924e+06  2.569163609010919e+05
  1.263174438816891e+09 -2.663695749483685e+06  2.046507786848182e+06
  1.261575130655471e+09 -1.353971349713947e+06  5.568125601349383e+05
  1.264826962142016e+09 -1.212738744072151e+06 -2.155064735832397e+06
  1.261705136441637e+09 -2.116809471328628e+05 -3.401740142332839e+05
  1.262998595999207e+09 -3.455188821895916e+05  1.033746639128214e+06
  1.264924340417958e+09 -2.185425189020969e+05 -1.225423225779109e+06
  1.264812886507199e+09 -1.257015605899755e+06  4.296094929531727e+05
  1.260491018188369e+09  3.789488241105138e+05 -3.046692277248685e+05
  1.264215239648621e+09 -7.944037694286387e+05 -2.965745501811172e+06
  1.262826033644991e+09 -3.436431376148068e+06 -3.575822024131639e+06
  1.264253053421988e+09  1.807337873545985e+04 -1.114960613829277e+06
  1.263353312085240e+09  1.744451935540254e+06 -1.168471620043588e+06
  1.264672116214467e+09  4.567619583453086e+05 -1.955426481931297e+06
  1.263747945054027e+09  3.759964734050645e+05 -1.207680665849238e+06
  1.262118174315099e+09  2.116286375407944e+06 -1.166561228594065e+06
  1.261871233449116e+09 -1.885471277196205e+06  2.018656725326120e+05
  1.260615233105975e+09 -1.231790563211311e+03  1.661211300111263e+06
  1.265443518985780e+09 -1.800407742257704e+06  1.190266783219299e+06
  1.263210895897992e+09 -2.762361155330946e+06 -4.141879529705399e+04
  1.263622956725110e+09  7.421162066709565e+05 -2.110695580545044e+06
  1.260569218148218e+09  5.479131557842008e+05 -3.047338059922727e+06
  1.263784497538842e+09  2.417724006143499e+06  1.304014749843948e+06
  1.265224095819534e+09 -1.647950980224658e+04  7.118103285466130e+05
  1.264757353763875e+09  8.098616689019987e+05  1.759160338015564e+05
  1.263057758682305e+09 -2.098696089046418e+06 -3.713216830799463e+05
  1.262775921406255e+09 -2.963025578000097e+06  3.207250054400137e+05
  1.261448638992959e+09 -1.633060702094416e+05  1.124749952715552e+06
  1.268899649192038e+09 -2.761732950590946e+05 -1.439113866930820e+06
  1.264832774993883e+09 -1.690138043104220e+06 -4.745241696909902e+06
  1.262284700637555e+09  1.452244221134845e+06 -4.258346401440941e+06
  1.264937010075685e+09 -8.679417784499475e+05 -1.011061390279140e+06
  1.263548319436385e+09  1.020163405348697e+05  2.124155517843536e+06
  1.265205868850089e+09  1.234602507667898e+06  3.560271447247304e+06
  1.261682902677530e+09  2.247855367903097e+06  3.733601522022447e+06
  1.263032465466502e+09 -4.616533370640673e+05  1.692857554315049e+06
  1.263565785867293e+09  2.055244636018157e+06  1.518575311975049e+06
  1.263539675243016e+09  1.236934551424397e+06  2.517463359999719e+06
  1.261725382395453e+09  1.008742075393821e+06  1.200354632808264e+06
  1.262395481876609e+09  1.709145669817574e+06 -9.619600102203733e+05
  1.261963815854399e+09  3.036227615592636e+06  1.043913743648270e+06
  1.262529701511735e+09 -2.799833500613608e+06  2.733107362426266e+06
  1.265262445206153e+09 -7.399678013433015e+05  4.592629186174739e+05
  1.264320721808905e+09 -7.798165695462869e+05 -1.954027558752199e+06
  1.261524832137673e+09 -8.333446609558648e+05 -1.498720926600155e+06
  1.261271570722890e+09 -2.939147104113468e+06  1.201110919210026e+06
  1.264665594774513e+09  1.061511284956801e+06  1.591381059418725e+06
  1.265208632663709e+09 -3.454874007730710e+06  4.840512187398720e+05
  1.267523793508477e+09  4.781648589278266e+05 -5.928080229773885e+05
  1.264189481249951e+09 -3.725786608430431e+05 -1.842623380652891e+06
  1.260106106784766e+09  3.084040339330246e+06 -1.457825955888325e+06
  1.265838425119437e+09  5.586841901464650e+05 -1.708267270577970e+05
  1.265802755314899e+09  3.242731965316013e+06  2.334037339299595e+06
  1.262731279576646e+09  1.777648658618510e+06  3.590762964633903e+06
  1.262243876657854e+09 -1.293782513784322e+06 -3.014560567023424e+06
  1.262819482637208e+09  1.203834406293214e+06 -6.726597850833220e+05
  1.262782586469476e+09  3.245004069037453e+06  1.878519128021973e+06
  1.260571534712991e+09 -1.309251156183377e+06  2.744733943755019e+06
  1.262904191000392e+09  1.132227984064102e+06  5.895149329685860e+05
  1.264132552330750e+09 -1.505649933985226e+06 -7.382605720916669e+05
  1.262556130644298e+09  6.130490370100231e+05  2.711880560500642e+05
  1.260465430616372e+09 -2.151954676181403e+06 -9.914612635010179e+05
  1.264183930920253e+09  1.758499345032336e+05 -3.686046836392500e+06
  1.263774640742702e+09 -3.267745297404865e+06 -3.114955655515679e+06
  1.263021544345055e+09 -1.560895289856476e+06 -1.248135743900540e+06
  1.261416718726992e+09 -8.067881606775087e+05  1.815973568872793e+04
  1.260995293219432e+09 -1.023819411904240e+06  9.556142895312858e+04
  1.265534870466691e+09  4.698241381741604e+05 -2.475113634254843e+06
  1.262127467020707e+09  2.218544397986418e+06 -4.328864079182724e+06
  1.262586657093083e+09  1.921116499321267e+06 -4.213266449503606e+06
  1.262274211480594e+09  9.536619294295935e+05 -1.786693683021175e+06
  1.260161912464067e+09  1.852505643397805e+05 -2.835179054245438e+06
  1.265574032706867e+09  1.225151723121379e+06 -3.381395641272424e+06
  1.266576601217418e+09 -1.479049916891616e+06 -1.941139077988527e+06
  1.258794124570808e+09  1.361216146264757e+06  5.604988029055861e+05
  1.260730547325046e+09 -2.875648461846348e+06  1.955646126841051e+06
  1.263001588732878e+09 -3.804322225647857e+05 -6.689003565553790e+05
  1.264205693565888e+09  1.550895645450116e+06 -2.060059460308828e+06
  1.262247526017788e+09 -1.021784210432983e+06  2.149859854013119e+05
  1.259258998431798e+09 -9.595434600731058e+05 -1.166123857471106e+06
  1.264066453998247e+09 -2.117785074992457e+06 -2.155048868447253e+06
  1.262743244857077e+09 -5.925921857742985e+05 -1.860788949350636e+06
  1.263373854827803e+09 -2.689034679778607e+06 -1.342840694650613e+06
  1.261762845619709e+09  2.662814359586235e+05  1.964320407403882e+06
  1.264129143796890e+09  2.917231828624451e+05  2.902489185452046e+06
  1.261734877911043e+09  7.297266099700591e+05  2.864185949301475e+05
  1.264440181876883e+09  1.240134666945480e+06 -1.157530609711988e+06
  1.263319653793724e+09 -6.134834925096739e+04  9.972665456461944e+04
  1.264324301705420e+09  2.548914790497614e+05 -6.783675320917091e+05
  1.265960067190351e+09 -2.288467841731282e+06 -1.750068193980104e+06
  1.265523754152439e+09  1.702919228883407e+06 -2.188695129718434e+06
  1.261508344126881e+09 -9.820301587825561e+05 -1.503001283028213e+06
  1.261270903875800e+09 -6.578602582121624e+05 -1.780011537012443e+06
  1.263908938030085e+09  2.414580402617208e+06 -1.819033023101394e+06
  1.261696118990314e+09 -6.600185635628791e+05  6.286915308219735e+05
  1.262038269113919e+09 -7.286082998908367e+05  1.929389500034980e+06
  1.264738344840869e+09 -1.496981518267961e+06  7.902410823325592e+05
  1.265387618414992e+09 -1.778513970796526e+06  2.059463891856760e+06
  1.263859340063520e+09 -1.784950277810793e+06  1.875923067743175e+06
  1.266639822975517e+09 -1.627623940536933e+06 -1.820986837860306e+05
  1.264922056753982e+09 -3.675420974504569e+05 -7.603355003196631e+05
  1.260926104867565e+09 -1.996376173721469e+06 -2.104463490516161e+06
  1.261316294473150e+09 -8.362816070471613e+05  1.067712283111056e+06
  1.262879978224194e+09 -5.080842950485042e+05 -2.668963119038193e+06
  1.260041863123372e+09  1.540642263735376e+06 -3.902018879470196e+06
  1.259303258684242e+09 -6.306057115229818e+05 -8.730827838060720e+05
  1.263507358069248e+09  1.356521514843521e+06  1.417910409639962e+06
  1.260811221846013e+09  2.697853330522011e+06  2.549911107301663e+06
  1.261869083397072e+09  1.915340114367611e+06  2.605293324187597e+06
  1.264475488767363e+09  5.656986280367954e+04  1.976997550050822e+05
  1.265239994688623e+09  2.753578783608856e+06  2.143921833651039e+05
  1.261085213757286e+09 -2.389865849598120e+06  5.072870536226733e+04
  1.263365761018935e+09  5.363381173689429e+05 -2.827349312656110e+06
  1.264038817521305e+09 -2.260583339991926e+06 -2.523379110325386e+06
  1.260991550342308e+09 -1.592657119970134e+06 -6.233101142909466e+05
  1.261961550835971e+09 -2.941344322446055e+06  1.216274146663135e+06
  1.265905774043264e+09 -7.762204397357826e+04  3.859168408666687e+06
  1.263923105068491e+09 -3.396842302232915e+06  3.862609601391088e+06
  1.259549638783589e+09  2.887879788768776e+05 -3.674581079075805e+05
  1.262153332132814e+09 -2.862355431456590e+05 -1.136813955896723e+06
  1.265498415025844e+09 -2.346005895009303e+06  2.411488542655238e+05
  1.260468244395822e+09 -2.562196408966119e+06  1.203278967217845e+06
  1.265669930277781e+09 -4.166670395179060e+06  2.525849359069393e+05
  1.263210769977674e+09 -4.340770391928385e+05 -1.996197469695357e+06
  1.262053606455592e+09 -3.312677749900850e+06 -1.791020644407157e+06
  1.266244241275590e+09  1.551704609303889e+06  1.346818041565109e+06
  1.260100377405361e+09 -2.179534168617685e+06  3.417079164798002e+06
  1.267842309878569e+09  1.348232171885055e+06  3.010451254480436e+06
  1.260130570142441e+09 -1.786432148951434e+06  1.298550872293052e+06
  1.262557005878520e+09 -9.407277422640168e+05  5.475299305461027e+05
  1.263913096039725e+09  1.365272560280364e+06  1.373044272416443e+06
  1.259636952811012e+09 -2.329778689232774e+05  8.077528769257382e+05
  1.262962579462516e+09 -9.810508874852667e+05  3.159774557687312e+05
  1.263302169772937e+09  5.282995636313091e+05  9.570871579892409e+05
  1.262875309355932e+09 -1.065901013204293e+06 -1.889282806082586e+06
  1.264103884178579e+09 -2.052635771673084e+06 -2.126728572750275e+06
  1.257038610084801e+09 -2.000115250599598e+06 -2.368626860778756e+06
  1.261645502618717e+09 -2.305521341868298e+06 -3.321234414054695e+06
  1.261375493075886e+09 -1.344422849861047e+06 -2.139124668810665e+06
  1.260651914510408e+09  6.159813951351168e+04  8.420030534735101e+04
  1.265315383053018e+09 -1.005703744131607e+06  2.648328770292060e+06
  1.262584021722548e+09 -1.095252307690118e+05  3.833820675460509e+06
  1.267155736535033e+09 -4.066824188830418e+05  3.502734183083820e+06
  1.262334481333966e+09  1.197916783284604e+05  2.786607697375235e+06
  1.262993003683833e+09 -3.160954941335770e+05  1.678961292611298e+05
  1.262834856695870e+09 -2.956933173393692e+06 -6.609394973624577e+05
  1.261585600936651e+09  4.287519490702217e+06  9.274605020562327e+05
  1.263991065300734e+09  1.075646040527728e+06  1.854868631761056e+06
  1.266374871408029e+09  7.019905513042249e+05  2.450319763624188e+06
  1.261220072395004e+09  1.494431995943595e+06  8.491101868674861e+05
  1.264319990512247e+09  9.827682151940468e+05  1.999798983150273e+06
  1.263867316595472e+09 -1.187828001921617e+05  9.672475702052491e+05
  1.261554086426745e+09 -1.638454740029732e+06 -5.789025472543647e+05
  1.265545973605097e+09  4.246354955050234e+05 -7.180062774661599e+05
  1.264898171989231e+09  5.951251643447942e+05 -1.531828009622070e+06
  1.262090848477155e+09  1.143612186364225e+06  2.491027955009602e+05
  1.261032352459210e+09 -1.169824583639505e+06  1.528952637046016e+06
  1.262068004123909e+09  1.044780652214023e+06  1.816359714513906e+05
  1.262342882856925e+09  1.154616437381111e+06  1.662241823944300e+06
  1.262327018406779e+09 -2.537260367921906e+05  3.548320945547161e+06
  1.263995113943717e+09  7.846721383092888e+05  1.529832167183670e+06
  1.264002083017992e+09 -5.405334846767848e+06 -5.772524260057074e+05
  1.266648526952146e+09  4.143058589484198e+06 -2.416858886613732e+05
  1.261540434315784e+09 -1.031466107780984e+06  1.773692158151525e+06
  1.261816737374623e+09  2.531420695219114e+06  3.298868400863624e+06
  1.264664113431479e+09 -6.394166045244853e+04  2.242536829265733e+06
  1.263052143669576e+09  4.280193095155765e+05 -1.588228049929343e+06
  1.260542243697268e+09  2.882534580452592e+06  1.474237834493075e+05
  1.263369500675262e+09 -2.158407504611820e+05 -6.050192673314803e+05
  1.264450616484906e+09  2.031545043153893e+06 -1.709974520057110e+06
  1.263199820839905e+09 -6.470026919135288e+05 -8.838439193499841e+05
  1.260846876097469e+09  3.717237911513305e+05  1.713310106948695e+06
  1.263671571301986e+09 -3.099239798767725e+04  4.121737013097842e+06
  1.262269894417838e+09  2.973769796548261e+06  3.507854213522463e+06
  1.260366650768247e+09 -1.166640965010346e+06  2.549548083172005e+06
  1.264937959323137e+09  1.940625539338789e+06  3.120900981928130e+06
  1.264873094138898e+09  1.914291471884611e+06  1.979247490293446e+06
  1.264191455653095e+09 -4.629773824774005e+06 -1.736282580112148e+05
  1.263171803919792e+09  1.223705893495688e+06 -1.298965573290865e+06
  1.262860098984196e+09 -3.023022250225234e+06 -4.614116567501767e+05
  1.265420752203248e+09  1.432490572735922e+06  1.330335787088680e+04
  1.266246652957731e+09 -2.676846731725094e+06 -1.856695516498301e+06
  1.264689947466490e+09 -1.023419421784981e+06 -2.938887104610903e+06
  1.263077065272485e+09  1.181639091598976e+06 -2.932816405822524e+06
  1.264751806595405e+09  9.275282371216612e+05 -2.831871858519774e+06
  1.262047275054811e+09 -8.183940436503559e+05 -2.403601781166139e+06
  1.266049028538128e+09 -1.190240997489278e+06 -2.584930029395927e+06
  1.262502509113332e+09 -2.159670094884721e+05 -2.528837998859082e+06
  1.258639408043800e+09 -3.093522116811504e+04 -1.792243995457325e+06
  1.262437447512391e+09  1.689714251757716e+06 -3.022469111802609e+06
  1.263357644099058e+09 -2.792184620765892e+06 -4.374677472641022e+06
  1.265296048157147e+09  3.302714207513792e+06 -3.747849627182328e+06
  1.262123056605521e+09  1.729228149712388e+06 -2.759524125104356e+06
  1.260942123082345e+09 -1.723949040857006e+06 -1.651519586761208e+06
  1.263679075070513e+09  5.384166439625418e+05  1.052167366000651e+05
  1.262092562250671e+09 -2.178643980638187e+05  1.423968064549991e+06
  1.263633465626434e+09  1.370558852881548e+06  7.265619370361131e+05
  1.262655039765109e+09 -3.980963871239772e+06 -1.587229465050886e+06
  1.263456745154940e+09 -2.173409972213982e+06 -8.663089766244227e+05
  1.265804824565886e+09 -8.031103643099763e+05 -7.818356463178643e+03
  1.263231959762128e+09  1.891505281984769e+06  2.344180788717686e+06
  1.265127583556952e+09 -3.011713222407974e+06  2.025827739878446e+06
  1.265082587781186e+09 -1.602665954184565e+06  1.582606048333128e+06
  1.264010610952154e+09  6.175486545837809e+05  7.815497277322001e+05
  1.267517914840032e+09 -1.927879809313397e+06 -1.556221733659330e+06
  1.259975898601279e+09 -2.262868833724255e+05  2.438967385020293e+05
  1.265114518052620e+09 -2.108911653161583e+06  3.086656390775756e+06
  1.260798276327233e+09  2.464811189775388e+06  1.103230233698308e+06
  1.260661772662829e+09 -2.047436409614262e+06 -5.928468406033621e+05
  1.261550452478991e+09 -1.993388714773539e+06 -9.382474268939877e+05
  1.262937012381492e+09  1.406978127673438e+06 -3.255830856596805e+06
  1.262412884647401e+09  1.918856814813138e+06 -3.285555902337726e+06
  1.263828759183448e+09  3.150241925868865e+05 -1.352463708394672e+05
  1.262895906533786e+09 -2.768889691398696e+06  6.841056953881085e+05
  1.263074726164262e+09 -2.845808904360245e+06  1.436101505786193e+06
  1.262578080508321e+09 -8.416891844973963e+05  1.777402034355662e+06
  1.264766284849649e+09  3.761749371413914e+06  1.411770563505682e+06
  1.264565555177962e+09 -1.410153901455483e+06  2.699015915590706e+05
  1.262777764860706e+09 -2.682137049992916e+05 -4.803888200673812e+04
  1.262185715056330e+09  4.643259968441583e+05  3.772965785360237e+05
  1.265094445115377e+09 -1.737042210494555e+06  2.049536675828576e+06
  1.260596980092594e+09 -7.127554520529546e+05  1.529219073916076e+06
  1.262000763143660e+09 -1.284877911342148e+06 -6.833837925727004e+05
  1.265230508114730e+09  1.786140104495543e+06  4.426719811941497e+04
  1.263932079612160e+09 -3.209027284173727e+06  1.552957764696272e+06
  1.268037660153000e+09 -1.964270610517448e+06  1.365898456834654e+05
  1.261855469282273e+09  1.263520737760708e+06 -1.193331260052471e+06
  1.263044152863338e+09 -2.080425346396584e+05 -6.751290385621362e+05
  1.262153164920222e+09 -2.742522800842738e+06 -6.695129315781174e+05
  1.261180072418835e+09 -1.367644070867904e+06  3.965523600014182e+05
  1.260810549429453e+09 -3.124920479781122e+06 -1.621249592018603e+06
  1.264252996379586e+09  1.788407721977162e+05 -5.578353748813161e+04
  1.266683283186323e+09  2.280047502225911e+06  1.049118837667065e+05
  1.265607574722466e+09  6.850443249407195e+05  2.817670646359958e+05
  1.267164978165050e+09  8.864211865781756e+05  4.901199413674447e+03
  1.265020221877719e+09 -1.358631664623797e+06  3.350784052515830e+05
  1.264426612760076e+09 -1.784684351126386e+06 -1.383013677286772e+05
  1.264673144952175e+09 -2.076409332063841e+04 -3.034964694742231e+06
  1.263186932788731e+09 -3.649470242727874e+05 -3.335868309602324e+06
  1.260702442422881e+09 -4.100556609596661e+04 -3.471826447124913e+05
  1.262204461878274e+09 -4.025716805474786e+05  8.246459336673897e+05
  1.263002125894632e+09  1.502375240699361e+05 -7.956319906064495e+05
  1.263905253579936e+09 -1.280208006419539e+06 -2.563405692488253e+06
  1.264859271313945e+09 -1.601625980042105e+06 -3.529920873095137e+06
  1.261193257561946e+09 -3.198762603067089e+06 -4.262908447585985e+06
  1.263044825980186e+09 -2.092607792708992e+06 -3.840636121821085e+06
  1.262751867920108e+09 -4.210574445211370e+06  1.223671826986556e+06
  1.267311576301575e+09  1.808797557139081e+06  2.211599123238526e+06
  1.262284014674839e+09 -5.832929263245219e+05  2.241240314953346e+05
  1.264846650944237e+09 -6.543387844063730e+05 -1.659068956284884e+05
  1.262199517767669e+09 -1.103712311448691e+06  1.434616253089410e+04
  1.261873233738971e+09 -1.643929144412760e+06 -2.204073129331928e+06
  1.260110187253432e+09 -1.791253766204696e+06 -2.122071147939797e+06
  1.265086503970407e+09 -8.882481296233166e+04 -6.264878955734876e+05
  1.263601888097878e+09 -5.086381715057775e+05 -9.378694981140632e+05
  1.262735709176396e+09 -7.299451727981510e+05 -1.171346436852548e+06
  1.267128357774831e+09  1.029057379543747e+06 -1.732256536016763e+06
  1.262886417430574e+09  1.637079155027354e+06 -1.512320533639603e+06
  1.260204449554245e+09 -1.879619467008048e+06 -9.969597660366022e+05
  1.265513061029418e+09 -9.506297921164797e+05 -1.905639797506758e+06
  1.262147795697578e+09 -1.487299531225774e+06 -1.966053397178532e+06
  1.263946290788581e+09 -3.128249221739584e+06 -9.188927589786059e+05
  1.263196343760220e+09 -2.746991145643120e+06  1.929152711531912e+06
  1.263079524419683e+09  1.451192492364615e+06 -7.846098396208767e+05
  1.262901349999043e+09 -4.965922056850409e+05 -2.215333524969500e+06
  1.262303803211541e+09 -4.807278533285121e+06 -1.495323908080188e+06
  1.261146630633569e+09 -1.128635459547792e+06 -1.180640883699534e+06
  1.263901284340370e+09  5.527710350435991e+05 -1.203001040841996e+06
  1.263243794184267e+09 -1.483324562084441e+06 -1.284772970334554e+06
  1.264612585363216e+09  1.007860254457103e+05 -2.559123601793234e+06
  1.261388991527812e+09 -3.712579595612323e+06 -4.223567697604676e+06
  1.260287881658376e+09  1.386142293297861e+06 -2.130022808247620e+06
  1.262298509329103e+09  1.491403302187073e+06  9.947308079307828e+05
  1.261816790342336e+09  1.380908316030937e+06  1.387604064580328e+06
  1.267543578318165e+09  1.339255819088972e+06  2.267549235185132e+06
  1.260407699577469e+09 -1.620989194556801e+05  1.510510239128448e+06
  1.264151943285664e+09  8.673590872391753e+05 -8.040858374407029e+05
  1.262202355004986e+09 -2.496462811251879e+06  7.569987354742492e+05
  1.263670992098625e+09  5.568477946146298e+05  1.950966927247962e+06
  1.263402202272151e+09  7.437247781116806e+05  1.056259903994747e+06
  1.263332791370705e+09 -1.776786621253032e+06 -2.370496229196231e+05
  1.263460984328609e+09 -4.046692259043096e+06 -1.393568952802927e+06
  1.261237960658762e+09  1.683733318027870e+06 -1.856519113602547e+06
  1.263030748330556e+09 -1.647372238203600e+05 -1.747063939123096e+06
  1.268305655260835e+09 -1.944135821025788e+06 -1.911969558281654e+06
  1.266088353166071e+09  9.239435051130010e+05 -1.468842337880673e+06
  1.263084105715316e+09 -5.990185942079898e+06 -4.488520930204254e+05
  1.263302528033444e+09  3.417264555048897e+06  5.159397439198752e+05
  1.264890087760392e+09  4.502367367141959e+05  2.210446891003196e+06
  1.265309454527102e+09 -3.777787159218267e+05  5.175379407858238e+06
  1.261572787564327e+09  2.188035657568264e+06  5.012472453509323e+06
  1.262914682497837e+09 -1.441339611182824e+06  1.465343457979824e+06
  1.263274052796943e+09  1.397177739107287e+06  1.214001945908264e+06
  1.261494986001610e+09 -1.921007209062314e+05  2.330050545898362e+06
  1.261510787465806e+09  1.694976530008183e+06 -1.096789371940203e+06
  1.261216785847072e+09 -2.184222273699092e+06 -9.099211240778144e+05
  1.259074482901901e+09 -2.625991225579411e+06 -1.822344172354914e+06
  1.261848361014069e+09 -5.800915154728463e+05 -1.623827029914521e+06
  1.265388943364619e+09  2.066224473133651e+06  3.228127315600398e+06
  1.265684856517245e+09 -2.950491519663607e+06  4.947246405577242e+06
  1.262535642541242e+09 -2.229305082244626e+06  1.909180888695062e+06
  1.261364119702413e+09  4.143523628961355e+05  8.213979694700022e+05
  1.264621143736118e+09 -4.357438756562828e+06 -4.663928578490486e+05
  1.264603096914149e+09  4.379946331530567e+06 -1.634560958787703e+06
  1.267579089451796e+09 -1.474649874096568e+06 -1.459831996609167e+06
  1.261483451900876e+09 -1.800572982349959e+06 -2.360922220421289e+06
  1.262000569081005e+09  1.617511789072232e+06 -3.072515221204551e+06
  1.265833703853028e+09 -2.248780994320836e+06 -7.539552882251160e+05
  1.266632516213476e+09  6.596280973763089e+03  6.335646237572363e+05
  1.260975180405025e+09 -1.257751187922996e+05 -6.324585455256023e+05
  1.262332038331081e+09  1.551962224523698e+06 -6.602906881972012e+05
  1.261170815054844e+09 -6.205272648826936e+06  1.230637858621861e+05
  1.261114627582093e+09 -7.347958163171558e+05  2.056670091561791e+06
  1.266390761825538e+09 -4.654959853680729e+05  2.351509333070896e+06
  1.262505811738529e+09  4.885211313291857e+05  6.524323656969424e+05
  1.263801917439834e+09 -2.060340937629548e+06 -4.395447073791933e+04
  1.261418864977955e+09 -2.350457613430602e+06  6.213573487345543e+05
  1.261376566432364e+09  1.168654962955691e+06 -1.365044056673107e+06
  1.264639900733535e+09 -5.812668581845078e+05 -3.612599425397173e+06
  1.263284187338875e+09  2.457053015109120e+06 -2.375472841422348e+06
  1.265129282796320e+09 -1.773652867869902e+06  8.666519366622504e+05
  1.260501171192145e+09 -2.409083895028349e+06  1.024408118329704e+06
  1.261327558490026e+09  1.484169941892572e+06 -2.079225053696454e+06
  1.266156851144539e+09  1.096698714806043e+06 -3.024234874319196e+06
  1.260727695452230e+09  2.640670466348575e+05  4.250255476049609e+05
  1.261903519397187e+09 -1.473298785480561e+06  1.579747128859108e+06
  1.261292174421986e+09  6.680552810324692e+05  6.847694265155662e+05
  1.261070566976301e+09 -5.304132358808597e+06  2.618641797752238e+06
  1.264318669083421e+09  6.634461252348118e+05  1.435197935492333e+06
  1.265808620449649e+09  3.539960241528011e+05  1.571091865015287e+05
  1.261783780187845e+09 -2.186584026230843e+05  1.005927934486623e+06
  1.261552276130924e+09  1.278864989661258e+06  4.063310273548964e+05
  1.263401176027452e+09 -1.739244650053518e+06 -1.421377392703062e+06
  1.264415046153626e+09  3.385523802567367e+06 -8.991991158776574e+05
  1.263195447940798e+09  1.905558648060609e+06 -4.234092746215119e+05
  1.256990060513791e+09  1.541732512376277e+06 -1.696736527091545e+06
  1.266692454533623e+09 -2.954850836300268e+06 -1.154267188443850e+06
  1.264864914004307e+09 -2.366253616788589e+06 -7.330420414597982e+05
  1.262632847564482e+09  1.160086830766620e+05 -1.533879094582508e+06
  1.260657152941391e+09  2.467377660308738e+06 -8.447420180985136e+05
  1.263857967532058e+09  5.830919244092188e+05 -1.274178028763448e+06
  1.263369856884709e+09 -1.299862761237459e+06 -1.689577991699795e+06
  1.265285259311623e+09  1.833836020178684e+06  2.139382827212142e+06
  1.262051763776048e+09 -1.351519689898282e+06  1.308523629047606e+06
  1.263583873591275e+09 -6.720859323889727e+05  4.263638277833542e+05
  1.263014747582647e+09  2.044389633885121e+06  5.615207060300699e+05
  1.264576787779822e+09 -4.341077142600219e+05  7.911193832825964e+05
  1.258475982506440e+09  2.636134016260253e+06  1.807172552574979e+06
  1.259539107936790e+09 -2.547900702350749e+06  2.064019379395790e+06
  1.264190412661733e+09  3.574246313484013e+06  1.185038765723143e+06
  1.261592111221965e+09  2.414934186444841e+06  9.674140428568427e+05
  1.261651652126073e+09  2.488884046579584e+06  1.023369385929404e+06
  1.263875170833735e+09 -2.809453629751573e+06 -2.065179152447901e+05
  1.266278925515446e+09 -2.265537513464244e+06 -1.973494826213269e+06
  1.262976973382132e+09 -7.451908552678779e+05 -2.972256168194112e+06
  1.265606026373419e+09  2.463584760070328e+05 -1.859415282758935e+06
  1.263460397495972e+09  6.639563012896799e+05 -1.049508489878255e+05
  1.261764612841261e+09 -1.123970519933040e+06  1.051859597771551e+06
  1.261507260049025e+09  3.454570952316787e+06  1.256175361778220e+05
  1.261542147027837e+09  7.621944837647474e+05  6.438081558198133e+05
  1.259036104209150e+09 -2.558603799906919e+06  1.802073153114179e+06
  1.263308439200535e+09  1.457729672874747e+05  2.422609760383844e+06
  1.266376768464405e+09 -2.406825811255068e+06  2.567594020502544e+06
  1.263602012947636e+09  1.151637419257593e+06  2.224800556168945e+06
  1.261151512747855e+09 -4.683093071272708e+06  2.524908220199083e+06
  1.266750543960379e+09  2.633608249817984e+06  1.385000227990050e+06
  1.264561469474216e+09  4.445047167722312e+05 -1.419746091773051e+06
  1.261189408532346e+09  2.024572912490323e+06 -1.378488538912612e+06
  1.262944462157851e+09 -1.795462005846425e+06  6.969456278301380e+05
  1.261125849165462e+09 -1.233826737816312e+06  8.943583015564890e+05
  1.263819229792078e+09 -3.531079880177777e+05  1.346094383755438e+05
  1.261398367199570e+09 -1.165615493499138e+06  6.358142882858256e+05
  1.266561275041672e+09  3.085174093951726e+05  1.571841122784398e+06
  1.261837849442982e+09 -8.358563758167929e+05  1.175940275919968e+06
  1.261617616403076e+09  1.546198642644546e+06 -4.562128830028339e+05
  1.266301947999266e+09  8.883121017484523e+05 -7.373996860904034e+05
  1.266682616846025e+09 -3.232245684328898e+06 -4.958436884237059e+05
  1.261437537369520e+09 -1.265281010202093e+06 -2.935987039028412e+06
  1.264661364864290e+09  5.387123319292116e+05 -4.527427680443795e+06
  1.264977431995598e+09  1.080771032683786e+06 -3.154713624524161e+06
  1.262679931230380e+09  1.766520468318023e+06 -1.774487753384890e+06
  1.267522679404783e+09  2.364194266867380e+06 -7.608355028581313e+05
  1.258966950334879e+09 -1.463900973270369e+06  5.060220098218996e+05
  1.270094653036414e+09  7.218465632249182e+05 -2.640331410498527e+05
  1.261868517727523e+09 -5.732713956141072e+06  1.273958307917007e+05
  1.261703573830662e+09  1.292905367455483e+06  1.803888855735809e+06
  1.263743009403519e+09 -1.408585782257906e+06  1.757347002032498e+06
  1.261165010383617e+09  2.809353494008708e+06  1.081828899665660e+06
  1.263339931500535e+09  2.942291982074747e+06  1.664377276714336e+06
  1.263912783856280e+09 -1.424452747346790e+06  1.768421352255932e+06
  1.261446186316713e+09  2.785106093300457e+06 -5.958541338922555e+04
  1.262022218533163e+09 -7.543438137248873e+05 -7.514836700841377e+03
  1.261542656424582e+09 -1.939933469917324e+06  8.347003226622856e+05
  1.260371997937647e+09 -1.499017299354026e+06 -2.614519841378294e+05
  1.260517994219056e+09 -9.567949971183311e+05 -1.957521387894157e+06
  1.262035465354461e+09  7.404820366649191e+05 -6.889540009336608e+05
  1.266085189091158e+09  2.687233351903356e+06  3.110309211955717e+05
  1.264832898411140e+09  9.514681064142475e+05  3.128444930839163e+05
  1.266532152424410e+09  2.283361415183953e+06  1.618233613860943e+06
  1.261145169824679e+09 -4.729818112078713e+05  1.599879476906988e+06
  1.263933829712125e+09 -4.908593032717700e+06  1.946102620650345e+05
  1.263015862042345e+09 -9.422184922390613e+05 -9.625187905406686e+05
  1.261131589527724e+09 -1.961828206075757e+06 -1.201234665322639e+06
  1.262007867893510e+09  1.006623261191638e+06 -1.230412029760954e+05
  1.267033700777193e+09  2.486476579217982e+06  1.238692248463775e+06
  1.262572121979713e+09  3.102886998484305e+06  1.109682746938786e+06
  1.263207655283288e+09  2.505922059977238e+06  1.605099194293384e+06
  1.264979496036289e+09  4.601094805581879e+05  2.753641976811983e+05
  1.259655893948272e+09 -9.911240215073680e+05 -1.545311769154832e+06
  1.266579251950776e+09 -1.041966309233989e+05 -1.394753891995023e+06
  1.268977039821898e+09 -3.064323364800237e+05  1.426877907206686e+06
  1.259675139824738e+09 -2.966514162001009e+05  3.193498559668543e+06
  1.262007698919312e+09  4.937724190472826e+06  2.831501460347362e+06
  1.260646406770057e+09  2.176915403560116e+06  3.247064317166645e+06
  1.262023644949093e+09  5.414074726680969e+05  2.396020949511350e+06
  1.261320664846859e+09  6.426723423313984e+04 -3.219079380719410e+05
  1.266508340741484e+09 -4.753942128303440e+05 -2.226049258561701e+06
  1.264484315542618e+09 -1.538649665253012e+06 -3.872944703820874e+06
  1.264540841761482e+09 -2.670431977609434e+06 -2.994352694779143e+06
  1.262801522441487e+09 -2.154456280638515e+05  7.615696310858246e+05
  1.261739069910176e+09  3.124182127686233e+06  1.960081534127809e+06
  1.264286614594440e+09  5.246874899971284e+06  1.565977151276684e+06
  1.262292699636853e+09  5.962172591830899e+05  1.157400259650088e+06
  1.260821885424754e+09  4.417002301265692e+06 -3.563385462721783e+05
  1.263310872556138e+09  5.432737772616877e+05 -2.105186942535858e+06
  1.264757046520074e+09  8.177042800634555e+05 -2.231109451792974e+06
  1.261075145027888e+09 -4.724759042740710e+05 -9.221877902693790e+05
  1.261038595676963e+09 -7.902253400516484e+05 -1.942078283228425e+06
  1.263419932057265e+09  5.041185596908381e+06 -8.885633031593685e+05
  1.264031826471609e+09  9.035081826413968e+05  1.487127830774143e+06
  1.261097946863432e+09 -2.012910071623011e+06  2.688207858846844e+05
  1.267620986195444e+09  5.275782421764403e+05 -8.515125989492727e+05
  1.262902107190999e+09  1.733923563840867e+06 -2.068551929859252e+05
  1.264640902558467e+09  1.457790392351935e+05 -6.051707856315259e+05
  1.265155932588181e+09 -3.732290965902990e+06 -2.636251696573622e+06
  1.262685345211227e+09  1.351067007244281e+06 -2.721409535369284e+06
  1.265302710680157e+09  2.811982169065862e+06  6.581482789933248e+05
  1.264730148974843e+09  1.990219802660319e+06  2.545815769473406e+06
  1.265260169603411e+09  7.527650949942278e+05 -4.218742908480694e+03
  1.263001828782916e+09  4.854983196031291e+06  1.158410473869109e+06
  1.262354390665982e+09  7.127957731961932e+05  2.607472734530884e+06
  1.262027686937178e+09  9.569112069106062e+05  1.302975316805166e+06
  1.266087120154151e+09 -4.066049855775281e+05  8.089670472333803e+05
  1.263457267827384e+09 -3.533605152795438e+05  5.792941428835338e+05
  1.258688027138278e+09  2.292882324501658e+06 -1.015869912595524e+06
  1.263653021319185e+09 -1.690137889162152e+06 -1.652995634830113e+06
  1.263035397753242e+09 -4.677112993382218e+05 -1.138526104077630e+06
  1.262752597038838e+09 -1.015985685738048e+06 -1.126206483469023e+06
  1.263813092709703e+09  1.813112477898216e+06 -5.593247454526830e+05
  1.262150254090739e+09  1.193802250707629e+06  1.683241698566285e+06
  1.263858597149159e+09 -3.301746889762583e+06  3.740472104726821e+06
  1.261520928112203e+09  2.345991875788638e+06  1.717532998851699e+06
  1.265219359558600e+09 -3.276378972890467e+05 -1.030849765056259e+06
  1.263491290035778e+09 -2.253663276948182e+06 -2.541298962774947e+05
  1.263346786232327e+09  1.104791398565867e+06  9.767592571781627e+05
  1.268517892416636e+09  8.997028316432824e+05 -1.758214412387696e+06
  1.265175467998626e+09 -1.943673902379557e+05 -2.803072755454591e+06
  1.267453013409965e+09  2.638724429666270e+06 -1.605926122586527e+06
  1.264916494535009e+09  9.484175501980931e+05 -1.327527441127801e+06
  1.264749797620996e+09 -3.043090368394585e+05 -2.415170414747018e+06
  1.266391573628509e+09  3.793267356182575e+05 -9.843133475367760e+05
  1.261989995918385e+09 -2.533012072207402e+06  1.565428384059003e+06
  1.266169136105334e+09  8.581826790340811e+05  1.496301996579842e+06
  1.261220307719714e+09 -3.069467291414995e+06  7.161327750658309e+05
  1.260317782050535e+09  8.135318114353431e+05 -1.270055093561111e+05
  1.262176098638743e+09  3.812627361310911e+05 -5.174658926740761e+05
  1.261984335584997e+09 -1.047846663444327e+06 -1.219842477279069e+06
  1.262004479607436e+09  5.902255587957114e+05 -2.190377658120285e+06
  1.263528992818395e+09 -2.810357192144509e+05 -5.086160024526526e+05
  1.261290201873345e+09 -9.011613923958810e+05  1.708277061941152e+06
  1.264837793750341e+09 -1.378315792074592e+05 -8.864357583131727e+05
  1.262967567739774e+09 -3.346993827707145e+05 -2.677154044272369e+06
  1.265629074823336e+09 -1.228340162949372e+06 -2.093593262907063e+06
  1.265423570771914e+09  5.154506976259162e+06  7.360399977415317e+04
  1.264309661881455e+09  1.165586041926848e+06  1.443167620572181e+06
  1.262409103300976e+09 -3.410631435941213e+05  2.848791841850244e+06
  1.263533883764880e+09 -6.919183112312036e+05  3.047869602756984e+06
  1.263453577686194e+09 -2.392046220767918e+06  1.259863425950318e+06
  1.261730108229030e+09  2.477780148606731e+06 -7.542088726354426e+05
  1.265785439503725e+09 -2.856530187552073e+06 -1.380797691188942e+06
  1.263480305269188e+09  6.367855658678614e+05 -9.360164185723892e+05
  1.268537784261058e+09 -3.840713447538520e+05 -4.948818377582302e+05
  1.262368160684533e+09 -4.198223755189016e+05  1.455648851285267e+06
  1.266645918912488e+09 -2.005107298635887e+06  3.131195202428078e+06
  1.263823543294758e+09  1.888821075561070e+06  9.568251821183604e+05
  1.261195918404431e+09  2.939260569579634e+06 -5.273639524793896e+05
  1.261446498221709e+09 -2.969244970670566e+06 -8.727186392051810e+05
  1.264586334125093e+09  1.580801562193466e+06 -9.089306357543443e+05
  1.267776401870727e+09 -7.227601278092472e+05 -9.673511777837740e+05
  1.264378879755647e+09  3.944807318170464e+06 -5.811222674925303e+05
  1.264958889914052e+09  2.931860731719895e+05  4.434652452712206e+05
  1.265700048058959e+09 -3.822538360705101e+05  3.047494452502275e+05
  1.262597403011080e+09 -8.663900469119034e+05 -1.010231671287706e+06
  1.264534947026641e+09 -1.718159317999250e+06 -1.508249059260355e+06
  1.264956788624080e+09  2.036284879193143e+06 -4.134621605686463e+05
  1.260481385915034e+09 -2.752917944780039e+05 -1.036328080801478e+06
  1.261799732111909e+09  4.624240159303864e+05 -2.739383518278264e+06
  1.262680198269012e+09  1.357083178317964e+05  2.667261343135564e+05
  1.263342485240620e+09 -2.839463233515538e+06  1.789032085328739e+06
  1.264419883457007e+09 -1.873800803779577e+06  8.946062038805545e+05
  1.260806184591343e+09  1.489621242598358e+06  1.761135742438149e+06
  1.264946461753399e+09  1.713394716523102e+06  5.590341657793646e+05
  1.263372052194497e+09 -4.911997790743098e+06  2.988717958085713e+05
  1.263895268167486e+09  2.332794905864532e+06 -6.054077239683381e+04
  1.262705597549203e+09  9.601475567948708e+05 -1.092444150534736e+06
  1.263852214794476e+09  1.242538585803739e+06 -3.118793385142984e+06
  1.263296953632175e+09  4.631247314311902e+05 -3.443872617595240e+06
  1.262843188273288e+09 -2.413711379257344e+06 -2.264719168591020e+05
  1.259420638119347e+09 -9.793286575578486e+05  2.964719604478155e+06
  1.262993761256152e+09 -8.788792564094994e+05  1.729435951154622e+06
  1.265711689182896e+09 -1.565658319272465e+06 -1.699428351533366e+05
  1.265342674052342e+09  1.326635064971922e+06  1.245314276579572e+05
  1.266601475203540e+09  1.673847424879396e+05 -1.233365238152583e+06
  1.264315090611437e+09  9.275239191457451e+05 -1.923335383112795e+06
  1.261825387905011e+09 -3.516051704476411e+06 -1.651655777778852e+06
  1.265553773700499e+09 -1.913230812557544e+06 -2.265685972565495e+06
  1.263332374395422e+09  3.808888695939390e+05 -1.319214494345960e+06
  1.263941736709687e+09 -1.163264103038126e+06  9.395633799180147e+04
  1.261443851394587e+09 -3.654496477278563e+06  2.948976650262385e+04
  1.262486903966250e+09  6.024737362491433e+05 -1.009289329524330e+06
  1.264000772734595e+09  1.330228431557014e+06 -2.462478663658841e+06
  1.262269794396195e+09  1.113094908321880e+06 -3.538001448440799e+06
  1.259644304269663e+09  1.969386496964168e+06 -4.412262981677882e+06
  1.262421940750073e+09 -4.245791605837069e+06 -4.303225284052683e+06
  1.262771695243990e+09 -1.076653810488908e+06 -2.489873064481879e+06
  1.263087786296048e+09 -8.111129212294777e+04 -2.468117360293111e+06
  1.260534351548222e+09 -2.409580158946946e+06 -2.359459668926718e+06
  1.261027396027610e+09  1.585620516628616e+06 -2.057067927777806e+06
  1.264603676810965e+09  2.285335915078564e+06 -3.870864122501466e+06
  1.263786824284571e+09  1.863333072700032e+06 -2.172434788593341e+06
  1.265587106154253e+09 -1.761240236792299e+06 -5.056401505494759e+05
  1.258659224503551e+09 -8.986899211972038e+05  2.482233823139791e+04
  1.262745768759627e+09 -1.199841559816260e+05  2.850718835575171e+06
  1.264642970198128e+09 -1.981883489356556e+06  2.302943750733188e+06
  1.263366155228291e+09 -2.492756594245763e+06 -1.064550689034561e+06
  1.261156603672838e+09 -1.732266098529590e+06 -1.186372276099660e+06
  1.262437758549110e+09  6.379484143682547e+05 -1.943996306182657e+06
  1.262012249991470e+09  2.354957749282923e+06 -1.441392592198341e+06
  1.260919810512499e+09  3.192492051670090e+06 -6.862351275208243e+05
  1.265261817007163e+09 -3.017421179262479e+06  1.709193968755753e+06
  1.265644817050065e+09  7.002614016459011e+05  2.966350845670137e+06
  1.264823463056261e+09  1.387370015469520e+06  1.280741468362320e+06
  1.262786629004477e+09 -1.530796629409911e+06  9.738022658095966e+04
  1.264310062800462e+09  3.311207619759919e+05  1.310040938954385e+06
  1.265164912832065e+09  2.008120918574249e+06  3.011761375953010e+06
  1.265413908504863e+09  1.995441094757239e+06  2.572862881538676e+06
  1.260529080323239e+09 -1.480003436411866e+06  1.697087229216436e+06
  1.262466324000250e+09  1.229812972256681e+06  1.969796908848611e+06
  1.263460203254396e+09 -4.513206166901722e+04 -6.128487252200714e+05
  1.261862887745966e+09 -1.869113234858208e+06 -2.749922468700819e+06
  1.261567549722627e+09 -1.694839224916857e+06 -3.697779550690291e+06
  1.262601090232062e+09 -8.976391329766337e+05 -1.913928753103670e+06
  1.260350609779161e+09  7.025789413786931e+05 -6.422733138522677e+05
  1.263317745777641e+09  3.376793130888846e+05 -2.033174222122618e+06
  1.264575283871291e+09  3.419634473664027e+06 -1.091459669431659e+06
  1.265717479421988e+09 -2.832639956503340e+06  9.178433156843949e+05
  1.261431346589555e+09  1.607469791831396e+06  4.398975358226629e+05
  1.261464886476814e+09  3.152394251627292e+06 -1.032151570461111e+06
  1.264725432793864e+09 -8.810116458790132e+04 -2.125009569702869e+06
  1.264054399840137e+09 -2.999370720620376e+06 -2.462542770179769e+06
  1.264263322396820e+09 -3.627030791813305e+05 -6.910703974389018e+05
  1.260702790049140e+09 -5.114383599287479e+05  2.534704430955135e+06
  1.264323036454195e+09 -1.805328120430978e+06  3.478629157659884e+06
  1.265086832115245e+09  5.057005193228408e+05  1.991242470536846e+06
  1.266066888968028e+09  1.648938901519476e+06 -5.452271836358315e+05
  1.261317005756470e+09 -1.747321763765141e+06 -2.876285892580106e+06
  1.264424762507374e+09 -5.926933251806560e+05  8.315203797066957e+05
  1.260462541632281e+09  8.080447537189368e+05  1.087729374232088e+06
  1.260650332403854e+09  2.090841008937228e+06  2.715992640911110e+05
  1.268111618150205e+09 -1.145277683436141e+06 -2.413699323287781e+06
  1.261372091767811e+09  2.415315075945771e+06 -3.756478701635610e+06
  1.264100707051994e+09 -3.396238458683450e+06 -5.282097374885909e+05
  1.263589203914609e+09 -1.499956934205850e+05  3.620891075552629e+06
  1.262580668022634e+09  2.328747158300314e+06  5.415238081799041e+06
  1.268339513149420e+09  1.918792827582941e+06  3.266593039968603e+06
  1.263888709860813e+09 -2.902657247177087e+06 -1.348317706366856e+06
  1.268728762202775e+09 -2.075387481039489e+06 -2.050343904666433e+06
  1.261686677283782e+09 -1.721990546311480e+06 -9.574024841750014e+05
  1.264673193393197e+09 -1.774752352099008e+06 -1.609101764358852e+06
  1.264462491930553e+09 -4.322469381334911e+05 -6.167889163506338e+05
  1.262352190583082e+09  2.710209990648784e+06  1.014451304380795e+06
  1.261460864982052e+09  9.081501719736888e+05  9.505814046776728e+05
  1.261296691475105e+09  3.876747447651477e+05  1.577673047942836e+06
  1.261626112670941e+09 -2.872439224023890e+04  1.501624105648880e+06
  1.262869994259539e+09  1.143052561574171e+06  7.700516603367496e+05
  1.265756387540612e+09 -1.307927190918433e+06  9.364471037967722e+05
  1.263639441474553e+09  2.087994709194625e+06  1.762674358746302e+06
  1.261818660022100e+09 -2.417913556847217e+06  1.994141570662687e+06
  1.267133090195997e+09 -4.124040721086735e+05  1.896253440397767e+06
  1.264116987478418e+09 -2.264563767815427e+05  3.552576032382902e+03
  1.262182007101852e+09  1.534521966055014e+06 -1.910093514594403e+06
  1.261115632100094e+09  6.217697101525948e+05  4.850251610212951e+05
  1.265869202766758e+09 -2.509363988421329e+06  1.777869312111126e+06
  1.266880426357043e+09  1.517227491567441e+06 -4.126741836021222e+05
  1.261353641510941e+09 -2.261092530810652e+06  4.932684508861983e+05
  1.260650943141520e+09 -4.795773611910854e+05  2.044654611300802e+06
  1.264572066780196e+09  9.367711919920240e+05  7.286515835938073e+05
  1.263805732150630e+09  4.054210035178050e+06  5.435773945588002e+05
  1.263849448996385e+09  1.997559960851911e+06 -3.941198682373045e+06
  1.264385482289784e+09 -4.016510908036776e+05 -1.804592296839036e+06
  1.264812655789091e+09 -4.203364447446438e+06 -1.195488218760081e+05
  1.260421891648308e+09 -3.249805460761250e+06 -1.320292337139144e+06
  1.263372577124386e+09  2.162591115405813e+06 -2.376910090544803e+06
  1.259149348857545e+09 -2.741066516543873e+06 -8.743545754721521e+05
  1.260351969570570e+09  8.035299022400387e+05  1.184786620840956e+05
  1.266357458594644e+09 -1.355896563552819e+05  1.049440445136957e+06
  1.260025700050317e+09 -1.145637891301900e+06  1.749941203014899e+06
  1.259307691279228e+09  3.098312047730827e+06  6.275365302584156e+05
  1.264071730647645e+09 -9.092806620646670e+05  8.948714439924459e+05
  1.265943616566325e+09  3.912986364260174e+06  2.993400947360343e+06
  1.260456652555178e+09 -1.557962704807847e+06  2.771597850992915e+06
  1.264511912526912e+09  1.429166465178429e+05 -1.568969680188321e+06
  1.263382257960628e+09  2.834201500506395e+05 -4.231548677481784e+06
  1.263507462019439e+09  1.442920428738479e+06 -4.236486145308228e+06
  1.259528824080029e+09  2.111957646142048e+06 -2.410971669217320e+06
  1.259394326334508e+09  1.056354773407014e+06 -2.464323558478503e+06
  1.259666238455989e+09 -6.115414286742365e+06 -2.550798416657045e+06
  1.264387549895641e+09 -2.100712026106769e+06 -8.233460461971373e+05
  1.264763085516248e+09  1.935435624451930e+06  1.964822399187092e+06
  1.264182233859164e+09 -1.246090280651918e+06  2.920049225486522e+06
  1.262797810102541e+09  1.319908078216081e+06 -2.589861640451243e+05
  1.266226703073640e+09  2.711942339930369e+06 -1.209778182509977e+06
  1.264155255356636e+09 -3.437484208043330e+06  6.699298133197532e+05
  1.262318291475203e+09  2.849151700432587e+06 -1.877021949980130e+05
  1.263505642966160e+09 -2.081927813212396e+06 -1.119810274105989e+06
  1.260664874748748e+09  3.088293634708702e+06 -3.106584113287989e+05
  1.267489696596428e+09 -7.202672659706383e+05  8.603339112897898e+05
  1.261072661645219e+09  1.760496050794952e+06  7.194934296671730e+05
  1.265106137710058e+09  1.984274027458587e+06 -2.261041923121538e+06
  1.259348199070904e+09 -2.403632199254438e+06 -3.750256584992538e+06
  1.263539472599745e+09 -8.160508665650976e+05 -1.062584085274551e+06
  1.267678327949436e+09  4.332649930692427e+05  7.576519888873660e+04
  1.265150667915059e+09  1.201283598552632e+06  1.423649685916428e+06
  1.262473948188980e+09 -2.471643628133039e+06  7.759522359711615e+05
  1.262362542625597e+09  8.861323407386718e+05 -2.178273017243188e+05
  1.262897189617524e+09  3.147915581784286e+05  8.212783254313971e+05
  1.264414492288317e+09  4.543703462208782e+05  1.454327931129202e+06
  1.265636818198290e+09 -3.596425464630528e+05  1.313753250711714e+06
  1.261111303110398e+09  1.652720061074639e+06  7.960104323998024e+05
  1.269644663732982e+09  3.364083028837851e+06 -3.430661411373025e+05
  1.264462126662179e+09  1.881272465443508e+06 -5.857774526419983e+05
  1.261659936856217e+09 -2.079588529111286e+04  9.626191833494377e+05
  1.263742776570285e+09  7.851106978927567e+05  1.700867122555138e+06
  1.264191831578762e+09 -2.082943219334651e+06  9.968460212483462e+05
  1.263643064953787e+09  2.512710915419451e+06  2.169160098732027e+05
  1.261111808881299e+09  1.169102308048406e+06 -8.775657322324711e+05
  1.259126719615637e+09  3.614919815472000e+04  7.416428583354367e+05
  1.262719702832968e+09  4.276296643019954e+05  6.630515129289192e+05
  1.265428070886855e+09 -3.258824526178607e+05 -2.567664230615777e+05
  1.260891920693759e+09 -1.970234333796569e+05 -1.549493541757552e+06
  1.261807805791926e+09  1.662750334274490e+06 -2.255033634918246e+06
  1.264433944194252e+09  7.337464165660355e+05 -2.355408594342884e+06
  1.265145654950037e+09 -4.240278822839405e+05 -3.422726598792512e+05
  1.264709107080560e+09 -4.367962861385634e+05 -4.403024891016344e+05
  1.263857444347869e+09 -1.220565222801053e+06 -2.963992579779799e+06
  1.261442621722025e+09  2.805160316784472e+06 -1.774033457452664e+06
  1.262001917111957e+09  5.178040912505214e+05  1.613628718551470e+06
  1.262985375965684e+09 -5.940483397709272e+05  3.636114949645082e+06
  1.262756999443668e+09 -2.159863994488900e+04  3.719028803764417e+06
  1.262883345419796e+09 -2.576848422068013e+06  1.833371586554208e+06
  1.264624607817051e+09  1.555500333248605e+06  4.713509724378225e+05
  1.263246405127132e+09 -2.342312769042097e+06  7.142860889769311e+05
  1.260879582356743e+09 -5.614513522386560e+05 -1.523248412416247e+06
  1.265225314255057e+09  3.328060100256453e+05 -3.011026167710756e+06
  1.260760788995346e+09 -3.152072947359669e+06 -3.040956653949974e+06
  1.265387146110909e+09  2.444094875141838e+06 -3.372082432966760e+06
  1.266057942601750e+09  2.380815462750655e+06 -5.489941790855187e+04
  1.259700264738062e+09  9.255474987704405e+05  9.407611514022381e+05
  1.262463042844151e+09  1.088538112316618e+06 -2.315577842908434e+06
  1.262711338963272e+09 -8.551471197966007e+05 -3.577303324039583e+06
  1.263977567438395e+09 -2.899918682335868e+06 -2.351161622144124e+06
  1.259985849928639e+09  2.176589465583098e+06 -7.641603629168742e+05
  1.265669721130860e+09 -1.932621965782083e+06 -1.536988391990886e+05
  1.261713821492926e+09 -1.447687579216017e+06  2.037112562847614e+05
  1.263473181727592e+09 -1.914960636752940e+06  5.051098099613558e+05
  1.263200098227947e+09 -2.136642774095821e+06  6.166147320896835e+05
  1.262066392250294e+09 -1.372901432283416e+06  2.139746588866435e+06
  1.263289870707790e+09 -2.486220640259017e+06  2.168798758156761e+06
  1.263581222973759e+09 -8.638970910540395e+05 -1.558952422219840e+05
  1.262026615365213e+09  2.677539288574535e+05 -1.397062620548317e+05
  1.260751495142519e+09 -5.379449572383227e+06  6.382087251069433e+05
  1.263503887913196e+09  2.271792187293404e+06  6.839485984927446e+05
  1.260020601208128e+09  2.434899811398239e+06 -3.456873851214465e+05
  1.263048314315111e+09  1.324356776681556e+05 -1.273760160221613e+05
  1.261154112797219e+09  1.010914913907607e+06  1.364117158271911e+06
  1.264425272238865e+09 -4.940232090341047e+05  2.478568469313609e+06
  1.262077813170482e+09 -3.771118924080425e+06  2.694280495450997e+06
  1.264578593314412e+09  1.395224856309590e+06  7.951076637005643e+04
  1.264298874191530e+09 -8.964631097044222e+05 -3.494431760161321e+06
  1.263665501404781e+09 -3.388108776731529e+06 -3.557496251861666e+06
  1.266036523747233e+09 -1.694264863498871e+06 -1.334591221616947e+06
  1.262756171667210e+09  3.963789859080473e+05  1.645453385438645e+06
  1.262066802984281e+09 -2.281931602671390e+06  2.265260377589780e+06
  1.262670941210870e+09 -7.526647206961936e+05  5.683584576237784e+05
  1.264456405040290e+09 -8.102145770550999e+05  5.126831175512885e+05
  1.262440506620272e+09 -1.325616563543297e+06  7.996232983627897e+05
  1.262852794804783e+09 -2.573637918904140e+06  2.949489793904099e+05
  1.263171748501874e+09  1.919379470507759e+06 -5.161454220090516e+05
  1.263463567419223e+09  6.518074771353807e+05 -2.322752347605467e+06
  1.262666128824527e+09  1.369852012160554e+05 -1.853403976089610e+06
  1.262258408665109e+09 -9.752245323452243e+05 -9.563814078384949e+04
  1.266759948625608e+09  4.555078223403424e+04  2.384379605435756e+05
  1.263339267217055e+09 -5.443420394947298e+06 -1.374455035913649e+06
  1.261607669858726e+09  1.054804641427099e+05 -1.944137892067916e+06
  1.265290754673979e+09  2.592414996658021e+06 -1.543566887931266e+05
  1.264367813809690e+09 -4.971016354823461e+06  1.258678311762552e+06
  1.263359620073240e+09 -2.966182699636001e+05  6.713666082987915e+05
  1.259699019091290e+09  5.084448062958807e+05 -1.135755380430979e+06
  1.266474585593956e+09 -1.599421864000978e+06 -1.722099444003464e+06
  1.263665134846608e+09 -5.926533837475581e+04 -1.037599851930976e+06
  1.264238514623610e+09 -2.212648655870653e+06 -1.646394763141038e+05
  1.264112278239464e+09  3.477557179179997e+05  1.565798109891318e+06
  1.265807999349017e+09  2.355503366875624e+06  1.311862511606711e+05
  1.267189674342850e+09  2.427099724643012e+06 -1.237054310305530e+06
  1.262848784758253e+09 -1.947935384241043e+06  9.294103030441329e+04
  1.262942875996217e+09  1.695740084057347e+06  1.364818759367845e+06
  1.264908785498618e+09 -2.496886654602953e+06 -2.378373002012400e+04
  1.264257821946357e+09  4.277530321611373e+05 -1.302658682352975e+06
  1.265171504798014e+09 -2.980834047811215e+06 -1.996971810190196e+05
  1.262176777145582e+09  3.953597736212913e+05  5.008723514955611e+05
  1.260805053401092e+09  3.131621295290385e+06  1.495923618202519e+06
  1.262932364733448e+09 -3.116949995115960e+06  3.335579894132259e+06
  1.261051418256073e+09  1.864929759087003e+06  3.923338238371549e+06
  1.261655171846596e+09 -1.673250686846764e+06  2.301285752493954e+06
  1.262047999712450e+09 -1.337739197214778e+06 -5.605785358193057e+04
  1.259616853534276e+09  1.289347770508042e+06 -1.329430977618016e+06
  1.267839632382463e+09 -1.943828333467922e+06  2.323060439053297e+06
  1.262443597227920e+09  3.685433593002564e+06  2.883472700584538e+06
  1.264634312840562e+09  3.265911195607538e+06  7.248326639995477e+05
  1.265248182980199e+09  3.099104462977004e+06 -2.037462468672965e+06
  1.265235569132922e+09 -2.104396048782966e+06 -1.892319051059671e+06
  1.262902094468176e+09  5.789734914259710e+05 -4.419236195085623e+04
  1.262563311946847e+09 -1.269486446345106e+05  1.447960464115319e+06
  1.264395341568322e+09 -1.214272838746191e+06  1.722571655251394e+06
  1.262284147885085e+09  7.423522554548528e+05  1.353204381377007e+06
  1.265046280065111e+09  1.285771376299975e+06  1.058980791218521e+06
  1.261831825020326e+09  4.463870831425798e+05  1.525693590483663e+06
  1.267059574611890e+09 -7.915920811022713e+05  1.995572773622191e+06
  1.263126698991519e+09  3.036281878070905e+06  9.330193583423919e+05
  1.267778489875394e+09 -1.822217896081916e+06  2.028162227819114e+06
  1.266544765385744e+09 -5.029288744465908e+05  4.777055289005859e+06
  1.260623283641891e+09  1.415151454600980e+06  3.585401817443286e+06
  1.265334770967791e+09 -6.027815790560404e+05 -1.647488990825690e+06
  1.263136901819981e+09  2.824786669911148e+06 -9.496434139967489e+05
  1.263752612369662e+09  1.380476951322898e+05 -1.064042751855309e+06
  1.262156072743482e+09  3.052875270113272e+06 -1.756967354638396e+06
  1.264802647362159e+09  6.233409385000798e+04 -3.898595124331089e+05
  1.264500325152357e+09 -7.751399637905268e+05  1.431745229044632e+06
  1.263344823488298e+09  2.996063245261019e+06  7.222127781847117e+05
  1.263114068196765e+09 -2.772473581303145e+06 -1.243978688555559e+06
  1.264466451382361e+09  6.370957114350335e+05 -2.260288643249435e+06
  1.262282695262268e+09  1.214617684276504e+06 -2.099294942333429e+06
  1.264485286851720e+09  1.117525296587858e+06 -6.874996044814237e+05
  1.262974508977144e+09 -8.037144491010995e+05 -2.741606142722274e+04
  1.266000251072057e+09  2.670063287400928e+06 -5.206547116674892e+05
  1.264603905645093e+09 -8.168160071479497e+05  1.108103110264300e+06
  1.264242233563099e+09  5.475632068431106e+05  2.123920396844903e+06
  1.266623529790692e+09  1.105135693252129e+06 -1.862489178403167e+05
  1.262803835240011e+09 -2.015499576869267e+06 -3.116501288883260e+06
  1.261845445549133e+09  1.734233549086957e+06 -2.256174547252994e+06
  1.262753569914186e+09 -1.958247313417705e+06  1.656782495767588e+05
  1.264339003047647e+09  3.188288003885112e+06  6.077979018983543e+05
  1.262974574512527e+09  1.099965893663849e+06  7.321003283919399e+05
  1.263357581183869e+09 -7.366336154344586e+05 -6.295085796757159e+04
  1.262446075529658e+09  2.910645350422338e+06  3.506867942703099e+05
  1.264613078059055e+09 -2.188076121012644e+06  2.483529053834064e+06
  1.264913922653723e+09 -4.352828453505868e+05  1.689668001654781e+06
  1.261614805217673e+09 -4.874877783302334e+05  1.004420317169951e+06
  1.266534892795563e+09  3.521914912936487e+06  2.452577357563454e+06
  1.262170024590441e+09  3.357177259180559e+05  2.458583544683498e+06
  1.263279193902141e+09  2.288142873690037e+06  1.388006611648534e+06
  1.263504554685897e+09  1.531644688829557e+06  1.613683539897930e+06
  1.263619027272536e+09 -3.117761026366139e+05  5.737617225801442e+05
  1.265012497910690e+09  2.187270990930000e+06 -1.612911175458958e+06
  1.261407955931378e+09 -2.602633447066860e+06 -1.546588065651454e+05
  1.263666354972226e+09  1.359879342511402e+06 -3.549554571802033e+06
  1.262782288111298e+09 -9.291044428755634e+05 -3.566223763610816e+06
  1.263485971617924e+09  3.100063458724558e+06 -2.329720731393561e+05
  1.261052921849606e+09 -1.738307209882837e+05 -4.165592232758331e+05
  1.263418531617318e+09 -8.065836812400359e+05 -2.037284253557945e+06
  1.261377949064278e+09  1.933900279375446e+06 -9.731917761927461e+05
  1.263961974222103e+09  7.843694972773944e+04  6.324087578694618e+05
  1.263094534385480e+09  1.039910979069436e+06  1.307027475010893e+06
  1.262170379456324e+09 -8.196334457191292e+05  1.257040532841941e+05
  1.265164299535312e+09  2.061895913021663e+06 -1.364654025170744e+06
  1.262464237592166e+09  2.297848253255453e+06 -1.899086166765130e+06
  1.261010346291465e+09  7.988271350357854e+05 -2.031298465258981e+05
  1.260114535122332e+09  3.024276653944980e+06  2.362382828494653e+05
  1.261395477575227e+09 -1.042692371850305e+05  2.175959743531363e+05
  1.264226372452935e+09  2.661867042910927e+06  1.570751979284774e+06
  1.263116876584302e+09 -4.110272380500626e+05  2.297044670628746e+06
  1.261833633657719e+09  1.509386492132137e+05  1.035382753549816e+05
  1.263512758488551e+09 -7.805417831452555e+05  2.730670542746700e+05
  1.261242742096674e+09  8.566272684258274e+05  5.492675269129646e+05
  1.262088571078212e+09 -6.320347409773299e+05  4.142462821272549e+05
  1.265264611045189e+09  6.104059940944812e+05 -1.446307412668979e+06
  1.264724227920880e+09  1.587780552431649e+06 -2.067415306709496e+06
  1.261976364646802e+09  4.067729412476116e+06 -8.000443701215894e+05
  1.261831703215726e+09  3.059384770157930e+06  2.067134689229462e+04
  1.264008251504057e+09  8.305907633004729e+05  5.093409472810170e+05
  1.265233285052505e+09  2.584156323044040e+04  1.947594228769247e+06
  1.263405870272021e+09  1.405725637610334e+06  2.875845077170254e+06
  1.260575916905791e+09  4.564660536268673e+05  1.429265654065162e+06
  1.261316867498157e+09  4.194654798896012e+05  9.343203154406336e+04
  1.263233931933811e+09  2.310323810164126e+06  4.437284520569333e+05
  1.263380233949741e+09  1.858444152140099e+06  2.873130306632609e+06
  1.265031267472582e+09  2.177934128288433e+06  9.551011613916800e+05
  1.263202184784450e+09 -2.612797868050403e+05  2.195072333346154e+06
  1.262963502010621e+09 -1.747689637088752e+06  1.479336674298398e+05
  1.265270353322189e+09 -2.867742790585170e+05 -1.292930103115431e+06
  1.262906953128083e+09 -1.141518522871304e+06 -1.801679225801602e+06
  1.264257244750819e+09  9.336158348315128e+04 -2.752797477044298e+06
  1.259266427351936e+09  8.027921810286542e+05 -2.486959946697284e+06
  1.262082413474103e+09  4.579300147871088e+06 -1.488446385349133e+06
  1.266666938165609e+09  2.494889177714093e+06  4.810083257677221e+05
  1.264878555822178e+09 -3.865425926630455e+05  1.868222935378769e+06
  1.260976962724386e+09 -2.955667587993133e+05  2.009295148004651e+06
  1.260718301225319e+09 -1.240279745579339e+06  1.839020763485321e+06
  1.263831191775622e+09  1.533996311188054e+06  6.532875670497625e+05
  1.263662749919345e+09 -2.570036612610004e+06 -1.722494083680329e+05
  1.265562043551285e+09  2.451841825231835e+06 -4.363736654280423e+05
  1.263127840621911e+09  1.332235426210851e+05 -6.742796266158042e+05
  1.263385196173761e+09  2.830992615791277e+06 -1.444564023655389e+06
  1.261912303763444e+09 -1.964878125273006e+06 -9.061355443885652e+05
  1.262745904970442e+09 -1.335301776683443e+06  1.395968748218579e+06
  1.262145330372716e+09 -1.883026413731684e+06  6.586892106410705e+05
  1.261454110008144e+09 -1.428977001749887e+06 -1.927294064948661e+06
  1.264087804735360e+09 -1.150625276684931e+06 -3.664667002765861e+05
  1.265936192883211e+09 -8.746973160561883e+05  8.523475846038344e+05
  1.263108570523430e+09  8.193731093414823e+05 -1.428125683368451e+06
  1.269034237475116e+09  1.313012243756627e+06 -2.626520253890392e+06
  1.264357219535930e+09 -8.254121911753102e+05 -2.748560064182448e+05
  1.268868783883955e+09 -6.179636004560019e+05  3.966944273244641e+05
  1.263362078787963e+09 -1.582058693501697e+06 -8.843808269602696e+05
  1.264285648187943e+09  1.450156660117814e+06  3.412626766450348e+05
  1.262944625693813e+09 -2.696974368030566e+06  1.197669884741672e+06
  1.264924392088898e+09 -5.696224201976864e+05 -3.830984497555684e+05
  1.261901467361180e+09 -5.516306225688952e+05 -1.391597689429244e+06
  1.262553425588990e+09  3.912567474209808e+05 -9.564158156765653e+05
  1.258950482691841e+09 -2.909768764768798e+06 -1.684757359679536e+06
  1.263763108301507e+09  5.258907992671258e+05 -5.895627818420306e+05
  1.264366631848699e+09 -3.780604870819483e+06 -9.862324307188026e+05
  1.262473380406582e+09 -2.150755785720739e+06 -6.597304577772728e+05
  1.261453001286899e+09  2.937913834786951e+04 -5.582691868322479e+05
  1.268062672495744e+09 -8.530479100852120e+05  3.486032207160750e+05
  1.261958987031132e+09 -5.671621646072209e+04  3.189031046331181e+06
  1.260332055505848e+09 -6.345546649135028e+05  4.578373315359998e+06
  1.264869742789573e+09 -9.387007977779706e+05  3.566435413934422e+06
  1.266003300301857e+09 -5.998954984675684e+05 -3.892668900537591e+05
  1.264453472905903e+09  7.628123282204263e+05 -3.656748358325195e+06
  1.259940023870666e+09  6.495553704617897e+05 -1.458867423092423e+06
  1.262656442851296e+09 -2.465579892933920e+06  9.690824119193379e+05
  1.262929797567247e+09 -1.795503256584947e+06  1.717270603591635e+06
  1.265821025404261e+09 -1.866715220784204e+05  1.751862234595672e+06
  1.262638238549353e+09 -3.471481806303631e+05 -7.516839292146526e+05
  1.265510872853887e+09 -2.063648564747309e+06 -3.163817169769524e+06
  1.262586072385260e+09  1.584707360841803e+06 -5.631680371488925e+06
  1.260521618791525e+09 -3.375405476053012e+06 -3.863911849440974e+06
  1.262171703142119e+09 -1.684621818957644e+06 -1.625371625735228e+06
  1.260840700960577e+09  9.737998068298025e+05 -2.120066448347393e+05
  1.261935398925690e+09  1.651981755580907e+06  2.012889051262857e+06
  1.264479279404174e+09  1.960627290626646e+05  1.587064131582166e+06
  1.258178424384555e+09 -2.330553330347122e+06  6.948718579230180e+05
  1.258775827576272e+09 -2.016136557757910e+06  1.849864901624418e+06
  1.266311321154604e+09  2.851804389258660e+05  2.434342627691578e+06
  1.263764149313530e+09  1.776996511643510e+06  8.020391372770556e+05
  1.260148005124242e+09  1.230994180417508e+06 -9.274641108084526e+05
  1.263899375025446e+09 -1.656747344213877e+06 -2.527532231857328e+05
  1.263164017451398e+09  9.413095159010662e+05 -5.204530751301848e+05
  1.265749984237405e+09 -1.167694282446873e+06 -1.061028858753114e+06
  1.258855635077178e+09 -3.976068099019674e+05 -3.031268101812548e+06
  1.259804771397096e+09 -1.074223231092838e+06 -3.570390229237944e+06
  1.260907210107362e+09  1.614784659181600e+06 -2.057350144121749e+06
  1.264007740201415e+09 -2.810009494496979e+06  8.589890818405850e+04
  1.261837273405922e+09  4.227477381180687e+05  5.334890460348312e+05
  1.263012157727622e+09  5.503054033056007e+05  4.310923413742920e+05
  1.263570846962188e+09  2.746737451336663e+06  6.877104624414296e+05
  1.265575937453056e+09 -8.139034297286493e+05  9.156536150781184e+05
  1.263240328249925e+09  9.347106884944811e+04 -1.332484345823443e+06
  1.264281724412675e+09  7.679927760684477e+05 -3.780817449500293e+06
  1.262739081191616e+09  1.165504664920161e+06 -4.002118388039744e+06
  1.261987632825103e+09  7.877300060601677e+05 -4.456961527565143e+06
  1.268113676632645e+09  1.234065077369468e+06 -2.955359207578927e+06
  1.262739308418880e+09 -1.254094644987979e+06 -1.582712130477486e+06
  1.263150994470271e+09  2.372231476250858e+06 -2.663351058924242e+06
  1.260893583187108e+09  4.572329845931984e+05 -2.862495265680171e+06
  1.267003519960091e+09 -5.726064465513228e+05  5.551094565777212e+05
  1.264372228268196e+09  1.907555627342921e+06 -4.315736854932319e+05
  1.263662595267314e+09 -5.160695746261138e+05 -1.012707044469752e+06
  1.264911926307484e+09  6.191124719460963e+05 -1.536735831475100e+06
  1.260040399969508e+09 -1.653701417894145e+06 -5.232920472112593e+05
  1.261859352166607e+09 -8.098323906452329e+05  1.740265399463707e+06
  1.264768639197888e+09  1.172949647860259e+05  1.183291364352300e+06
  1.263692366761023e+09 -4.417467911318117e+05 -2.367641407402716e+05
  1.264755928360172e+09  1.419836561458318e+05 -2.338727450527441e+05
  1.266891479010459e+09  1.593004594040335e+06  2.577958771591603e+05
  1.263673109616794e+09  5.380554025850268e+05  1.374877528939343e+05
  1.260820818964355e+09  9.897528867969487e+05 -1.064358635969843e+06
  1.262947985756834e+09 -1.982094485335736e+06 -1.317424846515623e+06
  1.265861349897872e+09  5.453082008037914e+05  6.910959405854775e+05
  1.263544369187684e+09  1.700973355064914e+04  2.559148092818397e+06
  1.260232836930107e+09  3.075933238398300e+06  1.928015059863701e+06
  1.259849835332989e+09 -2.571414444918515e+06  1.552993548627491e+06
  1.266008913275040e+09 -6.445313452739890e+05 -2.268047707164830e+06
  1.263957573385031e+09  2.096324893998885e+05 -3.016730259264744e+06
  1.260113858608981e+09  9.650868998732116e+05  1.293335031417783e+06
  1.263446355862483e+09 -3.808019430645581e+05  3.498558196187233e+06
  1.266559161817506e+09  1.353269214874666e+06  1.160048496830175e+06
  1.261313753754709e+09  1.387461908955836e+06 -7.841169596829279e+05
  1.263668352657643e+09  2.915564107667527e+06  1.295757303550067e+05
  1.262601844828629e+09  6.248739239120954e+05  1.780055169188030e+05
  1.264850405957469e+09  2.924952547371093e+06 -3.487772941917366e+05
  1.261835868696820e+09  1.925923372910173e+06 -4.729639886839046e+03
  1.263270328563724e+09 -1.234076366334679e+06 -3.839575349252191e+05
  1.263264865358943e+09 -3.160101966793368e+06 -8.339125855137681e+04
  1.263700490425767e+09  3.441631355259515e+04  1.481076525554505e+06
  1.263277895056537e+09  3.380740821824611e+06  1.853964531262628e+06
  1.261871395462065e+09  5.332780409061488e+06  2.131300427732402e+06
  1.259687684406618e+09 -7.468324749849144e+05 -3.486793644836398e+05
  1.265009452605370e+09 -3.608112420886834e+05 -2.388792450626815e+06
  1.263234597419787e+09 -1.406707942726445e+06 -1.977560188830463e+06
  1.263073614486513e+09 -1.149371267464258e+06 -5.487580800328490e+05
  1.262124156184559e+09 -7.252806380268182e+05  7.262870092961185e+05
  1.261031811291437e+09  4.367891792799629e+06  1.069939385651802e+06
  1.260309382352859e+09  5.536506813279749e+04  7.343950646362498e+05
  1.263107419863991e+09  4.591143220097896e+06  3.096123694271443e+05
  1.264317211157777e+09  1.360271718484914e+06  8.676691964514424e+05
  1.261266088708094e+09  2.889936196563962e+06  1.786846102589360e+06
  1.261228804730036e+09  2.206236562692254e+06  1.911188899111235e+06
  1.261839884521501e+09  1.471341401420741e+06  2.100985625073086e+06
  1.264655846803823e+09 -2.842125431465395e+06  2.144048536134316e+06
  1.261867240323609e+09  1.858156718910205e+06  1.645113365547034e+06
  1.262544036185585e+09  2.347199693637456e+06  1.412598764437574e+06
  1.263413671226485e+09  2.938815916434173e+06  1.495001599123070e+06
  1.264090490881444e+09 -4.798998734089397e+05 -8.506977163944945e+05
  1.260910851555487e+09  1.762512990297449e+06 -1.508758764887391e+06
  1.260194407082491e+09 -2.075537590351459e+06  8.345465870786330e+04
  1.263488263021862e+09 -1.188302257524868e+06  1.089767062478576e+06
  1.261821956337032e+09 -2.675081546187744e+06  5.944302175036357e+05
  1.262098021257606e+09  2.537914713199255e+06  4.634692931512127e+05
  1.261808445470181e+09 -5.981130931600080e+05  9.778407580984174e+05
  1.261957720045412e+09  5.483710821408072e+06  6.071289443462411e+05
  1.261170547523720e+09  1.223975360983890e+06 -9.273748238795361e+05
  1.261040600032994e+09  1.432006714387765e+06 -1.411519378203553e+06
  1.266343819976429e+09 -8.175441563009261e+04 -1.220860199291680e+06
  1.259679403672823e+09  3.045711523929536e+06 -2.164546746545551e+06
  1.265547621466715e+09 -1.103368399853691e+06 -1.423884584247795e+06
  1.260584719984345e+09  2.980599524495788e+06  8.453325408456688e+05
  1.260640238731789e+09 -4.963912831151482e+05  8.591306265977473e+05
  1.261558639750645e+09  1.522589190714574e+06  1.711659859096739e+05
  1.263747298914503e+09 -1.698232000329835e+06 -2.245220763387498e+06
  1.262444740810981e+09  2.119359953569975e+06 -1.203576576596407e+06
  1.261952932706045e+09 -1.739047448620157e+06 -1.153810618209349e+06
  1.263532481782997e+09 -4.777289214306173e+05 -2.770798299159510e+06
  1.259946695966687e+09 -2.154320520544143e+06 -1.307943235245179e+06
  1.260785162169353e+09 -6.926536930920613e+05  1.891982627222768e+06
  1.265017140069918e+09  1.029977943778699e+06  1.683484610423419e+06
  1.266546607777564e+09  4.249076892777805e+06  9.570156155573148e+05
  1.264579716269287e+09 -9.022125043199102e+05  5.860464886602322e+05
  1.261164320457024e+09  1.506977200811568e+06  4.240301999926203e+03
  1.264202744789259e+09 -9.804216365504515e+05  8.683693083665977e+05
  1.264509312439489e+09  1.369725941437458e+06  1.728712978547266e+06
  1.261812558411463e+09 -2.643195354895412e+05  4.856209408478894e+05
  1.259040002062004e+09  1.413784372679687e+06 -3.170042340602133e+05
  1.266504726562119e+09  2.423599538872055e+05 -1.496890522341995e+06
  1.264276446071463e+09  2.860138244244124e+06 -2.870916204397666e+06
  1.266790974325274e+09 -1.187233349890435e+06 -3.045378432313695e+05
  1.260255220242056e+09  5.210215427374966e+05  1.236286338175446e+06
  1.263449004143140e+09 -2.129690482686255e+06  1.323945791936643e+06
  1.265236653801575e+09 -1.799793164489825e+06  1.550825474346905e+06
  1.260862201341412e+09  3.642464863670871e+05  2.316029949251806e+06
  1.260427241655122e+09 -2.372851376854382e+06  1.694529376244367e+06
  1.264844028499627e+09  1.306367436026527e+06  1.886844099601164e+06
  1.264174657324523e+09  1.450508455205839e+06  3.040348181636059e+06
  1.265463518250518e+09 -2.575973260232819e+06  1.377201609424592e+06
  1.261786981106779e+09  8.956910560233655e+05 -4.466775541536282e+05
  1.261055746826477e+09  8.045582011275797e+05  1.786576489711314e+06
  1.261861504159088e+09  5.676088206476381e+05  2.980423322658317e+06
  1.263895744237742e+09 -2.114914282404096e+06  9.959327742801781e+05
  1.261959935995572e+09 -3.589052785838837e+06 -4.137180954603840e+05
  1.262317990272024e+09  1.623133904599759e+06 -8.622322585080615e+05
  1.262942957567061e+09  2.473198077675250e+06 -1.122256430982048e+06
  1.265538566716794e+09  7.312940915171555e+05 -1.034010424120107e+06
  1.262239625858784e+09 -3.249212619177208e+06  6.180623095264580e+05
  1.262686195072217e+09 -2.402100281042614e+06 -4.314700068952983e+05
  1.263350559668887e+09 -5.805765643167146e+04 -1.469704435191591e+06
  1.265320731196716e+09  2.002420476366735e+06  1.968813731459178e+05
  1.263879696631724e+09 -1.029330523639465e+06  1.061182961640766e+06
  1.263101160426461e+09  4.850918647777502e+05  4.143179945874499e+05
  1.263219686328205e+09 -4.993897588851969e+05  4.032921356036977e+04
  1.261124547597293e+09 -6.980437534717167e+05  2.604716269653246e+05
  1.264703472467370e+09 -8.048230201622982e+05 -6.299449672090551e+05
  1.260117037867360e+09  1.754180150785665e+06 -1.917630496359328e+06
  1.264872685360235e+09  1.135967303048519e+06 -3.040745923965003e+06
  1.263201229735972e+09 -2.942170396570274e+06 -2.631846342264939e+06
  1.266537642329544e+09 -6.602542895442369e+06 -3.593172084959932e+05
  1.265817401536545e+09  2.508528614097104e+06  6.689403189876077e+05
  1.261231859288669e+09  5.302964883084693e+05 -6.942079058179351e+05
  1.266811533013625e+09  3.292277504017865e+06 -2.928013274063256e+06
  1.263585585884324e+09 -3.726030821136356e+06 -3.356566017120531e+06
  1.262045874440095e+09 -2.315866861096804e+06 -2.817417014006346e+06
  1.260503342860195e+09  3.275380575608273e+06 -3.603084356130990e+06
  1.264616753061138e+09  8.983272658839477e+05 -3.067195791411572e+06
  1.262513210413940e+09  1.243614121519359e+06 -5.666614329502152e+05
  1.264992096955613e+09  1.745883395497627e+06  1.901050672225907e+06
  1.262372313940399e+09 -6.868221564156410e+05  1.514452647791320e+06
  1.262903504486920e+09  1.198489596602932e+06 -5.832804488215025e+05
  1.264980490950869e+09 -8.865897552400894e+05 -1.986540749337272e+05
  1.264602943829370e+09  1.336361410206330e+06  7.260446380883971e+05
  1.262398668403371e+09  5.195699894951220e+05 -8.195557055112933e+05
  1.269392531672168e+09 -1.236063176936711e+06 -2.039534269038731e+06
  1.264478743399399e+09 -2.981119437723248e+06 -9.634141230884288e+04
  1.264922585734149e+09  3.913768297656538e+06  1.187391975268933e+06
  1.265781379363501e+09  3.655490782428615e+05 -4.945431605946373e+05
  1.263494723698576e+09  1.846054765627183e+06 -3.376211973285790e+05
  1.263543102293888e+09  1.439458982440016e+06  7.076749922982161e+04
  1.261899642392183e+09 -9.791080071492373e+05 -4.417848103472996e+05
  1.264833372820948e+09  2.437907887623713e+06 -2.274462604067691e+06
  1.263624391251733e+09  1.183097829660400e+06 -4.330867972085297e+06
  1.261637015747048e+09  1.059402752639782e+06 -3.444702111009222e+06
  1.264120791886917e+09  2.593806540822778e+06 -2.495820015502586e+06
  1.265926667766143e+09  1.347090765170079e+04 -2.423525107690049e+06
  1.263308163511664e+09  2.388555996200304e+06 -2.302697969740210e+06
  1.258662746599527e+09  2.862102385671283e+04 -1.254191781349654e+06
  1.263773559508679e+09 -7.871949285838666e+04  1.393546210473132e+06
  1.259701411014357e+09 -1.703074801461248e+05  2.089960756336180e+06
  1.263857640477142e+09 -3.590025588603875e+05  5.627618270933173e+05
  1.261894247560023e+09 -3.040062582322659e+05  4.222287310734796e+05
  1.262399331175755e+09  1.945461409788488e+06  1.746834051119344e+05
  1.266561863954111e+09  5.274349914985201e+05 -9.638759048495407e+05
  1.263879894783091e+09 -1.407585748356019e+06  1.785633938035683e+06
  1.263766262133955e+09  3.437636153261751e+06  4.905521195925941e+06
  1.262390467239092e+09 -3.835719655796195e+05  3.631081945964359e+06
  1.263651860622632e+09 -1.841651689365387e+05  4.508748239131930e+05
  1.265132210058549e+09  2.934749380687803e+06  4.860795560490587e+05
  1.263655055313138e+09 -3.885232814837974e+05 -6.536171452747493e+05
  1.261093570998440e+09  2.687138200607657e+06 -2.298607824593855e+06
  1.265615921751667e+09 -1.042966667561184e+06 -9.408714651482679e+05
  1.266991999945126e+09  3.449128386794400e+06 -1.861543084172256e+06
  1.262419240249756e+09 -5.127297265750755e+05 -3.703540159363063e+06
  1.263192759516164e+09 -6.965976965194935e+05 -1.684336947084623e+06
  1.260355288880762e+09 -7.055929999398969e+05  1.309626872972161e+06
  1.258511441938266e+09  1.455832505121214e+06  1.873242492241168e+05
  1.264005960518808e+09 -1.069805243002097e+06 -1.788975045747423e+06
  1.263737600979557e+09  2.004439350999714e+04 -1.086738621978413e+06
  1.263348440716920e+09  3.380279764705991e+05 -4.201258658320642e+05
  1.262928405556165e+09 -5.889863259232100e+05  5.440438336317714e+05
  1.262023372947147e+09  7.676269641298200e+05  4.367671644674418e+06
  1.267029657516587e+09 -4.024806636313043e+05  4.417022298957339e+06
  1.260936470396767e+09 -3.531098256141230e+06  1.854442034619607e+06
  1.264885393596198e+09  1.298674709435225e+06  7.502154905808230e+05
  1.263747253388873e+09 -7.811948883540842e+05  1.507244157459756e+06
  1.264741324573936e+09  3.627251300289112e+06  2.676166621222084e+06
  1.261654309681580e+09 -1.294972168015805e+06  2.142033574836294e+06
  1.261395985488405e+09  3.670869006802748e+06  1.419199397289001e+06
  1.260374952047064e+09 -1.541899079289175e+06  8.214525849718880e+04
  1.266216747324498e+09  2.267773329498831e+05 -2.355762428164990e+06
  1.260432365090355e+09 -2.287870310319427e+06 -2.188033951548227e+06
  1.261894818489055e+09  3.405468879701708e+06  1.434817795019738e+05
  1.263000893939784e+09  1.780607991148658e+05  3.216199047732854e+04
  1.262028128466714e+09  1.618923929337390e+06 -9.032325843675646e+05
  1.262334094042512e+09  6.303784984851945e+05 -1.106530300366553e+06
  1.268600817267853e+09  1.302579494821312e+06  1.172469641166367e+06
  1.261664160539832e+09 -1.893676215139609e+06  6.658296928891410e+05
  1.264856252552815e+09  6.761982672991060e+05 -2.537568403564579e+06
  1.266715565692723e+09 -5.074659146509571e+06 -2.580361666739917e+06
  1.261245142973457e+09 -1.077636623619876e+06 -1.196372106986963e+06
  1.262958191682849e+09 -8.465787755412026e+05 -1.852039184318088e+06
  1.260943683658109e+09  2.393745163500247e+06 -1.604552544548745e+06
  1.261282912139470e+09 -1.200266893623155e+06  1.449189984121251e+06
  1.267363443599070e+09  4.124193210465197e+06  1.958607926962263e+06
  1.265209134832172e+09 -1.017683657566933e+06 -9.378647262070723e+05
  1.260807670076705e+09  2.046247278107400e+05 -2.373109492242242e+06
  1.260353248435556e+09 -2.969165375933863e+06 -2.391593495859519e+06
  1.262614905535380e+09  2.130627700808979e+06 -1.117191045577904e+06
  1.261843762352278e+09  2.039991351412265e+06  1.620817664537022e+06
  1.264986968071185e+09  5.131041829186276e+05  1.351035094225073e+06
  1.264660538582248e+09  1.661245886230167e+06 -3.206591989888257e+05
  1.261338258890867e+09  1.368804443284075e+06 -1.767845079336045e+05
  1.263535717390029e+09 -2.568154011943687e+06  4.896348357850632e+06
  1.263953745731835e+09  5.059056627409043e+05  5.036856303812288e+06
  1.257761544751379e+09 -3.447035752102493e+06  9.849744569911067e+05
  1.262800419523260e+09 -1.875587994034354e+06 -2.310935008153440e+05
  1.264047717195602e+09 -5.639118201308191e+05  1.463152205702660e+06
  1.268589651825658e+09  7.874269500371123e+05  2.033376583350684e+06
  1.263855404865728e+09 -1.750620653217896e+06  7.021936125876128e+05
  1.265196672448047e+09  1.626901318306308e+06 -4.626201639855648e+05
  1.262917803429870e+09 -1.793557831645246e+05 -7.211811907362231e+05
  1.265862702602035e+09 -1.664574725658755e+06 -1.859222051026702e+05
  1.264095428147243e+09 -4.010736771562437e+06  5.551645887021276e+05
  1.261105995382790e+09  2.929383809560637e+06  1.424692658970273e+06
  1.262747835409624e+09  1.421395431047724e+06  2.875948990988000e+06
  1.264802377610872e+09 -2.849219922715898e+06  2.810144962399964e+06
  1.260539986417097e+09  2.302659269643493e+06 -5.079508913871072e+05
  1.264131206449872e+09  5.681534484870812e+05  1.769684571063546e+05
  1.259896317796753e+09 -1.454875221996152e+06  1.840598135049390e+06
  1.264278428348718e+09 -6.260773195109508e+05  3.737086705830419e+06
  1.261662633139935e+09 -1.846690718949408e+06  1.123133887153236e+06
  1.263510681277906e+09 -2.385041560162443e+06 -9.640116748373564e+05
  1.262112893258015e+09  1.092867231319543e+06  2.741492401651105e+06
  1.264656026351365e+09  9.390372247707320e+05  5.291053259687306e+06
  1.262268201030478e+09 -1.148456449025418e+06  2.268821554141257e+06
  1.260797253660444e+09 -4.892513639300746e+05  4.209286248991366e+05
  1.263989379678463e+09 -5.310971870646466e+05  2.760149112504850e+06
  1.267624895744247e+09 -2.389983308139845e+06  3.534124864738430e+06
  1.262520811137141e+09 -4.653253819869682e+06  6.053534109658779e+05
  1.259610568214707e+09  4.795730020907270e+06  2.437621665952223e+05
  1.265033977829314e+09  4.342569521575789e+05  1.591683679260245e+06
  1.261986289346315e+09 -2.968142130378454e+06  8.799363971169700e+05
  1.264761170337775e+09  1.001291244362048e+06  3.886166204106341e+05
  1.263122028785997e+09  1.208383325827195e+06 -2.497877504503233e+05
  1.265777211863786e+09 -8.481611024697070e+05 -8.102215498559787e+05
  1.261257220640222e+09 -1.125513558817069e+06 -1.050291905062540e+06
  1.261401569423263e+09 -1.370671512088720e+06 -9.372993235946000e+05
  1.262728468922032e+09 -1.867166113093737e+06 -1.159643761794468e+06
  1.263056266819594e+09  2.146198618539911e+06 -1.771927391156545e+05
  1.263447393677728e+09 -3.293527406559264e+05  1.061565018326573e+06
  1.262425485430497e+09 -1.724161105202049e+06  1.270234477645555e+06
  1.257206892314297e+09  1.823233748262115e+06  7.633285782969408e+05
  1.260493590449685e+09 -3.124117475129967e+04  8.994555719835114e+05
  1.265587599128302e+09 -1.932547795153627e+06  9.231120332741591e+05
  1.262079603444502e+09 -1.367011885234682e+06 -3.815409307292105e+05
  1.260139834531415e+09  3.250239955782024e+06 -2.170579275646494e+06
  1.263092176683260e+09  1.883427430800674e+06 -3.354679066626828e+06
  1.262720634384745e+09 -2.301759440725035e+06 -1.688932454007558e+06
  1.264879079920305e+09 -8.508681237257277e+05 -7.998595677165093e+04
  1.258563769029778e+09  2.031002347712786e+06 -3.631763736982719e+05
  1.263315138193093e+09  1.205605469050760e+06  9.025543661261387e+05
  1.261138850540304e+09 -1.420208351346248e+06  3.616926360132584e+06
  1.262536809221659e+09 -1.123800025160373e+06  2.439530419764748e+06
  1.261802683725052e+09 -1.470625128034016e+06  1.094840825532482e+05
  1.261142221649033e+09  1.076858001084765e+06  5.068731797393166e+05
  1.262287200532806e+09 -1.494658344230836e+06  1.942252256781688e+06
  1.266650522263156e+09 -2.628470673579662e+06  2.465423916249020e+05
  1.260232095956092e+09  1.856123331813986e+06 -1.763048464613369e+06
  1.265368427282134e+09  1.156669966570440e+06 -5.443272619538435e+05
  1.262138399545573e+09 -1.034146492973379e+06  1.611785078354275e+06
  1.261200983761813e+09  2.560059313446860e+06  2.419350925951563e+05
  1.266128485259154e+09  4.276378364727610e+05 -3.712352496813531e+06
  1.262829343350575e+09  2.544297124629255e+06 -3.765800251589675e+06
  1.263056318099501e+09 -2.457754216157452e+06 -3.281725350058748e+05
  1.262982435619423e+09 -6.798933394697442e+05  1.086389971382376e+06
  1.267738320931089e+09  1.301391287240044e+06  1.502955323119530e+06
  1.264878739164176e+09 -3.004846517850939e+05  3.749884086895476e+06
  1.263733768904088e+09  2.645401715227502e+06  3.494571195799009e+06
  1.264246463939079e+09  6.747229680128194e+05  7.595142100752518e+05
  1.260249534733267e+09 -2.115511712973443e+06 -5.946515031389933e+05
  1.261880437682962e+09  1.644504760938809e+06 -1.690571752848204e+06
  1.262805959764235e+09  3.917223340625318e+05 -1.231865532846864e+06
  1.261498215107883e+09  1.099638055878988e+05  9.212373606991700e+05
  1.264809396843728e+09 -1.157618510520896e+06  1.667786383217628e+06
  1.263515819095987e+09 -4.531487904731576e+06  1.809760911733588e+06
  1.259482766680647e+09  2.593258725981525e+04  2.581297068287314e+06
  1.258748557350801e+09 -1.071711191913679e+06  2.859078421865263e+06
  1.261398737600345e+09 -9.610144322574181e+05  1.417441932415520e+06
  1.263517380095947e+09 -2.929289865671017e+04 -7.901204907188822e+05
  1.263189847837134e+09 -1.365834034928234e+06 -5.758429298622287e+05
  1.261414408483511e+09 -7.836585929014557e+05  6.429091892892310e+05
  1.262805876225301e+09  1.993101012299449e+06  1.736677115579244e+06
  1.266661336308373e+09 -6.606319785551333e+05 -2.603464877897836e+06
  1.263839876112260e+09  2.121171964281644e+06 -5.251241370237434e+06
  1.258483274860744e+09  6.365516837776690e+05 -3.656759820658328e+06
  1.264039168396836e+09 -1.476632160145976e+06 -3.033304363558334e+05
  1.264844859828612e+09  1.657354584203562e+06  1.507008876130645e+06
  1.257860880030227e+09  2.653703470143935e+06  1.964135791783735e+06
  1.261782848545073e+09  2.716486819966432e+05  9.459754102670297e+05
  1.263568158781664e+09 -1.901721942184764e+06  6.226133213858992e+05
  1.265523101750824e+09 -2.169441315086001e+06  1.016086006198763e+06
  1.264916921134398e+09  1.093606027918574e+06 -2.408805240159725e+06
  1.262405763715405e+09 -3.263816079742247e+06 -2.919218018166568e+06
  1.260686287140368e+09 -1.851509499749904e+06  2.924238880572955e+05
  1.263426255327231e+09 -8.701103815320225e+05 -2.454649029806663e+06
  1.264214354428655e+09 -5.011173232063253e+05 -3.669796141436505e+06
  1.260081074936289e+09  2.577415312056284e+06  1.147698382550701e+06
  1.261252853902107e+09  3.387018791089411e+05 -7.556105806796112e+05
  1.264378753177255e+09 -1.872514797794541e+06 -6.833177058570014e+05
  1.264577357785789e+09 -2.173177156239029e+05  6.482619509150495e+04
  1.261387245342547e+09 -1.964679595369696e+06  4.556160285310469e+05
  1.261627486582794e+09  1.024118716684788e+06 -3.800595829540836e+05
  1.261258985506150e+09  2.194243211597296e+06 -3.542392469363211e+04
  1.260321061562598e+09  2.974680742864495e+06 -2.285760632394162e+05
  1.260780052229980e+09 -1.546473888760749e+06 -2.252417678259089e+06
  1.263058155695321e+09 -2.994783133074465e+06 -3.569893421593844e+05
  1.263061964638809e+09 -9.943339572541696e+05  1.748602299975847e+06
  1.259251089939010e+09  2.086315349687101e+06 -2.080278110575145e+06
  1.262868321391303e+09  1.379659069276194e+05 -4.567567475523219e+06
  1.264381774189999e+09 -2.671714052294422e+06 -2.329761356444830e+06
  1.262585369737422e+09 -4.194425134332476e+05 -1.335227609433281e+06
  1.261658276611324e+09  1.899014204964820e+06 -2.036938866390380e+06
  1.263328487727170e+09  2.553410241811365e+06 -1.433651642091639e+06
  1.262654476682800e+09 -2.391452221532738e+06 -1.407533468939791e+05
  1.259366754543040e+09 -2.384115026825251e+06  2.677804802427766e+06
  1.262808970936082e+09 -2.247965038621325e+06  3.393839739845137e+06
  1.263373224726178e+09 -4.084137633810620e+06  2.637864446323878e+06
  1.262917106715162e+09  2.503326381776638e+06  4.948429941346892e+04
  1.259625826132060e+09  2.397040994407590e+06 -3.132636902120716e+06
  1.264560515750934e+09 -8.718839845850071e+05 -2.387138718773587e+06
  1.261118248735788e+09 -3.752051457296300e+06  2.956041341274947e+05
  1.261749214209660e+09 -3.857449242029422e+06  1.497883008021983e+06
  1.260272412052589e+09 -1.725677182811361e+06  1.254266720394072e+06
  1.267922430363650e+09  6.464813267944669e+05 -6.535357396543643e+04
  1.260136047804965e+09  2.505733277750889e+06 -1.035726704690889e+06
  1.264280957591475e+09 -1.388692171108456e+06  2.413648804450848e+05
  1.260077874083463e+09 -7.770508498742996e+04  1.292197434203949e+06
  1.264483066413504e+09  2.268748760597906e+06  7.726045168696560e+05
  1.260942492181434e+09 -1.085173952208351e+05 -6.274431257025709e+05
  1.263663195446225e+09 -1.941019107164287e+06  1.007593212048739e+06
  1.262074746980741e+09 -5.595187876867787e+05  1.014193844730444e+06
  1.260904658396966e+09 -4.175595858019973e+06  1.113469073610830e+06
  1.261791004888906e+09 -1.952316998606689e+06  8.233757817399381e+05
  1.259686972351089e+09 -1.530404851183060e+05  1.761624093476080e+06
  1.260466836734391e+09  2.890833793611825e+06  1.123202769752978e+06
  1.263166095918786e+09 -2.760025900106370e+06 -9.137764142594271e+05
  1.264907163974210e+09 -2.981520132610756e+06  7.686088267399132e+05
  1.263423457339360e+09 -4.748365501945245e+06  4.536855651014660e+06
  1.262179150276052e+09 -1.988275030853052e+06  4.659630906292127e+06
  1.262538226055157e+09 -3.224475331869354e+06  8.910830153444289e+05
  1.264874983396106e+09  1.853105523525251e+06 -2.428164590277597e+06
  1.259798083683731e+09 -4.363221211134623e+05 -2.247996249065657e+06
  1.260411914229653e+09  3.353355497123697e+05 -1.517505384421764e+06
  1.266180697653615e+09  1.368899965904743e+06 -1.035302870611804e+06
  1.264237271255373e+09 -1.192833311628280e+06  6.702073570014337e+05
  1.266695388685101e+09  6.783372685066919e+05  2.120205215465545e+04
  1.262059091808263e+09  1.039068072481710e+06 -1.830663397729077e+06
  1.262013277326046e+09 -3.006271034368274e+06 -2.499565844015596e+06
  1.263905859901419e+09 -5.247076898859487e+04  6.568801474517910e+03
  1.260944821944007e+09 -2.011385964962524e+06  1.374853372225795e+06
  1.260123546194622e+09  2.324474025373409e+06  5.837355688453307e+05
  1.263208570823771e+09 -2.322758864667288e+05 -1.937221944179961e+05
  1.263436013911469e+09 -1.232792039825094e+06  2.392936607057902e+05
  1.262529762692699e+09 -4.207054551306236e+06  1.902962998279507e+06
  1.262627137100396e+09 -2.261612925740466e+06  2.829674234532650e+06
  1.260649709256001e+09 -2.395624648887629e+06  1.531856423201970e+06
  1.262487191246732e+09  2.009797557202708e+06 -1.943838068167202e+06
  1.269006318245029e+09 -1.501003805023905e+06 -2.567704971231993e+06
  1.261994612954266e+09 -5.618716873923416e+04  1.021792985382025e+06
  1.263369741619350e+09  2.845924059190411e+05  1.752404909593884e+06
  1.267215189797602e+09 -1.623245027765151e+06  4.157229607468438e+05
  1.261861649285796e+09  1.363248390885552e+06  2.532563674485013e+05
  1.262745969036621e+09  6.472921003232260e+05 -6.778663438685224e+05
  1.260418237777837e+09  1.875260718717307e+06 -7.287017069743475e+04
  1.262366961139902e+09 -1.276360895464856e+06  7.437699559746822e+05
  1.265077484646077e+09 -2.050412417423300e+05  2.374726387688658e+06
  1.263744147487966e+09  3.410291807878087e+04  4.953902240073055e+06
  1.263062063789180e+09  6.937814742438036e+05  3.345434177608995e+06
  1.264405977867068e+09  8.543574456817028e+05  3.986699202504230e+04
  1.258838047683584e+09 -4.089278764194895e+06 -1.490035171438683e+05
  1.265675050987424e+09 -3.266769118516909e+06 -7.567030540928094e+05
  1.260185532600424e+09  1.395986458977715e+05 -2.693888625215475e+06
  1.263714369280053e+09  2.434001634453458e+06 -2.586756348955165e+06
  1.263375878936292e+09 -4.202917144325410e+06 -3.969403801530396e+05
  1.264622450444599e+09 -2.341198567206574e+06 -1.822713822515358e+05
  1.264566386141522e+09 -1.584597301818712e+06  3.704871261217690e+05
  1.261293989301476e+09 -1.429328377873429e+06  1.497259306754973e+06
  1.265215706074420e+09  4.756166654860871e+05  2.379257248554132e+06
  1.264101240077249e+09  8.012595697447680e+05  1.340918721557058e+06
  1.266618842624701e+09  4.502371077637227e+06 -6.618999309989687e+05
  1.261330901960524e+09 -2.849745878066457e+06 -6.926331569858378e+05
  1.263562250338526e+09  1.051997359110437e+06 -2.610384467722738e+05
  1.260637658789222e+09 -1.227247727064007e+06 -1.525625549523629e+06
  1.265331441184318e+09 -5.139861416359675e+05 -1.300511992931352e+06
  1.265037470223229e+09  1.223314592909765e+06  6.431651447257638e+03
  1.262809929643705e+09 -2.619132881921345e+06  8.668691565888941e+05
  1.264650779167262e+09 -2.421682304716593e+06  3.203844815008616e+05
  1.261870054658872e+09 -1.790827635194213e+06 -1.258645765154524e+06
  1.261642934862659e+09  7.077979625347157e+05 -1.396164433861206e+06
  1.267970851374775e+09 -3.331729335970796e+06 -1.707478456589878e+05
  1.263253033607059e+09 -1.489448318457421e+06  1.596227413395745e+06
  1.263421376213898e+09 -2.532801739434115e+06  2.824497115738960e+06
  1.264581932621307e+09  3.147896688484006e+05  2.768240411837703e+06
  1.264831733823081e+09 -8.657304617690941e+05  6.977018751419797e+05
  1.265990730015390e+09  1.448326112938618e+06 -2.321257593987189e+06
  1.259691945800018e+09  2.469711886129073e+06 -1.816081795437851e+06
  1.263404144504740e+09 -1.897057186027502e+06  1.306342083014886e+06
  1.263032299171916e+09  5.586677341500688e+05  1.914210502689325e+06
  1.259604705668775e+09 -1.124827739302981e+06  9.243960243247197e+05
  1.262736455329588e+09 -1.852505891589681e+04  4.949664448184405e+05
  1.263858203857110e+09 -9.903287826331041e+05  8.663699711170907e+05
  1.263657473012856e+09  6.918993395639397e+05  9.027539288379822e+05
  1.261787333152683e+09 -3.566397380084843e+05 -8.035838124777598e+03
  1.261332385742540e+09 -6.750106227963532e+05  8.367692652152702e+05
  1.263073257329260e+09  4.236488439965518e+05  1.205181818236172e+06
  1.262141403411790e+09  5.649615015213729e+05 -1.821718171906487e+06
  1.262686209935326e+09  2.856890172109815e+06 -1.270032391393045e+06
  1.261718407307412e+09 -1.748322068647104e+06  1.947766581579449e+06
  1.264618730686366e+09  1.388505543471446e+06  2.453404557751110e+06
  1.265638791808502e+09 -2.771504816745461e+06 -5.906086696036975e+03
  1.262464680496958e+09 -6.479559891786064e+05  1.689026408342566e+06
  1.261869816885458e+09 -1.473905616934004e+06  7.917100399846768e+05
  1.261324093147854e+09 -6.175990555371130e+05 -4.164910861390123e+05
  1.267390503611157e+09 -9.768587457352792e+05  1.980396561926550e+06
  1.262566175925332e+09 -9.598373328385229e+04  4.719911803636128e+06
  1.261672201112903e+09 -8.573697941316850e+04  4.332525701336399e+06
  1.264228413235820e+09 -1.686660764996256e+06  2.526779300245536e+06
  1.266263193576844e+09  1.096089881727365e+06  1.237098542262463e+06
  1.263901895204646e+09 -4.451314386923205e+05  4.264434965973397e+05
  1.263404119670293e+09  3.419053998680782e+06 -1.146563649755914e+06
  1.259522887293832e+09  5.334170529852830e+05 -1.784909659614145e+06
  1.261147860724291e+09  3.965941836165425e+06 -1.531323388962274e+06
  1.265460318504767e+09  4.214127062187573e+06 -2.476365767489532e+05
  1.265707190427145e+09  3.845323418911414e+05  1.521477660508183e+06
  1.265118169357194e+09  1.286496199292165e+06  2.662916942857279e+05
  1.262738002509828e+09 -2.741948045615058e+06 -1.106915319491933e+06
  1.261934716919617e+09 -3.172121307734509e+06 -1.214250157107266e+06
  1.267065220548339e+09 -8.995957440696200e+05 -2.020778485341210e+06
  1.261557010608511e+09 -1.382896157433120e+06 -2.491799668025279e+06
  1.266644712420263e+09 -2.164761028763387e+06 -2.896017144129737e+06
  1.262737374963963e+09  1.495180383856027e+06 -2.032410803039822e+06
  1.264588902325658e+09  6.342128421278559e+05 -1.190010673856583e+05
  1.261482768591949e+09 -1.491601168930597e+06 -3.757411253622180e+04
  1.260447392675361e+09 -1.306243833904748e+05  3.626341824189333e+05
  1.258775646976972e+09 -1.420924504039006e+06  7.828201935703682e+05
  1.266995815621706e+09  2.876772600819890e+06  1.020047502037016e+05
  1.259812327377680e+09 -9.989661700557740e+05  5.206570425681953e+05
  1.262806572167254e+09  4.958795703063294e+06  3.477949126216927e+05
  1.265251118555875e+09  2.849279195977071e+06  3.870689378604328e+05
  1.263531799739669e+09  1.836179596276227e+06  9.993821848433802e+05
  1.260737181054190e+09  1.109563547519318e+06 -2.454074195507226e+05
  1.266741787429768e+09 -1.466664220912754e+06 -6.242484035574658e+05
  1.263286099064031e+09 -2.078907662793306e+06 -1.200407955429424e+05
  1.266439389691201e+09  3.482757333261976e+06  4.649675213075050e+05
  1.266422707064277e+09 -2.208134366144522e+06  2.416607715076418e+03
  1.261654008396138e+09 -1.223526473645892e+06 -1.090694408873376e+06
  1.262882141732455e+09  2.451366458351418e+06 -2.881120050357165e+05
  1.264148843403859e+09  3.001615072739824e+06 -8.382316157443781e+04
  1.260498972714380e+09 -3.548777814947226e+05 -1.582397193327018e+06
  1.264404146679264e+09  5.577363896823451e+05 -6.303309395631251e+05
  1.263751013791050e+09 -7.940112203476358e+05  8.445509423509894e+05
  1.262652944851069e+09  3.910995824385091e+04  4.815718315832503e+05
  1.258768582558843e+09 -5.613337068214407e+04  3.473418598148825e+05
  1.262962681331543e+09  3.438463687159083e+06 -3.334253333795313e+05
  1.262856746192782e+09  2.798828802901878e+06 -1.362419408412523e+06
  1.263569245804767e+09  1.876031643419299e+06 -1.900373328389389e+06
  1.263467807093271e+09 -1.680952380091203e+05 -1.557696230007301e+06
  1.261724739422124e+09 -1.356265775873381e+06  2.072619666281035e+06
  1.263918350162957e+09  2.401290770105185e+04  2.109053332670381e+06
  1.265368307113929e+09  3.440527298570496e+06  2.732626934193582e+06
  1.260627336141033e+09 -1.592335893195633e+06  1.601885047727796e+06
  1.263996093932639e+09  2.616606396901013e+05  1.042235356773432e+06
  1.263389476441980e+09  6.304065116327610e+05 -9.594911869472071e+05
  1.268732133639209e+09  2.696134514896288e+06 -2.517016443531833e+06
  1.262169235412556e+09  3.704001110369601e+05 -1.572020762790269e+06
  1.262980740879512e+09  2.179294779082197e+05 -2.845816063774636e+06
  1.262725227298977e+09  1.301095512040808e+06 -2.828675054491308e+06
  1.263351591628835e+09 -1.022728030098174e+06 -6.456916974814783e+05
  1.264155149033122e+09  7.040924880680126e+05 -1.584056432298711e+06
  1.261129224695526e+09  1.953941730524426e+06 -3.219963874314575e+06
  1.264285817224421e+09  2.001651373230762e+06 -3.613733814810747e+06
  1.263261846124108e+09  1.993809471857275e+06 -2.482033953688218e+06
  1.259932177226720e+09 -6.711987671741472e+05  9.839987953981560e+05
  1.266340557997303e+09 -1.166193759803316e+06  1.014515445264709e+06
  1.264599995211289e+09  1.997416296099674e+06  2.404464010222206e+06
  1.264119782640609e+09  5.825515677935939e+05  3.811648634685157e+06
  1.261906001767733e+09 -1.314636209142504e+06  1.363118811820994e+06
  1.264347270977857e+09 -3.029862575730364e+05  8.309234637993603e+04
  1.263531784249305e+09 -1.955583113869916e+06  1.461076635577222e+05
  1.261378176488393e+09  7.558889812544608e+05 -6.073946671877701e+05
  1.262737023745339e+09 -6.998698271964353e+05  1.644066458952010e+05
  1.261848117526641e+09 -3.262604782386506e+06  7.823795203318299e+05
  1.262987722096658e+09  3.219640967898956e+06  2.383976607533428e+04
  1.267199165268783e+09 -1.262255432875964e+06  1.486435937415918e+05
  1.264610610694178e+09  2.148067070272216e+05  9.399203673255977e+05
  1.260275181765121e+09  3.262822528216365e+05  9.216678644609393e+04
  1.265927292881600e+09  5.709342879709741e+05 -9.389795679013215e+05
  1.263415254305915e+09  2.878388091087404e+05 -3.196964149996581e+05
  1.259467400747879e+09 -2.578958324528302e+05  9.024775476653035e+05
  1.263904540555938e+09 -9.993698329185508e+05  4.501422981432122e+05
  1.265535879251305e+09  2.993072483074908e+06 -1.337282953770071e+06
  1.263529514188295e+09  1.079496095136642e+05 -2.906226036628097e+06
  1.260971445989269e+09 -1.751057617385193e+06 -2.910801800999515e+06
  1.264820195259528e+09 -2.269986794978563e+06 -3.132089698156843e+06
  1.264801677249602e+09 -1.202305066068697e+06 -1.858666599762121e+06
  1.264417798955599e+09  5.972979347618524e+05 -1.704745129342270e+06
  1.263539039360425e+09 -5.012117322504550e+05 -2.220785270547177e+06
  1.258770745938664e+09 -4.294301538749229e+06 -1.086653612138819e+06
  1.261554272614420e+09  2.271864684936991e+06 -3.111590874402638e+04
  1.264715681965126e+09 -1.200149891105415e+06  1.641059268675095e+06
  1.261647766165914e+09  3.423691647876744e+06  1.179717024738383e+05
  1.260874914451479e+09 -1.803768484111495e+06 -2.479227525672259e+06
  1.262880597257405e+09  1.936518559612650e+06 -3.546211798548243e+06
  1.263805358599673e+09 -1.443769960597156e+06 -4.356417249146353e+06
  1.263120778107207e+09 -1.181125420297121e+06 -1.787265054368541e+06
  1.258454892532985e+09 -2.522315934039927e+05  6.064855579998952e+05
  1.265007413009942e+09  1.141930778064205e+06 -2.452461560200091e+06
  1.261740181458908e+09  1.285631657392585e+06 -3.769736878449832e+06
  1.260179069735760e+09 -6.518091475574797e+05 -2.439038706295687e+06
  1.263425673485220e+09 -2.627828311876647e+06 -2.663767919619499e+06
  1.260158912702681e+09  1.010717286226323e+06 -4.355613490390547e+06
  1.262322851962141e+09  5.019543518958227e+05 -3.632042646910700e+06
  1.266203953161345e+09  5.487425302022281e+04 -1.149718091897727e+06
  1.259406683970297e+09 -2.311005885985464e+06  1.030199824339799e+06
  1.265969223772196e+09 -2.387554636929728e+06  1.740552604705613e+06
  1.262805167135198e+09 -7.432882868857579e+05  4.721573982295079e+05
  1.260501393968540e+09  4.254225575801895e+06 -2.469515282766841e+06
  1.263939329226325e+09 -2.255790263287253e+06 -4.032821569318546e+06
  1.261735624484992e+09  2.099301672002115e+06 -1.544757177423554e+06
  1.265053424244403e+09 -1.112445025282806e+06  2.060051792373046e+06
  1.262094978889978e+09 -2.227612823820723e+06  2.741077262912635e+06
  1.264474747811315e+09 -2.328758613396757e+06 -1.772569808812332e+05
  1.267539469765347e+09 -1.811249680839669e+06 -1.828210682559869e+06
  1.263667475202446e+09  2.165666435404783e+06 -6.938231344974858e+05
  1.261522182922597e+09 -1.117856681150093e+06  1.431506861572418e+06
  1.261750839626801e+09 -1.082468483856222e+06  2.398075273993772e+06
  1.260762904785820e+09  2.016274108359474e+03  2.803077745461521e+05
  1.263669493665565e+09 -7.872398685275415e+05 -1.081204914012412e+06
  1.258709484606201e+09  4.986729660381671e+05 -4.964292031936159e+05
  1.262746429332797e+09  4.964199681974570e+06 -5.809897283508609e+05
  1.261197866240338e+09 -1.890107316173500e+06 -4.492327509867782e+05
  1.257740112063449e+09 -1.563788166008041e+05 -9.445018837766710e+05
  1.260733959260954e+09  2.161352077563541e+06 -9.007095441257650e+05
  1.263118034929911e+09 -1.054481446543794e+06  5.808626044606261e+05
  1.261312368418082e+09  6.221619173471275e+04  1.989325998469779e+06
  1.264116343603556e+09  1.212947245593029e+06  2.093659462970686e+06
  1.262212061933425e+09  3.071014290304306e+06  1.568262246184639e+06
  1.265438531204069e+09 -4.556363837354245e+05  2.191378776496636e+06
  1.263960378843546e+09 -8.367779857890613e+05  4.422937926726579e+06
  1.263536914620456e+09  1.871174235395996e+05  4.018305972243853e+06
  1.260615924755368e+09  2.406703184637437e+06  5.349713842468685e+04
  1.262913429988801e+09 -1.595342140547916e+05 -1.304290054872974e+06
  1.260752541593098e+09  2.154722663746518e+06 -2.456862714500939e+05
  1.257946063453796e+09  3.017956971367776e+06 -1.214514706411925e+06
  1.260998370009041e+09  1.896001138023530e+05 -1.477019262861729e+06
  1.263622130569378e+09  2.131334812301573e+06 -3.955645706261639e+05
  1.265539879867639e+09 -5.922300828082361e+05 -1.235935675615742e+06
  1.266967702151839e+09  2.445666822339912e+06 -2.492617316042209e+06
  1.262879985722728e+09  1.992066104391097e+06 -3.156721462456278e+06
  1.262487647513741e+09 -2.131627280036057e+06 -2.398572284352412e+06
  1.263513097079088e+09  1.158895793066834e+06 -1.581087344220623e+06
  1.264348750458316e+09  1.268042946399427e+06  2.311493940621816e+05
  1.261525337657263e+09  9.319353055599176e+05  1.855290161951991e+06
  1.261370902634482e+09  1.373764524919814e+06  1.349606649836436e+06
  1.263674178028333e+09  1.231438395535030e+06  3.422438307993363e+06
  1.263808971841075e+09  5.277687557088374e+05  1.926095266544392e+06
  1.260816057181415e+09  2.381108126006241e+06 -4.418371959972078e+05
  1.262131342835159e+09  2.388653101614651e+06 -1.233093123927621e+06
  1.260001723944158e+09  1.920424503688105e+06 -2.801046727506729e+06
  1.262605975783666e+09  4.064049424522750e+06 -4.207647371526963e+06
  1.260522727198207e+09  6.211928818044858e+05 -1.746857956458175e+06
  1.264310982552086e+09  1.219441006291777e+06  1.280849813785872e+06
  1.263854877117844e+09  2.098222909603455e+06  2.983875009418496e+06
  1.262158008574359e+09  3.121455665600208e+06  2.624385417785559e+06
  1.263063310366321e+09 -1.103515834017942e+06  1.010595920173808e+05
  1.263897234374558e+09 -1.639320003559317e+06 -3.566846898536279e+06
  1.263755402163598e+09  9.967168788030936e+05 -5.078046786792403e+06
  1.260672244964000e+09  1.609152787743988e+06 -2.112690259563096e+06
  1.262955300214311e+09 -1.328589220921858e+06 -3.789247482773250e+05
  1.262421378176123e+09  1.640184902444345e+06 -2.760792962741485e+06
  1.259017043857283e+09  2.652726063848048e+06  4.585041502346566e+05
  1.264307224540949e+09  1.343402029045689e+06  3.224634848802497e+06
  1.263557474977309e+09  4.937679110880413e+05  3.781203620146763e+06
  1.262117593392180e+09  3.605736223560628e+06  3.032893359669858e+06
  1.259461087321337e+09 -6.160311897763296e+05  9.625868774354467e+05
  1.263529835881913e+09  9.798439727217807e+05 -7.971789985622771e+05
  1.261765723163838e+09  1.814198350813767e+06 -2.577227728509731e+05
  1.263714502720971e+09  2.183363169730215e+06  2.839190664895547e+05
  1.260429508270193e+09  1.271951883935857e+06 -3.866362064434639e+05
  1.266645453953761e+09  3.413948066366766e+06 -6.012023970392027e+05
  1.262515771177932e+09 -1.958355868549975e+06 -1.469046128740124e+06
  1.264365552711763e+09  6.046500549623979e+05 -1.666633746064508e+06
  1.262595019718392e+09  5.801745004833916e+05 -9.372097558125447e+05
  1.266789467504744e+09  2.390726509092419e+06 -1.875617052312005e+06
  1.260392052294886e+09 -6.051840185019113e+05 -3.311657665728480e+06
  1.262459908600732e+09 -5.398059527413250e+05  1.140626796093403e+06
  1.261418063040002e+09  3.997063219113572e+06 -1.064776078761953e+06
  1.259804854199118e+09 -1.966004152647000e+05 -1.756391527853379e+06
  1.262267223588785e+09 -1.711656961435126e+06 -9.879212034327383e+05
  1.262219608040322e+09  3.222540170409894e+06 -3.777522489157169e+05
  1.260222802005603e+09 -1.376832499084454e+06  1.219940342318855e+06
  1.262992265278202e+09 -1.698827277683110e+06  3.705706945463997e+06
  1.266499408463588e+09  1.452356403890352e+06  3.223571934456672e+06
  1.261619011652015e+09  3.160720995769963e+06  1.211368765363909e+06
  1.264512722874666e+09 -1.171344264764823e+06 -1.102537364014590e+05
  1.262061445702773e+09  2.660393999460225e+06  1.018747702134989e+06
  1.265523870367738e+09 -1.114699267422398e+06  4.318689738132992e+06
  1.260056743036749e+09  2.682135654851390e+06  4.786431508311968e+06
  1.261563048112473e+09  2.860747059362818e+05  2.878550162640919e+06
  1.263909148513068e+09  6.764552729301444e+05  3.893726754192394e+06
  1.262722693289903e+09  2.128052463821597e+06  4.144663535836867e+06
  1.265336097870833e+09 -9.637083909377357e+05  3.993941888971772e+05
  1.263285334634849e+09  2.932706212827625e+06  1.280039596607307e+06
  1.262424235501216e+09 -9.329841936622150e+05  1.651503658163172e+06
  1.262103894951546e+09 -1.377191529401419e+06  1.461512987435930e+06
  1.262897116204277e+09  2.371315063985411e+06  4.307331908403569e+05
  1.261957177272620e+09 -1.424518081547348e+06 -1.976517010770496e+06
  1.263194501082862e+09 -2.028046745066420e+06 -1.890949535726155e+06
  1.265269933145152e+09  8.207145976067127e+05  1.511477957418711e+06
  1.259028048121260e+09  3.469380556851793e+06  1.035672075117634e+06
  1.263046003421993e+09 -1.175316133880768e+06 -1.324879315284831e+06
  1.258616165893460e+09 -8.457103113250232e+05  1.512149640860837e+05
  1.263919380324998e+09 -2.365130960915672e+06  9.167937088272390e+05
  1.267145179972110e+09  4.015015561839751e+06 -9.114739854999328e+05
  1.263383425089501e+09  4.849658270156226e+05 -7.050108858285700e+05
  1.264385105745996e+09 -8.738929776801409e+05  7.919277076847801e+05
  1.266346457712661e+09  2.829362980372486e+06  4.946052251577216e+05
  1.260761367128144e+09  1.104923798697918e+06  2.358096426685491e+06
  1.261700628180917e+09  1.283255857213034e+05 -2.394131797462991e+05
  1.257374594240694e+09  2.092682244665492e+05 -4.470894178722048e+06
  1.263189405844256e+09  8.998316422903017e+05 -3.164239446726721e+06
  1.262228124477897e+09  8.428687739475805e+04  1.888245876075715e+06
  1.262209669437881e+09 -2.752716881983032e+06  4.084344777267590e+06
  1.263849892616470e+09 -4.869760205395086e+05  1.025284432172865e+06
  1.265990837760526e+09  2.632221676268713e+06 -2.916631158170512e+06
  1.259632273922678e+09  3.154927472950652e+06 -3.876346648562574e+06
  1.266405373842140e+09 -1.897142755506166e+06 -2.707101997296654e+06
  1.263337305605594e+09 -2.201154099450370e+06 -7.365007410114659e+05
  1.265313984211175e+09 -1.140477923235625e+06 -9.516765986360739e+05
  1.262378271857453e+09  2.739501348002707e+06 -2.019289234914427e+06
  1.263496708906497e+09  1.897458932582099e+06 -1.406442778688825e+06
  1.265655797630018e+09  2.648673568670718e+05 -9.606809579260185e+05
  1.262364170628381e+09  1.077267939750465e+06  5.090753557955494e+05
  1.262777226067176e+09  7.779875651970863e+05  4.442102189811990e+06
  1.263851510939361e+09  1.286721833007846e+06  2.300202859078507e+06
  1.268477422747873e+09  2.435051331785683e+06  1.871532338072926e+05
  1.262766293635528e+09  2.961249273130285e+06  1.375879513124652e+06
  1.263875233529209e+09 -1.956821146720606e+06  4.396401909422817e+05
  1.261441557657878e+09 -8.855570851728437e+05 -6.583169163156316e+05
  1.263123501138552e+09  2.392507005849381e+05  8.038414957679898e+05
  1.265507034742424e+09  3.649131251385229e+06 -8.778019071644680e+05
  1.264073258830348e+09  7.770839237709723e+05 -2.493618047214111e+06
  1.261803105584185e+09 -2.860023320337982e+06 -2.244074785809373e+06
  1.260069418645854e+09  1.088521338752222e+06 -3.107665475244213e+06
  1.261126588803849e+09  5.785571968112598e+05 -2.954442276846805e+06
  1.262272907406472e+09  1.042885764311806e+06 -1.871236161090088e+06
  1.264936176908560e+09  9.219204934387808e+05 -6.407784686805567e+05
  1.263242426675852e+09 -5.718267615558936e+05  1.142770571529790e+06
  1.263081005469383e+09  1.492795259942081e+05  3.242319980924671e+06
  1.265783222323371e+09 -4.170492855335688e+05  1.257096430003801e+06
  1.263523890886553e+09  3.458807795376323e+06  6.697632335235307e+04
  1.260134733663016e+09  4.008239374343176e+06 -1.425508243640257e+06
  1.262897156916457e+09  1.976021464192536e+06  5.547107506502565e+05
  1.261623775712643e+09 -1.745498024252477e+06  3.078776097654090e+06
  1.259924489564362e+09  3.389896591036856e+06  2.207584974011963e+06
  1.262850547165382e+09 -1.586626096923435e+06  1.146688481977712e+06
  1.263158708089193e+09  2.630792523092926e+06  7.083417642121281e+05
  1.265851266424224e+09 -4.121634467016037e+05 -1.743870505823050e+06
  1.264272951073937e+09 -8.346784388513331e+05 -4.058942469367822e+06
  1.262289563279664e+09  4.402119544988071e+06 -2.738463582723835e+06
  1.265802837160933e+09 -6.892285506514229e+05 -3.216684927161655e+05
  1.260086652523637e+09  1.357263155709781e+06  7.967404442475759e+05
  1.263792057981034e+09 -1.317651348627634e+06  2.263362762707510e+05
  1.262534782615123e+09 -2.216322473814252e+06 -7.664022411367353e+05
  1.261546866192782e+09  9.724074763880918e+05  2.217177541461959e+05
  1.264746839199153e+09 -1.450977854666316e+06 -3.563431839209078e+06
  1.261233863406698e+09  1.699495927503030e+06 -3.158109622966878e+06
  1.258795106277761e+09  1.943482462916379e+06  6.242142066106837e+05
  1.260373619115999e+09  8.204359665087733e+04  2.016630942946283e+06
  1.265440461499523e+09  1.152264503221468e+06  2.043643404217026e+06
  1.263917189383019e+09  2.973396946506909e+06  3.107567004874248e+06
  1.261870178824702e+09 -2.969677380131170e+06  1.210584034453724e+06
  1.260735606231352e+09  4.918133381842769e+05 -1.700747284386908e+06
  1.261977980107613e+09  8.637694566946505e+05 -3.092238490762409e+06
  1.264225923767433e+09  3.351863141545132e+06 -1.046170598753127e+06
  1.265683926591404e+09  4.467452014130167e+06  3.458795714594153e+06
  1.259541036467239e+09 -4.749180524064659e+04  3.555319638937357e+06
  1.264103180646101e+09  5.375103385355759e+05  2.568877779066382e+06
  1.264235939290652e+09 -1.603204849898793e+06  2.929911984068854e+06
  1.265961200820920e+09 -1.500035298672776e+06  1.005070428878227e+05
  1.265852629164494e+09  3.418471060836462e+05 -2.353450212862719e+06
  1.262618291224928e+09 -1.390004802561524e+06  1.021921956993630e+06
  1.263319662492403e+09 -1.058375223485455e+06  3.273281220976984e+05
  1.262926702615227e+09 -5.016196076941779e+05 -1.378148220856934e+06
  1.262243793986528e+09  3.653281426343030e+05 -1.543382340361171e+06
  1.265283453356855e+09  3.433835387953037e+06 -1.267893728934318e+06
  1.263428621707338e+09  6.733356459844466e+05 -4.823066618047190e+05
  1.265466021499761e+09 -1.987591384212889e+06  4.090506131477566e+05
  1.260341778234260e+09 -1.756175120225748e+06 -6.043247077883652e+05
  1.261487915965486e+09  3.426973982066185e+05 -1.177286085714499e+06
  1.261183857014570e+09  3.540496784267577e+06 -1.478343006697750e+06
  1.267171562414898e+09  1.463778381231994e+06 -1.327820555703923e+06
  1.261957523039135e+09  1.483709090323409e+06 -3.636243673029923e+05
  1.263049169137586e+09 -1.989800490230668e+06 -7.504458299247242e+05
  1.264073483772275e+09 -4.962664220527723e+04 -2.124044519228843e+06
  1.264499955640267e+09  9.024864422075645e+05 -3.365073535101896e+06
  1.260128558132202e+09 -7.510784718202939e+05 -1.566997905009732e+06
  1.265179322045820e+09 -2.059731096853723e+05 -2.044895201792729e+06
  1.264314014587301e+09 -4.861189222215900e+05 -1.562851671677198e+06
  1.266288811579124e+09 -3.686768356010144e+05  2.257345779161496e+06
  1.263861800447412e+09 -1.974362600870736e+05  4.846003876445424e+06
  1.264173924915351e+09  2.285063577970882e+06  5.773707810331170e+06
  1.263231939877292e+09  1.846881386305183e+06  4.836429224951136e+06
  1.262280252815652e+09 -2.106739374971043e+06  8.201130037370308e+05
  1.262020981292468e+09 -2.573915518407482e+05 -6.234636503256066e+05
  1.260052884606883e+09 -1.610241452285607e+06  1.207710356945911e+06
  1.262656773161065e+09  1.054114079248888e+06  6.604981552964048e+05
  1.263566267954635e+09 -4.082200001163532e+05 -6.319322845490945e+05
  1.258816755417241e+09  7.443904133206838e+05  2.964730064132658e+03
  1.262241410396818e+09  3.463775374821543e+05  7.143791665897146e+05
  1.265289893003914e+09  1.515698709451852e+06  5.182859040172684e+05
  1.262346377062282e+09  1.253645306645954e+06  1.753418636479223e+06
  1.262689295590280e+09 -1.835172002305560e+06  1.171980698129432e+06
  1.263434613839450e+09 -2.989180166449299e+06 -1.724109281944937e+06
  1.264672456574593e+09  2.032766766319665e+06  1.086505199312700e+06
  1.266831836801019e+09 -5.454415647317264e+05  1.973958228609465e+06
  1.264126635899454e+09 -4.735503163330617e+05  1.653774076265540e+06
  1.265266788748847e+09  5.893653291026986e+05  2.926322763011024e+06
  1.263433077379200e+09  2.513308323098764e+06  4.168800550544749e+06
  1.266609424720500e+09 -1.573323506193155e+06  3.855928758460415e+06
  1.261361679682915e+09  2.620619761487407e+06  1.459577509536590e+06
  1.263930347381376e+09 -1.909631190652748e+06 -1.636833007621666e+06
  1.262729750954699e+09  2.046675946632852e+06 -2.034846115826023e+06
  1.264463900052109e+09  1.912283965137769e+06  1.336343716011045e+06
  1.263623855255433e+09 -6.965449988159153e+05  3.896498448485834e+06
  1.263546864992380e+09  3.311842666585522e+06  2.229465813097195e+06
  1.264907867928896e+09  1.558011073935738e+06 -8.914985224523295e+05
  1.263746771563279e+09 -5.588886941892402e+05 -1.980255600447755e+06
  1.263389895250248e+09 -2.997227075687411e+06 -2.357989756693491e+06
  1.267010067666469e+09 -5.467584392738461e+06  1.059569900103439e+05
  1.266758322689605e+09  2.339946260380993e+06  1.850769672110045e+05
  1.263563286449343e+09 -1.099130119680313e+06  2.188864777578871e+06
  1.265269194783178e+09  1.640623108059375e+06  4.249014371073212e+06
  1.262231909472932e+09  7.617028057251248e+05  3.096664984112816e+06
  1.262486726774976e+09  3.065506921018331e+05 -3.299843448569924e+05
  1.259152514487731e+09  1.752019874721184e+06 -9.408858357117759e+05
  1.261291553210709e+09  3.248655810175006e+06 -7.074689720305144e+04
  1.261501088724971e+09 -2.950000175097681e+05 -1.610203624819269e+05
  1.264031917966662e+09  1.923368844840467e+06  8.946073594880680e+05
  1.265775096563892e+09  2.036950003556760e+06  1.062552150530882e+06
  1.265766865791847e+09 -5.332922107942573e+05  1.356379507786605e+05
  1.260808466782933e+09  9.988360823182994e+04  2.167960663599636e+05
  1.263954292454560e+09  1.210323693941689e+06 -5.037039598938359e+05
  1.263054561633481e+09 -4.430565161989303e+04 -1.318509870021068e+06
  1.259866708605214e+09 -4.364069015433154e+05 -3.094825462202890e+05
  1.261277763185644e+09 -3.806500068780166e+06 -6.036111829896602e+05
  1.264345862094767e+09  8.944591785370952e+05  5.399068543475098e+05
  1.264215365279250e+09  1.592472909206011e+06  8.416779857783362e+05
  1.260038367772952e+09  4.213922824756710e+05 -1.754948882543900e+05
  1.264787953009802e+09  1.880728522212958e+06  1.167454025222891e+04
  1.263616836640032e+09 -1.617501803714035e+06 -5.228619937152721e+05
  1.263846788976962e+09  2.071213416044082e+06 -1.049421141288047e+06
  1.263134740422127e+09  1.905329180655689e+06 -7.701275323972174e+05
  1.261853443399962e+09  2.328717058531018e+06 -1.338480294303202e+06
  1.261016471854177e+09 -7.598012575187943e+05 -1.147484785394233e+06
  1.264886499884519e+09 -2.145917532139495e+06 -5.353837855790069e+04
  1.261577273662205e+09 -4.389988976376802e+04  5.706320346250930e+05
  1.262710508153014e+09 -2.128071357786913e+06  6.439243808786976e+05
  1.262758987867351e+09 -1.003737379345939e+06 -3.290444569086002e+05
  1.263832165863356e+09  1.763791181491416e+06 -1.542069618812443e+05
  1.260996765870938e+09  2.157104040182929e+06  1.324937155866639e+05
  1.260236928291267e+09 -2.866902901723973e+06 -1.100979146835321e+06
  1.264064196798368e+09 -7.154633532795849e+05  1.299439824070206e+05
  1.262632483919316e+09  3.751492013093270e+06  1.137612026872791e+06
  1.259973946935558e+09 -3.269141585396272e+06  1.717072958281654e+06
  1.264027342553507e+09  7.117160668913682e+05  2.043533944661509e+06
  1.259957554454340e+09 -1.603515179028017e+06 -9.435666683511317e+05
  1.261203219831937e+09 -8.699293327385597e+05 -2.361808518078037e+06
  1.265859549681827e+09  6.482883628864577e+05  1.468566480095081e+06
  1.260751961088250e+09  5.329218526816381e+06  3.291060151845898e+06
  1.264686217676708e+09 -1.841406804852984e+06  1.280046000401071e+06
  1.265031157605459e+09 -3.142026825477148e+06 -5.298383914655421e+05
  1.262072530207460e+09  4.459518349587841e+05 -1.589159695381121e+06
  1.263366999957834e+09 -1.235626058299312e+06 -3.053310966013808e+06
  1.260573983119017e+09 -1.839311754686664e+06 -3.797932626085700e+06
  1.264703137584118e+09  1.732135046219510e+06 -1.464551139250095e+06
  1.262277029358900e+09  2.953289446357120e+06 -3.032524696286391e+05
  1.264446227532512e+09  2.317002298423395e+06 -8.053948804421759e+05
  1.265214149943164e+09 -2.258873222763151e+06  1.879776678981496e+06
  1.263835676802272e+09  9.497993912321627e+05 -5.187020474860109e+05
  1.260013578863758e+09  7.966851214183288e+05 -1.560354090571692e+06
  1.262013911606996e+09  1.041429627203343e+06  2.029637724207959e+05
  1.260866301095532e+09  3.273030202170545e+05  2.896711454299990e+05
  1.265190561768476e+09 -2.039522047318637e+06  8.350827564737287e+05
  1.259862997418396e+09 -1.017442327334902e+06  1.484554081991812e+06
  1.261985446719726e+09  6.080357491015922e+03  3.219885464460708e+05
  1.260988389126008e+09 -6.403609447830261e+05 -8.305305474065216e+05
  1.259653721115750e+09 -3.803132225855570e+05  9.618719812816172e+04
  1.264562757896884e+09  8.715297650679252e+05  1.932381968004869e+06
  1.263663327251967e+09  4.832206001988889e+06  2.405569367373602e+06
  1.260223428304541e+09  3.556514755515345e+06  3.718671841969827e+06
  1.263662320953881e+09 -1.561308305471982e+05  3.405901611449949e+06
  1.260584884465825e+09 -1.036821653184153e+06 -9.705747540355400e+05
  1.266316697405719e+09  2.191766324902505e+06  1.296543957853014e+06
  1.262339928005721e+09 -3.220366664061098e+06  8.332090038197126e+05
  1.263130534330938e+09  1.931734813585609e+05  9.736997946141604e+05
  1.261237368146232e+09  2.976064648734518e+06  1.416266965589683e+06
  1.263246439903747e+09  1.701068894288043e+06  1.954321217985671e+06
  1.260862408532725e+09 -1.021870887770261e+06  1.366436312712273e+06
  1.259131105991020e+09 -1.108698106571994e+06 -6.498724669404087e+05
  1.263156962364075e+09  8.041468864571303e+04 -1.363442529816307e+06
  1.262869876564032e+09  1.564192473448902e+05 -4.153593862291453e+05
  1.266809452420812e+09  9.690175630497800e+05  1.112084651705496e+06
  1.266100711551346e+09  7.305787452969642e+03  7.569725107533841e+05
  1.263511732921467e+09 -7.301215891324657e+05 -3.736988083903480e+05
  1.263493327928824e+09  3.842611282863048e+06 -4.439004242287760e+05
  1.263194298997350e+09 -6.138075848548322e+05 -8.461341247699178e+05
  1.262123755163640e+09  1.694163999168606e+06 -4.147718856898361e+05
  1.263911472058446e+09 -3.861239237851774e+05  9.129118472680399e+05
  1.258362299103973e+09  2.405795511937194e+06 -5.108363084483527e+05
  1.262803884850707e+09 -2.970511062094317e+06  2.077401588382851e+06
  1.260592119512979e+09 -1.331901381897318e+05  1.299924648250944e+06
  1.260368666441214e+09  2.538411714311685e+06 -3.407792565409310e+06
  1.262118662446795e+09  6.755899072053640e+05 -3.376334909251098e+06
  1.260201599344521e+09 -9.758533845594977e+05 -9.637300473479405e+05
  1.262781957378880e+09 -2.694929278300388e+05 -1.949071863326246e+06
  1.262472416976868e+09 -1.838799056805305e+05 -1.885433052540473e+06
  1.266126079683214e+09 -2.006232944598576e+06 -8.652231163952476e+05
  1.263410373421815e+09  1.627732453984044e+06 -4.116320670827944e+04
  1.264308188750020e+09 -2.119433985954288e+06  1.282932144904090e+06
  1.263997662051692e+09 -2.410840796914363e+06  1.719282489292355e+05
  1.264504299209679e+09  4.209623184914069e+05 -2.872999956142245e+06
  1.262795190431135e+09 -2.343396621587134e+06 -3.088966386778370e+06
  1.260622327016931e+09  1.658241892593671e+05  6.917209923345128e+05
  1.262070955050471e+09 -1.180863346138929e+05  8.378670533982808e+05
  1.264097034828591e+09  4.994030667082506e+05 -1.464821803224890e+06
  1.261886997276876e+09 -1.820364082284203e+06 -3.673144296575648e+06
  1.263162593756257e+09  1.699638856627097e+06 -2.086917870426890e+06
  1.263203060928475e+09 -8.827138291849520e+05  2.045648499127114e+05
  1.261331573385644e+09  1.144721909097310e+06  1.567458115802051e+06
  1.261787685324742e+09  3.206166538146166e+05  1.266981338738004e+06
  1.259907394305189e+09  1.608755159955998e+05  1.754284363594341e+06
  1.261793625351604e+09 -1.566153845466973e+06  2.440679261864477e+06
  1.262753706511752e+09 -3.898218595460970e+06 -7.384338754252773e+05
  1.260921804177060e+09 -4.614342527835616e+05 -3.626702884982697e+06
  1.262883351075119e+09 -2.228437639055829e+06 -2.322901395905639e+06
  1.260404477273510e+09 -1.883054611078420e+06  7.438344513119743e+05
  1.264823974161283e+09 -1.064510836476580e+06  3.292496934953798e+06
  1.264760136556299e+09 -3.779266512748421e+05  2.850462284443469e+06
  1.265522569429728e+09  3.630445335424062e+05  1.647325582287066e+06
  1.260966493033344e+09 -9.966770403800649e+04  1.441815046941346e+06
  1.263363956656551e+09 -1.212124746908325e+06 -1.721445926036967e+06
  1.261829058854050e+09  3.062233554874523e+05 -5.976845952903270e+04
  1.259150301274941e+09  1.153548168389109e+06  1.028465013821873e+06
  1.264067536311743e+09  1.081257546170608e+05 -1.722869882713136e+06
  1.264236378873939e+09  1.683980999890421e+06 -2.832526546675312e+06
  1.260755833204330e+09  9.432789563838533e+05 -2.093797920226157e+06
  1.263232322705975e+09 -3.863661000891688e+04 -1.988188139587409e+06
  1.266446777402948e+09 -6.961525654931373e+05 -1.573485799772253e+06
  1.260885538722819e+09 -4.229342698447138e+06 -1.587826064604084e+06
  1.265651087114774e+09 -9.034017985511173e+05 -2.094122433337716e+06
  1.263120254457871e+09  1.690030450589103e+05 -2.226036910956305e+06
  1.262601056847171e+09 -6.570567410955110e+05 -1.992093643994471e+06
  1.262705465449318e+09 -3.064880732704113e+05 -1.279301676955684e+06
  1.261309115918945e+09  9.797090843047306e+05  2.778909131642000e+05
  1.262282854418726e+09  2.426695819437691e+06  5.266795035568275e+05
  1.259592294030115e+09  1.775726870936156e+05 -8.219335210289801e+05
  1.263808247620472e+09 -1.470004427055723e+06 -2.773872819535020e+06
  1.263671545899983e+09  6.429962002112558e+05 -3.067327835945229e+06
  1.262036769812645e+09 -1.485269564961646e+06 -2.272949584116274e+06
  1.260710177316969e+09  3.313595959142716e+06 -1.391109223561619e+06
  1.264255126520323e+09 -7.152637741871155e+04 -1.350135406788831e+06
  1.263048758814103e+09 -1.168480005651042e+06 -5.682362769116974e+05
  1.264902079305760e+09 -6.536285992064223e+05  5.018865382955229e+04
  1.265124766982967e+09  1.881011957365104e+06 -4.158519384076188e+06
  1.260288530821109e+09 -3.374322205543288e+06 -6.467768902839104e+06
  1.262973838870048e+09 -3.557750775427934e+04 -3.477208901547834e+06
  1.260106698925807e+09  1.957293545541674e+06 -1.822174533894515e+06
  1.262947317514178e+09  7.592049469008794e+05 -1.299534362408190e+06
  1.263371872086351e+09  1.024860462682246e+06  5.397824764051539e+04
  1.263886210841334e+09  4.416039433830547e+05  2.012374483868001e+06
  1.263968061064979e+09  1.080476382030162e+06  3.358662212718686e+06
  1.263207585166327e+09 -2.948463010783313e+06  7.254893675993986e+05
  1.261809834189050e+09 -1.229201348055719e+06  5.220657479587649e+05
  1.259950065304496e+09 -2.662501599248708e+06  1.394846746642816e+06
  1.256832762414321e+09 -1.569979543555950e+06  2.213731910890098e+06
  1.262218223789704e+09  2.299935055199203e+06  1.637760950075134e+06
  1.260372261579793e+09 -3.822789929505003e+06 -3.202924904461965e+05
  1.262894650580197e+09 -2.416920384586818e+06 -1.801766905954545e+06
  1.263229487376801e+09 -2.119128975589937e+05 -1.408037409035366e+06
  1.265802629928300e+09  3.001417326012253e+06 -9.669248513418026e+05
  1.261447134212018e+09 -2.796742616265022e+06 -2.280582665690204e+06
  1.264120503813650e+09  7.767542060621085e+05 -1.850362336098914e+06
  1.264615796130214e+09  7.686840188121586e+04  8.152132444291859e+05
  1.264393056569464e+09  1.555114160813861e+06  2.291282401976183e+06
  1.260280848021074e+09  7.048772580534476e+05  7.462876244684125e+05
  1.263012490808272e+09 -1.468948342999922e+06 -1.779164170691782e+06
  1.264990702590543e+09 -4.124936600879644e+05 -2.075068689822229e+06
  1.263316926476068e+09 -3.926788749405910e+06 -7.123545618555144e+05
  1.260897373902730e+09  3.271596645525009e+05 -2.160964349622787e+06
  1.265227679539262e+09 -2.805673682924601e+06  4.569147402545556e+05
  1.264942367090169e+09 -3.369224213207525e+05 -1.115115100704224e+05
  1.265441803527924e+09 -1.166428582107340e+06 -2.271797938537197e+06
  1.264544238384318e+09 -3.709000138764434e+06 -1.343215625004719e+06
  1.262429898457402e+09 -8.403849876871884e+05 -8.490150529527304e+05
  1.262078481612370e+09  1.480311186271153e+06 -3.490926776701450e+05
  1.264122334842556e+09  3.558444831547599e+06  1.864159259379820e+06
  1.266143430174880e+09 -2.561737340028916e+06  3.202673288941145e+06
  1.259760280606532e+09  1.411400800118751e+06  1.822076381432774e+06
  1.260911178917709e+09 -3.326014124148267e+06 -8.222478359785115e+05
  1.263367324194427e+09  1.761332768644670e+06 -3.084634698175695e+06
  1.260557474080749e+09  1.608421426099576e+06 -3.973252574556392e+06
  1.265892663724192e+09 -2.153174288543332e+06 -3.643633636244543e+06
  1.264602907283800e+09  9.402929806481394e+05 -2.214809999788978e+06
  1.263461611199497e+09 -7.675916170265409e+04 -2.066490338908923e+06
  1.266692299292188e+09  3.723693124708072e+06 -1.143558253985868e+06
  1.261203893135997e+09  7.630211471969972e+05 -7.997168477599822e+04
  1.262497255886584e+09  7.076024636014519e+05 -1.892188386601892e+05
  1.263219472696620e+09 -2.946000482790115e+06 -5.986490061309771e+05
  1.263740059033626e+09  1.006465295209182e+06 -1.486830048417847e+06
  1.263796313680202e+09  3.982044848485075e+05 -1.009312718153017e+06
  1.265640415307868e+09  2.415539008579766e+06 -7.287736376623085e+05
  1.264251236039575e+09  4.349118149126580e+06 -5.645349730173772e+05
  1.267463010974564e+09 -6.493820863447688e+04  2.119272769904934e+06
  1.263577976962970e+09  2.697728499422885e+06  3.253014371941386e+06
  1.262689017895305e+09 -2.282952672649131e+06  1.574340077983930e+06
  1.263943181268308e+09  4.662067060216074e+05 -9.052084392891726e+05
  1.258483731335704e+09  1.859426490114861e+06 -2.428151234180038e+06
  1.263425256769247e+09 -1.029059294789679e+06 -2.169456772920599e+05
  1.263040579591000e+09  1.718927520774005e+06  8.972076724368045e+05
  1.260373199317700e+09  6.730302360042909e+05 -1.264103365862864e+06
  1.263798690041897e+09  3.008998509515667e+06  2.201989607042131e+06
  1.262803615227725e+09 -2.814803022483579e+05  2.730698650862519e+06
  1.256363552705424e+09  7.801247471595318e+05  1.383381095321617e+06
  1.263282425616991e+09  1.270749233551172e+05 -1.299585183638762e+06
  1.263006695426708e+09  2.471080535225794e+06 -1.074582539268368e+06
  1.264672591054076e+09  1.987293104700994e+04  5.130265319357474e+05
  1.262273721947275e+09  3.431134532368849e+06  3.198386396633221e+05
  1.259026209481259e+09  2.934264239128456e+06  5.698906813743036e+05
  1.260135529668853e+09  2.355940293886920e+06  8.603773174361638e+05
  1.263236150734800e+09  3.530106237359470e+06 -1.408038984499274e+06
  1.265140507672185e+09  3.305624627328443e+05 -2.734326502133593e+06
  1.259656308383119e+09 -2.228631260766970e+06  1.434220179346187e+06
  1.263853085925131e+09 -6.392407325046409e+05  4.673990983219128e+06
  1.262841942031980e+09 -1.608477826786323e+05  1.309217675865409e+06
  1.265603725130527e+09  1.936712413420034e+06 -1.448508201504114e+06
  1.264383254040973e+09 -9.082359137078351e+05  3.327308485300650e+05
  1.263170835020037e+09 -8.670871448013636e+05  3.861232597615056e+06
  1.264607523382774e+09 -8.748968214514074e+05  3.552709226107583e+06
  1.262389973295531e+09 -7.111206347945845e+04  1.474015766490496e+06
  1.263489805507687e+09  4.021151831767550e+06  2.359651444687577e+06
  1.263785394090223e+09  2.351502059444427e+06  3.006328814726961e+06
  1.264335108154357e+09 -2.283088907446459e+04  7.322137912718514e+05
  1.266011217631371e+09  1.781409944409415e+06 -2.491384693452988e+06
  1.259441400003243e+09  1.764040541206184e+06 -3.717878200762424e+06
  1.265174610802942e+09  1.099448226066245e+06 -1.267959436045659e+06
  1.263833295612529e+09  2.851748044475088e+06  4.706683719384706e+05
  1.264708068032762e+09 -5.091879534302473e+05  7.128190470013055e+05
  1.264214734685340e+09 -1.892012485678776e+06  1.277409285726726e+06
  1.264438235653481e+09 -1.919105061051063e+06  2.006078124333359e+06
  1.261835484618031e+09  2.594866902712860e+06  3.502200191076685e+06
  1.261437513236175e+09  2.540230856813177e+06  2.476688082392870e+06
  1.258849005307321e+09 -1.242579941600587e+06  1.600844193016567e+06
  1.266683182315436e+09 -1.640465873151353e+06  5.812298522135126e+05
  1.263290641496099e+09  1.795558830236230e+06  1.474872882229005e+06
  1.264584733872177e+09 -6.600634315602056e+05  1.931884144318276e+06
  1.261926211838703e+09  3.045675238532091e+06  3.943049965440685e+06
  1.265710274080571e+09  1.738732248963386e+06  1.513186913136314e+06
  1.264652157954333e+09  1.232261328444859e+06 -6.997768322936811e+05
  1.259669363384956e+09 -2.017397325815642e+06  6.288458360429555e+05
  1.264395814936895e+09  1.545636907736555e+06 -5.669009973743994e+05
  1.259151853093509e+09 -5.800918976692848e+05 -1.379271348642100e+06
  1.262453666033028e+09  1.386820215988749e+06  2.398987437637683e+05
  1.263748714791085e+09 -2.306097094287113e+06 -3.025882575002348e+04
  1.261612772084055e+09 -1.512183492430413e+06 -1.916364934729824e+06
  1.261407546809761e+09 -3.648626391669651e+06 -8.007180249766514e+05
  1.264868683834597e+09  5.896316961334922e+06  4.372575823193070e+05
  1.261767909650984e+09  9.694685149746637e+05 -9.269486073258159e+05
  1.262786757479913e+09 -2.151362329879732e+06 -1.394086470338529e+06
  1.263871239116929e+09 -3.770210761760307e+05  1.186736766183059e+06
  1.265705324683929e+09  1.855303974208100e+06 -9.601597680785616e+05
  1.264098719556445e+09 -1.613176913849924e+05 -9.895570569942525e+05
  1.264994585100340e+09  1.281332287432958e+06 -5.775467462920846e+05
  1.264354047376257e+09 -1.240861657146373e+06 -1.936012776881176e+06
  1.264773505348169e+09  5.481114011954891e+05 -1.633447490138249e+06
  1.264832948527580e+09 -2.055980423091582e+06 -1.169334292550074e+06
  1.262680744680133e+09  1.189512766390015e+06 -2.283341572280588e+06
  1.265174477428397e+09  4.328206090981139e+05 -2.437490467759313e+06
  1.263716672096397e+09 -6.432690626884029e+05 -2.442805567431460e+06
  1.266484480543657e+09 -8.481881754772983e+05 -5.374082867580182e+05
  1.263564644376723e+09 -3.318717867315356e+06  3.380093781846560e+06
  1.265820028029407e+09 -3.460118927567570e+06  3.907092178702295e+06
  1.264657006844278e+09  4.485931387874308e+06  6.356254523524347e+05
  1.266603817628902e+09 -1.676944190380423e+06 -1.259059590992828e+06
  1.265083286648248e+09 -3.796235398341472e+06  6.465483829709810e+05
  1.265591821882214e+09 -1.112819861591278e+06 -4.107702818549330e+06
  1.266831482871822e+09  2.829670065744708e+06 -2.078812178132673e+06
  1.261998813897273e+09  5.156500776915581e+04  1.361775603834053e+06
  1.266287997075506e+09  5.297054050071177e+04  9.317907310449246e+05
  1.260247827059629e+09  4.145464118090989e+05 -7.885077012663281e+05
  1.261880296005768e+09 -6.951913160000788e+05  1.673418827090915e+06
  1.259161297608827e+09 -2.249817624409121e+06  4.420486895969013e+06
  1.261184826087377e+09  1.837234249861970e+06  1.657435821058455e+06
  1.261364767299781e+09 -7.218825319471981e+05 -2.970529866673725e+06
  1.263809200965554e+09 -1.490665195147875e+05 -4.196679635408807e+06
  1.263478237307156e+09  1.341953898034625e+06 -3.051386457664378e+06
  1.264572084712474e+09 -2.834433781308485e+05 -2.169750443389801e+06
  1.261239807279533e+09 -1.101731907973087e+06 -1.691533323669721e+06
  1.260958269058358e+09  8.205489599534712e+05 -2.182960551181637e+06
  1.261205024317112e+09 -1.502211485890330e+06 -3.017612619722664e+06
  1.263018240534273e+09 -3.287327250255592e+06 -3.479452858824323e+06
  1.257679025215382e+09  2.405085168656572e+05  8.662252331808270e+05
  1.264643644182388e+09  4.191056651688826e+06  3.379234839363239e+06
  1.265654820071788e+09 -2.537143948668884e+05  2.053971941304671e+06
  1.260670700259128e+09 -1.106528420605732e+06 -2.737762421731320e+05
  1.263869959711261e+09  3.848613769758866e+06 -7.362520473654787e+05
  1.263031784070172e+09  1.024742787217978e+06 -8.873959507463626e+05
  1.262681860561769e+09 -3.553716921369312e+06  1.326907337643210e+05
  1.261350852055893e+09  1.353318231795203e+06  1.057943916442049e+06
  1.263063254190422e+09 -2.939860224946729e+06 -1.295469454352848e+06
  1.260577061295316e+09  7.550087603510347e+05 -3.852981528128528e+05
  1.263267356290583e+09  6.645810228697353e+05  1.724094467005104e+06
  1.261380072358401e+09  3.158132420644477e+06 -2.371542700475859e+05
  1.262601797356590e+09 -8.555181092536702e+05 -8.883846951734269e+05
  1.262100114575778e+09  2.435565465535723e+06  1.405330685238017e+05
  1.261540089502627e+09 -6.755090601696209e+05 -1.117069586385185e+06
  1.260709139696476e+09 -1.576311249980541e+06 -2.054280616570919e+06
  1.261352266664167e+09  3.197527732112632e+06 -2.683939884187099e+06
  1.263737343957146e+09  1.208482058349951e+06 -3.961077660217852e+05
  1.262985901852232e+09  3.793895166730965e+05  2.081690829695617e+06
  1.260277870007128e+09 -4.731260376227640e+05  1.038121285081358e+06
  1.262189221906559e+09  1.854306588858260e+06 -1.525069686549374e+06
  1.260934196176581e+09  1.979212275444910e+06 -2.033603396655507e+06
  1.260403248133120e+09 -3.015092452820410e+06 -1.844904181325382e+06
  1.264715734646885e+09 -5.109208127967137e+05 -1.934573018296066e+06
  1.260143230635166e+09 -1.874874470817676e+06 -1.197042698957021e+06
  1.262240493232406e+09 -1.293263781902239e+05  3.517644887107958e+05
  1.264724742031476e+09 -1.006190376556404e+06  1.464934862318622e+06
  1.263704430481313e+09  1.889251777536115e+06  8.021913175776780e+05
  1.265395005724773e+09  1.254458594484106e+06  3.094065006790872e+05
  1.259459573648571e+09  5.358469779244766e+06  1.559865071742511e+06
  1.262381561247043e+09 -1.551346692794420e+06  2.210617439872965e+06
  1.264275907863839e+09 -9.882811098767972e+05 -5.719648005922745e+05
  1.264443679562519e+09  2.072136372035254e+06 -4.969678255892794e+05
  1.263891526098147e+09  1.857840187022405e+05  5.433633793516465e+05
  1.265069983832192e+09  2.066544192949328e+06  1.378844565350722e+06
  1.259432840481208e+09  2.889345837755680e+06 -3.446233940543536e+05
  1.262196191689391e+09  3.429560384326390e+06 -1.009910051076973e+06
  1.261289144745691e+09 -7.514203985401737e+05 -4.792071988051459e+05
  1.262949490690098e+09  5.871300753198333e+06  5.440436038646735e+05
  1.263843656358160e+09 -1.896499639445012e+06  7.877232711360289e+05
  1.261458545522300e+09  1.991906335967673e+06 -8.080910517491103e+05
  1.262337177988577e+09  1.569563130350609e+05 -1.709218495934378e+06
  1.261122793070553e+09 -1.493750005452149e+06 -7.372647017080818e+05
  1.265733671377652e+09 -7.846853144439266e+05  1.447139365039204e+06
  1.260157688612309e+09 -4.710179454742564e+06  1.221529311154604e+06
  1.259195486400283e+09  1.146876000556328e+06  2.662505424257180e+04
  1.262175767352026e+09  2.967814460303964e+06  8.386429237172166e+05
  1.259158559383022e+09 -2.616371672966107e+06  6.590247929885726e+05
  1.265371444865312e+09  6.648645931597674e+05 -8.194753077784604e+05
  1.263593091211187e+09  1.438708935273897e+06 -3.395489138405144e+06
  1.265236881109549e+09  2.270210855094086e+06 -2.771997856077461e+06
  1.259881213856330e+09  2.191794175193732e+06  1.264993454317707e+06
  1.264354251714704e+09  4.403718239411712e+06  3.157120078282945e+06
  1.262830600999151e+09 -4.336541693328036e+06  2.499918408681585e+06
  1.261009311889369e+09  3.808598274636477e+06  6.296508576504604e+05
  1.263672860330786e+09 -9.684479142989471e+05 -2.030297371109401e+06
  1.263989587893756e+09  1.062391199185112e+06 -1.259555997145823e+06
  1.266799826693368e+09 -4.881680381258263e+05  2.457697566960242e+06
  1.265548942316023e+09 -1.467953214814860e+06  2.413055983083550e+06
  1.264149387395918e+09 -2.588326002045664e+06  1.572566932360475e+06
  1.262542136403441e+09 -4.183481918029953e+06  3.009284363688523e+06
  1.262505038469915e+09  2.033887656640073e+06  2.905902151119730e+06
  1.260453742631084e+09  1.431164767479123e+06  1.871367791327666e+06
  1.262760209280727e+09  2.984677516363561e+03  9.541579091073237e+05
  1.259549694437695e+09  4.710829671876454e+05  7.763170395479180e+05
  1.260788226628203e+09 -7.594106949013491e+05  1.787372336528991e+06
  1.258802199315915e+09 -1.280482409723650e+06  1.468052546812974e+06
  1.258175913284038e+09  1.451308960174853e+06  1.897364100148470e+06
  1.262887695724836e+09  2.663314053261330e+06  1.063825934778100e+06
  1.260402800314682e+09 -1.250414179397047e+06 -1.999528535270805e+06
  1.261232646572013e+09  4.542155531359314e+05 -2.153887205385771e+06
  1.261823876339032e+09 -6.656116319887819e+05 -9.976862722188749e+05
  1.266350186624419e+09  1.157330839276318e+06 -5.599191918896240e+05
  1.261692050877997e+09 -1.274458733864350e+06 -9.564542528603580e+05
  1.264376059510021e+09 -5.366123271871406e+05 -8.123546730970754e+05
  1.263450866657162e+09 -1.274598225032580e+06 -3.196833003006501e+05
  1.263202894650934e+09 -1.668436670695739e+06  3.230567894633192e+05
  1.261887543936312e+09  9.225447399596854e+05  1.197858739818839e+06
  1.260101328434044e+09  9.210997708236591e+05  2.531685492032896e+05
  1.260653949013187e+09  5.979017588372171e+05 -2.509830264130289e+05
  1.264438918251351e+09  1.936629085098687e+06  1.710106560339833e+06
  1.265338869847748e+09 -1.248352285767515e+06  2.582774773567316e+06
  1.263135629447701e+09 -3.428340984871163e+06  2.068124692999528e+06
  1.261081273541828e+09 -2.167231759405799e+06  9.401356727304474e+05
  1.261988483601775e+09  6.936029231741079e+05  1.114129027416677e+06
  1.264209405524848e+09  2.143077051404025e+06  4.417085088408929e+05
  1.260500885475340e+09  1.712760903507852e+05 -1.483030561003980e+06
  1.263146192371985e+09 -1.295724129468670e+06 -2.257483292204048e+06
  1.261618595867036e+09  2.163982505830140e+06 -1.199793001497490e+06
  1.262103701941685e+09 -4.149369663140630e+05 -1.240602777975344e+04
  1.259903535268600e+09 -1.102513812008993e+06  1.284646051091792e+06
  1.260019645968105e+09  1.171020474118755e+06  1.622723129938253e+06
  1.263085994742671e+09  6.615131864560903e+05  4.468186601043075e+05
  1.263716131769640e+09 -7.237922946016203e+05  5.472547045232720e+05
  1.264601418245658e+09 -1.037446826038233e+06  2.235235869297466e+06
  1.261314826339560e+09  3.359538778177318e+05  2.311529829132623e+06
  1.264592740989380e+09  1.134498169305953e+06 -4.347829093881321e+06
  1.262852874392921e+09  1.896485419308501e+06 -2.281233380936605e+06
  1.262643415828920e+09 -2.545695034197814e+06  2.476461037135301e+05
  1.263273795875465e+09 -4.057310945036219e+06  8.956480879882409e+05
  1.264686097857909e+09  6.444952319708118e+05  6.747926043367113e+05
  1.260912515522059e+09 -4.208381317111221e+04 -9.999774463252189e+05
  1.259637866819283e+09 -1.013636499792618e+06 -3.142426923702514e+06
  1.261429189846789e+09 -2.903714041959347e+06 -2.474291076464484e+06
  1.260813847458777e+09  2.404177363695029e+06 -1.667644709917180e+06
  1.265488013956795e+09  3.717525151052104e+05 -3.929991089567120e+06
  1.262266118260624e+09 -2.523103192083745e+05 -3.811859401165301e+06
  1.259827896477308e+09  1.535876176785838e+06 -3.177195555607576e+05
  1.262011249288278e+09  1.237856457579487e+06  8.700747075067338e+05
  1.261019203942214e+09 -5.857458713688450e+05 -8.853800234753570e+05
  1.262083912730523e+09 -8.017914407274900e+05 -2.709635190501891e+06
  1.258742416614146e+09 -1.301920650731286e+06 -3.893937419268709e+06
  1.263725222166519e+09 -6.868290417878497e+05  2.868993340818484e+06
  1.263998627978000e+09  2.605551815662871e+06  2.426919516137792e+06
  1.262504488194030e+09 -1.962155761602516e+05  1.838431129411199e+06
  1.261864352710686e+09 -1.049518562936907e+06  1.326366263334554e+06
  1.264379103428057e+09  4.738595784259230e+05  1.192770052162021e+06
  1.264002754314775e+09 -2.163581712203854e+06 -1.436321636399330e+05
  1.264325161990402e+09 -2.950009796355811e+06 -1.531841518424044e+06
  1.264104414443672e+09 -2.044345410658876e+06 -2.539044917928016e+06
  1.261411821194337e+09  2.729638964210987e+05 -2.859262786640722e+06
  1.264706003089515e+09 -1.359800546874095e+06 -1.576393750344736e+06
  1.264399733233654e+09  1.943200525004631e+06 -5.390245648243679e+05
  1.263790810405383e+09  9.540328405233042e+04  2.136356505930438e+05
  1.263656214688444e+09  8.543819737532762e+05  1.322259042353234e+06
  1.262349512895898e+09 -5.494559752193824e+05  1.240704495538299e+06
  1.263712739091764e+09  1.762155399179122e+06  7.961780285189510e+05
  1.262442351787461e+09 -3.068086156663718e+06  2.139947629684021e+06
  1.263266806002341e+09  3.656626089708076e+05  2.136281747290981e+06
  1.263912733092968e+09 -4.736420866788691e+04  1.386111430119009e+06
  1.258667229192858e+09  6.312978169508928e+05  2.562178778975833e+06
  1.258585784334143e+09  7.420951510964078e+05  1.162085056045583e+06
  1.261361773819865e+09 -8.789754060943674e+05 -5.477906843990078e+05
  1.262863501106635e+09  9.175392346154395e+05  1.681699350036285e+06
  1.260692071307488e+09 -1.203032034554680e+06  2.615439410755552e+06
  1.263959211784142e+09  6.172481764333489e+05 -1.746585837988630e+06
  1.261651960439782e+09 -2.750120620296436e+06 -3.285424341510016e+06
  1.261254633686656e+09 -1.571840451848207e+06 -4.234547382405915e+05
  1.261937813553825e+09  1.634176318491150e+06 -1.184924579052544e+06
  1.260528578672876e+09 -1.704229181692594e+06 -3.657129489588893e+06
  1.261308806069313e+09 -1.556157815078257e+05 -2.827981701044171e+06
  1.263230917108469e+09 -2.247965889164225e+06  3.517267637750122e+04
  1.263105662648549e+09  1.994988048297815e+05  2.501063359367622e+06
  1.262297010938696e+09 -2.167768745758689e+06  3.530943543623831e+06
  1.260951285414909e+09  7.190462955642864e+05 -1.762238831059361e+06
  1.264834745966823e+09 -1.117009034380868e+06 -2.121278611672680e+06
  1.260956972104965e+09 -1.474018643691582e+06 -2.699040180172037e+06
  1.267174505561291e+09  6.996536391229096e+05 -1.901123602932011e+06
  1.264768824330846e+09  1.545810578649571e+05  5.637132291357040e+05
  1.261956120489828e+09  3.514341023781516e+06  1.271991890265403e+06
  1.264989192804507e+09  1.083051301575202e+06  1.228858793791901e+06
  1.262889966191467e+09  2.542245458816096e+05  2.197118771604862e+06
  1.265295754033899e+09 -2.286765839321690e+06 -5.050590408863896e+05
  1.260024415756228e+09  9.630440907270741e+05 -3.512661634903059e+06
  1.262811543703970e+09  1.223376613674883e+06 -4.587432971731551e+06
  1.264771653224352e+09 -2.539491556727902e+06 -4.786458076124225e+06
  1.262199984552965e+09 -9.661721988901048e+05 -1.402521056716941e+06
  1.265313955873601e+09 -2.244295534781112e+06  2.304860527111529e+06
  1.264833264917462e+09 -2.743241968644570e+06  1.545199424669850e+06
  1.265143937845792e+09 -1.579169773456707e+06 -1.070969896318171e+06
  1.267169239791339e+09 -7.908269215208348e+05 -3.712325430414638e+06
  1.262023933769765e+09 -2.845869099248686e+05 -7.838371387646880e+05
  1.265175266889932e+09 -2.309222459835664e+06  3.229037328584022e+06
  1.263675834536790e+09  2.775906522041725e+06  1.840990720041808e+06
  1.268324271058587e+09  1.863896756454395e+06 -1.508083885659433e+06
  1.267343227035444e+09  1.500351661705122e+06  1.732064594626729e+04
  1.266819166861845e+09  2.612283363469784e+06  3.257891617237111e+06
  1.264381224175246e+09  2.521656160859123e+04  1.509521785689190e+06
  1.266009974744676e+09 -1.098605457441126e+06 -1.857248868439238e+06
  1.261744110527632e+09  2.553185279984105e+05 -2.836733438679784e+06
  1.262680091304032e+09  2.780198398049220e+06 -2.235927850331238e+06
  1.261917955383637e+09 -2.408434053641885e+06 -1.208056583072786e+05
  1.258722606107979e+09 -5.342807113574500e+05  2.270548031839320e+06
  1.262853590015892e+09  4.477734045104330e+05  3.144658127188063e+06
  1.261514872830539e+09 -2.675151164795004e+06  1.387533401730193e+06
  1.260659913078286e+09 -1.595858465826533e+06 -1.939690698566523e+06
  1.264081941495269e+09 -1.806703627788745e+06  1.538746541410054e+06
  1.265254727738814e+09  5.194259761043304e+05 -3.700303981713218e+05
  1.259289525608183e+09 -1.042929760156699e+05 -7.847200024213039e+05
  1.264707191071588e+09  4.065499436133046e+06  1.063445219826778e+06
  1.263443451369996e+09  1.335490061268779e+06  2.366216773705474e+06
  1.263487450487136e+09  5.729392545356090e+05  2.873294769799476e+06
  1.261844843905351e+09  3.441345371471719e+06  1.122189020389016e+06
  1.260627987146131e+09  1.782278886968670e+06 -1.553614755215398e+06
  1.261842013031528e+09 -2.020545704515010e+06 -2.833541188231874e+06
  1.262306338493189e+09 -1.840875155559873e+06 -3.637971648795223e+06
  1.262412130444506e+09  3.080240969114636e+06 -2.688778628289286e+06
  1.260972134683831e+09 -9.152275206851377e+05 -4.376005364544304e+05
  1.261928837651666e+09 -1.247963642389812e+06 -6.011159284275616e+04
  1.262069331178199e+09  1.462217460666975e+06 -3.339836091888680e+05
  1.264101876735648e+09 -3.420637280237637e+05 -2.725242401329883e+05
  1.264674114272927e+09 -6.448483054431486e+05  7.839376417863530e+05
  1.263392776921695e+09 -2.988924488265531e+06  2.335822772491699e+06
  1.265967750505528e+09  1.113793428379360e+06  4.195739464118339e+06
  1.264009969666638e+09  1.357360950634354e+06  1.953924340069772e+06
  1.264134108409606e+09  1.994745711370385e+06 -1.781058408571348e+06
  1.262736351120544e+09  1.834881342654977e+06 -2.601952675152868e+06
  1.263935778050394e+09  7.312730933805797e+05 -1.727613510845455e+06
  1.263729334410485e+09  2.072966616656187e+06 -7.344321583038024e+05
  1.262223396768957e+09  3.076230729253273e+06 -1.149440356186871e+06
  1.265851891602714e+09 -4.270466368128656e+05 -3.303096770230568e+06
  1.263810045487113e+09 -4.311304201577639e+05 -2.814710366313171e+06
  1.263104705631830e+09  2.212388612297979e+06  1.662357756893969e+06
  1.265742333532311e+09 -8.502796019879245e+05  5.127922258824271e+06
  1.265100864078227e+09 -1.668979576489072e+06  4.806195763229493e+06
  1.261414245931060e+09 -2.820134234934215e+05  2.871306259071645e+06
  1.261408603009909e+09  2.020266101424078e+06  9.891235892726133e+05
  1.260192784727626e+09 -3.629642313565842e+05  3.857972781744816e+05
  1.265285493803320e+09 -2.078825420861299e+06  3.011498560691548e+06
  1.264023585957074e+09 -1.033099238814870e+06  2.689171539566397e+06
  1.264670549669779e+09  1.562914667365719e+06  4.680252908771660e+05
  1.262413284383153e+09  6.775075247860990e+05 -7.723311869242997e+05
  1.264604362799063e+09  1.884810013972315e+06 -4.293141280906897e+05
  1.265620868512686e+09 -2.153895228135111e+05  1.344064100341422e+06
  1.262539414898212e+09 -6.257027657423349e+05  2.700904941030918e+06
  1.264069663207541e+09  3.181870260495569e+06  1.631312110317628e+06
  1.260889134025105e+09  2.146042162822315e+06  1.075118518360685e+06
  1.262326006951195e+09  1.309310658574409e+05  1.675595500030359e+06
  1.262525097093498e+09  7.880006923013367e+04  2.250595005736035e+06
  1.263381345395472e+09 -3.708926623702973e+06  1.254300705683160e+06
  1.262844814005729e+09 -1.541922394231552e+06 -8.338833852850083e+05
  1.261729636397906e+09  4.248404758906335e+05 -1.405740698816522e+06
  1.261520861667058e+09  1.491102093088526e+06  1.735287663814109e+05
  1.262586948433045e+09 -1.214191242956506e+06  2.000101499504253e+06
  1.263286842720877e+09  1.172658437310165e+06  1.718092273168459e+06
  1.265998054471439e+09 -4.491463932526410e+06  7.593533527056656e+05
  1.260174132752521e+09 -2.560910574957030e+03  8.360305143957194e+05
  1.266133822311008e+09  7.880592086124184e+05  3.390166875200630e+05
  1.263938410888246e+09  1.705353897522210e+05 -9.579167587941535e+05
  1.264197989401200e+09 -1.042734992182975e+06 -2.680617489946769e+06
  1.260889352504910e+09 -2.549355656083839e+06 -2.022049388561859e+06
  1.262865865290331e+09  3.600397136522276e+06  1.673797213352371e+06
  1.264336469202885e+09  1.724299121122969e+06  4.414731944294405e+06
  1.265612657126970e+09 -8.379100327302550e+05  1.680332082233107e+06
  1.265522264281852e+09 -5.827112568554920e+05 -2.165647921472444e+06
  1.263574974338786e+09 -3.868793912000648e+06 -2.258576291499358e+06
  1.264785745196899e+09 -3.136731806215529e+06 -6.177259113031582e+05
  1.265282531149099e+09  2.916167557824261e+06 -4.747523231729258e+05
  1.266651883179247e+09 -1.175324846687045e+06 -2.370337777155137e+05
  1.263014942038108e+09 -1.730323915043775e+06  1.929927742820602e+06
  1.264170079705284e+09  1.291920438392673e+06  6.160566098041380e+05
  1.266164326167651e+09 -5.263996206387253e+06  2.141020662808894e+06
  1.260996099451331e+09 -2.107472301395391e+06 -7.974112806123204e+05
  1.264639391627384e+09 -9.387400515148963e+05 -2.058446708631789e+06
  1.259543985150199e+09 -1.910426495117931e+05  1.105503365445741e+06
  1.263706204452333e+09 -1.903112545144310e+05  2.827399505941969e+06
  1.260251107202899e+09 -2.614834186480640e+06  2.280287558401819e+06
  1.261642224726756e+09  4.622351918459268e+06  2.335442510450974e+06
  1.260850045307664e+09  1.003725390218432e+06  2.159205709222057e+06
  1.262628716733783e+09  8.815755075888101e+05  1.235027306443404e+06
  1.260749608259303e+09  2.178434617152798e+06  1.558289732267069e+05
  1.262238186993604e+09 -5.714401410543444e+05 -4.561636232171630e+05
  1.261938151443836e+09 -1.759139923720012e+06  4.536397445587481e+05
  1.259921799804362e+09  1.595486986365439e+06  9.283114131082299e+05
  1.260992615996051e+09 -1.713698530433651e+06 -1.079572192773468e+06
  1.262983161871998e+09 -2.797688666985010e+06 -2.059052579631086e+06
  1.260619774328765e+09  9.065107472720109e+05  3.122662169665317e+06
  1.265357844964289e+09 -3.049088146762915e+06  4.643117216802627e+06
  1.266255883563411e+09 -2.059678628573720e+06  2.587110385791795e+06
  1.260279072367583e+09 -1.024241737640616e+06 -1.550591234471300e+05
  1.262884908700068e+09  2.175101337381004e+05  2.562876275926703e+05
  1.261800808213414e+09  3.650537618737929e+06  2.748695652312052e+06
  1.262309468770779e+09 -1.516668517375716e+06  1.864373987505177e+06
  1.260241322746992e+09  1.597946592309553e+06 -3.258354880454158e+05
  1.261250462692838e+09  1.361804728958585e+06  1.892921879567878e+06
  1.263225462844705e+09  2.732806260285620e+06  1.770201511339953e+06
  1.262262347691608e+09  2.236712200639857e+06 -4.692803983694010e+05
  1.261842383415755e+09  5.383091795270767e+05  1.582841994754750e+05
  1.260974488117475e+09 -4.612267826278395e+05  1.912121642815487e+06
  1.261284816156202e+09 -1.664109465735438e+06  2.251827958438278e+06
  1.259034615432976e+09  8.482755268258166e+05  1.082206666411698e+06
  1.262291625328381e+09 -3.910489194979205e+06  1.157172034104610e+06
  1.261495026377013e+09  2.302695570517905e+06  7.800483750958527e+05
  1.265602968069059e+09 -1.337080988082908e+06 -1.434154330570357e+06
  1.265993267765251e+09 -6.652215226971589e+05 -3.115355816323646e+06
  1.260514829185064e+09  2.080944306996531e+06 -3.851370225911414e+06
  1.260216188532942e+09  1.190198661458555e+06 -2.505795978011163e+06
  1.262916115895712e+09  4.388515078285894e+06  1.424079107174241e+06
  1.262350025360789e+09  2.414349289200675e+06  3.380178915004946e+06
  1.261620073197371e+09 -2.080994274645128e+06  4.678299079485041e+06
  1.261892976820319e+09  2.021952063830302e+06  2.999796219121670e+06
  1.261902611555149e+09  1.529724020526057e+06 -9.096267636014957e+05
  1.261736255594230e+09  6.450585342207656e+04 -5.523124288580116e+05
  1.264628497337702e+09  2.401531535571245e+05 -4.102183189394611e+05
  1.266100481476241e+09 -2.914809409003331e+06 -3.190057482840324e+06
  1.258341336224283e+09 -1.345361721870106e+06 -4.277181517705663e+06
  1.263350099422997e+09  3.456716005390549e+06 -4.281746462309144e+06
  1.264455890933693e+09 -4.122749527655239e+06 -1.705071689051678e+06
  1.262034225455593e+09 -4.666091251758591e+06  3.380237389192624e+06
  1.264796421545419e+09 -7.325277629866768e+05  2.433865165391206e+05
  1.264334050492265e+09 -3.381027375361298e+05 -7.290092547211136e+05
  1.260650872706685e+09 -1.804336891563428e+06  5.426333932171657e+05
  1.262181564113576e+09  1.925282654667473e+06  5.232106236970095e+05
  1.260420383921610e+09  4.365881517084882e+06 -2.655701949974225e+04
  1.263139971305978e+09 -2.312925890202855e+06 -1.053024598110526e+06
  1.265183061751416e+09  3.662628675885052e+06 -2.264456365180460e+06
  1.260757356450793e+09  2.625546628544431e+06 -2.760696016108210e+06
  1.263460602917792e+09  2.089375070296548e+06 -3.173574677512430e+06
  1.260881728613431e+09  1.634284332295694e+06 -2.373157006618370e+06
  1.263669518398602e+09  4.072980325634347e+06  1.051183342370650e+05
  1.258792211448181e+09 -1.929863556390000e+06 -3.593166190648481e+05
  1.260751072542881e+09 -2.513349350780728e+06 -1.766652503814681e+06
  1.262007645272468e+09 -3.165871882991575e+06 -1.442040406410361e+05
  1.258973290889619e+09  1.940444334150457e+06  2.824142799639506e+06
  1.262499653235522e+09 -4.072098544122574e+06  2.943061282755665e+06
  1.264265006658483e+09  2.983718069916517e+06  4.327565833289506e+06
  1.265701436182983e+09 -8.815921817029131e+05  2.662399803243233e+06
  1.259966998885559e+09 -3.674558383724859e+05 -1.919830802229319e+05
  1.262730206485594e+09  1.469265257502617e+06 -1.281557051027342e+06
  1.262348237452001e+09  4.743782319865392e+06 -9.574342392849423e+05
  1.262802307165914e+09 -9.080100509243300e+05 -5.911156406494868e+05
  1.263985700901564e+09  4.153644643952495e+06 -1.555029926414481e+06
  1.265599945543263e+09  4.888815292439340e+06 -3.028394879651994e+06
  1.266017324504598e+09  2.097201696210849e+06 -2.719336369539642e+06
  1.264602655481783e+09  3.359716164811557e+06 -2.054044890089388e+06
  1.266053051269328e+09  1.601581505735585e+06 -1.402798268767364e+06
  1.265486064652308e+09 -4.440779254801840e+06  1.033521918320963e+06
  1.262217208556136e+09 -2.596977725185051e+06  3.201167597893253e+06
  1.260834853424705e+09 -3.385029735891107e+06  2.255251641252322e+06
  1.261888621406095e+09  5.667390720584765e+05  1.236970637200850e+06
  1.263717720688688e+09  4.406941159199320e+05  4.804703011402166e+05
  1.261018946491079e+09  2.674649260757693e+06  4.857215642012340e+05
  1.261540956446370e+09 -1.599651416963128e+05 -6.177176627591375e+05
  1.258981324274283e+09  1.840353100214904e+06  3.421911752218834e+05
  1.263701531282746e+09  1.258080561373514e+06  8.519913783523537e+05
  1.259468117523830e+09  1.696482440237978e+06  7.375136886468185e+05
  1.262167832859672e+09 -5.136396388927533e+05 -2.034831934154976e+06
  1.260878226813681e+09  1.732451276273827e+06 -5.741178831246650e+06
  1.266784519200080e+09  4.789922869175727e+06 -5.592712290996472e+06
  1.262764162999059e+09  1.260621821246529e+06 -3.433104628119006e+06
  1.262132589511582e+09  2.480169187370728e+06 -2.829630412444202e+06
  1.261113987216144e+09 -7.783109750538265e+05 -3.665914049162578e+06
  1.261913706169761e+09 -3.632211058754260e+06 -4.480235810698735e+06
  1.264116367375242e+09 -8.572331788290441e+05 -3.617359095897350e+06
  1.260322885062093e+09 -2.247604140758857e+06 -3.500930143615427e+06
  1.260135977231704e+09  5.176097027025641e+05 -2.831466398820252e+06
  1.262772940970766e+09  3.190260191791792e+06 -3.219325264513470e+06
  1.265131734227561e+09  3.275042984371098e+05 -2.671402765334436e+06
  1.263719709318769e+09  7.251731388461791e+04 -1.245120491015039e+06
  1.260855546114416e+09  2.623571202878706e+06 -2.852539246186675e+06
  1.263379949107197e+09  1.117520219132846e+06 -3.845400572018292e+06
  1.264664190292314e+09  1.458762386502963e+06 -1.686441923663071e+06
  1.262568275414390e+09 -4.789977531738273e+05  1.304827131012043e+06
  1.264651598634708e+09 -2.688688166498448e+06  1.392088841468551e+06
  1.263413293727258e+09  2.579849165357437e+06  2.108357911324017e+05
  1.262251594098231e+09  1.938994745366715e+06 -3.853702565099958e+05
  1.259001149073237e+09  1.973032418141409e+06 -7.850199572797789e+05
  1.263859534483804e+09 -8.711516316308859e+05 -1.049386431531744e+06
  1.262723908508028e+09 -1.547354251277015e+06 -6.731199898958942e+05
  1.259914012450135e+09  8.305631672717093e+05 -4.972709232481967e+05
  1.263282598731340e+09 -1.478747880221734e+06 -1.598934106329785e+05
  1.260686491631227e+09  1.936076830943639e+06 -6.618940582063785e+05
  1.264037268768774e+09 -4.459722756130178e+04  1.174261081850928e+06
  1.262847823651785e+09 -1.167173472088273e+06  3.444730812706538e+06
  1.264471417942895e+09  1.126316655030068e+06  2.562191567538124e+06
  1.261785036540396e+09  2.393116328157862e+06 -1.677552958609705e+04
  1.264589260171718e+09  1.528976955307388e+06 -1.986375374170895e+05
  1.259736313723590e+09  3.611602874755078e+06  3.236634504169035e+05
  1.258218792839189e+09  3.892891860601183e+05 -3.312763314001085e+05
  1.260121400488497e+09 -3.123130427098962e+06 -1.338541115541408e+06
  1.261291340793598e+09 -3.653586567566509e+05 -4.091007926987503e+05
  1.264192817783967e+09  2.030969297489003e+06  1.747696205731876e+05
  1.261007639873397e+09  1.414353535315213e+06 -1.119984154420640e+06
  1.262686600871291e+09 -2.540795889116913e+05 -1.417286594446970e+06
  1.260962928403862e+09 -1.444946470770894e+06  7.148715569282766e+05
  1.260750862387223e+09  8.018135828247119e+05  3.702192080168895e+06
  1.261493102196414e+09 -1.057747598259526e+06  4.334061073414046e+06
  1.261658522637844e+09  2.079343715813349e+06  1.853633739502258e+06
  1.265351150668774e+09 -3.626870053439411e+06  8.093774955714815e+05
  1.262885394296005e+09 -7.268797933770744e+05  8.559191036010314e+05
  1.265427648320823e+09  1.485309479020973e+06  2.206020278575795e+06
  1.264397375493537e+09  7.844579691091973e+05  5.966780731058327e+05
  1.265887120379624e+09  1.918723491529115e+06 -1.159169153725150e+06
  1.265885617005875e+09  1.138233560057694e+06 -1.870499632314875e+06
  1.262495925855154e+09  1.870170760136846e+06 -2.422978308798580e+06
  1.265205396475271e+09 -1.266478642485704e+05 -1.618431652837992e+06
  1.260948933557703e+09 -2.032043037550296e+06 -8.460089250304527e+05
  1.263924463986446e+09  1.950111202168232e+04  4.038203443953155e+05
  1.263757018234170e+09  6.811579278811417e+05 -1.470501654169965e+05
  1.264478425698618e+09 -1.982387986698979e+06 -2.205570598480849e+06
  1.263746191234825e+09  1.228719114277213e+06 -1.463883581686988e+06
  1.262695235583541e+09  1.525654013831146e+06 -9.759480106279869e+05
  1.264819014480606e+09 -7.500182971257435e+05 -8.850629182760376e+05
  1.264068503799553e+09  2.359173473939813e+06  9.052770943722453e+05
  1.263814691910679e+09 -2.999541598230820e+06 -1.481907603082569e+06
  1.267162046854719e+09  6.370418056878451e+05 -1.908557528026860e+06
  1.258681471644805e+09  1.642118722625157e+06 -6.433121114548916e+05
  1.259215062999777e+09 -1.079534251108405e+06 -1.164421728645918e+06
  1.262628159444793e+09  5.454061132580291e+05 -2.067451784019927e+06
  1.262235885356613e+09 -2.124339513406732e+06 -5.962785727043657e+05
  1.260348485362409e+09  3.165694362827651e+06  1.131553344974814e+06
  1.263134883828809e+09  1.979806949425615e+06  1.175884718521577e+06
  1.263204214420078e+09 -2.158979214787499e+06  5.057117126510064e+05
  1.262356262518814e+09 -4.591945242460326e+05 -1.480167480625098e+06
  1.260941336070131e+09  4.905356094872582e+05 -3.755698575868250e+06
  1.261394378171757e+09 -3.930084639651985e+06 -2.704408527595539e+06
  1.264985275619583e+09  3.711342207441933e+06 -9.604928494850635e+05
  1.263590494633549e+09  1.197694526867091e+06 -1.824570133208716e+06
  1.264688220584727e+09 -1.392519251910038e+06 -1.730966648132057e+06
  1.262541425950691e+09  1.679403754410564e+06 -5.000452621312548e+05
  1.262960036383053e+09 -1.433144660522172e+06 -1.006639884459322e+06
  1.262158777792936e+09  1.555427329600968e+06  1.048324601791372e+06
  1.259970262562193e+09  2.711947866226907e+06  1.322785215419007e+06
  1.264421716164631e+09 -1.570465759619888e+06 -2.575474881649417e+05
  1.265390050618397e+09 -1.754493461436204e+06 -1.468498754998187e+06
  1.262822416750628e+09 -1.677469354639451e+06 -2.913103942726897e+06
  1.266904249864992e+09  3.071595860168460e+06 -2.465356194441996e+06
  1.261639782714261e+09  4.048840811744039e+06  3.362515280419224e+05
  1.262499472842733e+09 -4.119857922573756e+06  1.948634558145906e+06
  1.261866016721909e+09  1.520905355254363e+06  1.354010817678688e+05
  1.264334044632364e+09 -1.496685462782320e+06 -1.258395188275514e+06
  1.262411917788756e+09 -2.048362724130661e+06 -1.603286326852673e+06
  1.261840197833368e+09 -2.029520911695431e+05 -2.193776151868838e+06
  1.264655219850953e+09 -8.376933017014187e+05 -2.008450940296809e+06
  1.263053487718216e+09  1.070103357312960e+05 -1.042576442939236e+06
  1.263376358690032e+09 -1.772890899684915e+06 -9.014113569774982e+05
  1.265787492415020e+09 -5.662456554916992e+05 -2.150053981114011e+06
  1.262838651620919e+09  2.061769280096876e+06 -2.021455721630092e+06
  1.266903393593929e+09  9.165251093626909e+05 -1.429053032398858e+06
  1.263297160646216e+09 -2.227445455659583e+06  5.835902160077442e+05
  1.268170878519111e+09 -2.902692264028457e+06  2.061615061397563e+06
  1.267516509806878e+09  7.472511371768041e+05  1.228995134726701e+06
  1.265363323666297e+09  9.620139458014099e+05  9.379502815875630e+05
  1.264309376516003e+09  3.097402275878333e+06  1.407984639814028e+06
  1.262532496742446e+09 -4.431208472296367e+06  9.853428440707086e+05
  1.260510617231050e+09  3.241754392100192e+06  7.453577923808952e+05
  1.264311194842268e+09 -3.115113891149651e+06  2.181837130827666e+06
  1.262687604179655e+09  7.285541410200885e+05  3.049627120864785e+05
  1.261813288860548e+09 -3.874368864748214e+06 -3.701119400367583e+06
  1.262788481175381e+09 -1.843037877271660e+06 -3.080950644502787e+06
  1.261294074193755e+09  1.779167335212952e+06 -9.426578139951270e+05
  1.261727991368962e+09 -3.660741550994821e+06 -1.224623038876149e+06
  1.263684431878879e+09 -9.345403021520915e+05  1.489608655988829e+06
  1.265930387050397e+09  8.618087109659045e+05  1.747258589332724e+06
  1.264419617451907e+09 -1.686140436914861e+06  9.740093982343596e+05
  1.264438655618789e+09 -2.820975258246090e+06 -7.792179293137533e+05
  1.265125662503246e+09 -2.059851631335122e+06  1.230794309395008e+06
  1.261948691410087e+09  2.047437346627075e+06  5.229278061778687e+06
  1.262088926859785e+09  6.065788750377190e+05  4.767732766320664e+06
  1.262499747336824e+09  5.335508944450459e+04  1.540120826259700e+06
  1.263870292814588e+09 -1.105824051014984e+06 -1.019698528940400e+06
  1.262911962448174e+09  3.021491779776325e+06 -2.417981827937476e+06
  1.259619703286253e+09 -3.589215452986513e+06 -8.710302875085929e+05
  1.262578367244247e+09 -2.412068854624553e+05 -2.709915978730428e+05
  1.261030615036880e+09 -1.585695534477147e+06 -1.309337389000362e+06
  1.261149242749185e+09 -2.538813360926870e+06 -1.073629951664118e+06
  1.264641410823264e+09 -3.904127703899151e+05 -5.257327908156797e+05
  1.265215027326112e+09 -2.873224919080309e+06  7.615099630931611e+05
  1.263521535775834e+09 -8.839522454615384e+05 -3.610068352052322e+05
  1.264415772550469e+09 -7.508792790425543e+05 -4.843752079673102e+05
  1.263367366029101e+09 -8.765506799755835e+05 -2.414150604782073e+06
  1.263972920157763e+09 -2.824854120792985e+06 -2.230649582697891e+06
  1.264217760471295e+09 -1.951066457537345e+05  1.111837858884847e+06
  1.261888403017577e+09  2.801004788980810e+05  1.949435376075315e+06
  1.260157317022041e+09  8.256981212635180e+05  1.733237934647445e+06
  1.264472620067874e+09  1.053123683165208e+06  4.770473420494707e+06
  1.265610936060838e+09 -1.110344381280952e+06  3.945994741825592e+06
  1.263175208387892e+09  9.060191094714442e+05 -8.708196910238026e+05
  1.263726233108157e+09 -3.649872542623877e+06  1.060909609290555e+06
  1.267802352805811e+09 -3.694907188506672e+06  3.823693790107976e+06
  1.263897302720158e+09  1.140880406579344e+05  1.672023940356490e+05
  1.261312543097867e+09 -2.175542035431818e+06 -3.819682566631139e+06
  1.262930725185165e+09 -1.416577891117585e+06 -4.643829809582993e+06
  1.263378372754953e+09 -1.575513803564151e+06 -2.537880249243491e+06
  1.263436599026475e+09 -3.269175907236601e+05  1.857127665482884e+06
  1.264965857333798e+09 -2.553494311365050e+05  3.152858088225485e+06
  1.267267456883301e+09  1.105781321961730e+06  3.978210495645185e+06
  1.262124877580016e+09 -3.745296682280489e+06  1.524284320039044e+06
  1.263432345588082e+09  1.461548679384479e+06 -1.056889245291304e+06
  1.263523295172877e+09 -1.569466116733868e+06 -1.338349593573987e+05
  1.266452993998956e+09  9.502419113399313e+05  6.883240807521273e+05
  1.262594512860658e+09  1.663927120171963e+06  4.087967216422455e+05
  1.261430370133018e+09 -1.390918523940010e+06  4.003763598494780e+05
  1.262378158992483e+09 -9.150329425824129e+05 -5.401757533134618e+05
  1.261391969033395e+09 -1.883588633891345e+06 -2.071827755538981e+06
  1.260898121311230e+09 -4.146510222652739e+06 -2.682868670103439e+06
  1.263699726805129e+09 -8.721267654058973e+05 -1.119816798291280e+06
  1.259917441704801e+09  5.749058370578388e+05  9.354962204209903e+04
  1.262282645554860e+09 -4.937255602454960e+05 -4.170501617576818e+05
  1.263445464582463e+09 -5.487995213293828e+05  4.358452716770251e+05
  1.261721204389583e+09 -5.979262029581533e+05  2.862486546565974e+06
  1.265466985417809e+09  1.555470279500231e+06  3.858710022231232e+05
  1.259309158228803e+09  1.481430793061037e+06 -1.409381348919898e+06
  1.265617174182099e+09 -3.285996166624487e+06 -5.456598731749959e+05
  1.263205991664547e+09  1.607129465109906e+06 -7.439034537603650e+05
  1.261576942848686e+09 -1.817064147127402e+06 -2.469203715949775e+06
  1.260608622462526e+09  3.155679031337379e+06 -4.074074260736754e+06
  1.263798391426871e+09 -2.645380988242138e+06 -4.304272768974603e+06
  1.263714362763042e+09  1.318696618401222e+06 -1.659699493154975e+06
  1.263477820590909e+09 -8.720329862484105e+05  4.978047259992047e+05
  1.264876877371676e+09  4.889872168177305e+05  5.571920712553381e+05
  1.261798558245615e+09 -1.006608617175669e+06  1.837963988254443e+06
  1.261665488184925e+09  2.870004996129557e+05  2.886270444135409e+06
  1.264412438171890e+09  3.148596306290098e+06  1.276651741217342e+05
  1.263652310863259e+09 -9.351165880060523e+04 -1.451630929879081e+06
  1.262758373412811e+09  2.281854853553766e+04  1.437091043005144e+06
  1.263469464388869e+09  5.671096062207245e+05  1.153428740910005e+06
  1.265543286987488e+09  3.253771764038639e+06 -8.703618849559748e+05
  1.261761286729168e+09  8.772203976377067e+05 -1.348983007312559e+06
  1.263286673864105e+09  1.750163165500035e+05 -1.104016780407401e+05
  1.261219317056246e+09  1.271572398918947e+06 -6.055496432553241e+05
  1.262032023671997e+09 -9.782095632903615e+05 -1.035649758000330e+06
  1.260486442146385e+09  1.237530107620372e+06 -2.787577532577565e+05
  1.262347949192366e+09 -3.522395801952173e+06 -1.467241663664463e+06
  1.258768336090195e+09  1.643371276136067e+06 -2.512465886054102e+06
  1.261960272760445e+09  7.149800304908142e+04 -3.608389603645193e+05
  1.261038045859157e+09  2.689709191774853e+05  2.057097899872019e+06
  1.260572810164096e+09 -3.385989355606863e+05  2.945737218197566e+06
  1.264183521642704e+09  6.862883670849185e+05  4.232108509707433e+06
  1.260654388668151e+09  4.023601099440164e+06  2.453927027122712e+06
  1.262357137369611e+09  6.562899174521284e+05 -4.424564050677337e+05
  1.263621181089786e+09  1.497637100794542e+05  6.992521552476923e+05
  1.264808079262506e+09  4.939820671015261e+05 -1.315658519744850e+06
  1.263873264630662e+09  1.430931544123428e+06 -1.039968157712115e+06
  1.263190301703135e+09  3.916447508494955e+05 -1.329749173340972e+06
  1.259985239755107e+09  2.343456369642890e+06 -3.970910327968943e+05
  1.261490978311257e+09  1.658949889091812e+06  1.589288532506622e+06
  1.260185754696188e+09  4.316867220560753e+05  2.631793488924014e+06
  1.262303508141059e+09 -3.794381103572149e+06  1.632614456743079e+06
  1.259750228440669e+09  1.230672854896931e+06  1.152269996719230e+06
  1.257927801112353e+09  1.638946113614589e+05  7.374400253698942e+05
  1.266050064599324e+09  2.285293509403221e+05 -1.443037668942729e+06
  1.262634520100179e+09 -8.068607317157984e+05 -1.335921942366753e+06
  1.263489890956194e+09 -6.877692860775795e+05  1.250363752419761e+04
  1.261319885163269e+09 -9.862253281982879e+05 -7.276025823626751e+05
  1.261470853126650e+09  2.300087180809643e+06 -2.116905613241252e+06
  1.258978625726764e+09  8.886023603080360e+05 -2.267568116787210e+06
  1.262006385315037e+09  1.485881789925227e+06 -1.816721970458167e+06
  1.262499551614897e+09 -2.187476645492232e+06  1.552094451886149e+06
  1.265836309442124e+09 -2.290719292396617e+06  5.946907009974160e+05
  1.268515804867560e+09  4.983737116062971e+05  3.175774823329600e+05
  1.262407885783094e+09  2.759069622462903e+05  1.013289333926478e+05
  1.261241524170191e+09  2.001741775328674e+06 -1.345611817896556e+06
  1.263111411665796e+09  2.028530931285281e+06 -1.339170192696541e+06
  1.264634520267095e+09 -4.471681695581525e+06 -7.756236705778136e+04
  1.259832497991243e+09  3.405538467568252e+06  1.045868437104944e+06
  1.264009818998009e+09  3.687778035080051e+05  2.391448155789854e+06
  1.262811801071795e+09  6.714817819518941e+05  1.637691007416544e+06
  1.261856644056628e+09 -3.769051645528096e+05  5.027912153663785e+05
  1.264978486538793e+09  2.476411051678043e+06  1.748246983836484e+06
  1.264710836902573e+09 -1.021284115380003e+06  1.877499551797872e+06
  1.259140901040984e+09 -9.222105753096897e+05  1.920329061086485e+06
  1.265599431286988e+09 -9.714287376263456e+05  3.411527411324914e+06
  1.263819945942252e+09  2.672408744050810e+06  2.920779152405276e+06
  1.262077595977004e+09  2.723820216565911e+06  1.183226506150288e+06
  1.263449230397168e+09  7.524196006165072e+04  2.527445839101611e+06
  1.262332147485839e+09  2.282341192710295e+06  4.089035205231684e+06
  1.262430490799870e+09 -7.306939328728085e+05  2.024130310049532e+06
  1.262869284411571e+09 -7.840011957344703e+05 -2.426654260586273e+06
  1.259364095634903e+09 -2.938662163739671e+05 -2.206376817635982e+06
  1.265431216301904e+09 -9.734065895092068e+05 -2.144122314726509e+05
  1.266622662007812e+09  1.202625269103272e+06 -7.785627065459822e+05
  1.262378251580776e+09  2.478102137659569e+06  3.874598001104646e+05
  1.263265309923650e+09  1.358037091838985e+06  1.521602956583002e+06
  1.262542708457083e+09 -1.174026066042484e+06  1.039738551291652e+06
  1.260996521499549e+09 -1.697245341444906e+06  1.029905488121813e+06
  1.260805707263376e+09 -2.242528784444508e+06 -1.347345014723729e+06
  1.262874865223380e+09  3.497590443380813e+05 -3.084093955529698e+06
  1.261801817995415e+09 -1.678990568379921e+06 -1.460053099227885e+05
  1.259355792562932e+09  4.543155372543245e+05  1.530992131932892e+06
  1.260540894162718e+09 -9.405581980534538e+04 -4.482702481557486e+06
  1.264487404247257e+09  5.253685909705560e+05 -4.066315922937089e+06
  1.263869279895930e+09  5.173965046097275e+06 -2.907177238143590e+06
  1.260339516177026e+09  3.934610699292518e+05 -2.427007508679879e+06
  1.262390410036430e+09  1.631258235482649e+06  8.138681586350047e+04
  1.261407080372320e+09  7.700537712037833e+05  2.482697022916729e+06
  1.262452640827629e+09 -3.887602195555959e+06  3.266600379642354e+06
  1.264446456394036e+09 -9.274263789434413e+05  3.825041186440070e+06
  1.265798213537998e+09  2.627687488000226e+06  2.520264165287845e+06
  1.265380406066567e+09  2.159752334255585e+06 -1.057169361355223e+06
  1.260950481955926e+09 -1.097221716232800e+06 -4.438240211731045e+06
  1.265287074461651e+09 -2.452768105049740e+06 -5.918382933218337e+06
  1.266564104945164e+09 -2.918927372043971e+06 -4.233047956773709e+06
  1.261529354233116e+09 -2.568748239559514e+06 -9.538720734274043e+05
  1.262120965434475e+09 -1.501778747479885e+06  8.868231797881748e+05
  1.261926677554870e+09  7.962380861968832e+05 -1.191083757361172e+06
  1.264063774119756e+09  1.428205792207477e+05  1.625940828570774e+06
  1.263270357842613e+09  3.552588117678316e+05  3.000493623150107e+06
  1.263168176774685e+09  6.103043719358270e+06  1.608344860088753e+05
  1.262131875829692e+09  1.931919537177010e+06 -4.027263573236802e+06
  1.265089496982424e+09  1.967843408311414e+06 -2.484850705887786e+06
  1.260362727141448e+09  1.008840071570891e+06  1.023050841790402e+05
  1.264695524380436e+09 -1.631598009861174e+06 -1.199421848414595e+06
  1.263133959113565e+09 -7.212704404397747e+05 -1.087305872783310e+06
  1.264973932044425e+09 -1.518197306255469e+05  3.887813415042930e+05
  1.265963521308714e+09  1.257808295825945e+06  2.601947109669580e+05
  1.260000430927330e+09 -6.190242964196252e+05  6.271693256960390e+05
  1.260107166490017e+09 -4.301379981472899e+06 -1.349645177445193e+05
  1.262175636279385e+09 -1.715794870093053e+06 -8.708236023354249e+05
  1.265869995078322e+09 -2.978788616186375e+06 -6.934474132551511e+05
  1.262985101629100e+09 -1.275658924835525e+06 -1.760156942458744e+05
  1.261003888548876e+09  2.826021496694176e+06  6.516020896195916e+05
  1.262537080350617e+09  2.481349575330937e+06  1.247921886597316e+06
  1.262429813986669e+09  2.011750615379148e+06 -1.064469887325158e+06
  1.262438329466750e+09  3.801016951247256e+06 -1.171347864841455e+06
  1.261986413851539e+09  1.376963062325631e+06 -1.824080313692374e+06
  1.263751674232743e+09  3.376873476333360e+05 -5.577195649598263e+06
  1.263509379056767e+09 -4.495022731798682e+05 -4.431160855353777e+06
  1.263679995406383e+09  2.466692653678174e+06  9.683258710676036e+05
  1.264148582313576e+09 -2.959046278314160e+05  2.274566607579225e+06
  1.263833434248895e+09 -2.853373499003722e+06  2.126498520507127e+06
  1.262053280824220e+09 -3.680418665116573e+05  3.385565503192584e+06
  1.259701680952973e+09  5.455761907053775e+05  3.017600481931612e+06
  1.266197079942475e+09 -3.782225659510074e+06 -6.587970175652115e+05
  1.263321817038368e+09 -1.147202482974000e+06 -5.652803267669912e+06
  1.258457439077152e+09 -4.694381021346890e+05 -5.460427720591384e+06
  1.260741633141671e+09 -7.855474064493570e+05 -1.033427331845531e+06
  1.262140930398483e+09  4.003270618669864e+06  1.704376329902910e+06
  1.265889808568509e+09  3.326074071292142e+06  2.769411832409375e+06
  1.263576468407603e+09  2.161802114552212e+06  3.419674350580792e+06
  1.263931022327141e+09  1.509856318332462e+06  2.920746391240833e+06
  1.260357466078912e+09  9.251378233792479e+05  5.857119851881890e+05
  1.265106629099365e+09  2.419140517741260e+05 -1.552890128839061e+06
  1.261172946758931e+09 -3.357706037424528e+06 -2.413126983832031e+06
  1.260180229940808e+09  1.178541799939299e+06 -2.919505037017609e+06
  1.262660941928445e+09 -9.509753933235568e+05 -1.551210115685812e+05
  1.260295117379351e+09 -2.198614142748404e+06  1.407693172657817e+06
  1.262131850186879e+09 -1.905839166650275e+05 -9.480596142081236e+05
  1.260706522297500e+09  2.286733800846587e+06 -8.732159136789019e+05
  1.264143329696399e+09 -2.398204611886932e+06  6.404056500052249e+05
  1.263122946541883e+09 -1.630974831945629e+06  7.931951775317346e+05
  1.259393425684601e+09  1.399770338781379e+06 -4.202698376326297e+05
  1.262001772684795e+09  8.269327494271311e+05 -4.880684536737549e+05
  1.264058089563487e+09  2.409962295144689e+06  1.348152502098941e+06
  1.263637892122124e+09  3.459351009920408e+06  4.419496250307553e+05
  1.264732620418883e+09  8.120080825565214e+05 -3.207014588300511e+04
  1.266552733564522e+09  2.255605646989262e+05 -1.364842004059711e+06
  1.265768569796265e+09  2.485394173415573e+06 -1.385814554013349e+05
  1.267709654828214e+09  9.125427887095634e+05  6.290558188720312e+05
  1.266331985222242e+09 -3.606967978094301e+06  4.440562807835684e+05
  1.261784700960377e+09  1.103238476246380e+05  2.988920176785003e+06
  1.265335434999089e+09  2.198430434964175e+06  2.410179492868579e+06
  1.261739546601615e+09  6.614879400247544e+05 -1.355544442533641e+06
  1.261764936647899e+09  2.210538361108344e+06 -1.901657739117932e+06
  1.262520356861872e+09  2.599274875397038e+06 -8.542780644560605e+04
  1.263551959025262e+09 -7.685201529375608e+05  1.037534620573294e+06
  1.263645472759125e+09 -1.465989154678556e+06  2.363462014729258e+06
  1.262726014008050e+09  7.220760164349035e+05  2.315076350185472e+06
  1.263969897540238e+09  1.678922590274187e+06  1.581057350850900e+06
  1.265320220706885e+09  7.161085242703514e+05  1.064093329220084e+06
  1.264048750044479e+09  3.054720157769785e+06 -1.924809834101286e+05
  1.266385164787141e+09 -1.004020009612532e+06  3.447329600153901e+05
  1.259247629662246e+09 -1.089611200162360e+06  3.075970601789949e+06
  1.262963631852683e+09  1.854507918208205e+06  5.226564904930780e+06
  1.262421060431257e+09  1.045283400278403e+06  3.261326638305943e+06
  1.264715010772675e+09 -1.389982941817455e+06  5.394797219776544e+05
  1.260428181189418e+09  1.015385983815622e+06 -8.541546879078975e+04
  1.263922197076624e+09  3.679501193875849e+06 -5.530531084004515e+05
  1.264113972578846e+09  1.005000841207921e+06 -1.800470288443542e+06
  1.262466774033892e+09  2.491868990354685e+06 -1.667988932033449e+06
  1.263035342038937e+09  2.417285848726975e+05 -9.639699890039420e+05
  1.265284412177261e+09 -4.190307747588042e+05 -1.968743001557983e+06
  1.263986231760070e+09  1.409909146489509e+05 -2.416192220967267e+06
  1.263315608310404e+09  1.969036090181802e+05 -1.582260135352068e+06
  1.265899420362946e+09 -5.440661585439125e+04 -1.443374380375664e+05
  1.264015572958809e+09 -4.241569214059752e+05  3.956984418625905e+05
  1.264461998516525e+09  3.038855896107317e+06  1.701889327824165e+06
  1.261199528918499e+09 -2.710904047081494e+06  2.364920105594092e+06
  1.262356276179548e+09 -2.234496897109216e+06 -1.547426240489578e+06
  1.262031683071990e+09  1.057020884555321e+06 -3.463055914763030e+06
  1.265683292958297e+09  9.508763647071230e+05 -5.457906137855662e+05
  1.263354788389238e+09 -1.546236907170139e+06  2.046263850067025e+06
  1.265546799904581e+09 -6.890619622185553e+04  2.920832207727969e+06
  1.262898021132723e+09 -4.070004043954634e+04  3.469909825552725e+06
  1.262389711863799e+09 -2.713807885152123e+06  2.345113866989482e+06
  1.263167360656748e+09 -1.608604753311601e+05  1.082231035905119e+06
  1.263416050553408e+09  4.864081430871403e+05  7.854877089708985e+05
  1.261057810631784e+09 -3.853259769703956e+06  9.323663457026728e+05
  1.260016434137270e+09  9.884633127631142e+05  7.390305184072295e+05
  1.262779835328430e+09  1.422204738093767e+06 -9.117155680009099e+05
  1.262286484952359e+09 -1.972250232773735e+06 -3.118149068218008e+06
  1.259506695591392e+09 -1.694891444608653e+06 -2.239931972630298e+06
  1.262105298969766e+09  1.266922007464238e+06 -3.375138940157063e+04
  1.264005405893301e+09 -2.441692729671047e+06  1.499171336496391e+04
  1.264767868261987e+09 -1.602680585411489e+06  2.146071456461365e+06
  1.260590891197267e+09  1.602420620101708e+06  2.408314825803588e+06
  1.263605250159350e+09 -4.979896171355032e+04  2.652702469640117e+05
  1.265512416223394e+09 -1.737630855276264e+06 -3.219551606847207e+05
  1.263814148442993e+09 -2.516804595303518e+05  6.120729342968593e+04
  1.263818244934492e+09 -2.067372001427205e+06  1.353833928185910e+06
  1.259632284170737e+09 -5.214416841540273e+06  1.827908907760882e+06
  1.260297611492888e+09 -2.108720013702281e+06  1.500999588944811e+06
  1.264246334323578e+09  1.187581068194238e+06  3.529850780169702e+06
  1.263122802837877e+09 -4.480874454221232e+06  3.955994450606357e+06
  1.265136671600338e+09  3.272373488872619e+05  2.909446958823647e+06
  1.261656344655894e+09  2.272199894278982e+06  3.147858480538848e+06
  1.262974470928950e+09 -1.997234337933413e+06  8.507894690280360e+05
  1.261680136070668e+09  1.033012398620453e+05 -5.032441035247260e+05
  1.265200456360729e+09 -5.476213864116042e+05 -7.997883392291625e+05
  1.265285407044858e+09 -2.438826431257154e+06  1.941550275275750e+06
  1.266920434629037e+09  6.896121918012386e+05  1.456532614938210e+06
  1.262564458216327e+09  4.867450585059425e+05 -1.508433584330821e+06
  1.264164804594769e+09 -2.637317438896392e+06 -5.318664252238440e+05
  1.261304753270384e+09 -2.441962016059189e+06  8.560813691894289e+05
  1.264249471413971e+09  1.798536238954806e+05 -3.107564420151319e+05
  1.260640182070392e+09 -2.309822244686194e+06  5.944296133958513e+04
  1.263055174842508e+09 -2.518431573600583e+06  1.592367031787793e+06
  1.263499060311439e+09 -2.445311555398677e+06  1.275831609272894e+05
  1.260290255913538e+09 -2.241146263295558e+05 -1.085273586562007e+06
  1.263904019230641e+09 -2.241620340523440e+05  1.754466534319359e+06
  1.262933206228554e+09 -1.131555182261500e+06  3.771864671653163e+06
  1.262810689679821e+09  1.619603587891168e+06  1.713569547728230e+06
  1.266847576018322e+09 -1.834837164020520e+06 -7.289052975312362e+05
  1.264860166288036e+09  5.219973227722388e+05 -1.580086036631361e+06
  1.264274478158350e+09 -8.914734508221345e+05 -2.652151785175710e+06
  1.261186376683495e+09 -2.173731400959712e+06 -2.052296867374541e+06
  1.262455243557240e+09 -6.867094480230599e+05 -2.500626345804038e+05
  1.264759189156957e+09 -1.428168694705146e+06  1.279922485039516e+06
  1.266626887830127e+09 -3.144128385949420e+06  3.347252696374766e+06
  1.261284368235943e+09 -4.893036637733969e+06  2.153199197349248e+06
  1.260808045685611e+09  3.856874946491579e+05  4.495117286332030e+05
  1.264311483678307e+09 -5.456694621625836e+05  1.203833873909893e+06
  1.267121223691527e+09 -4.940823129559754e+04  7.238904343184255e+05
  1.263439129506120e+09 -2.582771616008439e+06 -1.321164762314163e+06
  1.262892432830829e+09  5.865058175250695e+05 -1.990005904727669e+06
  1.267170772896383e+09  1.242516371023308e+06 -1.022090300627432e+06
  1.264974549079671e+09 -1.890502056215761e+06  4.180516270330525e+05
  1.261385164088707e+09  5.003531579524431e+05  2.388955135600250e+06
  1.261745642290658e+09 -2.012688436658489e+06  2.541412528782316e+06
  1.264383168336888e+09 -8.937176593828263e+05 -4.246007092456589e+04
  1.263917561220141e+09 -1.645312291836260e+06  1.425242364480007e+06
  1.265455001310678e+09 -9.988502382634243e+04  1.110611605401530e+06
  1.267364984226445e+09 -1.582024102148363e+06 -5.841745930841663e+05
  1.262475916301825e+09 -2.056804902187758e+06 -2.146938529038164e+06
  1.262259566729756e+09  4.339613341700169e+04 -8.674133703986119e+05
  1.262546602784646e+09 -3.186457962253322e+06  1.349114829076271e+06
  1.266166661391192e+09  9.805252976957993e+05  4.114859355223989e+06
  1.261986171101777e+09  1.740114556423107e+06  6.130201809052499e+06
  1.262556844956727e+09 -1.305250940577889e+06  4.643528870965112e+06
  1.262805624104393e+09 -2.400929087050474e+06  3.817317207673683e+05
  1.261926573966274e+09  2.066483528408484e+06 -5.564796988748187e+06
  1.258885332662840e+09 -5.119990093032433e+05 -6.851589788896437e+06
  1.262780535648860e+09  9.418728079360990e+05 -4.950417058200784e+06
  1.262148235333322e+09  1.726826080876623e+05 -3.486239825835091e+06
  1.262672575745907e+09 -6.284458452536687e+05 -4.191110401182044e+05
  1.264047601209098e+09  9.144605996896942e+05  1.310825719590876e+06
  1.260890509856704e+09 -1.050013291352086e+06 -6.248184521091746e+05
  1.264255383984792e+09 -1.956240728047319e+05 -1.254161590608038e+06
  1.260788830549408e+09  1.852637470500696e+05 -5.837973305580391e+05
  1.263032988277140e+09  7.875688350919739e+04  4.707506823208206e+04
  1.259090030265021e+09  1.814594439936629e+06 -5.212118947393347e+04
  1.262160304211099e+09  2.803168994315623e+05  2.502335188410800e+05
  1.263082027534873e+09  6.180544771348916e+05  5.024592800733200e+05
  1.265219859601027e+09  7.780351698266449e+05 -1.078399245679483e+06
  1.264935986440416e+09 -1.475433809963332e+06 -1.754801808338315e+06
  1.262298725543621e+09 -2.219039699453801e+06  9.314465959276976e+05
  1.265695572889955e+09  4.702516731494907e+05  1.996576291690639e+06
  1.260151686342469e+09 -9.682969201801933e+05  6.968907600308576e+05
  1.259886465111485e+09  2.670952200373744e+06 -3.896842509250391e+05
  1.264239070621192e+09 -3.618184741066242e+04 -1.244263938275933e+06
  1.261250633648443e+09  6.060387422550223e+05 -4.137117576369558e+05
  1.263642076101642e+09  1.600270202048331e+06  3.312796142556263e+05
  1.264057600840365e+09 -7.084033846589704e+05 -1.262847402754840e+06
  1.266194713809324e+09 -4.552000869228963e+05  1.862082881261849e+06
  1.262782942626090e+09  2.827402137575133e+05  9.344589439419876e+05
  1.263817664703819e+09  3.233363176385583e+06 -1.213425954611304e+06
  1.264706556970338e+09  1.391352718156645e+06  1.649691294113066e+05
  1.259873165294070e+09  3.213785943250184e+06  1.581114109438586e+06
  1.260355714795818e+09  1.672577850818518e+06  7.412352150862507e+05
  1.263474947826207e+09 -2.901153604209954e+05  1.929774383926947e+06
  1.258607913349292e+09 -4.488238347628704e+05  4.590036798974482e+06
  1.261193088613583e+09 -2.983745825412291e+06  3.859459531928647e+06
  1.262450971435269e+09 -1.921671640466086e+06  9.052354676469478e+05
  1.262064635663290e+09 -1.732303706003410e+06 -1.423671958561926e+06
  1.264162538332336e+09  5.607909018207355e+05 -6.611208731897944e+05
  1.261846405886581e+09 -9.232143029681551e+05  1.822702947731513e+06
  1.262066496590059e+09 -3.498924387568961e+05  3.449785973682565e+05
  1.263948033993395e+09 -5.088777829936414e+03 -2.661090064629273e+06
  1.263777989950950e+09 -5.013891827963185e+05 -1.806206800125654e+06
  1.260427431688319e+09  6.408333326163740e+05  2.950577670947628e+05
  1.261424121985717e+09  5.321500456330983e+05  6.279316210051493e+05
  1.262917822798047e+09  2.096685893903842e+06  1.988332211549481e+06
  1.261101203304699e+09  1.265079494238942e+06  3.394134529782469e+06
  1.262462901939735e+09  4.462140488205036e+06  3.975802141665255e+05
  1.261994438079167e+09  3.111594816994462e+06 -3.673755559064977e+06
  1.261279959722822e+09  1.104108983672431e+06 -4.827295192818737e+06
  1.257280716000660e+09 -5.310887419143983e+04 -4.512233690072848e+06
  1.265410358193924e+09 -1.458835919038158e+06 -1.589434129163333e+06
  1.261913051770105e+09 -3.061441408915700e+06  2.476831976496350e+06
  1.265298667772645e+09 -3.791820186344247e+06  2.720358406726175e+06
  1.262546760191638e+09 -1.393231799788520e+06 -6.307953993281084e+05
  1.264492999919873e+09  3.185822512241885e+05 -3.387620776904488e+06
  1.261560871304402e+09 -1.575290798067980e+06 -3.510115538042228e+06
  1.262107811445373e+09 -4.728641261412156e+05 -3.231187360001872e+06
  1.261880886594748e+09  2.087317508697720e+06 -2.419079581008805e+06
  1.262308161554724e+09 -2.262436938669998e+05 -1.060033197952794e+06
  1.266311448228195e+09  8.772798211434805e+05  1.228265902509507e+06
  1.262894112330603e+09 -6.455764742297496e+05  2.832033530704908e+06
  1.263468103352612e+09 -2.730098980694102e+05  1.658612521697723e+06
  1.260868070925660e+09  1.326362192884927e+06 -5.689744965054771e+05
  1.264617151506104e+09  1.999114631697870e+06 -1.089611633224910e+06
  1.260871868615178e+09  2.404406980058880e+06 -2.788363757118552e+05
  1.263288245463814e+09  8.908136535743448e+05  1.249236489358249e+05
  1.261901067657202e+09  5.363613274925596e+05  3.316375761394035e+04
  1.263776793643240e+09 -2.536425581357739e+06  3.564819238124143e+05
  1.263791506935283e+09 -3.489097462725202e+06 -2.029060254336892e+05
  1.262847075299857e+09 -1.561304709139092e+06 -1.676703570716677e+05
  1.260711248223134e+09  2.047431526153128e+06  1.273331589397622e+06
  1.264493333026443e+09 -1.767468945586357e+06  5.496382778510009e+05
  1.262804043486393e+09  3.510371349111212e+05 -1.786218078609827e+06
  1.263446326894579e+09 -2.408239997930211e+06  1.003194469457943e+06
  1.262309704891674e+09  5.113972382224876e+06  1.081916996356543e+06
  1.262387355519348e+09 -3.307791575576194e+06 -7.260756298960642e+05
  1.262756514979770e+09 -1.753024297705360e+06 -7.591300858069865e+05
  1.264510104777400e+09 -2.674270096078608e+06  8.591068653665931e+05
  1.260210704774146e+09  7.111364439090126e+05  2.641124233595053e+06
  1.266371862533751e+09  2.743808144060719e+05  4.390353774663029e+06
  1.268067195646242e+09  6.942740323401403e+05  5.585075054068334e+06
  1.264899563216324e+09 -1.667323162393558e+05  3.388337276051610e+06
  1.263568068426362e+09 -1.858686358419417e+06 -5.654191508728233e+05
  1.264981217031258e+09  8.801914874948649e+05 -8.559652273174042e+05
  1.261469002251469e+09  1.520760360047621e+06 -3.553211724055563e+05
  1.263644970086206e+09 -2.290049491793217e+05 -1.221821081178131e+06
  1.264494478813473e+09  1.351973916608517e+05 -1.755285355081622e+06
  1.261219800423373e+09 -1.945354084538087e+06 -3.887959248183329e+06
  1.262528927188154e+09 -2.779788071447345e+06 -2.923789320885729e+06
  1.262069560559803e+09 -4.191841168929791e+06  2.256125416298318e+06
  1.263702434630076e+09  3.640985083227443e+06  5.611166262025090e+05
  1.262965678956191e+09 -2.866201814017908e+06 -3.356150836591503e+06
  1.261609534653795e+09 -2.215805831818442e+06 -2.597057158532910e+06
  1.265147264419706e+09 -8.889373847238260e+04  1.922257966629438e+05
  1.258738142319918e+09 -1.165175620239366e+06  1.697212268146591e+06
  1.262865729774421e+09 -3.127620978628960e+04  2.084455718014834e+06
  1.264606232842729e+09 -8.234977645763005e+05  8.188976114009173e+05
  1.265729673841504e+09  3.912902997182875e+05 -4.805838561284180e+05
  1.264895317714180e+09 -2.110539053636087e+06  7.490060366679047e+05
  1.259704995043063e+09  2.129827321729965e+06  1.274265718201508e+06
  1.263580063310946e+09  3.697044239826662e+05 -3.562201991343967e+05
  1.263421437422249e+09 -9.801445920118098e+05  2.116370319984800e+05
  1.262375858542164e+09 -1.244050415332809e+06  6.091934166850066e+05
  1.262316013281662e+09 -3.323361219338051e+06 -1.680628763531820e+06
  1.262025143884574e+09  1.677871202448353e+05 -9.808023765105121e+05
  1.263698807079537e+09 -3.268407364642732e+06  1.904644114398009e+06
  1.262853595482681e+09  4.920102745245873e+05  3.354069348373222e+06
  1.262367466321652e+09 -4.022160441466115e+05  2.130625813580039e+06
  1.262404681181791e+09 -9.745198352599883e+05 -1.565641037224826e+05
  1.266654462073850e+09 -1.490778517090614e+05 -2.694559530249773e+06
  1.262289665747921e+09 -4.121312497247524e+06 -4.344385827967575e+06
  1.262072164288254e+09  1.843163308838127e+06 -3.839635301694293e+06
  1.263227300650558e+09 -5.983974500802406e+05 -1.412146887715075e+06
  1.260639448009590e+09  4.343751515016154e+05  6.674782529571562e+04
  1.265499233908093e+09  8.291997358738973e+05 -6.313765653607401e+05
  1.260902853882264e+09  1.960576626043540e+06 -1.480249296788896e+06
  1.260781809160147e+09 -1.403253077728457e+06 -1.712392757180225e+05
  1.261801846969158e+09 -1.250769942774908e+05  4.911125442142556e+05
  1.265137270407592e+09 -2.786854555039122e+06 -1.106700605436238e+06
  1.265821738602533e+09 -2.240107897794788e+06 -1.341404461951848e+06
  1.260701953542582e+09  1.815679995298772e+06 -2.943743756512178e+05
  1.263541022786222e+09 -2.089581934339015e+06 -7.900111658649368e+04
  1.261581167175155e+09 -7.739518318999724e+05  2.362804733292005e+06
  1.262444484223670e+09  8.833347962964841e+05  2.797916538094634e+06
  1.263149680216854e+09  7.878506219109461e+05  2.630473711458293e+06
  1.262972969429189e+09 -1.147712639039657e+06  4.446424633516753e+06
  1.263401873123526e+09 -4.197125082335492e+06  3.182430735173883e+06
  1.264370144294280e+09 -3.755863757004414e+05 -3.216991184466940e+05
  1.262879066940305e+09 -1.296301731001414e+06 -1.364807135306765e+06
  1.262979695963896e+09 -1.879908486068737e+06 -1.754694419426049e+06
  1.264317529240159e+09  1.950163034101237e+06 -2.248910540607461e+05
  1.260656408139986e+09  7.024586947709373e+05  1.808136718843700e+06
  1.265346988528641e+09  2.919702200278846e+05  8.869667364590162e+05
  1.261348394747924e+09  1.246421627785705e+06 -6.213853448099578e+05
  1.262548757339877e+09 -1.236353197993047e+05 -2.386641757771367e+06
  1.260549066674695e+09 -4.654715495448777e+05 -3.259419951477591e+06
  1.263473223592512e+09 -5.402881611106801e+03 -2.070058029536281e+06
  1.266526937011056e+09 -6.545687447307098e+05 -2.964143093488324e+06
  1.265039330425399e+09  1.698851133536185e+06 -1.479501747463916e+06
  1.265150856287645e+09  3.379026370087419e+05 -2.957523141385508e+05
  1.262345825143241e+09  1.086934960591655e+06 -5.866326552507427e+05
  1.264090394417721e+09 -1.173995046745987e+06 -1.463691517651158e+06
  1.262931378460993e+09  1.560674566254751e+05 -7.048724602701759e+05
  1.261824406436283e+09 -4.923507548557652e+06 -2.176581078135645e+05
  1.260274193405864e+09 -2.972833344123543e+06 -2.494583649268263e+06
  1.259294946278875e+09 -3.488720705418766e+06 -3.027332025434264e+06
  1.261164989084631e+09 -7.042559549231408e+05 -1.201274559744455e+06
  1.260445601364071e+09 -1.147834780263930e+05 -9.934958600015232e+05
  1.264669426739829e+09  1.889889152672423e+06 -2.287965684855339e+06
  1.264462836913089e+09  6.241477758755684e+05 -1.502269905288161e+06
  1.259029476742050e+09  3.293638782340492e+06  6.407820397622865e+05
  1.262338325035821e+09 -9.351251718242518e+05  1.111291450873472e+06
  1.264381502233501e+09 -7.453307370024370e+05 -1.239002655850699e+06
  1.261522646338743e+09  1.678921022305247e+06 -2.388984902394538e+06
  1.267502680919509e+09  2.935824964382441e+06 -2.064380476558559e+06
  1.265390624261201e+09 -1.311780522140556e+06 -8.074899355660862e+05
  1.265619536640123e+09  4.760958764450698e+05  1.649548634419366e+06
  1.266510324970180e+09  1.078958516749530e+06  2.261041246360242e+06
  1.264166004983626e+09  1.644461130092122e+06  1.829836868251627e+04
  1.262880167619237e+09 -4.779386925540300e+06 -2.187909882380374e+05
  1.263402627872100e+09 -2.820576976460705e+06 -1.153206756127651e+05
  1.264322495299864e+09 -3.556386603657241e+06  7.667074291851310e+05
  1.261098344585847e+09 -2.269431241551248e+06  1.364942830527636e+06
  1.262743593663970e+09  1.916518719953144e+05  1.690435256644578e+05
  1.263948708675948e+09  3.567511059928308e+05  5.957045663811211e+05
  1.264609875753643e+09  4.443071709847474e+05 -1.560860161782539e+05
  1.262210466942278e+09  2.335874639034085e+06 -1.749354629793891e+06
  1.261632090953561e+09 -2.648691765590664e+06  3.332215529315872e+03
  1.265314094793614e+09  1.443589381615089e+06 -7.066604368315719e+04
  1.263043412131433e+09  3.049875259533588e+06 -5.063459577698206e+05
  1.267670440426779e+09  1.805530561843873e+06 -1.173559310713434e+06
  1.262130585909689e+09 -2.388183133627182e+06  7.779241718111935e+05
  1.263135941610349e+09 -9.039058923661113e+05  2.933400921322722e+06
  1.260813415324214e+09  2.783540458441982e+06  2.613301654077929e+06
  1.266954069586899e+09  9.504094629664775e+05  2.144479192855017e+06
  1.259408866014332e+09 -1.533194417784787e+05  2.806547142102067e+06
  1.264472798782389e+09 -4.407477164893885e+05  1.555318006721536e+06
  1.264245417785260e+09 -3.906438370515802e+06 -4.944785791430071e+05
  1.260780802303856e+09  7.868157564821140e+05 -1.481020453622535e+06
  1.262877160361608e+09  3.914122587296308e+05 -1.958092086900340e+06
  1.267124267059678e+09 -8.986099561232449e+05 -1.333263612611526e+06
  1.261023079478015e+09  1.166598169951245e+06 -1.254018737863330e+06
  1.263575514289649e+09  1.475807768402423e+06 -1.459230416892221e+06
  1.264359092067133e+09 -3.032558597798715e+06 -6.232268258122066e+05
  1.264828916933434e+09  2.481399308800252e+06  1.754864534419868e+05
  1.263787152470080e+09  7.644148464977456e+05 -1.801114305975409e+06
  1.261758881486836e+09  1.488428591984801e+06 -3.250470894445407e+05
  1.264377499817369e+09 -1.394911631767424e+06  1.997122409910113e+05
  1.261612738542420e+09 -1.720358369991600e+06 -1.007753604975703e+06
  1.264906744610193e+09  1.728585186515406e+06 -1.593886120415725e+06
  1.261873619549770e+09  1.176040759935152e+06  1.369628854221208e+06
  1.264990023010904e+09  3.745185324840609e+06  2.756491772922005e+06
  1.263390184057619e+09  2.167526610262390e+06 -1.845954157351394e+06
  1.262204243033104e+09 -4.685149920804532e+06 -3.107560057192646e+06
  1.264036388631823e+09  1.585044704719249e+06 -2.061819552473351e+05
  1.261701919783679e+09  1.029697513250996e+06  1.068297124014924e+06
  1.261028877591346e+09 -8.479011336561788e+05  3.553825727465388e+06
  1.261415176094507e+09  1.750105699845173e+06  3.758979749498891e+06
  1.261781718648809e+09  2.918848671272450e+06  3.791188862325492e+05
  1.262044972214911e+09 -1.356158853926314e+06 -1.285815250866120e+06
  1.259927097526113e+09  9.840702545925064e+05 -1.922531507922875e+06
  1.260825562590650e+09 -7.072130539853540e+05  8.045587744535231e+05
  1.265388643925652e+09  1.319435565702992e+06 -2.215546907157663e+06
  1.261753760234001e+09  2.851438931703955e+05 -2.947338444982149e+06
  1.259080100044408e+09 -6.670772864417654e+05 -5.354143518078246e+05
  1.262808450218935e+09 -3.176650237995199e+05 -4.222235668786700e+05
  1.266935593472010e+09 -1.015446035042283e+06 -1.627598017107523e+06
  1.262242240933383e+09  4.040663463623415e+06 -6.676291654007535e+05
  1.262581972306210e+09  3.062423206795890e+06  2.040177896469752e+05
  1.260866991596720e+09 -2.897041228681558e+06 -1.067523549042084e+06
  1.262123800883966e+09 -1.703829276010908e+06 -1.027547948163333e+06
  1.263769528656388e+09  1.231422513793304e+06  9.057893328501025e+05
  1.263253038624485e+09 -7.966842317142002e+05  2.222735121722169e+06
  1.266430476303022e+09  1.357729487222941e+06  1.728353248850100e+06
  1.261857091332355e+09  1.278273069588533e+06 -2.929915975035604e+05
  1.262764392043720e+09  1.023962159788601e+06 -1.349068051490760e+06
  1.262911397145238e+09 -1.126766792729095e+06  2.572644887300907e+05
  1.267513610680000e+09 -4.053637154599291e+05 -1.142886977419354e+06
  1.263584048574708e+09  1.051981191269750e+06 -6.903605096412760e+05
  1.269251780179498e+09  1.082976434925714e+06 -8.355415075043149e+04
  1.258452544979523e+09 -3.767244623501031e+05 -8.810848306998417e+05
  1.264596351236927e+09 -2.245239807893364e+06 -1.261035144690118e+06
  1.263199956078999e+09 -2.593567163463688e+06 -4.646856436135149e+05
  1.265759345219473e+09  1.539251861538648e+06 -3.692975558115157e+05
  1.259570090745230e+09  2.729139620751177e+06 -2.003289640075295e+06
  1.261572268739944e+09  1.229177665723782e+06 -3.120943947136277e+06
  1.263958543034065e+09 -1.151460908841132e+06 -2.596135904843238e+06
  1.263239146939967e+09  2.093159536708695e+06 -6.026259785737818e+05
  1.264610362807000e+09 -8.466638644984365e+05  9.525389488075622e+05
  1.265304932080163e+09 -1.597806153088417e+05  3.651051634362344e+05
  1.265872639739459e+09 -3.737269743616221e+06  1.899461023397812e+05
  1.266335936547993e+09  1.783620512184023e+06  4.554181083041721e+05
  1.264051759769368e+09 -1.450832888052225e+06 -2.667490049150723e+05
  1.263271312553003e+09 -1.833765062621154e+06  1.957699043015373e+05
  1.262038956997458e+09  1.736268768891314e+05  3.054919145547190e+06
  1.263925400047249e+09  8.707846017941681e+05  3.879061506007566e+06
  1.263592755395782e+09 -4.620866597012216e+05  3.354746385310683e+06
  1.265957972305108e+09 -3.134058109327036e+06  9.427521142407901e+05
  1.262616288423442e+09 -1.712285910621852e+06 -1.491762900393814e+06
  1.263495027267522e+09  2.787836263601875e+05 -4.406896650569256e+05
  1.265027645429329e+09  2.177706353710397e+06  1.405451321766074e+06
  1.267695931527788e+09  6.724892102919023e+05  3.181581007845815e+06
  1.263814751984851e+09 -6.531740580464712e+05  5.715303230113378e+06
  1.261557838552473e+09  4.541401971118394e+06  5.074755507568680e+06
  1.263748348903929e+09  1.246275082025595e+06  5.279337442023100e+05
  1.267895969689085e+09 -4.465143746990354e+05 -2.935619375353454e+06
  1.261190776055139e+09 -3.772418060605792e+06 -4.282438083629867e+06
  1.262976909587192e+09  3.027821998577921e+05 -4.312494447730887e+06
  1.263782931729140e+09 -5.628692043091147e+05 -2.699036291092155e+06
  1.264557986642732e+09 -1.506749453381563e+06 -3.763805912039627e+05
  1.263428332506457e+09 -9.428503618019001e+05 -2.910806665807496e+06
  1.264631195566236e+09 -5.361124153748278e+05 -2.192241222948292e+06
  1.265538309480752e+09 -9.117701592583880e+04 -4.635987653820952e+05
  1.261786941363839e+09 -1.357280507706796e+06  6.897772227432054e+05
  1.262992942612824e+09 -1.194961774883295e+06  3.251350195803498e+05
  1.264499128189518e+09  1.508800225177269e+06 -1.454399530037879e+06
  1.262872054041082e+09  2.531365412400017e+05 -4.796957658745712e+05
  1.264039206259151e+09 -1.108092310903584e+06  7.121858928188290e+05
  1.263055597896795e+09 -2.400461809395580e+06 -1.154828135520985e+06
  1.260586221113715e+09  3.968811402415297e+06 -4.103229059250499e+05
  1.262350440906777e+09  1.983039972425926e+06  1.763218191394768e+06
  1.262043851818542e+09 -7.347665649545603e+05  9.264720478784504e+05
  1.264415920871834e+09 -7.082402017377604e+05  3.784615825881168e+05
  1.262236834494019e+09 -7.537999529951543e+05  1.543988647053231e+06
  1.264202434736282e+09 -4.433451834184337e+05  1.981194099401323e+06
  1.262304630559197e+09 -1.725365620843102e+05 -2.429009670611439e+06
  1.263286734669537e+09 -4.588360510412857e+05 -1.452898911215312e+06
  1.263048672305335e+09 -2.791896837952963e+06  1.158304729063746e+06
  1.261903034040979e+09  6.106147959293422e+05  2.049946623672280e+06
  1.259124548759819e+09  3.294985870123866e+05 -8.980288864466154e+05
  1.264814359436742e+09 -1.191219277257660e+06 -1.102029057329507e+05
  1.262763578776773e+09  1.409296087668911e+06  3.588502329788045e+06
  1.264785231089943e+09 -1.999045192693853e+06  3.674891895362281e+06
  1.264269534469206e+09  1.054402263425994e+06  1.325392225039428e+06
  1.263975905759982e+09 -1.481061651070720e+06 -1.512755282575014e+06
  1.264332068891013e+09  2.472713096744109e+06 -2.191594800863658e+06
  1.260881181575982e+09 -3.074308611481797e+05 -1.763060308325902e+05
  1.261242367329779e+09 -7.813605150858409e+05  9.693807985053034e+05
  1.264130898343328e+09 -1.457564364741934e+06 -4.899257875728903e+05
  1.260829812844741e+09 -1.552087633082923e+06 -3.920230415799679e+06
  1.265089963866060e+09  1.027230901230786e+05 -4.380033292429552e+06
  1.263495773199401e+09 -2.072407648292266e+06  1.027264309828059e+06
  1.265639202740420e+09 -1.225980882934596e+06 -3.160506055491441e+05
  1.262867898919765e+09 -3.763695871799868e+06 -4.733052445332428e+05
  1.264404331632877e+09  1.835797791710666e+06 -5.235021031992189e+05
  1.264840126421389e+09 -2.092221872365112e+06  1.828970254299379e+06
  1.260680800443093e+09 -8.820750448137412e+05  3.318382129645531e+06
  1.259445248229041e+09  1.131611463972740e+06  2.483458255992308e+06
  1.263160435739824e+09 -1.020045976958005e+06  3.641002967725190e+06
  1.260921174143141e+09  1.625552286916002e+06  4.086577362566538e+06
  1.262217341871332e+09 -1.471307458755986e+06  1.762105697353594e+06
  1.262718563347793e+09  2.635038387158217e+06  2.025269967845568e+06
  1.264641827620193e+09 -1.780227759446409e+06  2.231417380187299e+06
  1.261970713923325e+09  1.281669478190132e+06 -1.811308024472613e+05
  1.261582305986028e+09 -2.592813194285613e+06 -3.983267714915343e+05
  1.261470072861740e+09 -1.510579439364997e+06  9.704083458533258e+05
  1.262976587176435e+09  2.608776847118023e+06  2.052483754733089e+06
  1.261952065866620e+09 -3.379852906291094e+06  3.187595444775212e+06
  1.259338328542386e+09 -1.915405175449382e+06 -5.043991043016331e+05
  1.262536716452285e+09 -2.838532211279150e+06 -2.395963040057035e+06
  1.264446029675572e+09  2.206016639140529e+06 -1.029781776124688e+06
  1.262154023710192e+09 -5.081955774442063e+06  1.362867121726788e+06
  1.264771353486247e+09 -1.061676315595428e+06  1.374637055174984e+06
  1.262451320585627e+09  3.333389549098090e+06 -1.392110521255539e+06
  1.264100800727033e+09  2.792890604173134e+05 -3.234351176425173e+06
  1.260832123489763e+09  9.104019055899170e+05 -1.412403112855424e+06
  1.263190285389776e+09 -1.225139571693885e+06  4.442707593316654e+05
  1.262070758421459e+09  1.645700075411933e+06  4.392262701230695e+05
  1.264874756266689e+09 -2.567432830176346e+06 -4.772426523852756e+05
  1.263460769360571e+09  2.286642336348087e+05 -2.462571633182219e+06
  1.267710566139731e+09 -1.378835404293753e+06 -2.026154041808804e+06
  1.263986962071682e+09 -5.107077486780948e+05  1.305978875383939e+06
  1.261738457889604e+09  1.459016348664085e+06  4.085640341199259e+06
  1.262399685491769e+09 -1.552100381152407e+06  4.945108791838191e+05
  1.261100254899562e+09  2.054748814002958e+06  1.564961052666187e+06
  1.264440937528872e+09 -2.328397646730928e+06  2.973104717926188e+06
  1.261978560223457e+09  4.472738142040665e+05  3.668527949453072e+06
  1.266134078957611e+09 -5.294177994435420e+06  2.668171913428213e+06
  1.260502985774953e+09 -7.192387655531429e+04  4.642054775954525e+05
  1.263130836247017e+09  3.364250495155424e+06 -2.162184719537691e+06
  1.263043989845223e+09  1.013288626619052e+06 -1.456434906904557e+06
  1.263244089979199e+09  5.962529790291269e+05  2.314348654098964e+06
  1.261761264429276e+09 -1.421386444491075e+05  2.670898793608801e+06
  1.264739508222857e+09  2.579898232805014e+05  5.248486243889632e+04
  1.261973322664435e+09 -8.431593269725520e+05  9.267825546178408e+04
  1.261050558593337e+09 -1.052629371087344e+06  4.669312754664191e+05
  1.259391213455803e+09 -6.146980822422431e+04 -3.573958658469537e+05
  1.262465127388631e+09 -6.147545054952587e+05 -1.206022890301526e+05
  1.262801330285051e+09 -2.660578713092386e+06  3.932453794056138e+04
  1.263673225401000e+09  3.026849337270809e+05  1.858396006779638e+06
  1.263282154153785e+09  1.392645688380263e+05 -6.282595586923508e+05
  1.263882063999669e+09  4.359698450364153e+05 -6.903467928381371e+05
  1.262546942651784e+09 -4.069197157656110e+05  1.344229796997295e+06
  1.265269443728892e+09 -2.354644240288401e+04  3.194522313710625e+06
  1.262168323680312e+09  2.158523723027359e+06  4.063777764610089e+06
  1.265307133271345e+09 -4.882735047688196e+05  1.137318940785144e+06
  1.265527484604205e+09  2.694836483792110e+06 -1.837964248341938e+06
  1.263984670382257e+09  1.824592034664017e+05 -1.003351045151311e+06
  1.262665338608693e+09  4.373368881829277e+05 -7.945002165571584e+04
  1.264133229049310e+09 -8.873954908906322e+05 -1.081171103393652e+06
  1.262622762043201e+09 -4.138993761222918e+06 -1.116821425772487e+06
  1.264120353448379e+09  9.956258713609575e+05  8.147833027688735e+05
  1.264207468846464e+09  3.197397589587304e+05  2.113196669628139e+06
  1.261669129406059e+09 -9.436920056638016e+05  2.445450965794130e+06
  1.265054818205663e+09  2.016133920417353e+06  2.816893611680092e+06
  1.264490701367393e+09 -1.067040033611543e+06 -3.433151994332483e+05
  1.262711304307743e+09 -1.035057993674840e+06 -9.673675674164610e+05
  1.265266585952854e+09 -8.674217807152483e+05 -1.596093929437276e+06
  1.261621897064991e+09  1.443111219666845e+05  1.839117508239590e+05
  1.266331029657990e+09  3.289801349121352e+06  2.239146384313351e+06
  1.256353698686348e+09  3.831196339723631e+06  3.238001096209878e+06
  1.263426206997521e+09  1.616198055842449e+06  3.540392971237027e+06
  1.266293467867702e+09  2.615033222380389e+06  2.698577113256345e+06
  1.264854204942689e+09 -2.688129066193680e+05  1.573870725029937e+06
  1.262873415288477e+09 -6.918133980045086e+05  4.405030478165852e+05
  1.263162541648391e+09 -1.138019123649547e+06 -2.115423496436651e+05
  1.263246911886243e+09 -5.196573856977830e+05  9.907526421158740e+05
  1.261875147822915e+09  2.700423117921405e+06  2.581429046524260e+06
  1.263697250076823e+09 -1.699188933334241e+05  2.755380381944114e+06
  1.260839902330827e+09 -7.204738201757348e+05  3.338281507753732e+05
  1.261745620746213e+09  1.673523937807303e+06 -1.222042665385600e+06
  1.265210312909888e+09  9.347225602977596e+05  4.161071125557416e+05
  1.262523775891798e+09 -1.225248788891130e+06  8.680602130664755e+05
  1.262945177804826e+09 -1.902775602386625e+06  2.265330636933432e+06
  1.262855301612814e+09 -1.304302958925564e+05  3.168153674493176e+06
  1.265094120491008e+09  3.170839282481442e+06  3.152206330007104e+06
  1.263841479267179e+09  1.687162069475636e+06  2.957134082392314e+06
  1.259395759961340e+09  4.734509036008411e+05  5.784685924215993e+05
  1.261447113172799e+09  7.921472310398305e+05 -7.056874311666094e+05
  1.260146547265155e+09  1.218047832088768e+06  8.313543674475607e+05
  1.263016782255946e+09 -1.160685539076997e+06  1.871319372961505e+05
  1.262729882592833e+09 -9.357605640543721e+05 -1.093888995454257e+06
  1.261610325850804e+09 -8.115109576771563e+05 -1.610277504616101e+06
  1.263018391060748e+09  2.046631248236245e+06 -2.391354041800901e+06
  1.264297842634291e+09 -2.056092611312567e+06 -1.519026588038605e+06
  1.265776439050800e+09 -1.977763888516571e+06 -2.324885734003567e+05
  1.259786092799524e+09  5.282952028676528e+05  1.802470452833879e+05
  1.262462443276850e+09  4.145868630910768e+06 -2.409583806794455e+06
  1.263663748980233e+09  6.195680935079191e+04 -2.290284266689606e+06
  1.263681203018068e+09 -8.175423897328754e+05 -1.936510415448598e+06
  1.265317066785369e+09 -7.158560046445688e+05 -2.673006078698742e+06
  1.262818650008320e+09  7.666622129422525e+05 -2.995008706668683e+06
  1.263691779804385e+09  2.162833846644469e+06 -1.362789662474720e+06
  1.264312843800926e+09 -1.854617077043547e+06 -1.677933695665598e+04
  1.262150002445796e+09  5.264245678560274e+05  5.995585316748251e+04
  1.262329790884883e+09  1.611193059178964e+06 -5.609098972620666e+05
  1.264930312455207e+09 -3.879679808103735e+05  2.232724481360102e+05
  1.262528938482936e+09  4.865552213146701e+05  2.517049775291026e+06
  1.262506342696047e+09  4.370974858693627e+05  3.825800113739628e+06
  1.259714574683887e+09  1.933224730765831e+06  1.548202831653329e+06
  1.263862040705867e+09 -2.645032737406503e+06 -1.238857807871302e+06
  1.261339873353800e+09 -1.696053962682449e+06 -1.392941547152647e+06
  1.262260730356015e+09  1.013180761086082e+06 -1.790571702649213e+06
  1.264988310506536e+09  3.218471716279732e+06 -7.933286914679350e+04
  1.264836407352966e+09  1.203359082064684e+06  1.156454237854293e+06
  1.264890993651584e+09  1.239755980801316e+06  1.620593980271323e+06
  1.265951733993143e+09 -1.406721915802110e+06  1.440539707150945e+06
  1.261932131245330e+09 -4.493058921813568e+05  1.045759471300035e+06
  1.261647671514395e+09  2.307431831555259e+06  7.156844507788399e+05
  1.262841175389688e+09  9.330604860706488e+03 -2.172248328907943e+06
  1.257730397017135e+09  1.409285525111944e+05 -4.458122287312352e+06
  1.260043782408813e+09 -2.931152963690306e+05 -1.475858200188484e+06
  1.261897066861699e+09  6.729735867315996e+04 -1.723375732844457e+05
  1.263708591286778e+09  3.109028640868543e+06 -1.790671911256095e+06
  1.266331879855177e+09  1.626485086850722e+06 -1.923120830591151e+06
  1.262047021601149e+09  4.021827258571466e+06 -2.313048833316672e+06
  1.261131810480232e+09 -2.332771674874255e+06 -3.401756502793471e+06
  1.260003145462022e+09  2.032644226458870e+05 -2.667824468368390e+06
  1.262096214495784e+09  8.576469382561690e+05 -1.189972361416829e+06
  1.262870017843346e+09  1.143416123390084e+06  4.339808718981855e+06
  1.264846497242772e+09  6.421050363241334e+04  2.907257248504897e+06
  1.265727317437886e+09 -1.456854798080443e+05  8.290231524926519e+05
  1.264464260568067e+09 -1.996105901415613e+06  1.591475542188763e+06
  1.264095788538601e+09 -1.614303583414333e+06  1.276197016825833e+06
  1.262026845322455e+09 -1.176971445300420e+06  7.837604310693822e+05
  1.264303900506107e+09  1.367223498459031e+06 -4.252351131903033e+05
  1.261829537245536e+09 -3.588150897051483e+05 -1.800103093638394e+06
  1.265842574801521e+09 -1.280392440223740e+06 -1.025538485046091e+06
  1.261622973000612e+09 -1.598898292031772e+06  6.510065349128104e+05
  1.262993714941884e+09  5.152783773851607e+06  2.307889257776928e+06
  1.264435505385609e+09  1.199448539190235e+06  9.639771304192087e+05
  1.263670601138443e+09  4.904419975659361e+06 -3.033746480057410e+06
  1.263898331433424e+09 -1.829355805173604e+06 -5.013461832559559e+06
  1.262214950783277e+09  7.111295466717781e+04 -2.427882909650838e+06
  1.265177327196559e+09 -6.319275902404373e+05  1.756603197234490e+06
  1.260112019041353e+09  5.318489351354742e+05 -1.237036180388460e+06
  1.266823592669581e+09 -1.357628069108663e+06 -6.042673905293206e+05
  1.262385778981940e+09 -9.705559823701938e+05 -6.875011734457512e+03
  1.260961359515215e+09 -2.280977612687446e+06 -1.342308438378004e+06
  1.260880944817837e+09 -1.558414389278549e+06 -1.478387862319299e+06
  1.267459055113547e+09 -2.203800742508705e+06 -7.669246610549428e+05
  1.259011922706429e+09  1.031673803878190e+05  1.224744395153272e+05
  1.265511707989505e+09  7.192471272439338e+05 -8.493374406242062e+04
  1.264223376911602e+09  6.969263240741014e+05 -1.135851933363330e+06
  1.261549465351589e+09 -1.760860918442945e+06 -1.561349783751571e+06
  1.262209085468561e+09  4.546963533221208e+06 -4.402983568273818e+05
  1.266403246153706e+09  2.365497806803969e+06  1.019768219053227e+06
  1.262089353821856e+09  3.191997328968027e+06  4.079141173868926e+05
  1.263601160938272e+09 -1.703446568789568e+05  1.199339014299854e+05
  1.264089515622633e+09 -1.003667397794995e+06  2.537298348419671e+06
  1.266135627669807e+09 -1.884243926476712e+06  1.989319457982075e+06
  1.263348445514987e+09  3.773453562379626e+05  4.164658522584456e+06
  1.262465114054783e+09 -2.222827737376179e+06  7.685165594707918e+05
  1.262803984341579e+09  4.167889009746965e+05 -2.466349416179127e+06
  1.262141127141691e+09 -2.366165378383799e+06 -1.753270743551778e+06
  1.264065751726942e+09 -6.689320079372071e+05 -6.035928635057206e+05
  1.261590248563572e+09 -7.919224294777710e+05 -5.504347319120686e+05
  1.265100534404035e+09 -1.845032637885970e+05 -8.197279249040342e+05
  1.263361967938061e+09  2.422801982315815e+06 -2.116942167605460e+06
  1.262016455572860e+09  2.463349420082461e+06 -3.108188374475304e+06
  1.264363747015268e+09 -2.226793031379969e+06 -2.925261395491946e+06
  1.261864576294646e+09  3.027114429210930e+05 -7.885943126547403e+05
  1.261011496228464e+09  1.288020837745305e+06 -3.345873626264619e+05
  1.265337374354163e+09  4.086364967841554e+05 -3.302978948966824e+06
  1.260865135747114e+09  4.397571711380035e+04 -1.871846232898517e+06
  1.261651714971745e+09  2.628727480264948e+05  3.386021950101177e+06
  1.263560536599420e+09 -1.414824849497161e+06  5.245074706616513e+06
  1.261230175367164e+09 -1.033508912632883e+06 -4.971693595423489e+05
  1.263949269762356e+09 -1.290638155779980e+06 -5.665473717377092e+05
  1.262311163647627e+09 -4.744979254262099e+05  1.674856310242199e+06
  1.259848366412252e+09 -1.613184245577540e+06  3.546344960957388e+06
  1.265074787064561e+09 -1.030545824788099e+06  2.511494344624694e+06
  1.269111051134856e+09 -1.702759261717182e+05  4.093323054267127e+05
  1.262342133034687e+09  2.379099452522855e+06  9.567411996837291e+05
  1.263996415551876e+09  3.169329141838375e+06  3.683863022643301e+06
  1.263251985582417e+09  1.320424295105203e+04  3.807162499804776e+06
  1.264634930163743e+09 -2.964515126083792e+06  1.234670178176323e+06
  1.263610502987487e+09 -2.635466517831364e+06  1.869002354012828e+06
  1.263203813454271e+09 -7.670812728931735e+05  4.071881341425210e+06
  1.264386023566803e+09  6.129565475980177e+05  3.842065875914122e+06
  1.264388445892827e+09  7.898573719586302e+05  2.120441390786747e+06
  1.261569697860649e+09  1.489950336485008e+06  6.062328111990918e+05
  1.264477934197316e+09 -1.717200130680126e+05  2.704002082612057e+05
  1.266033322277967e+09 -3.531476368383811e+06  7.360274643464396e+05
  1.261659092540847e+09  2.399931301324497e+06 -6.250530414161538e+05
  1.270373614898624e+09 -8.301264189302915e+05  4.766877457319851e+05
  1.260530070811065e+09  1.225462733965051e+06  2.151389174070406e+06
  1.266506241355974e+09 -4.366167756385539e+05  8.716903662695356e+05
  1.265003855848724e+09  8.004992036586383e+05 -3.458548089456618e+05
  1.265865011683774e+09  3.509799888926147e+06 -1.691802615794503e+05
  1.261790592989284e+09  1.109361319823120e+06 -5.744979589014370e+05
  1.262275737103485e+09 -2.227294928625469e+06  7.243020024372947e+05
  1.264466588023729e+09 -2.061857263641214e+06  1.465515783953647e+06
  1.262405340521370e+09 -2.144107892474153e+06 -2.686183590487024e+05
  1.261678985765005e+09 -1.405927442160566e+06 -2.888137823041033e+06
  1.265353355592453e+09  1.697672361982094e+06 -3.824705769076681e+06
  1.265390121855658e+09  3.714668077965843e+06 -1.985684335684163e+06
  1.263700898392723e+09  2.215780882751140e+06 -2.313815117494087e+03
  1.261549646458324e+09  1.494387882854117e+06  1.346212383928384e+06
  1.262009756606644e+09 -3.864896423903934e+06  4.498400053014653e+06
  1.264043122516794e+09  4.396794077885617e+06  2.914870610318816e+06
  1.265070623737352e+09 -3.577663460521342e+04 -1.099194699998443e+06
  1.261760645920563e+09  2.121200587799914e+06 -1.652263245783713e+06
  1.265153132898496e+09  1.849528277442761e+06 -5.211887501488797e+05
  1.263034033388643e+09  1.266892324133934e+05 -8.179538519586499e+05
  1.264178850344803e+09 -1.384695808901093e+05 -1.812245661175178e+06
  1.264121509492518e+09 -6.158252436388752e+05 -1.429876613463887e+06
  1.266741116720891e+09 -8.339414335762030e+05  8.884458845146301e+05
  1.264523223771586e+09 -1.121380670791601e+06  2.572742568773497e+06
  1.260206042369897e+09  1.679693067920399e+05  2.655665815740872e+06
  1.262379660128747e+09 -9.211337088022183e+05  1.703708518318291e+06
  1.267450435092088e+09  3.711658054481577e+05  1.226639761908276e+06
  1.261708816118918e+09  5.415737114977041e+06  1.246810438438017e+06
  1.265125578319240e+09  4.729183685754147e+06  1.671954533112734e+05
  1.264352980339196e+09  2.056665231122938e+06  1.465679432523571e+06
  1.263488645279766e+09 -2.655991512670944e+06  2.212566114454308e+05
  1.261514644008886e+09  3.142549098352495e+06  1.216832529564685e+06
  1.262889385701756e+09 -2.062734619560325e+06  5.334673998940475e+06
  1.264764094894795e+09 -5.154380974373989e+05  6.975377555448096e+06
  1.262078673342472e+09  3.341716644435325e+06  2.767195943950049e+06
  1.261760779393766e+09 -2.593472109005642e+06 -2.298337799130410e+06
  1.262382297204595e+09 -3.766233600036747e+06 -1.818880934997125e+06
  1.264649431092911e+09 -1.754034370054293e+06  1.333167266840506e+06
  1.262109725453277e+09  3.365289637233031e+05  1.510822865440761e+06
  1.262710145678252e+09  9.710582760079978e+05 -7.993887304206823e+05
  1.259608924153209e+09  1.445241214173487e+06 -9.242007987858206e+05
  1.263780949536424e+09  1.690080860229688e+06  1.182295428880072e+06
  1.262824271500941e+09 -1.401473488958225e+06  5.894200762567191e+05
  1.263879682647464e+09  4.430499865610803e+06 -1.095418386555594e+06
  1.263531790604752e+09  6.215648489968697e+06 -5.333841934493489e+05
  1.264725298972645e+09  2.773603457555635e+06  6.323757041737373e+05
  1.263332036100151e+09 -3.028518758161753e+06 -1.021852408998657e+06
  1.262728878387581e+09  4.647638667469750e+05 -3.780996367773391e+06
  1.265276062056826e+09 -3.281513428731641e+06 -2.804159708685227e+06
  1.263624593888145e+09 -1.111752770826528e+06 -1.158865387250248e+05
  1.263025030723185e+09  1.881516611428402e+06  8.565367942388586e+05
  1.264129915249641e+09 -2.343707787855846e+06 -1.059300429067768e+06
  1.263417964993506e+09 -1.591394075487290e+06 -3.209004314808334e+06
  1.264439706825112e+09 -3.786781852918048e+06 -2.020338509157049e+06
  1.262027451226371e+09  1.158300300502417e+06  9.758182062214632e+05
  1.264851995821170e+09  2.855117513386611e+06  3.055210753634263e+06
  1.262536953822174e+09  5.134962595989775e+05  2.111922967111133e+06
  1.261103284621856e+09  3.261963680551748e+06  9.881037194811349e+05
  1.263244272693501e+09 -1.127454882469053e+06  7.764670227730937e+05
  1.261677373966106e+09  1.715158740529849e+06 -8.612253418115955e+05
  1.262232498911605e+09  4.292155624703028e+06 -6.132023878904798e+05
  1.267418553771995e+09  4.850400193591561e+06  8.669588833823667e+05
  1.262296198276184e+09 -2.303135896346848e+06 -1.507996415877924e+06
  1.264386948234630e+09 -1.302805172548590e+06 -2.730432539407879e+06
  1.263403814688652e+09 -3.410845461851498e+06 -2.884237640635559e+06
  1.263377647286434e+09 -1.455091973863069e+06 -1.386194445946880e+06
  1.262664547363736e+09  7.146190870177704e+05 -3.212183815692285e+05
  1.259447627126415e+09 -1.055854314580717e+06  1.054014002073467e+06
  1.259410173379584e+09  2.181654667345841e+06  1.481224849167381e+06
  1.262462100065939e+09 -2.294058974162647e+06 -9.964169754521013e+05
  1.263597222415476e+09  1.097746779310209e+06 -1.261393750708595e+06
  1.265024766905875e+09  4.035187476500594e+06  2.779372412105930e+06
  1.261342918746056e+09 -3.073203377722958e+05  5.429756316726280e+06
  1.264534871497493e+09  3.288367530769652e+06  4.776391513293078e+06
  1.263094862155013e+09  6.169963927466852e+05  1.801703627100643e+06
  1.261094619744955e+09  1.167360533990225e+06 -9.753918468706671e+05
  1.262159132249048e+09  1.985412990982625e+06 -1.542195920932360e+06
  1.261880722445100e+09  3.349816899943598e+06 -1.325699436523400e+06
  1.262125281995365e+09 -2.946851906431741e+05  2.757474608348822e+06
  1.262119693102780e+09 -4.191337246059290e+05  5.842687136389024e+04
  1.262536564558683e+09 -3.154201230297703e+06 -1.705389526251380e+06
  1.262992090186505e+09 -2.523321729477218e+06 -2.002342404837718e+06
  1.264260500877724e+09  6.472474213017062e+05 -2.326803714905976e+06
  1.265171348044196e+09 -1.452463545621019e+06 -1.364772410969326e+06
  1.263606486915401e+09  2.651832584652742e+06  4.051980834708390e+04
  1.264793801651304e+09  6.084909041420775e+05 -1.870342516304865e+06
  1.262965326359570e+09  2.107302793908591e+05 -1.298626091351021e+06
  1.263834330193766e+09  4.835844206449056e+06  1.925249834226988e+06
  1.263226964501020e+09  2.755514897402282e+05  1.546879776697936e+06
  1.264293014287321e+09 -5.550979587072313e+05  5.730596405027453e+05
  1.265310851959327e+09  2.094076385728825e+05  4.529928542140291e+05
  1.267615881136941e+09  2.510479745229490e+06 -7.044744350142789e+05
  1.264915533315117e+09  1.298323116321561e+06 -7.476496423264135e+05
  1.261203931297665e+09  3.012747796198424e+05  2.104593493807144e+06
  1.263728945997054e+09  6.571325605731291e+05  5.496099774142301e+05
  1.262734199305103e+09  8.035760480867845e+05  1.780058273602887e+06
  1.262620954259095e+09 -4.260277283568282e+05  4.130389069478048e+06
  1.261888764078504e+09 -1.673224198414399e+06  3.876264945916510e+06
  1.267132933765230e+09 -9.056278825227480e+05  1.960059838179821e+06
  1.263807547817855e+09 -1.066750237349352e+06  5.248333882424083e+05
  1.263416400360985e+09  5.292215951734809e+05  9.355183345222729e+05
  1.264200042686555e+09  1.455659685557361e+06  1.207564792999706e+06
  1.264114771286498e+09  6.202935057013527e+05  5.313434953119247e+05
  1.263851865032310e+09  3.149237925656398e+06 -5.190547633702942e+05
  1.265028327214923e+09  3.565423590804656e+05 -8.253113809788340e+05
  1.263423614684958e+09 -5.917301511044595e+06 -5.496133647805291e+05
  1.262485350677231e+09 -5.377427706135125e+05 -1.187800759442897e+06
  1.258637481293409e+09  1.479567029822011e+06  1.371946433374553e+06
  1.262763784202680e+09 -2.465463896031682e+05  4.158587829697714e+06
  1.266394217256089e+09  2.966918268223362e+05  2.560396698196985e+06
  1.261589566208079e+09  7.142075526530099e+05 -1.235689331492221e+06
  1.264424539404957e+09 -1.719006173152991e+06 -1.567688550673856e+06
  1.264780252944082e+09 -2.359234951832023e+06 -1.585012599200083e+06
  1.262850057693586e+09  6.847513173116171e+05  6.923196467786472e+05
  1.263490399810941e+09  2.739119018095165e+06  1.256981976692897e+06
  1.262598936576382e+09 -2.845213245185213e+06  9.817176590093060e+05
  1.263497223122808e+09 -7.920413105006358e+05  1.831438083318628e+06
  1.264042490328245e+09 -3.587249072077586e+05  1.913590954185409e+06
  1.261046707250033e+09  4.521436688064651e+05  2.172900466440354e+06
  1.262466779461043e+09 -6.791618177776567e+05  1.060390779288394e+06
  1.261845762417975e+09  2.478695156370138e+05 -5.692268699736249e+05
  1.259840469738539e+09  2.381526651318215e+06 -2.191216797494791e+06
  1.262831356699604e+09  3.024654202790229e+05 -3.510002326618947e+06
  1.261914884662933e+09  1.666327457248979e+06 -1.668727771070781e+06
  1.263543411579370e+09 -1.458826170364283e+06 -7.487424689944353e+04
  1.264721873139962e+09 -2.694210427501584e+06 -9.338707677559415e+05
  1.264499583539758e+09 -2.982335945988275e+05 -5.891391236064089e+05
  1.264362206785790e+09  3.198836516372929e+05 -1.775274473132878e+06
  1.264493685427564e+09 -2.241892127987926e+06  1.260183891905135e+06
  1.261395296683596e+09  1.761881836981478e+04  2.139233128087474e+06
  1.264794369686846e+09  7.742257662394345e+05 -1.681843150821796e+06
  1.260038905235840e+09 -2.717648088426097e+06 -4.511139840183076e+06
  1.263007507440837e+09  8.335748975022825e+05 -4.705495711601343e+06
  1.265372531280581e+09 -3.326227259023081e+05 -2.500872464914877e+06
  1.263178401113930e+09  8.554365108443407e+05 -2.373983304149578e+05
  1.261324562459055e+09  8.883794581466820e+05 -5.169066241984954e+05
  1.266084717616141e+09 -5.588511751774880e+05 -1.243863611348514e+06
  1.263884705168692e+09  6.933426476091386e+05 -1.661764684736643e+06
  1.263432426538139e+09  5.353417134694287e+05 -1.737467900699806e+06
  1.262581287619395e+09  1.005595758785793e+06 -1.495632871111726e+06
  1.260084038398827e+09  1.720545595950086e+06 -3.754464296103019e+05
  1.260703218517368e+09 -5.062287508007266e+06  1.011887463992076e+06
  1.265336992721947e+09  1.649258852154565e+05  1.062814878820945e+06
  1.262890091224173e+09  8.484839667648718e+05  1.957246258923808e+06
  1.264126140550939e+09 -1.048758801958983e+06  1.158750844645693e+06
  1.262988850015201e+09 -1.201645057954981e+06 -1.818775614114695e+06
  1.264083727383124e+09  1.853911767523195e+05 -2.634292779833207e+06
  1.265407077028941e+09 -3.377609430130076e+06 -9.691922624998204e+05
  1.261319743978173e+09  3.689109627771428e+05 -1.978136300666123e+06
  1.262263070116230e+09  1.912826393150978e+05 -2.864383655086797e+06
  1.263789592535701e+09 -5.817220180476961e+05 -8.116020864614733e+05
  1.261688796724097e+09  2.170212744809780e+06 -1.619251025463100e+06
  1.264244563998161e+09 -1.386368152448367e+06 -2.982613593652134e+06
  1.261945190124745e+09  2.648943680771047e+05 -1.167131134210643e+06
  1.264640912190863e+09  4.219263220743412e+05  2.767084327695516e+05
  1.264976712333295e+09 -2.332607730696070e+06  8.520922275948193e+04
  1.264627218114843e+09  3.195806235666259e+06 -5.362170671884601e+05
  1.262179234584026e+09 -4.984933404051818e+06 -4.830946187326225e+04
  1.261267497679562e+09  3.322295354208019e+06 -1.494497453149105e+06
  1.266160879925042e+09 -6.390365292323398e+05 -7.835621757850770e+05
  1.263558886527573e+09 -7.981350249193384e+05 -9.642029539310777e+05
  1.266551792581180e+09 -1.800242889490827e+06  6.179749990602258e+05
  1.263097095112184e+09  4.631384654102852e+05  3.355709849095239e+06
  1.264265661074697e+09 -2.239657625929776e+06  3.290940810424015e+05
  1.265407418220445e+09 -6.423674737057271e+05 -2.149235330523495e+06
  1.262626160856954e+09 -1.356378605567498e+05  8.462809693174323e+05
  1.260484726306682e+09 -7.601197175515335e+05  2.573564688737568e+06
  1.262754899671851e+09  1.860749306379030e+06  1.075116744641629e+06
  1.264822453574591e+09 -1.009332579495424e+06  5.355381662405449e+05
  1.261058501526169e+09  2.364620430955005e+06  3.713114395002751e+06
  1.260985527700293e+09  8.449139824852188e+05  4.922731566735634e+06
  1.260551664667188e+09 -4.415581018560017e+06  1.919811894709970e+06
  1.259890422356270e+09  1.876721656924516e+06  4.376207779671795e+04
  1.260810425910978e+09 -1.841272975768653e+06 -8.944602969863825e+05
  1.264792435889256e+09  4.631454412945965e+06  1.474085146086591e+06
  1.263423407875457e+09 -6.550931564432005e+05  2.138688325812004e+05
  1.263731318425075e+09 -1.154016229018671e+06 -1.866867200271511e+06
  1.266384744501084e+09 -2.731503002818405e+06 -8.082525699595187e+05
  1.262483810017732e+09 -2.711425845967981e+05  1.382229675847685e+06
  1.260746838079316e+09  4.421423926114768e+05  1.108287292120222e+06
  1.262424273572173e+09  1.022835267153224e+06 -7.764194913358020e+04
  1.260447190652502e+09 -2.843648602249234e+05 -2.214139548841391e+06
  1.260791729664515e+09 -1.358796682467011e+06 -2.679622111118465e+06
  1.263859185763896e+09  1.132600983629293e+06  1.017509217594736e+06
  1.267806653267393e+09  1.610870723918759e+06  1.924706835940154e+06
  1.264981581003978e+09  1.430361983541609e+06 -2.366821804360298e+06
  1.259265266438808e+09  6.345716992092039e+04 -3.127051786889598e+06
  1.263024347691302e+09 -3.340994191329434e+06 -1.170255108214208e+06
  1.259098866517451e+09  3.938872160029474e+05 -2.079813475025315e+06
  1.259496396832897e+09  8.968319530597529e+05 -8.301711754850764e+05
  1.263314957865160e+09  2.969473569445196e+06  3.623467398739040e+06
  1.262060764211562e+09 -6.242417933401333e+05  2.395355090563902e+06
  1.264479526474994e+09 -6.171103854212232e+05  2.546969410299844e+06
  1.263016775739273e+09 -2.233789404919365e+06  2.392142030360525e+06
  1.261573522412147e+09 -1.787930636039221e+06  5.991171531741992e+05
  1.261839945870683e+09  2.469505223258894e+06  2.011222990719890e+06
  1.263835376562712e+09  1.404849445366990e+06  4.590294039417472e+06
  1.261817875188060e+09  1.086267516149546e+06  2.017287718965819e+06
  1.264838591767655e+09 -3.381091194980100e+06  4.920922144940654e+05
  1.263541411445754e+09  1.535835427551223e+06  2.833813772564623e+06
  1.265807454825109e+09  3.373094118800045e+06  1.234507364982697e+06
  1.262516001455273e+09 -6.712126179864508e+05 -2.488653511982742e+06
  1.261008543671794e+09 -2.022787999644330e+06 -2.852408246265569e+06
  1.263445644328275e+09 -1.018292894732612e+06 -1.098789074740884e+06
  1.263421875409551e+09  7.675036710017938e+05  7.271358750287845e+05
  1.264517094046006e+09  3.595667139169433e+05  2.898796193418777e+06
  1.258386802290318e+09  7.969155022955944e+05 -9.495566070177100e+04
  1.264939772818948e+09  2.560610878587444e+04 -1.048376952731019e+06
  1.260529442308221e+09  5.608924765732996e+05 -1.523854085754714e+06
  1.260838834779119e+09  1.391855474829014e+06 -6.578912524050842e+05
  1.262327338892627e+09 -2.820291309356076e+06  1.952811402547098e+06
  1.266549468179583e+09  3.106368542425356e+06  2.961277879817254e+06
  1.259497372833369e+09  9.032249776896848e+05  9.998574006573295e+05
  1.265212943909014e+09  2.856399185760696e+06  9.714941446751133e+05
  1.263838581416225e+09 -3.490946206165585e+06  1.842993630219074e+06
  1.263955476881097e+09  1.671744940352935e+06  1.048622477072192e+05
  1.262647395184438e+09  5.950574826971913e+05 -7.028065282137361e+05
  1.263630827604897e+09  7.629750445995500e+05 -6.518068948827642e+05
  1.262891594551682e+09 -2.206582151165496e+06 -1.447567363078117e+06
  1.262499836413830e+09  1.327185270941306e+06 -9.394342248527063e+05
  1.264985490579186e+09  7.476798589282802e+05 -1.750284467566382e+05
  1.266350758237787e+09  1.861547543736315e+06  1.113254015919385e+05
  1.263097123616508e+09 -1.244398811666599e+06  1.232268987224026e+06
  1.262766602947125e+09  1.923111644266039e+06 -1.677556290279224e+06
  1.261921332209891e+09  1.519112595079706e+06 -2.999663427393111e+06
  1.265468525214602e+09  4.329266897135351e+06 -3.597486198362895e+06
  1.263351847188490e+09 -2.508008804568377e+06 -3.052054896829668e+06
  1.262495021416747e+09  2.822166298547408e+05 -1.051221240361670e+06
  1.265104527694561e+09  1.354451732146255e+06 -1.481075693608767e+06
  1.264099802466475e+09  2.860891189919503e+06 -2.822590665658891e+06
  1.262023623223285e+09 -2.037603481447026e+06 -1.374604808932900e+06
  1.263203317488468e+09  1.988635727088507e+06  1.642627693104908e+05
  1.261828725091756e+09 -1.375555620833624e+06  1.268167684011787e+06
  1.261885110403947e+09  1.022206643670564e+06  2.818107161784278e+06
  1.265386652785985e+09 -9.621596816281658e+05  1.433814107595816e+06
  1.260142660514281e+09  2.633300624073800e+06 -1.020458956139078e+06
  1.260295869579324e+09  1.102843561542611e+06 -5.393192814022159e+05
  1.264583669201930e+09  2.803308566276199e+06  1.674476090372689e+06
  1.261443443372008e+09 -2.177460632168503e+06 -1.416314995608841e+06
  1.262357370458165e+09  1.876718636186379e+06  9.650128711329333e+05
  1.263949252389310e+09  1.035626440615978e+06  3.307072525145269e+05
  1.262802839273582e+09  1.292504052595284e+06 -1.883872032773808e+05
  1.265654705818520e+09 -1.901997799095667e+06  1.813598554390349e+06
  1.265921071042269e+09 -1.571794060092174e+06  1.775488291860956e+06
  1.262257323237922e+09  1.811523563461275e+06 -1.062346981814281e+06
  1.264800980631871e+09 -4.188717387473932e+04 -1.752315413666979e+06
  1.263331032847988e+09 -5.258845238503701e+05  1.582289679547119e+06
  1.263918555882912e+09  1.093645310082171e+06  3.183556699188592e+06
  1.261919048265422e+09  3.455637923821232e+05  7.921221836278515e+05
  1.262081883283587e+09 -1.139506941233477e+06 -2.826723873612201e+06
  1.262076701469513e+09 -2.540545049677513e+05 -5.505732376311711e+06
  1.264716518389087e+09  1.025421174199327e+06 -3.381208411869156e+06
  1.260137500907566e+09  2.051206955759527e+06  3.625042528688291e+05
  1.263296048782401e+09  1.133666006395967e+06 -8.785953905432847e+05
  1.263496931623123e+09 -1.280014280401622e+06 -2.088544934658068e+06
  1.260034113869005e+09  1.532239404966168e+06 -9.307762143562468e+05
  1.268815593504262e+09 -1.179187840334153e+06  6.136812338222151e+05
  1.264205259568522e+09 -2.849015048080197e+06  1.800352526710002e+06
  1.264611796955831e+09 -3.776412266179776e+05  2.837649077622264e+06
  1.266510948474933e+09  6.875292248638173e+05  1.955743732952024e+06
  1.266145141784147e+09  2.701719094762612e+06 -1.237223448726044e+05
  1.262775843157153e+09 -1.356199936460936e+06 -1.597096479495639e+05
  1.264091109703664e+09  1.748694696558437e+06  1.134460688961095e+06
  1.264144231479213e+09 -1.057870254393553e+06  2.452591358002773e+05
  1.260923822697247e+09  1.803462034509363e+06 -2.406774290719026e+06
  1.258206502203064e+09 -1.737257445896810e+06 -1.860316705247245e+06
  1.263832434312591e+09 -1.535651437054865e+04  1.040397569808026e+05
  1.263708836313909e+09  1.955118121194176e+05 -1.518577190654675e+05
  1.263945236915375e+09  1.549722939164260e+06 -1.123942366387503e+06
  1.262204691353738e+09  6.776049892997979e+05 -1.951848288094947e+06
  1.261731306217640e+09 -4.287643003527370e+05 -1.620792134406432e+06
  1.265188852026665e+09  1.468915076639221e+06 -8.108800504615782e+05
  1.264360256801765e+09 -1.988294345018971e+06 -1.598508976299174e+06
  1.261203452748338e+09 -2.611501833425221e+06 -2.601665281215821e+06
  1.264128024080851e+09  1.320052131672543e+06 -9.664288068760131e+05
  1.262891904447705e+09  2.407722414460015e+06  1.292871913837526e+06
  1.264370118300991e+09  2.318435465688184e+06  3.157627671763304e+06
  1.264611282028107e+09  1.966579029471416e+06  2.918071852433312e+06
  1.265473658718006e+09  2.112925590886176e+06  1.191252636757969e+05
  1.263878281096993e+09 -5.615372516886116e+05 -1.762612235800430e+06
  1.259852718948459e+09  2.973986748018730e+06 -1.643750918287956e+06
  1.262051953336165e+09 -6.726088509457523e+05 -1.639577763706911e+06
  1.264807632236911e+09 -1.425204034625079e+06  6.909150150385903e+05
  1.262683336677100e+09  1.378583591565480e+06  4.491623044204457e+06
  1.264331576476505e+09  3.365521547667149e+06  3.498135595768379e+06
  1.265949582110049e+09 -4.441657169148168e+05 -2.515087689161847e+05
  1.262518792905030e+09 -5.402616751458115e+05 -1.823390825316053e+06
  1.262980571912301e+09  1.392236209375495e+06 -2.669010961191030e+04
  1.261202888216362e+09  9.983634917730058e+05 -2.884571572805051e+05
  1.262182626531095e+09  8.419728916235024e+04 -1.878910857994912e+05
  1.261275982917413e+09  1.310594523806045e+06  1.010010195572433e+06
  1.263046611949034e+09  3.816442360329548e+06  1.724106587915532e+06
  1.259957081770175e+09  8.446633506369069e+05  1.416264474116868e+06
  1.264355674138224e+09  5.339131988979558e+06 -4.044991283420465e+05
  1.259290162499447e+09  5.345775043706609e+05 -2.050456186277572e+06
  1.262276294252356e+09  9.737100474340763e+05 -2.147973221965089e+06
  1.261849941583917e+09  3.516279199472610e+06 -1.946581777345701e+06
  1.261039759574844e+09 -1.659775542026329e+06 -1.762091611314920e+06
  1.264431679511292e+09 -3.725574114495507e+06 -2.221539259882671e+06
  1.262820557822894e+09  1.139576228297073e+06 -1.906351500327466e+06
  1.264323177651427e+09  3.642849594800556e+06 -2.208009152815276e+06
  1.263993444113573e+09  7.251051854075922e+04 -3.400769619783319e+06
  1.263138802874552e+09 -6.700424605349727e+05 -8.896377790103713e+05
  1.261137364328009e+09  1.964255017461240e+06  5.341286305207600e+05
  1.265755297660783e+09  2.217988867741492e+06  1.306621245424377e+06
  1.265315080706934e+09  1.645703510775519e+06 -1.630965165899352e+06
  1.262318359584417e+09 -1.299298324418186e+06 -2.657023388570453e+06
  1.262404876036181e+09  3.305974098668576e+06  2.817023720104838e+05
  1.264350230825485e+09  1.151495732411508e+06  4.357159863212737e+05
  1.264838201335618e+09  4.296354867635631e+06  2.558557485657085e+05
  1.261635436356303e+09 -4.884448603439152e+05  1.773602074294752e+05
  1.266609592182846e+09  9.355530590751483e+05  3.621273899378181e+05
  1.263513430923916e+09  2.885535854284283e+06  2.233282157064170e+06
  1.258654824085041e+09 -3.285574589806731e+06  4.604041960081621e+04
  1.262049342882922e+09 -3.548034703313262e+06 -2.128965286569190e+06
  1.260888290323939e+09  5.505564692543718e+05 -8.108724106685137e+05
  1.261202396447756e+09  4.703933039417949e+05 -4.344406983741236e+05
  1.265423780916396e+09  3.790037339990103e+06 -9.951045403526468e+05
  1.263295122539374e+09 -6.555500601776092e+05 -2.408497558792890e+05
  1.264813525166252e+09  1.586868400456043e+06 -7.076001741503836e+05
  1.263451637890812e+09  7.659396038880539e+05 -4.799914072184913e+05
  1.260642051288478e+09 -8.753018382796855e+05  1.188896745964972e+06
  1.261778921443611e+09 -4.577270185653914e+06  1.311090654387879e+06
  1.259133137930470e+09  1.669134379494805e+06  1.594851526891543e+06
  1.262021969372311e+09  1.758005268244592e+06  2.981793527725732e+06
  1.263896989608246e+09  1.257853954675379e+06  2.444965824474860e+06
  1.265508060350105e+09 -1.825478709969343e+06  9.268397597856654e+05
  1.265471870422276e+09 -7.216819017575469e+05 -1.743602019848831e+06
  1.260829493802577e+09  2.465257354458749e+06 -3.301319365897979e+06
  1.262636435575147e+09 -3.245906390940697e+06 -1.633882659325896e+06
  1.264004119542885e+09 -1.273956800367466e+06 -1.703590443787807e+06
  1.262654520708949e+09  1.363468326137240e+06 -1.962848190810049e+06
  1.260585585322438e+09  8.992887065214239e+04 -6.931294656340869e+05
  1.263143483585041e+09  5.581404756033564e+06 -3.799375497155099e+05
  1.263188352270826e+09 -4.644681775208007e+05 -1.996348200713955e+06
  1.263861879934117e+09 -2.113634302801837e+05  1.564610330252108e+05
  1.259879976062722e+09 -6.236076009243804e+05  3.496248024373764e+06
  1.261757828781602e+09 -2.492556341943012e+06  3.965120576262950e+06
  1.263743358026393e+09 -3.057055752678359e+06  4.996752133907109e+05
  1.265398379555086e+09  7.708834199269312e+05 -9.040488777557814e+05
  1.262799542518370e+09  1.240195118761257e+06 -1.460404631940259e+06
  1.262296449817365e+09 -1.017062082705522e+06 -3.051410545898076e+06
  1.260701754281394e+09 -3.135434278771946e+06 -2.985671326373646e+06
  1.264560700728546e+09 -2.633834206475462e+06 -1.320631331183887e+06
  1.262690855876814e+09  2.021261427462442e+06  4.543272284586182e+05
  1.265560333809303e+09 -2.372054340288194e+06  5.128388271972388e+05
  1.262364587824035e+09  9.566477080189656e+05 -5.319305598423049e+05
  1.264955566479033e+09  1.634332803638381e+06  3.627586328457491e+05
  1.264311915319365e+09 -1.385071802713985e+06  7.259872506560350e+04
  1.262429449339097e+09  4.184115438198159e+06 -2.172593842075579e+06
  1.262556102714855e+09  2.934572808716858e+05 -1.883696370169593e+06
  1.262606387657615e+09 -1.892544942166659e+06 -5.189006207128016e+05
  1.259755285893372e+09 -1.806494455899450e+06  4.809097449305427e+05
  1.262299473277062e+09 -6.951257045291037e+05  7.567599781463443e+05
  1.264777911582038e+09  1.597668653798736e+06  1.129861728654383e+06
  1.264667512515988e+09 -1.729047970759797e+06  1.335938115304629e+06
  1.263713274887390e+09 -2.303165375141734e+05  2.651153576651399e+06
  1.264839124434944e+09 -1.111107428634750e+06  1.986516576873880e+06
  1.265112154077864e+09 -2.150574917780056e+06  4.389110578428885e+05
  1.264254545493600e+09 -2.338534048441736e+06  5.936722995135009e+05
  1.263540134604517e+09  1.079424060218803e+06  1.206186403176370e+06
  1.265285651786095e+09  6.039955998790715e+05  2.378564895819067e+06
  1.264166494317596e+09  9.302006407700535e+05  1.754281109425779e+06
  1.261304621627749e+09  1.005226008701510e+06 -6.211140404321451e+05
  1.263749219229177e+09 -3.369518745147980e+06 -1.641845458149259e+06
  1.267875709414478e+09  1.152053672621432e+06 -1.775675412149978e+06
  1.258769427595221e+09  2.715198825110200e+06 -2.590469642558143e+06
  1.264601801888266e+09  6.627024626504253e+05 -3.531149998515962e+06
  1.265298381777376e+09  5.311805398480253e+05 -1.013297213977644e+06
  1.264819614342375e+09 -3.256933990982159e+05  1.407181612144778e+06
  1.262533931703347e+09  1.646393845611839e+06 -6.280095486348856e+04
  1.262300091209641e+09  1.245921766493634e+06 -3.063013885341660e+06
  1.263494076387789e+09 -7.052505647674674e+05 -1.482748843165676e+06
  1.264072230589959e+09  9.436158567009943e+05  1.605399338655930e+06
  1.260240266232414e+09  4.252962066870707e+03  2.199647213578426e+06
  1.265214385185247e+09  7.906437938147616e+05  1.483825463304421e+06
  1.262074654112079e+09  1.706538238258812e+06 -1.855232580012404e+05
  1.257934727688235e+09 -3.006189123603812e+06  2.620184410899295e+05
  1.262505749505585e+09 -9.314541022225996e+05  1.658324912796074e+06
  1.262269467615520e+09  6.326914377244483e+05  1.152633626469807e+06
  1.262060182318160e+09  3.092782492453652e+06  1.018654657907569e+06
  1.264522746507730e+09 -9.301301201113644e+05  2.248922739084781e+05
  1.262321475793067e+09  2.276857416888762e+06 -2.195821683059871e+06
  1.265222732245720e+09  2.259399930774670e+05 -5.481128092676967e+06
  1.260608243034511e+09 -1.072617874279377e+06 -5.206416158596286e+06
  1.263729729585260e+09 -2.193303431592343e+06 -8.437397944095830e+05
  1.263078746137026e+09  3.041055533375250e+06  2.094296190594412e+06
  1.265901019045007e+09  4.047610892746971e+06  2.625200020489700e+06
  1.263231127499334e+09 -7.980437562709043e+05  3.130972931689860e+06
  1.261755603319217e+09  5.061366318937435e+05  3.913816394404279e+06
  1.263465257567881e+09  1.617356688374834e+06  3.011554203599320e+06
  1.262532889506249e+09 -1.306299146280695e+06  1.228232560520719e+06
  1.264688771570653e+09  2.942003387897379e+06  7.994471808771286e+05
  1.265850448725082e+09  4.294861599916239e+05  6.126295322697260e+03
  1.264236350833308e+09  1.277824137902989e+05 -6.299997288333590e+05
  1.262233797761432e+09  2.754861095486120e+06  7.332259681443775e+05
  1.259999992928272e+09  2.050670813372665e+06  2.221892389881782e+06
  1.261956247683317e+09  1.414424484523742e+06  1.044191974358079e+06
  1.263746098682389e+09 -5.696015495888230e+05  1.153583090365644e+05
  1.262403531477626e+09  9.290819261454692e+05 -1.098410066565960e+06
  1.264523310329696e+09 -1.943033419574887e+06 -3.577745515338751e+05
  1.261234458459611e+09 -1.385107874047328e+06  9.444554109807193e+05
  1.265178258871605e+09  2.294097550816315e+06  3.747697803332866e+05
  1.264742619376575e+09  1.651669945703985e+06 -4.909540741668678e+05
  1.260992745669853e+09 -8.991525248856612e+05 -6.953388995191935e+05
  1.264869771739475e+09 -3.050310023577415e+04 -2.646808438957700e+06
  1.266119158658589e+09  2.430894271350906e+06 -4.807489346880338e+06
  1.261838481168097e+09 -3.612193154598950e+06 -3.864749194119011e+06
  1.264638201935456e+09  1.431190015158281e+06 -5.920920152287387e+05
  1.262770163930724e+09  8.812751914553370e+05  2.346386219826725e+04
  1.263415172689587e+09  1.805430892774252e+06 -2.218802644102915e+05
  1.266027058190402e+09  3.226873614219831e+06  1.055142975488596e+06
  1.265203491068487e+09  1.099894659934266e+06  1.641519751881512e+06
  1.263775518312215e+09  1.608471184723650e+06  1.534932288822155e+06
  1.262482506821708e+09 -9.875459527822352e+05  2.915698032655449e+06
  1.266432263406706e+09  2.241058469269951e+05  1.412538923612091e+06
  1.262583192302299e+09 -3.404405135138016e+06  2.366945566596306e+06
  1.263886323858008e+09 -1.372348152291411e+05  2.523208175992100e+06
  1.263294385639426e+09 -8.012515337752323e+05 -5.353837509777541e+05
  1.264676813526358e+09 -2.221568859153170e+06 -7.241354437036536e+05
  1.263810022486030e+09  2.407051134794128e+05  1.194948892618817e+06
  1.262113837746345e+09 -8.139011660663788e+05 -4.710665898008943e+05
  1.260252331612164e+09  9.748257674525729e+05 -1.054283373292627e+06
  1.262492203310556e+09 -3.897764113425422e+06  9.240018895133538e+05
  1.264167529078324e+09 -2.841693734447968e+05  5.756392795538570e+05
  1.263440314169752e+09  2.055016822031369e+05 -9.882439730275206e+05
  1.261163344509167e+09  1.146146639512736e+06 -2.278332679069536e+06
  1.262069249845009e+09  2.369985549942533e+06 -3.413858164696445e+06
  1.258042865399086e+09 -7.088020741564687e+05 -1.383385207328900e+06
  1.258710575276861e+09  3.304071067347868e+05  2.539401942868647e+06
  1.263024835807011e+09  8.253940968332094e+05 -1.420454407347208e+06
  1.263331259654730e+09  1.042800715283286e+06 -1.402692151429068e+06
  1.262465339776584e+09 -2.066864777739520e+06 -5.634412480790518e+05
  1.265619788307618e+09  9.303513959472727e+05  2.238496871542077e+05
  1.264944385506230e+09 -2.414393805301265e+06  1.663088382819699e+06
  1.261040548507409e+09 -9.356677056721884e+05  3.287638035235164e+06
  1.261604893813353e+09 -4.276517813762578e+05  1.398929354877928e+06
  1.262879392223193e+09 -2.245795189885515e+06 -5.701023777063133e+05
  1.261518188207885e+09 -8.674160550442815e+04 -1.613235190375818e+06
  1.265717523159443e+09 -5.015807160687509e+05 -2.707813992675895e+06
  1.268207931558538e+09 -1.145693971062354e+05 -2.535958285499122e+06
  1.264438368834742e+09  6.080948142312854e+05 -2.286117539260216e+06
  1.261611981974658e+09 -4.996802676937089e+05 -2.340988276202628e+06
  1.264252530690583e+09  1.500171164632153e+06 -2.164876150126050e+06
  1.261399236462615e+09 -1.531537543324334e+06 -2.098786172581333e+06
  1.260133335485702e+09  5.665849551454335e+04 -1.890731353581391e+06
  1.261457273961833e+09  2.256807307317555e+06  2.074059261534532e+06
  1.262323734731019e+09  1.869236886007465e+06  3.071210317655255e+05
  1.261677186876940e+09  3.541048250910128e+06 -5.713784852752266e+05
  1.263090656700207e+09  2.349658557595464e+06 -5.694047955612714e+05
  1.259691264003244e+09 -1.502445670778314e+06 -8.844038440363592e+05
  1.263096069050479e+09  1.120947351832338e+06  1.759672690879717e+05
  1.262541794494477e+09 -1.038235054577941e+06  9.277011546856074e+05
  1.261346632338126e+09 -3.848634277714157e+06 -3.057789093628280e+05
  1.263916424539889e+09  9.483489022079795e+05  1.485739544828975e+05
  1.263754508206709e+09  5.997149847597119e+05  9.022239973323219e+05
  1.267711539411454e+09  5.503338064746250e+04 -1.875376229484580e+06
  1.261307693286652e+09  5.884966314871619e+05 -3.576096751662729e+06
  1.262200588615825e+09  2.158546946636143e+06 -1.346393654472261e+06
  1.260201648361909e+09  3.694955913649459e+04  5.673147057092815e+05
  1.261830041669221e+09 -1.662215892553225e+06  4.911316950347455e+05
  1.263237583350418e+09 -3.835205006370494e+05  1.462567305162202e+06
  1.260170392913496e+09  1.867075551120935e+06 -1.421492973693938e+06
  1.263547040353544e+09  5.863011574300956e+05 -1.578953966258250e+06
  1.261605339344001e+09  5.232614037087046e+06 -1.522593460345096e+06
  1.262463112444764e+09  1.312265557360989e+06 -1.341643560620173e+06
  1.263519459196293e+09 -1.263120025220609e+05 -4.273025143947314e+05
  1.263724831138336e+09 -1.114936557461913e+06  1.194076004000992e+06
  1.262545452999357e+09  9.162053456799495e+05  1.592408696406870e+06
  1.262984100161797e+09 -1.694503379542846e+06  2.146012985808365e+06
  1.264756170626298e+09  1.346525079509568e+06  2.497719481883613e+06
  1.264770885685715e+09 -1.326026448648377e+06  7.042626461613129e+05
  1.262674450131158e+09  4.878328021452506e+05 -3.531852830775626e+05
  1.262203616330536e+09  1.989996772346171e+05 -1.227758658741244e+06
  1.262962196241248e+09  2.988174583601872e+06 -1.655731236824895e+06
  1.262558368534350e+09 -9.272218506183833e+05 -1.233172731055678e+06
  1.264368025812773e+09 -2.387837462601314e+06 -1.512531947673339e+06
  1.264051925969143e+09  2.295308026704847e+06 -1.465531957013029e+06
  1.262418553085013e+09  3.440575583631844e+05 -2.112004305414435e+06
  1.262098052079249e+09 -3.961285436054085e+05 -2.992413361287311e+06
  1.264350522912450e+09  1.918782129353676e+06 -1.349683706069741e+06
  1.267232051745088e+09 -4.153447937729412e+05  7.382369032871389e+05
  1.262087863519419e+09  4.609490323552488e+05  2.818056853804816e+06
  1.263881440782176e+09 -3.810739885055652e+06  3.358655947843191e+06
  1.265946296543592e+09  1.383443530169646e+06  2.077815527531924e+04
  1.263903013207428e+09  1.279539649290533e+06 -1.036921578201755e+06
  1.260414735561661e+09  6.106415067394249e+05  5.834248105733597e+04
  1.263018829006521e+09  9.922089159008476e+04  3.906547279591046e+05
  1.262428174849054e+09  2.426958789778682e+05  2.544167514788330e+06
  1.263489605239701e+09 -1.903902166182188e+05  2.901439505690433e+06
  1.262643557430447e+09 -5.771842837960295e+05  9.701930915096726e+05
  1.261413680205586e+09 -7.070354198274156e+05 -2.965259091962849e+05
  1.259036097763790e+09  8.627451636233297e+04 -1.054594708506494e+06
  1.261937716072779e+09  3.936479178682975e+06 -1.167870859651009e+06
  1.263799381849246e+09 -6.787955940996236e+05  2.046210639415857e+06
  1.263131590371925e+09 -1.859470196057502e+06 -7.876239729818569e+05
  1.262775613447230e+09  4.211298579977496e+05 -3.059566165998082e+06
  1.267498516615641e+09  9.722447922073767e+04 -3.758087160330865e+06
  1.265748042013856e+09 -8.634766794659484e+05 -3.787556613368986e+06
  1.263003383867211e+09 -2.825819761210255e+06 -2.863505886706076e+06
  1.262067755954553e+09  8.308591939813405e+05 -9.406954647227057e+05
  1.262012609881270e+09 -4.344097289226102e+05  1.905083093060797e+05
  1.262547827677431e+09  3.342932757781583e+05 -1.243421456454836e+06
  1.262465312783492e+09  1.646652902419942e+06 -2.531618778086853e+06
  1.260873862931332e+09 -8.118664938825686e+05 -4.938486008662323e+05
  1.262953243203189e+09 -1.059370112321903e+06  2.104796184387768e+06
  1.262117350906812e+09 -2.872373894835517e+06  1.825741282198884e+06
  1.263255038861595e+09  2.970013663546159e+04 -3.078395237546595e+05
  1.259442539112385e+09 -3.623900076133346e+05  8.659025088284517e+05
  1.261848156921606e+09  2.005528280012088e+05  3.166136957198384e+06
  1.263369732849172e+09 -9.807858612663191e+05 -4.728111972714480e+06
  1.260822312137298e+09 -2.665501236120582e+06 -1.320658024102734e+06
  1.266708831983569e+09  1.873915728674452e+06  3.380780539174221e+06
  1.262723363330618e+09 -3.393733706976957e+05  3.241488524088135e+06
  1.262276607472916e+09 -1.878447258788355e+06  6.420254112510157e+05
  1.266904069919094e+09  2.027460026317668e+05 -4.358489481411161e+05
  1.265895984791391e+09  9.268002815495301e+05 -6.153891514041846e+05
  1.261655274418485e+09 -4.202394907363420e+06 -1.137243269384954e+06
  1.266090854136566e+09  1.166066271838840e+06 -1.312692489967115e+06
  1.263568958777533e+09  2.440447951917551e+06 -1.370337405946037e+06
  1.262372113739762e+09 -2.906977045326503e+06 -1.191127290066433e+06
  1.259103660438594e+09 -1.401161943880109e+06  9.332535813543741e+05
  1.263334206433178e+09 -1.948875237018675e+06  2.003573112226631e+06
  1.264058264888457e+09  1.855524664682979e+04  8.425054279916107e+05
  1.265588597507491e+09 -2.318415692952536e+06  1.563570688565820e+06
  1.264518685543379e+09 -2.232204846427239e+06 -1.010531038794174e+06
  1.261206388874001e+09 -5.040661173592249e+05  2.721712438146748e+06
  1.266653344226265e+09 -2.249693168596059e+06  1.839626954914058e+06
  1.264966164446383e+09  8.681903578068560e+05 -1.544795433965117e+06
  1.260587857305005e+09 -1.888043624558208e+06 -1.991491261209767e+06
  1.262684964331241e+09  1.502529080033839e+05  1.800962211836146e+06
  1.263001811571038e+09  1.013567651781572e+06  2.711494179783917e+06
  1.264566372962474e+09 -1.883370186013122e+06  2.180630098221094e+05
  1.267693701232394e+09 -3.852036322141297e+06 -1.887720203499096e+06
  1.263526610835913e+09  4.838414326485850e+05 -3.367839719354968e+06
  1.264225253017785e+09  1.476070227664397e+06 -2.524566206875327e+06
  1.262288114880785e+09 -3.804560924101565e+06 -6.970028864536947e+04
  1.261296472032925e+09 -1.969646457107339e+06 -1.895281740582249e+06
  1.262521761290718e+09 -6.579309534940771e+05 -4.647155509865508e+06
  1.263509314673001e+09  5.857841365757497e+05 -1.417551748997665e+06
  1.262742334175266e+09 -4.980307453999983e+04  2.233582489435575e+06
  1.266477494364078e+09 -3.131212485647636e+06  2.510319223876306e+06
  1.264033236170998e+09 -1.773208331788900e+06 -1.267450033663411e+05
  1.263088104394412e+09 -1.411931403752991e+06 -2.680231821952085e+04
  1.261744609635510e+09 -1.621401972238665e+06 -6.120665293267362e+05
  1.263583670423277e+09 -2.675796154058576e+06  3.427600685596986e+05
  1.260939713340207e+09  2.589642537307507e+06  8.935985694048128e+05
  1.264451718660897e+09 -1.462199629478768e+06  1.350243918636158e+06
  1.260164525334345e+09 -3.390074782195245e+06  2.700007719535142e+06
  1.262471398710957e+09  4.590921073114700e+05  2.956054747857568e+06
  1.260095968532983e+09 -2.850442788498639e+06  1.329179917100633e+06
  1.262487553336761e+09 -1.832907748540116e+06 -7.144053892912129e+05
  1.264579697033954e+09  1.332914429387809e+05 -4.273526764114457e+05
  1.261568370527298e+09 -2.154092787438475e+06  1.885587508712429e+06
  1.263593752429611e+09 -2.044916414336109e+06  3.047685227509517e+06
  1.262427276948433e+09  2.151724479357124e+06  1.225694991982922e+06
  1.263796687557044e+09  2.466472019402115e+05 -1.820647322532810e+06
  1.264277750216614e+09 -2.949419237641810e+06 -2.035473626323960e+06
  1.263986917595370e+09 -2.848815421906457e+06 -1.002510722752109e+05
  1.259296324685014e+09 -3.391287749499083e+04  2.230101458295174e+06
  1.264520367910772e+09 -2.045100631496069e+06  4.207590113639742e+06
  1.264441015683726e+09 -1.982810996399406e+06  2.724519297790798e+06
  1.259956223150026e+09  3.060516292446385e+06 -1.076346748656508e+06
  1.264551019386573e+09 -3.109035563745942e+06 -2.536891882803872e+06
  1.263775747488279e+09 -7.811705601947708e+04 -1.668804412856760e+06
  1.264192203912915e+09  1.722016812716634e+06 -2.376133401503193e+06
  1.262541499906193e+09 -3.705782887572234e+06 -3.229687489298902e+06
  1.267307066394387e+09 -1.116472131620564e+06 -1.078512390709450e+06
  1.264995985804871e+09  2.524224277952577e+06  8.863653635891434e+05
  1.258480286572340e+09  2.332726901889821e+05  9.153624276355172e+05
  1.260928714090294e+09 -1.564028156573900e+06  1.306261582521077e+06
  1.261977037954093e+09  2.085999100467249e+06  1.196586021719333e+06
  1.259673288198237e+09 -1.432645506116446e+06  4.161502095246393e+05
  1.261190992396215e+09 -1.577419573345525e+06 -3.337539842376941e+05
  1.263436407698507e+09 -2.376254784498391e+06 -3.160056603172250e+05
  1.264943364117951e+09  6.426982102153270e+05 -1.997053138238400e+06
  1.261996217309388e+09 -2.362523446925372e+06 -4.645449185791778e+06
  1.260411861525847e+09 -1.413372749319845e+06 -4.093458718536152e+06
  1.261863452043625e+09  2.364445772850128e+06 -2.274313082937447e+06
  1.261132884733923e+09 -2.543294582184573e+06 -3.078768754766168e+06
  1.264281672054635e+09  3.010440622630693e+06 -3.419098265035317e+06
  1.266233309307239e+09 -3.566683543202437e+05 -2.215385145254496e+06
  1.265509163670828e+09  4.311481434579892e+05 -1.818214490962240e+06
  1.263671658377658e+09  1.324361802032406e+06 -1.527106372627808e+06
  1.261136645485986e+09  1.039117633248372e+06  3.528820359395177e+05
  1.262618837088080e+09  1.862997828365944e+06  3.043694656448069e+06
  1.264417492687798e+09  2.074841068421665e+06  2.605890797573626e+06
  1.262847901450331e+09  7.267674753011903e+04  2.301794826208550e+05
  1.259220542576223e+09 -1.575815727001864e+06 -7.187931891316571e+05
  1.265166644113295e+09 -1.923587562870816e+06 -5.952030503107419e+05
  1.262170951690435e+09 -1.850444270863608e+06  1.562935413688979e+05
  1.264116304414574e+09  9.986922456801467e+05  1.241904779815171e+06
  1.259637811536274e+09 -2.177509815289815e+06  2.384540584448495e+06
  1.263665495567240e+09  1.561950720027194e+04  1.786135433478421e+06
  1.261240063391718e+09  9.369242674876606e+05  9.656721231663955e+05
  1.264172872462044e+09 -1.635267369742320e+06 -9.593460590807925e+04
  1.260846352061604e+09  2.183910650291225e+06  9.947361559378651e+05
  1.261905964514678e+09 -1.955670135825939e+06  3.136730943847351e+06
  1.259734364804040e+09  3.013573808665000e+06  2.571028520276996e+06
  1.263952093972206e+09  8.513964832392180e+05  1.170580979511955e+06
  1.261976890617492e+09  1.199305424989932e+06  8.077168461238119e+05
  1.265916882681430e+09 -1.392541286655744e+06  1.562896046161411e+06
  1.257983545993108e+09  2.374521243692461e+06  1.929523197034362e+06
  1.262529470299689e+09 -2.003318059488879e+06  2.025369622646669e+06
  1.263186534493117e+09 -4.473741237088122e+05  2.645187461413737e+06
  1.261563550216029e+09 -1.877051396715512e+06  1.627015230218101e+06
  1.260503085576365e+09  1.960181670130785e+05 -7.152879571275249e+05
  1.262354463295484e+09  1.588082512292783e+06 -1.705886959853408e+06
  1.259994959837295e+09 -5.219153171758680e+04 -4.261077507686284e+06
  1.262069283956308e+09  1.598571802701216e+06 -3.680811234940055e+06
  1.262377959705260e+09  4.100539645300804e+05 -7.618444872465009e+05
  1.261729612498623e+09 -1.043068885194587e+06 -1.333663601210270e+05
  1.262839512967198e+09 -3.976028778951555e+05 -2.900701520797561e+04
  1.263917141102055e+09 -5.704548701666933e+05  5.357882073340727e+05
  1.266437472380554e+09  9.229118453691348e+05  1.492531071555312e+06
  1.263457299088701e+09  7.817163341483170e+05  3.391339313853167e+06
  1.262607821206894e+09  1.397098638475099e+06  3.325528673920038e+06
  1.265165342537257e+09 -4.846941960691372e+06  6.801394269103659e+05
  1.262099925319976e+09 -2.936817879614969e+05  1.423150549875589e+05
  1.261680776537039e+09 -1.567037578124408e+06  2.398697495769403e+06
  1.263661932747441e+09  1.862746289471323e+06  2.487879017882326e+06
  1.264649900830824e+09 -1.547401663242244e+06  1.951369621247143e+05
  1.258510142232173e+09 -4.984061876910501e+05 -3.312978810375336e+05
  1.263004792828002e+09  9.796296462874408e+05  3.827390120014377e+05
  1.265179719282227e+09 -3.588081307461276e+04 -1.496108849026842e+06
  1.263787461511667e+09  2.353012871116913e+06 -1.714395418593035e+06
  1.263831968198705e+09  2.801174627939807e+06 -1.829039094811533e+06
  1.261446239201620e+09 -4.201573056892443e+05 -3.358233562059610e+06
  1.263467308309432e+09 -1.319723220949220e+06 -1.784799906362283e+06
  1.262239030425241e+09  3.327858865741645e+06 -9.943401290191591e+04
  1.260557762267500e+09 -1.102169890454673e+06 -3.421885096918422e+05
  1.266140563817210e+09  1.338448608413707e+06 -7.957876866746463e+05
  1.262494176267406e+09 -4.049320700382459e+05 -2.630627920946324e+05
  1.259875887437194e+09 -9.878818861010906e+05  9.853481174358076e+05
  1.262848945337525e+09 -2.914920911135228e+06  1.945133862134024e+05
  1.262423556240126e+09 -4.444887108617331e+05 -2.725648163851083e+06
  1.258216675374923e+09  2.322542276104240e+06 -3.120918096226369e+06
  1.262488435558400e+09 -1.291695197093134e+06 -1.647490028393514e+06
  1.260953637224383e+09 -2.351803294900047e+05  3.152782487280144e+05
  1.264105225447766e+09  2.466522063326036e+06  1.484682778711356e+06
  1.260906335680295e+09 -4.644423048366868e+05  1.451624132227286e+06
  1.264327225381682e+09  2.250831772939974e+06  1.119623992629018e+06
  1.262545742828421e+09 -4.280980601830330e+05  1.492874830164875e+06
  1.266426916365063e+09 -2.177427385109419e+06  8.359274035647161e+05
  1.262571760241931e+09 -1.873649100614261e+06  1.561033882753073e+06
  1.260413685791246e+09  1.969498085952810e+06  3.447271924403966e+06
  1.264593182220506e+09 -6.405483712623360e+05  2.617157391090271e+06
  1.262635142362939e+09  3.037681541577626e+06  1.633267838557735e+06
  1.260726781858577e+09  1.250702796684863e+06  1.332822006733291e+06
  1.265230534921357e+09 -6.141684215746224e+05  3.637200219921091e+05
  1.261534773915218e+09 -3.349469305937540e+06  1.094468952497005e+06
  1.265381872983121e+09 -2.066226687625888e+06  1.888040641376460e+06
  1.259687887559016e+09  2.854004157658155e+06  1.673634268494654e+06
  1.264237344444735e+09 -1.336446293519831e+06  7.663591114536523e+05
  1.263263306631153e+09 -1.221364437909109e+06 -2.672979366776663e+06
  1.263056677132538e+09  1.694534906381179e+06 -2.879111257348621e+06
  1.264302199686827e+09 -8.935932744183576e+05 -5.437246220858037e+06
  1.261609699101177e+09  9.703033354942915e+05 -5.373874941474096e+06
  1.263115104868417e+09 -3.146810727470547e+06 -3.099830855856779e+06
  1.263776986939217e+09 -8.991153234536978e+05 -2.578230214651548e+06
  1.260630636687539e+09 -2.150509393256254e+06 -1.650442202757776e+06
  1.266710442372933e+09  9.521850421078890e+05  1.118378645182459e+06
  1.265694927266569e+09 -2.724538246213659e+05  3.278786982897000e+06
  1.262479109614985e+09 -2.084068441232906e+05  4.448018203029353e+06
  1.262778365468058e+09  1.940987276461064e+06  4.114475145427058e+06
  1.261464652034800e+09 -9.907820091308606e+05  1.645254521771970e+06
  1.262074974748397e+09 -3.314918163360399e+06  7.916894566841692e+05
  1.264609294022769e+09 -4.093330546962413e+06  1.211808300795587e+06
  1.265062036629953e+09  2.965645545724320e+05 -7.748640298708330e+05
  1.261133618314808e+09 -7.478948862438878e+05 -3.042654348416258e+06
  1.264078284146351e+09 -1.593864684410206e+06 -3.731602786875237e+05
  1.264175124651792e+09  6.249802095649597e+05  1.685850834956185e+06
  1.262391330121145e+09  1.889449180348645e+06 -4.032367945800152e+05
  1.260377203660540e+09  1.052376730282881e+06 -2.545631068782050e+06
  1.264900308264438e+09 -2.752483345302821e+06 -1.966969707407185e+06
  1.264241515514169e+09 -1.227081982658678e+06  7.894719867629264e+05
  1.260297625349168e+09 -1.211837374282022e+06  1.614220092986474e+06
  1.260273977028857e+09  2.949742869624199e+04  2.403235942091869e+05
  1.261289559388308e+09  6.172396285553591e+05  7.246312161513898e+05
  1.263388717748983e+09 -1.795102517766505e+06  7.079815143208639e+05
  1.263575397193263e+09  8.208353964386084e+05 -1.858205858707042e+06
  1.264585216323058e+09 -2.658360446868904e+05 -1.279454082812207e+06
  1.258958715766637e+09 -2.454496763802013e+06  1.753000912343963e+06
  1.266163748480713e+09 -4.803654405587349e+06  3.653752920270107e+06
  1.260223331601373e+09 -1.950034374809739e+06  1.631781870758849e+06
  1.259773489936203e+09 -8.259478750123141e+05 -2.130234246065610e+06
  1.262334249530925e+09 -9.902149167363996e+05  1.227058976170225e+06
  1.262602234845079e+09 -1.548309403353887e+05  2.792533206267154e+06
  1.262931778737464e+09  3.022135050015513e+06  2.918321234586184e+06
  1.265344899413863e+09  1.145340854025416e+06  2.611295762808238e+05
  1.264464864235958e+09 -1.060550602491039e+06 -1.320901786164700e+06
  1.261212925694583e+09 -1.460073469801288e+06 -4.663739134333631e+05
  1.260777104693703e+09  1.821373700578966e+06  8.009848362636614e+04
  1.262823337309255e+09 -1.886517033555535e+06 -1.346433772088356e+05
  1.262413793838110e+09  3.215379326101446e+05 -1.122218711201184e+06
  1.266239596962784e+09 -1.288543325008336e+06 -2.120098766497252e+06
  1.267127674346358e+09 -1.409077920660692e+06 -1.394344809922594e+06
  1.265822899547125e+09 -1.983252397174921e+05  5.648226132985615e+05
  1.265369114342451e+09  5.155379186634383e+05  5.839102662719919e+05
  1.264912539490756e+09 -5.149974231960515e+06 -1.724231828019104e+06
  1.263378840415414e+09 -1.456245684191163e+06 -2.245456191109178e+06
  1.260493630371372e+09 -2.979659620507204e+05 -4.466700484316619e+05
  1.261790738625139e+09  2.578651294355658e+05  4.793804111112433e+05
  1.263116456144251e+09 -8.593600037591439e+05  3.628935903048994e+06
  1.261703012281235e+09 -8.188998006342119e+04  1.083917541561794e+06
  1.264172110144388e+09  1.357397836373113e+06 -2.816574326051088e+06
  1.260319699133380e+09 -6.893071008902583e+05 -1.517109406462956e+06
  1.264215806644903e+09 -1.242703710873770e+06  6.076910029368068e+05
  1.263298507441952e+09  3.118221000590461e+06  7.320140406230483e+05
  1.259876757837954e+09 -2.427060914884028e+06 -3.391394115339691e+05
  1.263755668526076e+09 -1.290598499849771e+06 -2.135906803006122e+06
  1.261861398407380e+09 -2.200676391891283e+06 -1.967845629511373e+06
  1.266308150985482e+09 -2.891521306200609e+06 -2.051466745377378e+06
  1.260534675322752e+09 -2.271453712602810e+06 -3.028612372322959e+06
  1.265922100321848e+09  2.169268247124120e+06 -1.784541586160190e+06
  1.259638674961538e+09 -4.977480582915361e+06  1.086511741138253e+06
  1.260632983860806e+09 -2.853542134577373e+06  5.606514122013934e+03
  1.262087107992158e+09  3.162533871272160e+05 -2.359072941292725e+06
  1.263846041290301e+09  6.847595226845578e+05  3.760794439511529e+06
  1.260512496981566e+09 -3.890569170020784e+05  3.566977365301014e+06
  1.265284375349497e+09 -2.517744294022137e+06  5.434129807177668e+06
  1.262173387527485e+09 -4.949675712034047e+05  5.086494265230097e+06
  1.263063682772898e+09 -4.759805952487318e+05  1.948779918787364e+06
  1.263269827959438e+09  5.154672778446126e+05  2.672148925469319e+05
  1.265401986684634e+09  1.704053368606719e+06  1.797619350341430e+06
  1.262018286758977e+09 -1.380703097361087e+06  1.173927668559830e+06
  1.264804878881474e+09 -6.247316500810575e+05 -2.048082932566527e+06
  1.263943046424013e+09 -2.837925853984172e+06 -2.916885568809159e+06
  1.263802308599771e+09 -2.877698047123239e+06 -3.141900783775655e+06
  1.262944928881705e+09 -1.795649919384951e+06 -4.481465758313856e+06
  1.263052398390396e+09  9.067932075061181e+05 -2.937626984026877e+06
  1.263184629609830e+09 -2.200094750536731e+06 -9.088323540401481e+05
  1.263204772490117e+09 -4.939566624498630e+06  1.422747154842853e+06
  1.262142024591138e+09  1.798281686845384e+06  4.449029459816483e+06
  1.262591017586165e+09 -1.206720977359911e+05 -3.422677029290146e+05
  1.261569451506128e+09 -4.020760772201749e+05  6.348781644363415e+05
  1.264717808137471e+09 -8.602441391337765e+05 -5.476630854583648e+05
  1.266134030619550e+09 -2.676752331972648e+06  7.650945568128516e+05
  1.262407947947830e+09  6.257438004025983e+05  3.782702216964014e+06
  1.265300259770716e+09  5.912852517867340e+05  3.375703504359444e+06
  1.266099418635673e+09  6.333909619158895e+05  1.790544732691386e+06
  1.264932560719744e+09 -1.425528363161033e+06  2.087182051455166e+06
  1.260050047553547e+09  1.791635817134070e+06  3.243882296321978e+06
  1.261574474594013e+09 -1.114944470271760e+06  2.787141880470916e+06
  1.265088327629962e+09 -1.862374088138899e+06  1.827005428197633e+06
  1.264923466277466e+09 -1.795578851971459e+05  2.188287420717780e+06
  1.261919009070004e+09 -3.963318708493520e+05  3.229529854989263e+06
  1.261717474292039e+09  1.984910789725057e+06  1.660849565727867e+06
  1.262300894250382e+09 -2.842175919365282e+06 -6.850954793693562e+05
  1.260869415863322e+09  1.645472282747185e+06 -1.200498882571777e+06
  1.264850674736000e+09  8.873779573092517e+04 -1.894128327490937e+06
  1.266078023985195e+09 -2.252337952794438e+06 -1.736896629041354e+05
  1.260462578062044e+09  2.329897755885010e+06  1.718778263448559e+05
  1.267759246040080e+09 -1.500234951255283e+06  1.478983667160469e+05
  1.264944343390609e+09  5.217114191256007e+05  7.599014703969198e+05
  1.264766818098017e+09 -1.630110353404359e+06  2.740248783045002e+05
  1.263485190211820e+09 -3.493312096064137e+05 -1.180299690973186e+05
  1.262201825065975e+09 -1.116866889905352e+06  7.401338511261694e+05
  1.261761085882886e+09  3.636183409127772e+06  3.964987069305860e+05
  1.261963263021431e+09  3.975510685754886e+04  2.028803097065545e+05
  1.264290139424196e+09 -1.329582752017556e+06  5.329618026147264e+05
  1.264096185776283e+09 -6.948002960081107e+05  1.495197824497519e+06
  1.263278218906229e+09 -9.759681709251902e+05  3.000618879513021e+06
  1.263729287493069e+09  1.755691452920223e+06  2.065515350573303e+06
  1.260751428346891e+09 -1.776561872075344e+05  4.439760298048482e+05
  1.261829047123725e+09  1.394499099896684e+05 -1.458284499004369e+06
  1.264943623053929e+09 -1.877015560894731e+05  2.420635621408752e+06
  1.263758730865214e+09 -2.187150500669566e+06  3.524709868561145e+06
  1.262565772722340e+09  2.261064088702801e+06  9.356200017722113e+05
  1.263542843451903e+09 -1.754377282502161e+05 -3.914140012231906e+05
  1.262503552049338e+09 -1.140088125938383e+06 -8.612901303280592e+05
  1.264729189492441e+09 -1.859610390548824e+06 -7.939057734240106e+05
  1.264382988774734e+09 -2.333865727990303e+06  8.933747750988823e+05
  1.262150603576221e+09 -6.391119181645858e+05  1.436410544390753e+05
  1.266100135351889e+09  2.755330979451305e+06 -1.985423492399540e+06
  1.263020635950189e+09 -1.280202572190265e+06 -1.320622917769436e+06
  1.263041327856464e+09 -5.600974373971464e+05  1.069028949550011e+05
  1.261101726990853e+09 -1.971222669195948e+05  1.092537638951757e+06
  1.263472000941566e+09  2.606341518572576e+05  2.677589992249392e+06
  1.264885213774039e+09  4.589742654609797e+05  2.786123212240242e+06
  1.264525555234204e+09 -1.606359088012790e+06  4.538843138393549e+05
  1.262614241485120e+09  1.911836117577046e+06 -3.997751051797580e+05
  1.262359889349646e+09 -5.065539446686780e+05  1.997789236958180e+06
  1.266152671057151e+09 -2.877557374578841e+05  1.781047949970621e+06
  1.265699707271169e+09  1.718683003464674e+05  2.493330743751545e+06
  1.260972403005839e+09  4.553808365283314e+05  1.968032784082240e+06
  1.263005519947501e+09 -2.078560374789483e+06  1.595890213183713e+06
  1.262377883959559e+09 -2.644378416472946e+06  2.486544347283826e+06
  1.266381949989876e+09 -1.743032970893333e+06  2.502984168100969e+06
  1.266901983204781e+09 -2.931385508576599e+06  9.018101340637705e+05
  1.261877735230990e+09  1.180752114486797e+06  1.031933395104121e+06
  1.266015570123645e+09 -1.234821763895028e+06  2.444191710285437e+06
  1.263628790644730e+09  1.575453854762624e+06  1.564858540486551e+05
  1.263253862166759e+09 -4.022325254407849e+05 -2.891527503820112e+06
  1.261209163231112e+09  2.506436793290924e+06 -1.977910310875999e+06
  1.264085898990489e+09  2.710129655170713e+06 -6.685739665839234e+05
  1.262859722068286e+09 -2.423031595680020e+06  1.811050304090610e+06
  1.265699350024479e+09  1.587559263779881e+06  3.590028149079138e+06
  1.263317604648147e+09 -5.968602437602422e+05 -2.151901707088847e+05
  1.262685609962645e+09 -9.087009688523135e+05  7.967041918387974e+05
  1.263965369857191e+09 -1.035688791096769e+05  3.421246118698324e+05
  1.264348332601463e+09  9.119767667412572e+05  6.816884238282018e+05
  1.262983664339005e+09 -1.172971078067309e+06  1.646357361280621e+06
  1.263569051453441e+09 -3.182374756291285e+06  8.826346968537789e+05
  1.260903533388690e+09  6.957012710068229e+05  7.177569088458375e+04
  1.261053452877073e+09 -2.516935356071684e+06 -2.696520424960531e+04
  1.262855208176305e+09  8.227628037232356e+05  2.627265804769416e+05
  1.264061886865647e+09  5.495156427359601e+05 -1.447374660949848e+06
  1.266015502634209e+09  3.231790270693172e+06 -4.094438021953526e+06
  1.264806843711978e+09 -6.876961371823199e+05 -3.561979510984816e+06
  1.260951585623406e+09  5.363260214527085e+06 -1.795102046845106e+06
  1.263867939718720e+09  3.352483965521834e+06 -3.793633574160642e+04
  1.264350532070336e+09  3.040233239524971e+05  9.976321656295336e+05
  1.265036789304606e+09 -5.385897792530528e+05 -7.088542996000213e+04
  1.264459967301421e+09 -1.284083155672513e+06 -1.156164333204843e+06
  1.261170961682407e+09 -1.254793967430979e+06  7.435314349719612e+05
  1.263537207257882e+09  4.895831199270507e+05  5.883347299426958e+05
  1.260810451304409e+09  7.764641830871908e+05 -3.062612051414214e+06
  1.261394223002435e+09 -7.543934687391357e+05 -3.743279178388858e+06
  1.265904399919109e+09 -1.140338727007901e+06 -3.704379109541203e+05
  1.263866931533893e+09  1.638575142632102e+06  1.787560297853851e+06
  1.262223877916118e+09  2.404346322286509e+05  2.285697778607181e+05
  1.264043180569851e+09  5.213891168332443e+04 -1.898035839192357e+06
  1.265234725070313e+09  4.623569447718497e+05 -2.731962936769129e+06
  1.264271169961453e+09  2.565422307613634e+06 -2.620374091778290e+06
  1.261215303992310e+09  6.443891392563879e+05 -2.797869680271713e+06
  1.261646886279452e+09  4.912212203659160e+06 -3.445262643549569e+06
  1.263353151680048e+09  2.517059029106046e+06 -2.595451865685808e+06
  1.261634839265580e+09  2.340201798707969e+06 -1.466738528858679e+06
  1.261151399221841e+09  1.054522278709892e+06 -1.367726354912321e+06
  1.262634123574244e+09 -9.540061966104237e+05 -1.085681734571857e+06
  1.262683475305510e+09 -1.169830601966050e+06 -1.484644520081284e+06
  1.263183618377372e+09 -3.380133685140244e+05 -1.532597812589630e+04
  1.264809073897582e+09  3.309150338506061e+06  1.156563953280084e+06
  1.260264074770937e+09 -1.440046123901763e+06  2.440425541557455e+05
  1.261045389268424e+09  7.461105292542379e+05  2.712421566330109e+05
  1.264284904832751e+09  2.887531071594046e+06  2.663972901192437e+06
  1.265993759653722e+09 -1.246118130741346e+05  5.075648002871132e+06
  1.263354261391803e+09  3.507214391567834e+05  4.761150664844777e+06
  1.262607947388287e+09 -9.322538913043046e+05  2.799440411015755e+06
  1.261056532578810e+09  6.361156316389500e+05  7.085250509447559e+05
  1.263015723709275e+09 -4.081088829070640e+05 -1.260780402709484e+06
  1.264513360366651e+09  3.569328496734202e+05 -2.395427315379394e+06
  1.262022412835557e+09  1.835069516509111e+06 -2.155753642859812e+06
  1.262360009692143e+09  1.881032434931536e+06 -1.359607858650046e+06
  1.262729276006066e+09  5.569147377277553e+05 -8.800676737396319e+05
  1.261927859778176e+09 -2.350752808834746e+06  2.756436620489564e+06
  1.265033851041231e+09 -2.953410781953395e+06  1.454208873317724e+06
  1.263502650603311e+09 -9.340977494816409e+05  1.520582470779736e+06
  1.266308766119400e+09  5.514953661780800e+06 -1.978199768218248e+05
  1.263072423542294e+09  1.153389275082833e+05 -3.421174276258960e+06
  1.263433094579132e+09  2.410403368869415e+06 -3.611556815289711e+06
  1.261545264303105e+09  2.185294461432018e+06 -1.303729971470077e+06
  1.264340608645859e+09  9.276789589214814e+04  1.793130217972018e+06
  1.260946809992882e+09  1.036434074472461e+06  2.558179562772669e+06
  1.262918403571880e+09 -3.258576699216888e+06  1.262180441445210e+05
  1.263097764439062e+09 -4.743538902160483e+05  2.726146198620123e+04
  1.265343165859698e+09 -1.471832234472456e+06  2.422019346294979e+06
  1.260235048902356e+09 -1.191309437856860e+06  2.119044100754388e+06
  1.264302968588284e+09  8.478114444942918e+05  9.115527284979273e+04
  1.264307303340840e+09  7.794344456311120e+05  1.031099232313738e+05
  1.259957523539607e+09 -1.819167697017203e+06  2.282354929817601e+06
  1.259628366274526e+09 -2.647458154435159e+06  3.507805638087668e+06
  1.263018804383210e+09 -2.182405864729323e+06  3.397365812579348e+06
  1.261018640211363e+09 -6.701865022165824e+05  2.854086480640534e+06
  1.259109515859128e+09  3.190709834952484e+06  2.231800351124914e+06
  1.261313203248152e+09  2.919179239715155e+06 -8.147081014255161e+05
  1.259425389435143e+09  3.083499495324233e+06 -3.217481547644240e+06
  1.262453312852626e+09 -1.287922236772435e+05 -2.182471544945488e+06
  1.262859607894073e+09  2.432026757277125e+06 -1.290387575708723e+06
  1.266394997656108e+09 -1.788527196855560e+05 -9.481336544417936e+05
  1.262062532580399e+09 -3.251731167074989e+06  1.766059941706204e+06
  1.263840419395271e+09 -1.039232504939295e+06  2.330484826068270e+06
  1.265429400304783e+09 -1.273171619928886e+06 -2.138976843938826e+05
  1.260314433739701e+09 -1.505934082751046e+06 -1.228740906554521e+06
  1.260638771352097e+09  1.587264802809591e+05 -4.896321815204123e+05
  1.264079483928318e+09  9.552945836626538e+05  1.218142798898997e+05
  1.263235516599026e+09 -1.306403180472025e+06  1.456309901176958e+06
