1 1 1 3.527161567685333e-01 4.521213491976958e-01 7.170424233793624e-02
1 1 2 3.751402191342054e-01 2.547542530992421e-01 -5.325487610262948e-02
1 1 3 -2.609281349439681e-01 1.407182914463164e-01 3.193516590508304e-01
1 1 4 4.136462458659007e-04 2.570637332329361e-01 4.094195795063821e-01
1 1 5 6.459756666537414e-02 1.782355588311224e-01 -1.114156341112736e-01
1 1 6 1.160284857178923e-03 1.218228067236523e-01 -8.511923373848460e-02
1 1 7 -2.898847241546227e-01 2.553020585671416e-01 8.227479053851040e-02
1 1 8 -6.262157162424867e-01 -9.692476283144145e-02 -1.346028610100334e-01
1 1 9 -1.761331175605491e-01 -2.611729048799891e-01 1.673734329769114e-01
1 1 10 3.113657565272129e-01 -7.481734889712266e-02 2.885525716043882e-01
1 1 11 3.586724359188669e-01 1.794526882133885e-01 4.967440789253781e-02
1 1 12 1.096723699271185e-01 -2.790983643125095e-01 1.539677184258297e-01
1 2 1 -4.125867203134383e-01 3.199729637194425e-01 -2.964732511424914e-01
1 2 2 1.041908472148234e-01 2.169990941037193e-01 -6.689945376208373e-02
1 2 3 3.531214412996657e-01 2.605422459502911e-01 9.501415958035248e-02
1 2 4 2.004835036646244e-02 3.894286843858255e-01 1.378475717479506e-01
1 2 5 2.193756535685765e-03 2.924293017601911e-01 2.860525618075312e-01
1 2 6 1.030037497824169e-01 2.091866625390914e-01 4.771382802983682e-01
1 2 7 4.408669403899096e-02 1.270702041313339e-01 1.212168068394286e-01
1 2 8 1.705054317790705e-01 -1.984319530615525e-02 -2.412689813041955e-01
1 2 9 2.297534169955349e-01 -2.709492009691059e-02 9.061144382790515e-04
1 2 10 7.195238392089741e-02 1.188097711904785e-01 3.017143550224577e-01
1 2 11 2.133067376560173e-01 3.626402796211654e-01 2.129290497690188e-01
1 2 12 3.792282017437613e-01 -4.608149756902015e-01 -1.888863307103786e-01
1 3 1 -1.897458815736810e-01 1.021558124066630e-01 3.988487490651390e-01
1 3 2 1.043402650810862e-01 2.533142879152893e-01 2.850040287919757e-01
1 3 3 -4.453132898610123e-01 1.068711719586823e-01 3.732485251240790e-01
1 3 4 -1.550641907369329e-02 3.314592601371095e-01 1.215202970893029e-01
1 3 5 -8.066796533893787e-02 4.497534645594129e-01 -9.157513389217560e-02
1 3 6 -2.164769012486267e-01 1.989771199356899e-01 -1.623183737022013e-01
1 3 7 -4.086046594073035e-01 -1.773670910146273e-02 3.201252271976643e-02
1 3 8 -7.543942545058469e-02 6.087455969615849e-02 4.066289551876656e-01
1 3 9 7.217674980150365e-02 1.665217649116366e-01 1.642209260304668e-01
1 3 10 -8.978139246059869e-02 -4.834595974063241e-02 1.011680034357398e-01
1 3 11 -2.429897999133749e-01 8.962954016827607e-02 3.839810003963840e-01
1 3 12 -2.686073104608191e-02 -3.418020519585094e-01 5.087336786411771e-01
1 4 1 2.577927197772512e-01 1.182300354820775e-01 -1.363771324683673e-01
1 4 2 -6.016355076499932e-02 -6.844981860230409e-02 -2.472219453430166e-01
1 4 3 2.642273359964673e-01 -1.318431910031263e-01 -1.865631537537926e-01
1 4 4 -3.719860950892327e-01 3.987813584087604e-01 -1.464166205024663e-01
1 4 5 -2.212002260642711e-01 2.714291058549129e-02 -4.678722780706693e-02
1 4 6 -1.505217044994244e-01 1.910522617680376e-01 2.390272015625068e-01
1 4 7 -1.397261160140944e-01 -1.952247014485700e-02 5.149838403254273e-02
1 4 8 -3.133953372601160e-01 -3.921959932791247e-02 -5.250038435917942e-02
1 4 9 -1.090901129288493e-01 1.096736591219793e-01 2.660817359236645e-01
1 4 10 3.950225022543896e-02 9.110615809533820e-02 -1.809936086648857e-01
1 4 11 1.119025482518430e-02 -1.460076547600595e-01 -2.389288021799058e-01
1 4 12 1.521878110186636e-01 2.071226031009989e-01 9.702916105411588e-02
1 5 1 1.946326519657689e-01 1.484132408029567e-01 -9.463526289249688e-02
1 5 2 -1.492948958286386e-01 -7.421323458660764e-02 1.790637749723060e-01
1 5 3 7.075397775461310e-02 1.450924590425187e-02 -1.241986519178701e-03
1 5 4 -1.395027844242453e-01 1.981403035570363e-01 -2.071677853311321e-01
1 5 5 -4.744779135917554e-01 7.042738141110025e-02 -4.029025291475197e-01
1 5 6 2.924118560526067e-01 6.036323291936647e-02 -1.747821968128709e-01
1 5 7 2.325171999990636e-01 3.512046128751435e-01 -5.298547238086151e-02
1 5 8 6.755218988416242e-02 5.307690308715185e-02 -2.940897421571411e-01
1 5 9 -1.152061424021743e-01 4.195998402282675e-01 -1.653182577762330e-02
1 5 10 -1.681943862992678e-01 3.989020774570606e-01 -1.555622663313085e-01
1 5 11 -1.388527871367527e-01 -8.159358913007553e-02 -3.501613097499285e-01
1 5 12 2.318355872729295e-01 1.636191272826768e-01 -2.659201708074619e-01
1 6 1 1.497944525677266e-01 2.282232617781502e-01 -8.645268049564542e-02
1 6 2 1.605781348195276e-01 1.139616941144063e-01 -8.151675975781589e-02
1 6 3 -2.870253028250026e-02 1.773250965391094e-01 -3.222685258585234e-01
1 6 4 2.550125124671137e-01 1.028835204347169e-01 -6.495058755476364e-02
1 6 5 5.753005019954975e-02 3.087501159909291e-01 1.144350271345840e-01
1 6 6 -1.422938936668886e-01 -1.822876261557074e-01 1.501909168171083e-01
1 6 7 -2.484956673917337e-01 2.929217670410297e-01 1.788682413757443e-01
1 6 8 -3.166678686465146e-02 1.486913116162773e-01 -1.823015574831970e-02
1 6 9 -2.360962476113609e-01 4.612533646610427e-01 -1.788592890662347e-02
1 6 10 -4.568230173631602e-01 3.823066112859386e-01 -5.657981831585973e-03
1 6 11 -2.910301778573855e-02 -2.776250075801820e-01 -1.676532215334861e-01
1 6 12 -2.600667792298434e-01 -2.718942509257971e-01 -2.807925202085731e-01
1 7 1 -1.744187752967737e-01 4.147295671735584e-01 -3.002199565082097e-01
1 7 2 1.037533974486646e-01 3.008454184825278e-02 1.306708419694328e-01
1 7 3 2.019794055032057e-01 1.505008477208540e-01 3.844319770793416e-01
1 7 4 3.390247213845780e-01 1.688550855577592e-01 1.108569174149151e-01
1 7 5 -2.621612215837436e-02 2.264956215833296e-01 5.223823927226018e-02
1 7 6 -4.933924853185168e-01 -4.340476671028638e-01 1.831567213855089e-01
1 7 7 -1.392806229570946e-01 -1.827325455459318e-01 -2.379299630682672e-01
1 7 8 6.036291647501391e-02 -1.235986737936979e-01 -2.270255514545842e-01
1 7 9 -8.949273440581379e-02 9.829079421121403e-02 -1.372589453005540e-01
1 7 10 2.289989487670930e-01 1.168728639598228e-02 1.070655969895032e-01
1 7 11 4.162698549790358e-02 -1.098931402868868e-01 2.917892721928113e-01
1 7 12 1.603096597898911e-01 -1.138102077133074e-01 -2.516739026373938e-01
1 8 1 7.987570616585296e-02 1.114450052122759e-01 -5.052084367981473e-01
1 8 2 1.966400274564047e-01 3.183560703571270e-01 -1.962449418990967e-01
1 8 3 1.422489526387490e-02 1.351900122063965e-01 3.374461274388688e-01
1 8 4 4.422633593741546e-01 1.689698099776139e-02 5.127302908381695e-01
1 8 5 -5.273569638036102e-03 1.930274302187470e-01 2.182741545367748e-01
1 8 6 1.515075522412414e-01 -4.008916389276710e-01 -5.283887818135813e-02
1 8 7 8.160839016620321e-02 -9.044378037045112e-02 5.335260723107743e-02
1 8 8 8.187782456900808e-02 1.132499592356067e-01 1.474785698647861e-01
1 8 9 2.505455445627019e-02 1.291054945176407e-01 1.372213448288956e-01
1 8 10 -3.315023105189813e-01 -4.959913891556162e-02 -1.029167034738806e-01
1 8 11 -1.221113300985080e-01 2.754616495010963e-01 8.988997540778179e-02
1 8 12 -4.730002667774130e-02 2.753591531278116e-01 2.276743549663099e-02
1 9 1 9.991090950735186e-02 -1.457136109723644e-01 -2.940075387872455e-02
1 9 2 -1.615085322220220e-01 1.843945209563291e-01 -1.915597532341902e-01
1 9 3 -2.827025517343426e-01 -1.610062526820289e-01 -7.130121929000523e-02
1 9 4 -1.328078698900253e-01 -1.819042192498892e-01 4.765210527254823e-02
1 9 5 2.757443750306446e-01 -2.303223750107155e-01 -1.606676929585291e-01
1 9 6 -1.839968987203608e-01 -7.097513772056696e-02 -1.593601929330702e-01
1 9 7 5.101658275249543e-02 1.736572993925768e-01 6.033237052353006e-02
1 9 8 -2.876582318945611e-02 2.612411997376610e-01 1.003530517074504e-01
1 9 9 2.512274804664203e-01 8.918751739145706e-02 5.630666793591158e-02
1 9 10 5.464069890139579e-01 -1.160273473990714e-01 1.428976191592064e-01
1 9 11 -1.732012061946223e-01 2.103932744158279e-02 3.699625005832203e-01
1 9 12 4.204869308387840e-01 9.090737229735146e-02 2.852490429434584e-01
1 10 1 2.253356097444715e-01 -3.857684328850362e-02 -2.003744541808478e-01
1 10 2 -5.853363752946941e-02 3.600021757361239e-02 -1.413207196307082e-01
1 10 3 3.129328660165903e-02 -4.884127539157647e-01 6.257729689207372e-02
1 10 4 2.380333250585719e-01 -9.684184180224091e-02 9.936071550431513e-02
1 10 5 3.690549268575692e-01 -3.306082557326154e-01 -8.586582375952184e-02
1 10 6 9.859458603713357e-02 -3.644525966696429e-01 2.135848113678531e-01
1 10 7 -5.012010108813063e-01 2.234912424802154e-01 4.290720080405486e-02
1 10 8 -5.921658779811009e-01 2.781371250159907e-02 -2.295568487163296e-01
1 10 9 -1.756380347714503e-01 -3.407771135482601e-02 1.115415770763548e-01
1 10 10 9.959591773309746e-02 -1.614219489552913e-01 1.611970360815833e-01
1 10 11 -5.854558769211658e-02 -3.658691284745397e-01 -2.261310791550891e-01
1 10 12 2.379792674974885e-01 -4.239694439369789e-01 -3.986102769296891e-01
1 11 1 9.220396393469063e-02 -4.189810863240018e-02 -4.494790473092220e-01
1 11 2 2.472299069720290e-01 5.451164617329242e-02 -3.685140711281779e-01
1 11 3 -1.699215218863002e-01 -8.936193001627410e-02 -1.336370344719918e-01
1 11 4 3.686261203391469e-01 -4.606291282705482e-03 1.402944626644551e-01
1 11 5 -2.107400042491306e-01 -3.319499755026406e-02 -3.823068370473813e-02
1 11 6 6.378600369533570e-02 -6.992970531591447e-01 6.347684952396128e-02
1 11 7 -1.319365799126134e-01 3.318191510665508e-01 1.205456595960405e-01
1 11 8 1.787467365209522e-02 -7.057748941563316e-04 -1.020342207819201e-02
1 11 9 -2.096201755090653e-01 -2.844466891876275e-01 -1.821394537101424e-01
1 11 10 -7.246201373558968e-02 -1.616297149140627e-01 -2.309796834816513e-01
1 11 11 -2.229868414544887e-01 -4.141331334389312e-02 2.514729350673522e-01
1 11 12 -5.932471995519535e-02 -3.060100365337551e-01 -2.554176003309663e-02
1 12 1 -1.103746846871789e-01 1.905138270726669e-01 -1.487524024858114e-01
1 12 2 -1.921414065218158e-01 8.597875785923717e-02 -2.464804441349172e-01
1 12 3 8.828755025458455e-03 2.094299645548956e-01 -5.025234063180011e-01
1 12 4 -3.156615083687677e-01 -4.214083047257670e-02 -2.490735155781762e-01
1 12 5 2.052665465410011e-03 1.706531510012426e-01 -1.030840648338953e-01
1 12 6 1.378851463864691e-01 -2.757637609579745e-01 -1.006440214873158e-01
1 12 7 1.594500433501760e-01 3.779969041167472e-01 4.032049301932569e-02
1 12 8 -3.790979231956473e-01 -7.672873771773961e-02 -6.776048509417505e-02
1 12 9 -1.077513669637893e-01 -4.108795641739675e-01 -8.457815846192117e-02
1 12 10 6.401912875017737e-02 -3.714324597987487e-01 -2.941268429201640e-01
1 12 11 3.052369467249381e-02 2.086213747549114e-01 -2.958499587578927e-01
1 12 12 9.304500884494055e-02 -1.119972466138862e-01 -1.363821886234476e-01
2 1 1 2.526699060798177e-01 5.719392004793103e-03 1.198856801086881e-01
2 1 2 4.584670097872391e-01 -2.473035780255803e-01 2.676641914102566e-02
2 1 3 -3.305739323155033e-02 -2.753114139355269e-01 1.595112959178686e-01
2 1 4 -7.620559449555600e-03 -3.569919066565020e-02 3.273413558524176e-01
2 1 5 -1.502090805785851e-01 9.524410455920895e-03 2.164978651826370e-01
2 1 6 1.210179703555174e-01 5.253284508398470e-02 -1.543689463171333e-02
2 1 7 -4.684920718934899e-01 -7.469632990872596e-02 -4.463553043536570e-01
2 1 8 -2.564207670250014e-01 2.592826471186784e-01 -1.190829947179925e-01
2 1 9 -9.164187429192167e-02 -2.342240260398200e-02 1.651318997864182e-01
2 1 10 1.874789249281193e-01 -4.908922494335518e-01 1.865879342568029e-01
2 1 11 -1.649014566876475e-01 -1.507163773433132e-01 1.600710475871306e-01
2 1 12 3.059735471392397e-01 -2.122764776054454e-01 -3.143333567145486e-02
2 2 1 -9.627952789790133e-02 2.349508465961602e-02 2.127160309026141e-01
2 2 2 8.593588098367581e-02 1.311947472834199e-01 1.563408767375278e-01
2 2 3 -2.684453121710810e-01 -1.707879457665640e-01 -4.304443379465926e-02
2 2 4 1.877957499085967e-01 3.568881482379115e-02 -5.458111620312358e-02
2 2 5 -9.492360217018300e-02 -5.013538707947481e-02 2.793236957296100e-01
2 2 6 -1.850694772193666e-01 -3.833250696015880e-02 -6.749244859194284e-02
2 2 7 -3.157947574917657e-01 1.426775680717182e-01 -2.174413446618689e-01
2 2 8 1.404642056344924e-01 -2.689554679714979e-01 -1.173857853681871e-01
2 2 9 5.362646228892671e-01 1.142066700772499e-01 -4.026226066276543e-01
2 2 10 -1.437293121922322e-01 -2.360330755460155e-01 1.179750965666564e-01
2 2 11 2.345526359711965e-01 -4.496731814639116e-02 3.103593886917600e-01
2 2 12 -4.390972117217927e-01 -9.289148710364659e-02 1.044341070988710e-01
2 3 1 7.287213969950632e-02 1.097018530431031e-01 2.461013632681785e-01
2 3 2 1.805527569598932e-01 1.692504453997964e-01 1.571646630441656e-01
2 3 3 -5.409684818239542e-01 1.524748459229780e-01 2.072136177282754e-01
2 3 4 -2.273368188170766e-02 1.272038009682725e-01 -2.481836358797951e-03
2 3 5 1.497042514070853e-01 -3.454071576078239e-01 -2.240687732717362e-01
2 3 6 -2.832654656621798e-01 -2.617925488934469e-01 1.820381835822763e-01
2 3 7 8.168821908006496e-03 -3.455150269695770e-02 1.663851902392183e-01
2 3 8 -1.004072857949653e-01 -1.615807664341096e-01 1.587309664504719e-01
2 3 9 9.654304873275554e-02 7.137663934306751e-02 5.221077256860568e-02
2 3 10 -1.730688953597208e-01 6.481184665516908e-02 2.344381294938268e-01
2 3 11 2.061064237365925e-01 -2.617075934367104e-01 2.255157239899163e-01
2 3 12 -4.201961273083196e-01 1.888839833105396e-01 -5.653221168948458e-02
2 4 1 -3.004817392154677e-02 2.776931362928874e-01 3.856977440278980e-01
2 4 2 9.292383464759149e-02 -5.175497775432512e-02 3.370816218595354e-01
2 4 3 1.819030178776682e-01 -2.713986616007830e-01 -1.117728062710654e-01
2 4 4 -4.973018847306480e-01 1.096752501281448e-01 -6.387229419138958e-01
2 4 5 3.471313860955093e-01 -8.864806438759538e-02 -6.439207245506453e-01
2 4 6 -3.399447300520334e-01 1.654384398181274e-01 -7.327776676187339e-02
2 4 7 6.943560514958308e-02 -9.860303415750835e-02 -9.441835057487874e-02
2 4 8 -1.534593677648577e-03 1.099927986519826e-01 -5.708163780701361e-02
2 4 9 -2.536936741272147e-01 3.364346927420667e-01 2.225029954665804e-01
2 4 10 -9.784017160489672e-02 1.223294586930104e-03 1.740132164734878e-01
2 4 11 5.303520637706158e-02 -2.178758049741479e-01 2.770618824406362e-01
2 4 12 1.809918605440476e-01 1.969433331744818e-01 2.931382486882850e-01
2 5 1 4.300843591234397e-01 3.850015781347204e-01 -2.118268449375185e-01
2 5 2 -2.916767435378741e-01 -8.714686334882676e-02 7.169720739363640e-02
2 5 3 1.363050011855699e-01 -4.719111481472127e-02 3.848618500102957e-01
2 5 4 2.672389594237845e-02 2.208974747646019e-01 3.593923856180359e-01
2 5 5 -2.464512517802477e-01 7.979781601431712e-02 3.935868254224814e-01
2 5 6 3.124642183313918e-01 2.979357255580135e-01 2.016999015942299e-01
2 5 7 1.569998257887962e-01 3.141175190848863e-02 -4.803717520685304e-01
2 5 8 -5.617252426697916e-03 1.792821848466792e-01 -1.778673900732553e-01
2 5 9 2.210219923144523e-01 3.813926739900854e-01 1.078599270782168e-01
2 5 10 3.999226738437083e-01 1.781353381017038e-01 -8.120044246249830e-02
2 5 11 -3.203642304228109e-01 -1.031878650468628e-01 3.016308011669759e-01
2 5 12 -1.377985566980804e-01 -1.900041085604603e-02 1.220191446017722e-01
2 6 1 1.250588347724566e-01 1.515043483718034e-02 1.509799658770192e-01
2 6 2 2.050618294258816e-01 8.443999676818539e-02 1.464408615537231e-01
2 6 3 -1.220018891207111e-01 2.882599459683896e-02 7.804712848877757e-02
2 6 4 1.891637398668940e-01 1.291166533196913e-01 3.258684907631538e-01
2 6 5 -7.625541614422516e-03 -3.754209448937983e-02 1.595513660089978e-01
2 6 6 1.673498779977772e-01 2.134298276345249e-01 -8.092083216021513e-02
2 6 7 1.069245600713568e-01 1.142856025912289e-01 -1.790421190762427e-01
2 6 8 1.837600311329701e-01 4.112581981997163e-01 2.379428823812016e-01
2 6 9 1.787712941035149e-01 -1.423118185851146e-01 3.169217213150661e-01
2 6 10 -4.379220365438566e-01 2.479922296025571e-01 -2.503993976618934e-01
2 6 11 1.560426408917170e-01 -2.936850293586864e-01 -3.153236777694178e-01
2 6 12 8.828874434139600e-03 -2.983596065421885e-02 -1.677976200317698e-01
2 7 1 -3.944682883002962e-02 -1.065738189337854e-01 3.006959084896090e-02
2 7 2 1.974413512467930e-02 2.595824634809765e-01 1.959486203994739e-02
2 7 3 2.718264117327669e-01 -3.581747083126831e-01 6.707790458888657e-02
2 7 4 2.753523521843378e-01 2.454082367761858e-02 1.416563802888522e-01
2 7 5 2.114367917437767e-01 -5.752258603116651e-02 1.888868094004249e-01
2 7 6 -1.106283860549258e-01 6.615364475332899e-02 6.160729138790774e-03
2 7 7 -1.899705757366165e-01 3.693727403246157e-01 -2.734520824780363e-01
2 7 8 7.813574464483368e-02 4.112967448620210e-01 -8.674293091180253e-02
2 7 9 7.740388839507255e-02 -4.043477899049124e-01 3.606582733746095e-01
2 7 10 -7.845246942203890e-02 -4.184909548069898e-02 1.802542947570795e-01
2 7 11 2.140008746533265e-02 -4.416493862639305e-02 -5.827507771702291e-02
2 7 12 1.672237031261758e-01 1.527773396296405e-01 5.404208270495520e-02
2 8 1 5.211310483104243e-01 6.033511479170746e-02 1.224003783125763e-01
2 8 2 1.774160881383536e-01 2.574068819216516e-01 -1.198169228200992e-02
2 8 3 -2.199079524115903e-01 7.048994686958007e-02 -1.340377134528379e-01
2 8 4 3.251407803293295e-01 -3.516231252970395e-02 -2.445682317278577e-01
2 8 5 -2.722711596021843e-01 -2.893692643063601e-01 -8.464617272586086e-02
2 8 6 6.603447272525882e-01 2.323833841513234e-01 1.069052258579489e-01
2 8 7 2.279544869833844e-01 6.007000446355412e-02 -8.427670190400990e-02
2 8 8 -2.331563000373870e-01 4.447722474809072e-01 1.922532487485530e-01
2 8 9 -3.347870656194916e-01 -1.347820804763200e-01 2.511323942943616e-02
2 8 10 -6.022661306071284e-02 -2.137866726273573e-01 8.217806676738526e-02
2 8 11 2.274226618602737e-01 4.928559118787770e-03 4.386904277073844e-02
2 8 12 6.333633446951378e-02 9.986867902432384e-02 -2.363645449339772e-01
2 9 1 2.368146377734278e-01 -5.747701236009653e-02 -8.817299897997539e-02
2 9 2 -4.495984307890642e-02 3.412010226038401e-01 -2.127334154141016e-01
2 9 3 -1.158541791431737e-01 1.511199829142181e-01 1.495606787450705e-01
2 9 4 4.384421347053247e-02 -2.111891440532768e-02 4.237187211520502e-01
2 9 5 -1.277581304647460e-01 -5.208195903622016e-01 4.770477664012124e-01
2 9 6 2.017593694421212e-01 2.652101906262751e-01 2.238156890260395e-01
2 9 7 1.827207221230452e-01 -2.430516216216389e-01 2.515471448613830e-01
2 9 8 -1.402767511736219e-01 2.342157369702582e-01 2.096493215831581e-01
2 9 9 2.702401102598062e-01 4.938688817698751e-02 -2.078205412397371e-01
2 9 10 1.776735871878166e-01 -2.923590246427789e-01 -2.394992742143826e-01
2 9 11 -1.911340321437306e-01 -2.306012204263481e-01 -7.020265612667673e-02
2 9 12 -4.601487997455206e-02 8.769261621660814e-02 1.070083515285129e-01
2 10 1 1.053908011395480e-01 -5.099174511884216e-02 2.164213247987142e-01
2 10 2 1.609093449627916e-01 5.748773513567315e-01 1.812317979917107e-01
2 10 3 2.643100055633655e-01 -4.225967865487573e-02 -1.203356554704960e-01
2 10 4 -1.131502284195919e-01 -5.076230977764763e-02 -3.439558689189200e-01
2 10 5 2.710923661049771e-01 -2.707563548822828e-01 -3.385924456513587e-01
2 10 6 1.488283055823786e-02 4.907472254440763e-02 -2.044882276198493e-01
2 10 7 4.102206183781999e-02 1.188033840732578e-01 -6.500656052496037e-02
2 10 8 -2.624381822870422e-01 6.791435689832959e-02 -2.424701728874361e-01
2 10 9 2.368752597573714e-01 2.330780737902305e-01 -2.988692096761005e-01
2 10 10 -3.509498574125189e-01 -1.076206027475988e-01 -1.732962699466910e-01
2 10 11 -7.334256725220449e-02 -1.338602021990673e-01 1.142178208081155e-01
2 10 12 1.780135845465256e-01 6.389176759613219e-02 2.908140156650998e-01
2 11 1 1.182254501611850e-01 -4.229878886339895e-01 3.323450257501473e-02
2 11 2 3.170112791191294e-01 4.946301624381149e-01 2.162195135084786e-01
2 11 3 -1.230738317291335e-01 3.184738902638281e-01 4.937869734050211e-02
2 11 4 -2.286949811602036e-01 4.062530009409424e-02 1.160703696334317e-02
2 11 5 -6.330112832170576e-02 2.582354962596247e-01 3.640018827280669e-01
2 11 6 -8.399650410231072e-02 1.627256313219373e-01 1.036011566854828e-01
2 11 7 -4.617142326852686e-02 1.573693329652376e-01 -1.162106437375579e-01
2 11 8 -1.729581048937490e-01 -7.804865657266982e-02 1.939102497288672e-01
2 11 9 -3.925223616512916e-03 2.374733268122143e-01 3.630112866762715e-01
2 11 10 -1.719281804154251e-01 -1.717350312116410e-01 2.415216315836187e-01
2 11 11 -2.940834623018773e-01 1.085750733761560e-02 1.590364638099195e-03
2 11 12 -9.587228883567406e-02 -1.459494602752411e-01 -7.185349824939395e-02
2 12 1 -1.880391775481128e-01 -4.122979222078040e-01 -2.109610119726961e-01
2 12 2 1.957696340381135e-01 -6.595034702734237e-02 -1.865813449613090e-01
2 12 3 -1.134687841676988e-01 3.265218265938966e-01 -1.848548175780204e-01
2 12 4 -4.673754867747661e-01 1.678931984693336e-01 -1.399064771285690e-01
2 12 5 2.539462739182832e-01 1.602595538737636e-01 -7.226505369651680e-02
2 12 6 -7.012082539091877e-02 -3.922837873813199e-02 8.409609006562764e-02
2 12 7 2.730019620983156e-01 -1.313791540712313e-01 4.363430393034677e-02
2 12 8 -4.381349659114286e-01 7.946575753141968e-02 2.613437840926949e-01
2 12 9 -4.294242738151265e-01 -9.476620173465208e-02 3.759814334589361e-01
2 12 10 2.593744422110887e-01 -4.456633892803133e-01 1.882340556025041e-01
2 12 11 7.802200198993434e-02 -9.406069198250694e-02 1.137045451440802e-01
2 12 12 -5.357642011603571e-02 -1.858487416170166e-01 -1.419467083848190e-01
3 1 1 -6.559311444295767e-03 4.719905006789770e-01 1.222453328936473e-01
3 1 2 7.011983219019532e-02 -3.061617091308629e-02 -4.812550731789811e-01
3 1 3 -3.413875791924634e-01 4.021721610019788e-02 -6.490499921211010e-01
3 1 4 -1.355212534393228e-01 -1.572563525875777e-01 -1.333809036272256e-01
3 1 5 -6.213290176839163e-02 1.669292779700005e-01 2.279381546222449e-01
3 1 6 5.594972127301192e-02 2.236844858476898e-01 4.445113241376590e-01
3 1 7 -7.817316393240605e-02 -2.106977247355784e-02 1.604969999645795e-01
3 1 8 1.187525836113326e-01 4.781630140707094e-03 -2.400272845491819e-01
3 1 9 -9.033607329693709e-02 -2.219956318566983e-01 -2.662684784815434e-01
3 1 10 3.639104350557780e-02 -1.848810201181530e-01 -1.342346451106522e-01
3 1 11 -3.973482969674392e-01 4.684328159246585e-02 3.148130043453597e-01
3 1 12 -7.246695159258240e-02 1.228881154818936e-01 4.545616035515689e-01
3 2 1 6.427342339184029e-02 1.326170173724783e-01 2.278303968216208e-01
3 2 2 -1.139900358019305e-01 -2.018332497855383e-02 1.927804358228520e-01
3 2 3 -1.619295881618221e-01 -1.427484408561128e-01 1.651700314429450e-01
3 2 4 3.364943972887635e-01 3.531242515843312e-02 3.473426111605760e-01
3 2 5 -2.691674692928041e-01 1.438870588665711e-01 1.772645877461124e-01
3 2 6 -8.973703346259460e-02 1.116381533993218e-01 -1.091045330002818e-01
3 2 7 3.729792812560926e-01 -2.882478481434502e-01 -4.588396843222590e-01
3 2 8 1.166768547242733e-01 -3.576892616427496e-01 -2.308562346441301e-01
3 2 9 5.634610810080156e-01 -3.018905759048903e-01 2.847017153679439e-02
3 2 10 -9.623486489800330e-02 6.357709795029297e-02 8.216670888089159e-02
3 2 11 3.384893831995102e-01 1.135544714022038e-01 -2.103265001373833e-02
3 2 12 -5.263067637036207e-01 -4.947700237738620e-02 -1.634661350084324e-01
3 3 1 2.856859696200455e-01 -3.935267039928007e-01 1.382679146618478e-01
3 3 2 4.661208808140536e-01 -8.236727084816214e-02 -3.176449598451842e-02
3 3 3 -1.122235512357180e-01 -6.239126188327838e-02 1.163842142697346e-01
3 3 4 -1.886107656637262e-01 -1.183236898628873e-01 1.157799641110930e-01
3 3 5 3.540962345985398e-01 -1.195934548148584e-02 7.157978911790942e-03
3 3 6 -2.481017912623547e-01 -1.727081338992799e-01 -1.252445455568869e-01
3 3 7 -9.377611104869216e-02 -1.970882483448610e-01 -2.356460592987243e-01
3 3 8 -2.969268471329953e-01 -3.043210125325104e-01 1.191134359276991e-01
3 3 9 1.277786127002983e-01 -1.786635453698841e-01 1.027995442887952e-02
3 3 10 -9.395646797282192e-02 -5.291999256313454e-02 -7.060817383966694e-02
3 3 11 9.621676126664036e-02 2.399382367794445e-01 5.398902318654011e-02
3 3 12 -2.602182472192987e-01 -1.453840617820086e-01 8.315684150234895e-02
3 4 1 -4.944074180149639e-02 -1.802626222926131e-01 3.974785620771519e-02
3 4 2 9.321372779852189e-03 -6.681304761896627e-02 -1.507686607019206e-01
3 4 3 -1.151024443945902e-01 2.674678111328287e-01 -3.566118261486575e-01
3 4 4 -2.424806919557259e-01 -5.876914536095452e-01 -3.502962755174700e-01
3 4 5 3.094988791962402e-01 2.853649769423814e-01 2.885350931659253e-02
3 4 6 -1.686625820273907e-01 2.792500832204848e-02 8.360284506867664e-02
3 4 7 -2.653094439270826e-02 -7.666905306444724e-02 -8.089604665452664e-02
3 4 8 4.301113217913600e-01 -4.472972875720289e-01 8.123854724704785e-02
3 4 9 -1.215004466083962e-01 -1.175180099257768e-01 4.536809914283673e-01
3 4 10 -2.118889456324276e-01 -2.541489380378494e-01 2.518398786424313e-01
3 4 11 1.941229711711833e-01 -2.338925768753504e-01 1.752558229275683e-03
3 4 12 -3.480818465370662e-02 -5.913980172045361e-01 1.709107076400014e-01
3 5 1 1.625287893524764e-01 -9.299757191735469e-02 -2.049555549681808e-02
3 5 2 -1.723280360199879e-01 1.287406688166502e-01 6.905311606836317e-02
3 5 3 3.445900366941820e-01 4.583383585926927e-01 2.314330699425550e-01
3 5 4 1.627431188892131e-01 4.334680565762622e-02 -4.860933152327460e-02
3 5 5 4.508802854741547e-01 -6.344069187938933e-02 2.850815764400111e-02
3 5 6 3.805051120075043e-01 2.520230282701715e-01 -2.834558321494327e-02
3 5 7 -2.413324394441801e-01 -8.609667139956936e-02 -5.133879772711092e-02
3 5 8 5.587658827870473e-02 -3.417311608288066e-01 -2.473093734739152e-01
3 5 9 3.068211055093231e-01 2.570088233466303e-01 -3.109701272515704e-01
3 5 10 1.300050668528557e-01 -1.921843130799988e-01 2.461765906456503e-01
3 5 11 4.110530827821748e-02 -9.727421729268027e-02 7.910792923012561e-02
3 5 12 -1.110722516572879e-01 -3.612581569155876e-01 -3.472074216069818e-02
3 6 1 1.492166159259929e-02 -1.752796629972785e-01 -1.840295268084727e-01
3 6 2 8.708144525471426e-02 1.088608969117211e-01 -1.853860401925613e-01
3 6 3 -1.965456673559912e-01 -4.523462956553281e-02 -4.241060080185557e-03
3 6 4 -1.924555434113836e-01 6.429065414274976e-01 -9.951904154645047e-02
3 6 5 -4.542332594673537e-01 -3.017579516473070e-01 -5.463609263863831e-02
3 6 6 9.809110509704091e-02 2.918388334912343e-01 -2.271419094369885e-02
3 6 7 3.654123544375554e-01 5.725228348088503e-02 1.277097556092367e-01
3 6 8 -4.268760533234471e-02 -7.642752883725379e-02 1.134961372460200e-01
3 6 9 3.081191276787874e-01 2.019521031394342e-01 2.564726468261853e-02
3 6 10 -4.178875567971754e-02 -6.273630225292783e-02 1.840808347435550e-01
3 6 11 1.246045287510480e-01 2.338087641726253e-01 1.247779568294220e-01
3 6 12 3.630061448561139e-02 1.601304202586750e-01 4.527059828711627e-02
3 7 1 8.930993684536084e-02 -5.390391784352853e-01 -3.246360116592205e-01
3 7 2 -5.709874295026264e-02 -2.597197668763774e-01 -2.742696515267329e-01
3 7 3 2.340084375254594e-01 -3.144837752839745e-01 -1.388396250751229e-01
3 7 4 6.721548422555550e-02 -3.409077597036181e-02 -9.188487255487549e-02
3 7 5 3.018905443147600e-01 2.905878113029586e-01 3.451569348043128e-02
3 7 6 4.857734943152867e-02 2.415209824010094e-01 2.610871801088567e-01
3 7 7 -2.007167128784803e-01 -1.336632810848555e-01 1.125563385678112e-01
3 7 8 1.226070087012886e-01 7.063586614201277e-04 -5.756139766374603e-02
3 7 9 1.621132798795753e-01 -1.952661026144417e-01 -3.001933811241916e-02
3 7 10 -5.312877155438082e-02 -1.815808666536842e-02 1.211896633953047e-03
3 7 11 7.922250747893668e-02 1.003343828729827e-01 8.060413444541585e-02
3 7 12 1.325653486364960e-01 2.030364957887817e-01 -1.044019633505597e-01
3 8 1 4.161394420455370e-01 -4.621977516340374e-01 -4.877737333294325e-01
3 8 2 -6.095771229503527e-03 4.154845377268451e-02 -2.779072465469663e-01
3 8 3 -4.294468430241644e-03 -1.394384801963304e-01 -3.185471720149893e-01
3 8 4 -2.594080612581410e-01 -3.648883433145740e-01 -1.230022156932355e-01
3 8 5 3.757735736201828e-02 1.569400807168285e-01 1.063559020704737e-01
3 8 6 1.122735889987619e-01 1.443867120680337e-01 6.679901139403921e-02
3 8 7 3.848842776276948e-01 5.815868106051972e-02 2.744146150908996e-01
3 8 8 -1.712402791760008e-01 -5.677183242087076e-02 3.685135266559382e-01
3 8 9 -4.219681553766893e-01 -1.053929025113077e-01 2.566857601552793e-01
3 8 10 -5.963857796546951e-01 -4.847649354667721e-04 1.820791957134460e-01
3 8 11 1.190027957156913e-01 1.225153653543777e-01 -1.583997139816309e-01
3 8 12 -6.095868326752038e-02 2.979829886589282e-01 -5.437466135326218e-01
3 9 1 2.095303096918316e-01 -1.883840059606385e-01 2.684822966903651e-01
3 9 2 3.866227587449018e-02 3.631736890455947e-02 3.437899865582132e-01
3 9 3 -1.986484350736109e-01 -6.143886557853469e-02 -1.252286488573084e-01
3 9 4 -8.691178445604139e-02 -1.297355776823435e-01 -4.405795531628058e-01
3 9 5 1.086193821695839e-01 1.160656465666364e-01 -4.757473951178816e-01
3 9 6 7.115249516226067e-02 2.037527399802732e-02 -1.976959554155353e-02
3 9 7 1.024832319385271e-01 3.575238103295323e-01 -1.259824723252550e-01
3 9 8 -5.322951879230697e-01 -1.503249794551622e-01 -2.023856541471073e-01
3 9 9 4.242228139710386e-01 2.209226974964564e-01 2.448072420073217e-01
3 9 10 -6.321210546505905e-02 1.784333658834880e-01 1.710931109856279e-01
3 9 11 -8.603810624508423e-02 1.228302590710747e-02 -2.495047980382904e-02
3 9 12 -3.452856313413524e-01 2.592930228372569e-01 -9.076775209896172e-02
3 10 1 1.371511235035760e-01 -2.270619100468534e-02 1.418455541103200e-01
3 10 2 -5.806663126665615e-02 -2.003201781752391e-01 1.194779998533731e-01
3 10 3 -2.892662984369836e-01 9.192069882392587e-02 3.427643504064369e-02
3 10 4 -2.684157014654066e-01 -8.681915673968016e-02 3.140463707129507e-01
3 10 5 1.309425730008116e-01 4.455932464890094e-02 3.479801906712682e-01
3 10 6 -5.740529777756845e-02 -9.076945796282844e-02 1.284769514823177e-02
3 10 7 2.026748301019748e-02 -7.417347024294865e-02 -2.373446076696745e-01
3 10 8 -9.478328708094878e-02 -7.543413478687869e-02 -1.636168339235441e-01
3 10 9 2.916698774517004e-01 1.396125253014684e-01 3.046115022711968e-01
3 10 10 -5.028415047844499e-01 2.037055101286832e-01 1.288218928871049e-02
3 10 11 -1.822315437358764e-01 -1.396548047380962e-01 -1.502706319280719e-01
3 10 12 -1.124781895434451e-01 3.081244157904606e-01 1.454610214159603e-01
3 11 1 -2.842270940457048e-01 2.906545506758406e-01 -2.005345617457562e-01
3 11 2 1.004733023128548e-01 -1.892115737314095e-01 -2.817367986593778e-01
3 11 3 -1.224457201578025e-01 -1.673209107248657e-01 1.662789117102158e-01
3 11 4 -9.586025906151421e-02 -5.215886696307588e-02 2.555199756192909e-01
3 11 5 1.825496504803945e-01 -1.340023086769339e-01 2.354530927797918e-01
3 11 6 -2.268724551270902e-01 -1.027555330374278e-01 2.682960742797070e-01
3 11 7 -2.256396782526350e-01 -1.835178302781912e-01 1.085647251661409e-01
3 11 8 2.380447596961700e-01 2.072853293241241e-01 -3.028120979259925e-01
3 11 9 1.817668978447282e-01 -2.135349902285564e-01 -2.110032915376358e-01
3 11 10 1.318383588230081e-02 4.444976198830362e-01 2.119177188077840e-01
3 11 11 -3.654849885053739e-01 1.072459703179481e-02 9.398255262552752e-03
3 11 12 3.615470856361552e-02 9.841743769294391e-02 -4.302774048610245e-02
3 12 1 -1.354936905375048e-01 2.565268016048745e-01 6.210199189894826e-02
3 12 2 4.631017624979990e-02 -2.599495445594720e-01 4.973406730756215e-02
3 12 3 -1.408631327681348e-04 -1.390461981165413e-01 9.013304574401874e-02
3 12 4 -5.076787076428063e-01 -8.703847033075132e-02 1.869864879415171e-01
3 12 5 4.493730781580560e-01 3.518690027441150e-02 8.120576239338227e-04
3 12 6 -3.791932501592199e-01 -2.287914573761957e-02 4.224785126244093e-02
3 12 7 1.380915143484463e-01 5.976741365793874e-02 1.204923381558071e-01
3 12 8 -1.296694136409486e-01 4.300162105695539e-01 -1.536582576718716e-02
3 12 9 -2.508810988084326e-02 -1.482918893254215e-01 4.402903033786237e-03
3 12 10 -1.178288454150683e-01 2.248749704871373e-01 -5.205013363707642e-03
3 12 11 -1.622654733917296e-02 2.165180875753550e-01 -1.910728936933696e-01
3 12 12 1.200778965527992e-02 5.163004797713845e-02 -1.715281246175009e-01
4 1 1 -1.006671565040251e-01 -3.362170543022462e-01 -3.248478586947710e-01
4 1 2 -2.540130163971813e-02 -5.602025558963748e-02 -1.021469798760928e-01
4 1 3 -5.497471660414008e-01 -9.277122640407648e-02 -2.763673581247028e-01
4 1 4 9.620003900449401e-03 7.886421335576037e-02 -1.481738706438672e-01
4 1 5 1.725219562719599e-01 4.728556192490632e-02 2.715398023666240e-01
4 1 6 1.583912288642019e-01 -1.781063750414166e-01 2.956676167487786e-01
4 1 7 1.215275560935516e-01 2.422682044875354e-01 -2.146360776634195e-01
4 1 8 -8.806974551310837e-02 4.680327784199433e-01 -2.034381066228915e-01
4 1 9 -1.693657219670301e-01 9.351397012339110e-02 -2.110788729262942e-01
4 1 10 7.217689239206415e-02 5.868714382238649e-02 -2.315632339071673e-01
4 1 11 1.035245570985576e-01 -2.699977026050728e-01 -1.735222126940333e-02
4 1 12 -3.777019124448844e-01 5.409050816580897e-01 -3.830880120107265e-01
4 2 1 -9.076953668829262e-02 -8.472464540626307e-02 -2.491976164487061e-01
4 2 2 -1.648653478927300e-01 3.983086148408307e-02 1.420979593649294e-02
4 2 3 8.816764324929882e-02 -1.889376295197717e-01 9.836088988819716e-02
4 2 4 4.095349132406447e-02 1.797929410546288e-01 -1.173515064133903e-01
4 2 5 -5.129881199053130e-01 4.966215430151413e-02 1.671456810727419e-01
4 2 6 1.268089191729758e-01 -1.547899508182993e-01 2.494303096581468e-02
4 2 7 3.352459618605835e-01 -2.599109340198633e-01 -1.065469029337738e-01
4 2 8 3.034059535166985e-01 -1.362410121297196e-01 1.984405965320037e-01
4 2 9 1.911336249031018e-01 -6.055021591211630e-02 7.264119487758565e-02
4 2 10 -8.633315408592053e-02 -1.514485494680441e-01 3.429172704326365e-02
4 2 11 3.364044101379032e-01 -4.708976817877091e-01 4.121136854131758e-01
4 2 12 -2.736003509712851e-01 4.147145491668354e-01 2.399832878050359e-01
4 3 1 1.919470738536424e-01 1.478965697041065e-01 2.661876823777906e-01
4 3 2 2.588347804315632e-01 9.068190937137925e-02 1.963491709829481e-01
4 3 3 -2.358093931196483e-01 -4.251273586384046e-01 -1.216481658258051e-01
4 3 4 -3.669504878082749e-01 6.756511027544965e-02 -3.280182181327075e-02
4 3 5 3.046196807287094e-01 9.835918806065025e-02 -2.872683481389894e-01
4 3 6 7.926599464300010e-02 -1.645130683270981e-01 -3.209491910420181e-01
4 3 7 -1.774391422159098e-01 -3.205291774086975e-01 -3.061756585310257e-01
4 3 8 -1.100517203386577e-01 -5.651603510465994e-02 -2.335967788828401e-01
4 3 9 -1.186550618642479e-02 8.439742395155506e-02 -9.082581318766994e-02
4 3 10 8.690267277863596e-02 -2.079932767422937e-01 1.388804252761327e-01
4 3 11 3.637036563699930e-03 -4.253175916035253e-01 2.874216243401239e-01
4 3 12 1.169152563472602e-01 2.404288185372249e-01 -1.904834865276497e-04
4 4 1 2.024769421537062e-01 -5.325051246983041e-02 -2.647820349469011e-01
4 4 2 -5.473957823555508e-02 1.807279377365362e-01 -3.479669306781354e-01
4 4 3 -7.395350594413355e-02 -4.248625100786289e-01 8.853376243939050e-02
4 4 4 3.447777774057962e-01 -1.030748429112548e-01 7.169978952464684e-02
4 4 5 -2.564715770984262e-01 -2.304315199433385e-02 1.206639373449023e-02
4 4 6 -2.371287818179945e-01 5.739261497548370e-02 3.820179764631698e-01
4 4 7 -2.847213121488072e-01 -1.611882806978272e-01 3.824608798559291e-01
4 4 8 1.350586073690253e-01 -1.298804787283747e-01 7.858754628079341e-02
4 4 9 -1.500133197803794e-01 8.136458129753721e-02 7.226054115637430e-02
4 4 10 -3.586438684134231e-01 -7.448115281299750e-02 -3.472916523273489e-02
4 4 11 4.476676872720226e-02 -2.318943601446594e-01 -1.455449992542485e-02
4 4 12 2.178860549716830e-02 5.293338168008358e-01 1.263758259561184e-01
4 5 1 -2.322889946576434e-01 -1.365907656133629e-01 7.376790677964223e-02
4 5 2 -1.440440410901915e-02 -1.063617945298910e-02 -8.755218039808826e-02
4 5 3 3.329220064879543e-02 -9.151982743516164e-02 -1.721678042063188e-01
4 5 4 -1.393030889849792e-01 -3.280979632044939e-01 -4.607137266107673e-01
4 5 5 5.288042370096688e-01 1.623560420554106e-01 -4.044799870452501e-01
4 5 6 3.312193534662794e-01 -4.760168449334062e-02 -1.474822822834350e-02
4 5 7 6.432157961709034e-02 7.298828654864313e-02 1.404680558160825e-01
4 5 8 6.398571408092414e-02 -7.908463292591719e-02 -1.461860229007925e-01
4 5 9 2.874996697594751e-01 -2.111699591403247e-01 -3.458265470513816e-01
4 5 10 -7.059950707986506e-02 -3.270382927805215e-02 -1.141672499364590e-01
4 5 11 -2.113562628171985e-01 -7.172610632880096e-02 -8.856120691928643e-02
4 5 12 2.839263445483484e-02 3.558245974004128e-01 2.656782544793840e-02
4 6 1 6.943054632875947e-02 -8.535263116263549e-02 -4.615606296673515e-01
4 6 2 6.782935005751195e-03 -1.502941827979253e-01 -1.181583643104226e-01
4 6 3 -1.726296581843987e-01 -9.842064613966002e-02 4.634036906081648e-01
4 6 4 -8.555972318339117e-02 -2.370338931341189e-01 3.637463129885468e-01
4 6 5 -4.440467942195337e-01 1.746243525362393e-01 3.056335529785948e-01
4 6 6 -8.543970262108294e-02 -3.062372623883123e-01 1.730881117522851e-01
4 6 7 -1.131938509378595e-01 4.131889494101094e-02 -1.134233469194516e-01
4 6 8 8.636192048526836e-03 -6.809381508427215e-02 -1.263188946750094e-01
4 6 9 2.262275864350507e-01 -1.188027045438785e-01 -2.625435267249658e-01
4 6 10 2.529031094000063e-01 -2.856310105555916e-01 -2.178962610090026e-01
4 6 11 -4.329676125797137e-01 1.144096281383006e-01 1.058006800609115e-01
4 6 12 1.788555694669682e-01 -5.485194782097198e-03 -3.715048441049508e-02
4 7 1 1.848632859940310e-01 -3.716274531839724e-02 -8.383681033544452e-02
4 7 2 -1.986655635668969e-01 -3.224114298902470e-01 -4.730883871172496e-02
4 7 3 5.267810614793977e-02 -3.576966785208954e-01 -1.286421355150860e-01
4 7 4 1.164821765126526e-01 -3.048900825758933e-01 -3.095109255645029e-01
4 7 5 1.488070998440311e-03 4.278514170425968e-01 -1.150942985222051e-01
4 7 6 -1.163968468772794e-01 -3.604985365172943e-01 5.822461047375005e-02
4 7 7 4.864739182649255e-02 4.123294986550573e-02 -3.320370307305669e-01
4 7 8 -1.107451764379622e-02 -5.829600933557972e-01 -3.935376975158431e-01
4 7 9 1.985505210145236e-01 -2.411275912396478e-01 -1.378332288857068e-01
4 7 10 7.152277490931822e-03 -2.029344390555721e-01 3.710295658633680e-02
4 7 11 7.438337136047908e-02 5.834839393853063e-02 2.133578043279795e-01
4 7 12 1.256610169375266e-01 6.100753497496837e-02 7.094419507095426e-02
4 8 1 1.487851080497921e-01 4.004466384641688e-02 -5.409406708811847e-01
4 8 2 2.356799781594870e-02 -1.952556542435284e-01 -1.921724016045420e-01
4 8 3 -1.398240959853022e-01 -1.547313760327556e-01 -5.173295418586344e-02
4 8 4 -2.924495289290210e-01 -1.388188108156022e-01 -1.468640717005645e-01
4 8 5 -1.565467986429035e-02 3.454793830441948e-01 -1.787625657910726e-01
4 8 6 -8.972905441303686e-02 1.085225546557665e-01 -1.679141703740710e-01
4 8 7 5.590455595902960e-03 5.090000342396179e-01 2.090692670501260e-02
4 8 8 3.360820779672676e-01 -1.493556440162965e-01 -2.426031412160973e-01
4 8 9 1.153539883671019e-01 -2.586931812604533e-01 -4.078497518717227e-01
4 8 10 -3.903736086289341e-01 -5.726598484469425e-02 -1.096230611470101e-01
4 8 11 -1.502046319714940e-01 -2.953451209940690e-01 -1.798212437618031e-01
4 8 12 1.772771064258499e-01 -5.925640615934578e-02 -4.790234137443491e-01
4 9 1 -1.284786351100361e-02 1.321857432894437e-01 -5.785664323656158e-02
4 9 2 -2.562347488622442e-01 1.138240274276148e-01 4.472147300981246e-02
4 9 3 -1.837596029262674e-01 -2.186815365150649e-01 1.147044309417858e-01
4 9 4 -1.706762139569940e-01 4.811511895732299e-01 9.186868560646724e-03
4 9 5 -1.514925289921613e-01 2.101680068106376e-01 -1.255291722754087e-01
4 9 6 -1.492855410707725e-01 1.288758391689380e-01 -1.037880798280559e-01
4 9 7 -2.062778980629568e-01 3.415479740272891e-01 5.776302808786325e-02
4 9 8 -2.654345962506149e-01 -1.401241269826169e-01 9.050527305552195e-02
4 9 9 5.341554417710379e-01 -2.244295172840678e-01 -6.042497205424732e-02
4 9 10 3.027656658616541e-01 2.524824349160784e-01 -7.006109430147035e-02
4 9 11 -8.810204127178402e-03 -4.208213132295753e-01 -7.538686550764226e-02
4 9 12 -7.143714659327031e-02 -3.361080301546102e-01 -1.172946345406657e-01
4 10 1 8.464051576387405e-02 -1.417650781730568e-01 -2.259745230308872e-01
4 10 2 -1.698448745548869e-01 -1.427706146460153e-01 3.241300908114852e-02
4 10 3 -3.641470231928188e-01 -3.320900205579572e-01 -1.285342637793984e-01
4 10 4 -4.732386587457629e-02 3.079020422360512e-01 1.380524630437288e-01
4 10 5 1.375760098754979e-01 -5.757386380796245e-02 9.675652487758499e-02
4 10 6 2.695917483634082e-01 -2.081996661245500e-02 -2.152497641788015e-01
4 10 7 -1.305761748665207e-01 4.321761250005478e-02 1.022303479706289e-02
4 10 8 -3.318083142040319e-01 -2.291468853503368e-01 1.205805088684007e-01
4 10 9 2.844300501596081e-01 2.915180349257615e-01 -8.352352481674002e-02
4 10 10 -2.070095318836490e-01 3.411811439145394e-01 1.523071255139097e-01
4 10 11 7.023077344840811e-02 -2.240433282625490e-01 5.421886159822473e-02
4 10 12 7.336051358700577e-02 -2.998615990082039e-01 -5.049372326825393e-01
4 11 1 -4.623664648810975e-01 -4.638316792411479e-01 8.475847728440275e-03
4 11 2 3.931288532273420e-01 -3.268871249664634e-02 -2.632198049980949e-01
4 11 3 -9.281579884031378e-02 9.062876045955923e-02 -4.331458733495704e-01
4 11 4 4.246202268177945e-01 -1.483663244670476e-01 -2.966231669914247e-01
4 11 5 -3.914143819245285e-02 -1.362855025985765e-01 -2.715757359899516e-01
4 11 6 4.811438209734289e-02 1.978565425227121e-01 7.603984161272841e-02
4 11 7 8.100368112889920e-02 6.825391232534866e-02 7.273487424402406e-02
4 11 8 1.162499578269232e-01 1.661472545064131e-01 -1.488528753430719e-01
4 11 9 2.902799160615774e-01 4.065451599045958e-01 -3.251457136201200e-01
4 11 10 2.024742269365459e-01 2.502799842326819e-01 -3.884446877214871e-01
4 11 11 -3.815739073334826e-01 6.207376388270083e-04 -2.367168075782707e-01
4 11 12 2.353041698430240e-01 7.889616841185157e-02 -1.642727151240982e-01
4 12 1 2.320576104628426e-01 -3.686717281162351e-01 6.547722658617029e-02
4 12 2 -1.909974482835959e-01 5.051101183632382e-02 3.861364972242713e-02
4 12 3 7.096655738070663e-02 1.038743152747297e-01 -1.525186440222857e-01
4 12 4 -5.265270895608809e-02 -1.625412934726990e-01 -1.364341713674062e-01
4 12 5 -2.663881629769127e-02 3.205858392159731e-01 2.128825696445818e-01
4 12 6 -1.118478801112533e-01 -1.080552724996831e-01 -2.192517156397334e-01
4 12 7 -1.966768148674592e-01 2.733248228826315e-01 -2.777466156515789e-01
4 12 8 4.173487440854433e-01 4.882129798663648e-01 -1.943642536882854e-01
4 12 9 4.975957435966283e-01 -2.710702819134893e-02 -1.635984942510178e-01
4 12 10 -1.662422695161572e-02 3.454635716620170e-01 2.215469752037083e-01
4 12 11 1.170893839593201e-01 -2.112271913893091e-02 1.038506039211270e-01
4 12 12 2.889115073885848e-01 3.615090048099128e-01 7.823616199628633e-02
5 1 1 -1.338872721755638e-01 -2.695065658415388e-01 4.772846468021513e-01
5 1 2 1.900071986778296e-01 3.132156046715934e-03 -1.564384037025138e-01
5 1 3 -9.943224947891975e-02 4.660653106088705e-02 -2.448098863114557e-01
5 1 4 1.050967748806043e-01 -1.470872225491709e-01 1.967119508929377e-01
5 1 5 7.718946968295681e-02 -1.999441783398107e-01 2.120693349413516e-01
5 1 6 1.242992895085721e-01 -5.899037347431930e-01 4.254955073962247e-02
5 1 7 2.700119766480828e-02 -2.591690304115373e-01 3.690461302788611e-02
5 1 8 -1.425170190243877e-02 -7.955978413601207e-02 1.720965229069315e-02
5 1 9 -4.189884407084152e-01 4.003299905617279e-01 -1.003697435143538e-01
5 1 10 -1.594368429868400e-01 -1.678389026411358e-02 -3.428722823896300e-01
5 1 11 4.045093701871619e-01 2.151625978643340e-01 -1.685977384920286e-01
5 1 12 -2.468568198368430e-01 1.316048987463522e-01 4.553207586224412e-01
5 2 1 -1.613662657807856e-01 -2.789534587306960e-01 4.227584912758597e-03
5 2 2 1.560258222269609e-01 5.327648619545217e-02 1.788346730181066e-01
5 2 3 -3.424733871522994e-01 3.831641461191869e-01 2.081931534563174e-01
5 2 4 -1.132721417128521e-01 -3.699841088121839e-02 8.307336830009168e-02
5 2 5 -2.659044774534763e-01 -1.059803980218838e-01 -1.846699801242171e-01
5 2 6 5.973272546231548e-03 -3.828346903869690e-01 -2.601744030194037e-01
5 2 7 -3.182011497120425e-02 1.202050697279849e-01 9.281294784943485e-02
5 2 8 3.269905136739415e-01 1.346537403857496e-02 7.524828007360401e-02
5 2 9 -1.391564671812287e-01 -2.673254243787837e-03 9.512399998244556e-02
5 2 10 -1.741198984963376e-01 3.109153420045754e-02 6.159264827052415e-02
5 2 11 1.530492651484081e-03 -5.161069071080526e-02 -2.996585797368764e-01
5 2 12 -5.040563233650286e-02 -2.156879207154425e-02 -2.225454403030599e-01
5 3 1 -1.916553262470160e-01 3.111958947680100e-02 1.528960149789813e-01
5 3 2 -1.228795649847764e-01 -5.628994755431047e-02 -8.323452512558396e-02
5 3 3 -1.886750271188980e-01 2.670977768740362e-01 -3.029929735256320e-01
5 3 4 -2.976741608946269e-01 -2.687412507891790e-02 -1.673990337072110e-01
5 3 5 4.964806038951265e-02 -2.626744106717039e-02 2.230039255958483e-02
5 3 6 1.634729475956214e-01 -3.317668284476685e-01 3.092313391645769e-01
5 3 7 1.088498095390921e-02 3.957680057025224e-01 2.789831179191303e-01
5 3 8 2.905490130924502e-01 -1.162595596251723e-02 2.251589014992599e-02
5 3 9 -2.527029243883685e-02 8.171849553228025e-02 1.858553774088831e-01
5 3 10 3.943160487478060e-01 -7.652702474884539e-02 2.187547082090191e-02
5 3 11 1.251515474679705e-01 3.081327272619881e-02 -2.072631392012563e-01
5 3 12 1.421145785971788e-02 1.138022362647928e-01 2.678964883708140e-02
5 4 1 2.401498352798579e-01 4.319874882390269e-01 2.640585608398612e-01
5 4 2 -1.609979621348349e-02 -2.773526787309514e-01 2.540512184920590e-01
5 4 3 5.719327635513717e-02 3.987146335363526e-02 2.779451228965826e-02
5 4 4 6.081055757231176e-01 -3.094858072451988e-02 -1.564522308326733e-01
5 4 5 1.247431183647560e-01 9.284897669265664e-03 1.541292874735400e-01
5 4 6 -1.973638062058182e-01 -5.764836977925183e-01 3.444680328129952e-01
5 4 7 -2.608823347919859e-02 1.356571857914259e-01 3.185620824932802e-01
5 4 8 1.211827418209751e-02 -1.242883246092027e-01 3.060090262341227e-02
5 4 9 -2.509249528218599e-01 1.834579399197571e-01 -2.293072743091140e-01
5 4 10 -8.468769001484086e-02 -1.776993470013635e-01 -5.906245526501656e-02
5 4 11 -2.271435419439284e-01 1.068194595234192e-01 5.469366533363017e-02
5 4 12 -4.204256505214846e-02 -2.599852988659044e-01 1.763253662900794e-01
5 5 1 1.015619038774808e-01 3.646240386228533e-01 1.036667402617719e-01
5 5 2 -2.369681132906438e-02 7.607719234513717e-02 6.875819260537132e-02
5 5 3 -6.226310742260938e-02 2.008142371742275e-01 -4.017486316551234e-02
5 5 4 -1.443717816593102e-01 9.987247372278335e-02 -1.241911091655586e-02
5 5 5 4.604203971567822e-02 -8.438979992547928e-02 -3.318525056471600e-02
5 5 6 2.736464664047066e-01 -8.970240593780951e-02 5.027763008199469e-02
5 5 7 4.868821010166682e-01 -7.912183545234026e-02 1.057467584357500e-01
5 5 8 -1.525530647718112e-01 -2.673262703223636e-02 -1.126769912150045e-01
5 5 9 1.273566826334893e-01 -2.864544979326193e-01 -3.815057477757984e-01
5 5 10 -7.828676505182389e-03 -2.882207943262955e-01 -2.674187893828688e-01
5 5 11 -1.294593576200505e-01 -9.392119229852601e-02 6.301388510267891e-02
5 5 12 -1.525174536316383e-01 -4.944294249816072e-01 9.104059112123732e-02
5 6 1 1.022051784055594e-02 1.702129245979999e-01 1.141331070535069e-01
5 6 2 3.430687348043107e-01 -1.340773253120427e-01 -1.891946461521457e-02
5 6 3 -3.852499775925233e-02 2.368838578768942e-01 -6.837566466003997e-02
5 6 4 3.133137001246342e-01 -5.656290297933312e-02 8.552958432702881e-02
5 6 5 -1.673860676915474e-01 -3.539380059579512e-01 -1.769444721143999e-02
5 6 6 -2.728238712655101e-01 1.281908600224508e-01 -1.536153222139835e-02
5 6 7 1.391038607099493e-03 -1.277158569190389e-01 -2.956958393229832e-01
5 6 8 2.287265363350361e-01 8.694889434760181e-02 -1.989037915942529e-01
5 6 9 1.999342254636175e-01 -3.128536423188947e-01 2.164190949406909e-01
5 6 10 3.663571107699590e-01 -3.569058277560249e-01 -5.175426321478971e-02
5 6 11 -4.010330292328252e-01 -7.941808938897524e-02 -3.313591823641467e-01
5 6 12 1.445579026806036e-01 -3.343040251534715e-01 -1.831634642457854e-01
5 7 1 2.318998095915232e-01 2.290836811244255e-01 -4.887022700901720e-01
5 7 2 1.283073419647958e-01 -1.213181686662432e-01 -2.384136652181918e-01
5 7 3 -7.058957332045254e-02 1.412949420541243e-01 1.520016673804770e-01
5 7 4 1.548552469662671e-01 -1.190027227915204e-01 2.499411259506701e-03
5 7 5 -4.185470890769211e-01 -2.044085500416856e-01 -4.806611641053756e-01
5 7 6 7.247558306778695e-02 -1.892062188716381e-01 -2.057853463239926e-01
5 7 7 1.103123183311719e-01 1.778940010093189e-01 1.151692677632040e-01
5 7 8 -3.349275920013502e-02 -7.159850926604652e-02 1.211156008165231e-01
5 7 9 1.087942721244588e-02 -7.124580443156850e-03 2.225698637336523e-01
5 7 10 -1.127377029586457e-01 -2.222207114930116e-01 2.628616641792819e-01
5 7 11 1.351871294260606e-01 -9.655892085706333e-02 1.391417501095915e-01
5 7 12 -8.875178972212341e-02 -2.848318045683482e-01 -2.827585499217500e-01
5 8 1 1.190683012014165e-01 3.071600438754656e-01 -2.877456273058182e-01
5 8 2 -3.820235308777056e-01 -1.569246455544771e-01 -3.205177499835957e-01
5 8 3 -8.152606086291309e-02 8.069558590747128e-02 -1.974678687019216e-01
5 8 4 9.459584955453414e-02 -1.990553212569886e-01 1.586491050316101e-01
5 8 5 1.433045722712121e-01 -3.695910442414704e-02 4.116766855762208e-01
5 8 6 -5.670880429250258e-02 -5.425749590730131e-02 3.177395476205836e-01
5 8 7 -3.602577300720267e-01 -9.590792054818473e-02 1.059544633507985e-01
5 8 8 2.246795228802896e-01 1.428602905865371e-01 1.203585340415261e-01
5 8 9 2.987488555706757e-01 -7.977051414994243e-02 2.060210245687732e-01
5 8 10 -7.305709201102079e-02 -4.037537383787109e-01 8.417169917703529e-02
5 8 11 1.063847919409705e-02 -1.769092322694977e-01 6.084404337921087e-02
5 8 12 2.701877967063870e-01 3.907395557912589e-01 -6.111841501989568e-02
5 9 1 1.209828768231277e-01 2.530738939341051e-01 1.047131786390512e-01
5 9 2 -2.596929298980358e-01 -4.588810910824808e-01 2.262407576635809e-01
5 9 3 6.274235710341820e-02 2.574464828302669e-01 5.053699721472227e-02
5 9 4 -3.226439846713539e-01 -1.564038384788694e-01 -2.339134355560880e-01
5 9 5 3.923250930194855e-03 -1.926654488581447e-01 -3.085321745908351e-01
5 9 6 -5.158769354577471e-02 -7.682939008076045e-02 5.378008452989265e-02
5 9 7 -2.160366050531582e-01 -2.543370875134697e-01 1.445754943879194e-01
5 9 8 1.401983061338727e-01 2.877501629201468e-02 -7.732016428471611e-02
5 9 9 3.255674654482632e-01 -3.654917316985111e-01 1.133743282369956e-01
5 9 10 4.307440082099350e-01 -3.635868929245984e-01 2.511081629440176e-01
5 9 11 7.344494348098800e-02 -2.577766238687174e-01 -7.998395709853771e-02
5 9 12 -1.574228087319637e-02 2.400939973891992e-01 -1.952115385073714e-01
5 10 1 -2.175647529475346e-02 1.989799503915202e-02 -1.373818574729326e-01
5 10 2 -6.046576443643620e-02 -2.970033714945046e-01 2.479063858957216e-01
5 10 3 1.678142899033929e-01 1.312615425968508e-02 1.379744575031787e-01
5 10 4 -1.140619878009466e-01 4.198231194448894e-01 1.309052468004483e-01
5 10 5 -1.866791034103870e-01 -1.335471232749855e-01 2.639160707790957e-01
5 10 6 2.172206997739370e-01 -1.998830967921921e-01 -1.552865298275086e-01
5 10 7 2.094635368528258e-01 -1.514760100769788e-01 -3.158998521327434e-01
5 10 8 -3.048374867871232e-01 -3.540837474363077e-01 6.927418786281214e-02
5 10 9 1.993682612704961e-02 -2.050843800167499e-01 -1.278270327129540e-01
5 10 10 1.372392574880738e-01 -1.619667235195197e-01 -2.041708109557303e-01
5 10 11 4.146827527132748e-01 -4.128576416161015e-01 2.861542224311509e-01
5 10 12 2.687264007802055e-01 2.255848283302913e-01 1.830752861905194e-02
5 11 1 1.602369455890472e-01 -3.756652553957581e-01 2.434941023656477e-01
5 11 2 6.585454015361805e-01 8.131675753236825e-03 4.616291104242520e-02
5 11 3 6.895646829558066e-04 -2.961186749173623e-01 -2.362757591165748e-01
5 11 4 3.813415807664713e-01 1.242432278785400e-01 7.622168451919181e-02
5 11 5 -1.218174400879090e-01 9.668759477797782e-02 -1.506900855589516e-01
5 11 6 -6.617644517484034e-03 -5.044963631808668e-02 -7.589305625310322e-02
5 11 7 1.754404530093293e-01 -1.087555992939958e-01 3.257813926051983e-01
5 11 8 -2.506186915051902e-01 -6.756266056683013e-02 1.109278776939525e-01
5 11 9 9.175264289203275e-03 5.266018427947430e-02 1.751607878711341e-01
5 11 10 6.229706136358268e-02 -3.534801884184568e-02 1.646291220316038e-01
5 11 11 -2.792006066077564e-01 -2.044999355529883e-01 -1.347547971808396e-01
5 11 12 -3.172996318270482e-02 3.264906758295262e-01 -9.933289804845598e-02
5 12 1 9.616394896425609e-02 -4.175756111000605e-01 3.304090468052894e-01
5 12 2 4.899129760942084e-02 2.629333517385791e-01 2.704817570286541e-01
5 12 3 -2.052808575052105e-01 -1.365999124406931e-01 1.095034284906889e-01
5 12 4 2.397070414755034e-01 -3.215101108999845e-01 -1.252841334067739e-01
5 12 5 -1.322992994374932e-01 1.015191055538892e-02 1.388548528170049e-01
5 12 6 -1.746835569942032e-01 -2.425900935426265e-01 1.629166894254865e-01
5 12 7 -2.474738571704971e-01 -8.484013934710127e-03 1.392453263732608e-01
5 12 8 4.406153579172134e-02 6.792992401168846e-03 1.791886437707924e-01
5 12 9 4.951675788270210e-02 2.925617111088130e-01 1.039715917101664e-01
5 12 10 3.083255124984501e-01 6.654676985645125e-02 3.071103877033655e-01
5 12 11 8.445647854794555e-02 2.071953924751983e-01 2.858617341928966e-01
5 12 12 4.008073259016631e-01 3.226431064928506e-02 3.134326358677825e-01
6 1 1 2.285787146543698e-02 -3.027337972378275e-02 -5.587662250173299e-02
6 1 2 4.500275116139699e-02 -1.363019774377012e-01 1.085147738926694e-01
6 1 3 -7.026688456173381e-02 -6.390782451696941e-02 3.057974876646254e-01
6 1 4 1.023137855776885e-01 6.992962105890066e-03 6.117890779243558e-02
6 1 5 1.210425538084660e-01 -3.486542101984310e-01 -2.886064345857852e-01
6 1 6 9.512403951788537e-02 -1.940876453795418e-01 4.119268568936316e-02
6 1 7 -1.735953900560700e-01 1.332436127870876e-01 5.501955933793892e-01
6 1 8 8.662715710806498e-02 -5.546205535787106e-02 3.097907040856916e-01
6 1 9 -2.783294604749827e-01 2.983232434068563e-01 -1.700137181278803e-01
6 1 10 1.872706500091819e-01 -1.256605134896329e-01 -7.047597346199497e-02
6 1 11 2.502343247072103e-01 1.009473772951241e-01 -4.911777888032248e-02
6 1 12 -1.304687531977267e-01 -3.119944932882556e-01 -1.578225710498712e-01
6 2 1 -1.295565271611419e-01 -5.486441872394610e-02 1.751134944431151e-01
6 2 2 2.715168262138796e-01 -1.173485736769043e-01 7.948692004662725e-02
6 2 3 -4.508304965368889e-01 2.585588620286913e-02 -2.072731512952710e-01
6 2 4 3.666183255757023e-02 -1.802645126684175e-01 -2.239291227838120e-01
6 2 5 1.911109469016795e-01 -3.472481013984495e-01 2.902809424934322e-01
6 2 6 -2.527569809561077e-01 -5.916519033457759e-02 2.811562840127363e-02
6 2 7 -2.081088953105474e-01 5.684456878987829e-02 -4.356196785710026e-01
6 2 8 2.286463785351654e-01 -7.722568541338642e-02 -3.493311021515008e-02
6 2 9 1.602489538973964e-01 -2.429498893211621e-02 1.283742421755905e-01
6 2 10 -2.136659197701719e-01 1.227988072317997e-01 6.122476265240927e-02
6 2 11 -2.957035992038284e-02 1.953341872472151e-01 3.819089132263605e-02
6 2 12 1.936580807314054e-01 -3.016918674207633e-01 7.910166246715224e-02
6 3 1 -1.749994773929911e-01 -8.189969809149260e-02 -1.038777168946346e-01
6 3 2 -1.174457614679445e-01 -1.198654964646209e-01 -3.713558655305824e-01
6 3 3 2.064129416008182e-01 2.500939289700685e-01 -1.778282437894271e-01
6 3 4 1.283010496390448e-01 -1.126925175595998e-01 2.167058532282423e-01
6 3 5 1.508066693703796e-01 -6.621082264159439e-02 4.409135860298389e-01
6 3 6 2.033509752031405e-01 1.045000907013944e-01 2.220198445590575e-01
6 3 7 5.197050612007519e-02 1.209930770617420e-01 3.094724179080767e-01
6 3 8 3.798774724279322e-02 9.518879106892802e-02 1.565398534409539e-01
6 3 9 -2.403342050772464e-01 -2.914886029541451e-01 -2.846965565246846e-01
6 3 10 2.455233661540224e-01 1.696394877570017e-01 -3.098247710314425e-01
6 3 11 -1.323688880233975e-01 2.325627791948040e-01 -7.394676441912834e-02
6 3 12 3.115388105966997e-01 -1.117784992533832e-01 1.959518076438122e-01
6 4 1 -1.880704568894001e-02 -3.868752458566322e-01 -2.835738845072601e-01
6 4 2 1.708057926081397e-01 -1.202248004198783e-01 -9.459846083197934e-02
6 4 3 5.344151756073356e-02 8.994218675938931e-02 1.174398781393497e-02
6 4 4 1.617338388198266e-01 -2.391844537945721e-01 8.791884876971887e-02
6 4 5 4.927714379334824e-01 1.185022333037620e-01 3.216644481846596e-01
6 4 6 -6.522519276679956e-02 -7.839603676742088e-02 -9.377924117541347e-03
6 4 7 3.617015199649590e-02 8.172313197374620e-02 -5.419117312298023e-01
6 4 8 5.059366987134660e-02 1.164199948194689e-01 -6.223055879484798e-01
6 4 9 -3.167858437529013e-01 -3.428401773620629e-02 -1.643323039991237e-01
6 4 10 1.456898850760508e-01 1.139378435237855e-01 3.067281362076381e-01
6 4 11 9.652426837446457e-02 -1.044533296531524e-01 3.663797055852571e-01
6 4 12 -2.897142811634931e-01 -3.388152523002033e-01 4.160520976830898e-02
6 5 1 3.607424470105936e-01 -1.444240093731239e-01 -1.893481383751441e-01
6 5 2 2.430013627330569e-01 -1.051431266987038e-01 -1.203691443389806e-02
6 5 3 3.138278366801058e-01 -2.477524663087988e-01 -1.827697925979806e-01
6 5 4 -1.978049993914270e-02 -9.943036694610739e-02 7.472759548914150e-02
6 5 5 -2.317035238329085e-01 1.776728973668673e-01 1.967958367018434e-01
6 5 6 2.731301389155430e-01 -2.063951685488256e-01 -3.525102921616238e-02
6 5 7 7.346822660793045e-02 7.418166343883889e-02 -5.150101532820717e-02
6 5 8 -1.248856743314782e-01 6.577070340459248e-03 -2.104931601089771e-01
6 5 9 3.783182003179485e-02 1.737385526417681e-01 -2.180147454711306e-01
6 5 10 -5.088127571590835e-01 6.840551731300064e-02 -2.514900069103742e-01
6 5 11 2.543657219602245e-01 -9.798410398080262e-02 -1.808566175304513e-01
6 5 12 -1.355619398013619e-01 -4.080365221279295e-01 -1.911509574208002e-01
6 6 1 -1.449448482439128e-01 2.274202091934837e-01 2.339522489800005e-01
6 6 2 2.549627011371583e-01 -2.319304559343546e-01 1.630796198268598e-01
6 6 3 8.980464997591362e-03 -2.021131846305690e-01 1.963983508952182e-01
6 6 4 9.117690721353192e-02 -3.495231301312834e-02 -2.589695505666795e-02
6 6 5 -1.755399998410910e-01 -1.053264657993811e-01 2.042428980052001e-01
6 6 6 -1.283293381292526e-01 -1.157989925167232e-01 6.284341986083328e-01
6 6 7 1.920074140476918e-01 -2.248883300658001e-02 3.566531893956553e-01
6 6 8 2.236267272002313e-01 -4.053834796324767e-01 1.645366019912290e-01
6 6 9 1.995818265970959e-01 -3.857451187603980e-02 2.646844704359704e-01
6 6 10 1.699369747348154e-01 -8.013146867936170e-02 5.627688944764586e-02
6 6 11 -1.892689145884230e-01 -2.209102875218710e-01 1.253610423273058e-01
6 6 12 3.489540447222247e-01 -3.874686045857777e-01 3.948618452219508e-01
6 7 1 6.422284647934065e-02 -1.217674038136259e-01 -7.330270405756159e-02
6 7 2 2.732870668299308e-01 4.858508999097785e-02 1.086631051229933e-01
6 7 3 3.964997404738282e-02 1.087676970358760e-01 4.735007891416525e-01
6 7 4 -7.797240587043913e-02 -3.139598088409715e-01 1.254652866133266e-01
6 7 5 -7.287929179115222e-01 -4.432892362109064e-01 -3.387260133449770e-01
6 7 6 1.520291833820178e-01 -3.873967305995366e-02 -1.965678516057903e-02
6 7 7 6.113015189331636e-02 8.913629862891101e-02 2.891328932762207e-01
6 7 8 -2.493391766163471e-01 -1.224958521680901e-01 2.543116479867493e-01
6 7 9 -4.326689326133585e-02 -3.232586806792737e-01 -7.212132554182508e-03
6 7 10 -6.637482690604894e-02 -3.361298957386609e-02 3.000898930004683e-01
6 7 11 -4.769265882479252e-02 -1.645189866896800e-01 1.978849584500557e-01
6 7 12 -6.724827785844130e-02 -1.840402547484346e-01 -2.275953566517507e-01
6 8 1 1.944630580325729e-01 9.203455376994066e-02 3.061362595006503e-02
6 8 2 -4.622951195202179e-01 6.522061941579940e-02 1.390047987764161e-01
6 8 3 1.031212574246687e-02 3.549704859767368e-01 2.014626708304027e-01
6 8 4 2.555453479485204e-02 -8.100147684794540e-02 4.348293882136144e-01
6 8 5 6.940923932909984e-02 -2.307395235243922e-01 4.923365943324470e-02
6 8 6 -1.244361601083183e-01 -2.812652091447982e-01 -4.794398456790226e-01
6 8 7 -4.200819633617212e-01 2.310616783545077e-01 -2.611387225851129e-01
6 8 8 5.970180689300339e-02 1.811053305728512e-01 -1.238840919301055e-01
6 8 9 8.816560855948737e-02 -7.356682529720715e-02 -2.320161836884457e-01
6 8 10 -1.953674857507338e-01 8.379731017803696e-02 -2.544089882303459e-02
6 8 11 3.695441013899014e-01 -2.195610639096443e-01 8.972223916027294e-02
6 8 12 7.740635567247350e-02 1.610611319339175e-01 -6.719206145744093e-02
6 9 1 3.266931982038433e-01 8.993064082105015e-02 -2.252788841693115e-01
6 9 2 -1.277837639111604e-01 -1.773986657324272e-01 -6.394293305046319e-01
6 9 3 4.976937061800315e-01 4.384537574559235e-01 -2.682218276817336e-01
6 9 4 -1.016576534319229e-01 2.586491144768849e-01 4.195777019701016e-03
6 9 5 3.752216493773158e-01 -1.911837449692150e-01 -2.064134526144492e-01
6 9 6 -1.620813493140497e-01 8.979032380291394e-02 -3.101743902628964e-01
6 9 7 -5.125686746940988e-01 3.806983073877438e-01 -1.647780723468295e-01
6 9 8 2.228670907905701e-01 5.491091442267113e-02 4.615788584158724e-02
6 9 9 1.398118658397024e-02 8.722982732689713e-02 -5.004110939206947e-03
6 9 10 9.418923865108471e-02 2.386123398864110e-01 -1.027266761664156e-01
6 9 11 1.103819588047343e-01 -8.532558391008906e-02 4.346929618281752e-02
6 9 12 3.124882265316052e-02 -5.952032675139871e-03 1.757496825039425e-01
6 10 1 3.511133745014096e-02 1.124475479525673e-01 2.480955103858755e-01
6 10 2 -1.133520005900998e-01 -6.582169274841632e-02 2.168742026833609e-01
6 10 3 3.764037956350043e-01 1.005755228987974e-01 1.827282565795751e-01
6 10 4 6.563338067177049e-02 1.623654558849423e-01 3.053755546407571e-01
6 10 5 -1.877795509117321e-01 -6.038192086800448e-01 1.697502035593890e-02
6 10 6 -6.955113890355619e-02 1.459825839382800e-01 -1.427648557167423e-01
6 10 7 1.728246825574394e-01 5.165463543475750e-01 -9.982045685784940e-02
6 10 8 -1.052721844437123e-01 7.566235400788386e-03 -6.491666904230596e-02
6 10 9 -3.221558147652351e-01 -4.609162932043198e-02 1.615507193102091e-01
6 10 10 6.942460950268101e-02 2.561962611443516e-01 1.616701748456739e-01
6 10 11 2.485758607445931e-01 1.164235890500077e-02 2.158373609513134e-01
6 10 12 -1.912077438694815e-01 5.051762474458133e-02 2.491280033143189e-01
6 11 1 1.797901942890139e-01 1.002351314992902e-01 -5.428262338742312e-02
6 11 2 8.414033704628324e-02 8.689148218304538e-02 -3.803474115279278e-01
6 11 3 1.642253582425000e-01 -3.262095395017033e-01 -9.252019654358079e-02
6 11 4 -7.801777334914468e-02 3.055059374896651e-01 1.303952293279461e-01
6 11 5 -1.340759140715498e-02 -3.355863994438275e-01 -8.340274095882651e-02
6 11 6 -7.615728367563811e-02 6.152571748512248e-03 -2.522523231511185e-01
6 11 7 -1.111072230904180e-02 1.399075948843067e-01 -1.692749748885208e-01
6 11 8 2.291872524534810e-01 5.874502526429091e-02 2.105932283847119e-02
6 11 9 1.192703963624711e-03 -1.179092684081954e-01 -2.921550425513431e-01
6 11 10 -2.391008190827139e-01 -2.536716242247851e-02 -1.720316308689380e-01
6 11 11 2.354448346225893e-01 -3.882597594881174e-02 8.571069989285604e-02
6 11 12 -3.283214720001011e-01 3.553291808574109e-01 4.725193494472874e-02
6 12 1 1.542102201683855e-01 -1.783613650170982e-01 -3.188772602884139e-02
6 12 2 2.892611064530512e-02 6.687220920432431e-02 2.209449840295645e-01
6 12 3 -2.394072227720249e-01 -2.097853440728271e-01 3.365716807107541e-02
6 12 4 1.561866133108800e-01 4.181026211648825e-01 -1.253011422026661e-01
6 12 5 -1.244113539623172e-01 -3.862044999860148e-02 2.117536115763363e-01
6 12 6 -4.413386287224308e-01 1.498633440897394e-01 9.849229520474494e-02
6 12 7 -3.004842055684349e-01 7.447365372950274e-02 9.455748243542464e-03
6 12 8 -2.763979740633036e-01 2.149814978231427e-01 2.385152762910132e-01
6 12 9 -1.195639299612978e-01 4.344704449590892e-02 2.540561531504715e-01
6 12 10 1.785487086009164e-01 -2.045820739281763e-01 3.761146500789668e-02
6 12 11 4.934892432366968e-02 2.848036408929966e-01 2.797156857321068e-01
6 12 12 3.266614651358290e-01 1.499243463925135e-01 2.864877624141378e-01
7 1 1 2.755354818041593e-01 -1.404037993313996e-02 1.027117636684946e-01
7 1 2 5.192472522280767e-02 -9.536694985930301e-03 -2.839433012178330e-03
7 1 3 -7.320762707665578e-02 -2.461381662057521e-02 3.619679578900903e-02
7 1 4 5.841972974613576e-02 4.677783788927711e-02 2.906544496786855e-01
7 1 5 5.555695301688751e-01 1.277393852398270e-01 4.124381817791608e-01
7 1 6 -1.691914768188917e-01 -2.993552057565518e-01 1.210034754385533e-01
7 1 7 -1.968238433720289e-01 1.661359794726402e-01 1.868412306269595e-01
7 1 8 -1.691679601786120e-01 2.271458142038320e-02 5.585567995739071e-02
7 1 9 1.082667246355453e-01 1.085860620286172e-01 7.166316139731471e-02
7 1 10 4.018335215746289e-01 1.129581956424291e-01 1.616370796760199e-01
7 1 11 1.076388295708706e-01 -1.079200336401564e-01 -1.763198626943192e-01
7 1 12 -1.501700613980465e-01 -1.728080995090562e-02 7.220018828148406e-03
7 2 1 1.486547952814000e-01 8.740627755817790e-02 2.990955303772025e-02
7 2 2 5.074570142692236e-02 -5.768269396721189e-02 3.902124551819253e-02
7 2 3 -8.249856773393499e-02 -4.950731309107827e-02 -6.314478460084018e-02
7 2 4 3.354779760598080e-02 -4.058728537768865e-01 -2.187850393804548e-02
7 2 5 1.643792749636350e-01 3.561794706885644e-01 3.260081762789660e-01
7 2 6 -8.156770143561298e-02 -7.214291757802890e-02 1.618670691062845e-01
7 2 7 -3.916838504323766e-01 1.260244250064149e-01 -1.512952050950928e-01
7 2 8 -1.081316802247539e-01 -6.637044206428935e-02 2.396858600069250e-02
7 2 9 3.878527930975438e-01 -6.789279577032602e-02 6.356234062788511e-02
7 2 10 -2.611844065316636e-01 -2.244978906567602e-01 1.375828959867068e-01
7 2 11 -6.791741814016192e-02 1.223373950996451e-02 1.107880188802960e-01
7 2 12 3.908678164704584e-01 2.191806768947070e-02 -2.473319354489633e-02
7 3 1 -4.015566397693144e-02 3.199104248914226e-01 1.562181222130714e-01
7 3 2 -1.466652015867390e-01 -6.300970075279992e-02 8.224064015567981e-02
7 3 3 2.593658045235220e-02 -3.076467062311348e-01 5.534762398349608e-02
7 3 4 2.475520551600811e-01 -4.916894474631224e-01 1.606631895403716e-01
7 3 5 1.144005099868975e-01 2.919220043010758e-01 -1.605592835483088e-01
7 3 6 9.977632492065516e-02 -1.683565962272442e-02 -2.021893941437033e-01
7 3 7 2.677079305150659e-02 3.500671830601020e-02 -1.199004457834157e-01
7 3 8 -9.987874021955792e-02 1.057507236454419e-01 -1.233132872521820e-01
7 3 9 -1.198496161949823e-01 -7.301525086296234e-02 -8.988023886500525e-02
7 3 10 -9.785050514445548e-02 -3.441882667673466e-01 -1.446217821077412e-01
7 3 11 -2.764909257867596e-01 1.863626369874430e-01 1.450418632228626e-01
7 3 12 5.379875893832597e-01 -3.728821055259607e-01 2.134882750302753e-01
7 4 1 -9.897312931291624e-02 1.275268469671689e-02 -6.638801456580112e-02
7 4 2 1.939762454077483e-01 5.396500301607737e-02 1.648904497240835e-01
7 4 3 2.747909059650749e-01 -4.389544218168523e-01 7.162664880799374e-02
7 4 4 -3.319753213187662e-01 -3.545543714208369e-01 2.600678222416898e-01
7 4 5 1.253185316594170e-01 7.278344735068980e-02 -1.727742629971818e-02
7 4 6 -1.822154831802412e-01 -2.050724386162613e-01 -3.438277427449441e-01
7 4 7 3.033806473801119e-01 -1.379788596339760e-01 -2.693203954753138e-01
7 4 8 5.796967867760777e-02 9.117652832577552e-03 -4.365173048721216e-01
7 4 9 -1.922681622760636e-01 1.585094468543089e-02 -1.716076578264131e-01
7 4 10 -3.739590868868450e-02 -1.586381865431609e-01 -2.449245060700537e-01
7 4 11 1.529553648624647e-01 3.685638326999027e-02 -4.601410569874040e-02
7 4 12 -4.047526551223504e-01 -8.660346183499195e-01 1.013303306633533e-01
7 5 1 1.238154207864100e-01 -3.587003964903061e-01 -5.205420537773264e-01
7 5 2 3.992809740959705e-01 2.102723455311921e-01 -9.862479952530283e-02
7 5 3 2.395613315893091e-01 -2.097450481610655e-01 -9.893386667121963e-02
7 5 4 1.935938659414044e-01 -2.254810929501531e-01 -7.374523377924264e-02
7 5 5 -4.701310372265861e-02 1.799641950644522e-01 9.387875435445825e-02
7 5 6 3.098327955448010e-01 -4.021377348973760e-01 8.779305898582060e-02
7 5 7 -8.658805614437595e-02 -3.588685921069278e-01 -2.079870924009257e-01
7 5 8 -1.682285250524020e-01 -1.375536499909639e-01 -4.567995976692177e-01
7 5 9 -9.669877347743960e-02 -3.231654752544077e-02 -5.084582683419868e-01
7 5 10 -4.623282606185602e-01 -9.613612110765887e-02 -5.410189919392596e-01
7 5 11 7.207406019334489e-02 -2.354006676461187e-01 -2.856915134721437e-01
7 5 12 2.146500786173970e-01 -6.243155155384601e-01 -4.453384763819419e-01
7 6 1 2.902236342180552e-01 -3.377973247194869e-01 -1.090331487216018e-01
7 6 2 2.264050653067670e-01 2.673760700007448e-01 -1.783887045181041e-01
7 6 3 -9.312449806598597e-02 -2.658000884816829e-01 -4.113504983544376e-01
7 6 4 -2.199018481080956e-01 1.080611879858121e-01 -1.442083396454825e-01
7 6 5 -5.829273124540202e-02 1.259508274451793e-01 -3.599692121441194e-01
7 6 6 -1.867554817036041e-01 1.461436338999332e-01 -5.379873673561421e-01
7 6 7 3.584889704219138e-02 -3.916038559081558e-02 4.156623796126407e-02
7 6 8 -2.252208015292713e-01 -6.575549149057261e-02 2.532435429600465e-01
7 6 9 7.431314011485279e-02 -2.927762441725731e-01 2.400799671497958e-01
7 6 10 -2.324853826820510e-01 -7.525783529116070e-02 2.278462339665195e-01
7 6 11 5.543120840619829e-02 2.507737966043824e-02 1.278180181233155e-01
7 6 12 7.424826815710692e-02 -2.864475666352823e-01 -9.139400139262069e-02
7 7 1 -3.321532324889236e-02 -4.212458909125436e-01 1.448392797430333e-01
7 7 2 2.204919352534537e-02 -9.923869092896560e-02 7.054846922189240e-02
7 7 3 2.508744590891872e-01 -1.923979608014214e-01 -4.141914414582548e-02
7 7 4 -8.117903647071997e-02 3.532089393528890e-01 6.505034202005322e-02
7 7 5 -4.426713019357139e-01 2.365972295221847e-01 2.206210800942036e-01
7 7 6 3.654619205640367e-02 3.419379873397612e-01 8.475129223720868e-02
7 7 7 1.952672119515198e-01 1.928057342559446e-01 6.739994115075608e-02
7 7 8 -2.616312222720432e-01 -3.102815662474955e-01 -4.161858495960967e-01
7 7 9 -5.436203078813930e-02 -1.650485801412997e-01 -4.054004799910375e-01
7 7 10 8.529253292029600e-02 6.921564422807595e-02 -4.164751685513346e-01
7 7 11 -1.140738787129195e-01 -1.426914309496660e-02 -2.452693627553095e-01
7 7 12 -8.674371469477897e-02 -8.901055437391266e-02 3.530822287640975e-01
7 8 1 -7.400554621534239e-02 -3.421096099883979e-01 -2.161977952589086e-01
7 8 2 -1.638634667515291e-01 -4.836748245635973e-02 -3.121760576511400e-02
7 8 3 -1.693683229459278e-02 -1.731259347789968e-01 -4.812516094706260e-02
7 8 4 -1.193294755780872e-01 1.773415010052822e-01 -3.423232390625637e-02
7 8 5 1.694999354405726e-01 2.546020059271984e-01 1.168934595178263e-01
7 8 6 -7.630764273828938e-02 -1.471124539560049e-01 3.638353445350483e-01
7 8 7 -2.306168992474915e-01 -4.684819505516649e-02 3.085166616142779e-01
7 8 8 2.107706749716295e-01 -2.525228847361509e-01 1.199537110533364e-01
7 8 9 -6.934360090095040e-02 -8.278726115691998e-02 -1.116098204266566e-02
7 8 10 -4.398523525685559e-02 -7.332899694637349e-02 -2.021755540420143e-01
7 8 11 1.307578931175621e-01 -2.075981208007012e-01 -4.353873129248910e-02
7 8 12 1.831190047524921e-01 -1.065373332565040e-02 -1.097761202840217e-01
7 9 1 -1.588611953319810e-01 -9.152835210206940e-02 1.361220919896705e-02
7 9 2 -2.649605540864796e-01 3.575876436864536e-02 3.522607711946358e-01
7 9 3 5.118414254791004e-01 1.379119985662908e-01 5.160721141140235e-02
7 9 4 1.473216900518126e-01 -1.446372211586709e-01 -5.445477279134234e-03
7 9 5 1.674850191666533e-01 9.967425998521784e-02 -2.575614034573298e-01
7 9 6 4.479694627661371e-02 -3.264326698171252e-01 -3.457570828043941e-01
7 9 7 -4.670556115947870e-01 6.271730915102462e-02 -8.158048177309948e-02
7 9 8 1.629848700179291e-01 3.826579543383418e-02 -8.040121815699888e-02
7 9 9 -1.114584877323287e-01 -7.144343520457357e-02 -1.244959235062845e-01
7 9 10 -1.195346367241328e-01 -5.389356919433123e-02 1.173890596701301e-02
7 9 11 1.622741160319457e-01 -2.810311368764071e-01 1.465814322175818e-01
7 9 12 -1.171873156436800e-01 6.183428747452404e-02 -1.842328548298842e-01
7 10 1 1.700398457014738e-02 2.123284680717213e-01 -4.979601810144130e-01
7 10 2 -1.583309595982637e-01 4.778771197200680e-02 -9.187778203067490e-02
7 10 3 3.629430716836808e-01 4.012086080340180e-01 3.306186214807166e-01
7 10 4 1.865085325865689e-01 -1.471382664960541e-01 5.764736515626695e-01
7 10 5 1.846230584947982e-01 5.249374274973514e-02 4.185925184914492e-01
7 10 6 -1.172965216649527e-01 2.442476582900477e-01 7.919012654952892e-02
7 10 7 -2.727736814265921e-02 5.909375575823776e-01 -1.519642485357103e-01
7 10 8 -1.121995296532842e-01 -2.193707186733436e-01 -1.393842954069142e-01
7 10 9 -6.269098564405798e-02 2.327366436057746e-01 -3.442770411198238e-01
7 10 10 -1.637854241132989e-01 3.057765746469433e-02 -5.643731982253861e-01
7 10 11 1.415360267803535e-01 -1.102959955030959e-01 7.449314302613338e-02
7 10 12 -5.070828786405851e-02 -4.215070337282112e-02 -3.052569012087109e-02
7 11 1 2.820547144336469e-01 2.052878280977415e-01 2.614275992333110e-01
7 11 2 -2.290537740853409e-01 -8.108134632565867e-02 -5.328519617989746e-03
7 11 3 4.413804894969483e-02 -7.087901450933974e-02 -1.984393267783567e-01
7 11 4 -2.666126583185512e-01 6.706136522263624e-02 -5.914041332911629e-01
7 11 5 -3.604448539349304e-03 -4.081265387436067e-02 -5.068267017745237e-01
7 11 6 -1.207528074433493e-02 5.168523874976054e-01 -6.902085022008489e-02
7 11 7 3.598510294429867e-02 4.035922001894381e-01 -6.553384942814976e-02
7 11 8 2.524459840111480e-01 -9.094176512860720e-02 -2.277800025842918e-01
7 11 9 1.880333927788772e-01 2.973704264508552e-01 -1.766244717425343e-01
7 11 10 -4.294813399039846e-01 -7.874514671084658e-02 -2.958265559146203e-01
7 11 11 4.684235414754822e-01 2.777908354461328e-01 -1.504786685291382e-01
7 11 12 -9.277601264637148e-02 -2.066996237346509e-01 3.528846426087578e-01
7 12 1 2.925327102432237e-01 7.102737932373787e-03 -7.767610582459183e-02
7 12 2 -2.649544212264158e-01 -2.699139316587744e-01 -1.310429517060923e-01
7 12 3 2.680900166217484e-02 -1.411913976226535e-01 -1.074351248520430e-01
7 12 4 -4.750576189198719e-02 2.274031835955391e-01 -1.811275125497837e-02
7 12 5 -2.378639554452064e-01 3.307492607702989e-02 -4.032370434294564e-01
7 12 6 -1.049081017866851e-02 -1.520343772960967e-01 -3.780062447442319e-01
7 12 7 1.107594416546022e-01 8.414806959295418e-03 3.562405738619965e-03
7 12 8 -2.963857665197007e-01 2.228560032643715e-01 -2.731621479107074e-01
7 12 9 5.568291470036249e-02 2.590013875538096e-01 -3.418730220418106e-01
7 12 10 -1.606003046224617e-01 1.103559880630828e-01 2.858820599170930e-01
7 12 11 1.553593410250372e-01 6.925910503933108e-02 4.770892085392514e-01
7 12 12 2.110367745795680e-01 -6.498576765516340e-02 6.487235382888636e-02
8 1 1 3.989944744762300e-01 1.336586730307695e-01 -1.481435579264381e-01
8 1 2 2.258324863324262e-01 6.885477404841664e-02 -4.152995980207461e-01
8 1 3 3.345523718496042e-01 -2.433821123727931e-01 -2.740115290104396e-01
8 1 4 3.707962116165122e-01 1.590383677154815e-01 -1.868419218518051e-01
8 1 5 5.533588196301176e-01 -2.837963011668406e-01 5.356855493875048e-02
8 1 6 -3.596602366892344e-01 -5.856625347039096e-01 2.560263544901624e-01
8 1 7 1.443769817853615e-01 2.649605950862703e-02 -2.120550737491349e-01
8 1 8 -2.374624393457645e-02 -5.528366075785134e-02 -5.559874017107644e-02
8 1 9 -4.163596924582960e-02 3.451563912446991e-02 -3.675734309234543e-02
8 1 10 2.529964635813760e-01 1.631020752658234e-01 1.420570917953484e-02
8 1 11 -4.464542354640927e-02 -1.399136159360407e-01 -6.365262260485985e-02
8 1 12 -2.463199660408795e-01 -3.060625206317499e-01 -2.935433750705371e-01
8 2 1 2.628168723473503e-01 1.308139291349294e-01 1.519862577830956e-01
8 2 2 -2.159469660065434e-01 1.299660728297838e-01 1.932654567384491e-01
8 2 3 2.334674721638477e-02 -2.582233263549117e-01 3.749140978593064e-01
8 2 4 1.207158198943528e-03 1.882031954532467e-01 4.929064966375842e-01
8 2 5 3.234952432909780e-02 3.587091467927706e-02 5.667448529545138e-02
8 2 6 1.144631532351560e-01 -6.001295048856805e-01 -2.465600345725349e-01
8 2 7 -2.954762966588317e-01 2.555544646687340e-02 -1.902015844776012e-01
8 2 8 -1.846598209989202e-01 -1.486633566099079e-01 1.196959495766789e-01
8 2 9 3.740887346343013e-01 3.744979412630789e-01 1.030335757917910e-01
8 2 10 -2.762024044594159e-01 -2.559627018916831e-01 -1.102965911742360e-01
8 2 11 -1.289796628349093e-01 1.421845770951669e-01 -1.903823061712643e-01
8 2 12 1.173894745340627e-01 4.295754123541730e-02 -1.429867511251623e-01
8 3 1 -6.721885942235278e-02 1.814026493153507e-01 -3.732576103418390e-02
8 3 2 -4.014254311109174e-01 -1.226458475304437e-02 -1.313213182174104e-02
8 3 3 -2.624116529297098e-01 -2.675715960817207e-01 -7.622671871499279e-02
8 3 4 5.413719997949763e-02 2.449191501862690e-01 1.642726463493026e-01
8 3 5 3.449635437684475e-01 3.395722100017539e-01 2.485253196349911e-01
8 3 6 6.743240860043148e-02 4.316467493905232e-02 3.864369205443478e-02
8 3 7 2.454669217109805e-01 -2.002386723734551e-01 -4.789183146025094e-02
8 3 8 -1.244000906761327e-01 -2.509987814513828e-02 -6.566224881996963e-02
8 3 9 1.400388730196997e-01 5.872169270092089e-01 2.328538163091576e-02
8 3 10 -4.048002279727669e-01 -5.440969574795085e-01 3.941547087017964e-02
8 3 11 1.338100115894599e-01 3.875703481622338e-01 8.402130530898617e-02
8 3 12 1.021924234098344e-01 1.443447885233708e-01 3.085026673325904e-02
8 4 1 1.756207711502673e-02 3.642238572053306e-01 6.943592510640859e-02
8 4 2 -3.678097724238091e-01 -1.313554704333246e-01 -1.864068629998487e-01
8 4 3 2.356833019337030e-01 1.417468061347026e-02 -1.564499161792926e-01
8 4 4 -1.934638181583487e-01 -1.688873997431403e-01 3.010322291997969e-01
8 4 5 -8.872958187553763e-02 2.340566008828180e-01 2.541772967279770e-01
8 4 6 -7.464517046788091e-02 4.245071168303033e-01 1.667172144904323e-01
8 4 7 1.902311913709581e-01 -1.726455147930208e-01 2.590986284445563e-01
8 4 8 -1.890171979375223e-01 1.014988641886316e-03 1.016736985851722e-01
8 4 9 8.438836563901356e-02 1.326775109745415e-01 8.489995546418472e-02
8 4 10 -1.725860818228302e-01 -2.004473913082290e-01 1.679560972859049e-01
8 4 11 -6.438984470738798e-02 8.660737273859204e-02 1.663271223894853e-01
8 4 12 -5.585651193543614e-02 -1.623994782952145e-02 1.265166353918617e-01
8 5 1 1.642937184484879e-02 2.471121582344162e-01 -2.459612487011125e-01
8 5 2 6.208258134692779e-01 -9.722753311793397e-02 2.013321556574562e-01
8 5 3 -4.831025965999428e-02 2.243948339084688e-01 2.148084834259366e-01
8 5 4 6.961656980451714e-02 -4.774478600635147e-01 -9.353662158186556e-02
8 5 5 1.377246862204300e-01 -3.893691568520000e-03 -5.812217556780500e-02
8 5 6 7.256962753719735e-02 2.564047680347299e-01 1.930661088535690e-02
8 5 7 -1.455567884099184e-01 1.048552982455795e-01 -1.134441925859176e-01
8 5 8 -3.155237822232476e-01 1.955820806001169e-01 -4.040694882810755e-02
8 5 9 5.251024838314075e-02 2.115511153034372e-01 3.497447503797822e-02
8 5 10 -6.808532164322016e-02 -5.067874884403849e-02 1.540652917330661e-01
8 5 11 2.942119683141615e-01 1.249592784787314e-01 1.860266179853970e-01
8 5 12 3.741390531618048e-01 -6.760417160162371e-02 -2.224785282714293e-01
8 6 1 3.594329259540701e-01 -2.531924891948846e-01 -1.665898274611879e-01
8 6 2 1.302057517236363e-01 -1.217171054670494e-01 8.121951637715917e-02
8 6 3 -6.167124340894061e-02 -4.156561016362581e-02 1.158486565197802e-01
8 6 4 -1.910241989136122e-01 -3.190892895425727e-01 3.369652990859252e-02
8 6 5 7.684460243629404e-02 -2.297381688870211e-02 9.268285077307505e-02
8 6 6 -3.005580448993038e-01 -1.200674829244621e-01 2.193596983451581e-01
8 6 7 1.478526469671102e-01 2.026051628649718e-02 2.230134730806375e-01
8 6 8 -2.642198324684941e-01 4.330600997515200e-01 1.140532801703952e-01
8 6 9 -3.938704636408218e-02 5.336355618955078e-01 1.125610187983951e-02
8 6 10 -3.035005986064406e-01 -8.542640407075223e-02 2.518875036870358e-03
8 6 11 3.454589428387232e-02 1.970006238306116e-01 3.171678471155098e-01
8 6 12 -3.393803514402900e-01 1.223143740672548e-01 1.425312020694787e-01
8 7 1 -4.081120151270115e-02 -2.425752746222091e-01 -1.152012819730410e-01
8 7 2 -1.727326266230337e-01 -5.224091815437504e-02 2.797774606942422e-01
8 7 3 3.432738524647841e-01 -3.164125610173416e-02 3.920622552934392e-01
8 7 4 -7.201372651515152e-02 -2.422276521870731e-01 2.417910508538860e-01
8 7 5 2.096222893879392e-01 1.161764666706777e-01 3.371610625742713e-01
8 7 6 1.055169967899719e-01 3.475941160555968e-03 -1.521168540605624e-01
8 7 7 1.004026110655878e-01 -2.941940234993010e-02 -4.747221791012264e-01
8 7 8 1.905066453022610e-01 5.900101864512181e-02 -4.163560791183395e-02
8 7 9 9.050980557306679e-02 6.138396493199805e-03 6.159480285516240e-02
8 7 10 -2.142924613969324e-02 -1.709987379198154e-01 -5.907672947595870e-02
8 7 11 -3.171503116879633e-01 -4.307383154880576e-02 7.276183561203438e-02
8 7 12 2.905830308733259e-02 2.219298938250416e-01 4.917175160866621e-03
8 8 1 -9.876346922892396e-02 1.544580279678749e-01 -1.726138965212790e-01
8 8 2 -1.941775029555100e-01 1.477657394467487e-01 1.179799582834788e-01
8 8 3 -5.741876987964437e-02 3.311441998640188e-01 1.159545728961700e-01
8 8 4 9.808299547341225e-02 -2.101473778577110e-01 1.876883319449520e-02
8 8 5 1.913434382943601e-01 8.744588480534077e-02 -1.555089926624358e-01
8 8 6 4.518996076741896e-02 2.456926293238386e-02 -5.403841895175956e-02
8 8 7 -2.187112534039476e-02 1.641810888159502e-01 -2.327966376428088e-02
8 8 8 2.883843930530070e-01 -2.281847180472047e-01 4.927987552746098e-02
8 8 9 1.388025566588621e-01 -2.200773678909224e-01 2.272386671961591e-01
8 8 10 1.793971128520528e-01 -1.042594017188348e-01 2.552932383807348e-01
8 8 11 1.366526442090301e-01 -2.672436119798483e-02 3.419196807817795e-01
8 8 12 3.564567220543959e-01 -2.512939009839338e-01 -5.357311850829735e-02
8 9 1 -2.707176392906032e-01 9.068452086542583e-03 2.186823722525704e-01
8 9 2 -4.879306517437307e-01 2.902294646818379e-01 1.242103550685184e-01
8 9 3 6.825439896092045e-02 9.210302749692029e-02 -1.708350080306752e-01
8 9 4 -1.613279600610026e-01 -7.478130042880443e-02 -3.477901837103268e-01
8 9 5 1.526945577401699e-01 -8.809158712964345e-02 -6.997584691685395e-02
8 9 6 2.930581933817489e-01 -2.108069305659402e-02 5.235258241194244e-02
8 9 7 4.712866110825945e-02 -2.117100929248064e-02 8.484156788348582e-02
8 9 8 9.230522436617844e-02 -1.941567065581998e-01 1.113956182519332e-01
8 9 9 1.178020930158601e-01 1.127772765209398e-01 1.509469432180245e-01
8 9 10 -1.757207687399183e-01 2.718087574905463e-01 3.533868942132483e-01
8 9 11 2.791193739287948e-01 1.103295494403185e-02 2.388465291057416e-01
8 9 12 -3.685681244917314e-01 -1.432790195358955e-01 1.589512912769776e-01
8 10 1 -2.515038288259339e-02 -3.680438690658849e-02 2.445052024061353e-01
8 10 2 -1.011424069085362e-01 4.657705266733190e-01 4.404423893766863e-01
8 10 3 1.226015868250293e-01 -5.305343788891081e-03 3.430852310202157e-01
8 10 4 -1.006075539838023e-01 -2.231225313847927e-01 -3.311726086368842e-01
8 10 5 -8.340700308355126e-03 -2.050628742194909e-01 -2.103847732991719e-01
8 10 6 -2.229869475857641e-01 3.267357869842504e-01 5.110641370046820e-01
8 10 7 -5.433701478546448e-02 6.989102152891491e-02 1.217929009255090e-01
8 10 8 9.388590903668582e-02 -3.691762085066743e-02 -2.815086354269125e-01
8 10 9 7.099748261595412e-02 -1.066397650886253e-01 -1.278649565352789e-01
8 10 10 -2.235521471450268e-01 2.581020560871747e-01 -3.367547967582907e-01
8 10 11 3.478345303549749e-01 8.806777358953910e-02 -3.407645781951495e-01
8 10 12 6.595770197320394e-02 2.817382442137841e-01 2.829854076297860e-02
8 11 1 6.036826804671669e-01 4.025524227436010e-01 2.870404814062796e-03
8 11 2 -3.081767693678285e-01 1.919000020569940e-01 1.102026121017336e-01
8 11 3 -3.589303338197333e-03 2.705340274071352e-01 2.580538910154312e-01
8 11 4 -5.864140045750645e-02 -4.765621444038847e-01 -5.147412779212589e-02
8 11 5 -1.413071461580878e-01 -1.447863146666095e-01 -1.894187845565908e-01
8 11 6 -2.612782802564816e-01 3.102215654782937e-01 4.774053801624226e-03
8 11 7 1.381715726449175e-02 5.139773342317862e-01 2.320050429482871e-01
8 11 8 -6.828446660751776e-02 2.827949264544387e-01 1.886646066485839e-01
8 11 9 2.379251756178785e-01 1.897717206786076e-02 -6.758532799676226e-03
8 11 10 -7.981579297983477e-02 1.175631800248511e-02 7.552808578191894e-02
8 11 11 -2.150071495796099e-02 4.227718732007021e-02 -8.535527582420877e-03
8 11 12 1.629890587885964e-01 1.309796414113228e-02 -3.947873670264167e-02
8 12 1 -7.999916529942008e-02 3.717201425818092e-01 -1.820280850116306e-02
8 12 2 -7.818153524411305e-02 -1.011785582875824e-01 -1.848503761497359e-01
8 12 3 -1.935570963576760e-01 4.212324086215857e-03 -1.108282641941167e-01
8 12 4 -3.157642597172765e-01 -1.340180361065565e-01 -1.545179370646478e-02
8 12 5 -2.767067973236998e-01 -1.941559271184249e-01 1.485051943201867e-01
8 12 6 2.404040992081435e-01 -4.909145708466660e-02 -1.708435412074849e-01
8 12 7 4.040318900789281e-01 2.872570496649120e-01 -4.694599196625936e-01
8 12 8 1.489541207661105e-02 2.425283873528618e-01 4.036418785474327e-02
8 12 9 8.250318207976254e-03 2.570826453655360e-01 1.275666614338997e-01
8 12 10 8.653866146948602e-02 6.888654941781690e-02 4.841264033869874e-02
8 12 11 1.416250374098169e-01 -1.042836646357039e-01 1.404290543720014e-02
8 12 12 1.926038805859112e-01 -3.170493759827254e-01 -2.600734829634325e-02
9 1 1 4.169425966860091e-01 -9.376399323371742e-02 2.747971193295343e-01
9 1 2 1.074370394724431e-01 -3.056438065388133e-01 1.986677035091211e-01
9 1 3 4.450158393099421e-01 -1.946594843243103e-01 2.944801134402090e-01
9 1 4 6.533152367085195e-01 2.950398106943711e-03 -1.194366253106050e-01
9 1 5 1.902249987898243e-01 -1.427193713013604e-01 -1.954700703075363e-01
9 1 6 -5.430853547133685e-04 -4.474085464366914e-01 1.280282721937985e-01
9 1 7 5.851833371520579e-02 -2.364105388784986e-01 -6.940025045099257e-02
9 1 8 -3.335131128665363e-01 -1.004288544396248e-02 -4.647863358900927e-01
9 1 9 1.808409619952030e-01 4.383223474075290e-02 -1.968402595343763e-01
9 1 10 3.374012883688339e-01 2.679162598850701e-02 1.982036670302411e-01
9 1 11 5.568460127566797e-02 -1.801102147493166e-01 -1.610946731317394e-01
9 1 12 8.194552487335881e-02 1.521646877019884e-01 5.795297812635714e-03
9 2 1 -4.037211815529977e-02 -1.540016711962508e-01 -1.685973781749547e-02
9 2 2 -2.321028253895917e-01 -2.193407775544806e-01 5.440915644417620e-02
9 2 3 -3.272083970172743e-02 1.175965368101339e-01 3.018902782400083e-02
9 2 4 -6.475138813630985e-02 9.083355641819699e-02 2.040180311044641e-01
9 2 5 -9.830279822265792e-02 -2.882441659279674e-01 1.335232654204830e-01
9 2 6 3.518972364244636e-01 -5.394646858117371e-01 1.610356618789166e-01
9 2 7 -2.684648945984063e-01 -1.869557337093437e-01 4.309459268991373e-02
9 2 8 -2.265518100694428e-02 1.143330333825162e-01 -1.201096086105478e-01
9 2 9 1.537837763019982e-01 1.140885320483963e-01 2.229102814116304e-02
9 2 10 -1.420562163501914e-01 2.325989720817057e-01 1.720210597051339e-03
9 2 11 -1.110189474663505e-01 -1.952625922645110e-01 -2.923869770101521e-01
9 2 12 -5.817488342836559e-02 2.220875865369638e-01 -3.812222521661475e-01
9 3 1 7.798380829499507e-02 2.726241126755628e-02 -1.600047134105028e-01
9 3 2 -1.941618233691527e-01 2.533520336044220e-01 -9.887987608159562e-02
9 3 3 -2.976702640398819e-01 1.141686215923700e-01 1.245909434374574e-01
9 3 4 2.775008760261471e-01 -1.963051116847848e-01 1.440802345514433e-01
9 3 5 4.335513199986864e-01 -1.877654156034285e-01 2.330100493033616e-03
9 3 6 9.535830695685539e-02 -8.080743624343700e-02 1.207420011319877e-01
9 3 7 5.669994959496260e-01 9.713195839788821e-02 9.138957287397038e-02
9 3 8 -2.437842831629508e-01 1.033997543657141e-01 -8.623324872546194e-02
9 3 9 1.966194666958709e-01 -1.754374135177637e-01 1.689900136121456e-01
9 3 10 -3.290541478898134e-01 2.624096613966799e-01 -8.275318678904794e-02
9 3 11 3.962502798259492e-01 -1.125709073671908e-01 -2.755481991590291e-01
9 3 12 -2.948486072667447e-01 2.182938660538579e-01 -4.520820624025049e-02
9 4 1 -1.538264818993605e-01 1.079950123096703e-01 2.661435093248301e-01
9 4 2 -5.843217483080925e-01 3.676582241241746e-01 1.904831733029864e-01
9 4 3 -8.141912281785570e-03 -1.299223093155591e-01 -1.275785452951689e-01
9 4 4 2.298939360727077e-01 -1.360696324697839e-01 -5.142450331537594e-01
9 4 5 -1.878964578337844e-01 -1.205969528633059e-01 -3.455612025074581e-01
9 4 6 2.950410693694485e-01 1.655433543592628e-01 -1.113006898395362e-01
9 4 7 -1.376498082556302e-01 1.863787756123131e-01 1.297419671368491e-01
9 4 8 -1.869157282672096e-02 2.683662855509666e-02 1.380729696488869e-01
9 4 9 4.423252475810235e-01 -2.804432100618481e-05 5.603308134599050e-02
9 4 10 -2.487774551036973e-01 -6.117272194892176e-02 2.835129477989037e-01
9 4 11 -1.841930615016812e-01 -1.540618635831922e-01 -2.261561126940070e-02
9 4 12 -4.479163124462240e-02 -9.303381778279600e-02 -3.036016902183945e-02
9 5 1 1.011841363599813e-01 3.917082909958833e-02 2.801022354183286e-01
9 5 2 2.587527007307986e-01 1.157512217368030e-01 4.453108806861585e-02
9 5 3 -5.638990804210198e-01 3.639165934802087e-01 -1.395211786908109e-01
9 5 4 1.256485745531028e-01 2.087836150709813e-01 -2.652350677870537e-01
9 5 5 1.127514208366656e-01 -1.161416776409564e-01 7.822833274327409e-03
9 5 6 1.292483122442793e-01 9.249299531929625e-02 2.362977117696824e-01
9 5 7 -1.006996751527046e-01 2.225338113051482e-01 -4.446261277781893e-02
9 5 8 -3.054607429473030e-01 -1.449056636790422e-01 -4.351489450253013e-02
9 5 9 5.087404620212996e-01 3.674492859428943e-01 -1.658414726174338e-01
9 5 10 -1.050136121217684e-01 -4.669991267406101e-01 -3.383040339022489e-01
9 5 11 4.596960319250326e-01 -3.003334006758825e-01 9.674343323373161e-02
9 5 12 3.158806444507302e-02 -9.275174384358817e-02 4.010684341938584e-01
9 6 1 6.955649272627867e-02 2.102479914825536e-01 -1.271737651433397e-01
9 6 2 -1.969769246092122e-01 -3.592109050324237e-01 -3.465052923229311e-01
9 6 3 2.813101019171530e-01 2.154121372721982e-01 -5.911068092387510e-02
9 6 4 -5.577768118707991e-01 3.857136638850364e-01 2.979114767747568e-01
9 6 5 2.922775991202912e-01 6.008153155482857e-02 2.306613727622580e-01
9 6 6 -6.391668133281100e-02 -7.874099335394659e-02 -1.077234370409622e-01
9 6 7 2.352169103151937e-01 3.354466114556232e-01 3.656427091445480e-03
9 6 8 1.265565960108185e-01 -3.783397803547362e-01 2.559382912096626e-01
9 6 9 -1.718220270894750e-01 1.558017924329792e-01 2.348216603060311e-01
9 6 10 -1.403254899692992e-01 -4.175714822424647e-01 4.683318960772744e-02
9 6 11 2.022090397267155e-02 -1.295995729419201e-01 -1.582443145771881e-01
9 6 12 -1.167952492992961e-01 2.376973883070124e-01 -2.184352871292183e-02
9 7 1 -4.476255178364969e-02 -7.508806977559568e-02 -3.396750206284572e-01
9 7 2 5.833291939073820e-02 -3.368141626313805e-01 1.318645405095079e-02
9 7 3 -3.857475220556725e-02 5.352361272163902e-03 2.241756956717155e-01
9 7 4 -1.837502807105731e-02 1.829388643932095e-01 2.255547111635223e-02
9 7 5 5.168643634421998e-01 3.762730111202219e-02 -5.140584830079822e-02
9 7 6 -9.021653895069173e-02 4.383307962699707e-01 -1.890509846362631e-01
9 7 7 6.993358239783427e-02 2.572600320957685e-02 6.356801857145761e-02
9 7 8 -8.964360039035085e-03 -7.198731606561373e-02 3.209181773680032e-01
9 7 9 -8.479401254377278e-02 3.998895527212568e-02 5.967032925578544e-02
9 7 10 -1.636165195671944e-01 -1.945867055795980e-01 -1.891475737660061e-01
9 7 11 -3.323010216070095e-01 -2.738039798223778e-01 2.028372061689224e-01
9 7 12 -5.612021020739766e-03 2.809655442185933e-01 1.807088366055885e-01
9 8 1 3.510746070821660e-01 -2.885760048800303e-01 -8.986050669415131e-02
9 8 2 -1.138097532580751e-01 1.500346160695819e-01 -3.357081997976362e-01
9 8 3 -1.491861690051683e-01 -7.877554635802214e-02 -3.126918629442332e-01
9 8 4 -2.785610526774367e-01 1.933562425542374e-02 3.165494290817890e-02
9 8 5 -5.271085369276234e-01 -1.701644948514525e-01 3.657880442559043e-01
9 8 6 -1.275523924260665e-01 6.009121187528008e-01 1.103201586627048e-01
9 8 7 1.703955980443648e-01 -2.984294006072783e-01 -2.826035436677658e-02
9 8 8 -3.474739618866851e-03 1.052889497647288e-01 2.095494342139155e-01
9 8 9 1.403996860191474e-01 1.825071334833437e-01 2.450575436001648e-01
9 8 10 3.837210545253959e-01 -3.276690677291161e-01 1.068805882383418e-01
9 8 11 2.855631577100623e-02 8.480007326843536e-02 -1.460603286901914e-01
9 8 12 1.155881694162297e-01 1.349245263575227e-01 -8.872438906478819e-02
9 9 1 2.438967251918999e-01 5.599774205733893e-02 -2.430117873430622e-02
9 9 2 -3.348224106935915e-01 1.219366810719532e-01 -1.138993426789573e-01
9 9 3 2.931206470641603e-02 -2.709675757623283e-01 -8.198791349683769e-02
9 9 4 -3.931559581448957e-01 -2.448770659288889e-01 -8.192550940243702e-02
9 9 5 3.459644386031788e-03 -3.152786792014808e-01 -2.018328405729018e-01
9 9 6 -4.295368077643075e-02 2.128795122507788e-01 -2.006129900397602e-01
9 9 7 2.993308631600233e-02 -8.837303998116247e-03 -1.011566632037111e-01
9 9 8 -1.697478860424846e-01 -1.225798876574318e-01 -3.648467212643031e-01
9 9 9 4.942600756077194e-02 -4.817305758927082e-03 -1.735247943494076e-01
9 9 10 2.649470171362610e-02 -2.599548173674076e-01 2.273482552813158e-01
9 9 11 3.138571853444355e-01 2.939857605042834e-01 1.831682970028750e-01
9 9 12 -3.272652197404946e-01 -5.238798779992643e-03 1.343012147498523e-01
9 10 1 1.453647640634686e-01 3.530743100949525e-01 -4.060842539022949e-01
9 10 2 -2.022781910962134e-01 8.974783968384401e-02 -1.068953938935811e-01
9 10 3 -8.496143677594817e-02 -1.112948172759196e-01 9.212209440087307e-02
9 10 4 1.296908990746709e-01 -2.057301891098403e-01 -2.252444564318559e-01
9 10 5 -1.484854653175148e-01 -4.728018217229579e-01 -4.341255465432636e-02
9 10 6 -2.701496880316456e-01 2.204570428791477e-01 -7.339478092878840e-02
9 10 7 -1.920035496203360e-01 1.995321063286573e-01 -5.904635791045847e-02
9 10 8 4.090283226358507e-02 -8.100236141225615e-02 -4.757897147323630e-02
9 10 9 -2.297172596877418e-01 -6.256460609280651e-02 -2.424946714721808e-01
9 10 10 -9.648333229004655e-02 -8.981215953741570e-02 -3.907370838858852e-02
9 10 11 2.587718424747391e-01 -5.240365262708606e-01 -1.202700266691131e-02
9 10 12 -5.295729602233461e-02 -2.856688862549825e-01 -1.787554350892486e-01
9 11 1 4.653861553702680e-01 3.134532212633938e-01 2.549878943322603e-01
9 11 2 -1.645989654253417e-01 6.063149731293753e-02 -3.295317530522139e-01
9 11 3 -1.343512223818836e-01 1.814175222930756e-01 -1.398113683524686e-01
9 11 4 1.361662020952669e-01 2.066003532042347e-01 2.084588158130625e-01
9 11 5 -3.327116708281610e-01 -2.033689754610005e-01 2.698545781171091e-01
9 11 6 -3.355732015910452e-01 -2.543966050532098e-02 1.171099781306096e-01
9 11 7 2.583608333080090e-01 4.571603306465281e-02 7.585297151519685e-02
9 11 8 1.212492751548928e-01 -2.379728965916649e-01 8.502988932012198e-02
9 11 9 2.034569685318937e-01 2.955394860088255e-01 -3.069896617591192e-02
9 11 10 -8.049531867482418e-03 -1.227551858514763e-01 3.644467675606484e-01
9 11 11 -2.278167415054966e-01 -3.750306871339220e-01 1.829088091330795e-01
9 11 12 9.949665882548467e-02 -3.165448119719153e-01 1.675802207970366e-01
9 12 1 6.454091563779796e-03 3.829250286766898e-02 2.778288486803268e-01
9 12 2 -6.767688105802133e-02 -1.196755327347743e-01 1.810770436804756e-01
9 12 3 -1.465200415629818e-01 1.862120374183484e-01 -2.234621288612468e-01
9 12 4 -1.671129363341686e-01 6.008030182662744e-03 -6.364442809242844e-02
9 12 5 -3.565941561317907e-01 6.407908571465083e-02 -6.120213366834742e-03
9 12 6 4.461484640072776e-02 -1.786591761709312e-01 -4.188591769774181e-01
9 12 7 -2.255019445363696e-02 -9.011239597932039e-02 -7.064432838539181e-01
9 12 8 2.514385346611300e-01 -2.712053650073503e-01 -4.425927892434386e-01
9 12 9 4.209083628886413e-02 1.767504351370011e-01 -3.011918952992185e-01
9 12 10 4.199417756952865e-01 -9.146808877769251e-02 -2.482200977615146e-01
9 12 11 -9.537647293533774e-02 -2.970294745235763e-02 2.404414421257988e-01
9 12 12 8.337678621709559e-02 2.088194621522317e-02 2.732922178192317e-01
10 1 1 9.087584483903982e-02 -2.242598393061260e-01 1.844261529581516e-01
10 1 2 6.894747468482890e-02 -4.140035979798126e-01 2.384241562238346e-01
10 1 3 3.475285266298551e-01 1.158558486362479e-01 1.830888921733278e-01
10 1 4 3.764516489402601e-01 -7.140325523562253e-02 2.873277875893054e-01
10 1 5 3.796043674538946e-01 4.002524801662302e-01 1.250835053054387e-01
10 1 6 -3.320041239466817e-01 1.042333074524225e-01 3.017574755290630e-01
10 1 7 -1.243951118405474e-01 1.175508009112713e-02 4.968576088703736e-01
10 1 8 -9.461726435968765e-03 1.756812301438787e-01 2.849859083989587e-01
10 1 9 2.732661194264618e-01 -1.917639462634095e-01 1.373165274233964e-01
10 1 10 2.576398206462607e-01 1.341213768508945e-01 8.856791823108616e-02
10 1 11 4.757101323229330e-01 -2.237456519017635e-01 2.027128429261880e-01
10 1 12 2.710049312013741e-01 -2.999650034085193e-01 1.284222836846282e-01
10 2 1 -2.641061272093045e-02 -5.125151242948066e-01 2.375660240861837e-01
10 2 2 -8.467125728963057e-02 -3.492559371038591e-02 -1.424822589807223e-01
10 2 3 -3.011029854074076e-01 8.012776589947410e-02 -2.204260492389369e-01
10 2 4 9.360822071339869e-02 1.881469949835553e-01 -1.628743872839395e-01
10 2 5 -4.120569527606111e-01 1.445704714907896e-01 -1.283188200383099e-01
10 2 6 2.269464197434035e-01 1.996292024127451e-01 -1.905472823388909e-01
10 2 7 -7.916237105581099e-02 -2.459601953314453e-01 2.705278709009941e-02
10 2 8 4.739894441724957e-02 1.657700623827489e-01 3.145432373246114e-01
10 2 9 -2.045887997260831e-02 -1.015797580642628e-01 3.319697789861459e-01
10 2 10 7.794977885449625e-04 1.735017228180643e-01 1.869771539101696e-02
10 2 11 -1.725031254452754e-01 -6.964943146774188e-02 -8.028891459606752e-02
10 2 12 2.752152591080052e-01 2.928366743539736e-01 3.302177821770391e-01
10 3 1 3.192854713590857e-01 -1.593382308005609e-01 -6.314682583808251e-02
10 3 2 2.615265124787172e-01 -5.994209104383379e-02 -8.102345538125827e-02
10 3 3 4.895312185861575e-02 -1.993480591314324e-01 -1.023316228764794e-01
10 3 4 3.860497126004253e-02 3.582544141494545e-01 2.009757766948748e-01
10 3 5 -2.530703274110305e-01 3.302197010230009e-01 3.512154322394092e-01
10 3 6 5.644673492903184e-02 1.708519594899273e-02 -9.699321358894143e-02
10 3 7 4.047956390573485e-01 -5.979652859857285e-01 -1.918389745751725e-01
10 3 8 -2.507303175643655e-01 -6.053503380243019e-03 1.391945356800721e-01
10 3 9 3.595447234521640e-01 5.417418510536463e-02 -5.500502000715651e-02
10 3 10 5.525827607358885e-02 8.433715586299453e-02 -1.921883666236870e-01
10 3 11 -1.033331948058258e-02 2.382984064302850e-01 -1.918896836653873e-01
10 3 12 -3.221032216925996e-01 4.323438464708562e-03 -2.229619715039291e-01
10 4 1 -3.663951160543766e-01 2.307857446573383e-02 -3.526115864045221e-01
10 4 2 -3.947333522766229e-02 -9.622866916676538e-02 -8.064772750555739e-01
10 4 3 1.274839999849704e-01 -3.167521161094117e-01 -4.541933490298907e-01
10 4 4 2.490371086842010e-01 -1.086946218601598e-01 -2.910727162213378e-02
10 4 5 -3.245640606964796e-01 1.092747329090910e-02 -2.660429100637119e-01
10 4 6 4.026931669223163e-01 -2.933859949979113e-02 -5.816028934764386e-01
10 4 7 -4.381982710064360e-01 -1.035324184462031e+00 -1.339793137367921e-01
10 4 8 3.989166648598356e-01 -4.143606859557190e-02 3.012216167038899e-01
10 4 9 4.946121972925709e-01 -6.421099563295594e-02 2.086555415719943e-01
10 4 10 -1.638244080473753e-01 -1.022162587177685e-01 -5.770471552465625e-02
10 4 11 -3.549782289768832e-01 -6.098661216813673e-02 1.749838179052405e-01
10 4 12 -5.764878591030482e-01 -2.419496473487208e-01 3.504827392172307e-01
10 5 1 2.304503386799608e-01 1.639131330889900e-01 -3.067495383006242e-01
10 5 2 -2.998839172271003e-01 5.398324450832279e-02 4.280441508407978e-03
10 5 3 -1.285197010537473e-01 1.272517186376699e-01 7.892557252362831e-02
10 5 4 1.110318748376979e-01 -2.007131112365891e-01 -3.076768744393794e-01
10 5 5 -4.768025830197684e-01 -1.494957870842550e-02 -3.567048855729877e-01
10 5 6 7.212012420269154e-02 4.336683945608083e-01 -2.523253295218406e-01
10 5 7 -1.204417122778836e-01 -7.623521677660352e-01 -4.400297630731656e-02
10 5 8 -2.582475496826261e-03 4.019832876984106e-01 2.231488869302645e-01
10 5 9 5.366844974838698e-01 1.363485772742757e-01 3.263225213910717e-01
10 5 10 2.673874991672490e-01 -1.562054983563329e-01 1.937740522160649e-01
10 5 11 1.828388401829819e-01 -1.975002812546778e-01 -3.401456176056353e-01
10 5 12 -1.455414686347486e-01 -2.058316123056427e-01 -5.035561005653814e-01
10 6 1 2.764468109981895e-01 2.394990912168872e-01 -2.366010344747974e-02
10 6 2 -1.037778105286774e-01 -2.979360733664199e-01 4.138960536335720e-01
10 6 3 2.502904426850941e-01 5.894050729622116e-01 2.151120801728886e-01
10 6 4 -5.231238283796436e-01 1.242426671986555e-01 -2.369775843539237e-01
10 6 5 7.714411245747475e-02 1.262698581637164e-01 -2.427152717571791e-01
10 6 6 4.780772022501184e-03 3.687623043804259e-01 -7.735094448577703e-02
10 6 7 1.061196408106903e-01 2.744429673176783e-01 -2.500375451170251e-01
10 6 8 3.596199603141708e-01 1.664832454563600e-01 -2.013962703710097e-01
10 6 9 -3.838511901556387e-01 5.285872675024207e-01 1.655253207999109e-02
10 6 10 -6.511023192635954e-02 2.277686734299696e-01 1.705803620411643e-01
10 6 11 1.339205274460829e-01 -4.185621391500077e-01 1.892643898010893e-01
10 6 12 5.122331079803678e-02 -4.685758068852686e-03 -1.642355347317409e-01
10 7 1 9.848778876371428e-02 1.250923840502988e-01 -2.800769049002888e-02
10 7 2 1.868655569300339e-01 -2.371033839721373e-01 9.126969471579834e-02
10 7 3 -3.216561504746680e-01 3.848851166812559e-01 2.732255546441521e-01
10 7 4 -1.928268435162082e-01 2.774628380308317e-01 -1.456206281887584e-02
10 7 5 2.103308215003487e-01 1.611248689689078e-01 -2.394130426913416e-01
10 7 6 -5.743607219714345e-02 -1.336007523569465e-01 1.172192970641213e-01
10 7 7 -1.478734357397422e-02 4.033686781102009e-01 1.411207293563057e-01
10 7 8 -2.560339049422839e-01 -4.302798230627282e-02 -1.148105837816986e-01
10 7 9 -2.781718327895082e-01 8.315933052952515e-02 -5.134732447353466e-02
10 7 10 1.224152279623366e-01 2.140414977715404e-01 8.073577896334046e-02
10 7 11 -5.923224694475027e-02 -2.260329005747630e-01 1.656725739845701e-01
10 7 12 1.402514007957225e-01 6.448578108915012e-03 1.013986761874371e-01
10 8 1 2.379682821408450e-01 -1.776238723812059e-01 1.341500067716120e-01
10 8 2 8.120584923773516e-02 5.049450532884664e-03 2.326965084916786e-01
10 8 3 -1.282164541515975e-01 1.855352227916793e-01 6.757626919081419e-02
10 8 4 -2.503473380831780e-01 1.385270140377209e-02 -1.343797139886101e-01
10 8 5 -2.926603187054070e-01 2.896353483724353e-01 3.190940625098199e-03
10 8 6 -2.744425353734852e-01 -4.309956988867085e-01 1.023205319145890e-01
10 8 7 -1.365201207439918e-01 1.394528492569671e-01 -1.688620980337422e-01
10 8 8 -3.008571930764544e-01 -6.832504814578437e-02 -2.979415700257114e-01
10 8 9 1.095725629294373e-01 -3.530407446817490e-01 -1.066987166574295e-01
10 8 10 1.936949873565058e-01 1.610729763711151e-01 -1.641438149039149e-01
10 8 11 4.241370432210187e-02 1.759811470583679e-01 1.600373105442285e-02
10 8 12 2.791885614834158e-01 -9.075224469892440e-02 2.068081914627444e-01
10 9 1 9.990906010319528e-02 -3.851906810393529e-01 1.808440073769932e-01
10 9 2 1.052896358055567e-01 -3.704341746983245e-02 3.575511247981544e-01
10 9 3 6.307364115114406e-02 -2.231137470894328e-01 1.628032932826093e-01
10 9 4 -1.885153549192024e-01 3.297402453672905e-02 3.247939112298804e-01
10 9 5 -3.731736118503262e-01 1.284196937793572e-02 4.186854603345962e-01
10 9 6 -9.210715725998209e-02 -2.450656871031604e-01 -1.976470698035975e-01
10 9 7 -3.459140846791929e-01 2.172013549823956e-01 -3.745623066093127e-01
10 9 8 6.221404602476416e-03 -7.983291998104333e-02 1.015030494679364e-01
10 9 9 -2.771516983673557e-02 5.478539274545177e-02 1.844111645546030e-01
10 9 10 5.935692864898210e-02 2.265249347578828e-01 -5.091123633561273e-01
10 9 11 1.380688912745444e-01 2.062582281563671e-01 -3.039727662378233e-01
10 9 12 -2.657219643610085e-01 2.830640530652481e-02 1.911202003654191e-01
10 10 1 2.444716656187033e-01 -6.948233864665440e-02 4.267387522255525e-01
10 10 2 -2.755645218388100e-01 1.072710379439419e-01 4.508319919199940e-01
10 10 3 -8.287599624563306e-02 -5.224050265382203e-01 2.080169886354872e-01
10 10 4 1.947848461358718e-01 8.899580343792071e-02 1.511528765548137e-01
10 10 5 2.908106700356992e-01 -1.028952384670546e-01 2.797316120196622e-01
10 10 6 -1.219768704613250e-01 7.983646763746320e-02 1.981049213927390e-01
10 10 7 -1.310494885092931e-01 5.118728791763467e-02 -5.002782155948212e-02
10 10 8 -2.942856780560829e-01 5.790768393776223e-02 -8.222306008084225e-02
10 10 9 9.436052201127337e-03 3.839179074373394e-01 2.780919692863458e-01
10 10 10 -2.074817127880273e-02 3.628770871156645e-01 2.650411232183699e-01
10 10 11 -5.019678283546671e-02 3.011960621193739e-01 6.602733511035820e-02
10 10 12 -1.997209282351930e-01 -1.474165860833320e-01 2.256709827128494e-01
10 11 1 2.852211751045703e-01 2.389094737868948e-01 1.352598325765092e-01
10 11 2 -1.095649120387883e-01 -2.418101473915630e-01 8.489517266109438e-02
10 11 3 -1.056595478795981e-01 -1.779572766169120e-01 -3.280966243310515e-02
10 11 4 2.592511080258991e-02 -1.055958239354150e-01 -7.788310454260002e-02
10 11 5 -3.496075451734748e-01 -1.471766017246495e-01 1.696913219532694e-01
10 11 6 -1.785754741617028e-01 2.131608062202531e-01 1.904010807019171e-01
10 11 7 1.999225902064164e-01 -1.858970186417993e-01 -1.545281961832210e-01
10 11 8 -1.572061933299775e-02 -1.921135919329895e-02 -6.329260256532257e-02
10 11 9 -7.553959396697081e-02 3.096233537537207e-01 8.724472118557433e-02
10 11 10 -5.087956703372765e-01 2.751040754576946e-01 5.537690682372568e-02
10 11 11 -2.773678264491029e-01 3.163934273833888e-01 6.388170793112867e-02
10 11 12 1.001252246103188e-01 -2.725331682045273e-01 7.924227195134084e-02
10 12 1 2.687507668474988e-01 2.561699094201895e-01 3.458578996938977e-01
10 12 2 -4.246279519035720e-01 -6.191495455821117e-01 1.007132096516080e-01
10 12 3 -4.082128641599903e-03 1.166268211166355e-02 2.106258010590619e-02
10 12 4 -1.839195628453837e-01 -1.556445885435524e-02 1.073681305528596e-01
10 12 5 -6.121100812820102e-02 2.738049262522037e-01 9.853452126215344e-02
10 12 6 1.997881096875205e-02 2.015875886782351e-01 -6.900685246691056e-02
10 12 7 -4.723020391619508e-01 -9.768808390864335e-02 7.823347180655157e-02
10 12 8 1.260593626162234e-01 1.491388779459163e-01 2.984158644500567e-01
10 12 9 -3.454799953991952e-02 5.265321658413599e-02 9.594616962243813e-02
10 12 10 2.501212958849552e-01 -4.508065867237098e-02 -5.751710235331103e-02
10 12 11 4.319474512266810e-02 1.856922018469810e-01 1.218446428069757e-01
10 12 12 -6.724811410579108e-02 -5.472838001926847e-01 3.815060354636202e-01
11 1 1 -8.538233149066252e-02 -3.341352903058822e-02 4.688335156343171e-02
11 1 2 -2.705554281678545e-01 -2.714871863103121e-01 -3.405375442094156e-01
11 1 3 1.320029631235039e-01 -1.467371650123975e-01 -2.379357031034587e-01
11 1 4 1.281080515902415e-01 6.630773015969791e-03 -4.549018626670851e-01
11 1 5 3.475243131954185e-01 -2.065820456600829e-01 -3.809527714269474e-01
11 1 6 -3.977177479836042e-01 -8.220065141282826e-02 -1.516051212285804e-01
11 1 7 -2.490343824445605e-02 5.246353527205866e-02 -9.342997600617552e-02
11 1 8 2.766602686265173e-01 -7.397561571556044e-02 -2.222173705146079e-01
11 1 9 4.403029896498699e-01 2.495644142851913e-02 -1.642095502422542e-01
11 1 10 1.718955913686512e-01 1.887165035818428e-01 2.200357050248109e-01
11 1 11 2.776147447724924e-01 -2.777650573163382e-01 -1.476913149567808e-01
11 1 12 -1.408483115939440e-01 2.616970674939565e-01 -2.810977057730679e-02
11 2 1 2.360047082905425e-01 -1.095055975682275e-01 -1.143613130053617e-01
11 2 2 2.062318190414535e-02 -1.423487138634253e-01 1.328700184691540e-01
11 2 3 -2.569335777475918e-01 9.185366156171521e-02 2.810593366936984e-01
11 2 4 5.763624556053064e-01 -1.202499766276657e-01 1.074316919420563e-01
11 2 5 -1.168158468089645e-01 -3.360714597658743e-03 2.078854493067554e-03
11 2 6 -1.927961889652073e-01 1.743431341927390e-01 -2.116676935850401e-02
11 2 7 3.606344399738241e-01 1.177326085746554e-01 1.473387605693253e-01
11 2 8 -3.943361907279218e-02 -2.958008120381255e-01 1.012446218326705e-01
11 2 9 2.541871317411457e-01 8.424122834254016e-02 -2.076889632542495e-01
11 2 10 -1.992602564138142e-01 8.053586526719136e-02 -1.565330218704144e-01
11 2 11 3.721629970789528e-02 -2.261135871841748e-01 1.263159568426886e-01
11 2 12 2.722218491897251e-01 2.382672523924947e-02 7.089609132420620e-02
11 3 1 2.110563057767159e-01 -2.829934503537430e-02 -1.891421048703951e-01
11 3 2 4.935471981249839e-02 3.420892429208597e-01 1.391401228912050e-01
11 3 3 2.679409582597765e-01 -3.797432662574210e-02 1.209052529251070e-01
11 3 4 -2.998928549414318e-01 -1.575163200846491e-01 1.901900234414161e-01
11 3 5 -1.379635726087848e-01 1.982470772835840e-01 -5.901903177030010e-02
11 3 6 -2.785881932811549e-02 4.023463925296543e-01 -2.980638848198824e-03
11 3 7 -5.862285695511277e-02 1.885694107401228e-01 3.496076673757869e-01
11 3 8 -1.892588633203048e-02 -3.255097880051614e-01 1.616878168309673e-01
11 3 9 3.688342606714939e-01 7.056307765924011e-02 -5.947966771682598e-02
11 3 10 -1.686437358970819e-01 -3.012074976673121e-02 -1.721375384455218e-01
11 3 11 -5.080556482021985e-02 -1.303316580804186e-01 -8.067396917395431e-02
11 3 12 -2.058490152702322e-01 -1.296247362677019e-01 -2.337016391004494e-01
11 4 1 -2.908449637285671e-01 7.089849340363057e-02 -2.274940537011020e-01
11 4 2 -4.591433869549744e-03 2.721907150938299e-01 -2.789315671490701e-02
11 4 3 1.802974904507036e-01 3.515121637598020e-02 -1.419052317780728e-01
11 4 4 -9.596225169754438e-02 -4.971849123269634e-01 -2.931726593287127e-01
11 4 5 -3.092800543729374e-01 1.557911424336537e-02 -3.108184740803308e-01
11 4 6 4.316605681261219e-01 3.949766232136454e-01 7.119488532264855e-02
11 4 7 -3.147598965178490e-01 -7.725142143699010e-02 3.910660072897634e-01
11 4 8 9.487916281816204e-02 2.234730371325919e-03 1.065330598277317e-01
11 4 9 -1.271931894746591e-01 -2.237811572558052e-02 2.301577754331258e-01
11 4 10 2.571899257558178e-01 -1.952538125313838e-01 4.309904400426650e-01
11 4 11 -1.491395823583972e-01 1.150885844362589e-01 3.185144664687946e-01
11 4 12 -2.847099328825696e-01 1.232607694336451e-01 -2.813207951724719e-02
11 5 1 2.304551080585848e-01 1.701046863362136e-01 -2.753822255600949e-02
11 5 2 1.152074281889072e-01 -4.971742950788838e-02 2.524163022837908e-01
11 5 3 4.967507578100889e-01 1.564324085880384e-01 9.629777596738337e-02
11 5 4 -1.197204437148583e-01 -5.031350259866055e-01 3.954110701267576e-02
11 5 5 -3.570483803282983e-01 -6.974686335822579e-02 -1.567155005964796e-01
11 5 6 -6.206162840261557e-02 1.866505296616112e-01 -4.357940942999778e-01
11 5 7 3.149006078333036e-02 -1.318580090694320e-01 -1.615730476828485e-01
11 5 8 -8.952960509160736e-02 3.436835600963675e-01 1.879567481328254e-01
11 5 9 2.981030855046883e-01 4.095765254635031e-01 -1.126796926179900e-01
11 5 10 4.009951085965079e-01 -1.258946310089384e-01 -2.459150232113603e-01
11 5 11 5.228101322528025e-02 7.768014566265197e-02 1.962597025705605e-01
11 5 12 -2.581891343232628e-01 7.133932915259845e-02 3.584597516666241e-02
11 6 1 3.774347352858967e-01 -8.399693610378595e-02 -6.189472013184274e-02
11 6 2 5.651183534189135e-02 5.467808132141136e-03 7.296914685594032e-02
11 6 3 2.359527812600334e-01 -6.878862991503547e-02 -5.926795519461375e-02
11 6 4 -1.823269768177291e-01 -3.708338054687121e-03 -6.850295169460485e-02
11 6 5 -1.513417814208644e-01 1.023887961699112e-01 7.678267503120359e-02
11 6 6 2.881100991758620e-02 4.984244028198380e-03 1.017542925230791e-01
11 6 7 -1.128280531532550e-01 -4.403600558866096e-03 -5.523587916158915e-02
11 6 8 2.141795145003409e-01 2.042038404624014e-01 2.129392891442167e-01
11 6 9 -3.247727402437360e-01 4.613016126266285e-01 1.183403139447518e-01
11 6 10 -1.252592460317363e-01 -9.859029398936758e-02 -4.113692843200152e-01
11 6 11 -4.655605123116973e-02 -7.605078288380082e-02 -2.777642668621109e-01
11 6 12 1.490838401878330e-01 -1.294527130184524e-01 -1.668303248828173e-01
11 7 1 1.118484585570399e-01 1.411720892654455e-01 -9.453598534599061e-02
11 7 2 4.089954014002931e-03 7.578041588634614e-02 -3.707711403197788e-02
11 7 3 -1.241473729447856e-01 -1.180413043772990e-03 -1.117833109552896e-01
11 7 4 -9.019052518822274e-02 1.256885038716152e-02 -1.118739632952199e-01
11 7 5 -3.922629780478843e-01 4.184677321020568e-01 -5.165952206053473e-02
11 7 6 -2.115336363507557e-01 -6.573200183100744e-02 -1.232535465035070e-01
11 7 7 4.414157126628696e-02 -2.415022170132541e-01 2.347894716209726e-01
11 7 8 -2.121333178742552e-01 3.383375594832101e-03 2.223426486687472e-01
11 7 9 -2.863549941780429e-01 1.164799649165262e-01 -1.143742939680678e-01
11 7 10 3.171527981871441e-01 -1.013220886005941e-01 -3.568775937513017e-01
11 7 11 -8.208413041336421e-02 -7.795598175644093e-02 -7.978940844669030e-02
11 7 12 2.574792045912628e-01 9.936708004705108e-02 1.893865197576588e-01
11 8 1 -9.898396159058252e-02 3.604381253154504e-01 -3.406792420442387e-01
11 8 2 1.430158608625260e-01 -1.635885437872574e-02 -1.472659991350042e-01
11 8 3 -4.314309640413325e-01 1.796853567906897e-01 1.188390241898283e-01
11 8 4 2.304840375574206e-02 1.517836707567881e-01 -1.025210792809394e-01
11 8 5 3.476586083654739e-01 1.837518580806537e-01 7.397120454632349e-02
11 8 6 -9.992003387504039e-02 -1.035276237618184e-01 1.611145972407989e-01
11 8 7 -3.545353025324987e-01 -3.858697230169397e-01 5.174603104702678e-02
11 8 8 -1.738197415182444e-01 1.878227203844385e-01 -4.440037224975314e-02
11 8 9 1.437331468284695e-01 -6.470783897282543e-02 -8.735283668591270e-02
11 8 10 1.565299287193124e-01 -7.692226550917025e-02 -1.121714193099272e-01
11 8 11 2.863332509357582e-01 2.023402099224628e-01 -1.220434205630307e-01
11 8 12 9.472856926775186e-04 1.790839768993644e-01 -6.027496677517841e-02
11 9 1 1.523112368835187e-01 -1.115646258178053e-02 1.286314005020097e-01
11 9 2 2.340377089979079e-01 1.946222345715969e-02 2.955516668952461e-01
11 9 3 1.867626352591883e-01 1.381546518005241e-01 2.813470132170629e-01
11 9 4 -2.001641635167236e-01 2.317639210973293e-01 -1.224681362409994e-01
11 9 5 -6.263946016390369e-01 -1.115770163954921e-02 -2.143075840391918e-01
11 9 6 6.541349961858249e-02 -6.783222090193204e-02 -1.791553787670865e-01
11 9 7 -8.916584095888734e-02 -7.372749586187308e-02 -9.052320828880640e-02
11 9 8 1.089622631634140e-01 6.784987514886770e-02 2.855323420079334e-02
11 9 9 3.902239597850241e-01 -2.451026249026929e-01 -3.508444691606777e-01
11 9 10 4.291935324181761e-02 -2.820987488314098e-01 -3.927882053090807e-01
11 9 11 -5.008231488261252e-02 5.324068746380769e-01 -3.903294572917942e-01
11 9 12 1.851512711073335e-01 6.145021008637059e-02 -2.657194858402707e-01
11 10 1 -8.906799306900125e-02 -8.463578138101330e-02 2.903680455978922e-01
11 10 2 1.506005699619582e-01 -7.178881824110200e-02 5.564238251954393e-02
11 10 3 1.234953948697469e-02 9.099567590242529e-02 1.011090300653433e-02
11 10 4 3.105407092755491e-02 2.567154335458075e-01 -2.457310932831255e-02
11 10 5 2.863881934440412e-01 3.261955038442755e-01 -1.654137479892931e-01
11 10 6 7.153872609741735e-02 8.979424975352544e-02 -1.108310088863656e-01
11 10 7 -8.615889091513974e-02 2.790992820202377e-01 1.110684693382174e-01
11 10 8 -2.425724157991654e-01 1.109926882507772e-01 1.086087552286139e-01
11 10 9 7.858309479708503e-03 -2.279680580695685e-01 1.557872273820670e-01
11 10 10 -1.935086407102288e-01 1.319093492162544e-01 2.109062463071605e-01
11 10 11 -5.255554596859533e-02 4.450754670751350e-01 -2.908418540597935e-01
11 10 12 -1.361763875773173e-01 2.633403793297453e-02 -1.286742225650158e-01
11 11 1 1.444360392024697e-01 4.119235609345734e-02 2.472102938273890e-01
11 11 2 -1.430089993127212e-01 -3.239359095310222e-01 2.132533162360908e-01
11 11 3 3.112906665286500e-01 5.039777123704049e-02 3.819057925378628e-01
11 11 4 -1.700258491193881e-01 2.533976465312945e-01 1.912370922323870e-01
11 11 5 -1.636840790727581e-01 2.775904236658723e-01 1.480556396913300e-01
11 11 6 -3.636817354056199e-01 -2.733332698294016e-02 2.873576105104693e-01
11 11 7 4.263920306727902e-02 2.048636191915866e-01 -4.007211755110988e-02
11 11 8 -2.928316957749239e-02 8.590463722386979e-02 -2.078990213523290e-01
11 11 9 -6.129254552391363e-01 3.414516360468138e-02 -3.940637123465015e-01
11 11 10 -8.635216583307592e-02 1.245267469900973e-01 -1.993601809191871e-01
11 11 11 -2.739835654582035e-01 2.485738005645415e-01 -6.632040232826583e-02
11 11 12 1.716119485618735e-01 -1.934743230524542e-01 -7.873322876726485e-03
11 12 1 2.560963687626603e-01 1.264014913813191e-01 -8.748893385763540e-03
11 12 2 -2.525908701882534e-01 -2.549707798275750e-01 -2.319016088186444e-01
11 12 3 2.487093427399377e-02 -1.698043537720845e-01 -2.011726798721847e-01
11 12 4 -2.622026258501040e-01 5.635396766722119e-02 2.317863991994460e-01
11 12 5 8.620934074570516e-02 -1.773593534689184e-02 2.491103825682398e-01
11 12 6 1.036304979213551e-01 -2.146719063637322e-01 1.699792296894675e-02
11 12 7 -3.063895866452687e-01 6.950169767711174e-02 1.816630981225442e-01
11 12 8 5.002574338080010e-02 -1.081171230876022e-01 8.390942284559039e-02
11 12 9 -2.391319371576998e-01 1.801297199685829e-01 -2.553147771319828e-01
11 12 10 2.296815024013203e-01 -6.787181008925763e-02 6.043712864441395e-02
11 12 11 1.812344485187511e-01 -8.773176765380840e-02 2.693565499560844e-01
11 12 12 -8.537818986011525e-02 -5.229816902696063e-02 7.366441541718466e-02
12 1 1 1.546343797916801e-01 -4.142459652865990e-01 -1.762458711044505e-01
12 1 2 -2.487748337965465e-01 1.488156565337769e-01 2.371887174977501e-01
12 1 3 -2.269462429033355e-01 1.781515872983530e-03 2.119197461134220e-01
12 1 4 -4.172890485331041e-02 -3.022787160088832e-01 -2.951862395371558e-02
12 1 5 9.665436014820415e-02 -1.070718712093031e-01 -3.975762449871458e-02
12 1 6 -6.891189262013493e-02 4.341929000208888e-02 7.989688539045077e-02
12 1 7 -3.687602412305327e-03 2.958655448927655e-01 -9.703668349947514e-02
12 1 8 -4.566643131516337e-01 -1.372738225467304e-01 -3.184869207239272e-01
12 1 9 3.516599512680190e-01 3.945228885291605e-01 2.983806116349880e-03
12 1 10 1.418876068010626e-01 -2.277988901598763e-01 2.741515365489071e-01
12 1 11 1.868495508629764e-01 -6.578487918509329e-02 4.502908260851278e-01
12 1 12 -2.412120962780618e-01 2.372450788730151e-01 1.089226044527943e-01
12 2 1 -8.519284516482489e-02 -3.127994930927083e-01 -2.095649611613210e-01
12 2 2 9.352355557267844e-02 2.012816079033393e-01 -1.077041763057126e-01
12 2 3 3.854298844519838e-01 -3.774353874123330e-02 -1.099795559069699e-01
12 2 4 4.282030183147775e-01 -2.193846746587538e-01 1.642861805610799e-01
12 2 5 2.128906433267477e-01 -1.098138365776004e-01 3.498699961397428e-01
12 2 6 6.638130091363630e-02 -2.375826568148389e-02 1.252534899371642e-01
12 2 7 6.490279139232926e-01 5.627878781419952e-01 -7.690822035804520e-02
12 2 8 -9.130334123189075e-02 -1.716981182671290e-01 -1.439410972057728e-03
12 2 9 2.086046756115514e-01 2.834010271711017e-01 -1.849242085369399e-02
12 2 10 -8.175196604991715e-02 -2.501867152992366e-01 -2.610270140850305e-01
12 2 11 1.717026496998623e-01 -7.588717670285074e-02 -5.723605895692099e-02
12 2 12 5.338653362550602e-01 -2.159816171420467e-01 -4.168029023265166e-02
12 3 1 -1.887171362027625e-01 1.108850330577079e-01 2.039297628140427e-02
12 3 2 -2.593358152434150e-02 -5.118202427553045e-02 -5.912536041458924e-02
12 3 3 3.381887087049683e-02 -4.556409252536436e-02 5.006044069529184e-02
12 3 4 -1.079903205758523e-01 -9.668001269045401e-02 7.902093660564205e-02
12 3 5 3.604076916232227e-02 -3.646071144464936e-01 6.292926780227751e-02
12 3 6 -2.570605800793891e-01 -2.219474494593216e-01 -1.402272890564234e-01
12 3 7 -4.893111040365675e-01 3.887167212223406e-01 7.922822351701696e-02
12 3 8 1.031954979256590e-01 1.072253762127613e-01 3.414833499793654e-01
12 3 9 2.763622472943996e-01 -1.351888326187598e-02 5.146963006347226e-01
12 3 10 -1.947853922907248e-01 -2.444180144079412e-01 5.177749695334732e-01
12 3 11 -1.535189663455666e-01 -1.742696079284269e-01 -3.968137680445458e-02
12 3 12 -2.392469491225492e-02 -9.377134502766621e-02 -5.130077452120940e-02
12 4 1 1.000685547108994e-01 5.465712260472162e-02 5.498567985956215e-03
12 4 2 -2.635858523372293e-01 -3.467858213473944e-01 -2.073737824654378e-01
12 4 3 1.287063206780657e-01 1.828310390711415e-01 -6.494960082823159e-03
12 4 4 -2.691878702862710e-01 -4.163806155693988e-02 2.531046510092795e-01
12 4 5 -3.289538134091281e-01 -4.048072584973754e-01 1.818173410642902e-01
12 4 6 3.421887697650878e-01 -1.638779848134642e-01 1.372295135717589e-02
12 4 7 8.570828335883764e-02 7.469785317587523e-02 -1.743522821006550e-01
12 4 8 -1.310256231026464e-01 4.162418377433490e-01 -1.108596513987718e-01
12 4 9 -2.171593417998936e-01 -1.461025669840874e-01 8.633611884287365e-02
12 4 10 3.611468213540810e-01 1.900926721655073e-01 -3.970165807613476e-03
12 4 11 2.283423526036824e-02 1.657081313700912e-01 1.461110188423402e-02
12 4 12 6.036102822402784e-02 1.908657538559103e-01 1.627918848992436e-01
12 5 1 1.087604883995027e-01 4.983525988307393e-02 1.095814904679166e-01
12 5 2 1.700592485096442e-01 -1.040625726309841e-01 2.230529338599282e-02
12 5 3 2.188988382038345e-01 3.915086402995412e-01 -9.003637913806969e-02
12 5 4 3.010179792483481e-02 4.974053532793205e-03 -1.118066880777175e-01
12 5 5 1.956278378661190e-02 -4.537303913413339e-02 -1.831285653867664e-01
12 5 6 2.620794513981792e-01 2.873232591093475e-01 7.524401226009252e-02
12 5 7 2.934780597317866e-01 -2.286049017023681e-01 -6.649420643308843e-02
12 5 8 -2.077196893029304e-01 3.651342954130167e-01 -3.330706678022117e-01
12 5 9 -1.064318081835463e-01 2.035986797144027e-02 -3.292212054167923e-01
12 5 10 -2.321773472242037e-01 7.912065010659695e-02 -1.955239419670696e-01
12 5 11 1.571482316477135e-01 3.422896419109364e-01 -2.022087299761939e-01
12 5 12 -2.733483175923812e-02 -5.131229584271965e-03 -2.186556036820806e-01
12 6 1 2.267272244215495e-01 -3.869485619761250e-01 1.170606749519007e-01
12 6 2 1.834328841542486e-01 4.492606013152177e-02 9.168491793959262e-02
12 6 3 2.573970727448217e-01 4.142119451588642e-01 5.381946174520220e-02
12 6 4 -6.476786422003834e-02 2.430534723644774e-01 4.805126970762710e-02
12 6 5 -8.222569724048071e-03 1.524899229084768e-01 4.294192820028370e-02
12 6 6 -1.966913773248257e-01 2.200629917135123e-01 1.242155322218064e-01
12 6 7 -1.631649311019384e-01 -2.787816374667829e-01 -4.126453854574064e-02
12 6 8 -2.415356251074769e-01 2.114144214007314e-01 -3.535652539292913e-01
12 6 9 -3.316669923032549e-01 2.433382302475410e-01 -6.605185753219246e-02
12 6 10 -2.466319980141703e-01 -2.302623835828887e-01 -8.252898271503360e-02
12 6 11 2.129200742664886e-02 -1.269782544016186e-01 -7.326529840477665e-02
12 6 12 -2.211528509990637e-01 2.780160653294918e-02 2.053828871899757e-01
12 7 1 -8.665433622974696e-02 -1.615159030465946e-01 -4.478876731718726e-01
12 7 2 1.509354946985708e-01 2.370220109822862e-01 -2.071429854508308e-01
12 7 3 6.777840972884132e-02 -1.048661490932053e-01 -2.192007539161688e-01
12 7 4 3.223293100512090e-01 -7.263286434396649e-02 -2.003847381898366e-01
12 7 5 -3.650276391809166e-01 1.247294354304578e-01 1.446972261095690e-01
12 7 6 -6.106284111068859e-01 -3.944102457070309e-02 1.648179870494731e-01
12 7 7 7.423511263643200e-02 -4.044244985503193e-01 1.846910676706310e-01
12 7 8 -8.544652495383355e-02 1.800290543057004e-01 -6.219289608138738e-02
12 7 9 -3.870365537555665e-01 3.729707424017486e-01 -3.004519602672782e-01
12 7 10 3.386503228088248e-01 2.336314515658831e-01 -2.729241758601975e-01
12 7 11 5.586935030130197e-02 1.655656851467490e-01 7.732577702196652e-04
12 7 12 -2.569945850830850e-02 -1.510198266134882e-01 -5.955202727212081e-02
12 8 1 -2.104154786156628e-01 3.548650702838744e-01 8.104111151222163e-02
12 8 2 4.814605348580787e-02 1.744090281050010e-01 -1.494685490508178e-02
12 8 3 -1.340944526847059e-01 -1.686368104689969e-01 1.373393528409072e-02
12 8 4 -3.372420414628888e-03 -1.869014547065890e-01 8.555510860665683e-02
12 8 5 4.854918474220391e-01 -5.104716097247448e-02 1.618657209604628e-01
12 8 6 -3.136346702170625e-01 -2.471519625783594e-02 9.704388646963055e-02
12 8 7 3.640660085306646e-02 -3.615383325349536e-01 -3.340120637307856e-02
12 8 8 1.863847730837852e-02 -1.238429325722229e-01 -4.466017061985101e-02
12 8 9 -4.831642984739690e-04 4.142488205698250e-02 4.928039256734062e-02
12 8 10 -2.318038269650222e-01 6.637810931388559e-01 -1.088910879649524e-01
12 8 11 -1.726510751742062e-01 2.714720811304217e-01 -6.442387228957375e-02
12 8 12 -4.920815334831240e-01 -2.120813746551131e-01 1.939952000750613e-01
12 9 1 2.879194694868892e-01 6.776730114229813e-02 1.737022161034386e-01
12 9 2 6.333492976275426e-02 1.606561720050889e-01 -1.811985015316764e-01
12 9 3 -2.010046848248548e-02 2.899224567286453e-01 -4.755656784828579e-01
12 9 4 -4.100291017286379e-01 6.033284733128597e-02 -3.504371874155783e-01
12 9 5 5.734513423381926e-02 -1.831685991189238e-01 -9.569673064700449e-02
12 9 6 -1.885188471641752e-01 -3.424636681603326e-02 3.007649393697220e-01
12 9 7 2.460861176051363e-01 1.102999098020317e-01 1.738446304443855e-01
12 9 8 -2.343458301747828e-01 -3.160370670679143e-01 -1.545571321233816e-01
12 9 9 4.207455777052507e-01 1.865199999596900e-02 1.796551949183602e-01
12 9 10 4.055536583805256e-01 3.203648089981412e-01 3.221107387767772e-01
12 9 11 -8.737137020211430e-02 -8.337691088038821e-02 -9.505156269023901e-03
12 9 12 5.206510471147958e-01 3.766994318086180e-01 9.751618991435070e-03
12 10 1 -3.043292357176425e-02 3.321390532106952e-02 2.652793156800775e-01
12 10 2 1.119198449644607e-01 2.330110895073532e-01 -1.232025163191567e-01
12 10 3 -1.161199161221715e-01 4.874177096788475e-01 -3.999519755871558e-01
12 10 4 2.034725598513416e-01 -2.538938313424841e-01 -3.241683980613747e-01
12 10 5 1.324853882732315e-01 -1.897508284815482e-01 -3.979123396107010e-01
12 10 6 7.254288246332036e-02 1.593157315932737e-01 -3.240402664638384e-01
12 10 7 -4.747938659303990e-01 2.924135500180292e-01 -1.474080659103350e-02
12 10 8 -4.057373150838539e-01 -1.285508884295838e-01 1.608566791343842e-01
12 10 9 -4.281642970136174e-01 4.516141887711383e-01 3.562732406958435e-02
12 10 10 1.305137154046349e-02 -5.440836955959588e-02 -1.620809311839353e-01
12 10 11 -2.144386988852585e-02 -1.381926724695267e-01 -1.387557677055340e-01
12 10 12 2.279823792684776e-01 3.470169513404157e-01 1.221811831491584e-01
12 11 1 1.355376893435787e-01 7.841566890986240e-02 2.486928054587679e-01
12 11 2 9.304808401152251e-02 -2.015610811404986e-01 -2.411100466782640e-02
12 11 3 9.031293928005704e-02 4.092140887093773e-01 -1.515077233404557e-01
12 11 4 2.684439540479019e-01 -1.164770558494802e-01 -1.242899166442284e-01
12 11 5 -4.324314304403731e-02 -2.820557355907680e-01 -2.185514590351186e-01
12 11 6 -3.291411535914481e-01 8.204262579645773e-02 -2.420171584102088e-01
12 11 7 -8.261194885857123e-02 1.641560505995530e-01 -1.972390711269815e-01
12 11 8 2.612388119854836e-01 -2.162949677637526e-01 -2.262814184812915e-01
12 11 9 -6.900460853630963e-01 -5.223884611662849e-02 2.562711792417334e-01
12 11 10 2.763020817844552e-01 -4.283150058768736e-01 7.650205969292107e-02
12 11 11 -1.619681256360024e-01 -2.262775443160122e-01 -2.341469391570848e-01
12 11 12 4.920792776053799e-02 -1.638769935014646e-01 2.437162305514947e-01
12 12 1 1.839848967804222e-02 -1.184664848108345e-02 -2.726584972870518e-01
12 12 2 -2.129509143874234e-01 -1.171538028256821e-01 1.631747766643954e-02
12 12 3 1.881156033189596e-01 6.391611529335475e-02 8.341906867486282e-02
12 12 4 -1.969290936296959e-01 -6.399719812841534e-02 -1.921592279321319e-01
12 12 5 4.589937514830690e-02 -2.546177624486424e-01 7.146647435839740e-02
12 12 6 8.468729742416760e-02 -4.987694249216575e-02 7.797941658948156e-02
12 12 7 1.243165685044228e-01 3.642951492984034e-02 -2.425293258606562e-01
12 12 8 -3.033978683261905e-01 -2.207814513220635e-01 -1.446267041125200e-01
12 12 9 -1.469907636186643e-01 -1.329279917428624e-01 -2.732284807214289e-01
12 12 10 -1.442011190712636e-02 -5.864312966367119e-01 -4.685454414510299e-01
12 12 11 -8.930915031569212e-02 -1.379757241787521e-01 2.894733701695620e-01
12 12 12 2.754317644993379e-02 6.252379602262687e-02 3.669770885734461e-01
