  1.264637084298845e+09  8.008434739755227e+05  1.379732654237627e+06
  1.261248252428630e+09  1.022583357375246e+06 -1.536546402104988e+06
  1.262171828881664e+09  1.676648772599471e+06 -3.573371167148874e+06
  1.259086452786797e+09 -5.984626333477247e+05 -3.243385706736011e+06
  1.262402956740624e+09 -3.257719821775402e+05 -4.058192676795030e+06
  1.264990676214310e+09 -2.976023268151149e+05 -2.714912096953097e+06
  1.262872001135722e+09 -2.108165824918312e+05  7.551716556303299e+05
  1.265009687838959e+09 -2.350942011958174e+05  2.076042529781378e+06
  1.265779741268858e+09  2.070472451511357e+06  2.027798624446216e+06
  1.263483791960318e+09 -1.216240790027068e+06 -1.061864292657821e+06
  1.265609895515839e+09  1.049152386521692e+06 -3.573191699359166e+06
  1.259993069080652e+09  6.054610307001797e+05 -1.121223278504350e+06
  1.262201396303657e+09  2.216704935395873e+06 -4.379762586818148e+05
  1.263619942488655e+09 -3.040950068586132e+06 -7.667804954770016e+05
  1.262283776156195e+09 -2.351072264353217e+06  1.037642536807341e+06
  1.265094202947702e+09 -2.115253567250691e+06  1.926283411789132e+06
  1.262986678473097e+09 -7.139373325209570e+03 -1.560545221780144e+05
  1.264337692264268e+09  2.524407848823866e+06 -1.213968033554761e+06
  1.266639273852853e+09  7.207899939104158e+05 -2.564916452544108e+06
  1.262728639723353e+09  5.997480144761489e+05 -2.328693124761711e+06
  1.264520653550762e+09 -2.962866824700564e+06 -1.393667770513332e+06
  1.261152468616408e+09 -1.015980985253939e+06 -9.262684411898719e+05
  1.262134875188382e+09 -1.140102970222483e+05  1.254219540710156e+06
  1.260055097169703e+09 -1.946996764777668e+06  2.634883653634077e+06
  1.262066331792466e+09  2.102601298054573e+06 -1.001055833478262e+06
  1.262048177050399e+09 -1.100715726394789e+06 -2.930173403458940e+06
  1.260514603324699e+09 -7.437731077651719e+05 -2.722000547943598e+05
  1.262333989906303e+09  1.826857144565262e+06  3.633014662150579e+05
  1.262301613566599e+09  7.728780640834504e+05  1.318187472626921e+05
  1.263699922291118e+09 -2.315655775767129e+06  2.184979926145262e+06
  1.262804029275096e+09  6.355987582510950e+05  3.372318718044509e+06
  1.265276901218037e+09  7.469757899805144e+05  1.586400329480761e+06
  1.260318815641396e+09 -2.965150408124215e+05 -1.218550270326553e+06
  1.267015724325986e+09  1.815661931301192e+06 -1.147084703194153e+05
  1.265579622710790e+09  1.208415927769927e+06 -8.588725912514083e+05
  1.266510393818630e+09 -1.155900238706078e+06 -1.621048761197914e+06
  1.263363261042892e+09 -1.631530050675344e+06 -1.660205094774908e+06
  1.263919694485339e+09 -1.285115696066139e+06 -1.983700152377559e+06
  1.262623914613589e+09 -5.554533168162017e+05 -2.544601124766764e+06
  1.266185748503704e+09 -9.016838810130337e+05 -1.624388034289932e+06
  1.263658554208560e+09  1.257889470220952e+06 -1.074890887897898e+05
  1.263752337371621e+09  7.975310659590655e+04  8.569936509799617e+05
  1.260388406548125e+09 -2.838201668056454e+06 -8.817683290327669e+05
  1.263836590236045e+09  2.231118467788091e+06 -3.491853057835327e+06
  1.261301577227535e+09  5.835452072830648e+05 -3.021855314386701e+06
  1.262913536137878e+09 -1.031008675229950e+06 -2.019187585666860e+06
  1.263447702167150e+09  4.494627159497429e+05 -1.248768790080293e+06
  1.267345194217223e+09  3.083283659368611e+06 -1.544218192702240e+06
  1.261921828500422e+09 -1.544360626232457e+05 -5.807546186948926e+05
  1.261905547204852e+09  1.913448221680708e+06 -3.683673493661624e+05
  1.263629927738401e+09  1.269479181127396e+06  1.642605700000529e+06
  1.260162537628920e+09 -6.843869615169892e+05  2.534915607669495e+06
  1.259081311800585e+09 -2.181483682745316e+05  3.010572978154229e+06
  1.261126642129471e+09  4.393533673976114e+05  2.515913937779335e+06
  1.261417957782516e+09 -1.873989252646089e+06  7.237544070046316e+05
  1.262772920873636e+09 -2.063745869502627e+05  7.452292664548921e+05
  1.260671836174920e+09 -2.007724133514363e+06  1.292427456727333e+05
  1.262804610204277e+09  1.959997887226078e+06 -8.592217534352220e+05
  1.264535421700017e+09 -3.263265424888037e+06  2.976458196772746e+04
  1.263267629462710e+09  1.607582988009844e+06  4.745627587087932e+05
  1.262871601425963e+09  9.574555672184858e+04  2.789633853811407e+06
  1.265424925009020e+09  1.905466588265159e+06  3.377177747176357e+06
  1.262859140234560e+09  6.247417440514950e+05  8.131118681838388e+05
  1.258963645596924e+09  3.767559828483371e+06  1.377213011116409e+05
  1.262784001997925e+09 -2.869588538998023e+05  1.119958631688297e+06
  1.259259117008289e+09  2.305957429717325e+06  1.350478872994296e+06
  1.261947502453852e+09  8.680130263509476e+05 -1.261455359914629e+06
  1.262808831191453e+09  3.035848952645055e+05 -2.235827335564439e+06
  1.261379069140840e+09 -4.500969582340496e+05 -8.415036177017915e+05
  1.263644272651892e+09  2.364958829603193e+06  1.222444654616527e+06
  1.263745832154171e+09 -2.806157216790718e+06  3.198043656270810e+06
  1.263499111609236e+09 -3.515582104389744e+05  1.648286223420193e+06
  1.261302575612072e+09 -3.973244078303594e+06 -1.054799561890430e+06
  1.264461838625174e+09  2.386656414215697e+06 -2.784590897653425e+05
  1.266410453489570e+09 -2.861321659156717e+06  1.363921647116162e+06
  1.261273154667745e+09  1.056281544778571e+06  9.355844582490227e+05
  1.265742101397671e+09  3.795836043863273e+05 -2.054000691880652e+06
  1.258188978592697e+09  3.091175667338041e+06 -2.994149134308516e+06
  1.262559327242612e+09  8.418918420157597e+05 -6.623778436469467e+05
  1.261932930508502e+09  1.686831667368531e+06  1.594282103976779e+05
  1.267642642238921e+09 -9.583392662977037e+05 -2.210412733091949e+04
  1.265201811742250e+09  3.407603824344968e+05 -2.452071408562513e+06
  1.263263508938989e+09  7.739570963363894e+05 -5.440037347869892e+05
  1.264155735967908e+09 -1.060324244335826e+05  1.423380533242544e+06
  1.262155417289965e+09 -1.081259916154885e+06  9.243918842131183e+05
  1.260741852385553e+09  2.109931270645501e+06 -1.658598786976867e+06
  1.264574129373466e+09 -1.542206677078266e+06 -1.936783870301762e+06
  1.260313034678849e+09 -6.768788540538789e+05  1.002241574047501e+06
  1.262028388198043e+09 -2.179207698062732e+06  1.495307460240724e+06
  1.263476364100079e+09  2.011326509159373e+06 -1.293472684228412e+06
  1.262633210329198e+09 -1.049636021637377e+06 -1.492708837055010e+06
  1.261968344944087e+09  8.987220710818414e+05  2.034409032069295e+05
  1.262736632902912e+09  1.553239198741445e+06  1.105312738273154e+06
  1.261590897464537e+09  1.834391266408646e+06  8.132745068210225e+05
  1.261430794760406e+09 -4.335575264163380e+05  9.057029023940137e+05
  1.265281495172839e+09  1.507821282578000e+05  2.396919778096146e+06
  1.259799736897238e+09  1.678866776324495e+05 -1.924994776110649e+06
  1.260228939309383e+09 -1.748620185586291e+06 -8.241369399051009e+05
  1.260862638662503e+09  1.218477929899273e+06  1.369967169184690e+06
  1.258681301007145e+09  9.178157151965206e+03  3.382076990240345e+06
  1.262999058901389e+09 -1.042213250106117e+06  2.153068134456696e+06
  1.263319241725232e+09 -3.395519944408059e+05  7.449731538280145e+05
  1.263053480930300e+09  1.525852850163117e+06  2.394647660050792e+06
  1.265059115950117e+09 -8.950610281011278e+05  2.099682194182775e+06
  1.263363451632244e+09  7.821188989762120e+05  1.794324191581691e+03
  1.260130304301591e+09  6.146609404985093e+05 -6.488201298843089e+05
  1.263522430901957e+09  1.759223542935461e+06 -5.576112182446087e+05
  1.267734964004128e+09  1.187484340656321e+06 -1.881466057879651e+05
  1.261737706665145e+09  1.346242072050894e+06 -8.646291910634115e+05
  1.263550827732122e+09  1.528394718300147e+06 -6.041878157017247e+05
  1.262579165671460e+09 -1.570736715453980e+06  1.419239532894456e+06
  1.263370292897196e+09  1.566380775524639e+06  3.004078838629182e+04
  1.261394291466752e+09  5.843432881048440e+05 -1.361909949202520e+06
  1.263184259772743e+09 -1.659653861940888e+06 -1.855206647012206e+06
  1.260491755520349e+09  1.565067092473250e+06  1.083704569198418e+05
  1.261346293825514e+09  1.588290712384833e+06  1.566175830384518e+06
  1.263017355292282e+09  1.145126772156764e+06 -6.703379084376153e+04
  1.262913201565995e+09 -3.225653101937663e+05 -9.951452210092780e+05
  1.263558462636927e+09  1.754086362224194e+06 -2.603904636037337e+05
  1.266894995082051e+09 -7.933112206781430e+05 -9.642862016232274e+05
  1.263896806297453e+09  2.142300055004644e+06 -1.346936030529589e+06
  1.264327407725371e+09 -1.352134361010544e+06  3.473234601218341e+05
  1.266779904666303e+09  1.903674102179576e+06  2.201919926617688e+06
  1.263115446807496e+09  4.663352187061093e+05  8.792763631472641e+05
  1.262497718947906e+09  1.357989131021754e+06 -2.603682883333126e+06
  1.263524086263603e+09  3.546560231245017e+06 -4.313108342378436e+06
  1.266135195620073e+09 -6.919839587516787e+05 -2.401026236420452e+06
  1.261304975484711e+09  2.409192030682414e+06 -3.957182120256524e+05
  1.261001267188838e+09  5.482634646470546e+05  1.907121929175621e+06
  1.263608810198911e+09  2.579246360019105e+05  1.300286959053775e+06
  1.262200438000281e+09  7.514223908085474e+05  1.200100783261980e+06
  1.265012074189678e+09  2.612801829985542e+06  4.468950792827097e+05
  1.261761972414229e+09  9.328121021692187e+05 -3.969976777350207e+05
  1.260965191653182e+09  1.856832355752061e+05 -1.715688725071336e+06
  1.265860242954011e+09 -1.845993074367085e+05 -2.837739740707678e+06
  1.265226377001979e+09  8.145058446010003e+05 -1.142907875753210e+06
  1.264130809061753e+09  4.935704677984976e+05  8.947020704852596e+05
  1.263945995759408e+09 -3.353168779678155e+06  2.076204854775320e+06
  1.264597782429064e+09 -1.296736814788421e+06  2.230250137037945e+06
  1.266931812756014e+09  9.609442739591410e+03 -4.254443970312837e+05
  1.262969429198982e+09  1.498715984770868e+06 -2.350798912322411e+06
  1.263648758845107e+09  4.960455064708767e+06 -1.712327612334030e+06
  1.262449925380064e+09 -6.578618455697325e+05  3.645558338469721e+05
  1.264378587288307e+09  1.719011106990544e+06  2.184176140118999e+06
  1.262747386391080e+09  1.594815604912358e+06 -2.002778260951844e+06
  1.261022099910865e+09 -1.769015677830266e+06  4.179237615255063e+04
  1.264372488877649e+09  7.205408318519309e+05  3.089287258684469e+05
  1.261691266579581e+09  9.282759696227012e+05  1.031198374598743e+06
  1.264801932378911e+09 -1.791423042077030e+06  2.995681697944217e+06
  1.263670315288552e+09 -1.616195193092135e+06  1.209102889059218e+06
  1.264208529862787e+09  8.955429195898345e+05 -1.680867936232164e+06
  1.260185911000636e+09  2.317228703811878e+06  7.715053590144264e+04
  1.265478720671212e+09 -1.971631433031780e+06  3.645868079877358e+06
  1.262242883374812e+09 -2.814538067686349e+06  2.708319913688598e+06
  1.264112746938279e+09 -2.648237840289201e+06 -1.111529903880206e+06
  1.263739335199292e+09  1.365473703735153e+06 -2.253956644261589e+06
  1.260689608955273e+09 -3.949155732779665e+05 -1.406047304955724e+06
  1.262731213472227e+09  2.324428264470117e+06 -1.148993612178042e+06
  1.259704092642443e+09 -2.410092782276758e+06 -1.370429246911844e+06
  1.259870349474524e+09 -1.107253118758593e+05 -2.285787982202430e+06
  1.267787431921152e+09  9.951913330103309e+05  1.374630709194363e+06
  1.262569810268151e+09 -5.652041736266566e+06 -7.133983053919068e+05
  1.264750952781275e+09  7.125299404048549e+05 -3.526102904711955e+04
  1.261503897119318e+09  1.199459660032383e+06  1.123153759209469e+06
  1.260877812920492e+09 -1.946806399158924e+06  1.288130969045180e+06
  1.261314622070067e+09 -4.976610599294249e+05  1.141793538212764e+06
  1.265078564553295e+09  1.900761014067044e+06  9.297459141762634e+05
  1.260336630328053e+09  2.338494611177302e+06  1.410121548069253e+06
  1.259934464784099e+09 -1.974732681772456e+06  2.767967624274530e+06
  1.262455575566682e+09 -1.349393059331462e+06  2.360240316776765e+06
  1.261303129113719e+09 -7.524059260425947e+05 -1.474134503894227e+06
  1.265779671477111e+09  2.681095557753792e+06 -2.461096540530176e+06
  1.264145284191358e+09 -8.504112460449156e+05  3.887492066504344e+05
  1.260956924471352e+09 -6.013183984424920e+05  1.572641246812748e+06
  1.262835020271642e+09 -8.757010544979444e+05  1.669180342328109e+06
  1.262583592906807e+09 -1.644420580821058e+05  2.475553669570758e+06
  1.265202582837762e+09 -2.006660911936728e+04 -2.004986401680959e+06
  1.263019494588661e+09 -4.813300895561322e+06 -1.239806271620163e+06
  1.264405595859430e+09 -6.103018025287121e+05 -2.075589320458020e+05
  1.262556850926605e+09  2.479186296244631e+06  9.827186912461735e+05
  1.263466522024731e+09 -9.265056484064581e+05  2.013831257635855e+06
  1.263202023953540e+09  8.572769924478662e+05  2.905853387201265e+06
  1.266793741826852e+09  6.569027503506013e+04  2.974883549732337e+06
  1.264125983535567e+09  3.379189067359793e+06  1.744550162804376e+06
  1.263666351881055e+09 -8.651100004468377e+05 -7.744382301771557e+05
  1.265107116271948e+09 -2.229774677259456e+06 -2.395543320708460e+06
  1.263837827590733e+09  1.154886083135393e+06 -2.615176317936293e+05
  1.261112902570088e+09  1.526224141390050e+06  1.998520827935481e+06
  1.266805879683836e+09  8.841461952714584e+05  2.247961798252498e+06
  1.261345920471494e+09  4.387441179525693e+05  1.470004415732113e+06
  1.268066479223725e+09  9.115074101163475e+05  3.000131487475774e+05
  1.261406368434062e+09  2.100134241133463e+06 -1.178109333918308e+06
  1.265123147631429e+09 -5.192090254615684e+05  2.071611360907992e+06
  1.263722411225723e+09 -1.694237452166592e+06 -1.842783515850488e+05
  1.261536931076013e+09 -1.141321756298851e+06 -2.020619010289152e+06
  1.263798080171588e+09  1.804277869989015e+06 -2.038769616302358e+06
  1.263309915677354e+09 -1.322914768179645e+06 -1.983431477370932e+06
  1.264176869203104e+09 -3.668208882623896e+05 -2.013873335269025e+06
  1.262640661143315e+09 -1.215280889436564e+06 -5.485893283695307e+05
  1.264348787548056e+09  4.283238520499419e+06  9.920493091807170e+05
  1.269227304006158e+09  7.445644832378076e+05  3.108055790236813e+06
  1.263927073250435e+09 -1.484125940631651e+06  4.735992074363032e+06
  1.266374374307510e+09  2.450589776961577e+06  4.089211558087574e+06
  1.263559104952503e+09 -1.239021161049098e+06  2.040994739710102e+06
  1.263796314088696e+09  4.215086621847638e+05  1.313181717460343e+06
  1.264735727345711e+09  8.746439468210315e+05  2.964883171076819e+05
  1.262204311498263e+09 -4.854041789624311e+05 -1.896690854061360e+06
  1.261847784766280e+09  1.279576344023801e+05  3.041266193949641e+05
  1.260400552606922e+09 -2.199775595022074e+06 -2.381335801877022e+06
  1.260213735241558e+09  9.069327534878231e+05 -1.773914620757039e+06
  1.262798265452581e+09 -2.950568818489521e+05  1.038194000823075e+06
  1.262703338902943e+09  3.026204498203400e+06  2.190477945843573e+06
  1.264806709751276e+09 -2.702065812146096e+06  2.826659796528444e+06
  1.263770293844648e+09  1.688561533888477e+05  2.573599552727273e+06
  1.264629879084659e+09 -8.718180395285226e+05  8.469472790629752e+05
  1.262064335646298e+09  4.108535022661128e+06 -2.847807212323475e+05
  1.264319265780647e+09  5.600901259007370e+05 -2.893534575211385e+05
  1.266411926119368e+09  1.180475982790694e+06 -6.487175796204613e+05
  1.258219972857385e+09  6.942278096012488e+05 -1.174644807363916e+06
  1.262954153362563e+09 -1.311625010192580e+06  2.145956361477184e+05
  1.260878939960742e+09  3.270549888849388e+05  8.656461679605050e+05
  1.261142266383054e+09 -2.520432162120002e+06 -1.353516140683191e+06
  1.261667367693624e+09 -1.258406906610047e+06 -2.267908929621114e+06
  1.262887214565592e+09 -3.893227155356299e+06 -1.453539824432966e+06
  1.263600329498271e+09 -2.110380796989316e+06 -5.959692755532009e+04
  1.259505082348621e+09  1.716513108759940e+06  2.328419248882324e+06
  1.263641271661347e+09  2.617542917262609e+06  1.852093582572417e+06
  1.264852547773570e+09  2.788485920818524e+06 -2.188965324829792e+06
  1.261050292131722e+09 -1.990215960361742e+06 -3.517210728238237e+06
  1.264270993592957e+09  7.275179783522144e+05 -8.121100213945390e+05
  1.259901553374656e+09 -4.989323056892118e+05  1.342270627061532e+06
  1.265407654383622e+09  5.316266359696033e+06  3.100224416904597e+05
  1.261758689285567e+09 -5.875301737093281e+05  1.064548277153896e+06
  1.268572167131240e+09  9.781218386512301e+05  2.847000269707534e+06
  1.262695665599502e+09 -2.680852198380042e+06 -8.748995589573674e+05
  1.265512116662730e+09  8.401675479280258e+05 -3.845841105822135e+06
  1.265388843801287e+09  2.642476255265841e+06 -1.923255415398672e+06
  1.261745654957878e+09 -4.498314207651872e+06  2.199605897867586e+02
  1.263548153260681e+09 -2.422386329047004e+06 -7.064551817395131e+05
  1.260237151489424e+09 -4.984987557921963e+06 -1.461250793923915e+06
  1.264967176131169e+09  4.597192454722986e+05  3.586959304018252e+06
  1.261427313195363e+09  5.801623180425034e+05 -1.593990542731089e+06
  1.260804117873374e+09  3.767253637475159e+06 -3.817954347165330e+06
  1.265805866907647e+09 -8.678606437930685e+05 -5.553773905936518e+05
  1.267480307560620e+09  7.604055728775344e+05  1.495255110875475e+06
  1.264973650938307e+09 -1.292682173233352e+05  9.380043626504994e+05
  1.262760637843271e+09 -3.579210450047234e+05  7.011091636927219e+04
  1.261868570035104e+09  4.187716647853159e+06 -3.656310492153029e+05
  1.264261135041201e+09  1.031790624055412e+06 -1.600600088374635e+06
  1.262635697660080e+09 -9.983738165326094e+05 -3.224192620446315e+06
  1.262498208296908e+09 -1.218428160342069e+06 -3.367389093617006e+06
  1.265709322491116e+09  9.926265139988265e+05 -2.319921591094371e+06
  1.268289651709768e+09  3.642227913845780e+06  1.405401371899736e+05
  1.262140484145310e+09 -3.930424483196527e+06  2.105812922044114e+06
  1.261243017837980e+09 -4.449614568282519e+06  3.530315319091197e+06
  1.262508478757712e+09 -4.251909890905892e+06  5.052533167772613e+06
  1.265536354787796e+09 -3.804187303564640e+06 -3.197463274455648e+05
  1.263673185258214e+09 -2.266688724954269e+05 -3.856987985440008e+06
  1.265107135915631e+09  1.544656920446584e+06 -2.840814679695958e+06
  1.261311864591522e+09 -1.984170567475923e+06 -9.547473606864079e+05
  1.261881471243031e+09 -4.947635935530643e+05  1.623572497007801e+06
  1.264579521975740e+09  5.860669383035450e+05  3.642986832327783e+06
  1.260689732581855e+09  6.331347336063860e+03  1.913674693233887e+06
  1.264481037661530e+09 -1.661427196967232e+06  1.267771642435325e+06
  1.264827206803628e+09  1.788422836488773e+06  1.227088024580381e+06
  1.265618896513275e+09  4.590039794045617e+04 -2.344342849121666e+06
  1.265081968312042e+09  2.714328054079317e+06 -4.681851607448082e+06
  1.261340053221549e+09  9.211642726945721e+05 -2.220241107095177e+06
  1.262060363165106e+09  2.603405376741028e+06 -6.152810456223893e+05
  1.262515119196658e+09 -2.692975212701494e+06  4.724522645352066e+05
  1.262878602628397e+09  2.291044016427049e+05  3.906581136241136e+06
  1.264217820280401e+09  1.093675185201296e+06  4.206331253895237e+06
  1.262315713953209e+09 -4.259822903133662e+06 -1.498408620044365e+06
  1.263893725856977e+09  1.736101528598215e+06 -2.656844527902731e+06
  1.267877126838507e+09 -6.912274617571565e+05 -1.312445450827939e+05
  1.259197723685356e+09 -3.978052073043262e+06  2.378701060253412e+06
  1.265052025699828e+09 -1.026953137421544e+06  1.875207491675180e+06
  1.259442033779995e+09  1.300192383114515e+06  5.226766044202858e+05
  1.262450307673748e+09  4.229220569701511e+05  1.236574260581709e+06
  1.260366367586404e+09 -1.449791048421235e+05  1.563882636036976e+06
  1.264174387157224e+09 -1.033681148845811e+06 -6.912748552651311e+05
  1.263727381225807e+09 -3.383208987246986e+06 -1.819295349338166e+06
  1.261604613685639e+09  3.512313316274227e+05 -1.039420898089130e+06
  1.262371062187782e+09 -5.838240353054111e+05 -2.195211090598213e+06
  1.261870063319872e+09  2.863162867032679e+05 -1.870990146675236e+06
  1.263445138465566e+09 -2.523055115231266e+06  4.028580583130841e+05
  1.262294596343279e+09  1.692893867447728e+06  1.017306008995351e+06
  1.266535576486699e+09  2.603601170257887e+06  7.009813049118763e+05
  1.263607604175961e+09  8.402213918830701e+05 -2.423143927877587e+05
  1.266914532101130e+09  1.371835507606343e+06 -1.159243140469236e+06
  1.265255143494319e+09 -2.401154822892309e+06  8.582184610059153e+05
  1.266664526172254e+09 -4.177761706448609e+06  2.493707659165317e+06
  1.263581752215943e+09 -8.286826113375649e+05  5.931306135223630e+05
  1.265017947156056e+09  7.533818564161374e+05 -1.192131899411722e+06
  1.263187797279674e+09  2.059771456396055e+06  1.038212262327258e+05
  1.263246103667819e+09 -8.848594283773119e+05  7.482465661892932e+05
  1.261566946892285e+09 -3.965141074497421e+06  7.505063164998508e+05
  1.265113476721555e+09 -3.162583628547927e+06  1.234477695219830e+06
  1.260548534993462e+09 -1.524604085689737e+06  1.706435837903028e+06
  1.262509784083711e+09 -1.143713034444673e+06  1.120542578412218e+05
  1.262132378644868e+09 -8.663881285246442e+05 -1.832900389693083e+06
  1.263267892740695e+09  9.569455692896619e+05 -1.722677777296408e+06
  1.261860606109468e+09  2.205145802715614e+06  3.229938332552110e+05
  1.265203910591705e+09  2.175046381694390e+06  1.745458144699263e+06
  1.263845850160028e+09  3.009589603921085e+06 -6.948273213537593e+05
  1.261342327743109e+09  6.713096861723720e+05 -8.304315477516130e+05
  1.264005705931248e+09  5.956126250664177e+05 -1.291072960580641e+05
  1.261684101081772e+09 -2.694047149699955e+06  5.685943269554722e+03
  1.261271386494480e+09 -2.496488880183030e+05 -9.914701589670714e+05
  1.262629111483644e+09 -7.174617783952616e+05 -1.557374101706194e+06
  1.258538916089463e+09 -1.265347233798036e+05 -8.361110870009382e+05
  1.264060131614591e+09 -4.623319630372222e+03 -1.252576759345018e+06
  1.260412322075399e+09 -3.031932279397963e+06 -9.492279655461962e+05
  1.262856260565805e+09 -6.010616393600431e+05  1.310794879109640e+06
  1.263702125909045e+09  3.673616312008647e+05  2.156553344212567e+06
  1.262451550217468e+09  7.019254240862897e+05  1.734000865668504e+05
  1.264987969060699e+09 -1.208264187679985e+06 -1.022170060377260e+06
  1.264818594455969e+09  7.997114823379976e+05 -4.484127410604074e+05
  1.261109063863672e+09  1.498279868036019e+06 -1.964041560485784e+05
  1.259824653049691e+09  6.576535832641990e+05 -6.385046022449699e+04
  1.261172367483123e+09  8.771139070061460e+05 -3.021365460962378e+06
  1.259975366151767e+09  1.687692143661819e+06 -5.549407795249028e+06
  1.265816698885014e+09  2.652816699373609e+06 -3.632902956616759e+06
  1.261273172880195e+09 -6.834975987150425e+05 -1.856961268885286e+05
  1.263741623159913e+09  2.754537146128763e+06  7.191552472803184e+05
  1.264148518448915e+09 -4.818386962315633e+05 -6.775117084798266e+05
  1.263618388925399e+09 -7.476055757417320e+05 -8.417308573714020e+05
  1.262869514074319e+09  1.645039072186735e+06 -2.575890743144239e+05
  1.264188923462129e+09 -1.320050913696798e+06 -2.027338657273626e+05
  1.263557182809124e+09  2.451948494411701e+06  1.448145360655690e+06
  1.265754924192694e+09  3.182552123057361e+06  1.400592878792365e+06
  1.262009222883240e+09  1.605812708194321e+06 -4.099020785653955e+05
  1.266330069894289e+09 -2.795484274025971e+06 -2.130353506113579e+06
  1.261038083004085e+09 -6.811119261622516e+05 -3.124577834215288e+06
  1.260559266920192e+09  1.814273102978332e+06 -6.633973482132117e+05
  1.261847739345277e+09  1.442547423309787e+06  3.838033881247570e+05
  1.266218783181764e+09 -3.162604418810697e+05  1.784752384457868e+05
  1.264114375084304e+09  3.083577515223944e+05 -5.121722398513815e+04
  1.261232586889172e+09  1.551372803588573e+06  7.144157534873798e+04
  1.264327239528244e+09 -4.332938159971004e+05  4.279728691697335e+05
  1.262814977920844e+09  4.905855202059710e+06  9.239936510317689e+05
  1.261087914059489e+09  3.086139518828178e+05 -7.584627919866522e+05
  1.263405487661466e+09  9.485475898298479e+05 -1.316597811784346e+06
  1.260928783600790e+09 -4.121294207716406e+05  1.037269348393440e+05
  1.263678068117724e+09  4.779374484416624e+05 -9.446270935291110e+04
  1.259237664720125e+09  2.616811331782861e+06  4.677022689690374e+05
  1.259651475246307e+09  2.147400466466455e+06  1.475247844612032e+06
  1.261565000703615e+09  1.274338251589048e+06  8.769659676683613e+04
  1.261573333093228e+09 -3.025211558859179e+06 -7.700222019361416e+05
  1.262353045815134e+09 -2.171661906964975e+04  1.644772748333534e+06
  1.263225839508528e+09  3.238964416069294e+06  4.175422108837123e+06
  1.261486013793371e+09  2.385792087722966e+06  2.721306293095726e+06
  1.262211738172663e+09 -2.035128434803650e+06 -6.148784346467555e+05
  1.259031099203482e+09 -1.744003895322139e+06 -1.339634255074684e+06
  1.261300225981308e+09  5.723942280109096e+05 -1.233044615574766e+06
  1.260647895941973e+09 -3.118747120631530e+06 -4.699196081953080e+05
  1.261637883830806e+09  2.477791728454397e+06  5.073760022311010e+05
  1.264428038669909e+09 -9.758674499382700e+05  2.099252876833833e+06
  1.263248251137613e+09 -1.153445408276167e+06  1.934105104935363e+06
  1.263241964488832e+09 -1.839211110836688e+06  9.482027083079584e+05
  1.263827085471256e+09  8.779461823071359e+05  6.961606432768945e+05
  1.262131563264462e+09  1.205382452964450e+06 -6.981722628451067e+05
  1.262135083981010e+09  2.668887537315819e+05 -2.231867726480843e+06
  1.267109732825921e+09 -2.228747092295339e+05 -1.615546560017500e+06
  1.261511619323659e+09 -3.407242634231023e+05  7.742079090267780e+05
  1.264695921913345e+09 -1.068718251051607e+06  1.406512689552560e+05
  1.263221933610033e+09  2.022892868540587e+06 -3.268832692407561e+06
  1.262711409849525e+09  2.326548544409349e+06 -2.501607977603310e+06
  1.262777630707603e+09 -1.643466621241451e+06  9.248483688797929e+05
  1.263060111567569e+09 -1.941669932087697e+06  3.569721869881557e+06
  1.262812509427646e+09  1.182748976608323e+06 -1.228461641138419e+06
  1.258616179772346e+09 -3.743205288998396e+06 -6.007810212953637e+06
  1.266303666286523e+09 -5.094359755120875e+05 -2.823001491096528e+06
  1.262136406745788e+09 -1.312265793714002e+06  7.317836863599851e+04
  1.263276056503157e+09 -4.045507225914165e+06 -3.608618836600248e+05
  1.265737162116589e+09 -7.844983612125097e+05  1.191124849381333e+05
  1.263223318363441e+09  5.211058946498479e+05  8.397572974193665e+05
  1.264973025643474e+09  1.777941124675180e+06  2.372252234845120e+06
  1.264987995348976e+09 -2.361073653796467e+05  2.858506766480628e+06
  1.262996989788056e+09 -1.590146975644948e+06  1.675713759933495e+06
  1.263591809532730e+09  1.386402087761746e+06  1.070131760203984e+06
  1.263375402472521e+09 -1.963253695997013e+06 -3.404829463927230e+05
  1.265951540398405e+09 -4.955469414013485e+05 -2.484677232875333e+06
  1.263425763851398e+09  3.407910924121928e+06 -2.665443614673316e+06
  1.256783673122257e+09  9.123184483200886e+05  1.851146141984399e+06
  1.261759619201068e+09  8.490963151972245e+05  7.373716470621665e+05
  1.263550162801644e+09  2.491491353563061e+06 -6.664752749266278e+05
  1.265394468681076e+09 -1.043985213544090e+06  1.197897923299666e+06
  1.261769594200650e+09  1.576454688521220e+06  4.473118757432980e+06
  1.262053727061029e+09  1.061984112948428e+05  4.181451464893369e+06
  1.263757393677558e+09 -2.049489749899290e+06  2.982616529307892e+06
  1.262502926893554e+09  2.010012651535289e+05  2.729510084860940e+06
  1.263366512113816e+09  2.023572578735426e+06  1.197073329385125e+06
  1.262446279930563e+09  1.777909332898108e+06 -2.303732682863459e+05
  1.264793454749944e+09 -1.247684443248272e+06 -5.480370384165710e+05
  1.263905061470931e+09 -1.315221438351674e+06 -2.199164789747912e+04
  1.263299019970689e+09  1.814662458723834e+06  4.702536053719559e+05
  1.264941277196946e+09  7.679278035263083e+05  1.540957341141819e+06
  1.260371063170025e+09 -1.768650689161931e+06  2.116101183193360e+06
  1.263078268189964e+09  4.244146367102887e+06  1.740973688258909e+06
  1.261746293374627e+09  2.762449199256865e+06  2.995241670910735e+04
  1.263521644541575e+09  3.556855042146720e+06 -1.184347749431876e+06
  1.265314440119850e+09  1.276061399000398e+06  1.766860044922947e+05
  1.264552776445406e+09  7.504450272189912e+05  2.552783262493573e+06
  1.260922865971954e+09  4.843203022021854e+06  1.436452391067064e+06
  1.264229085582892e+09  9.267041269507199e+05  1.366452450487631e+05
  1.264769134756422e+09  1.032671690999620e+06 -1.745189535970627e+06
  1.261684110569478e+09  2.824539465388752e+05 -3.294667328959886e+06
  1.265314619757333e+09  3.788031261314358e+06  8.884227496306426e+05
  1.262253280019782e+09  7.541149459340703e+05  3.876432149635410e+06
  1.264204875650462e+09 -1.521498817857127e+06  6.835993311355244e+05
  1.263227108299652e+09 -1.441607870002692e+06 -1.079390333804900e+06
  1.261007771429204e+09  1.933992077575690e+06  4.310606436179246e+05
  1.263333372407378e+09  1.647299834572623e+06  6.395556263583327e+05
  1.261297315490479e+09 -1.288029693307913e+06  9.966016183744282e+04
  1.261493946439625e+09  3.681763527474922e+06  3.536332911786598e+05
  1.267165730609653e+09  3.366950171674503e+06 -2.507187793111707e+05
  1.262948868805511e+09  2.491759239295495e+06 -1.106304770770648e+06
  1.266464637150731e+09 -1.368422423821520e+06 -5.522305645727816e+05
  1.262319955797565e+09  3.433182177811915e+05  1.613121896410493e+06
  1.264407228386917e+09  3.573323196093673e+06  7.738219209366736e+05
  1.260262396250683e+09  5.770983167797318e+05 -1.792285590477453e+06
  1.262099367730439e+09  9.930085062170209e+05 -1.728712213056507e+06
  1.261598470467130e+09 -9.825384179180460e+05  4.189075131797385e+05
  1.262316052610235e+09  2.887197155566873e+06  1.531783722300336e+06
  1.264421903884994e+09 -7.126709055409764e+05  1.526107222011108e+06
  1.259368837634359e+09 -7.452483493319784e+05  1.334682832360914e+06
  1.265732932282327e+09 -1.449609058622170e+06 -3.991841764521139e+05
  1.266277066251758e+09  1.299716648545887e+05 -2.716879439247806e+06
  1.261842503873128e+09 -7.130045632246546e+05 -2.008227612110419e+06
  1.262261603807467e+09  2.736937310305129e+05 -9.130304759256712e+05
  1.263951926107103e+09  2.271962431870885e+06 -7.734174783067943e+05
  1.264232684179279e+09  1.670087201573061e+06  1.445986322374038e+06
  1.264445785218646e+09  2.690181985661415e+06  6.244656201792907e+05
  1.262105794369162e+09 -8.913800482926902e+04 -1.763350444740162e+06
  1.263314544116053e+09 -1.751571918014446e+06 -2.832693668359678e+06
  1.261904904355854e+09  1.578891867868509e+05 -2.226758959754979e+06
  1.263959080979514e+09 -1.150645392522242e+06  1.358786056640456e+06
  1.266994147369247e+09  2.671548488917039e+05  4.682639666589317e+06
  1.265601290570373e+09 -2.937665759820991e+06  6.064860184978068e+06
  1.264931379948205e+09  6.822568224830530e+05  5.128770907841668e+06
  1.264212518671607e+09 -3.219265257883416e+06  5.870506700880055e+05
  1.265573828196109e+09  1.607536941529473e+06 -1.112042372256561e+06
  1.258838817924254e+09 -1.610893216281798e+05  6.030086415805704e+05
  1.267106299536744e+09  9.483959859224956e+05  1.654405240368817e+06
  1.263244613689596e+09 -9.137626893259981e+05  2.267561119528560e+06
  1.265197802121879e+09  4.820291877047851e+05  6.782902104692254e+05
  1.260112932456135e+09  1.935501033050904e+06 -1.850980537431835e+05
  1.261176922995860e+09 -1.396513735957083e+05 -1.971714584776175e+06
  1.264051502914229e+09  4.070311831320756e+06 -4.978967327525157e+05
  1.263906638103567e+09  1.988780536547802e+06  2.856412905875416e+06
  1.263289196120791e+09 -2.985016684662689e+06  1.924292063334243e+06
  1.260965828670176e+09 -1.939078623305247e+06 -8.436270851420681e+05
  1.265165776612252e+09 -1.329991482614063e+06 -3.266715568498794e+06
  1.261517171584579e+09 -4.989697081779768e+05 -3.479426173152857e+06
  1.261630346854738e+09 -2.764373635686961e+06 -1.590971152383422e+06
  1.267317575413870e+09  1.494953418447856e+06 -8.246127779582643e+05
  1.265775818659815e+09 -3.841579720164066e+06 -2.880550667010314e+06
  1.263740083587119e+09  3.285948929913742e+06 -2.953585126171354e+06
  1.265625268245668e+09 -4.928766250354319e+04  9.118843378543296e+05
  1.264202700199717e+09  2.084784313315903e+06  1.093093063390645e+06
  1.263440446238019e+09 -1.292162357690489e+06 -1.818860710533520e+06
  1.261926046088849e+09 -6.413204663833340e+05 -3.640761294460506e+05
  1.260801472121916e+09  3.662208898768757e+06  7.312825226098590e+05
  1.263043827207554e+09 -5.759399079603001e+05 -2.740380317348335e+06
  1.259660002527035e+09  2.451115533508001e+06 -3.910940837015197e+06
  1.262386132269217e+09  1.517782522700685e+06 -3.028874586772233e+06
  1.260859976953413e+09 -3.847610792519840e+06  4.120976773403829e+04
  1.264123622354675e+09 -2.192822822218088e+06  1.503774877073759e+06
  1.266357736942990e+09 -3.010006706247156e+05  1.840632422750026e+06
  1.264671731293849e+09 -5.635994117000264e+05  3.126285011180352e+05
  1.263498181920273e+09 -4.800287642380983e+05 -3.243098839034020e+05
  1.262533126675693e+09  1.324401910286550e+06  1.949356186080945e+06
  1.265835209705822e+09 -2.502854593909708e+06  6.276044104424813e+05
  1.262265695983752e+09  1.792110012986800e+06 -3.129655361658114e+06
  1.265322938512587e+09 -1.012379853969043e+06 -2.517715696043526e+06
  1.258439602983924e+09 -1.081028247364080e+05 -3.224035010984999e+05
  1.261102759744704e+09 -2.340748199504768e+06  4.791694107678860e+05
  1.263176483661900e+09 -1.679703275279839e+06 -3.020175078351983e+05
  1.260044398664446e+09  3.253726533056268e+06 -1.993221305170855e+06
  1.261486671049813e+09 -7.762144545643845e+05 -3.461731598851088e+06
  1.261849201067334e+09  6.771979651334538e+04 -2.280931920513812e+06
  1.265641359648425e+09  3.309871071668330e+05  1.716874469249472e+05
  1.265643891606065e+09 -3.345134388849893e+06  1.597533975937156e+06
  1.261810193335721e+09  3.232441222485064e+05  8.469800889527699e+05
  1.262570476291212e+09 -9.943299827602692e+03  9.035377190659426e+05
  1.258369137879538e+09  8.099840177839812e+05  1.668121066598145e+06
  1.264304864437026e+09  1.416658684933464e+05  7.229099817322586e+05
  1.263217261878618e+09 -1.229908935469394e+06 -8.280959250495092e+05
  1.269022776984522e+09 -6.648529979687106e+05 -1.662151624008835e+06
  1.261724493130569e+09  1.739727351572351e+05 -1.972264704954072e+06
  1.266448714029466e+09 -1.255375886403065e+05 -1.721839360581388e+06
  1.264737698267483e+09 -5.598641377812631e+05 -2.243540718798140e+06
  1.262449879186094e+09 -3.885861790113060e+05 -1.648379501225347e+06
  1.265126406458842e+09 -2.089269689104058e+06  8.905055785516325e+05
  1.261085650915268e+09  7.718857452330712e+05 -8.390180370314842e+05
  1.263461112950630e+09 -1.405213778178314e+06 -1.066608449758552e+06
  1.259978619612039e+09 -9.045095297450535e+05 -2.844693447123060e+06
  1.261774884472744e+09  4.683367380165765e+05 -7.069390923395108e+05
  1.267418005095455e+09 -1.297659051492642e+06  1.813973736673393e+06
  1.267189621558023e+09  1.514739465550128e+06  1.509482523138980e+06
  1.264383613342896e+09  1.709677674900172e+05  2.355331118059327e+06
  1.263503578439621e+09  1.483930059939843e+06  2.919839433676509e+06
  1.261500446163348e+09 -1.663232799975522e+06  1.667011260460984e+06
  1.263938626335631e+09 -1.711286610498294e+05 -2.621870076078316e+04
  1.265120602750101e+09  1.656976502001425e+06 -6.502104335243031e+05
  1.264781381725421e+09  1.598119517094909e+06  4.509356629342103e+05
  1.265383824287172e+09  1.033517869972918e+06 -4.424354636379099e+05
  1.268818577367299e+09  1.856835143193670e+06  3.350132619886205e+04
  1.262369798941346e+09  2.038398851925110e+05  3.384286023762921e+06
  1.259584430592898e+09 -1.403018367009547e+06  3.737654063453638e+06
  1.265170021862190e+09  6.207211864187384e+04  1.568383971872519e+06
  1.265186688038702e+09 -1.523976236431849e+06 -3.088798300973005e+06
  1.265323107728032e+09 -1.262387988623582e+06 -3.572009357441733e+06
  1.266793434785505e+09  4.719684208316775e+04 -2.112331245569391e+06
  1.267077302169832e+09  1.447949410174285e+06  5.448213192657870e+05
  1.261856517362042e+09 -3.395045544826525e+05  1.110819401776021e+06
  1.266897079019511e+09  8.201576507800322e+05 -3.952638479429397e+05
  1.259825643452796e+09  2.810540855593696e+06  2.007937628021569e+05
  1.262765979545813e+09  4.567161667289746e+06  2.455106236766973e+06
  1.264116740926221e+09  2.060313579215304e+06  9.970505960543450e+05
  1.266292206367351e+09  3.469169670715917e+05 -1.924685063558184e+06
  1.262689191182480e+09 -1.357111541546870e+06 -5.430803381583188e+03
  1.264785037042410e+09  5.824914569146604e+05  2.481131885982433e+06
  1.262266512160745e+09 -1.006734678469082e+06 -1.221160358243228e+05
  1.261637659232666e+09  9.376884153022952e+05 -2.543797827837375e+06
  1.263431861275309e+09 -1.930186549271174e+06 -3.248562633721035e+06
  1.260155087695700e+09  1.333091644961817e+06 -3.313878604070703e+06
  1.261072282017675e+09 -2.978109271199463e+05 -8.642604300029597e+05
  1.261682489866301e+09 -6.387833814978563e+05  1.655015646048070e+05
  1.266454483972168e+09 -1.789186754783050e+05  3.470658830636224e+05
  1.258214465665212e+09  5.402689232047212e+05  3.426952368224932e+05
  1.263940527347203e+09 -1.875473816780188e+06  4.173534287995738e+05
  1.261095475871561e+09  2.467027381116984e+05  8.597776965749188e+03
  1.260984579351838e+09  3.257111084976984e+06 -9.527702941986057e+05
  1.260012557118987e+09  3.026843815788976e+05 -3.183539660997284e+06
  1.261277778859760e+09  6.033515369529842e+05 -4.167697956507849e+06
  1.264320939024759e+09  9.328818949642638e+04 -2.530443704954321e+06
  1.263766708462396e+09 -1.352789853492836e+06 -2.317846915902924e+06
  1.262525268909853e+09 -3.359746491593581e+05 -2.273285144307889e+06
  1.263706349156163e+09 -1.450224544527774e+06  2.935620967695023e+05
  1.262082299777975e+09 -5.174949917332981e+05  2.225053743509315e+06
  1.262731164469205e+09 -7.655313948199681e+05  1.160404408868050e+06
  1.266303295470605e+09  3.539189805221786e+06 -8.387695907533944e+05
  1.263703262506254e+09  2.444845030743043e+06 -1.092662989240843e+06
  1.262261823331673e+09 -1.193067067345407e+06 -1.933652076194724e+06
  1.262755142581894e+09  7.386555671749209e+05 -1.315049913759683e+06
  1.265225961863183e+09 -8.032187350305321e+05 -2.770267673641518e+06
  1.267059895086980e+09 -4.161616625129816e+06 -4.293761743414497e+06
  1.264002846098235e+09 -2.916156197597337e+05 -1.946469333802985e+06
  1.264595783015384e+09  2.550775900749637e+06 -4.025612131694470e+05
  1.258475405953784e+09 -1.384610681377825e+06 -1.869653933877233e+06
  1.260895193185000e+09 -2.835739348551531e+05 -3.095536282374854e+06
  1.264092388800464e+09 -3.062071596612766e+06 -2.622484146643789e+06
  1.261965003292011e+09 -2.984574154149317e+06 -3.141503186138866e+06
  1.260187628394478e+09 -1.505653413504969e+06 -3.955203618598978e+06
  1.262661260035687e+09  2.529411432154016e+05 -1.715386439021801e+06
  1.264570535238304e+09 -2.778006720431361e+06  6.514685900709021e+05
  1.263182232892545e+09 -1.187897265979636e+06  1.910552683861217e+06
  1.264426800498440e+09  6.662739949286281e+06  1.300353109429772e+06
  1.264960322881248e+09  4.686273725903797e+06  1.569941471703909e+06
  1.260506115830738e+09 -1.145670938444456e+06  2.062900158770168e+06
  1.262464051096417e+09  6.854688151312596e+05  1.067086237361807e+06
  1.263141796653012e+09 -1.991326125993660e+06 -1.171836105013113e+05
  1.266532469198757e+09 -3.830686174073840e+06 -7.488915875092825e+05
  1.262879408946890e+09 -8.797813551006754e+05 -8.916499342396557e+05
  1.259258427805827e+09  2.680096423218538e+06  1.048223933926608e+06
  1.265747530020781e+09 -3.024181082705873e+05  2.705573124787377e+05
  1.262163304428265e+09 -2.030882014140045e+06 -3.385041414275373e+06
  1.262842014944989e+09 -2.038832581646458e+06 -4.287281400058195e+06
  1.263705878392354e+09 -2.776915872377066e+06 -2.373208522221793e+06
  1.260597911810022e+09 -1.653322310363580e+06 -1.082414263143160e+05
  1.266059894426162e+09  6.468959339419256e+05  6.980252873375639e+05
  1.263265030160303e+09 -2.468262214482063e+06  7.302209079785685e+05
  1.261936851814165e+09 -9.402118733087929e+05  1.522147704475130e+06
  1.260171430100191e+09  4.641577940539335e+06  1.738961102683308e+06
  1.263754155184227e+09  4.573643636437118e+06  1.804267276465702e+06
  1.264264354470331e+09  1.605444326913293e+06  1.268064790179278e+06
  1.266918261901276e+09 -1.232223395164677e+06 -1.100166627761428e+06
  1.260597939778761e+09 -2.040430886065652e+06 -3.618917893667589e+06
  1.265383589170686e+09 -2.936399520457543e+06 -4.401240725118994e+06
  1.264014955090562e+09 -1.572503692624450e+06 -2.427451500778356e+06
  1.263706269211648e+09  2.516433813721131e+06 -2.552973202684536e+05
  1.262985189555163e+09  1.409017554209396e+06 -7.809557307416234e+05
  1.264898314300410e+09 -2.928825340769386e+06 -1.581234692118765e+06
  1.260842043710101e+09  8.382688673747848e+05 -2.222308483221632e+06
  1.263610100030857e+09 -5.396618257965685e+05 -2.031751912364265e+06
  1.264629358815250e+09 -2.370682944813378e+06 -2.826548027793537e+05
  1.265193719029520e+09 -8.767584364327537e+05  3.249568845022884e+05
  1.262253478084705e+09 -9.209087465651587e+05  1.754692087525786e+05
  1.261518800764238e+09 -3.969358491152246e+05  8.354494621983613e+05
  1.262187969215219e+09  1.800251008257961e+06  1.483736757791123e+06
  1.262718940122074e+09  2.271081067625510e+06  3.924608905940820e+05
  1.261991859124824e+09  2.404968033807893e+06 -4.220485864332034e+05
  1.260902391856668e+09 -1.071746057416775e+06 -1.939681438467139e+05
  1.264459573769611e+09  1.710962251830002e+05 -7.180618886049016e+05
  1.263949017297374e+09 -2.953648375882543e+06 -1.687394472676918e+06
  1.263709606686353e+09  7.205121243923947e+05 -1.717391121815439e+06
  1.261791818831846e+09  1.358669128151662e+06  4.215974562485787e+05
  1.260975466333220e+09  2.026206401406190e+06  2.904350263899416e+06
  1.261760841852300e+09 -1.789057416518181e+06  3.195781708539106e+06
  1.257018077874779e+09  2.034715321886604e+06  7.084067248999577e+05
  1.260083103541308e+09  9.781823516170601e+05 -1.294304204556596e+06
  1.261855183958986e+09 -2.618414612683106e+06 -1.311095434040212e+06
  1.261635462234924e+09 -9.924066775570288e+05 -1.060768000460325e+05
  1.265760083263479e+09 -1.298293310861278e+06  1.194746245996329e+06
  1.264842698606731e+09 -2.794710900160703e+06  3.262346910442541e+06
  1.259655205437000e+09  1.622343334197160e+06  3.351537140795778e+06
  1.261684071877677e+09  1.053314109182578e+06  9.596710116538440e+05
  1.258863404904001e+09 -8.986053302696280e+05 -1.145613481050834e+06
  1.262845940060524e+09  1.385841741774870e+06 -7.982300729450143e+05
  1.261669216705038e+09  2.049690201858205e+06  3.702214036188835e+06
  1.259818126156993e+09 -1.565027188637892e+06  4.192746442308676e+06
  1.265093695170215e+09  2.945432539769281e+06  7.288026814326541e+05
  1.262868608748922e+09  8.133392377204451e+05  1.804483778810726e+06
  1.263013258324047e+09  1.579661832540563e+06  3.571442045572863e+06
  1.261637756593538e+09  5.434224890315701e+05  1.526203656231286e+06
  1.263729734179049e+09  2.853895933800492e+06  1.214286636942836e+05
  1.262224815627954e+09  7.345227458715125e+05  3.502480685444678e+05
  1.263391590801540e+09 -9.836402399092203e+05 -2.711595599523582e+04
  1.261330341651107e+09  2.238553655955990e+05 -9.009513341079705e+05
  1.264870622276900e+09 -2.216519413986480e+06  2.803377404215264e+05
  1.261954653419339e+09 -4.187610383842844e+06  2.457098374811427e+06
  1.263534854133910e+09  1.626752450567246e+06  2.359774195042570e+06
  1.261523995862338e+09  1.506108954615289e+06  4.235062452652352e+04
  1.262682142829445e+09 -2.241720114019701e+06 -1.510767467540832e+06
  1.263770918220370e+09  1.688026343836886e+06 -1.871479973206409e+06
  1.259192844741019e+09  1.250996670305260e+06 -1.756997452029358e+06
  1.265042143363939e+09  7.422885662987472e+05 -2.982790163679394e+06
  1.263586952307830e+09  1.892542044369652e+06 -5.665785202822112e+06
  1.262852557096205e+09  7.877739369927621e+05 -4.225422354490628e+06
  1.263782423626393e+09  1.490347642086495e+06  1.092848530604334e+06
  1.260749451895277e+09  3.652205244980723e+06  2.662008707215426e+06
  1.264490809143900e+09 -1.967328986954410e+05 -4.684458637315992e+05
  1.262390464079621e+09 -9.698720417075639e+05 -2.669225181049310e+06
  1.261803861240871e+09  1.672238237459501e+06 -2.433313783827584e+06
  1.262355111401097e+09 -8.149541929193669e+05 -2.989439787776869e+06
  1.263862400518465e+09 -2.534836651493320e+06 -1.575959181654520e+06
  1.263889217061599e+09 -2.150914765024811e+06  2.293453829871392e+06
  1.267055851936007e+09  9.868862029754681e+05  2.577876122413883e+06
  1.258645355005517e+09  3.592175822304566e+05 -5.894117625035824e+05
  1.261071872108861e+09 -7.195882031058307e+05  8.872257708159229e+04
  1.263765644691813e+09  1.879267331209118e+06  3.458674712107369e+06
  1.263545417845991e+09  5.655177742573232e+05  2.280563543433598e+06
  1.265066894367272e+09 -4.624519584159672e+05 -5.111934705155721e+05
  1.260962419670723e+09  4.814094286215203e+05  6.079222554321323e+05
  1.262175796305357e+09  7.883636281030775e+05  1.190900122648050e+06
  1.260363476520001e+09  2.222779128614371e+06 -2.452106854710520e+06
  1.261864289250789e+09  2.569384461347098e+06 -2.943250677690328e+06
  1.263210902120346e+09 -1.854449835326791e+06  5.972794979370298e+04
  1.264835901399206e+09 -3.048723919871774e+06  2.050042609504768e+06
  1.264107107058845e+09  2.687663562031331e+06  1.947962447396613e+06
  1.264725030120954e+09 -3.018313353149854e+06  3.119193172032751e+05
  1.267014273122165e+09 -2.400417838011498e+06 -2.755343184821681e+05
  1.261893176769679e+09  1.732403234193188e+05  3.540612580644860e+05
  1.262271690011559e+09 -8.442935675086249e+05  1.064484508874017e+06
  1.262454604232393e+09  9.096983969882173e+05 -1.861274877400744e+06
  1.264657176354729e+09 -1.398528153241785e+06 -3.226758111083749e+06
  1.264574655177149e+09  1.751295564866674e+06 -2.503244059103898e+06
  1.266336700566234e+09  3.618749677126833e+05 -2.527794674172049e+05
  1.259270909772987e+09 -3.715549159643708e+05  2.688420314585431e+06
  1.266015316523267e+09 -1.873921315749402e+06  3.930284912601500e+06
  1.264607656273026e+09  6.168134833150340e+04  2.763902748954424e+05
  1.263259457099962e+09  1.615285281747032e+06 -1.614509987237134e+06
  1.265557835794581e+09 -9.275999084248879e+05  5.258825024303794e+05
  1.262486989614604e+09  2.270688949995800e+05  3.556457470496600e+05
  1.262735939559404e+09 -2.882918168024641e+06 -8.514746339337362e+05
  1.261988018483619e+09  8.509948499114492e+05 -1.409095139521915e+06
  1.260696238119689e+09 -8.189287349681393e+05 -1.539531337804201e+06
  1.264864153583369e+09 -6.791047436658669e+05  1.970948776028397e+05
  1.262835432192340e+09  5.229348266703953e+05  9.239669823499746e+05
  1.261744850895522e+09 -2.586980491482995e+06 -3.207476659742653e+05
  1.264609958093773e+09  1.394166622454684e+06 -7.427023126883786e+05
  1.261860670104837e+09 -1.405013816982988e+06  1.348670637150127e+06
  1.267345344368068e+09  1.177502450044654e+06  5.712629110791397e+05
  1.264294493859177e+09 -1.277802287480883e+06 -1.983001088503319e+06
  1.263088128779312e+09  1.622775214491010e+06 -2.561174846937978e+06
  1.262585762985439e+09 -2.371078968793678e+06 -3.086484661410359e+05
  1.261723139266541e+09 -8.585933719169216e+05  4.774326932151684e+05
  1.262764595057173e+09 -7.301281891164783e+05 -1.723024903081180e+06
  1.267037596027442e+09 -1.241298640474086e+06 -2.842772082871435e+06
  1.264210861974722e+09  1.061182839324517e+06 -1.370662271430057e+06
  1.259155504042262e+09 -1.092669578096122e+06  7.410321206493789e+05
  1.264645690555077e+09 -1.684533919549344e+06  2.408677530533923e+06
  1.267277314179391e+09  2.739675057634150e+06  1.674795706900139e+06
  1.263650457958755e+09 -5.328653952897058e+05 -7.393060204151637e+05
  1.263514559677799e+09 -3.460018917932550e+05 -2.476639102418412e+06
  1.264069220865538e+09 -3.171234876832034e+06 -2.791470331187028e+06
  1.263350445691232e+09 -1.692284032204258e+06  3.956856303390999e+06
  1.263243677872194e+09  2.946257101390762e+05  4.258466800125908e+06
  1.262486339464374e+09  5.907348289725464e+05  4.436375401414895e+06
  1.262754966826856e+09 -6.664271420983311e+05  1.912420520984761e+06
  1.259802801055761e+09  6.788835826748968e+05  2.683866369648975e+05
  1.263356361227193e+09  1.518003681124098e+06  6.755941940159410e+05
  1.265671174909156e+09 -1.487082701349540e+06  3.035082742406468e+05
  1.264720015666438e+09 -1.217034085238491e+06  4.061659934351637e+05
  1.265206994834372e+09 -6.186981875349784e+05  1.464152324665381e+05
  1.260961039671400e+09  8.766031243483619e+05 -1.020014725680621e+06
  1.266004617505252e+09 -2.269277795127973e+05 -1.884902540253424e+06
  1.261287588929933e+09 -1.678801227383372e+06 -4.733618223775567e+05
  1.266691809825908e+09  1.937307161427085e+06  1.767190770946206e+06
  1.263503208008825e+09 -1.438409786740341e+06  5.284465833991870e+05
  1.263005278834863e+09 -1.575347765090221e+06  7.636588926415506e+04
  1.262896558890307e+09 -1.594422412935528e+06  2.782478424532762e+06
  1.261570372337757e+09 -2.309615539634988e+06  7.760246858404016e+05
  1.264638568228173e+09 -4.270101668279715e+05 -1.273387415423032e+06
  1.265912105454108e+09  6.099911638067880e+05  1.328638328618207e+05
  1.263421478484835e+09  1.775458868588257e+06  3.089138312751355e+06
  1.261691205085594e+09 -5.073807213320848e+04  2.899106729932199e+06
  1.265347691360699e+09  1.864390268437773e+06  1.609923509634885e+06
  1.263531602008522e+09 -2.559856729698658e+05  2.510686152320563e+06
  1.261556667363258e+09 -1.645628205982215e+06  3.224083454638613e+06
  1.264066547069081e+09 -9.401830407423389e+05  9.213450917756271e+05
  1.264822083709684e+09  1.711979715106339e+06 -2.139039674113291e+06
  1.260502620851566e+09 -1.011117647010613e+06 -4.579958831904565e+06
  1.265140473094564e+09  4.162037952282437e+04 -3.211812530716883e+06
  1.264150136290776e+09 -5.801588841707470e+05  8.261744994747867e+05
  1.260226160200998e+09 -6.359370391588716e+04 -2.361981354542433e+05
  1.261653204304991e+09 -2.905998763638381e+06 -2.881321015473830e+06
  1.261473752098217e+09  1.147451846814969e+06 -4.577863764905493e+05
  1.263180413439118e+09  3.900649281910381e+05 -1.712757685628397e+06
  1.261652225865868e+09 -1.232550498406739e+06 -2.366643133267306e+06
  1.261029098652092e+09  1.211506003808832e+06 -3.232145158953109e+06
  1.260611991692426e+09  8.131047653742977e+05 -2.169233972873552e+06
  1.261955011516940e+09  1.089556750759633e+06 -1.767882567085997e+06
  1.265681387360015e+09 -1.741121909891154e+06 -2.264694194180124e+06
  1.265019007731833e+09  6.183722560612836e+05 -1.653687499566270e+06
  1.262227023658393e+09 -2.824831926145270e+06 -6.871173133373400e+05
  1.262120459448314e+09 -5.577015658652612e+05  3.469190126571557e+05
  1.264976555786016e+09  1.527211839922445e+06  2.232391613343153e+06
  1.265466760645635e+09 -1.579626995955042e+06  2.021522069951159e+06
  1.264839433106126e+09 -5.837990581252521e+05 -2.376810795399478e+06
  1.258542873210868e+09 -4.550140843931807e+05 -3.395443371140302e+06
  1.261195124300457e+09  1.517642419199862e+06  4.603606031710523e+05
  1.262906586990918e+09 -3.397797452244014e+06  1.804156566930220e+06
  1.260445994052526e+09  2.956276346368595e+06 -4.175714402912117e+05
  1.263425730642083e+09  2.996315858518099e+04 -1.303046167556186e+06
  1.261882737140656e+09  5.938657820581370e+05 -1.343377147037243e+06
  1.266072939116879e+09  6.148844066850285e+05 -2.868235914773130e+06
  1.265455997313454e+09 -8.423325022121092e+05 -4.161966212360834e+06
  1.262680272598974e+09  5.092453075726377e+04 -4.042741684359950e+06
  1.260410963528430e+09 -2.610787340525086e+06 -2.535321303817904e+06
  1.261313386552314e+09 -6.264862028923368e+05  1.306466422088445e+05
  1.262268603473628e+09 -6.233478885567137e+05  7.412316118487564e+05
  1.264494434238117e+09  1.591723980120463e+06 -7.670923809464129e+05
  1.267036100040174e+09 -6.093997472987617e+05 -2.300760677433483e+06
  1.262130617695261e+09 -2.770415506974257e+06 -2.594126999036886e+06
  1.265671671265411e+09 -2.186836124833792e+06 -1.302487577575124e+06
  1.266053562389868e+09  1.757895321081083e+06 -3.441670490205343e+05
  1.262575195026464e+09  2.121259459446144e+06 -3.059948767336617e+05
  1.266973066354028e+09 -1.952482492559520e+06 -5.315575795603754e+05
  1.263395013522844e+09  2.176085888160497e+06 -1.111644949935950e+06
  1.259784336865775e+09 -1.751573750432943e+06 -2.020808593142808e+06
  1.258741339634233e+09  2.512968774775889e+05 -1.433458393402913e+05
  1.262075872911630e+09  5.447492838933113e+05 -3.758847736571702e+05
  1.265409301939890e+09  3.952435604003330e+05 -1.647370182096676e+06
  1.265193467189571e+09 -1.321403791041108e+06 -7.413046137529259e+05
  1.264950846982609e+09 -6.175317413506180e+05 -1.353415986421278e+05
  1.262471442161898e+09  4.617667117263869e+05  3.832986040677771e+05
  1.260325393211282e+09  4.304665630456120e+06  2.329177513410885e+06
  1.262292280731080e+09  3.039345863423172e+06  2.606865151073613e+06
  1.264050942455427e+09 -1.236998746873948e+06  1.548149709328111e+06
  1.263982008019548e+09 -3.258883068120352e+06  1.499619411880949e+06
  1.264216712029824e+09 -1.072492473800794e+06  5.215306212588779e+05
  1.267453557949064e+09  1.439726674300779e+06 -9.879430124131503e+05
  1.261792450969809e+09  1.565395336323492e+06 -4.225013752432469e+05
  1.261688500556668e+09 -1.632293548803573e+06 -7.440442236411937e+05
  1.266201890533541e+09  1.165973618823749e+06 -2.430500898260283e+06
  1.262439342631454e+09  8.403287964809365e+05 -8.196863313281703e+05
  1.263948160418824e+09  1.348263431995416e+05  1.449118760939749e+06
  1.266149054753157e+09  2.521788984183176e+05  3.588613483577350e+06
  1.265446118182856e+09  1.691694385012896e+06  4.260487562278419e+06
  1.262017551214509e+09  8.172641261828068e+05  3.918061061890474e+06
  1.266146654585507e+09 -1.477002210005022e+06  9.381520687599360e+05
  1.260047825798408e+09  2.449574091435164e+05 -2.140785450260898e+06
  1.260273720512705e+09  9.305113215773308e+05 -2.299379499144744e+06
  1.264371483038839e+09  2.362531524208439e+06 -6.642507478138001e+05
  1.264045943389640e+09 -4.148228020063024e+06 -4.268583502770981e+05
  1.260719606790071e+09 -2.626698384712727e+06 -8.503524403422922e+05
  1.264083364464746e+09  6.094385722252529e+05  4.353493726628190e+05
  1.262948272128012e+09 -1.888273871758552e+06 -3.345629703609714e+05
  1.261925044767301e+09 -1.899243235296642e+06 -3.959175127245546e+06
  1.263682442728254e+09 -3.073661263441296e+06 -4.237207044816257e+06
  1.259287471707671e+09 -1.586058958672294e+05 -1.937865227427961e+06
  1.261981557096753e+09  1.329957898510023e+06  2.489562958656137e+05
  1.259364499862814e+09  1.301821840591920e+06 -1.478622134954763e+06
  1.263631085706161e+09 -9.825907511951081e+05 -2.165104832818765e+06
  1.260331118365229e+09  1.950096320500066e+06 -2.979837768600699e+06
  1.261044297368565e+09 -1.108574668170091e+06  2.668261812030268e+04
  1.266562048783865e+09 -1.483472592899547e+06  4.179901710970619e+06
  1.260375059211234e+09 -4.394862310548440e+05  2.707486874238738e+06
  1.259863471941303e+09  9.322949140988997e+05 -3.332989713232674e+05
  1.259038154345170e+09  1.465131357108382e+06 -2.298469145273998e+06
  1.264132321969333e+09 -2.719745218332875e+06 -2.262729977758962e+06
  1.268060968533816e+09 -3.434762301969555e+06  1.045661312435564e+05
  1.262886510186904e+09 -3.537654961449609e+05  5.073847804723263e+05
  1.263777996318060e+09 -4.179759917275540e+06  4.505524550736039e+05
  1.263312816801166e+09 -7.845284442953035e+05  1.998502633570171e+06
  1.263240041029322e+09 -3.649390730467950e+06  2.122910657340559e+06
  1.266039630008844e+09 -4.226964907154332e+05  1.566280781415354e+06
  1.261161407027234e+09  1.776856811152076e+06 -3.871999784773704e+05
  1.261451199770375e+09  2.445493985490338e+06 -5.088264168297406e+05
  1.260149845271829e+09 -1.784947147925856e+05 -1.498225093551411e+04
  1.263794521891550e+09  8.284233153850024e+05  8.087832498018505e+05
  1.267795306201638e+09 -2.746170379538845e+06  8.579796793451949e+05
  1.262655713792433e+09 -8.185335280481596e+05 -9.010694935164091e+05
  1.264076792672462e+09  7.756472052174469e+04 -2.834011880884360e+06
  1.259148572329235e+09 -4.853489622933102e+05  3.223141000690598e+05
  1.261828086080538e+09 -3.009646653734953e+05  4.805983919633266e+06
  1.262574755817092e+09 -2.034499551686738e+04  2.272057222225824e+06
  1.262038811611924e+09 -3.752360645262440e+06 -6.905833983807483e+05
  1.259550164176149e+09  7.768954998079687e+05 -8.891331578584676e+04
  1.262389798106224e+09 -5.693205383445257e+06 -9.793360989394526e+05
  1.263233230194343e+09 -1.976377141281851e+05 -6.187264854248421e+05
  1.264951775302443e+09 -1.991327925563183e+06  1.068086288287401e+06
  1.263428880374673e+09 -1.399818639265013e+05  5.403174191090870e+05
  1.264899460317875e+09 -5.777454206374155e+05  7.303124487094861e+05
  1.261136929121993e+09  1.363794421085863e+06  1.521753263407610e+06
  1.262969786292275e+09  1.645991427088420e+06  4.631408421595776e+05
  1.263432195247011e+09 -1.711054836626993e+06 -3.276646693423323e+05
  1.266823598900496e+09 -2.694569636746768e+06 -6.002664789993326e+05
  1.262194554362683e+09 -1.813725789641029e+05 -1.360451164816174e+06
  1.263247746402404e+09  4.633974995150831e+04 -1.592477242377930e+06
  1.265155655557026e+09  1.231783600958244e+06 -1.445149827454506e+06
  1.261460759109536e+09  7.464921660687104e+05 -1.823280226039601e+06
  1.262463081670739e+09 -6.626780786688948e+05 -2.314255555615123e+06
  1.266625403003643e+09 -2.694736253469483e+06 -1.359422101116513e+06
  1.260394883478437e+09  1.031466594396693e+06  8.967459156098193e+03
  1.264013336668452e+09 -4.480182433312205e+06  1.128191329202733e+06
  1.261381857845896e+09 -1.965434098661602e+05  1.706934940476994e+06
  1.263048006418811e+09  1.178275454122238e+06 -1.551116321736225e+04
  1.260953088766807e+09  7.590782997000712e+05 -8.594470374901572e+05
  1.266630455523625e+09 -1.625945351110731e+06  1.547491047251806e+06
  1.264500276496726e+09  1.756173761778678e+06  1.628260753435257e+06
  1.264041909863208e+09 -1.406783560897785e+06 -4.343567567126196e+05
  1.260067312573760e+09 -1.011424774574315e+06 -9.480078780846152e+04
  1.263635998249609e+09 -2.471465224515201e+06  2.076780925893458e+06
  1.264146662500335e+09  2.351687993991928e+06  3.849843692814555e+06
  1.263933528043078e+09  2.511510429154428e+05  2.697281747333893e+06
  1.263157006037472e+09  6.829275327833655e+05  1.312867940565627e+06
  1.264611595111119e+09  7.425140829762234e+04 -6.196983105732582e+04
  1.258675243824757e+09 -1.941963260302696e+06 -2.099844181664961e+06
  1.262851903387210e+09 -7.610884765253719e+05 -8.691943898226547e+05
  1.266519704504199e+09 -2.080661853396558e+06  3.907337446146419e+05
  1.263949824445690e+09 -1.139696085321420e+06 -1.538980621105279e+05
  1.260052823462754e+09 -9.125029131309977e+05  1.503914556605121e+06
  1.261942538020200e+09  1.422400626424480e+06  2.160967346800046e+06
  1.261824605691637e+09  1.585151644600551e+06  4.721263090160800e+05
  1.261255894874646e+09  1.585401027649881e+06 -1.578147906589075e+06
  1.263027278504617e+09  2.621587547912500e+06 -2.159410339384472e+06
  1.262587278897093e+09 -5.092009969287429e+06 -2.690620453847175e+06
  1.263903854659816e+09  1.378832361549673e+06 -1.852205834221134e+06
  1.263477813700404e+09 -2.055616221177136e+06  1.146892062417326e+06
  1.267299613813146e+09  4.470534834626848e+06  1.945668584335627e+06
  1.259351684349525e+09  2.423068834013298e+06  7.560166438136104e+04
  1.261252375992179e+09 -1.337067522453979e+06 -7.324684302879982e+05
  1.261240756506892e+09 -4.105046635441206e+05  4.876664532558869e+05
  1.259075050190538e+09 -1.557664188969809e+06  1.218017373254373e+06
  1.260269068089019e+09  1.058758443992344e+05  9.055593141769664e+05
  1.263746172124775e+09 -2.462270637079570e+06  1.170122378528655e+06
  1.263879502056011e+09  4.044101545507127e+05  2.207510339705872e+06
  1.265964193963984e+09 -1.056040287923964e+04  1.931998769759736e+06
  1.263932311722183e+09  9.723757194248997e+05  4.263146209330941e+05
  1.262133065089325e+09  1.153870023292459e+06 -5.409464075519604e+05
  1.260518957025218e+09  2.489144560577711e+06  1.772341043232178e+05
  1.259757617847024e+09  1.792934594420580e+06 -1.929767785052964e+06
  1.261745087547704e+09 -4.096178711705051e+06 -2.381273713890278e+06
  1.261430821691762e+09 -6.349511212602465e+05 -1.859817505865889e+06
  1.260699266582243e+09 -3.425618906511578e+05 -1.541920448132190e+06
  1.265362812751859e+09  2.154857662074418e+06 -2.446994706416984e+06
  1.263822436940811e+09  2.810486441390295e+06 -1.779466206538369e+06
  1.263222755271095e+09  5.097306928187658e+05  3.632626475174273e+05
  1.260812387251994e+09  3.046144959673487e+06  1.591907779033105e+06
  1.263221758516834e+09 -1.560483613740254e+06  7.706347144921834e+05
  1.265359042293299e+09 -2.136146212770140e+06 -1.304263360304877e+06
  1.262028747345719e+09  1.894592821878901e+05 -9.260934832468156e+05
  1.261740478976403e+09 -1.130882461083783e+06  5.201147332455668e+05
  1.261209858450552e+09  2.054092353003039e+06  2.414196033895883e+06
  1.260311830709399e+09  2.319614929627294e+05  4.903796138693242e+06
  1.262139673975539e+09  8.592452835094270e+05  3.800709111106026e+06
  1.262691108002315e+09  5.429276691750877e+05 -1.375307943425878e+06
  1.263781638045828e+09  2.288718601079702e+06 -1.501794989552224e+06
  1.262269497007175e+09 -2.435680650678812e+06  1.649777707134122e+06
  1.263040745855645e+09 -1.784926753758729e+06  1.269609223748489e+06
  1.262615291977336e+09  1.947876018562558e+06 -1.092762087161693e+06
  1.263818642933816e+09  7.669250798206393e+05 -1.446981699948106e+06
  1.262783334312413e+09 -1.611102962980531e+06 -1.651963607540913e+06
  1.264735883572081e+09  1.588642203849940e+06 -7.124623119949508e+05
  1.260877658756733e+09  2.012387902791188e+06 -3.853292633595483e+05
  1.263630524088927e+09 -2.043330768791480e+06 -1.839506803694625e+06
  1.262740361141057e+09 -3.139023068281147e+06 -1.327730497753558e+06
  1.261719382121738e+09 -8.795963069914358e+05  4.981765873417322e+05
  1.261511837514690e+09 -2.252860501274648e+06  1.124858484021568e+06
  1.262052294734553e+09  9.069961221746483e+05  1.568622852381532e+06
  1.263086844953101e+09 -1.928223867001817e+06  2.053116385537952e+06
  1.268541879805746e+09  5.948279128527164e+05  1.158996319171149e+06
  1.263183449455761e+09  3.638453926699195e+05  1.255442708181936e+06
  1.262400970105123e+09  3.054612968781906e+06  3.431307658821468e+06
  1.264048090269348e+09 -1.893757129200038e+06  1.351463554845314e+06
  1.261756440786120e+09  4.909335728077007e+05 -3.439675471088499e+05
  1.265414986511330e+09  1.224343986406931e+06 -5.514588239230430e+05
  1.260747663398669e+09  2.825680208722920e+06  3.980793359313066e+05
  1.262929348587289e+09 -3.390542667355129e+06  1.316010404547693e+06
  1.258676652127336e+09  1.039594369541834e+06  7.019684440325690e+05
  1.259719409227422e+09 -2.139803273301383e+06 -4.850711898133837e+05
  1.263735006606990e+09 -1.244936585911073e+06 -1.691741068913990e+05
  1.267060287439374e+09 -2.427684811811523e+06  3.912130010598723e+04
  1.264507255760476e+09 -2.064053486477593e+06 -1.792028764652452e+06
  1.266020999587686e+09 -2.070897610618797e+06 -4.395335207570525e+06
  1.266953329523292e+09 -2.460616095462736e+06 -3.620644161617640e+06
  1.263300679361041e+09 -2.702945425675564e+06 -2.286610010474762e+06
  1.261468961387156e+09  1.144204998518260e+06 -2.361978122615485e+06
  1.263521908831949e+09 -4.448564526199402e+05  2.029598888921960e+06
  1.263979534421840e+09  2.794520923900581e+06  8.212576397587303e+05
  1.263205548305251e+09 -1.270313832767374e+06 -2.248264001241185e+05
  1.265207623041534e+09 -3.752269623942454e+05  1.369598558996012e+05
  1.258859243186320e+09 -1.380056401403727e+06 -5.606674263406046e+05
  1.266357075073222e+09  3.067708395921657e+06 -1.138139079123023e+06
  1.264912193666545e+09 -1.234197303902806e+06 -6.125971134730353e+05
  1.263777418066712e+09  2.184899436846653e+06 -6.295036616857804e+05
  1.265848549134161e+09 -1.658714809936265e+06  1.305284027278784e+06
  1.262552387312153e+09  1.465392363972264e+06  1.925097897673181e+06
  1.263609709865402e+09 -2.035019956770753e+06 -9.252886451791769e+05
  1.262100825936800e+09 -2.510102485853605e+05 -9.661001757943516e+05
  1.260958092222399e+09 -1.407080446480678e+06  1.343469983909032e+06
  1.266622722485069e+09 -4.877458522128431e+06  5.912161592098915e+05
  1.264110220369533e+09 -2.893785319271810e+06 -4.544288667363634e+05
  1.261973479450474e+09  2.983081964846590e+06  1.159755812315980e+06
  1.262351848759092e+09 -2.193371462033300e+06  1.097074996978939e+06
  1.260489022591024e+09  2.050928172260338e+06  9.729921606943352e+05
  1.265492667464051e+09 -1.152598951081052e+06  9.891069316187708e+04
  1.265404816006422e+09 -2.417785606419381e+06 -2.096802434792958e+06
  1.260332601261072e+09 -9.844216955210548e+05 -4.169594123553975e+06
  1.265022581661856e+09  4.103329355144380e+05 -3.586538166793995e+06
  1.265144876458876e+09  1.667201903939890e+06 -1.950069560698783e+06
  1.260823132274225e+09  3.242310069724106e+06  7.107159253145219e+03
  1.269135192722906e+09  6.602671546396121e+05  2.767223801885589e+06
  1.261843539023375e+09  2.259717698526815e+06  4.776726433973301e+06
  1.261902237397679e+09 -3.590138265270774e+05  4.273928678060718e+06
  1.263639064218863e+09  1.673880795599812e+05  1.473568657098195e+06
  1.264585198073930e+09  6.037258270617726e+05 -7.975441605176245e+05
  1.263177695459081e+09 -4.561308570656968e+06 -5.457256385837779e+05
  1.265463082049800e+09 -3.671374337941422e+06  7.376569036962594e+05
  1.262272828625194e+09  2.510270578975326e+06  1.056259058163155e+06
  1.264204037916485e+09 -8.526738671435937e+05  8.627788885150584e+05
  1.264176962032318e+09 -7.803355162771280e+05 -7.669941026992383e+05
  1.263008097029398e+09 -1.439793254571286e+06  4.580145630700289e+05
  1.262855341732455e+09 -5.260377342694033e+05  2.565502879618343e+06
  1.260832036517933e+09  1.052952887671107e+06  1.093239228804887e+06
  1.261405043635517e+09 -1.522735787681538e+06 -7.639947665180776e+05
  1.265247887673009e+09  4.423919139432388e+06 -1.275759109037804e+06
  1.265397362321038e+09  3.435749880064687e+06 -1.364178795051702e+06
  1.262446523494893e+09  1.681736716048075e+06  1.369582513956506e+06
  1.260173775768060e+09  3.987330036100780e+05  3.809312962118393e+06
  1.266291394475093e+09  2.388581561257609e+06  2.657951151957696e+06
  1.263768255065316e+09  1.373452258359433e+06  2.717435294855102e+06
  1.265136932589558e+09  1.325134813886249e+06  4.053033159241358e+06
  1.263888401066404e+09 -8.552340189855485e+05  2.708084953859022e+06
  1.262146027803206e+09 -4.700524819093911e+06  5.876647045122110e+03
  1.269203278064905e+09  8.475060577552272e+05  3.195486173717480e+05
  1.264376172021162e+09  6.789170180193640e+05 -2.774369838960480e+06
  1.263289577542571e+09 -1.920308857947927e+06 -2.508037174030994e+06
  1.266190011664530e+09 -1.691218056714241e+06  1.962463421961382e+06
  1.263066936350725e+09 -1.921565483915490e+05  4.237522839088648e+06
  1.263723203985239e+09  1.209681104472467e+06  2.261374083383286e+06
  1.266114837526423e+09 -1.578423868386836e+06  1.489940905113364e+06
  1.262237710255562e+09  3.153869271476028e+06  1.549715709213139e+06
  1.262532917339078e+09  2.263128898729033e+06  2.487377015082203e+05
  1.265118627117374e+09  3.496402135846273e+06 -3.038258728541412e+05
  1.263980730410676e+09 -1.691945069577063e+06  6.764160962399952e+05
  1.260032081853482e+09  3.022243989054142e+06  1.125308720794570e+06
  1.263924985294742e+09  3.236389659339481e+06 -2.277863020993392e+05
  1.262343375786176e+09 -2.415238371866168e+06 -1.582152366760438e+06
  1.258995434184026e+09  2.543666655281019e+06 -1.084173949116093e+06
  1.263803316664421e+09 -3.476642191656150e+06  3.896492213301350e+05
  1.262787647586481e+09  3.333800951743576e+05 -2.044570385973767e+05
  1.263488066418285e+09 -1.946699019126679e+05  1.446834075549886e+06
  1.263590083665016e+09  1.148945675149190e+06 -9.570528331335813e+05
  1.260442992850104e+09 -2.206340123744144e+06 -3.055173795086844e+06
  1.260905464416965e+09 -2.495247171483872e+06 -1.443991236047554e+05
  1.261821541584921e+09  1.024731336402298e+06  2.691730305608963e+06
  1.266214475216365e+09 -5.411615268935940e+05  3.083855272435567e+06
  1.263641761984205e+09 -2.078597477880596e+05  1.314762335932726e+06
  1.259377293434578e+09  2.298685059441385e+06 -1.324016263037459e+06
  1.262285984433655e+09  5.275939697625302e+06 -1.428100520015449e+06
  1.265088855097814e+09 -3.433128249918679e+06 -1.617287361787826e+06
  1.263485462491323e+09  9.476953297811248e+05 -2.995538011271703e+06
  1.261926456702649e+09  2.634188083958510e+06 -2.402042195354804e+06
  1.262116850128507e+09 -4.005367687301739e+06 -4.739835581584891e+05
  1.261392067756703e+09  2.470465666707919e+06  4.286811714107094e+05
  1.261625235336694e+09 -4.645035320150534e+05 -1.442895028192181e+05
  1.263204278137094e+09 -1.270983560202094e+06  2.885026628112107e+05
  1.267534835723597e+09 -2.462851906080162e+05 -3.892704435239465e+06
  1.260097718449565e+09  1.533860430781707e+06 -3.589569040442779e+06
  1.264157130456842e+09 -2.814927699754602e+06 -3.432611806532929e+06
  1.261741404115475e+09 -1.975590618514890e+06 -4.799107427596087e+06
  1.262081961212636e+09  7.857137163752022e+05 -4.182075123605687e+06
  1.258873658406190e+09  5.266212525833694e+05 -2.400239293982782e+06
  1.262249800225123e+09  4.467981916911795e+04 -2.844424162061759e+06
  1.263480207069340e+09  2.621481701058972e+06 -4.038895071327576e+06
  1.264329647768153e+09  3.503088733342339e+06 -3.340267703031584e+06
  1.265311631724777e+09 -3.648820733126035e+06  1.099787342731792e+05
  1.259982696837919e+09 -1.304242362139738e+06  2.654994848093420e+06
  1.264235631733928e+09  2.629555357103843e+06  2.947286109594971e+06
  1.267173719980438e+09 -1.587897071872334e+06  2.035439248566423e+06
  1.263072335791901e+09 -6.055786846889779e+05  5.934585290530093e+05
  1.267248223241881e+09 -4.210023542613290e+05  3.570953935691759e+03
  1.262865603445508e+09 -2.182408901539956e+06 -1.820990719448908e+06
  1.259162552352810e+09  6.951496221267092e+05  2.884677899106145e+06
  1.259199439362172e+09  1.094679053224084e+05  3.135125880985647e+06
  1.259755357497376e+09 -1.201042770572694e+06  1.947129256135089e+06
  1.263871500370966e+09  3.427073805287912e+05  3.169903711400186e+06
  1.264667240862915e+09  7.056404280736314e+05  3.662605237569806e+06
  1.262434874557794e+09 -1.812053774826804e+05  3.144064727312609e+06
  1.261882506145820e+09  1.458686463530497e+06  3.738153239760860e+06
  1.261443274332101e+09  4.693480511352225e+05  3.367301613055574e+06
  1.261661790117541e+09  1.589449611170499e+06  2.077020240705642e+06
  1.263484870964635e+09 -3.444583442610824e+06  1.310159039745329e+06
  1.262952525209088e+09 -2.483601885639662e+06  8.806994299221574e+05
  1.262680406410413e+09  2.371946862437947e+06  8.163214353004197e+05
  1.267966141748967e+09 -7.266590116977369e+05  1.582310774712435e+06
  1.263117925327365e+09 -2.692265195808722e+06  3.087547353875862e+06
  1.262251618364043e+09 -2.196814284847823e+06  3.040260634547878e+06
  1.264597544359252e+09 -6.934282680853622e+05  1.782432950783274e+06
  1.261837578929301e+09 -9.158378200693481e+05  1.873177618329019e+06
  1.261837502440449e+09 -8.715717601058725e+05  2.866504825068676e+05
  1.265289470127458e+09  1.621859468167538e+06 -8.596539587804407e+04
  1.260709605245061e+09  6.371475175251404e+05 -6.009085880643104e+05
  1.264955635278167e+09  6.996762065632935e+05 -1.148077457913899e+06
  1.264404046627874e+09 -3.690223799700953e+06  1.549279971943366e+06
  1.259823152710533e+09  2.751517726689028e+06  1.862685533639313e+06
  1.259150692527750e+09  2.168009969402037e+06 -2.674465070559969e+05
  1.264468617459808e+09 -1.378137287819322e+06 -5.401434636287922e+05
  1.262081610859768e+09  3.996655249977238e+05  7.188614718436245e+05
  1.262392173100451e+09  1.056867915303542e+06  2.323268220488879e+06
  1.263157327603200e+09 -2.513247156353460e+06  4.130161951739567e+05
  1.265340078954514e+09 -1.959203211058299e+06 -1.397148478271807e+06
  1.260303610352931e+09 -1.210464681614364e+06  3.129674257869039e+05
  1.263807219431665e+09 -1.578758157981841e+06  1.167086109082574e+06
  1.261090267669300e+09  4.161831826638102e+05  1.642462233714582e+06
  1.263757581373334e+09 -8.647312363464707e+05  1.999864408849646e+06
  1.262066253597207e+09 -1.835999046303241e+06  1.290630337959683e+06
  1.263790321642257e+09  1.034304426251027e+05 -2.406271497647825e+05
  1.261284897705112e+09  1.098132520865683e+06 -1.031781332169421e+06
  1.259874933639883e+09 -8.811744762651334e+05  2.472449145446585e+06
  1.266754638937728e+09 -1.845284772023568e+06  3.038200305970465e+06
  1.262594488971443e+09  1.636882478052480e+05 -9.810608064869643e+05
  1.260775034147582e+09  5.954671128332653e+05 -2.219352383177261e+06
  1.260134102404793e+09 -3.831784151778036e+05 -2.538185543884746e+06
  1.264295114174754e+09 -6.480159214429584e+05 -1.614391330370330e+06
  1.266635541813298e+09  1.329881570602959e+06  6.608470627351303e+05
  1.263152964343562e+09 -2.262629061553547e+06  9.593741722110170e+05
  1.261034715229064e+09 -1.229384373501458e+06  1.051149385087900e+06
  1.262508726997464e+09 -2.432441406163932e+05 -3.878636264756551e+05
  1.260569330898023e+09  9.470754164596521e+05 -2.358707685475442e+06
  1.266885909174007e+09  1.049795026519085e+06  3.091267255972885e+04
  1.262774668993542e+09 -1.443082364745120e+06  3.948932186643180e+05
  1.265146686047952e+09 -1.814125967513366e+06 -9.789944622465915e+05
  1.260420081679014e+09 -1.765802659779877e+06 -1.615749477354165e+06
  1.263383338618658e+09  5.100716899977287e+04 -8.416408597082037e+05
  1.265648110290048e+09 -5.952143501985078e+05 -2.639176636136613e+05
  1.263828935077047e+09 -9.931367665444253e+05 -1.034290507836381e+06
  1.263204227884478e+09 -2.088424588477291e+06  6.646419705725956e+05
  1.261487592728972e+09 -1.924771686552182e+06  3.722937974789483e+04
  1.261345680543563e+09  1.190786735502184e+06 -3.413258306075653e+06
  1.262683936484492e+09 -8.884767242344848e+05 -4.589288919206721e+06
  1.261234286158068e+09  1.486266039023635e+06 -2.703033656628224e+06
  1.260663293203265e+09 -2.959504928903149e+06  1.567713090866745e+06
  1.262338447303906e+09  1.786114712164980e+06  3.974182233658660e+06
  1.261200458216127e+09  3.923058388008657e+05  3.713334713283794e+06
  1.266376295898467e+09  1.518007213796137e+05  2.919612785082045e+06
  1.262424226196588e+09 -6.611889809924283e+04  2.083308669404719e+06
  1.264896627151243e+09 -8.101819188170020e+05  7.218205368531219e+05
  1.262231688587056e+09  6.961137310122526e+05  2.485505169311730e+06
  1.264396525829777e+09 -1.372006607001396e+06  3.246035185643499e+06
  1.264278256824331e+09 -2.269292378251050e+05  2.559382679336396e+06
  1.264369589257837e+09  4.059296063571667e+05  1.515846016146624e+06
  1.263445945135481e+09  1.395317681404338e+06  1.629163928133036e+06
  1.262644836996232e+09 -8.026829181219977e+05  1.389691426610789e+06
  1.263573511602468e+09 -2.195645570419122e+06  1.292869921064470e+03
  1.261097805532528e+09  4.274735566325262e+05 -1.012050556005896e+06
  1.261469460063341e+09 -2.262671354496386e+05 -2.156490029136945e+05
  1.266328355836558e+09  2.088609684836288e+04  2.367150921037046e+06
  1.263157292231684e+09 -2.707361774201278e+06  2.455314442208003e+06
  1.264497462375780e+09  2.535098218649846e+06 -1.547571910268849e+05
  1.260421851919568e+09 -1.669180623630080e+06 -1.485917558820199e+06
  1.264915738716151e+09 -1.461279246583199e+06 -3.056364114824976e+06
  1.260309250211143e+09 -8.635161424487596e+03 -2.411720302742001e+06
  1.267437388213517e+09 -1.015854031672904e+06 -7.414644613880377e+05
  1.262236428668542e+09  2.187896073411151e+06 -1.774393770462105e+06
  1.264194676153340e+09 -2.405107147623798e+06 -1.617408792590090e+06
  1.260509312746269e+09  6.109734381977721e+05 -1.332221438818059e+06
  1.261014263724574e+09  3.124518614417407e+05 -1.917272210701821e+06
  1.263224735470083e+09  1.712028173052919e+06 -1.303872146618355e+06
  1.262356374018912e+09  5.313778206294554e+04  7.969375135872690e+05
  1.263760660408602e+09  3.567187532953086e+05  3.387535585078111e+06
  1.266277210493431e+09 -1.441801652722802e+06  4.155929089104535e+06
  1.261080031440814e+09 -8.940252431540287e+04  2.480589067666470e+06
  1.263647082847029e+09  1.560518027883461e+06  5.787804115364169e+05
  1.265720487516100e+09  9.450729014975205e+05 -1.074079502221780e+05
  1.264536336847601e+09  1.865183413316969e+06 -4.182083540719709e+05
  1.260515394325497e+09 -3.197395093195285e+06  6.286295508921044e+05
  1.260754188139597e+09 -1.936635628828271e+06  1.191569851214027e+06
  1.264069956224637e+09 -2.176883879012575e+05  5.000414917396594e+04
  1.262595321524802e+09 -2.257070675452331e+06 -1.391811513074137e+06
  1.263925714970265e+09  1.802046440339150e+06 -1.537198593380912e+06
  1.262281723829882e+09 -2.865444542635489e+06  9.558871461980900e+05
  1.262699462143544e+09  4.479407147179059e+05  3.773752410002489e+06
  1.261371823001565e+09  1.736733456336139e+05  2.897954273775705e+06
  1.267767888979796e+09 -1.290531102661540e+06  5.907912731014122e+05
  1.258294039924747e+09 -8.932895483856878e+05 -1.099052446283015e+06
  1.263330771203716e+09  1.897493803780131e+06 -1.522543739470970e+06
  1.260810424153176e+09 -5.435420289046648e+05  1.286127259111983e+05
  1.261612667631633e+09 -2.173939514428408e+06  2.314317779297696e+06
  1.258790671367981e+09  3.760417674707407e+06  1.953799468385355e+06
  1.264384145517412e+09  3.736258848270073e+06  1.034849149259977e+06
  1.264246614671515e+09  4.314334519932587e+05 -4.977743108569289e+05
  1.261354558492227e+09 -1.770241215990736e+06 -2.642099048479783e+06
  1.261334932157893e+09 -2.140814715222101e+06 -2.239397431674159e+06
  1.263943105677760e+09 -2.558745500153629e+06 -1.303651317944959e+06
  1.261263592954630e+09 -9.036954532755974e+05 -1.748244980151394e+06
  1.261279896567594e+09  3.797478200915612e+05 -1.305169612637816e+06
  1.262353206551718e+09 -4.149099210992103e+05 -8.568887348817480e+05
  1.262911018851270e+09  1.896900341534458e+05 -6.321752025525519e+05
  1.263329754623828e+09  4.246310475971678e+05 -7.624055613681390e+05
  1.263424666732846e+09 -2.155853814441874e+06  1.273738692488716e+05
  1.262215874585597e+09 -2.153793024892347e+06  2.977211219934704e+06
  1.261634854352385e+09  3.086538755356370e+05  3.459410773010548e+06
  1.262319241094001e+09  2.273103794048744e+04  3.156878340034739e+05
  1.263352311887197e+09 -3.919737508635485e+06 -1.100633452449990e+06
  1.267851377492275e+09  2.550779901626848e+06 -1.608869331454276e+06
  1.263041001153326e+09  1.274376407456197e+06 -2.812975929597015e+05
  1.261880777669904e+09  3.719941928572521e+05  2.715677482707510e+06
  1.259247465702812e+09  1.163269875711292e+05  1.272674483710961e+06
  1.259716962288600e+09 -1.172780553065873e+06 -1.944890976534488e+06
  1.260496101913263e+09 -3.946959559208924e+06 -2.452906313114133e+06
  1.264145316866970e+09  7.547211092644492e+05  1.601001345473602e+06
  1.264921104607739e+09 -1.643065068078891e+06  2.993257740733244e+06
  1.261479777082596e+09  5.458248292586723e+05  3.643136458619749e+06
  1.266297317777618e+09  1.395750026571589e+06  3.291691235702899e+06
  1.263028137638266e+09  7.809604144980127e+05  8.972043927039910e+05
  1.261101208703252e+09 -5.479527962473126e+05 -2.256728442567413e+06
  1.260445480539984e+09 -3.949059290617184e+06 -2.213414069494318e+06
  1.265036887863251e+09 -1.597313642587143e+06 -2.074527147052023e+05
  1.263413024781450e+09 -3.953187074557185e+05  1.168839754043123e+06
  1.264194569236774e+09 -2.043590992396341e+06  1.892020816292160e+06
  1.261453250236437e+09  2.430786301004685e+06  2.825981348560103e+06
  1.262186790101744e+09 -2.164881508992425e+06  4.029233814818534e+06
  1.263587304314901e+09  2.725979072703479e+06  4.175576837069800e+06
  1.262687816990731e+09 -8.311114959382862e+05  2.697557917025943e+06
  1.262695888819443e+09  1.520891922076676e+06  1.778584841365694e+06
  1.265704996238845e+09 -2.665843601731934e+06  1.437330541042737e+06
  1.266193294595755e+09 -1.211914102987160e+06 -1.351631054960662e+06
  1.263360477238797e+09 -4.440011020203249e+05  2.003789797266393e+06
  1.266291390245558e+09 -1.237518144320464e+06  4.560446372890288e+06
  1.263075517268318e+09  3.816977216278941e+06  1.180809293142537e+06
  1.264440712114710e+09  1.868685657937312e+06 -1.756121580998894e+06
  1.261152466287868e+09  1.587148672544826e+06 -2.785945438044637e+05
  1.265684663146751e+09 -3.641941476340686e+06  2.179443033249317e+06
  1.258931671332028e+09 -9.206583904254310e+05  3.212515921461928e+06
  1.259311560825347e+09  4.253984736578502e+05  1.347652729899894e+06
  1.260417517724880e+09 -1.098539705735703e+06 -2.119136277541015e+05
  1.266956048221096e+09  4.296099598603151e+06  4.904972598022506e+05
  1.264063929959804e+09 -3.307450589990420e+05  1.276034339352572e+06
  1.265573441340806e+09  1.579781417514611e+06  2.517652842334054e+06
  1.265028956921598e+09 -2.366948384565353e+06  9.555619109572903e+05
  1.265607683902524e+09  2.770186575929966e+06 -2.078166174353404e+06
  1.262582961002791e+09 -4.566067928567193e+05 -2.228429662760485e+06
  1.267230557082547e+09 -2.911874974409626e+06  1.214256682114775e+06
  1.262045565956429e+09  2.018343387937013e+06  2.741818335018230e+06
  1.263794781397199e+09 -1.303333253665272e+06  4.023699292612738e+06
  1.265387385989659e+09  3.846572219372225e+06  3.874516214875469e+06
  1.258971264803205e+09  1.398720635487790e+06  1.412919968480519e+06
  1.263106835066755e+09  2.299500557127234e+06  7.318688305265268e+05
  1.264007211514699e+09 -1.889120104709966e+06  1.725491354779327e+06
  1.264072673598201e+09  2.745315346853040e+05  1.980622979428746e+06
  1.264091990714204e+09 -1.215849078134657e+06  2.619232683529148e+06
  1.260770091708942e+09 -3.518201372066025e+06  3.129674056599218e+06
  1.265843484042750e+09  4.215081979363106e+06  2.974829717112261e+06
  1.263937796366516e+09  3.384434068612408e+06  2.949578429327479e+06
  1.261328095852249e+09 -8.856187450487879e+05  2.251926000376480e+06
  1.265698345334528e+09 -4.614397198732836e+05  5.141074350276452e+05
  1.263338203559043e+09  1.342285716481996e+06 -1.930533874105474e+06
  1.263128046700945e+09  1.001233539960761e+06 -1.630364455903330e+06
  1.261446598100264e+09 -1.312812777766635e+06 -2.421961045350266e+06
  1.263711834500914e+09  1.191986448731197e+06 -1.670782813804128e+06
  1.264017654849774e+09 -4.536204850300952e+05 -6.745591905299030e+05
  1.262565649251152e+09  2.640331576002391e+06 -1.199569882923999e+06
  1.260747516626347e+09  4.855723968671490e+05 -1.455778004394674e+06
  1.262611706843167e+09  1.165109838139701e+06 -1.049334283204647e+06
  1.266801161237466e+09 -1.164217692695365e+05  3.378128139212280e+05
  1.259652054576508e+09  2.210095919397139e+06  3.173293793248509e+05
  1.266046693554678e+09 -2.877474904456090e+06  1.135489862658211e+05
  1.262640199524030e+09 -4.193899336904436e+06  9.442318345703242e+05
  1.263107384068229e+09  1.320110228857832e+06 -1.874340035723263e+05
  1.263363258507788e+09  1.633687541617134e+06  5.793629557744465e+05
  1.263822887298939e+09 -2.356865019303159e+06  2.844815937095135e+06
  1.261592275407076e+09  2.017846622221909e+06  3.181019119565240e+06
  1.264710596464525e+09  7.487213290578090e+05  2.563974500268163e+06
  1.261581080356669e+09  8.446794437013108e+05  1.816368440281344e+04
  1.264249888282868e+09  1.304029145380689e+06  3.631307282788135e+06
  1.265609214081607e+09 -3.038247272983260e+05  2.516186459088364e+06
  1.262169513580854e+09 -3.847037336913789e+06  2.612734088657394e+06
  1.264128980636445e+09  1.151283002029312e+06  4.957818538773964e+05
  1.263677708678088e+09  1.607426093632244e+06 -2.861129469250086e+06
  1.260340911625533e+09  6.236924924921295e+04 -2.279352028235960e+06
  1.265186057009841e+09  1.268127430894181e+06  1.563860567865460e+05
  1.266774776890285e+09  1.854360641946879e+06  1.299667309160239e+06
  1.261242213230322e+09 -3.740844669946024e+06  2.392934819443467e+06
  1.260512247221839e+09 -2.952944300642198e+06  1.603794759832087e+06
  1.265288616477044e+09 -1.094000458937823e+06 -1.443307234261725e+06
  1.263095398138327e+09 -1.735279691784024e+06 -1.978493823836937e+06
  1.263374436273817e+09 -2.763029360311206e+06 -8.377055199769295e+05
  1.264441773758348e+09  8.062987925629809e+05 -1.438202731196414e+06
  1.259703778852654e+09  1.724691184552585e+06  2.611819916802861e+05
  1.267948739464162e+09 -1.316040979041686e+06  3.693020217178094e+06
  1.264315523929474e+09  1.192260029571452e+06 -8.334173325942911e+05
  1.263704581694450e+09 -1.357186639518906e+06 -6.343089887745708e+05
  1.264103752513617e+09 -7.924083701263972e+06 -6.647796654113524e+05
  1.263716584122338e+09 -5.880081356921222e+05 -8.702064941300247e+05
  1.266381465565711e+09  2.057577626907886e+06 -2.447825345589749e+06
  1.265966397921967e+09  9.885993995813691e+05 -4.145239861902836e+06
  1.261350866531207e+09  3.745848725908024e+05 -3.072061065314878e+06
  1.261988094353911e+09 -1.071693834657729e+06 -3.241098681834927e+06
  1.264571002515414e+09 -3.765862016331030e+06 -4.536377369329107e+06
  1.264851325965226e+09 -7.894101775587632e+05 -2.795982777925677e+06
  1.264640652645056e+09 -3.694804336531935e+05  5.570534569766624e+05
  1.265403061112824e+09 -4.395632297104426e+05  1.153116610306008e+06
  1.261367655097217e+09 -4.169203789021189e+05 -1.496921551432503e+06
  1.262010862611530e+09 -8.262659724462323e+05 -3.430260277688419e+06
  1.264238770733286e+09  2.628668352708058e+06 -1.988062719906930e+06
  1.262298699052885e+09 -2.652081553440563e+06 -5.184111206523014e+05
  1.263985298630052e+09 -1.719598818931598e+06  4.273912822930041e+05
  1.265036841443065e+09 -1.322365147409390e+06 -9.834986375521088e+04
  1.261827890358214e+09 -6.140915603177547e+06  2.356047514181224e+06
  1.260819487760712e+09  1.288097947740810e+06  2.610446715279928e+06
  1.262384370305007e+09 -1.963081149289056e+06  8.932626485584113e+05
  1.268038086996809e+09  5.496037815600845e+05 -6.217728664950163e+05
  1.262125898615977e+09  3.584710565365640e+05 -1.522705489847011e+06
  1.260890417681084e+09  3.167666499786151e+05  4.111882283060993e+05
  1.261956333091493e+09 -1.479825057774838e+06  3.351302780403581e+06
  1.265492131548041e+09  1.317637242717292e+06  3.448727521575881e+06
  1.261352571885477e+09  5.200414776768124e+05  1.828083784375431e+06
  1.261992981687646e+09  2.592706069867249e+06  6.105474239401909e+05
  1.266071467004111e+09  4.981393848044472e+05 -1.771912894481746e+05
  1.263398046451580e+09 -3.941924552074831e+04  8.832676897894931e+05
  1.260270482065621e+09  2.367392799127929e+06  3.151986208246381e+06
  1.263535678778598e+09 -1.769587585556805e+06  3.064122590120447e+06
  1.267743194091898e+09 -2.493095789507545e+06 -1.909905924380063e+06
  1.261487770190424e+09  1.219741695413389e+06  2.691124166040396e+05
  1.262807941262833e+09 -1.583866610119145e+06  1.957603480244397e+06
  1.260241595397398e+09  3.247983763783500e+06  4.243130542632276e+05
  1.258806555563048e+09 -3.085376193065740e+06 -1.333771488503635e+06
  1.259156827345096e+09 -2.398253832077341e+06 -1.283409115761608e+06
  1.260990072421830e+09  2.166499788840002e+06 -8.563092662442822e+05
  1.266558091783332e+09  2.012251273075464e+06 -1.528440693567103e+06
  1.260591434869640e+09 -9.120465693076811e+05 -1.625150849769329e+06
  1.265189890700475e+09  7.997727013521674e+05  1.267064110884000e+06
  1.259006686239053e+09  8.976672547765694e+05  1.548133578455409e+06
  1.262541254571012e+09  3.372391946245381e+06  2.598284680656433e+05
  1.265872797400486e+09 -1.158563776599401e+06  1.676795305048284e+06
  1.263203726073513e+09  9.585997897358873e+05  2.882640819515375e+06
  1.265333320252434e+09  1.293393162171233e+06  2.312910334817443e+06
  1.261463952529629e+09 -1.800678560205035e+06 -5.208038903359693e+05
  1.262009788299491e+09 -1.599324941143468e+06 -1.786503260564631e+06
  1.260978770566307e+09  1.081236998289348e+06 -5.060161422830148e+06
  1.260712517878943e+09  7.164328704401708e+05 -4.165585395035370e+06
  1.264775569842915e+09  1.605255385775289e+06 -2.058121943759602e+06
  1.262969444046990e+09  6.455497839962898e+05 -1.056746468567805e+06
  1.261222476205502e+09 -4.407604727853715e+06  4.238266618307813e+05
  1.262477044641204e+09  3.089024437801090e+06 -4.760161177516037e+05
  1.262349384133637e+09  1.992945348851135e+06 -3.207309505668313e+06
  1.264621434276931e+09 -1.405321782774423e+06 -3.690245541459444e+06
  1.263308429477472e+09  4.652942426737403e+05 -2.898072596253481e+06
  1.265161694787325e+09  1.615733891156971e+06 -1.146188922330834e+06
  1.261259596499556e+09  1.392214726329292e+05  7.998830301276090e+05
  1.267050908651390e+09 -1.601096299299757e+06  3.871474164653872e+05
  1.263476197116837e+09  9.234275551485189e+04 -1.487448663379714e+06
  1.258829930448263e+09 -1.395647275522401e+06 -8.461299275580242e+05
  1.262743414513666e+09 -1.611446863918800e+06  7.071362231297151e+05
  1.264096102469508e+09  2.003486869381700e+06 -4.304302485887759e+06
  1.262199947965387e+09  3.114959347063328e+06 -2.734384274231900e+06
  1.264627427012113e+09  2.780945785152946e+05  4.755924702859487e+05
  1.263423321408014e+09 -4.807327219893946e+04  8.970159366655605e+05
  1.267203710696566e+09  3.480725602685709e+06  1.356803930293512e+06
  1.261689994603333e+09 -1.679556571959531e+05  2.161829994398416e+06
  1.262783827157869e+09 -1.864762421119247e+06  6.929423140346687e+05
  1.260382184465410e+09 -1.436194224562467e+06 -7.952798871305267e+05
  1.263006377221553e+09  2.735037753181063e+06 -2.098637244320315e+06
  1.262378146134946e+09 -8.168205922311462e+05 -3.936880700592227e+06
  1.263807113341793e+09  2.666303424619884e+06 -2.342776039132656e+06
  1.265927826978046e+09 -2.534661104805084e+06  2.109832857001895e+06
  1.265627671882000e+09  2.301343488688242e+06  2.208716620417420e+06
  1.259145337796301e+09  7.389532272465248e+05 -1.250778639767800e+06
  1.261553111507590e+09  1.777200883265766e+06 -1.764954250135762e+06
  1.261590556685313e+09  1.306243475330730e+06 -2.227969970786247e+06
  1.261992398969973e+09  3.337941897486204e+06  2.956352554983204e+06
  1.264698903887790e+09  4.030348156362024e+06  1.833575319452867e+06
  1.264959774123597e+09  1.870078440855014e+06 -9.405072345354914e+04
  1.262753627102820e+09  1.331917745857525e+06 -3.011963630305046e+05
  1.261046026741994e+09  3.294622395999653e+06  6.498724223846362e+05
  1.261512804223090e+09  7.579533800980576e+05  1.838117481214536e+06
  1.263670504886648e+09 -2.353232228970272e+06  1.770880120955660e+06
  1.262030050240074e+09 -2.862132567766018e+06  1.808673646449750e+06
  1.260622151742844e+09  2.530594133036752e+06  1.803994529301943e+06
  1.265164596208143e+09 -1.427474190751157e+06 -1.297600932779860e+05
  1.261335262212781e+09  1.226499932735865e+06 -1.352953381035045e+06
  1.263016572916371e+09 -2.965336823777855e+06 -1.410720361853582e+06
  1.259756345377625e+09  1.201048750135483e+06 -3.270620255268187e+06
  1.259849644454338e+09  1.487419672468191e+06 -4.353244735350957e+06
  1.257830672782732e+09  1.056062517853333e+06 -2.539476883818441e+06
  1.268299703690055e+09  2.033897656367264e+06  6.385534904459311e+05
  1.264098915935731e+09  3.068629390724248e+06 -1.800977224353987e+06
  1.265332724021784e+09  2.015462735455693e+06 -1.068403353831371e+06
  1.261527457179273e+09  3.002293401890272e+06 -1.065758981954875e+06
  1.261955868601692e+09  3.108533014517899e+06 -3.771108687615560e+06
  1.264838748942882e+09  3.500551828316720e+06 -1.501405787192165e+06
  1.266055270429119e+09  1.172544672790496e+06  2.075266927845692e+06
  1.262709016048282e+09 -2.576286552956102e+05  9.631978206889018e+05
  1.261270955068939e+09 -9.884299942281782e+05  2.245256553351270e+05
  1.261373530623153e+09  1.142430445418302e+06 -1.633538570102569e+06
  1.263023989652194e+09 -2.896197803176583e+06 -1.932333616377090e+06
  1.262706601008483e+09  4.980692021034539e+05  2.366228948798603e+06
  1.262203435759245e+09 -1.828580822044231e+06  3.991905502721814e+06
  1.262292832965886e+09 -3.331203313388700e+05  2.875619987417989e+06
  1.260141309775122e+09  2.868695995874163e+06  2.542712726634975e+06
  1.266920639125923e+09 -1.010020466002252e+06  2.047750891758613e+06
  1.262171505878885e+09  2.086515327056651e+06  1.885519303473408e+05
  1.265620502245856e+09  2.046793254122685e+06  1.946020564792784e+06
  1.260762290057996e+09 -4.638768986876416e+05  2.698775002774591e+06
  1.263318034242389e+09 -4.549513444862086e+05  1.980930679916504e+06
  1.266968002450775e+09  1.310085854491490e+06  5.384815749849766e+05
  1.261795496113299e+09  2.226578235407282e+06  1.651014769856483e+04
  1.263904096043547e+09 -1.029987484516943e+06  3.947060274736293e+05
  1.261562000351701e+09  8.299531056276059e+05  5.522936870393890e+05
  1.261457097696638e+09  3.475875828569824e+05  6.884042176503763e+05
  1.261922118638493e+09 -1.616796836807824e+06  3.063303590517911e+05
  1.263518303196961e+09 -2.436451180253335e+06  4.220795345824417e+05
  1.264909387214956e+09  1.714053842047989e+06  2.740527265882914e+06
  1.265708032592927e+09 -8.535693579849389e+05  3.319706536143101e+06
  1.265790436062547e+09 -1.805396498147537e+06  2.045063579833723e+06
  1.260289432689873e+09  2.407261867417335e+06  1.969563168189966e+06
  1.264684590883285e+09 -1.519523214075830e+06  7.880237110899007e+05
  1.260681186915869e+09  1.284350601038647e+06  3.439839335065272e+05
  1.267759597354562e+09 -8.330944813382663e+05 -1.414253733591099e+06
  1.262150862585029e+09  1.000920768726123e+06 -7.338091362949718e+05
  1.263844156557544e+09 -2.399340633430114e+06 -2.589627482395539e+05
  1.261922811119202e+09 -1.887584363592854e+06 -5.190790044844490e+05
  1.261671445480268e+09 -1.654609301409451e+06 -9.700112110431270e+05
  1.263345806280274e+09 -2.687603955398466e+06 -2.079991098839098e+06
  1.259963899147097e+09 -7.488857439587935e+05 -1.681177521001183e+06
  1.264610049066874e+09  9.835954646381905e+04  2.687356452222705e+05
  1.266628557006099e+09 -2.362031001775718e+06  2.197497996554744e+06
  1.265147923435977e+09 -8.195464040867662e+05  3.153379346050507e+06
  1.262574331298234e+09  2.036125099592690e+06  2.269850675091442e+06
  1.262991009243553e+09 -1.528283953291283e+04 -6.012154189356661e+04
  1.264529856286647e+09 -2.668372420475218e+06 -1.722895398793278e+06
  1.261909489434159e+09  1.028784949986797e+06 -1.748111310599406e+06
  1.261122555194978e+09  9.722056942440751e+05 -8.505280353267045e+05
  1.265938768355659e+09  2.698651076202995e+06 -7.114828755100094e+05
  1.264271702533850e+09 -2.595286455357446e+06  2.688320826919518e+05
  1.262125803285056e+09  1.867619430683688e+06  3.025873467753650e+06
  1.262472635758564e+09 -1.537609942447795e+06  3.695112170479493e+06
  1.262774033452163e+09 -8.085321072000202e+05  1.267505069562303e+06
  1.262012191046958e+09 -4.242827328881651e+06 -1.041197920372994e+05
  1.267694237675019e+09 -5.269901273022303e+05  1.873419360340369e+03
  1.261322322594657e+09 -1.938410755005846e+05  1.121220982133320e+06
  1.264999197739985e+09 -2.804604909505432e+05  1.749722334142973e+06
  1.260960390889531e+09 -1.966634508428123e+06 -5.105970455774076e+05
  1.263473188437611e+09  1.129813859383014e+06 -2.854026421938798e+06
  1.261733258050790e+09  1.819544642055341e+06 -1.617477330223701e+06
  1.263172992178718e+09  2.123822403084079e+06  8.680009471914138e+05
  1.263296725048333e+09 -1.462505941238755e+06  9.581881354875026e+05
  1.259256762423231e+09  7.740083548117372e+05 -5.358243326499460e+05
  1.260466238314926e+09  5.428204492558496e+05 -1.496582137777985e+06
  1.262564129616369e+09  2.546540389146900e+06 -1.208547418247629e+06
  1.263111300790665e+09 -1.590999927705156e+06  8.883714087260057e+05
  1.262798760628407e+09  6.922567168122692e+05  2.241645695066249e+06
  1.265749189271072e+09 -1.509954429165717e+06  2.586964299030727e+06
  1.261928799893553e+09  2.861383393786459e+05 -3.922290194188368e+05
  1.264011590084962e+09 -3.154926100011079e+06 -8.524311278944784e+05
  1.261200969145960e+09  8.682933625012997e+05  1.529990782567168e+06
  1.260099792282475e+09  9.866501274194703e+05  8.123049410550025e+05
  1.261288426619028e+09 -1.082102684450399e+06 -4.881590152779873e+04
  1.263598389588711e+09 -1.387682733671037e+06  1.286212882266080e+06
  1.265862809700562e+09  2.476732376718639e+06  9.972142916101235e+05
  1.265878904787432e+09  2.308142073333707e+06 -5.329421250432072e+05
  1.263218253659505e+09  3.725670197188195e+06 -1.169971376826077e+06
  1.261490975787337e+09 -1.853621883071639e+05 -1.082068600821108e+06
  1.261146257846509e+09  8.367822799144024e+05 -2.491202264852584e+06
  1.259487614262378e+09 -2.982540877339188e+06 -2.276625948759616e+06
  1.262467025773458e+09  2.962953092002554e+05  1.631535219403832e+05
  1.265222146736442e+09  1.376708688273330e+06  1.043776021545944e+06
  1.265848458919308e+09  8.790577929231309e+05 -2.111917362000715e+05
  1.260930898628294e+09 -4.663409944747242e+05 -4.075411141580870e+05
  1.266977520976849e+09  6.504989064311408e+05  1.172751703583394e+06
  1.263364378515890e+09  1.128269089134581e+05  1.967364926009337e+06
  1.260851480418824e+09  6.961065861333762e+05  1.201926215283635e+06
  1.260361168935375e+09  1.229326827372085e+06  7.448216730981781e+05
  1.265329116839460e+09 -1.446385922695693e+05  1.092810872735479e+06
  1.263297314562418e+09 -1.634055257534376e+06  4.166352585272351e+04
  1.265336787080632e+09  1.323443807568359e+06  3.690647109843701e+05
  1.258957269632463e+09 -4.018519533780622e+05  1.770856209204126e+06
  1.262313694964723e+09  2.710450978351975e+06  4.747152182457969e+03
  1.266257621017171e+09 -4.159906070928488e+05 -1.765319102856776e+06
  1.266207954030889e+09  1.642691286690658e+06 -1.661133351071976e+06
  1.261777285779062e+09 -2.046371932379013e+06 -8.410457233427544e+05
  1.263683797981549e+09 -7.837534946620592e+05  5.856008478554201e+05
  1.268620378895019e+09  3.529825898573227e+06  1.867830376435454e+06
  1.262328834659733e+09 -1.790681535582143e+06  2.898409682520663e+05
  1.265183682232516e+09  5.953331205514292e+05 -2.015319441538787e+06
  1.263240300299159e+09  1.235877161177290e+06 -1.213889959922913e+06
  1.264841103126120e+09  1.892328723886356e+06  8.788884890234220e+05
  1.262332241077770e+09  2.030351102220322e+06 -1.036417867164663e+05
  1.267614487103573e+09  1.066829614114736e+06 -3.039135576772239e+06
  1.260056645341140e+09  5.823647999155256e+05 -2.496457048029435e+06
  1.260202871148062e+09 -4.630503408699209e+06 -3.478594055178438e+05
  1.258544998470890e+09 -7.710983637277952e+05 -3.910857420395483e+05
  1.262086209425626e+09 -3.418010738160877e+06 -1.898641256886755e+06
  1.263601159690246e+09  3.187716634699967e+05 -7.433968205957526e+05
  1.263494999608617e+09 -5.287437604342939e+05  4.624734774905745e+06
  1.264905103535549e+09  2.073924005766513e+06  5.179546287407260e+06
  1.267399294680998e+09  3.349304794193164e+05  9.928674253890867e+05
  1.263446233753418e+09 -1.488781039666915e+06  5.424494866829111e+05
  1.268718999135990e+09  1.289234033617583e+06 -1.609886862697921e+06
  1.262544264905684e+09 -5.980767901857020e+06 -1.589956382583675e+06
  1.265455422557154e+09  4.059429447801049e+05 -1.329552573109976e+06
  1.265438315516648e+09  2.775455435672981e+05  3.356662639991095e+04
  1.260509292636868e+09  1.539257006778613e+06  3.972088068512476e+05
  1.261767297145339e+09  1.627540493305526e+06 -2.836750511573830e+05
  1.262412438268039e+09  2.261353862784762e+05 -1.438413651791762e+04
  1.263326406285785e+09 -2.017570147969414e+06  1.056810473240778e+06
  1.264343172196572e+09 -4.313587026921906e+06  1.194848312080385e+06
  1.259130812801924e+09 -1.344520957359697e+06  1.556543827009548e+06
  1.266152727716673e+09 -1.776334121164454e+06  3.054688926635685e+05
  1.264363900355201e+09 -3.467667559753073e+05 -1.570751305568318e+06
  1.261392810279968e+09  8.402126582217566e+05 -1.203858816620835e+06
  1.263621788297032e+09  1.909166061584872e+06 -5.792796095611203e+05
  1.265082165504965e+09 -6.947811382736686e+05 -9.944785172016370e+05
  1.263509110657700e+09 -2.290233114413674e+05 -1.877893472332858e+06
  1.261062065964588e+09 -2.449795377243266e+06  1.297186129177281e+06
  1.265230023647830e+09 -5.565428861485797e+06  4.619115035178423e+06
  1.263238171495618e+09 -1.893119333733205e+04  4.627393938963971e+06
  1.260706230089411e+09  2.963464027443773e+05  2.149968606561996e+06
  1.263197359433187e+09  1.661646961245477e+05  4.824054094659734e+05
  1.259936960489976e+09  3.341054143280969e+05  4.711699283000390e+05
  1.263705741084526e+09 -1.049597093037874e+06  7.233168546544814e+05
  1.259871252456780e+09 -3.497377886262223e+06  3.547067716858850e+05
  1.261982373814080e+09 -1.174060796487916e+06  1.489188124710179e+06
  1.266556131060621e+09 -8.874813430223223e+05  3.840261738865280e+06
  1.261625980711430e+09 -3.125013314837512e+05  2.672962001026350e+06
  1.264931690489338e+09  4.594615231901856e+05  2.605173185483973e+05
  1.263450880044300e+09  2.448372829817509e+06  5.369108886229288e+05
  1.261768942685142e+09  1.601474627680852e+06  9.533180890036112e+04
  1.261011051289873e+09 -1.204054897648401e+06 -2.512105163725057e+06
  1.263445172728035e+09  1.667045303186605e+06 -2.473813025144564e+06
  1.262211683483212e+09 -2.487608673667620e+06  1.465844268746579e+06
  1.264671943895611e+09 -3.513225062150152e+06  3.717463996542066e+06
  1.260494987318215e+09  5.762838917619169e+05  7.058782792429067e+05
  1.263683572511056e+09  1.044401694426131e+06 -1.260202933848874e+06
  1.266502799306063e+09 -1.139099916546978e+06 -3.854085814920344e+05
  1.260756857745766e+09  2.246508440296589e+05 -4.357635792220866e+05
  1.266065739204936e+09 -2.051695130792582e+06 -1.043143364604912e+06
  1.266096865374958e+09 -1.981227064391612e+06 -1.578357678773670e+06
  1.263371137525592e+09 -1.435976844707336e+06 -2.295639816360993e+05
  1.262298142209910e+09  7.206034911774618e+05 -1.512841168011944e+06
  1.263734255546762e+09 -9.958299125999331e+05 -4.329273011727309e+06
  1.261842940434169e+09  4.513942411523204e+05  9.966333517650506e+05
  1.263863979247599e+09  1.523840225091682e+06  6.702748019189964e+06
  1.265839795773663e+09  2.541672068196647e+06  3.221542614555259e+06
  1.259682351029645e+09 -7.459769385440509e+05 -5.646902400278011e+05
  1.263246713969557e+09  2.624929231304881e+05 -8.260832153152979e+05
  1.263742439592581e+09 -2.456956575339227e+06  3.843040226041465e+06
  1.265211645392873e+09 -3.312117371462029e+06  4.694207283247457e+06
  1.262584100335273e+09  1.456164063813119e+06  3.353095051223459e+06
  1.263480875750500e+09  8.099726384461841e+05 -1.092494323048639e+06
  1.266241588485129e+09 -8.954103047460695e+05 -3.245269498809740e+06
  1.264855450859622e+09  1.220767196004719e+06 -1.967574650813295e+06
  1.263438704654653e+09 -1.184978161748855e+06 -1.270460912265692e+05
  1.263285205163466e+09  1.248307340386374e+05  2.252898633724837e+06
  1.262457283856772e+09 -3.077139648914128e+06  2.430768541845473e+06
  1.265382945174775e+09  2.583154166895512e+06  7.257415010618226e+05
  1.265970464556179e+09 -6.304768555384318e+05  7.304577510809827e+05
  1.266239258823978e+09  6.716715281486348e+04 -2.763328440655756e+04
  1.261535455834852e+09 -6.726527420501908e+05  2.793673939836998e+05
  1.262616092900719e+09  4.780939756910156e+06  2.577852748958217e+06
  1.262985427558033e+09 -1.277238657064009e+06  3.740405949558061e+06
  1.262007469366249e+09 -7.815370959050962e+05  3.841821414970816e+06
  1.264103323822275e+09 -3.226594143861104e+06  1.771855446884188e+06
  1.264956228479148e+09 -3.320625498407352e+06  2.254062166109459e+06
  1.264338313527985e+09 -1.125462034416234e+06  3.698088740396625e+06
  1.261159266326859e+09 -2.383045568000897e+05  2.592070853816324e+06
  1.262204052791375e+09 -3.359188757678897e+05 -1.112506528672985e+06
  1.267106617078687e+09  1.728333040084667e+06 -1.063556244293031e+06
  1.263306123429724e+09  3.697417891246630e+05 -6.096816211444660e+05
  1.265246738494925e+09  1.252409524532147e+06 -1.468807885296759e+06
  1.260938333228936e+09 -1.932198262487327e+06 -8.991888113557318e+05
  1.264062306866068e+09  2.865065680876799e+06  3.285601799681906e+05
  1.261987985076971e+09 -2.338822510686419e+05  1.870310043276937e+06
  1.264088644866035e+09  3.043469642430587e+05  2.907728469104435e+06
  1.267038954580478e+09 -4.187844302459843e+05  3.312121658136756e+06
  1.263910406609150e+09  3.315189728730180e+06  3.393467612447236e+06
  1.258739011083982e+09 -2.718409065813666e+06  2.299267127115852e+06
  1.261327530739316e+09  8.789861168932804e+05  1.386740902780340e+06
  1.266484303173968e+09 -2.448060860449644e+06 -6.706538795714393e+05
  1.265191727343434e+09 -6.386015658386110e+05 -4.068534062504835e+05
  1.264136298663371e+09 -3.144074443563367e+06  2.346621371192191e+06
  1.262036253598665e+09 -8.575125580550641e+05  3.230311954141262e+06
  1.256933862003395e+09 -4.291919677870489e+05  3.819794630547881e+04
  1.260842330413028e+09 -7.209102549498365e+04 -1.697673416491645e+06
  1.263131761234366e+09 -5.659171452607212e+05 -1.490053742818636e+06
  1.267768744794286e+09  9.382266125248767e+05 -7.692280072727675e+05
  1.257973500253688e+09  9.241235560169512e+05  7.017797068964283e+05
  1.264303000201730e+09  4.880083977664278e+05  2.994406958102721e+06
  1.262278819608935e+09 -5.457682074742988e+04  3.862354821105833e+06
  1.263206896587607e+09 -2.916039412453388e+05  2.276318525373817e+06
  1.263766667331863e+09  1.361486528550836e+06  1.483213735920958e+06
  1.263652577284762e+09 -1.256842883460617e+05  1.219225242666641e+06
  1.262517715670995e+09 -1.996000002120269e+06  7.774683893431205e+05
  1.261471285959381e+09  1.270764898450357e+06  2.024204981049780e+05
  1.263777347288857e+09 -9.181536640094474e+05 -7.070894812149800e+05
  1.263827949858872e+09  2.018240214823442e+06 -1.074344738481737e+05
  1.261728909670018e+09 -1.008356496298415e+06 -2.572879830253264e+04
  1.265962092084010e+09 -6.239157183547765e+05 -1.391117291435263e+06
  1.262239759344973e+09  1.450194751155258e+06 -2.488055556876529e+06
  1.263527041245226e+09 -7.791956220758215e+05 -1.465595899644811e+06
  1.261228792946045e+09 -1.674678152026270e+06  2.404542257909866e+05
  1.261022722039927e+09  4.257086593976726e+05  2.832040153297235e+06
  1.265081817126351e+09  2.538828768919042e+06  4.376176027926414e+06
  1.263933523898125e+09 -1.473730075507139e+06  4.465033417045858e+06
  1.264726236733083e+09  1.740873875089807e+06  4.240371854921133e+06
  1.261916102991794e+09 -1.523399820057868e+06  2.957871991566663e+06
  1.264396317138025e+09  2.260527247727775e+06  1.031075565419564e+06
  1.262286886094862e+09 -2.735384848663075e+05  5.331603183117699e+05
  1.258301240582315e+09  7.406614787326553e+05  4.058438803066001e+05
  1.262094885655689e+09  1.061706373383509e+06 -7.509104973233050e+05
  1.265984815517746e+09 -8.369113735799605e+05  1.125767802458910e+06
  1.262758687307811e+09  1.246942695212568e+06  2.099065570097094e+06
  1.263349360623222e+09  1.831482562699756e+06  8.305182662759662e+05
  1.267885317789979e+09  1.872725631952607e+06  6.231660156375363e+05
  1.266214729475468e+09  4.298676327315818e+05 -5.963531447934224e+05
  1.259367461067514e+09  2.938787867454613e+06 -1.746497102828492e+06
  1.264315514878667e+09 -5.456683507175698e+05  2.189093055410834e+05
  1.260582501115018e+09 -8.987780219889693e+05  1.368998413323945e+05
  1.261569253143828e+09 -2.623113444801328e+06 -1.925900470804447e+06
  1.264122036367778e+09 -3.615833879786699e+05 -2.779645754275772e+06
  1.263323714486834e+09 -2.727990967234578e+06 -4.659733694735950e+06
  1.265458747315835e+09 -1.400387215738355e+06 -4.690056654227381e+06
  1.263066347697918e+09  3.082578532136428e+05 -1.097217266139420e+06
  1.260552998472608e+09 -4.941427436187284e+05  3.542028818005929e+02
  1.258890734925552e+09  9.824148438885363e+05 -1.157752319909401e+06
  1.261996506831572e+09  1.960657922904497e+06 -9.050476407231160e+05
  1.261264084186221e+09 -1.060767192250249e+06  5.380826592421425e+05
  1.261989485042667e+09  7.180373371488510e+05  1.969301106495704e+06
  1.265964899259204e+09  1.686915892840313e+06  4.298685615386900e+05
  1.264197352015172e+09  2.330554630849655e+06  1.089753575101004e+06
  1.261725035895144e+09 -3.663437217507512e+05  1.881129181599082e+06
  1.260113545680974e+09  3.572893030689997e+06  2.614907177558907e+06
  1.260099696334759e+09 -2.838725063387167e+06  2.357150393181141e+06
  1.262631828857099e+09 -1.979156617507692e+05 -7.741677551058169e+05
  1.261881210657990e+09 -2.335314355602536e+06 -6.618242556082807e+05
  1.264509095677098e+09  1.097746208436239e+06 -1.080777503418568e+06
  1.260432543444685e+09 -1.338769505689222e+06 -3.850865336150917e+06
  1.263080221964208e+09  1.192258925147740e+05 -4.021938196071486e+06
  1.259958454348398e+09  5.045388275764295e+05 -1.556396573239307e+06
  1.260545636063321e+09  1.442547899356858e+06  1.128752816365880e+06
  1.258211616119421e+09  4.572194721570250e+05  8.269078028127132e+05
  1.267591590653162e+09  8.782426436433183e+05 -9.617787875514636e+05
  1.262938848634766e+09  5.072233924817575e+05 -3.853330933015524e+05
  1.260850687986116e+09 -2.864334143895635e+06  3.007956293467043e+06
  1.260759711655972e+09  7.542898838629853e+05  3.731516807967923e+06
  1.261898602076688e+09  3.424604016124997e+06  1.626895373792928e+06
  1.263360283663920e+09  8.457210087281440e+05  1.316247042364512e+06
  1.265560861238033e+09  2.411460947192027e+06  2.220771594891374e+06
  1.263296694036195e+09 -1.432639990216900e+06  2.483555388462550e+06
  1.259766717575579e+09 -2.934873282444336e+05  1.834266603683518e+06
  1.262898935561565e+09 -8.178150666989889e+05  5.719905262108478e+05
  1.264523090553426e+09  7.776711416900986e+05 -1.182897784189273e+06
  1.264050573315153e+09 -1.398758183060172e+06 -1.598707488497156e+06
  1.264198487959528e+09 -5.982698588964008e+05 -1.841711839078171e+06
  1.262308020332377e+09 -1.071245240679490e+06 -2.442510217558505e+06
  1.259848865622443e+09  3.103227749077028e+05 -5.267266928304565e+05
  1.264227245868595e+09 -8.936775557567735e+04  1.820738773117492e+06
  1.262540964618632e+09  2.401878497100716e+06  3.589441890292297e+05
  1.264097353296425e+09 -8.263962103974426e+05  5.375429260697884e+05
  1.259627401248096e+09 -2.951610309035116e+06 -7.241801519421340e+04
  1.263267290499412e+09  1.682982490025840e+05  2.521454131334338e+05
  1.266396466028036e+09  1.543039794594602e+06  9.263028781798678e+05
  1.262193609441084e+09 -1.090757629480570e+06  1.068288798879547e+06
  1.263605849617381e+09  7.072897245381693e+05  4.595775428319525e+05
  1.262913544518480e+09 -1.969750660475553e+05  4.857082009139357e+05
  1.259390819232094e+09 -9.870841125724431e+05  5.209160106972614e+05
  1.262635975149398e+09 -1.037566763503933e+04  8.148656890778673e+05
  1.265884305860049e+09  6.931275347878848e+05  1.313783494264145e+06
  1.263436168514818e+09 -7.366896018000173e+05  1.166676935982174e+06
  1.265977938250947e+09 -1.528586381499433e+06  8.629977605899761e+05
  1.266007038601348e+09 -2.648037834928265e+06 -4.656604953897150e+05
  1.261250554835760e+09  9.466646751866635e+04 -1.386411595371647e+06
  1.260965454095514e+09 -5.454177319563067e+05 -2.048633199323651e+05
  1.262598689477107e+09  1.365773242154820e+06  1.029956072736611e+06
  1.266109078264072e+09 -2.504441594729515e+06  2.585814572945766e+06
  1.262207219456493e+09  1.506235087905624e+05  5.810665992699679e+06
  1.261282035500384e+09 -2.238291550891945e+06  4.815909732620378e+06
  1.264253753109842e+09 -2.382423708544579e+06  1.483609482713643e+06
  1.262775111133350e+09 -2.790966403436633e+06 -1.279295468170221e+05
  1.264186252932710e+09 -2.951556607508395e+04 -1.121585589407630e+06
  1.259296309339635e+09 -9.535979030264412e+05 -1.411666130787368e+06
  1.265198280228461e+09 -1.582867431339046e+06  1.275365489481748e+05
  1.265742722581730e+09 -8.479723563541203e+04  4.073824496677809e+05
  1.265563500272565e+09  1.669502193622095e+06 -7.266927757482675e+05
  1.259180592094238e+09 -4.446688384635438e+05  5.392875845117229e+05
  1.262237081843029e+09 -1.085539954296231e+06  2.112588426681944e+06
  1.262549985856777e+09 -3.632189873698540e+06  1.085848434093679e+06
  1.262180274407434e+09  9.219182146160960e+05 -9.552792640436384e+05
  1.261507672576685e+09 -1.180295416059356e+06 -1.454243485310317e+06
  1.265308751115973e+09  3.162394272405960e+04 -2.904392109180469e+05
  1.264541339159243e+09 -2.641074810806659e+06 -3.809396143415367e+06
  1.261186274535472e+09  2.040398057211539e+06 -2.333686252517210e+06
  1.264557125465051e+09 -4.724746933044601e+06 -7.319212569855797e+04
  1.262375553100524e+09 -3.569985576990844e+06 -5.438134700157527e+05
  1.264093778483835e+09 -1.923712221752666e+06  1.441347457197416e+05
  1.267950446517570e+09 -3.512405903361707e+05  2.914065275648523e+06
  1.263231181544942e+09 -1.492178824339757e+06  2.958645345530399e+06
  1.264083150745518e+09 -4.641527737189559e+05  6.521472936899706e+05
  1.263293000045524e+09  1.580760208034095e+06 -1.632140268765540e+06
  1.264921941541074e+09  3.649461900091854e+06 -2.103637968792044e+06
  1.266258332882833e+09 -1.857791776824006e+06 -1.444999711139301e+05
  1.262848569951346e+09 -1.297261602189228e+05  4.663265521345077e+05
  1.263215587235244e+09 -1.549624441715428e+06 -1.505075814495965e+06
  1.261912286781498e+09  2.146558182136173e+06 -8.868702575856834e+05
  1.263126110538033e+09  1.614454360819935e+05  9.484683962436914e+05
  1.263267652473470e+09  2.425927335501200e+05 -1.277587008557879e+06
  1.264934227183619e+09 -2.061711832305139e+06 -1.269941623714654e+06
  1.263692897836251e+09  2.205974285367646e+06  3.812067564065751e+05
  1.266921895947153e+09 -3.229639181261427e+06  1.579722944154305e+06
  1.258840624818649e+09 -3.847637138131105e+06  1.572144204819143e+06
  1.262479173346917e+09 -1.916849040021051e+05  8.406530216503938e+05
  1.262052459660542e+09 -8.084934884129637e+05 -4.700170236205548e+05
  1.260082562171614e+09 -7.235033290258418e+05 -2.167541110630986e+06
  1.263694419863218e+09  1.769809539840455e+06 -7.369416716130271e+05
  1.264696160447855e+09  3.471456431083702e+06  8.901233035445181e+05
  1.265096294133432e+09  5.748683184968252e+06 -1.202927343752974e+06
  1.263159944082402e+09 -1.399417299114203e+06 -2.040006652739220e+06
  1.262292262625287e+09 -5.580546596713748e+05  1.095092253143191e+06
  1.262334964291367e+09  8.342570082000340e+03  2.156929149995137e+06
  1.262262097723609e+09  4.325545321442079e+06  2.403929161835032e+05
  1.261533070655755e+09  1.575707326285968e+06 -1.394086989362973e+06
  1.263877710918612e+09  8.237621188935251e+05 -2.283098048668762e+06
  1.265805214347604e+09 -1.681813111686975e+06 -2.809798578588925e+06
  1.265703933224883e+09 -1.198104067938402e+04 -1.113356394574960e+06
  1.260349832529722e+09 -3.295195159165080e+05  2.667516806517681e+06
  1.265458099105035e+09 -3.310277821936960e+06  3.521349075304192e+06
  1.261944880628688e+09  1.489463468230517e+06  2.645866811065974e+06
  1.265460894518447e+09 -6.329748576023161e+05  2.144907680745582e+06
  1.262097780217777e+09  4.583602761236546e+05  9.248006985660720e+05
  1.267044603688699e+09  1.469152175810217e+05  6.277710255417081e+05
  1.262670682746781e+09  3.308194537305360e+06 -2.426047063783933e+05
  1.262926764562880e+09  5.755839448870772e+06 -2.084619221604723e+06
  1.260911734054776e+09  2.667326622644378e+05 -1.073233227074520e+06
  1.263791354664891e+09 -1.252976806201418e+06  2.074473575717544e+05
  1.265234993093942e+09 -1.815774257449279e+06  3.536725701198772e+05
  1.265712746757765e+09  4.293743666825119e+06  1.406235877432717e+06
  1.261864151120992e+09 -8.390088759062639e+05  2.106543383903451e+06
  1.263674700640123e+09 -6.446003557285964e+05 -1.369716422855892e+05
  1.270173814289041e+09 -1.041883649378581e+06 -1.460443375183981e+06
  1.261734077104940e+09 -2.434379483673808e+06 -4.450326654787071e+05
  1.262358264366591e+09 -6.079533499821888e+05 -1.005316654602770e+06
  1.260970456242071e+09 -2.447622911271007e+06 -3.501427839433503e+06
  1.263166142515385e+09  2.279665917786245e+06 -1.992986727809559e+06
  1.263754946415961e+09  7.246801385965317e+05  5.215734568083543e+05
  1.267193608286350e+09  2.131889119974984e+06  4.529417374578148e+05
  1.262193457078912e+09 -2.313331656970916e+06  4.830328676064871e+05
  1.261265929655235e+09  2.697078116303554e+06  4.912662685767829e+04
  1.260888192963529e+09  4.119173546779820e+06 -1.709667473955213e+06
  1.259114865354717e+09  1.693454729032719e+06 -1.361374231810699e+06
  1.262541808915689e+09  1.687900183798003e+05 -1.102778068800392e+06
  1.262869841663844e+09 -2.794880840059909e+06 -1.271354999069745e+06
  1.265896329422330e+09  1.178033738464262e+06 -6.177182393723609e+05
  1.265731903668940e+09 -1.308892992566945e+06 -2.497373135184846e+05
  1.261381531461637e+09 -3.411912816726108e+06 -4.671269750536738e+05
  1.265797142110352e+09  2.501414766446799e+05  2.072028070936867e+06
  1.264990343113946e+09 -3.419494721068535e+06  4.957954294935294e+05
  1.266473737630158e+09 -1.805170082492269e+06 -4.328307152365057e+05
  1.263032592978637e+09 -2.031617569707804e+06  3.433146153424069e+06
  1.261198426546920e+09  2.400180278911767e+06  3.512829115301166e+06
  1.264525534675060e+09  1.410880987185741e+06 -1.388969497016666e+06
  1.263832517555519e+09  3.312038845521003e+06 -2.951417186538408e+06
  1.262857405285350e+09 -6.950953212560143e+05 -2.080053494394292e+05
  1.264437633627584e+09  5.316209271095158e+04  3.365297583930403e+06
  1.260770397189220e+09 -3.743867450564639e+05  2.032210890438546e+06
  1.265682643326164e+09  2.932185077949548e+06 -2.675348510800649e+06
  1.263440972206175e+09  1.559868639605166e+06 -3.214331391372585e+06
  1.260079570439577e+09 -2.388294528011239e+06 -4.733719130980065e+05
  1.265313089338576e+09 -1.922922434243264e+06 -3.558928182205464e+05
  1.267352567556481e+09  1.096629501236496e+06 -2.202353448395366e+06
  1.263174315777408e+09 -2.103112478320365e+06 -5.791204212079748e+05
  1.261138978316351e+09  2.544578104335222e+05  2.480510501474538e+06
  1.262730155751014e+09 -3.684470802840403e+06  3.253918552601736e+05
  1.262949783000755e+09  1.270036987980184e+05  1.155227325647086e+05
  1.263700480644559e+09  1.180453304016506e+06  1.619057061465924e+06
  1.265460866374623e+09  2.815694506936750e+06  2.592143972203885e+06
  1.260838764447140e+09  6.905891451777722e+04  2.746513503553634e+06
  1.261100205626856e+09  2.516208902810711e+06  5.294091475923435e+05
  1.260837930996295e+09  1.521075924871327e+06 -5.163317441547150e+05
  1.262598507657373e+09 -1.917854379152897e+06  3.235983229144927e+05
  1.267121183959674e+09 -3.817919269342294e+06  1.179163911824615e+06
  1.260597205048630e+09  3.376927464196271e+06  2.536302677413479e+06
  1.265246122736533e+09  9.117425425113573e+05  5.390811137098337e+05
  1.262004412957377e+09 -2.821130800859084e+06 -2.094548687466018e+06
  1.260793753132367e+09 -1.532884260544122e+06 -2.317401242131054e+06
  1.260984294629652e+09  4.560803185910628e+05 -2.242361061817311e+06
  1.263934030067136e+09  2.585836316553807e+05  6.651031453521447e+05
  1.262143491159203e+09  2.890813045675516e+05 -2.108208251422268e+06
  1.262770885954717e+09 -2.127219319186961e+06 -2.445081952498342e+06
  1.260964343536248e+09  2.284161350290934e+05 -3.090980622102105e+06
  1.263220568459301e+09  2.658348661408575e+06 -4.566736641514048e+06
  1.267023405993779e+09  2.543099035669243e+06 -3.418972767588425e+06
  1.261930385690323e+09 -8.774726528708714e+05 -1.214333910652277e+06
  1.268049602327908e+09  3.108651255177324e+05 -1.663124199872693e+06
  1.264399710892844e+09  2.179544617577133e+06 -1.118280185039503e+06
  1.264832964759862e+09 -1.135943779264773e+06  3.863954299789001e+05
  1.263704767115517e+09 -7.768265166916153e+05 -7.707856660361931e+05
  1.262276125300234e+09  2.264219294320360e+06 -3.185413133717149e+06
  1.262918214601577e+09  9.104377191662795e+05 -3.978492954184382e+06
  1.263700619027599e+09 -3.193282414491226e+06 -1.851435940137910e+06
  1.265138156045242e+09  2.986101583798269e+05  2.976281989339182e+05
  1.263274471541539e+09 -2.111484457792852e+06 -1.129770199269618e+06
  1.263954413628431e+09 -1.466191086889337e+05 -2.265426573139795e+06
  1.264166520285884e+09 -6.583940757823989e+05  1.826369780271399e+06
  1.263974323449274e+09 -1.690176155678199e+05  1.573394967169658e+06
  1.263682772997540e+09 -1.793145248303003e+06  4.032338232724390e+05
  1.262967441262315e+09  7.580370136196746e+05 -1.650749625423494e+06
  1.263813778931991e+09  1.489768004161426e+06 -2.057259425112526e+06
  1.262112982243328e+09 -1.170612483738885e+06 -1.540481814295330e+06
  1.263494461308557e+09 -2.570495355549471e+05 -2.723190009121940e+06
  1.265259370384933e+09  2.467747744336992e+06 -4.003098186512268e+06
  1.264317014778105e+09 -1.710433111696365e+06 -3.456189032239500e+06
  1.265232108676276e+09  2.304217073884807e+06 -2.691955008313103e+06
  1.262369624636987e+09  1.317138519116227e+06 -2.595583459276403e+06
  1.265031516960834e+09  5.503683222275910e+05 -1.648598559260436e+06
  1.261704570013877e+09 -2.622438016894831e+06 -9.058547525684035e+04
  1.263007594987879e+09  8.528808607929146e+05 -1.312039363442246e+06
  1.261200346794612e+09 -3.232065281233929e+06 -2.759764688489273e+06
  1.261690243882694e+09 -1.509127469546976e+06 -1.794408958754299e+05
  1.263213346262341e+09 -1.272944716449260e+06 -1.277183870200102e+06
  1.261983140732659e+09 -1.106419273858861e+06 -1.222851094849668e+06
  1.267029605119197e+09 -2.083912498168647e+03 -3.248156324881424e+05
  1.262197691924464e+09  1.093971417465647e+06  1.728007227119575e+06
  1.263914355326568e+09  8.216627060834930e+05  2.018514054755672e+06
  1.263887542100997e+09 -1.842409748214550e+06  4.800353721533642e+05
  1.264841593423541e+09 -5.115990742976762e+05 -1.206375780208221e+06
  1.263433178651925e+09  1.029150334256399e+06 -2.170638093076814e+06
  1.261412851567148e+09 -1.368575715392828e+06 -5.237855937600252e+05
  1.262819123077354e+09 -5.320457082963188e+05  8.594497475068759e+05
  1.263431715620626e+09  1.173765390481520e+06  3.175982946632546e+04
  1.263234737190536e+09 -4.657369086458817e+05  2.607391995342955e+04
  1.264829400708385e+09  1.330063720349760e+05  8.981255293937321e+05
  1.263590236782673e+09  1.029211710619564e+05  3.108419322502182e+05
  1.258714213566220e+09 -1.408655275256178e+06  4.778792447769117e+05
  1.259405638728680e+09 -1.527934740718630e+06  8.319877068012010e+04
  1.266311329913980e+09  1.122582853506116e+06  1.674808902907434e+06
  1.265157796914707e+09 -2.428005733404057e+06 -7.115131077944749e+05
  1.266465121396352e+09  1.547778572754796e+06 -2.654899750926601e+06
  1.262836220558112e+09  1.635884452647774e+06  9.486603338596876e+05
  1.257842387477806e+09  1.578953651221721e+06  1.913509854725923e+06
  1.263135933626504e+09 -6.789251013152925e+05 -1.316078220395809e+06
  1.262382215132036e+09 -7.880671024359703e+05 -2.318210735495242e+06
  1.266533216080277e+09 -3.154958614204613e+05 -1.288263809554433e+06
  1.258356574407834e+09 -1.872140919170978e+04 -2.909216940895439e+04
  1.262258489745995e+09 -3.324031369219317e+06 -7.735237995086422e+05
  1.266389841925043e+09  1.221103576774447e+05 -3.477316372675186e+06
  1.264904686014936e+09 -9.656679535270309e+05 -3.201119944899978e+06
  1.262569806674808e+09  1.830845572519067e+06 -4.592338809482670e+05
  1.263475564934157e+09 -2.163227079584588e+06  1.165323671107640e+06
  1.260212082053280e+09  1.186408976924573e+06  2.084325176152339e+06
  1.259446479202124e+09  1.485115629557066e+06  1.910405901518226e+06
  1.263167078739661e+09  1.724694791020638e+06 -4.017959408868813e+06
  1.263968068193105e+09 -1.118378020541633e+06 -2.100168655318195e+06
  1.259596422320548e+09  1.169415554756360e+06 -2.190388418756366e+06
  1.264514287945825e+09  1.479987124731707e+06 -3.978561024197779e+06
  1.264292260121488e+09  2.583427498216734e+06 -3.048096533624963e+06
  1.264393816743195e+09  1.469475334828455e+06  1.317787026942635e+06
  1.259894965021663e+09  9.057855927173764e+05  3.148699108417005e+06
  1.263027753830500e+09 -6.566893910304469e+05  2.725026328846664e+06
  1.263172444065857e+09 -1.096107419943075e+06  1.353608013278109e+06
  1.264388947486867e+09 -2.397203007738559e+06 -2.788235272133953e+06
  1.261781169371914e+09 -2.164855758551435e+06 -4.735862837194547e+06
  1.264338381878856e+09 -2.189524753731093e+06 -2.318406753844920e+06
  1.262157563563911e+09  1.630295006062155e+05 -3.941756017075783e+05
  1.262846055259673e+09 -3.057678284558830e+06 -1.257309978191266e+06
  1.261246683347079e+09  1.579261951689341e+06 -2.463917281627997e+06
  1.263280970878710e+09  3.976239520669929e+06 -3.948224632189179e+06
  1.266416242901086e+09  4.131622172880358e+05 -1.008719077782473e+06
  1.263146241016183e+09  4.322183988908618e+06 -2.281652203266869e+06
  1.262944002827677e+09 -1.903948411954284e+06 -2.161444269434829e+06
  1.269946996985794e+09  1.218910522821888e+06 -5.843723161018001e+05
  1.263667622003603e+09 -1.086999119406791e+06  1.491550536483565e+05
  1.259475925503186e+09 -8.194088389600797e+05 -1.147784533766734e+06
  1.264693439699294e+09 -1.843110620846657e+06 -2.440652659561980e+06
  1.260112828585870e+09  4.585744594159129e+03 -1.555218150415995e+06
  1.263627930184171e+09 -1.726121201756845e+06  1.836609047921902e+05
  1.264307651827123e+09 -1.482032341029525e+06  3.331447511186383e+05
  1.264291860766322e+09  4.566939750858387e+06  4.727545981636744e+05
  1.261801421622906e+09  2.213433817786160e+06  7.796186842506981e+05
  1.261167313358414e+09 -7.333141561542610e+05  2.804328126694569e+05
  1.261922221617568e+09  3.695997260100214e+06  1.481480949348798e+06
  1.259879115018319e+09 -1.084308221924754e+06  1.200343858231126e+06
  1.262855968604262e+09  1.770362511501852e+06 -3.496859604399543e+05
  1.262389358707645e+09  4.450708642906442e+05  5.155655381050349e+05
  1.262387266556813e+09  3.298520393159793e+06 -2.290102987900512e+06
  1.266607789604947e+09 -1.966897998464297e+06 -9.683873536659619e+05
  1.263765496188218e+09 -6.106455858345999e+05 -4.598348310886708e+05
  1.262259602213184e+09  8.182414816864436e+05 -2.106369053562472e+06
  1.260986407828406e+09 -1.419473655732394e+06 -5.641778648974200e+05
  1.257265723099381e+09 -1.375865282763974e+06  1.391412191037299e+06
  1.261294564561277e+09 -6.533545109263815e+05 -2.358652195499389e+05
  1.264495820295886e+09 -3.066338061560876e+06 -8.516501587890306e+05
  1.262184587513003e+09  1.183765703391895e+06 -2.846923899261275e+05
  1.261988839257824e+09  4.127164311720747e+06 -2.151846352732027e+06
  1.262839642481140e+09  2.525523605917461e+06 -2.338079130780697e+06
  1.261672255318222e+09  4.408792261037333e+05 -9.033754855008797e+05
  1.262133936489944e+09  1.969058253255099e+06 -3.449544379052130e+05
  1.259796508185583e+09  1.284967147931200e+06  1.341765797395276e+06
  1.265619087132648e+09  8.983446951963955e+05  2.784821984336431e+06
  1.262346440672014e+09  2.356376532750386e+06  7.090488077861761e+05
  1.259346041318030e+09  1.444856399170093e+05  1.162340602211535e+06
  1.260305465696313e+09 -5.806845791355778e+05  1.672199322151320e+06
  1.264821487475051e+09 -1.491704350261605e+06 -6.431802998306276e+04
  1.262050675843415e+09  1.572494508696281e+06  6.133960864449622e+05
  1.265191641801044e+09 -2.779896210414939e+06  2.564879858705135e+06
  1.265326081795293e+09 -1.372988436379804e+06 -1.418886446413546e+06
  1.260867868710518e+09 -3.589203542166064e+05 -5.934190498622568e+06
  1.263355317968957e+09 -5.918916804571010e+05 -5.876196001180990e+06
  1.265041642164814e+09  1.577113428610222e+06 -3.024485392099316e+06
  1.261809394689250e+09  2.901308204205155e+06  1.403660056138262e+06
  1.263300902278797e+09  2.102093427259693e+06  3.240290624231172e+06
  1.262149035825237e+09 -3.568132985974441e+05  2.077082517412365e+06
  1.260780408645557e+09  7.592570317502910e+05  1.269263048189188e+06
  1.262195948593865e+09  3.084266676992789e+06  3.805835686053403e+05
  1.262397465375965e+09  6.549207310639092e+05  3.471076983107555e+05
  1.259454975501951e+09  3.363854113128800e+06  1.975128913750978e+06
  1.260657126097342e+09 -1.044359616346380e+06  3.458637203403351e+06
  1.265176879477188e+09  1.981656853981650e+06  3.106026473748739e+06
  1.264519177656927e+09 -2.688897186440413e+05  1.880430886247895e+06
  1.262630754855114e+09  6.462196616780033e+05 -4.582990848586088e+05
  1.262776438337862e+09 -2.952577016690198e+06 -6.754418191957742e+04
  1.264147088147175e+09 -1.403389772195615e+06  1.922642328208794e+06
  1.260327069199480e+09 -1.439073585046730e+06  1.698064924851294e+06
  1.263933283846276e+09  2.296879174273498e+06  5.777781607815274e+05
  1.265603937055010e+09  1.318137896309542e+06 -4.169090687364902e+05
  1.261416501253462e+09  8.101598117355393e+05 -2.179024353803909e+05
  1.263988722447257e+09  2.842456298156094e+06 -6.611402476234828e+05
  1.264836303028212e+09 -3.204429869635194e+05 -6.447754511820003e+05
  1.262794072203176e+09 -3.746111723145908e+05  1.663520179573327e+06
  1.259414914305534e+09  1.865175057325226e+06  2.627647646392199e+06
  1.262964850695542e+09  1.230809194172448e+06  1.333186855662676e+06
  1.263948750211483e+09  2.687740322205401e+06  3.199921601823102e+06
  1.262027621507801e+09 -1.081719146480321e+06  1.494075315094203e+06
  1.260262848821521e+09  3.740372158992223e+06  8.861259547177129e+04
  1.265870348746315e+09  2.917606363876999e+05  1.102950358547437e+06
  1.262333609021196e+09  7.655690436354475e+04  6.441601583950981e+05
  1.264758122371532e+09  1.508838891449069e+05 -6.244521518923949e+05
  1.259220727447635e+09 -1.079612570801042e+06 -2.205585483751888e+04
  1.266443870711320e+09 -2.616081721440650e+06 -9.027124946025951e+04
  1.265689204207773e+09  1.669186826883638e+06 -2.310723302521305e+06
  1.265000887034698e+09  1.275621857099839e+06 -3.224467851628812e+06
  1.257606497249016e+09 -3.783885095662657e+05  2.793096043335430e+05
  1.263611221389712e+09  1.616639548939386e+06  3.070924820488996e+06
  1.263547549639786e+09  1.102574830808010e+06  2.286790889045922e+06
  1.262378483436055e+09 -1.526475329635104e+06  2.258870364187413e+06
  1.259641862292212e+09 -1.126387915542181e+06  2.583441700337237e+06
  1.264809532230368e+09  2.025596826939810e+06  2.761827786711094e+06
  1.261988920203207e+09  1.585843183360141e+06 -4.428858623620647e+04
  1.260821597064408e+09 -1.073708561739785e+06 -1.610177333266007e+06
  1.264349943259937e+09  3.574330646085054e+06 -2.123761308025775e+06
  1.261841463624858e+09  2.131257133393971e+06 -2.912888573330167e+06
  1.263449932854613e+09  6.716626405964908e+05 -3.406839078532211e+06
  1.266158705715652e+09  1.554038620683516e+06 -3.750338207059568e+06
  1.263186887483868e+09 -1.358513383100438e+06 -3.693182984500642e+06
  1.262599795278984e+09  4.281687615998395e+05 -1.352979371907218e+06
  1.263968832270439e+09  3.039452230678941e+05 -9.134863617853641e+05
  1.264197427380439e+09  1.194575027840465e+06 -3.623505804774710e+06
  1.265696904942254e+09 -1.451163329935961e+06 -2.743001205219221e+06
  1.264293068939957e+09  7.222835979510544e+04  7.605518373490020e+05
  1.263180957825442e+09  3.206680985815579e+06 -1.827790422874629e+05
  1.263966809738057e+09 -1.354406529609147e+06 -2.439456305481007e+06
  1.264265681898627e+09 -3.399382062135359e+06  9.691380302099860e+04
  1.264567395400654e+09  1.133247647350353e+06  1.918368994904778e+06
  1.262701863684907e+09  3.155457593095860e+06 -3.273081771729169e+06
  1.264880386917254e+09  5.784152379449708e+05 -1.103072940570612e+06
  1.267129108725530e+09  6.506886196056207e+05  1.400379510356536e+06
  1.260245244933698e+09  2.609959709590867e+06  2.760841140776220e+06
  1.261990621315816e+09  1.755439416830242e+06  2.910835354533377e+06
  1.264863308177155e+09 -6.021521595164177e+05  2.078633271529956e+06
  1.260445480732909e+09 -7.820781394477262e+05  1.857669834617409e+06
  1.265975418636230e+09  2.412675306166725e+06  1.501242850718529e+06
  1.263926827306233e+09  4.906657802432314e+05  1.596115631939957e+06
  1.262851908529773e+09  1.109180580335851e+06  1.768120098764225e+06
  1.263705292646714e+09 -1.677552303889140e+06  2.826705812997443e+05
  1.263083974841255e+09  5.929864329464945e+05  1.250307820245183e+06
  1.263695978931742e+09  3.161831334244496e+06  5.458380809914043e+06
  1.261529958068961e+09  1.416915409049069e+06  4.567563145251192e+06
  1.264823573029848e+09 -1.271414061276572e+06 -1.687637939278327e+06
  1.262802644872818e+09 -9.890469449746166e+05 -4.278303375060413e+06
  1.264960929948269e+09  3.631271626472908e+06  3.406619762815093e+05
  1.263741743038868e+09  2.429128119369861e+06  1.780328438531224e+06
  1.262195028838948e+09 -2.384775512972745e+06  7.197428826191628e+05
  1.262625985139313e+09  1.033445292055266e+06 -1.237953218746361e+06
  1.260452595522158e+09  1.242103175401844e+05  3.565207098426120e+05
  1.267570374978087e+09 -1.753073955274133e+06  2.359584429162048e+06
  1.262196201116692e+09  2.564253374699555e+06  5.218245363012673e+05
  1.265189564445008e+09  1.192047960489723e+06 -2.291599792477959e+06
  1.263834123996260e+09  1.709461375383903e+06 -1.163668469155689e+06
  1.260889154225098e+09  7.383895026671442e+05  1.398438941546433e+06
  1.263557435104327e+09  2.236743149942667e+06  1.060637628105276e+06
  1.264598499525605e+09  1.248171003487950e+06  3.003720008507847e+05
  1.261979685991281e+09  6.837828568340517e+05  4.548652604944231e+05
  1.264187533557015e+09  3.810286858372415e+06  2.228388939451990e+05
  1.263634155000670e+09  4.399585326347861e+05 -2.559171745313420e+05
  1.262933837346753e+09 -1.567612101563567e+04 -4.973423428540259e+05
  1.268109262377527e+09 -1.167072682930743e+06  2.242868613090194e+06
  1.262583692438758e+09  2.034002770363054e+06  2.832845290946404e+06
  1.261751675969761e+09 -3.103394511333590e+06 -2.114380578880504e+06
  1.260835129095222e+09  8.198686647392354e+05 -4.510907477217958e+06
  1.261755423784302e+09  2.897647983335296e+04 -2.111306419225473e+06
  1.265062676689344e+09 -1.233327622345706e+06  1.080265381318673e+06
  1.266157589426798e+09  3.351068224616621e+06  2.543792203195061e+06
  1.265667354357725e+09  1.463653372715877e+06  1.983133881888723e+06
  1.262915887314018e+09  1.619321605496361e+06  3.162331694617817e+06
  1.263897127053332e+09  1.469793082861466e+06  3.143966404240568e+06
  1.260477662384167e+09  3.333587714843682e+06  7.406179403442147e+05
  1.263753298159685e+09  2.561075982729727e+05  5.126681055036887e+05
  1.263071241409339e+09  8.411522472011417e+05  2.893380707215224e+06
  1.265367003243088e+09  1.894964283365855e+06  4.541878807434577e+06
  1.263544531599870e+09 -2.409366309627889e+06  3.680447406575616e+06
  1.260060984513300e+09 -6.922993822126416e+03  1.453901172819133e+06
  1.263605712432923e+09 -5.496332119096071e+06 -8.185076644546980e+05
  1.264211982407435e+09  1.280855467095158e+06  9.843465456566596e+05
  1.266619540140058e+09 -1.482039151103364e+06  2.541756001835635e+06
  1.261813510934790e+09  2.048635790505646e+06  1.925584952273972e+06
  1.261658968930161e+09  3.945042512922609e+06  5.057757799628695e+05
  1.264381404480620e+09  4.488871586215392e+05  4.273270872847058e+04
  1.266056223890798e+09  3.631572109475699e+05  1.323070576226713e+05
  1.264788102331333e+09  4.157835871868677e+05 -5.025390064570804e+05
  1.264287247316560e+09 -3.713486715450921e+05 -1.708594977230893e+06
  1.264433213397175e+09  3.378440781224622e+06 -2.283288069361146e+06
  1.267098745749762e+09  8.249039080987497e+05 -2.726123023280132e+06
  1.263426840199597e+09 -5.006156678593786e+06 -2.497343507324285e+06
  1.259128525979537e+09  1.110020461260847e+06 -1.747345190722900e+06
  1.265351547950710e+09 -7.382383496990382e+05 -3.511520768024444e+06
  1.266766452031377e+09 -3.568885676012342e+06 -4.231371535194922e+06
  1.265150491678807e+09 -1.210603401773633e+06 -2.210076406952508e+06
  1.261363572218637e+09 -5.024429753765932e+06  2.159308971532606e+06
  1.261792658837196e+09  1.931105675440225e+06  2.959009819837573e+06
  1.262936040656513e+09  1.295568583402539e+06 -1.070515394189541e+06
  1.265413007367422e+09  2.548071651106717e+06 -7.129732524098002e+05
  1.267269274045273e+09  1.625530600376910e+06  2.481237380948971e+06
  1.260931714123630e+09  1.845276425153595e+06  3.352868729435896e+05
  1.264375267456396e+09 -7.294252173231666e+05 -9.739395805164328e+05
  1.259566329381849e+09 -1.126131101272933e+06  9.994529996565446e+05
  1.266012538837808e+09 -9.067075004507418e+05  5.778080998233717e+05
  1.265589841588144e+09  3.514055812527610e+06 -2.020314981516993e+06
  1.262323258217649e+09  1.901349939478377e+06 -2.385252086529435e+06
  1.263181101699886e+09 -8.922647395225286e+06 -5.674075190761990e+05
  1.263750398813765e+09 -2.038708920939397e+06  4.961894143958730e+05
  1.259588638473997e+09 -2.401863151282691e+06 -4.558215416863143e+05
  1.261934740812901e+09 -8.776913820410124e+04 -1.865987965306779e+06
  1.264390202440086e+09 -5.847982861782265e+05 -1.118383557589352e+06
  1.263693493473009e+09 -2.290785525322557e+06  7.539115364719473e+05
  1.263606884519639e+09  1.817150128784747e+06  7.212410755254590e+05
  1.260702881318171e+09  2.300808315632659e+06  7.689986001946894e+05
  1.264945008877427e+09  2.487362560118099e+06  1.703029687392091e+06
  1.265904824546631e+09 -4.236588333699965e+06  7.765790311637322e+05
  1.263495502752416e+09  1.683613329223024e+06 -2.092823807533596e+05
  1.267675700632012e+09 -1.421074084835646e+05  1.097573880384370e+05
  1.264049471226666e+09  5.412345866424775e+05  5.126850095237150e+04
  1.264987608038628e+09  7.249508219208813e+05 -8.760358907305130e+05
  1.262021345247161e+09  4.424731646016948e+05 -2.634537752310540e+06
  1.261172532292479e+09  3.984129412355266e+06 -4.084265656140876e+06
  1.264419008274867e+09 -4.889113243436071e+06 -1.742299054347624e+06
  1.263324191309336e+09 -2.234884019128232e+06  8.157558983797492e+05
  1.262893801116860e+09 -2.982172302203313e+06 -6.404996854857876e+05
  1.264061330036980e+09  2.781353742320281e+06 -1.375304474322091e+06
  1.266695259804250e+09 -7.584701898582114e+05 -3.595239579167682e+05
  1.262797878202184e+09  7.712440635020891e+05  7.285697584878834e+05
  1.264708600092436e+09  1.112198352904618e+06 -1.082107499482748e+06
  1.264447153673968e+09  7.551382786105446e+05 -8.552934925462554e+05
  1.266151301086421e+09  4.471972064399621e+06 -9.970934741562016e+05
  1.262418875358797e+09 -4.651696210008759e+06 -1.946005399842049e+06
  1.259610408146661e+09  5.431652480788807e+05 -3.201711216075572e+06
  1.262294835334929e+09 -9.672545046388865e+05 -1.138852417902150e+06
  1.264258485778213e+09  7.926475497393847e+05  2.589232629128465e+06
  1.265618880927081e+09  2.602656354996841e+04  2.501101670983192e+06
  1.264448965612736e+09 -3.859689345596941e+05 -3.485735963687119e+05
  1.262460887797121e+09  4.855268109750863e+06 -1.535756130687265e+06
  1.263843211867782e+09  1.189252132643299e+06  9.084180455205496e+02
  1.261165271044121e+09  1.119338886034920e+06  1.201258397089445e+06
  1.264671299545277e+09 -2.720838323560806e+06 -1.137031921916384e+06
  1.260139701126722e+09  1.616520480638314e+06 -2.758119242232942e+06
  1.261716503409715e+09  1.454373247961933e+05  3.732798041755904e+05
  1.263674495894596e+09  1.041711182682591e+06 -1.695242652873188e+06
  1.262127276276200e+09  1.377472751924327e+06 -2.457457433989691e+06
  1.267749585813893e+09 -5.726328675223573e+05 -9.427069301388320e+05
  1.264470889474245e+09  4.350940617080571e+06  1.725544968538278e+05
  1.266044134668270e+09 -2.990290637874103e+06  7.054714433911660e+05
  1.262655924800100e+09 -1.975292982221281e+05  1.125773999444306e+06
  1.263993175810633e+09 -8.504642548683134e+05 -9.900284898236458e+04
  1.260847351377102e+09 -1.225389234028803e+06 -2.517997827551139e+05
  1.262499881017891e+09 -2.123505614412026e+06  8.903206229932662e+05
  1.265374920381956e+09  9.008172591142945e+05  9.350688845919920e+05
  1.263954261421274e+09  4.495835230216386e+06 -4.931197444069169e+05
  1.261264349623713e+09  2.390483840867641e+06 -2.209642641551301e+06
  1.262856617685489e+09  1.314790612039728e+06 -2.267376765729906e+06
  1.264246357589578e+09 -3.377812360183088e+06 -1.336083255335860e+06
  1.260312998547729e+09 -4.151667511482047e+05 -1.848435287882345e+06
  1.260515948439876e+09  2.840670233820508e+06 -1.728506430886226e+06
  1.264996348577409e+09  7.859583696875397e+04 -3.859758927726606e+05
  1.262744945100220e+09  1.350130839464448e+06 -4.303801258438147e+05
  1.265877006169667e+09 -1.140471510969773e+06 -1.674747419572211e+06
  1.263169378475506e+09  2.083740142866296e+05 -2.219927769945633e+06
  1.260752528930055e+09 -1.284665088450575e+06 -1.589641852702281e+06
  1.262045684742435e+09  7.449464461506748e+05 -1.446680275932905e+05
  1.259567102053896e+09  4.289377395502197e+05  1.592686259402189e+06
  1.265512284188633e+09 -3.264105639591764e+06  1.964720835043615e+06
  1.260980357636571e+09 -1.565371026421633e+06  5.261455155578610e+05
  1.262297715258111e+09 -1.102135890245922e+06 -2.019321304488753e+06
  1.265244377072941e+09  2.768150953745573e+06 -2.319123908087043e+06
  1.265767437839868e+09 -2.671436895844729e+05 -4.778893561383481e+05
  1.261231167109595e+09 -9.255617046466108e+05 -4.772657313561530e+05
  1.263071863314060e+09 -1.981803744628440e+06 -1.171959499334417e+06
  1.258793362603451e+09 -6.943076086464417e+05  9.053697209287598e+04
  1.258125207640033e+09  2.586170093075988e+06  2.620391908622503e+05
  1.264155092166729e+09  9.904408035980487e+05 -2.417745756201255e+05
  1.261825613519193e+09  2.305744676214454e+06  6.453835397193665e+05
  1.261600724707111e+09 -1.737181658421294e+06  1.110737216080245e+06
  1.261757785340019e+09 -4.948931756028391e+05  2.424901554016558e+05
  1.264867935514311e+09 -9.428601506142241e+05 -4.140370072853484e+04
  1.263488135225866e+09  4.856019946805715e+05  8.050206796923450e+05
  1.259145737561507e+09 -7.915340095062326e+05  4.692199517441062e+05
  1.265052755419711e+09 -1.951094409223445e+06 -1.128861912834869e+06
  1.263193862433163e+09 -4.589348800403733e+05 -1.080030321827240e+05
  1.264657137039883e+09 -3.180971739548130e+06  8.396020574897324e+05
  1.261004574672641e+09  3.242891365292748e+06 -1.220903048812266e+06
  1.264742195166907e+09 -4.028713131542184e+05 -2.314132190558586e+06
  1.261045330265684e+09 -2.030327918011353e+06  7.443432207855443e+04
  1.264020017487150e+09  2.184049037539870e+06  1.641054757099922e+06
  1.263338798573141e+09 -9.607860885078509e+05 -5.262195052194358e+05
  1.263190278876440e+09  1.483397204510040e+06 -1.214469458671231e+06
  1.264356321655737e+09 -3.627332009081753e+06 -2.725210451480409e+06
  1.263154866904896e+09 -5.872195999262325e+06 -1.758772044869528e+06
  1.265237757270179e+09 -1.415604263876683e+06 -1.767910047002102e+06
  1.268119651478646e+09 -5.125663289110387e+06 -1.247963944854007e+06
  1.262757236044226e+09 -8.897371758857531e+05  1.889524302537739e+06
  1.260902614125300e+09 -1.959365972840721e+06  4.370999503190010e+06
  1.265413779101203e+09 -1.420524229014528e+06  4.240794670848199e+06
  1.261700640077811e+09 -1.790540088464984e+06  9.385015026565578e+05
  1.266399894870840e+09 -3.560458771014352e+05 -7.172129017049522e+05
  1.263698880948375e+09 -1.543646474892025e+06  6.589831335950916e+05
  1.264589955391620e+09 -1.853355839297840e+06  3.733616962482326e+05
  1.260979149498063e+09 -3.144395464750047e+06 -1.099027490198531e+06
  1.261051401204830e+09  1.229506864318482e+06 -2.692104143174208e+06
  1.261909876911606e+09  4.429288463356324e+06 -3.658176433175539e+06
  1.261285937834485e+09  6.800942058869329e+05 -3.645679317866473e+06
  1.262628491274664e+09  4.049470238667083e+05 -3.248980417936197e+06
  1.264465012923146e+09 -3.087057039763208e+06 -1.096120971075505e+06
  1.266738419384459e+09 -1.904447101938675e+06 -2.197290217975111e+06
  1.265260102344586e+09  7.601132038489224e+05 -2.230621788222974e+06
  1.262662741620723e+09 -1.904552887645755e+06 -9.381085756938211e+05
  1.262162830587266e+09  1.728836696536050e+05 -1.903060690640685e+06
  1.262078936009222e+09 -1.541360424565840e+06 -3.235312161930567e+06
  1.259572295767864e+09 -2.286692378038051e+06 -1.417044300127589e+06
  1.259635884022424e+09 -1.157516901464419e+06 -3.432021736780640e+03
  1.264733229024334e+09 -2.548380385861775e+06 -1.088883382753589e+06
  1.262251507069511e+09 -7.972028703883576e+05 -2.736906046922660e+06
  1.263472257836583e+09  1.112035304433056e+05 -2.302701974923050e+06
  1.263323626931563e+09  5.456013983316848e+05 -2.344606736715752e+06
  1.264313874582616e+09 -7.545807780939988e+05 -2.785644809737653e+06
  1.261040472357993e+09  1.015592130353233e+06 -1.822813634722873e+06
  1.260507607563943e+09 -1.733710777212561e+06 -8.967595568976991e+05
  1.264015997646987e+09  2.491914353154116e+06 -4.423680786819630e+05
  1.261728196960414e+09  1.077430483389641e+06  2.935375510819281e+06
  1.261941400033388e+09  2.837012805850898e+06  1.133591538167684e+06
  1.260386759186991e+09  1.221729234906783e+06  8.923700603551397e+04
  1.266774647112287e+09  4.495008055202317e+05 -6.010347231777628e+05
  1.261776963808404e+09  3.408727847487157e+05 -1.512599812087435e+06
  1.263620536359125e+09  1.984993485680820e+06 -2.418172983967558e+06
  1.265390785259030e+09 -2.926320361512726e+06 -2.428705072422448e+06
  1.263652803992990e+09  4.270494813505452e+05 -2.187721764009095e+06
  1.263121727236822e+09 -2.838745777484190e+06 -9.710745899426853e+05
  1.262966593217840e+09  1.536806805279291e+06  7.571904578955858e+05
  1.260560381010034e+09  3.287795437365915e+06  3.315623429246887e+06
  1.259471700355103e+09  2.516683597473027e+06  6.129758534596108e+06
  1.261816878913578e+09 -1.133545875085574e+06  4.845532370172550e+06
  1.262486499644653e+09 -1.920063431042715e+06  8.278877551294082e+05
  1.261229462916038e+09 -2.702027386993155e+06 -3.144228571513355e+05
  1.260788968900962e+09  3.421197823731589e+06  2.317467170035407e+06
  1.259544091324135e+09  2.421993703415078e+06  2.936031649437696e+06
  1.263005672527586e+09  7.976436112484828e+05  4.647122992788520e+06
  1.265885442291739e+09 -3.593457245772221e+05  5.491127624056760e+06
  1.266002814237032e+09 -1.672753865729080e+05  3.715065270524622e+06
  1.259185172899498e+09  7.129030212458246e+05  2.415696632071756e+06
  1.262050033722948e+09  3.604118303890156e+06  9.226615052249514e+05
  1.264613982842065e+09 -2.282480767813641e+06 -8.202266994505038e+05
  1.262966677710852e+09  1.082691000176651e+06 -1.739298399823981e+05
  1.263716630747094e+09 -1.011883353550113e+06  2.267965210266667e+06
  1.264398483065331e+09  1.118542592236434e+06  2.512894241687811e+06
  1.261026280107820e+09  1.750176455358994e+06  3.555390170695598e+04
  1.263053232190584e+09  1.360476750239592e+06 -2.449783156692064e+06
  1.262936349870800e+09 -4.930795989804473e+05 -2.788914977842269e+06
  1.262042805247014e+09 -5.176948678366037e+05  2.749163412290122e+05
  1.261684419578692e+09 -1.122255422463359e+06  4.059976061867789e+06
  1.263211886927608e+09  7.049899994722583e+05  4.148262047333121e+06
  1.263409964411740e+09  6.412880343023266e+05 -4.067451675289150e+05
  1.263752114730899e+09 -1.770187760800412e+06 -8.894090142135359e+05
  1.260632401336221e+09 -2.584846656109103e+06 -1.690161378947742e+06
  1.265715330879101e+09  1.850400130074971e+05 -2.299684849541600e+06
  1.262273892745926e+09 -1.968404008670744e+06  2.094601714299293e+03
  1.265095875392283e+09  1.325659795973642e+06  1.268584313276273e+06
  1.260313679451725e+09 -9.713816462965268e+05  5.095522024167969e+05
  1.267588614574953e+09 -1.390367726360837e+06  5.939439482700217e+05
  1.264873797885675e+09 -8.184802974989188e+05  9.612738867752941e+05
  1.264926132079988e+09  8.840283412205714e+05  8.417192022394283e+05
  1.258533099730439e+09 -2.014416621691756e+06 -6.494094275399976e+05
  1.265176689589822e+09  1.429112496374583e+06 -1.373958976088007e+06
  1.266498274936002e+09 -1.040221786831103e+06 -7.490118871164324e+05
  1.261195641765089e+09  7.918151403585314e+05 -4.650146060676576e+03
  1.258553291627957e+09 -8.336917216399949e+05 -6.003172284864518e+05
  1.264028377864771e+09 -8.130670878343694e+05 -7.592688765958218e+05
  1.259485889389518e+09  3.401981630287316e+05  1.116350974642085e+06
  1.260483820564408e+09 -1.184766839754702e+06  1.675339280456483e+06
  1.262590365136054e+09 -2.272610179569129e+06  3.061226747824994e+06
  1.260758654262694e+09  1.391285432032488e+06  1.902183724361659e+06
  1.262798579959674e+09 -2.999364494836864e+06 -1.935712871657372e+06
  1.263611666853138e+09  9.421197749387271e+05 -2.968855562025513e+06
  1.264673868757887e+09 -4.593041598692241e+05 -5.022599478378845e+04
  1.262815201620315e+09 -2.841030366707683e+06  1.957668261278574e+06
  1.262201821957707e+09 -2.713627302908749e+05  1.468586974905707e+06
  1.261005527397203e+09  4.823363491246187e+05 -6.020844587751703e+05
  1.263564286924078e+09 -2.255652339230030e+06 -2.515040506431529e+06
  1.264230842454644e+09  3.506104979997226e+05 -2.030958630133229e+06
  1.263031062487769e+09  2.392155743375591e+05  5.993881536697492e+04
  1.261832014354508e+09 -1.845947218629863e+06  1.456808094864062e+06
  1.263028770160330e+09 -1.590058018124735e+06  2.106685844908923e+06
  1.262307036000021e+09  4.004607594312401e+05  1.921709274752013e+06
  1.259603323350257e+09 -6.119836592472240e+04 -1.939554967319242e+06
  1.263889783009820e+09 -1.201937513802185e+06 -1.045636060926392e+06
  1.266778133346530e+09 -1.418920705526573e+06 -6.661544331368754e+05
  1.263112959458174e+09  4.220284090990376e+05  1.017550529096570e+06
  1.262597748097330e+09 -1.643801878534280e+06  1.612967710326559e+06
  1.264861418492163e+09  2.956967705550784e+06  1.680998172383792e+06
  1.261322432983444e+09 -1.653303847104164e+06  1.676340562178840e+06
  1.264981681483351e+09 -1.507134087729615e+06  1.714293622236547e+06
  1.262357556810177e+09  9.477186227159337e+05  2.254239599328639e+06
  1.262672528509448e+09 -7.286569143285436e+05 -2.005508417207072e+04
  1.266128011913347e+09 -1.361313234623882e+06 -3.168552875034594e+06
  1.264008086347225e+09 -1.167564444536220e+06 -2.772103288804178e+06
  1.264185828874393e+09  4.868988871361500e+05  1.814322009106460e+05
  1.261139817570268e+09 -3.043410178275409e+06  1.789531190905137e+06
  1.263541654607242e+09 -1.481845576214431e+06 -4.515045032500429e+04
  1.262375371923572e+09  1.831832588414113e+06 -2.459011733789885e+06
  1.265457173832720e+09 -1.282491969445046e+06 -1.017524185329278e+06
  1.263983722597273e+09 -2.070655937135768e+06 -7.156575999913331e+05
  1.262912063316839e+09  1.069060396183515e+04  9.913509932082401e+05
  1.260925280674662e+09 -7.968993411414521e+05  1.171155768443258e+06
  1.261192619099649e+09 -2.165142176577444e+06 -8.443258147289535e+05
  1.265356668017169e+09  3.287174983035609e+06 -1.451425306586891e+06
  1.262161595355031e+09 -1.709844144956350e+06 -6.613205977798684e+04
  1.261238171998734e+09 -2.077964131914614e+06  5.195331401139992e+05
  1.264004002864428e+09 -4.344759434985021e+05 -2.332817310597339e+06
  1.261732287512470e+09 -5.493973661462404e+04 -5.105654878808092e+06
  1.262551396831189e+09 -1.450517962324458e+06 -3.930537677587947e+06
  1.264551898623129e+09  1.438985401133267e+05  1.366177372109073e+05
  1.260297382970488e+09 -2.042597961327089e+06  2.697813566565309e+06
  1.263025900814803e+09 -1.425929518704402e+06  1.527985984686281e+06
  1.264365296796664e+09 -1.459969182236089e+05 -5.114080162943188e+05
  1.263343089992538e+09  5.356126490841317e+05 -1.096135349610167e+06
  1.262919081222459e+09  1.320300338946391e+06 -1.613457967839263e+06
  1.262987930671240e+09 -2.691314036742919e+06 -2.511245934071342e+06
  1.262618297051346e+09  1.860761973491063e+06 -3.130151606434678e+06
  1.261211344577547e+09 -2.137563973221410e+06 -1.837591827501922e+06
  1.262068642240149e+09 -1.877879959370123e+06 -9.246071379884147e+05
  1.266889708024671e+09  2.718584967261626e+06 -8.742851958905749e+05
  1.264315570252831e+09 -1.317237079592271e+06 -3.009505522398603e+05
  1.265131141208445e+09 -4.196097253554096e+06 -2.614627470235207e+06
  1.263274309659722e+09 -1.496974162626488e+06 -5.227068720395734e+06
  1.264915654789315e+09  2.040894795355170e+06 -4.274501868032895e+06
  1.261161688375089e+09  1.917546534657194e+05 -1.851213106559987e+06
  1.265747631486361e+09  1.723426730867238e+06 -1.247696269440868e+05
  1.261244393369907e+09 -1.290548383502316e+06  7.030158225067524e+04
  1.265583169818674e+09 -1.437260288887346e+06  7.219157823763198e+05
  1.262417130794916e+09  1.893964194787105e+06  1.764402763129327e+06
  1.260803373733052e+09 -1.512371266840720e+06  3.023613942232530e+05
  1.263565973157403e+09  3.933483235744764e+06  3.612638967609695e+06
  1.262046670156894e+09 -1.697706166639897e+06  1.833333538083800e+06
  1.264292426719582e+09  2.765393789752367e+06  1.961712708779578e+06
  1.261765041190433e+09 -4.599355148743585e+06 -7.194558340489140e+05
  1.263143382973411e+09 -1.156400466828864e+05 -4.440240128747655e+06
  1.264195003611582e+09  1.824659725656657e+06 -2.893006979113126e+06
  1.266257273696833e+09 -9.116107570354948e+05  5.643478701560237e+05
  1.264257655115109e+09 -3.097581314300269e+06 -2.310926932070302e+05
  1.264163885278085e+09  4.089466027190835e+05 -2.186253738303259e+06
  1.265422639131828e+09  2.624206658818196e+06 -1.039985468029711e+06
  1.267161618656144e+09  1.617931036425063e+06  6.313689642995307e+05
  1.263553578202194e+09  1.784036694077760e+06 -5.110410070059530e+04
  1.260627683951539e+09  1.036305639872501e+06 -1.350005533158188e+05
  1.261979293910018e+09 -1.645364350589294e+06 -1.356943475943484e+05
  1.265337717652758e+09  2.067327969515503e+06 -4.744938831639747e+05
  1.266398650582077e+09 -7.256724350859128e+05  2.771086091923829e+06
  1.261698437954802e+09  3.313617286878911e+06 -1.074492187968340e+06
  1.261870341846391e+09 -7.602584416429035e+04 -1.503359337490426e+06
  1.263069519457888e+09  2.233938217437284e+06 -4.134721247952499e+05
  1.261312266790867e+09 -2.670354539448102e+06 -6.472428278952448e+05
  1.265076453668550e+09 -1.710808646136376e+05 -5.971484870717855e+05
  1.260339155562973e+09  1.338278375272362e+06  3.066766523423485e+05
  1.267648660353383e+09  5.625350220286414e+04  1.380340454246649e+06
  1.260294855246573e+09 -5.517273279959334e+05  2.717298797326548e+06
  1.264929060855943e+09  1.700042791728686e+06  3.465252867859672e+06
  1.265400571131790e+09  1.753265961084885e+06  1.897902523053827e+06
  1.262884240947588e+09  1.011658405143370e+06 -4.832566605694914e+05
  1.262167281234889e+09  9.286966919525932e+05 -1.915801190537717e+06
  1.266583837152971e+09  9.456743841026850e+05 -2.190148322886499e+06
  1.261411181011134e+09 -2.277591774965284e+06 -7.779075137115378e+05
  1.260432134626374e+09  9.672387993338156e+05  9.086711378276712e+04
  1.264898406332578e+09  9.758555599331199e+05  1.003755495122919e+05
  1.262732901112863e+09  3.147985777203281e+06 -2.493621079341412e+06
  1.265743999639977e+09  9.202666795945577e+05 -3.671738097767802e+06
  1.258872095064511e+09  1.404338506982658e+06 -4.016117459592136e+06
  1.265009490790892e+09  2.241459803005937e+06 -2.465631834803335e+06
  1.265166305737396e+09 -9.815415392377824e+05 -1.576620308920010e+06
  1.264478763365065e+09  2.111241489875775e+06 -2.206649603619971e+06
  1.264776508166608e+09 -7.699511034615819e+05 -1.909744852836657e+06
  1.265640618747516e+09  9.938645201270236e+04 -1.010457668817077e+05
  1.263239564704676e+09  4.853760665684345e+05  6.406785361699441e+05
  1.261728849874768e+09  2.256824106485664e+04 -2.110007810883777e+06
  1.262208886220399e+09  1.858408665154336e+06 -1.640565727355183e+06
  1.264839313929559e+09  2.721984016623551e+05  5.446669391011914e+05
  1.264338808720064e+09  7.764688958398940e+05 -2.414089226552130e+06
  1.263057792016832e+09 -3.737027363785607e+06 -2.679222789163372e+06
  1.261824476488622e+09  9.202797054562445e+05  3.360741438683949e+05
  1.267496591166137e+09  8.861719045431016e+05 -3.843770105408551e+05
  1.262218852250777e+09  3.025990037775698e+06 -1.384902517448239e+05
  1.266167312444569e+09  2.542862752311997e+06  7.608736976107332e+05
  1.262137471614683e+09  1.890212147770043e+06 -1.208263859726950e+05
  1.267339398090119e+09  1.438254724233480e+06 -7.435943046264851e+05
  1.261579875077302e+09 -8.326436253250935e+05  1.808875407216483e+05
  1.260858654879097e+09  2.488341209889003e+06  5.126269298649236e+05
  1.262720616247097e+09 -8.168104335731984e+05  1.312298665082979e+06
  1.262148407901889e+09  5.843818944147987e+05  2.215228208771265e+06
  1.264507644058205e+09 -3.325272544868367e+05  1.748348548732377e+06
  1.262208470907746e+09 -2.536969423298118e+06  8.432357047036057e+04
  1.265782711870552e+09  1.436627608878367e+06 -2.696573551264111e+06
  1.262772273611505e+09 -7.233038262581793e+05 -4.580047552863784e+06
  1.262232225841486e+09  7.888094743136531e+05 -3.131036506890871e+06
  1.264282810922041e+09 -3.629210256365898e+06  8.818006884130371e+05
  1.261526322518586e+09  9.614223124416260e+05  2.009373933797285e+06
  1.262692783366779e+09  1.657784760050700e+06  3.277075482146128e+04
  1.265237656484579e+09  9.253158964288639e+05  2.297342158275497e+05
  1.264847585605290e+09  2.996245767691608e+06 -6.194405956649336e+05
  1.265680570642898e+09  1.896201676462831e+06 -2.481307349837760e+06
  1.265292732897237e+09 -2.591324680950891e+06 -1.824594973638592e+06
  1.265385839971956e+09 -1.365680359517132e+06 -1.590139092408431e+06
  1.264593562511229e+09  1.056672468338918e+06 -2.304926439914912e+06
  1.263688815904539e+09 -1.652896387054601e+06 -1.469531912426487e+06
  1.262553090374379e+09  1.665853201682077e+06 -9.121630411099672e+05
  1.262528445998421e+09  8.874608060432088e+05 -2.183559990743330e+06
  1.265304239005334e+09 -1.966148970004200e+06 -3.050007098187074e+06
  1.262383630888807e+09 -1.263433083431043e+06 -2.182006775150066e+06
  1.261435568231012e+09 -8.120027218570737e+05  2.717414314293988e+05
  1.261385906190602e+09 -3.053496973040890e+05  1.158504292164628e+06
  1.263794491406164e+09 -2.855799612111720e+06  1.717598347798733e+05
  1.260517850659176e+09 -8.021191575676412e+04  5.163251735949920e+05
  1.263409609660999e+09  3.310921549179273e+06  2.656494433272477e+05
  1.263156480205781e+09 -5.905593395490800e+05 -1.120575129738793e+06
  1.263041401379752e+09  1.238544194342851e+06 -1.931068815498695e+06
  1.263068855067116e+09 -1.139130884430282e+06 -2.227421659953734e+06
  1.264052249776486e+09 -3.343753410292697e+06  1.048149290936801e+05
  1.263449012581449e+09 -1.831905707155211e+06  3.512563822866730e+06
  1.260223171835648e+09 -3.757036552978967e+05  1.651908879868002e+06
  1.259682339576180e+09 -4.429735635829275e+06 -1.148722329309126e+06
  1.262407705140396e+09  1.569937513609582e+06  4.772575397896178e+05
  1.262913790307425e+09  4.316353718073099e+05  6.296777452972694e+05
  1.263948264716624e+09  6.610303627151537e+05 -1.430532461454052e+06
  1.261472029025677e+09 -4.897973024257185e+05  1.977537405012597e+05
  1.266014964441919e+09 -4.300423838217040e+05  2.366541109082217e+06
  1.262728770334226e+09 -3.669426661592979e+05  9.445821191634987e+05
  1.262919256078338e+09 -1.065104197472829e+06  7.293437118005946e+05
  1.259148966538484e+09 -2.223868479816353e+06  1.488191906222336e+06
  1.262887017780719e+09  2.920669944712033e+06  3.077853223678450e+05
  1.266366511710901e+09 -1.299891299876318e+06  9.820193255996375e+05
  1.261718849100457e+09 -2.849821415332254e+06 -1.409201174003471e+06
  1.265192356660842e+09 -3.556642813200217e+06 -2.576142520252449e+06
  1.260455716186855e+09 -4.355849050195579e+06 -1.831053204120683e+06
  1.263850167260779e+09 -2.132998508855351e+06 -3.496337104740465e+05
  1.263617371324092e+09 -8.068704096834403e+05  1.168942823058863e+06
  1.260971252755255e+09 -3.406280032490125e+06  1.839764286624447e+06
  1.265281136237233e+09 -5.283355342168561e+05  1.347336862987201e+06
  1.261540860887706e+09 -2.790576450758951e+05  1.955654385865361e+05
  1.265717335682348e+09  6.373911888993417e+05 -1.721341036001647e+06
  1.262814010839086e+09 -1.591631955823238e+05 -4.209019513649508e+06
  1.263346319201309e+09 -2.512206163265870e+06 -3.572503313425525e+06
  1.260563075578243e+09  1.163248823948519e+06 -4.112279841687252e+05
  1.263693083979113e+09  2.860634278009263e+06  3.268676200840329e+05
  1.263060614106601e+09 -1.054088275405046e+06  7.194553868864710e+05
  1.263393598341790e+09  1.282450566254637e+06  1.881732130571530e+06
  1.263723158386656e+09 -9.002005168674979e+05  2.552275610150715e+05
  1.261914626646409e+09 -4.434838494571951e+06  1.266523091223655e+06
  1.265803158591636e+09  5.047569556611938e+05  4.008883300820245e+06
  1.262835507140995e+09  7.609218428060203e+04  3.874744920656134e+06
  1.264208014012014e+09  3.640496290897584e+05  1.571755229997556e+06
  1.262066214391432e+09  6.673056170741667e+04  3.137309217388931e+05
  1.263673549370497e+09 -8.179111015488799e+05 -5.238573025218364e+05
  1.263121279398372e+09  1.231964825301440e+06 -5.535896035218756e+05
  1.265975419515787e+09  1.778891520153364e+06  1.186031461087025e+05
  1.263621500944449e+09 -2.234443824198757e+05  7.141259100407697e+05
  1.261862315240173e+09 -8.079921698265050e+05  1.187429524414597e+06
  1.262558863106125e+09 -3.244769109942378e+06  2.318087288628765e+06
  1.261059512071638e+09  2.052894278942610e+06  1.361999708248523e+06
  1.262056620023674e+09 -1.079534339189096e+06 -7.620006587259863e+05
  1.260709731154490e+09  8.256657654629468e+05 -4.866695970667426e+05
  1.262876839685978e+09  4.063778531860160e+06  3.217497009758343e+05
  1.268007000280372e+09  2.165736811941322e+06 -1.220235405619565e+06
  1.267335859883138e+09 -2.533706580551441e+06  2.426871833586290e+05
  1.262747713879136e+09 -8.473557832229994e+05  1.431167808180183e+06
  1.261550508410057e+09  1.758770585740377e+05  4.486701397500369e+05
  1.261298626483010e+09  2.149264829568313e+06 -2.437895146636429e+05
  1.261254758289933e+09 -5.895185681709024e+05 -1.147969145911117e+06
  1.261822398811594e+09 -5.578532585974194e+05 -2.389224884588134e+06
  1.260365943240335e+09 -3.452862659516861e+05 -3.587428616220929e+06
  1.262323980640486e+09  1.359084194926498e+06 -2.717491935606831e+06
  1.264167938778460e+09  8.815067062951368e+05  5.100533734083283e+05
  1.264841601600887e+09  4.902081844782224e+04  2.140941482377210e+06
  1.265258795897871e+09 -3.069379156879222e+06  2.367043101032444e+06
  1.265377706914695e+09  2.262507231549033e+06  2.262317226944271e+06
  1.259705039494122e+09  1.369556761869609e+06  2.350232589554427e+06
  1.261313047018988e+09  5.380947238277146e+05  3.830156432421035e+06
  1.262823925527905e+09  2.569738797608000e+06  1.910552584471253e+06
  1.260472706889815e+09  3.562722233555399e+06  5.349290072175100e+05
  1.264052626397827e+09 -1.653395985110977e+06 -8.485059624897281e+05
  1.261653337018991e+09 -2.284103904588164e+06 -2.320341264455729e+06
  1.266607103880145e+09 -2.037557476146535e+05 -2.876385813893698e+06
  1.262500553425883e+09  2.731818897100639e+06 -2.669653183916989e+06
  1.260800150382762e+09 -2.294517063552729e+04 -1.238864795863830e+06
  1.264360461036376e+09  1.769188780361889e+06  2.410213610717944e+05
  1.264361469256139e+09 -8.937722675099197e+05  1.237833364704022e+06
  1.263499268892486e+09  3.099195245948010e+06  2.165367897316877e+05
  1.261376803892243e+09  3.459586010968219e+05 -1.299056401729049e+06
  1.262986543265021e+09  9.495067752489340e+05  2.217108879212383e+04
  1.258886414001883e+09 -8.527301968160680e+05  1.338120275277188e+06
  1.262045058870600e+09  1.491369876698243e+06 -1.533505717667266e+05
  1.262854958882451e+09  2.628145544540728e+06 -1.950948529885974e+06
  1.261987765619938e+09  8.258556971510762e+05 -1.907041012012676e+06
  1.259526176351254e+09  1.099127015922857e+06 -3.979199214581662e+05
  1.263455975993502e+09  1.824429388862358e+06  1.846723769075637e+05
  1.262243181286052e+09  2.229639280613043e+05 -7.848604557897014e+04
  1.265436476113109e+09 -1.991783399503923e+06 -1.364277654098637e+06
  1.265175536514009e+09  1.760267371979677e+06 -1.758694597543744e+06
  1.258174157008407e+09  9.694181493651342e+05  9.687618782714165e+05
  1.263127557853065e+09 -5.230262609302887e+04  3.231924724031145e+06
  1.263593273297294e+09  1.401465326588969e+06  1.930427308129177e+06
  1.265166182680140e+09  7.318981596104918e+05  5.000873510856726e+05
  1.264317196967070e+09  3.764964659990638e+06 -7.718960481906014e+05
  1.262567984950963e+09 -4.092983294190506e+05 -1.020099661006927e+06
  1.262282057500316e+09  9.907994644887614e+05 -7.127230336602131e+05
  1.264543213461879e+09  8.647332575960221e+05 -1.336659264205576e+06
  1.263242388099366e+09  7.964151286745266e+05 -1.529459096314360e+06
  1.260444903385658e+09  2.560021392573638e+06 -4.366353324198474e+05
  1.263875538049802e+09  3.962352923383087e+06  1.577014460531214e+06
  1.262315924191497e+09  5.601720838381316e+05  1.181083017213154e+06
  1.265122032949208e+09 -4.524509413909609e+05  1.086714070529491e+06
  1.265092977368640e+09  2.011840197273571e+06  2.358252316987561e+06
  1.261023163344111e+09 -2.104054699652771e+06  5.994846205512986e+05
  1.264936844774457e+09  1.381990303689065e+06 -6.469456819222560e+05
  1.262408834144494e+09 -2.113640124455819e+05 -4.017622043800663e+05
  1.264613105201931e+09  2.945647058728308e+05  1.941931512052278e+04
  1.262966993920477e+09 -1.820014185496529e+06  2.291271424488613e+06
  1.266427528291983e+09  1.748439290154035e+06  4.030537933775763e+06
  1.263732944104248e+09  2.051592494389399e+06  2.836241378569169e+06
  1.265298198039917e+09  5.862438356683808e+05  1.924660985741077e+06
  1.260126349135026e+09  3.666131306381900e+05  7.202834237617565e+05
  1.264404644727292e+09  4.124029354810776e+05 -5.693630525960326e+05
  1.265792281235496e+09 -6.071035726545503e+05  3.605939104531799e+05
  1.261245475851960e+09  1.638909780413948e+06 -1.032537304719324e+05
  1.260722437057301e+09  4.521074444503372e+06 -1.511144428740885e+06
  1.263780428862449e+09  6.486868426288685e+05 -1.031625891402088e+06
  1.259282043820600e+09 -1.435170923538479e+06  7.726408704320724e+05
  1.261208000318953e+09  2.087918401840051e+06  1.214456062258611e+06
  1.263254935059173e+09 -1.153782508657731e+05 -6.676441250581950e+05
  1.260541756007729e+09 -3.245335838476736e+05 -1.094572258962330e+06
  1.262707782609831e+09 -6.763867296976290e+05 -8.858951267990286e+05
  1.262890942456287e+09  1.403777171117107e+06 -3.553071753652342e+05
  1.267183405554950e+09 -1.013286659738758e+06  2.616032507336866e+06
  1.263295838641498e+09 -3.543760159232584e+05  4.106646766084589e+06
  1.260093036553458e+09 -6.370180709101636e+05  2.178601391436569e+06
  1.259171654017854e+09  1.588831472010498e+06 -3.170871619330651e+05
  1.263430168928175e+09 -4.021911772202983e+05 -1.916130650832084e+06
  1.263379280799486e+09  6.060107735693374e+05 -1.161273209226428e+06
  1.263250107040262e+09 -1.210085735037830e+04  7.985530485466236e+05
  1.262473185893912e+09  1.954920973087900e+06 -5.288838836493168e+04
  1.263733911798822e+09  3.880969869421116e+06 -1.046808843242352e+06
  1.262785765971197e+09 -2.039773852311603e+05 -4.906255626705655e+05
  1.261145338065573e+09  4.082493929901675e+05  6.078396212348195e+05
  1.261570038543401e+09  1.161402205473056e+06  1.142775148951617e+06
  1.262955687724413e+09  1.930151240101717e+06 -8.935236168057788e+05
  1.263519157939242e+09  1.142013583594727e+06 -1.730869810135932e+06
  1.262446187859415e+09  1.475020720361684e+05 -1.098117618795077e+06
  1.263682531216832e+09 -1.706814440449544e+06 -5.521916552704453e+05
  1.264112503989354e+09  3.630614690722567e+05  7.387302455532720e+05
  1.262196095620903e+09 -3.703077664803402e+06  2.070963113494403e+06
  1.263149410234472e+09 -1.512497469351875e+06  2.614035464807006e+06
  1.265135759935171e+09  2.542902421847657e+06  2.721488577875133e+06
  1.266651938324464e+09 -2.055250704519102e+05  3.415756880112406e+06
  1.263495408312726e+09  5.237846021799308e+05  1.848468886567851e+06
  1.263256718233625e+09  2.126165498247975e+06 -1.904125638615541e+06
  1.260722178397604e+09  1.525779504180036e+06 -1.657308852576425e+06
  1.260629243949459e+09  3.720371391048230e+06 -2.759489517159059e+05
  1.261090075385138e+09 -2.265325932774326e+06 -6.386790231317100e+05
  1.265777423187994e+09  2.649228773407016e+06 -2.563003297614702e+06
  1.265396770533656e+09 -1.612472166468347e+06 -1.214149876993243e+06
  1.261854647856689e+09  3.050020669811704e+05  2.693919490800478e+05
  1.262467380694349e+09  1.756413197026874e+06 -8.623552839748701e+05
  1.262290720562861e+09  3.173759664447933e+06 -2.865682876883875e+06
  1.265367076663511e+09 -3.738916738538255e+06 -2.632513417241366e+06
  1.262137610821115e+09 -4.509612706224000e+05  6.467824263652097e+05
  1.261707240457421e+09 -3.275778097441096e+06  1.637598051708596e+06
  1.262810943244954e+09  3.335631683577813e+05 -7.741578205943236e+05
  1.261862700640123e+09  2.737929271677610e+06 -1.098329783624491e+06
  1.262358452681897e+09  1.232841364352947e+05  1.528536632585078e+06
  1.264644286124226e+09 -4.349870592964722e+05  1.839287660228461e+06
  1.261602568137215e+09  1.544849254395118e+06  4.360344823857731e+05
  1.260618998623232e+09  1.783910321530818e+05  7.837489203430407e+05
  1.263076804668588e+09  6.650581083368215e+05  2.746132710273955e+05
  1.265649512319615e+09 -2.027248676535345e+06 -1.500771504096290e+06
  1.260585370487234e+09  1.715478667331617e+06  3.304795838381066e+05
  1.262193386646881e+09 -4.160962493501916e+06  6.911402858714563e+05
  1.263289502482590e+09  2.686296777604178e+05 -3.423352475662669e+05
  1.260592361110318e+09  2.616567334820840e+05 -2.927623145295840e+06
  1.262470097878191e+09  4.036718890606886e+06 -4.198699236061561e+06
  1.265910173387825e+09 -1.780116777645489e+06 -3.387182700232308e+06
  1.261785023428139e+09 -6.152575098002569e+05 -1.824395921364576e+06
  1.263099937953919e+09  1.112784467616821e+06 -1.881345362951466e+05
  1.262787200699052e+09  3.063737568870363e+06  1.236762769236244e+04
  1.263887880102076e+09  1.926566380899248e+06  2.278621378409247e+06
  1.259707515650336e+09  8.215673174248381e+05  3.723807213471107e+06
  1.265860070118609e+09 -5.000056046638846e+05 -1.224507031147615e+06
  1.260566404255179e+09  1.263376780725319e+06 -3.252421777614198e+06
  1.266472046358808e+09  1.885856576855206e+05  4.015477460863134e+05
  1.263062219736458e+09 -1.455555843337244e+06  1.381291475054519e+06
  1.260586911354023e+09 -5.511576984724230e+05  1.862317200530812e+05
  1.264069377110550e+09 -1.645375279234191e+06  2.228267347096931e+06
  1.260309989540440e+09 -1.830034693581686e+06  1.655089052189245e+05
  1.261697168083417e+09  1.740402738351875e+06  2.944202078721772e+05
  1.260598126943249e+09 -6.750147936565299e+05  2.762992058437907e+05
  1.263689765821204e+09  1.712250525811953e+05 -3.286680050090057e+05
  1.268632145873025e+09  1.169962687243057e+06  2.920814168940139e+05
  1.266386180252324e+09 -5.129363111573440e+05  1.591879016608665e+06
  1.262203549223372e+09  3.011098096656225e+06  2.515724984155761e+06
  1.260717707206722e+09  1.764808267177657e+06  2.064353247458005e+06
  1.262018799857685e+09  2.955034625471488e+06 -3.334018475680198e+05
  1.265193039371844e+09  1.031881151528959e+06 -3.439568143619168e+06
  1.261445721844607e+09 -2.209411947183244e+06 -4.033710309994361e+06
  1.263043684380994e+09  2.210638781966071e+06 -1.904167725800863e+06
  1.260681807425928e+09 -2.135926726625839e+06 -3.808487693713617e+05
  1.262777194473103e+09  2.348798014216020e+05  1.602550773086639e+06
  1.263668758584486e+09 -1.560694863523198e+06  3.607413132515142e+06
  1.260736417283558e+09 -2.294316340539563e+06 -5.565649672365974e+05
  1.263320182405881e+09  2.445514262971832e+06 -7.615020702052017e+03
  1.264110714845392e+09  1.683989485977411e+06  4.824212392547941e+05
  1.259828399683151e+09 -2.768209905992263e+05 -5.019490547734763e+05
  1.261465303215006e+09 -1.549342575726273e+06 -1.071642627424715e+06
  1.262144616910296e+09  3.517653864837262e+06  6.099011956281236e+05
  1.264206336620829e+09  4.933090110315843e+05  2.475079064037649e+06
  1.264463477861970e+09  1.484396245554758e+06  2.348975396181305e+06
  1.259959703540976e+09  8.598355217931856e+04  2.265434942587778e+05
  1.265643674972658e+09  4.332805537444698e+06  2.045922787327338e+05
  1.262524089213033e+09 -1.315857549327356e+06  3.878675108697849e+05
  1.263664636486796e+09 -2.304695370809832e+06 -1.962471976949274e+06
  1.266409778341203e+09  2.610781780070771e+06 -2.160231653202277e+06
  1.262876541592395e+09 -2.971230398295711e+06 -3.228795902071624e+05
  1.261417800212532e+09  3.066458605385606e+06 -3.965451084103372e+05
  1.264484231431074e+09 -2.164783421131662e+06 -9.816262757629981e+05
  1.259953503961104e+09  7.880925026090578e+05 -2.062746512297819e+06
  1.265401920838030e+09  2.724068838523590e+06 -3.388736772149196e+06
  1.260532281274420e+09  1.618694711451278e+06 -1.339375387894081e+06
  1.261706017980829e+09  9.471717580384694e+05  1.923949571488217e+06
  1.263805329680556e+09  4.172475186559595e+05  3.155081101788417e+06
  1.264038607279854e+09  3.974704878561795e+06  2.484792653118439e+06
  1.262599074019082e+09  1.586116027837281e+06  3.956021393577111e+05
  1.266032326333553e+09 -4.688648477415059e+04 -1.219213149804639e+05
  1.260764178000512e+09  5.767751196122621e+05  3.886389051507137e+05
  1.264748692912151e+09  3.645332404176322e+06 -7.310181521037236e+05
  1.262713093142320e+09 -8.172905720982688e+05 -1.441925313440660e+06
  1.265244946570526e+09 -5.967245326876511e+05  4.250851554046622e+05
  1.265072325804286e+09  2.126885869842373e+06  1.610599146956765e+06
  1.264503762147901e+09  4.422088566459457e+05  1.430177028967980e+06
  1.261542461959681e+09  3.402625287263867e+06  1.353102746857638e+06
  1.265872252013509e+09 -4.033463290832586e+05  3.664865673357935e+04
  1.264406464152085e+09  1.824663578112804e+06  2.107934698741584e+06
  1.267247261108680e+09  4.036977131239682e+05 -6.657174684020318e+04
  1.261487107159957e+09  2.072591421518621e+06 -1.743082636029982e+06
  1.263176215104995e+09  5.374419332911534e+05 -9.962761809240693e+05
  1.262034714857808e+09 -3.720465357873926e+04  3.787962306626426e+05
  1.264132421114536e+09  2.942470835157603e+06 -2.003929398461616e+05
  1.263879072405606e+09  5.739413402505578e+05 -1.542020812238091e+06
  1.260761371679739e+09 -1.042391617254654e+06 -2.072447058812914e+06
  1.263931671602176e+09  5.361419045672880e+05 -2.060785709369646e+06
  1.261874146086229e+09  7.806909293841196e+05 -2.145642490622605e+06
  1.265438247986198e+09  1.763399362132854e+06 -1.140499341176510e+06
  1.263638911571341e+09 -1.613268279769572e+06  1.633834201969940e+06
  1.264645525084112e+09  1.603008618141137e+05  2.871693594445618e+06
  1.264635102526786e+09  1.602255705752875e+06  7.966296352175544e+05
  1.262901280385022e+09  1.619211232337781e+06 -8.465996116653164e+05
  1.261843886463476e+09  6.596219695977529e+05  1.076302993231302e+06
  1.264446956746166e+09  1.294280800651625e+06 -1.129784930419161e+06
  1.265615148401284e+09  1.134957550423137e+06 -1.361739920347197e+06
  1.263557491726904e+09  1.928235761418973e+06  5.244184573249943e+05
  1.264043304947330e+09 -4.597866140802760e+05  2.574980587411585e+06
  1.262752728362098e+09 -2.256347965000847e+06  1.871782049131690e+06
  1.265181872773486e+09 -4.202233437134558e+04 -3.959140341103472e+05
  1.264424653409100e+09 -1.500489546946962e+06 -9.623320710419125e+05
  1.263626093617508e+09 -1.176420196247813e+05  3.188259570623147e+05
  1.265024043023350e+09 -1.570816205387810e+05  1.091735959487759e+06
  1.263850491397603e+09 -1.587090550917227e+06 -1.186540538456306e+06
  1.261275695670290e+09 -5.131233082354631e+05 -3.334043506192595e+06
  1.262862393431805e+09 -2.048359000369084e+06 -2.274655807926492e+06
  1.259856687703540e+09  3.815204470440885e+04 -1.060649075764772e+06
  1.262960320711417e+09  9.044065795198872e+05 -2.197352413450881e+06
  1.259943086699133e+09 -1.004787555619841e+06 -3.102656400063327e+06
  1.263411603772267e+09 -5.224785228969673e+05 -1.579133347719301e+06
  1.263158642231942e+09  8.767584683840550e+05  1.397858648057037e+05
  1.263919412463526e+09 -2.379228744470782e+05 -9.768223325381667e+05
  1.261604526821286e+09 -4.493462010265759e+05 -1.047856481618028e+06
  1.264756827951429e+09 -1.351150924421144e+06  1.407785719040600e+05
  1.262220910806656e+09 -2.054729291760369e+06  2.656312526530456e+06
  1.262972565190099e+09 -9.347739693888923e+05  6.658119968325154e+06
  1.261220688074327e+09 -1.860439675887266e+06  5.186017892593232e+06
  1.260575976484609e+09  1.816889465088652e+06 -1.113474033718082e+06
  1.261057601841393e+09  9.183397689003681e+05 -3.437766416445994e+06
  1.265126685644953e+09 -9.035635690637231e+05 -3.031460984001963e+06
  1.261184605539556e+09 -1.891593334796883e+06 -1.026870868219971e+04
  1.264527615654567e+09 -4.196219514832707e+05  2.189183630275328e+06
  1.266478151861742e+09  1.550964379165984e+06  9.516112222075707e+04
  1.261375527910661e+09  2.164348495082816e+05  2.497576701334170e+05
  1.262058035449106e+09 -2.582162783868744e+06  2.303057773843623e+06
  1.266846004585351e+09  2.154882797696833e+05  1.768361082868452e+06
  1.266752846761027e+09 -9.003175331240166e+05  1.060341268404598e+06
  1.262574752619538e+09 -4.658360747036351e+06 -1.499310442872807e+06
  1.263294494161145e+09 -1.015203868858923e+06 -2.211881200728553e+06
  1.260015048746369e+09 -1.612927318331262e+06 -9.951065696058499e+05
  1.262263968869644e+09 -5.207315645988126e+05 -1.262162358711771e+06
  1.264876914885971e+09  2.510851397085481e+05 -2.219287677752496e+05
  1.264766908371058e+09 -8.661761793819406e+05  1.914370061195195e+06
  1.265879851396942e+09  2.152205371594947e+06  2.920454353824428e+06
  1.258559601391183e+09  3.016288867040695e+06  2.009607853890647e+06
  1.265271441090240e+09 -4.240858444375561e+05  4.791967262246426e+05
  1.265730336945273e+09 -7.822620523041012e+05  1.799175625545842e+06
  1.264857423588968e+09 -1.110785310573580e+06  4.070850460780091e+06
  1.261344800804255e+09  1.681402429229064e+06  4.794585565404305e+06
  1.263068408369112e+09 -1.524232564628471e+06  3.564471383088531e+06
  1.262776996893800e+09 -1.138274649351586e+06  1.771940737488060e+06
  1.264339844374434e+09  3.293270483223794e+06  1.557350408823578e+06
  1.265836082459021e+09  2.028444082549307e+06 -2.115812966969356e+06
  1.262827166975639e+09 -1.024436674415755e+06 -1.394365579765622e+06
  1.264909261767430e+09 -1.453829936060734e+06 -3.997087776614439e+05
  1.260261588858912e+09  3.983221495349500e+05  3.764712924797673e+05
  1.264354442386114e+09  1.924658738758040e+05 -2.121207770038811e+05
  1.262223644510415e+09 -1.940618292977292e+06 -4.862643977245468e+05
  1.264242814532386e+09 -1.452764333897534e+06 -3.831770238955942e+04
  1.261476442299204e+09 -3.878756364800822e+04 -2.079849441181160e+05
  1.263590847728478e+09  2.564167142841705e+05 -5.992235099657112e+05
  1.265480729176600e+09  2.751918028317139e+06  9.796957784308135e+05
  1.260968424141157e+09 -1.855763037022568e+05  2.765174495310005e+06
  1.264000506138608e+09  2.272891578655334e+06  3.803410166249161e+06
  1.260338322845694e+09  3.463545895646911e+05  3.690326031436110e+06
  1.260927550142857e+09  8.595730533569803e+05  1.127521628716147e+06
  1.260137867004662e+09 -3.132699088475843e+05 -2.838175850767384e+06
  1.262551980230200e+09 -3.427037666934282e+05 -3.946343002278949e+06
  1.269729158762187e+09  3.842226951043487e+05  3.286093440620514e+06
  1.263864657428443e+09  2.101620845413285e+06 -1.415459969474828e+06
  1.263599207764406e+09 -9.126805278608907e+05 -2.936126639173510e+06
  1.261695712710125e+09  1.266008978031207e+06 -4.674499807609768e+05
  1.260779251162868e+09  8.489267785404968e+05 -7.374571640132021e+05
  1.259291166323622e+09  2.995853219293555e+05 -2.181413962069883e+06
  1.263993775481279e+09 -1.115160736645982e+06 -2.755316745223240e+05
  1.261194474644694e+09 -2.287122691712176e+06  1.405424490665356e+05
  1.260840969964537e+09 -8.128634905897100e+05 -2.517648920612358e+06
  1.264765572430461e+09  2.230621698226670e+06 -3.199397483447726e+06
  1.263979654340296e+09  8.265809400429655e+05 -2.105747519188691e+06
  1.266158299379565e+09  3.713757269647554e+06  8.384547078283696e+05
  1.264732738563390e+09  1.971642730685976e+06  2.034623307605876e+06
  1.260302739467781e+09 -3.438179720615279e+05 -1.435610097022558e+06
  1.262781693050288e+09 -1.304190030796340e+06 -2.504339560366875e+06
  1.261981195089924e+09 -1.032848427548054e+06  1.964199606229963e+06
  1.262106016474116e+09 -5.884621027654267e+04 -1.159085393084045e+06
  1.264401776397281e+09  2.859381217663114e+06 -1.125162293021349e+06
  1.263767214211530e+09 -2.845933752278632e+06  7.005806992542904e+05
  1.265085264021744e+09  2.336923436715073e+06  2.314934654611703e+06
  1.263454848138634e+09  1.586640000029916e+06  2.613326604685850e+05
  1.260855313700825e+09  2.589866915792497e+05 -1.672527661085082e+06
  1.264595501388704e+09  4.368193612022811e+05  6.515413260687861e+05
  1.263248072227802e+09 -3.428345254275037e+06  2.742806838505016e+06
  1.263056412174624e+09 -2.798299144176970e+06  2.092998608134547e+06
  1.260261759325173e+09  2.353237286881973e+06 -8.119657598933178e+05
  1.263818849201376e+09  1.345874457078946e+06 -3.268845483679013e+06
  1.261032708323970e+09  1.765234263069449e+06 -2.638528146124280e+06
  1.261779117208284e+09  2.431510494080293e+06 -3.158775068169929e+05
  1.262774659751205e+09  1.174191625556925e+06  1.721092260195611e+06
  1.263951611479346e+09 -3.461209249224356e+06  2.609474170634090e+05
  1.260436657096049e+09  1.055302649521104e+06 -1.307057565777494e+06
  1.263732117468527e+09 -3.035488149330530e+05  1.623072070702713e+06
  1.260770957125053e+09  1.309244857851675e+06  1.029129334354396e+06
  1.264821902586547e+09 -2.264993205044485e+06  3.371186720340180e+05
  1.261307633389786e+09  2.708560855550829e+06  1.178153544770546e+06
  1.262103023768428e+09  2.967958711492125e+05  3.181492279920173e+06
  1.263752310019337e+09 -2.955521951789253e+06  2.417284498311390e+06
  1.261062862947329e+09  2.004856581743832e+06  5.952432945346220e+05
  1.265458064850758e+09 -3.383230792486354e+06  5.256887456902389e+05
  1.265548314670455e+09 -2.541435555098285e+06  1.955782024859719e+05
  1.261941942168541e+09  2.427083839630813e+06 -2.472770646262638e+05
  1.265583555723650e+09 -5.570407567327641e+05 -6.259159305915200e+05
  1.265064972383334e+09  1.498939300985217e+06 -9.572140594312747e+05
  1.263427397830401e+09  1.508126909506294e+06 -1.487695414713034e+06
  1.260998064291506e+09  2.982974526810078e+06 -3.626281871782981e+05
  1.263125118023768e+09 -2.653346359000195e+06  2.787000810108071e+06
  1.260300630198215e+09  3.055659707699778e+06  3.022757172591647e+06
  1.266849766990503e+09  5.447523502317823e+05  1.944337738784245e+06
  1.263727340864476e+09  1.860078213719480e+06  1.455785517873994e+06
  1.261891782188909e+09  8.713789207161581e+05  1.479202542126508e+06
  1.264113960075091e+09  1.010912864487007e+06  9.702183972171462e+05
  1.264238445077016e+09 -6.163855855038133e+04  2.570883671160376e+04
  1.264090180726806e+09 -4.156070842158905e+06  8.754073944217490e+05
  1.263145887446438e+09  1.358982864359312e+06  2.092370877461796e+06
  1.264090391324306e+09 -2.371707894323794e+06  1.293802822103658e+06
  1.264535081356462e+09 -2.527814099596266e+06 -3.732714192046731e+05
  1.265107491883575e+09  1.834695067171897e+06  7.572727147631248e+04
  1.263053702920915e+09 -1.785886435345676e+06  6.446762575091212e+05
  1.262001533516638e+09  2.877442039141313e+06 -1.216806604519011e+06
  1.261815587946334e+09 -1.281550698057546e+06 -3.723678894168345e+06
  1.262493727379623e+09  9.358704673726646e+05 -4.521342706478877e+06
  1.261744563482853e+09  8.075811959629601e+05 -2.488377097054053e+06
  1.263197732448277e+09  1.104526097917821e+06  6.681767500729564e+05
  1.261169783006651e+09  6.254572288797004e+05  2.395725788120938e+06
  1.260929736694086e+09  6.803422684326755e+05  1.418762658486785e+06
  1.263928862916021e+09  1.688498325726299e+05  4.825833013541895e+05
  1.262089991222083e+09  3.898229696236633e+05  3.963576671289602e+05
  1.261337884253032e+09  4.050202015173393e+05  2.789338275754599e+06
  1.265096828054587e+09 -2.410143586562824e+06  5.145604337661644e+06
  1.265885189483319e+09  2.056696868869973e+05  4.860141953321476e+06
  1.264554808772011e+09  5.776395138003093e+05  2.607634017645847e+06
  1.259750925358077e+09 -1.699314357151039e+06 -8.533304899375151e+05
  1.259282344441326e+09  1.323470975680844e+06 -2.140467478381735e+06
  1.262285914535415e+09 -3.791490791426117e+05 -2.174778192316588e+05
  1.262678508535366e+09  2.005490995084417e+06  1.610410358379482e+06
  1.262789339989394e+09 -2.352724115407438e+06  2.428506450941203e+06
  1.265749535638470e+09 -6.883704310394931e+05  2.933986841166582e+06
  1.264520951439224e+09  1.946136007863930e+06  2.625078411639153e+06
  1.266217816889176e+09 -3.175281849035508e+06  2.538277469877087e+06
  1.263555332708004e+09 -1.193231464971577e+05  1.093640648910560e+06
  1.261802871617249e+09 -1.855378681323254e+06  3.155165271504522e+06
  1.260568870851963e+09 -8.753385906897425e+05  3.404138030498563e+06
  1.262971392628357e+09  9.028136429679159e+05  1.682855998574524e+06
  1.262440257390734e+09 -8.932548561715600e+05 -1.252713728107805e+05
  1.264802276469788e+09 -4.886024208446052e+05 -1.090378615475587e+06
  1.264998887739385e+09  2.318851057404721e+05 -1.152386316494297e+06
  1.261503988778505e+09  4.337098415620019e+06 -4.751199038299330e+05
  1.264065507441888e+09 -3.380121513524418e+05 -1.593928412912871e+06
  1.265815485107260e+09  6.864280424457206e+05 -4.194961365827743e+06
  1.265220781338568e+09  1.312861446184153e+06 -2.720460005467765e+06
  1.265284898147053e+09 -2.133552573679592e+06 -1.424633822993046e+06
  1.262294997012136e+09 -2.613851844183433e+06 -2.395597247599399e+06
  1.259925228356932e+09  1.586697036683080e+05 -2.568527435485697e+05
  1.260614279352917e+09  7.612216670613871e+05  1.640795354212268e+06
  1.259853394539894e+09 -4.107989672220800e+06  7.548558599343696e+05
  1.266014104414230e+09  1.471064964552652e+06  2.493675811884005e+05
  1.264317042499070e+09 -3.502391211880296e+06  4.965445486888374e+05
  1.261828013537018e+09  4.095424815750261e+05 -4.033206496414022e+05
  1.264461482295678e+09  2.057613703096358e+05 -2.965843420831180e+06
  1.261489840823015e+09 -7.537733981246995e+05 -9.121995782312226e+05
  1.267225157594655e+09  5.224686475345072e+05  6.035076490820791e+05
  1.263110686630675e+09  5.554290683972527e+05 -5.861991953234861e+05
  1.263713927516569e+09  5.151647867492249e+06 -8.935250405816446e+05
  1.262351525296169e+09 -1.949005066325744e+05 -1.172255370081132e+06
  1.262112236195199e+09  5.551715563218847e+05 -8.840434038486297e+05
  1.264464616395523e+09  1.899154387121261e+06 -2.661037051204738e+05
  1.263979474877196e+09 -4.223104835339796e+06  1.367729248944609e+06
  1.263098084335910e+09 -2.033075422819717e+06  1.331500777992964e+06
  1.258950047161193e+09 -1.691315894148987e+05 -1.289016343566221e+06
  1.262025784285676e+09 -1.192789491582243e+06  6.952672542159348e+05
  1.266666103442763e+09 -1.425753580803592e+06  2.500703877113733e+06
  1.262993010709888e+09  3.621469440802423e+06 -1.449448929630100e+06
  1.262966838584748e+09 -3.366406556157731e+06 -3.165301472041641e+06
  1.262418566736751e+09  5.028100168408009e+05 -3.345772284675700e+06
  1.260456148675671e+09  5.380245367083178e+05 -1.851269885220335e+06
  1.262832442327723e+09  1.726517263555247e+06  8.368602174427157e+05
  1.264301378197888e+09  7.763389901383368e+05  9.675856464411793e+05
  1.260903595112525e+09 -2.926958819435826e+05 -2.152360634552564e+06
  1.261620719569323e+09  2.676157975655117e+06 -3.631766279425573e+06
  1.263043024089562e+09 -7.624240259470104e+05 -7.015281092250027e+05
  1.263349357395562e+09 -4.389417638029262e+05  1.411330059723115e+06
  1.260169589119717e+09  6.889025683640364e+05  2.212074761303376e+05
  1.263649414702445e+09 -3.343642634543696e+06 -1.061509218945516e+06
  1.262350857094820e+09 -5.274076110810253e+05 -1.793790772000949e+06
  1.263830897106012e+09 -1.691604900550653e+06 -1.078408156515284e+06
  1.265633002668417e+09 -2.418432051197057e+06  2.674357252228142e+05
  1.261324919915305e+09 -1.315707305925740e+05  2.919419946964418e+05
  1.263516176368188e+09  1.091093771503690e+06  5.763088123658745e+05
  1.260615185352355e+09 -1.261343175522455e+06  2.160909838953851e+06
  1.261140119235487e+09 -2.347875958397408e+05  5.277505839841205e+05
  1.261159577283109e+09  1.798999186505819e+06 -1.335069026663992e+06
  1.263559251193674e+09  2.166288612807353e+05  1.703705921148165e+05
  1.268839748792548e+09  4.460120315626080e+05  2.384694122129745e+06
  1.264600574795127e+09  3.034443235736716e+05  5.525909224676809e+05
  1.262576626646143e+09  6.134086255528940e+05 -1.077069339368609e+06
  1.258333035852216e+09 -1.700872630039800e+06 -2.648229680861405e+03
  1.259468142312558e+09 -9.295626895312315e+05  2.246795550475758e+05
  1.263853796683657e+09 -2.326630804534405e+05  1.619224786480051e+06
  1.259941712310697e+09 -2.568997484201393e+06  3.649780249642898e+06
  1.263989144790524e+09  1.541462512280668e+05  4.341025153269738e+06
  1.262362915043363e+09 -4.167979179199589e+05  4.701025085868193e+06
  1.261465718457115e+09 -1.970024077785372e+06  3.360032636509339e+06
  1.263068931371239e+09  1.137339418529246e+05  4.357047719016562e+05
  1.259466412988576e+09 -2.299975060904435e+06  5.598092260497208e+05
  1.262859069442428e+09 -8.408357621266682e+05  4.878826951210187e+05
  1.263594876939786e+09  7.690654911758241e+05  3.771238663678413e+06
  1.263752004063673e+09  1.952454211119795e+06  1.276837577492599e+06
  1.263388684130322e+09 -2.083711359962083e+06 -3.424691618984186e+06
  1.264608500629711e+09  1.139285255770357e+06 -1.119388141289564e+06
  1.260200738512643e+09  2.792673495039286e+06  2.458959168092806e+06
  1.264332487763475e+09  1.237298197372890e+06  2.026687640029714e+06
  1.259548592605551e+09 -3.574552215087573e+06  7.437741659806527e+05
  1.265039516149873e+09  2.358379553196504e+05  5.041423595273730e+05
  1.263748384528442e+09 -4.164873588145552e+05  3.872004088592227e+05
  1.264017346942091e+09 -2.077223594162751e+06 -5.734504456364993e+05
  1.262828795307978e+09  2.385000104694747e+06 -1.089693436762245e+06
  1.262735107681501e+09  2.621610407024716e+06 -8.220868154485356e+05
  1.264080654581013e+09  7.779213518761160e+05  1.099581401112793e+05
  1.263482834323021e+09  1.166217427632292e+06  1.735929847230091e+06
  1.261012818030343e+09 -1.372948008159896e+06  2.425841497477153e+06
  1.264584745742828e+09 -8.713995265749389e+05  2.484852948256976e+06
  1.263247910895272e+09  2.653641156026836e+06  1.870825236970992e+06
  1.260434687431793e+09  2.035012781035579e+06  5.260892989667456e+05
  1.263135092314539e+09  4.154180363550693e+05  8.082524443889678e+05
  1.262785726094415e+09  3.496864405587894e+06  1.231937513525034e+06
  1.262490644412143e+09  4.397589638093507e+06  8.666775260779449e+05
  1.264770767002224e+09  3.540064013877737e+06 -1.483890657061482e+06
  1.261894999459291e+09 -3.924693047367389e+06 -2.384916904568084e+06
  1.266289932293962e+09  5.952495562182534e+05 -8.984376916929481e+05
  1.261571236591826e+09 -1.531322309157667e+05 -8.333366982507780e+05
  1.264785855874027e+09 -8.360340932193311e+05 -8.701218372443672e+05
  1.266292168810115e+09  3.553305788378325e+06 -1.502366642927712e+06
  1.266718275284428e+09  4.186863245611992e+06 -3.538270676453361e+06
  1.264234075765180e+09  2.908100311635881e+06 -2.487917827676327e+06
  1.265815303811615e+09  1.249272986249607e+06  1.310899733195065e+06
  1.265251982146303e+09  7.343753477902084e+05  2.523200526193822e+06
  1.267692213621164e+09  6.274946664872140e+05  1.512986068053477e+05
  1.262961377571022e+09  2.940250432463507e+06 -1.378474231373629e+06
  1.261276109195538e+09  2.608860009899621e+06 -1.545385497657074e+06
  1.263233750967102e+09  2.188407174565849e+06 -1.489441645867441e+06
  1.265305382456685e+09  3.979582684716923e+06 -1.237313012588164e+06
  1.264461246209118e+09  3.020165126554477e+06  1.574551392354831e+06
  1.260299527821373e+09  3.082131166287504e+06  3.023067553693343e+06
  1.264098803677903e+09  2.611629320083477e+05  1.762520278776939e+06
  1.263398116860065e+09 -1.172564921038180e+05 -2.730129323193664e+05
  1.264142964733653e+09 -3.014234750657581e+05 -1.697064239384178e+06
  1.265599870199815e+09  3.050089264728285e+04  1.634768313292335e+05
  1.264580506590276e+09  2.516669840786187e+06  1.104662233360617e+05
  1.266177002231706e+09  4.193362312137141e+06 -2.381780781957224e+06
  1.263932465373219e+09  2.014956660784780e+06  5.788283899065347e+05
  1.260691280664249e+09  6.844044129035471e+05  4.084235926638226e+06
  1.262898054805962e+09  9.507790728378114e+05  2.698016720589806e+06
  1.263695090193462e+09  2.915356856757026e+06  2.856786240412757e+06
  1.263237185025864e+09  1.900259880275392e+06 -1.002991283839403e+05
  1.262009002435631e+09  2.457182788818998e+06 -2.288582895002055e+06
  1.260448369939536e+09  5.265778994237916e+05 -1.163256756996830e+06
  1.263359112785912e+09  1.498980946042566e+06 -1.602735367439156e+06
  1.264384032002031e+09  2.563927455319208e+04 -3.127152679046760e+06
  1.263504475399518e+09  1.585006978564935e+06 -1.584688205702437e+06
  1.266090526010315e+09  3.473945381617535e+06 -9.487032631322427e+04
  1.264834038939175e+09 -1.726650506990878e+06  1.372731800872877e+06
  1.260658937645446e+09 -1.907264921865332e+06  4.084596246403885e+06
  1.264970064726945e+09  4.296552728641427e+05  2.977191581174614e+06
  1.261177928054650e+09  1.294742618844173e+06 -9.695171842639057e+05
  1.261525452053417e+09  1.116740589859130e+06 -8.774961294537976e+05
  1.260804751002655e+09  3.060645002832051e+05  1.325416960599185e+06
  1.261928672213454e+09 -6.387108954637389e+05  1.799726827725530e+06
  1.263019156987903e+09  1.568693549057388e+06  1.297619032684101e+06
  1.262122235918550e+09  4.311143093136230e+06  6.383639058124106e+05
  1.261499999084321e+09  5.674909363784241e+05  2.251646296441762e+05
  1.265484239455553e+09  1.471304629523299e+06  4.177933879059509e+05
  1.259740011954637e+09 -3.071445524129769e+05 -4.958035454346510e+05
  1.267368098952452e+09 -1.355191803978506e+06 -1.271900333030545e+06
  1.262789253710241e+09 -1.293725287337003e+06 -1.422481203156657e+06
  1.261660164052517e+09  1.558401591599193e+06 -1.673350722148262e+06
  1.259537997031554e+09  8.345441167241238e+05  3.660770271715624e+05
  1.264850577869552e+09 -2.588481684471963e+06  1.729173803328617e+06
  1.261839586437755e+09 -2.458780426700808e+06  1.620111394846707e+04
  1.263618530154792e+09  1.176905321900665e+06 -9.900739117509724e+05
  1.266040376408395e+09 -8.247959665456780e+05 -6.716646193990132e+05
  1.261520670731162e+09 -1.112418740246760e+06 -5.095072478668432e+05
  1.263269123023046e+09 -5.726186941899731e+05  1.055037569248769e+06
  1.266289520368550e+09 -1.331733735371646e+06  2.029651122454857e+06
  1.265867787217096e+09  3.173469442967754e+06  1.108755124945771e+06
  1.262784509259456e+09  1.199608602507364e+06  1.177036059129683e+06
  1.261393455036683e+09 -1.243938503157867e+06  1.494401916103319e+06
  1.261598137723515e+09  3.582665510799024e+05  2.080809923838933e+06
  1.261100650168165e+09  3.926867347874423e+05  1.590910108118541e+06
  1.264291928197552e+09 -2.684535552057883e+06  1.143811568795365e+06
  1.265566806100314e+09 -1.576127386882261e+06  2.638326261524105e+06
  1.265608335216615e+09  1.254833119199680e+06  2.449035057372530e+06
  1.259213992744383e+09 -1.248843667882677e+06  5.698220910077927e+05
  1.264985973252013e+09  2.420520102011557e+05  2.353435672323276e+06
  1.265950221219303e+09 -1.297000786055382e+06  4.095035017379298e+06
  1.266633677351599e+09  5.488488672088514e+05  2.003008053591088e+06
  1.263723477666348e+09 -1.664235851157161e+06 -2.760308184732735e+05
  1.262759949122556e+09  4.707934764739415e+05  2.833534589686535e+05
  1.263848777921874e+09 -4.437998883918794e+05  8.920827588101641e+05
  1.264026330319706e+09 -4.961919985605631e+04  6.228126653951469e+05
  1.265204337066573e+09  8.457696087524462e+05  1.369873106232220e+06
  1.262968066353070e+09  4.961142633413069e+05 -2.425073327376542e+05
  1.263083390059036e+09 -1.743519266374316e+06  1.022672451543846e+06
  1.258516111227991e+09 -6.611654008387913e+05  1.946137779026314e+06
  1.263878532946450e+09 -2.221243518479137e+05  5.134037055883324e+04
  1.262383613993726e+09  4.085046684211894e+05 -9.299310929826908e+05
  1.268117371604170e+09 -8.939104068931657e+05 -7.323750049055088e+04
  1.260090638119716e+09 -8.540752340779294e+05  2.122170830671010e+05
  1.260898405027016e+09  1.573493928427531e+06  5.925493503300890e+05
  1.267079614936567e+09  2.936947577210964e+05  7.394738621728395e+05
  1.264075455175455e+09 -1.198876255480955e+06  4.502692922753682e+05
  1.263883000446492e+09 -1.287394423609586e+06  1.013863045682774e+06
  1.261141925636587e+09  2.922139397816046e+06  5.941219880282842e+05
  1.258875615962715e+09  2.039996133540564e+06  3.301740985188350e+05
  1.261600716567107e+09 -4.846474947796042e+05  2.798628529221442e+06
  1.262312783560388e+09  3.636782120584840e+05  3.736790144951190e+06
  1.268192796962329e+09  1.601851284417971e+05 -1.314970738658520e+06
  1.262522608445017e+09 -1.102943192624740e+06 -1.303098435759856e+06
  1.266012537544931e+09 -1.670855994483578e+05 -1.811953711047950e+06
  1.262139173620797e+09  1.137039737548483e+06 -1.847455529503828e+06
  1.262061030515531e+09 -1.339765851912031e+06 -2.694487227862339e+06
  1.261040559020913e+09  1.484464638777242e+06 -2.197638753601905e+06
  1.265882472087812e+09 -1.887815408550402e+06 -2.605601826901032e+06
  1.261459080498353e+09 -1.934940707134955e+06 -3.587432225066866e+06
  1.261223722507795e+09 -1.460150940416587e+06 -2.411237821489493e+06
  1.264337622988703e+09 -1.264629652380266e+06 -2.140987548491690e+06
  1.262012712981313e+09 -3.560654608031893e+05 -3.022948758865466e+06
  1.265294644865560e+09 -3.617987360700646e+06 -3.185462746206089e+06
  1.266288332141566e+09  1.568240538082729e+06 -1.844668281293951e+06
  1.263444237447328e+09  1.886984032992315e+06 -8.265640471610455e+05
  1.262172424739719e+09 -9.859112052428632e+05 -1.758542771457219e+06
  1.261039043127361e+09 -9.503572138407431e+04 -2.375771851783881e+06
  1.264211045744750e+09 -2.160052584359467e+06 -1.446913318286058e+06
  1.263771365017967e+09 -1.991125177073785e+06 -1.702830733889000e+05
  1.263784914908396e+09  9.811397265959254e+05 -9.346438616944886e+05
  1.265571086030357e+09  2.797678058693771e+06 -1.980753927522128e+06
  1.263177110040921e+09 -9.111359248719737e+05 -2.168469418153137e+06
  1.261496623512828e+09  8.986041737223684e+05 -4.029522637860722e+06
  1.264338566514564e+09 -1.779009076597672e+06 -9.835705977102676e+05
  1.263482799231167e+09 -7.210326175555902e+05  2.897767540087717e+06
  1.261807702867398e+09 -4.467853098963034e+06  1.831966265985609e+06
  1.260386227768938e+09  1.639443848684184e+06  8.989044222811390e+04
  1.261916624125718e+09  8.590473893121299e+05  8.506489751136464e+05
  1.262516751978011e+09 -7.950598092201162e+05  1.245507129483378e+06
  1.260706988773043e+09  6.313516172572403e+05 -6.817644634050811e+05
  1.261253059338480e+09  1.309564615213583e+06 -1.276035852991465e+06
  1.262382054689593e+09 -2.447967000835126e+06  1.178335437617072e+06
  1.263263687557482e+09 -1.123741564312730e+06  8.690193994320350e+05
  1.262234537015929e+09 -2.497656003304118e+06  1.777851098150274e+06
  1.262913036468389e+09 -1.772671102370413e+06 -1.060251402930689e+06
  1.264272695310549e+09 -1.302919840375570e+05  5.045386646392123e+05
  1.262098330393294e+09  2.608512559757308e+06  1.528424430727881e+06
  1.265233317728967e+09 -2.487996733161696e+06 -1.411886792852289e+06
  1.265861891282066e+09  1.454110198576325e+05 -2.589497234563928e+06
  1.258119220899141e+09 -1.607345612986692e+06 -1.505731091066998e+06
  1.263312277852544e+09  8.602081089487694e+05 -1.789726425344303e+05
  1.263020021834428e+09 -3.480174790959300e+06  4.509904865701191e+04
  1.261668264793710e+09  3.099867067936898e+06 -2.288821363602265e+06
  1.267290156835042e+09  1.461940748306852e+06 -3.070498946967010e+06
  1.263946057209847e+09  1.241731189277895e+06 -7.147630102220206e+05
  1.262413901815287e+09  1.366259124317921e+06  2.332062031855144e+05
  1.262015516871548e+09 -5.589776600521476e+05  6.565504136565097e+05
  1.260982417816866e+09 -2.846741865568125e+05  1.945981555155420e+06
  1.259467516913211e+09 -1.936796926878394e+06  3.165890548370382e+06
  1.265188364952090e+09 -1.381403893451217e+06 -2.639483494939656e+05
  1.261711365713212e+09 -1.677775261659676e+06  2.240775468421981e+05
  1.262755778163178e+09 -1.134181099931363e+06  1.902704445017475e+06
  1.263845879332219e+09  1.671690039583664e+06  2.364995039434515e+06
  1.266951358947788e+09 -3.327428515837772e+06  1.491209215748455e+06
  1.263310556963318e+09 -5.882709725134308e+05  1.919191480766526e+06
  1.260424923649004e+09 -1.436526709229854e+06  1.723226761117687e+06
  1.264051249290559e+09  1.282636514732091e+06 -1.241546915998370e+06
  1.265369314691345e+09 -1.260218489003911e+06 -1.994949710746130e+06
  1.264632371673794e+09  2.587229218091769e+05 -1.390980779195133e+05
  1.263433655012529e+09  1.750744980723586e+06  3.590987980504739e+05
  1.262072112865996e+09  2.060606943719480e+06  4.643147509503821e+05
  1.260219123026243e+09  1.493786462590398e+06  1.455558031007225e+05
  1.261304601351023e+09 -3.840711683334708e+06 -1.139096903510254e+06
  1.261232286674906e+09  9.596224324275891e+05 -1.144416866258402e+06
  1.260184294883218e+09 -4.396914308780096e+05 -2.343568240294793e+05
  1.261811376540626e+09 -2.855681878799326e+06  3.225745861828187e+06
  1.263071447528913e+09 -8.546502665939870e+05  1.995258501669425e+06
  1.262596493264582e+09 -1.777944637718829e+05 -1.213110991750683e+06
  1.261771220764546e+09  2.260922480451845e+06 -3.228271456454786e+06
  1.261595316515511e+09 -3.102612648790742e+06 -2.005621103153258e+06
  1.264969163016466e+09  2.662391000592858e+05  1.719130521358524e+05
  1.264398575436896e+09  5.636448655843962e+04  2.127010009052479e+06
  1.266888925962834e+09  7.024231031774443e+05  2.497522208060169e+06
  1.261447987569059e+09  2.830084617177811e+05  1.480575316905474e+06
  1.259900255317828e+09 -2.694116561432905e+05  1.484035888116784e+05
  1.261811142658520e+09  7.848694885770293e+05  1.745169698125555e+05
  1.261340839644902e+09  3.206226596179110e+06  1.372683669153812e+06
  1.261588412681971e+09 -3.351916078231100e+05  1.457171592253233e+06
  1.265432279637158e+09 -3.176128732617252e+06 -5.185674841366241e+05
  1.264552549864897e+09 -2.143160138291439e+06  3.584986580307572e+05
  1.267646799706674e+09  8.811971118156975e+05  3.165844233739216e+06
  1.261811027653610e+09 -3.466148790701827e+06 -3.565882660003758e+06
  1.261943789576828e+09 -1.416605180790101e+05 -1.108607779614289e+06
  1.262074624915321e+09  1.988413829408092e+05  1.554929277167823e+06
  1.261297752343567e+09  1.681553172306533e+06  1.601025035475491e+06
  1.263157595362014e+09 -2.962753287015086e+06  1.237845741606690e+04
  1.263861327961955e+09  1.245792128827932e+06 -2.982133178187521e+06
  1.263911163952998e+09 -3.835309493345012e+05 -2.696460151901923e+06
  1.262471590574879e+09 -1.071104369697982e+06 -3.130618590660956e+05
  1.262240866561185e+09  1.183518211582951e+06 -9.342154632649305e+05
  1.262293142801662e+09  8.090542714347166e+05 -1.871219658202259e+06
  1.264915659635708e+09 -9.569542229398653e+05  2.097088100279483e+05
  1.265759372144560e+09  1.154339568359204e+06  1.509645735998949e+06
  1.262620932041664e+09 -1.072945392148842e+06  8.921319784172899e+05
  1.260152184914630e+09 -8.243900764908406e+05  1.944507268150149e+06
  1.262457024546342e+09 -3.526934552790354e+06  1.902990521295007e+06
  1.261412811766978e+09  3.140338385478662e+05 -1.404574795402889e+06
  1.265366544426066e+09 -8.902514922999678e+05 -8.708031649209741e+05
  1.263523125069411e+09 -1.477860517271908e+06  7.143792940857414e+05
  1.259999797638335e+09 -1.610559461612728e+06  1.047036749515763e+06
  1.264536010464641e+09 -3.836427433197245e+05 -6.160899999348680e+05
  1.260643199717426e+09 -1.687609651276291e+06  1.890386686364062e+06
  1.267506725609949e+09 -1.102097771998374e+05  3.727425810965780e+06
  1.264060458088158e+09 -2.516641013114243e+06  1.707805480683251e+06
  1.262532780364347e+09 -1.512918567045705e+06 -1.834080422084333e+04
  1.262837809211785e+09  3.670897056078595e+05 -4.062472577002565e+05
  1.263395728512893e+09  1.192116367697199e+06  5.281134633970205e+04
  1.266163393710174e+09 -3.718792009332494e+06 -4.184540536909639e+05
  1.263335161261458e+09  2.736864312130780e+05 -2.654192873300430e+06
  1.262652179268524e+09 -4.806412067063596e+05 -2.515053392493055e+06
  1.259160972748159e+09 -1.166141908074438e+06  2.255674855490486e+05
  1.262649350287425e+09 -2.534483631937248e+06  1.498569326544699e+06
  1.264969836563487e+09 -8.173130148383572e+05  5.016801148176608e+05
  1.266375983568461e+09  1.369356675651900e+06  1.742005742537230e+04
  1.263124551802900e+09 -1.636641293900279e+06 -1.764479561254186e+06
  1.263677510634085e+09 -1.732424636812100e+06 -9.098136547277551e+05
  1.261986123258679e+09 -7.391514302589057e+05 -2.569625126994133e+06
  1.261326890832944e+09 -1.118301686076698e+06 -5.189826340421098e+06
  1.266125657216447e+09 -1.634268640493874e+06 -4.594260479001572e+06
  1.262153818318794e+09 -2.498304353785928e+06 -2.856919097247585e+06
  1.259835801112948e+09  9.782182387525623e+04 -2.324413708823046e+06
  1.262326067059082e+09 -1.168528134321621e+06 -8.532036922786981e+05
  1.264359841900454e+09  3.023101904973799e+06 -3.890708518049570e+05
  1.264927082196202e+09 -5.229964421727030e+06 -1.643482200442621e+06
  1.261302533878766e+09  1.991439955602536e+06 -4.856403759082849e+05
  1.263180124702206e+09 -6.267987443742141e+05  1.414417789896567e+06
  1.261673616202000e+09 -2.135053327545692e+06  1.903048015382015e+06
  1.267321147748671e+09 -2.565079818934141e+06  2.740478369876106e+06
  1.263071610290751e+09 -1.163713259991163e+06  2.943513320485587e+06
  1.262778568960154e+09  1.618640847095438e+06  3.082545408258063e+06
  1.262490607272547e+09 -5.093542862734123e+04  3.184352104065794e+06
  1.262262789183633e+09 -1.361167190636831e+06  2.542390591938326e+06
  1.263419716985916e+09 -1.087686471266946e+06  6.746360786088894e+04
  1.263780890326759e+09 -7.556172338964026e+05 -3.230599814340470e+06
  1.264186334861929e+09 -9.099391535203784e+05 -1.960899732396275e+06
  1.261282897336967e+09 -7.663333862842838e+05  6.567026254654634e+05
  1.262640573900802e+09  3.159842662904090e+06  6.141846894087363e+04
  1.260103094482293e+09 -1.179676382259472e+06 -7.848431250877752e+05
  1.260014007205924e+09  2.695974431970504e+06 -1.468195355979688e+05
  1.263193312405583e+09 -3.527504225012102e+06  1.559390003857430e+06
  1.263055389524474e+09  1.621835712609666e+06  2.308988115656973e+06
  1.264031399732617e+09 -1.025117544746213e+06  1.811608798449065e+06
  1.263226384122935e+09 -1.625688578713348e+06 -4.099399929658633e+05
  1.262426694712612e+09 -1.582079299087893e+06 -2.169060503344258e+06
  1.265312133660635e+09 -1.483197308410062e+06  3.635709496304274e+05
  1.259860662250998e+09  4.972211774966262e+05 -3.892014497838508e+05
  1.260357499704426e+09  7.844446558429077e+05 -1.691250442767973e+06
  1.260973759856279e+09 -1.167785672395958e+06 -1.136644335688413e+06
  1.264705059559819e+09 -1.997863463400399e+06  2.229249167377952e+06
  1.265317084883287e+09  3.294662185952724e+05  2.829709331085069e+06
  1.265920939439249e+09  1.867652220094638e+06 -4.100431545532793e+05
  1.261405668703242e+09  2.290218184765671e+05 -1.601352949280396e+06
  1.261748363663191e+09  4.043262684379522e+06 -1.244003322313275e+06
  1.262449618110430e+09 -8.450443142704503e+05 -2.676922780418391e+06
  1.263824862486778e+09 -2.114182143698580e+04 -3.577369681379295e+06
  1.263808992496507e+09 -2.879416240997973e+06 -7.244580532235048e+05
  1.262498397854388e+09  1.081060617857866e+06  1.290873251006299e+06
  1.261043692467047e+09  3.040213254253989e+05  7.001309669055796e+04
  1.260977867493518e+09 -1.189488022758203e+06 -7.202083956696186e+05
  1.263366584877066e+09  2.815267619470435e+05  4.434166947083972e+05
  1.261764747415585e+09 -1.251879342668191e+06  9.373121323869429e+05
  1.262297626639162e+09 -7.374441924039292e+05  6.035333494355790e+05
  1.262857181779929e+09  1.071245099039625e+06  1.258078008459737e+05
  1.264827498663485e+09  6.494687174619393e+05  1.081245295363650e+06
  1.261459807896711e+09 -1.871520600408151e+06  3.024929158944366e+06
  1.264015738965412e+09  2.844734934505975e+06  9.119947319859718e+05
  1.261391109581792e+09  3.556014178727427e+06 -5.932701298807118e+05
  1.262494448651100e+09  1.135536272135968e+06  1.464388341855318e+05
  1.262787422587245e+09  2.509434783827669e+06  2.315351779400597e+05
  1.264087507108690e+09  3.246910481658789e+05 -9.965489517212661e+04
  1.263584255624473e+09  1.464897141917859e+06 -6.568356137743237e+04
  1.262432494093791e+09 -1.933807469761814e+06 -6.852549315391848e+05
  1.263867211794982e+09  1.166958426894791e+06 -1.851766484183544e+06
  1.266692705571211e+09  4.359454232515392e+05 -1.795160210843270e+06
  1.266701574373208e+09 -2.962061691351726e+06 -1.272746919162791e+06
  1.263555343568251e+09  2.274508018439088e+06 -1.816517028744732e+06
  1.265578861377174e+09  1.476060774589292e+06 -1.252179898455000e+06
  1.264922503978769e+09 -1.283238232716231e+06  4.536154922545737e+06
  1.261833121866176e+09  4.740631449434180e+05  1.503021388733918e+06
  1.262474389656291e+09  1.502918935259086e+05 -8.488248261767011e+05
  1.262767387386015e+09 -7.073881779575644e+05 -1.240233606945389e+06
  1.262984817927913e+09  5.412454520211414e+06  3.788360327106206e+05
  1.264688367837748e+09  2.630856127662321e+06 -3.778067190228754e+05
  1.262586292507223e+09  1.628312784056703e+06 -3.134782751152111e+06
  1.260459873737195e+09  2.876441818745323e+06 -1.327030605668999e+06
  1.264186590232299e+09  5.221642862921811e+05  3.773618571927293e+06
  1.262513636512970e+09  3.338581505831186e+06  3.891046644357675e+06
  1.263691874451278e+09  3.605861696260570e+05  7.374966901890504e+05
  1.265098792810422e+09 -4.217711862008920e+04 -6.050399167520779e+05
  1.264681024611297e+09 -1.382426458703955e+06 -1.346718367302974e+06
  1.264644746533947e+09 -4.199902654982714e+06 -4.380970883937081e+05
  1.264275793114193e+09  2.138685506923746e+06  3.282364772622181e+06
  1.260320878874383e+09  1.560688566513637e+06  5.972284949052451e+06
  1.261369717943804e+09 -3.141776050976270e+05 -1.253306601217379e+06
  1.260476263651031e+09  1.867785730163420e+05 -3.814841232011687e+05
  1.263907694684412e+09 -7.600804680388793e+04 -7.591876399321613e+05
  1.260923926569838e+09 -1.624488371605220e+06 -8.586698743486020e+04
  1.259625392324175e+09  2.840963724992819e+06 -9.788656466821409e+05
  1.262759823815688e+09  1.937697900123864e+06 -2.515316444768453e+06
  1.265821011927442e+09  1.203750739490354e+06 -3.318187112017747e+06
  1.263679937099318e+09  3.708833627606291e+06 -4.644508142089909e+06
  1.262807518686526e+09 -1.256387801543828e+06 -3.529311508321296e+06
  1.263882211804235e+09  1.819957115374877e+06  1.233628590590144e+06
  1.259987208347028e+09  1.263579558007895e+06  2.610514982813353e+06
  1.264907023617564e+09  2.633763801655532e+05  7.165627550674905e+05
  1.264026070772075e+09 -2.097966964985071e+06  1.547639665500397e+06
  1.261550174170867e+09 -2.342289336043104e+06  2.371923735063095e+06
  1.260775280486845e+09 -8.008819875561474e+05  3.107500495564542e+05
  1.261529787345855e+09 -1.143384559651123e+06 -2.064893193527785e+06
  1.261548289893865e+09  1.243464188811999e+06 -1.754597878338084e+06
  1.260466678850369e+09  9.029374469092212e+05 -1.258087796914071e+06
  1.262084569009884e+09  1.140824037128663e+06  9.850756811712151e+05
  1.266754880998765e+09 -3.550944849672432e+06  2.681057745202735e+06
  1.260402617227224e+09 -4.641128566672443e+05  1.516609861205461e+06
  1.266956634079684e+09  5.667541176171522e+05  8.176688771129113e+04
  1.262772407960065e+09  1.427810601365045e+06 -2.564189352463704e+05
  1.260683238502476e+09  1.983267244925711e+06 -9.353770569273210e+05
  1.261166362029359e+09 -9.884638995616217e+05 -5.925571947308254e+05
  1.262752582489911e+09  2.170784114357060e+06 -2.808569167979385e+05
  1.261290462114688e+09  8.305995775567032e+05 -2.458967131116001e+06
  1.264934513630115e+09  2.793452345568636e+06 -2.010536931592671e+06
  1.263869801596590e+09 -2.038015853538577e+05  1.137837496979130e+06
  1.260985202632026e+09 -8.594139412850682e+05  9.891558545747892e+05
  1.262113441099810e+09 -2.646053258918052e+06 -1.639277141552204e+06
  1.266762842455538e+09  3.532234833117463e+05 -2.329417026885801e+06
  1.264427729474872e+09  1.181353345853441e+06  2.319653281029466e+06
  1.262098759303130e+09  1.211394095756543e+06  1.460429912981092e+06
  1.261589056185994e+09 -4.333756064723544e+05 -1.859755249482803e+06
  1.264826194184292e+09 -2.544728642702067e+06 -2.102296992879823e+06
  1.261998990641535e+09  4.239675760277483e+05 -3.776657736411398e+05
  1.263959853447701e+09 -9.740540834883896e+05  1.182025016405696e+05
  1.264907313353174e+09  6.763476308074108e+05 -5.814357075604597e+05
  1.264351112097044e+09  1.443348530428013e+05 -2.418109424043893e+05
  1.262799045686863e+09  9.506691898695281e+05  1.438308447399295e+06
  1.265691534012669e+09  2.773470686998968e+06  8.263964367604613e+05
  1.263675698371052e+09 -4.384536539087207e+05 -1.124179723647430e+06
  1.263799143209522e+09  2.800440704018054e+06 -1.195231408722244e+06
  1.264739358476331e+09  2.633798861117334e+06 -1.065162710620264e+06
  1.262615958768198e+09  2.449049162148551e+05 -2.033933596603500e+06
  1.262991930353928e+09 -2.234164994725293e+06 -2.961526017406952e+06
  1.264951832914019e+09  1.731068147337360e+06 -1.043519364703558e+06
  1.262919578602933e+09 -8.464970534242771e+05  1.012218605455797e+06
  1.260735016117985e+09 -1.995831454393625e+05  1.057187057534114e+06
  1.260760188587194e+09 -1.843112570964863e+05  1.628963854172117e+06
  1.257448785808448e+09 -3.307035954923363e+06  1.364836394532052e+06
  1.263661622641633e+09  7.901304339361023e+05  1.550669026651563e+06
  1.260445849722163e+09  2.793226123494221e+06  2.779297651780459e+06
  1.268755531724562e+09  6.968871855249809e+04  2.617127279193384e+06
  1.261379220707166e+09 -5.460220866641684e+05  7.938558606544402e+05
  1.259281758915032e+09 -5.495329032352113e+05  7.964688783230054e+05
  1.264943034371637e+09  1.879009169831912e+06  3.095526724431380e+06
  1.264310206778368e+09 -2.267351972264143e+06  2.363519251861006e+06
  1.263270674892110e+09  1.333423166576685e+06 -2.070695506462278e+06
  1.263397668778296e+09 -1.309104754576323e+06 -2.260935242524431e+06
  1.259849280422471e+09 -2.007178049651750e+06 -1.321245995433477e+06
  1.265238991684153e+09 -9.592011613476457e+05 -2.345864502967238e+06
  1.262615953301050e+09  1.784825096293519e+06 -3.365950368703457e+05
  1.266481178227969e+09 -1.292913202761933e+06 -4.631721319104801e+04
  1.264557619138952e+09 -8.965510825501736e+05  2.472752041147715e+06
  1.266250508945026e+09 -1.507242981790151e+06  6.696341033476202e+05
  1.263699133213318e+09 -3.804097195163984e+06 -1.010147043061646e+06
  1.263881817938066e+09 -2.143913549602361e+05 -4.099249960803243e+05
  1.262385486035856e+09 -2.161892796218544e+05  8.868588449297340e+05
  1.262287903498178e+09 -2.521779282286535e+06  9.018487756899323e+05
  1.262291366524116e+09 -3.580171556864862e+05 -5.968195181772743e+05
  1.262742032703778e+09  9.869937743790431e+05 -2.445953285887722e+06
  1.262963562011206e+09 -1.270457012344042e+06 -2.309944964835656e+06
  1.262465944976920e+09 -1.694645089423385e+06  2.070528074485024e+05
  1.264693746302159e+09 -5.152088813125304e+05  1.854339213938621e+06
  1.269070264280031e+09  3.309629770884332e+05  8.486055146206375e+05
  1.266139650598114e+09 -4.476196351373424e+05 -1.287767909550600e+06
  1.260850855686116e+09 -1.026208698267574e+06 -3.197385547251866e+06
  1.262044047743037e+09  9.654390775972545e+05 -3.481710505695728e+06
  1.261882749241653e+09 -1.398138332703453e+06  1.041542840201315e+04
  1.263435371001575e+09  8.168320097743464e+04  3.163064656498981e+06
  1.263150696862444e+09 -1.844086464009487e+06  2.409858002703719e+06
  1.265973301433974e+09 -1.588625897797937e+06 -1.517881090888963e+06
  1.264520718393353e+09 -7.167874647759214e+05 -3.693846071705310e+06
  1.261420340216714e+09 -1.914609195773407e+06 -2.057758794431099e+06
  1.262925757555617e+09 -4.654897753125889e+06  3.012570422895486e+03
  1.264318454774446e+09  5.052211303897894e+05  1.079189036673120e+06
  1.260692044279460e+09  2.838030290652905e+05  1.131591048155139e+06
  1.260385893569263e+09 -2.154312105822191e+06  1.919570525606182e+06
  1.260446670095126e+09 -1.754781629192669e+06  1.080381985900114e+06
  1.264120305557147e+09 -7.587612465712288e+05 -1.073409048321473e+06
  1.260340700489794e+09 -3.254438195363921e+05  1.071923317356507e+06
  1.258773875165161e+09  1.195686648147261e+06  3.607616683564918e+06
  1.261783477131671e+09 -1.623298213673110e+06  1.035573429598120e+06
  1.264111750837716e+09  2.964662062534768e+05 -2.071482257870866e+06
  1.262202626985032e+09 -3.476727484317654e+06  1.791346695676327e+06
  1.262297801318099e+09  4.353157092829651e+05  1.087555539826316e+06
  1.264099882388842e+09 -1.147121327376536e+06  3.668952799194568e+06
  1.265176196404741e+09  1.085833551975427e+06  3.006687452138579e+06
  1.264510230415959e+09 -5.131945708754155e+05 -9.814277191285827e+05
  1.268303035133700e+09  1.015608035631085e+06 -1.484653825671136e+06
  1.257584817073889e+09 -3.498724541932603e+06  9.369821475237203e+05
  1.261692852177286e+09  3.889324230784727e+05  2.290691799029158e+06
  1.259942498255377e+09 -3.318284277370066e+04  1.448362376203219e+06
  1.260631152172889e+09 -9.704777052806128e+05  8.130007431860809e+03
  1.266061644349557e+09 -7.237840672255973e+05  2.332675860905548e+05
  1.262996657256779e+09 -1.572548184762091e+06  1.562689184961169e+06
  1.261870575839567e+09 -7.856596177544901e+05  2.072662948854595e+06
  1.261473775217671e+09  2.254633483428725e+06  1.313294686655279e+06
  1.262027077071389e+09 -1.105870449313695e+06  2.963336458686989e+06
  1.261229924873812e+09  2.524443702255671e+05  4.349088448730081e+06
  1.263569436000494e+09 -4.806811740661578e+06 -2.169571083385650e+06
  1.260250294927535e+09  6.289001537780350e+05 -2.542052928224098e+05
  1.262703987906315e+09 -5.113606296032149e+05  2.754179197064781e+06
  1.264568443570323e+09  1.793649313077672e+06  1.950410240839850e+06
  1.266761283433455e+09 -1.179783948635850e+06 -1.364421890864868e+06
  1.262438710424224e+09  3.419799047771952e+06 -1.247118018729437e+06
  1.259303484679632e+09  1.899970701342123e+05  5.126457180105479e+05
  1.264274039351972e+09 -4.964780223988725e+05  4.941350866960110e+05
  1.265221309244643e+09  6.782775438200543e+05 -1.196675807732082e+06
  1.265591398383058e+09 -1.362923875178969e+05 -2.384842366081270e+06
  1.260735464727076e+09  1.610037949835051e+06 -1.959917723412333e+06
  1.261941443057964e+09 -2.409893983024145e+06 -2.828463378228434e+06
  1.261033225200521e+09 -1.461779852536802e+06 -3.570242438186080e+06
  1.260332688137541e+09  2.086438205205676e+06 -1.840801058158550e+06
  1.262175745006935e+09 -1.344239248421018e+06 -1.704406280898679e+06
  1.258925198108502e+09 -1.426600965365752e+05 -2.587525522920458e+06
  1.261422750301305e+09 -2.350428084066819e+06 -2.017436853251351e+06
  1.267561509270628e+09  1.448631730736487e+06 -3.682042074150046e+05
  1.263290763016074e+09 -3.674053679333389e+05  1.528067324219082e+06
  1.260466942301449e+09  2.413030559807988e+05  2.023415853008266e+06
  1.263095946776391e+09 -1.769206326446652e+06  6.246349822211289e+05
  1.261490580395354e+09  3.020040763940133e+06  5.577496455726415e+05
  1.265814916102064e+09  1.824097546728050e+06  2.932286969686559e+06
  1.266316829493808e+09  7.489373145624722e+04  3.987636825470421e+06
  1.262978254823350e+09  9.466077881801358e+05  3.293775326130107e+06
  1.260972295657356e+09  5.500796983678826e+05  6.632568322436096e+05
  1.263407390895826e+09  3.632608022252530e+06 -2.233918904997353e+06
  1.260182986982758e+09 -7.765626777462990e+05 -3.145067258288795e+06
  1.262384702556573e+09 -3.066160718554993e+06 -2.485198470288910e+06
  1.264162086559323e+09  1.337992101298895e+06 -1.882707432765052e+06
  1.266940723097001e+09 -3.308483700731026e+06 -2.130284818917649e+06
  1.267141138631990e+09  2.977766868256267e+05 -2.324154703023984e+06
  1.261164881173159e+09 -1.014938182040351e+01 -2.256610232062877e+06
  1.262390098103322e+09  8.286721180175728e+05 -1.647171551685671e+06
  1.263042876573156e+09  1.354769992597177e+06  1.262444934462514e+05
  1.262622571030831e+09 -1.093139205935854e+06 -4.543986669190932e+04
  1.264549810531562e+09 -1.293046345693097e+06  3.080406316011279e+05
  1.262144728552728e+09  1.144480220774570e+06  6.323480212649246e+05
  1.262363897426054e+09 -7.351975035449484e+05 -1.050375227798118e+06
  1.262415640396520e+09  9.372399969931680e+05 -8.934947676356115e+05
  1.260996519937863e+09  1.093835308405712e+06  1.092438259637660e+06
  1.259122482123955e+09  3.465308285064800e+05  1.533092186681586e+06
  1.264868401885607e+09  3.430398798336000e+06  1.333256963531849e+06
  1.263290347791498e+09  5.682272563437251e+05  1.080472939670160e+05
  1.261929111891996e+09 -2.103546938056586e+06 -1.493210939731408e+06
  1.261911515860149e+09  1.016090271108719e+06 -8.272505202037104e+05
  1.261661943525852e+09 -2.203861083699966e+06 -4.690846523217637e+04
  1.262627792262998e+09  1.581563001157880e+06 -8.472553123035720e+05
  1.262257303778052e+09  1.022194926800718e+06  1.973124913746563e+06
  1.262559450931015e+09 -1.644653286132145e+05  3.070059281269492e+06
  1.259166521428730e+09  2.018339298548670e+06  3.026380792848100e+06
  1.264011894036228e+09 -1.221768995664578e+06 -6.786165810065588e+04
  1.261921447552814e+09 -3.697486464031230e+05 -1.147048944092425e+06
  1.265912569504102e+09 -1.116670856386987e+06  1.456062507978975e+06
  1.262797954548069e+09 -2.766276312608189e+06  1.551900136770502e+06
  1.262443948438415e+09  9.380345379646850e+04 -6.559296225796450e+05
  1.264256407062552e+09  2.284324541959932e+06 -7.715654738949633e+05
  1.263674621534462e+09 -3.024538465662594e+05 -8.284099668723362e+05
  1.266381329861605e+09  1.367653712374242e+06 -4.986050337137748e+04
  1.264891034105405e+09  1.300970950519033e+06  9.284659968901495e+05
  1.262083489971310e+09 -4.816522521999606e+05  9.313465097706881e+05
  1.260247510674291e+09 -2.025985447432672e+05  2.437422338997634e+06
  1.265057701080109e+09  8.127999918405003e+05  3.998104547773018e+06
  1.263853553015193e+09  1.678157220296231e+06  3.172573101967466e+06
  1.266715591249645e+09  8.725982143821659e+05 -1.433385155735859e+06
  1.260935011362111e+09 -4.999058120621268e+05  6.043751184077278e+05
  1.267267172199294e+09  1.293105424372494e+06  6.071950667806745e+05
  1.263111668804121e+09 -2.292883413650052e+06 -8.040298166041981e+05
  1.262020990222229e+09 -2.547109538983437e+04 -1.302407342292679e+06
  1.266577346214150e+09 -2.102137957999974e+06  1.704131966279579e+05
  1.262678236713237e+09 -1.459254257569714e+06  1.362160852371920e+06
  1.262970971039022e+09 -6.079929273948342e+05 -1.748732398824704e+05
  1.261744254639999e+09  1.202578743768847e+06 -2.175066372661057e+06
  1.264139282772209e+09 -9.932457256143579e+05 -5.141382777558282e+06
  1.267823019041770e+09  6.982692845910556e+05 -5.242938657616315e+06
  1.263331747083497e+09  4.645143124587877e+06 -2.566736179202998e+06
  1.261885428505729e+09 -4.101941594965525e+05 -2.605015764271031e+06
  1.264128159256057e+09 -2.374984436869348e+06 -2.578167158309078e+06
  1.265418227743555e+09  7.390495746003360e+05 -1.139188963583364e+06
  1.262228056745656e+09  1.277185239206873e+06 -1.438245480486567e+06
  1.262124287474674e+09 -7.016445627370940e+05  1.326929785954876e+06
  1.262395840066460e+09 -5.811581299958109e+05  8.865763199231146e+04
  1.263679298942038e+09  1.039612755317446e+06  1.138219413014141e+06
  1.263695255652731e+09 -2.414286391044720e+06  1.789890919179914e+06
  1.265755689834313e+09 -1.403272036159267e+06  8.540949893369493e+05
  1.261603236157590e+09 -1.248304845937975e+06 -4.058371123225254e+05
  1.262481335330980e+09 -7.918707118766059e+05 -6.543629926743036e+05
  1.262797041346262e+09  6.697817844428681e+05  4.754007721767630e+05
  1.262666663106883e+09 -1.112566762664047e+06 -1.249912069713812e+05
  1.262850630532915e+09 -1.886258263693457e+06 -3.451423948981906e+06
  1.263084196478101e+09  1.803808851775286e+06 -4.206496519088079e+06
  1.265431080672294e+09  5.303063188404153e+06 -2.516167436525817e+06
  1.265097715597140e+09  2.083105417548422e+06 -1.934300653602633e+06
  1.262888814830351e+09 -1.424961864707713e+06 -3.185049921948979e+06
  1.262258224520996e+09 -4.387636635371593e+05 -1.782791471832606e+06
  1.266322279622080e+09  1.034359590795033e+06  1.820830440567954e+06
  1.260354758196771e+09 -1.431780768234065e+06  3.205686654110027e+06
  1.261792663058347e+09  1.397157650418658e+05  3.373485658084694e+06
  1.259298003210923e+09  2.454028343888488e+05  7.853898094203217e+05
  1.264387011001009e+09 -5.685678257421241e+03 -1.294387487843493e+06
  1.263782214560710e+09 -8.679674252127521e+05  7.565085919603007e+02
  1.266510137675886e+09 -1.002639698195911e+06  2.334368437970900e+06
  1.264176013882453e+09 -2.825457031571627e+06  3.761977217103844e+06
  1.261266283799304e+09  2.810012028251717e+06  4.201813778477551e+06
  1.262994739755115e+09 -6.096893005642489e+05  3.407769252005989e+06
  1.263386390938452e+09 -2.244473634565192e+06  1.223520444219657e+05
  1.263156088155079e+09  2.174418675959468e+06 -2.232216395744410e+06
  1.261958435797029e+09  1.183136303237793e+06 -1.500222723385147e+06
  1.262338578120671e+09  4.415114945671702e+06 -1.406201106385964e+06
  1.261506412139515e+09  1.160991778357631e+06 -1.499958970511200e+06
  1.261469001013596e+09  3.550110986117349e+05 -4.894393774649207e+05
  1.260844698184487e+09 -1.960937361227070e+05  1.296271824420515e+06
  1.260784108752097e+09 -1.892798804485965e+06 -1.587225307432159e+06
  1.261531146684955e+09 -5.304107913422124e+05  1.417636658103264e+06
  1.265180611803192e+09 -1.568841091500167e+06  2.169998279768913e+06
  1.262497592460521e+09  1.407381921596547e+05  8.817263682646550e+05
  1.265326042014919e+09  2.451269156928883e+06  5.248113766264461e+04
  1.263925287380365e+09  5.287889345763768e+05  1.667617336987970e+06
  1.261979176213977e+09 -3.607208375647436e+06  1.709340791262389e+06
  1.261073901484682e+09  4.194757189414850e+06  9.021961111582434e+05
  1.264040143829123e+09  9.417028060293640e+03  2.819740545344385e+06
  1.260005835856659e+09 -4.129036787956384e+06  4.805691974126793e+06
  1.264531403451521e+09 -1.028421498963646e+06  3.437474715948441e+06
  1.266178646981097e+09 -8.562527363855746e+05  1.750033360984555e+06
  1.263691393324148e+09  3.482462772587528e+06  3.029144641468699e+06
  1.263682683296922e+09  1.722902510700956e+06  3.694618244936457e+06
  1.259650802986331e+09  1.218136825691770e+05  5.268157614353555e+05
  1.262332466025418e+09 -1.089851729711577e+06 -2.961749489105216e+06
  1.264621622923388e+09 -3.352405503785824e+06 -2.033852383802461e+06
  1.256477124269189e+09 -2.677212376785302e+06 -2.649721961300850e+06
  1.263185136587337e+09 -2.935034876405313e+06 -1.403932819369771e+06
  1.262301133002916e+09 -6.415165153358839e+05 -1.900291698924208e+06
  1.262071309239012e+09  2.268865660114368e+06 -2.632070869084681e+06
  1.266026707932639e+09  2.019868585267983e+06 -1.208372100388346e+06
  1.259826696582696e+09 -1.825320359681647e+06 -1.244058179514375e+05
  1.260804287421661e+09  2.243761627468788e+06  1.588553830596751e+06
  1.262793382096038e+09  6.610539495709211e+05  1.748707894762089e+06
  1.262778236278815e+09 -3.615468158567868e+06  1.623407788993253e+06
  1.262442615433712e+09 -4.106937460315786e+06  2.534685446798565e+06
  1.262711988163480e+09 -1.087686705222773e+06  1.036514521343587e+04
  1.264836476993598e+09  1.120506167314125e+06 -2.683935668562071e+06
  1.261460772395718e+09  3.016309445633389e+06 -5.684352865587564e+05
  1.262716049967807e+09 -1.819061001457155e+06  2.535888704546457e+06
  1.259324125447448e+09 -1.412878407088748e+06  1.045578769706883e+06
  1.260300456543894e+09 -4.825907812411774e+06 -5.309363793943127e+05
  1.260092231029547e+09 -3.296656636997879e+06  4.833574780468717e+05
  1.267015842866580e+09 -1.414791553526990e+06  1.331358533480541e+06
  1.261801742311876e+09  1.587961514390453e+06 -1.274494639031865e+06
  1.260449897856060e+09  1.020864860248603e+06 -1.178873435268524e+06
  1.263816867927850e+09  1.125085498181892e+06  1.990526849398219e+06
  1.263715530100200e+09 -6.739158445957291e+05  3.375788047385641e+06
  1.264417893966759e+09 -1.940179228886422e+05  2.207954191398171e+06
  1.261533207014518e+09  4.593363836125467e+05 -5.159170071619006e+05
  1.263224955011878e+09 -1.120030245062351e+06 -4.172461274463632e+05
  1.260440760561641e+09 -3.303898768655071e+06  2.854522663048903e+05
  1.263440543854146e+09 -1.098400834188041e+06 -7.975941690370101e+05
  1.264421742022938e+09 -1.159213899200788e+06 -2.101059531822489e+06
  1.262817586791131e+09  3.004363046564106e+06 -2.913893987656270e+06
  1.261340523106130e+09 -1.617578870345642e+06 -3.733844006500400e+05
  1.261070928359976e+09 -1.637955008579432e+06  1.013818497201922e+06
  1.261045804297849e+09 -4.399862131016305e+06  6.589701545136153e+05
  1.260352743112341e+09 -1.798818107303301e+06 -1.034867511019064e+06
  1.262265677364250e+09  1.855434320901697e+06 -3.829567355511492e+05
  1.266164895990586e+09  3.747859606588158e+06  9.288707004211372e+04
  1.263302544366868e+09  2.549835849448346e+06 -1.880732315149814e+06
  1.262657025565958e+09  2.183210451630635e+06 -2.768390873712756e+06
  1.261583087637061e+09  5.057921302665697e+05  3.678740320422458e+05
  1.260365075211482e+09  6.619830338712210e+05  2.355945367650053e+06
  1.262697427203350e+09 -2.039546344520088e+06  1.769526034698993e+06
  1.260788460220005e+09 -9.726181540990663e+05 -5.179959461995623e+05
  1.262171173605677e+09 -2.616390386675966e+06 -3.229839224291612e+06
  1.263925237709441e+09  1.313392487168228e+06 -1.700283519882934e+06
  1.264102788288007e+09 -1.900211451073550e+06  2.140780320121808e+06
  1.260474379879804e+09  1.880542334008038e+05  3.000414736688549e+06
  1.261362801856621e+09 -9.799513800088310e+05  2.184087612541558e+06
  1.268137420567321e+09 -1.290150599919802e+06  2.200000555360240e+06
  1.262943496677687e+09 -1.844682440846160e+06 -2.400260705426790e+06
  1.260765512045592e+09  8.874632570438669e+04 -5.298351613267332e+05
  1.260955569584280e+09  2.221369613407252e+06 -1.434711859556724e+06
  1.265320551551948e+09  9.969385211316476e+05 -1.399094667336569e+06
  1.263817159252243e+09  2.323454581459307e+06 -1.139995538522784e+06
  1.264243968220629e+09  3.432839326587689e+06 -2.674456603035724e+06
  1.265276866513850e+09  1.301028535679305e+06 -3.186244515027970e+06
  1.261230026363033e+09  6.375912769014807e+05 -1.784304736816386e+06
  1.264038694358058e+09 -2.820149884441673e+06 -8.910878244585230e+05
  1.264139000106633e+09  1.237763994688227e+06 -7.879358131052055e+05
  1.262444257523681e+09 -2.885657901861873e+06 -5.198115296875967e+05
  1.259431604527623e+09  3.001919578567534e+06  1.389306601185790e+06
  1.263218213570512e+09 -2.378504541806558e+06  2.995047884053345e+06
  1.262507727376085e+09 -1.963303002072709e+06  1.185462828133475e+06
  1.262845961512599e+09 -1.273259707610650e+06 -3.034508573500793e+06
  1.265711110900501e+09  3.978864957942475e+05 -5.010715109826000e+06
  1.261600111973151e+09  9.414491647916322e+05  3.202603898150221e+04
  1.260690089642378e+09 -1.428941729884585e+06 -4.683872138624895e+05
  1.262817033057848e+09  8.632968684573463e+04 -1.177995491232644e+06
  1.260424124537792e+09  6.915064082337993e+05 -1.567287759700817e+06
  1.261994918586008e+09 -1.910472409669501e+05 -6.213969467537331e+05
  1.259488138704901e+09  4.118244901651249e+06 -1.072437137844656e+06
  1.265961764156112e+09  1.210515589285489e+06 -4.153585839441761e+06
  1.263287540370878e+09  5.108306278703430e+05 -3.469460323275260e+06
  1.259309233437272e+09 -2.239361528487096e+06 -2.188850360321805e+05
  1.264727818026406e+09 -2.997438902090985e+05 -4.184305504313840e+05
  1.261467451788716e+09 -2.899929295006218e+06 -1.629244410557644e+06
  1.262683914734133e+09  1.329780824655308e+04 -6.976734905923686e+05
  1.265332286736927e+09  1.461283199838471e+06 -1.232753310011297e+06
  1.263593527241762e+09 -4.051092718393009e+06 -2.856853952152956e+06
  1.266646429812103e+09  1.864859153788710e+05 -2.612840878828921e+06
  1.263401119356132e+09  3.145449683507864e+05 -1.064145446017885e+06
  1.265085524472978e+09  1.871231224319061e+06 -1.352061793628933e+05
  1.263469881561000e+09  1.341272000972422e+06 -3.332595847350669e+05
  1.267784010580569e+09 -1.657704979586332e+06 -2.528364135681103e+06
  1.265485900553105e+09  1.138268271909832e+06 -3.884227445296408e+06
  1.263669569495327e+09 -5.114613891949439e+05 -2.113851247207013e+06
  1.261734867315414e+09  1.509424913796862e+06  7.058896153532839e+05
  1.259162499956224e+09 -1.832229517090315e+06  1.379865852988936e+06
  1.263292393627485e+09  4.047567288277840e+05  3.650249274640823e+05
  1.265328850995005e+09 -2.463777468725003e+05 -5.697484237367652e+05
  1.260867545954015e+09  7.122180210725586e+05 -8.775243866972965e+05
  1.263585987467818e+09 -3.141742039254952e+06  1.849105949185279e+05
  1.262766601787254e+09 -8.746366783739711e+04  1.499702388706941e+05
  1.266305138618258e+09 -1.123531667092753e+06 -1.019590002155085e+06
  1.265511455338354e+09 -1.778713768699083e+06 -1.954914781678630e+06
  1.263210698429865e+09 -5.098720520262786e+05 -2.591031383253957e+06
  1.263996992012484e+09 -4.785299494806429e+05 -1.563973506769097e+06
  1.259946578925392e+09 -2.425354224391489e+06 -3.740541077892194e+05
  1.262559832578614e+09  1.484271563095759e+06  8.692448094307253e+05
  1.263487182280668e+09 -3.742884471295704e+06  1.150766101064947e+06
  1.263190438192580e+09 -1.651850612096719e+06 -1.690758161556511e+06
  1.267137540405326e+09 -2.793080341579175e+05 -3.370040102868388e+06
  1.261096765804754e+09 -9.522661737340435e+05 -6.035103128683758e+05
  1.261579751435378e+09 -4.314117089007829e+06  1.196699688376492e+06
  1.264807853526676e+09  1.529642727677831e+06  8.678390753457887e+05
  1.259342892956806e+09  4.425018557631659e+05  5.579815849775299e+05
  1.259187557332074e+09  1.404964270471408e+05 -9.331606689616963e+05
  1.262017611772805e+09 -2.626710110109973e+06 -1.665927950138815e+06
  1.263081444253206e+09 -9.768200774341763e+04 -4.697608558611327e+04
  1.263921685488270e+09 -3.615808664131810e+06  1.617243612302197e+06
  1.260694628366440e+09  1.982207796962817e+05  1.692747902027443e+06
  1.264771463158692e+09  1.251592320973721e+06  7.790624423708646e+05
  1.261246996983473e+09 -1.139579087097829e+06 -2.636952895379846e+05
  1.263772334207337e+09 -5.012807868549217e+06 -4.248651489140478e+06
  1.260311675457106e+09 -3.961816411217136e+05 -2.632350026519966e+06
  1.264040590656346e+09 -2.831499068986193e+06 -2.358786186565934e+06
  1.264965540892824e+09 -3.815891641720294e+06 -3.222132555717197e+06
  1.264136184203555e+09 -1.824459579743110e+06 -2.871371499611350e+06
  1.267058538538709e+09  1.569280847050404e+05 -1.070048339886964e+06
  1.259428074029542e+09 -2.785453571929410e+06  1.505955998019728e+06
  1.260013506076320e+09  1.683457788087498e+06  2.239028199087702e+06
  1.260558806228502e+09  9.934269401810559e+05 -4.876980625735725e+05
  1.261474698819809e+09 -9.628453554289426e+05 -1.726679880868769e+06
  1.264609386085503e+09 -1.471690725319401e+06 -2.972640154671646e+04
  1.262627340036364e+09  1.153876999627151e+05  1.407555525018025e+06
  1.261417223402492e+09 -2.804206993626188e+06  2.022532788882564e+06
  1.260843419718782e+09  1.492371771201983e+06  1.970402258121627e+05
  1.264862317412024e+09  3.173348357493124e+06 -3.099691743476530e+06
  1.265129312935894e+09 -1.203809481713155e+06 -4.759849742938180e+06
  1.264470734553948e+09 -4.070178677657411e+06 -1.440387090110964e+05
  1.261325534510537e+09 -3.474394548707635e+05  5.056666156765269e+05
  1.262419946397216e+09 -2.610303774307565e+05  1.529348913997310e+06
  1.265394249917761e+09 -2.182129814291778e+06 -4.633792901581866e+05
  1.265996223009173e+09 -1.887693153267521e+06 -1.493853768104585e+06
  1.261216859112489e+09  1.591850204091751e+06  5.023906734690532e+05
  1.258876579595090e+09  1.185161862403493e+06  1.456008627715860e+06
  1.262569764875533e+09  6.487562086358615e+05  1.343531991065406e+06
  1.264464073768149e+09  2.648269988621661e+06  1.905570902498378e+06
  1.266630546428946e+09 -9.460324075587651e+05  7.716406769814154e+05
  1.262088781335875e+09  5.812307818687074e+05 -6.794351025944080e+05
  1.262180798990282e+09 -8.298601923296003e+05 -1.748438506873643e+06
  1.261801494044775e+09 -1.572898781891811e+06 -2.534175582974818e+06
  1.261332101582554e+09  3.743046776455640e+06 -1.415946492695229e+06
  1.265161371492096e+09  1.163950049348632e+06  2.065232948440733e+06
  1.260829141140715e+09  3.249255617830683e+05  2.609192562503148e+06
  1.263395443311037e+09 -2.620748909616971e+06  8.707664292461959e+05
  1.266822491786485e+09 -5.324208138755336e+04 -4.236397435350204e+05
  1.264221653711424e+09  4.609158399459813e+05 -7.595466968154840e+05
  1.261256099708721e+09  1.327726677440785e+06  1.689434597182913e+06
  1.264035511193912e+09 -2.047411346603393e+05  2.952243858723857e+06
  1.259139450633084e+09 -4.590972656604114e+05  2.181286169559614e+06
  1.264407682297493e+09  1.934778207842397e+06  3.010754017688864e+06
  1.262044094768431e+09  1.891642008740052e+05  3.243237912781587e+06
  1.262974792809929e+09 -1.992198034736475e+05  2.209877278672314e+06
  1.260297595314481e+09  7.702926713130998e+05  1.859849725089969e+06
  1.263618911541628e+09  2.161319506631742e+06  1.373528687466295e+06
  1.259893219834736e+09 -1.194334531781428e+06  1.044220729648224e+06
  1.264542936417798e+09 -1.677787683968168e+06  1.633129664412908e+06
  1.263368703686961e+09  5.263348125042457e+06 -1.627475032987946e+04
  1.267482741623560e+09 -1.445201690375932e+06 -1.173945175277318e+06
  1.266632541175962e+09  7.269151591175614e+05  5.386934237200908e+05
  1.263338368874549e+09 -1.159520339986126e+06 -3.103915988801862e+06
  1.262447267933106e+09 -7.623632191991555e+05 -2.661732512577474e+06
  1.264353398936990e+09  1.055254372513157e+06 -2.340668454100797e+06
  1.265398896278950e+09  1.977334027266202e+06 -4.132794316425583e+06
  1.264576807062985e+09 -9.000574247825296e+04 -2.748910160468363e+06
  1.262113352575457e+09 -1.241339568081653e+06 -8.618871897068492e+05
  1.260634495468874e+09  6.392975277619604e+05 -1.408610342940262e+06
  1.261428242129726e+09 -2.151033075388529e+05  2.963879976256858e+05
  1.263016431329807e+09 -3.115232896233527e+06  2.017264397539322e+06
  1.257054472491827e+09  6.481992529216133e+05  2.106950392834862e+06
  1.263400065457471e+09  2.792477824669056e+06  1.200623608263084e+06
  1.263559209311626e+09 -1.679857041625994e+06 -8.442874379640762e+05
  1.262148030422497e+09 -3.357746976657376e+05 -1.898489096077496e+06
  1.262765043022916e+09  3.784067269896962e+06 -1.618471889918505e+06
  1.261521467053974e+09 -1.025780153187196e+06 -6.516501861648039e+05
  1.261885893475717e+09 -3.181674615326428e+05 -1.218521266621232e+06
  1.261562905247960e+09 -5.643249864031470e+05 -1.912718613970227e+06
  1.261647368035061e+09  1.024148773506672e+06  9.243934871234582e+05
  1.260895109408037e+09  1.134475095687841e+06  1.727871258968581e+06
  1.262966264956773e+09  8.688442781759240e+05  1.209288031498220e+06
  1.263732096166562e+09 -7.716058264136408e+05  1.407805258356980e+06
  1.262805957911285e+09  5.571561627857913e+05  1.823244287009223e+06
  1.261360601306557e+09  4.865284516232744e+05  1.587264659185138e+06
  1.264548544179669e+09 -7.327421090665406e+05  1.148348471217018e+06
  1.264451415770617e+09 -1.614159240895393e+06  9.234864674895678e+05
  1.263830318193064e+09 -6.538777944457165e+05 -5.966675758327423e+05
  1.265699416919327e+09  2.839633063095189e+06 -3.099499601983194e+06
  1.268618269962174e+09 -1.949817093771016e+06 -1.318334787076734e+06
  1.262706106271797e+09  1.893770131818600e+06  2.245415308914922e+06
  1.260369515690904e+09  2.025574064631942e+06  1.028829193929412e+06
  1.265542440925046e+09  2.776203136655166e+05 -1.169833657969284e+06
  1.265513419581991e+09 -1.737917829872072e+06 -2.509310028873859e+06
  1.264689748231466e+09 -4.001384029837450e+05 -2.283892214869688e+06
  1.261007882296454e+09  5.460416671983368e+05 -1.590146986483533e+06
  1.267622974630832e+09  1.441230936047075e+06 -1.650571863029576e+06
  1.262084647902391e+09  1.237328475369018e+05 -4.406472993583558e+06
  1.264157934865788e+09 -9.820524995383245e+05 -4.721581949127798e+06
  1.263400248624538e+09  1.449589710286995e+06 -1.129700936134510e+06
  1.261797910042829e+09 -2.225253143182826e+05  1.000386181996977e+06
  1.266029540973058e+09 -5.767851089506822e+05  3.873855825203492e+05
  1.263067122505588e+09 -2.021180615166637e+06 -1.215193527731159e+05
  1.263273192415390e+09 -9.780963452578395e+05  9.856049949201258e+04
  1.265947440958076e+09  2.138887100815252e+06 -7.645865076054673e+04
  1.264537862360820e+09  6.601174298678039e+05  1.078905418947062e+05
  1.261392968159050e+09  1.476621032965830e+06  1.931571336386330e+06
  1.264380897427946e+09  3.265053452245451e+06  1.553556664108370e+06
  1.264641691005895e+09 -5.534236988670056e+05 -2.092421805959138e+06
  1.261926052498137e+09 -1.937637672504409e+06 -3.035560689950143e+06
  1.261661926598933e+09  3.457810688211485e+05 -2.328588951570980e+06
  1.262664197387330e+09 -8.503455877280138e+05 -2.008885804397694e+06
  1.263070644604873e+09  2.666576376645202e+06 -2.105863112719120e+06
  1.262822858500717e+09 -9.536937487702364e+05 -2.888720023952611e+05
  1.267464358428386e+09 -2.641971286729837e+05  3.030084611088938e+05
  1.260824208199639e+09  5.928012170729495e+05  3.487878403966398e+05
  1.264266009414723e+09 -3.814515262203716e+05  1.120905768859895e+05
  1.263814893265791e+09  4.183878003459289e+05 -1.702653531474797e+06
  1.261859236619164e+09 -2.416946334109110e+06 -2.448284644105180e+06
  1.264590799966315e+09  8.377933670480421e+04 -1.594307493274387e+06
  1.263636554603736e+09  3.258560049934440e+05 -2.111364468027118e+06
  1.262910554974113e+09  2.647204253755391e+06 -2.910430894628391e+06
  1.264838457814774e+09  7.041014421155552e+05 -9.839450471198501e+05
  1.263918447199894e+09  3.825345412714029e+06  2.463439480455174e+05
  1.261658985060812e+09 -1.529235012912285e+06 -1.222898778337657e+06
  1.266748791458940e+09 -1.649528832579425e+06 -2.875828026156037e+06
  1.260951674849361e+09  2.319646572577526e+06 -1.406533036076185e+06
  1.263933549232646e+09 -1.764489445416527e+05 -6.794570884335872e+05
  1.261842786910978e+09  1.187372330572691e+06 -3.727451969808959e+05
  1.265036870821046e+09  3.557121800959646e+04 -3.206138160091717e+05
  1.262074934151215e+09  2.650447307482276e+05  1.682634355010042e+06
  1.264936097555164e+09 -8.853013810556872e+05  2.891136280004543e+06
  1.264089066713236e+09 -2.353818052930275e+05  3.796738788985413e+06
  1.263280507710819e+09  2.475842271764652e+06  3.237986036677531e+06
  1.262684722104432e+09  5.994438578207034e+05  5.979357498767707e+05
  1.264042943640967e+09  1.106295373316572e+06  6.000028134563036e+04
  1.263362514184218e+09 -1.671312372645399e+06  9.830098674343934e+05
  1.261462202612232e+09  2.145380622242277e+06  1.351950333059128e+06
  1.264039822543064e+09 -1.156880518368679e+06  8.938319514326518e+03
  1.263582765753035e+09  3.199616062264103e+06 -2.474358722495177e+06
  1.260848275208919e+09 -3.025836834376765e+05 -2.538289120566860e+06
  1.261277621806172e+09 -2.021941794473450e+06 -1.314953576951492e+06
  1.262093995599938e+09  3.810479721981373e+06  1.691713319856744e+06
  1.261415297932490e+09  1.130892106146070e+06  1.990796539129613e+05
  1.263820755380205e+09  7.460980579521882e+05  2.523633927776873e+05
  1.262736464172193e+09  6.446633884905403e+05  5.237109322717977e+05
  1.265551664826898e+09  1.429835494424364e+05 -1.520755479622962e+06
  1.266752506789344e+09 -6.913311178121875e+05 -4.204408215789054e+06
  1.262881877660771e+09 -1.281602101123921e+06 -2.377867738764110e+06
  1.260502485105700e+09  3.926313067860797e+06 -7.894116816827610e+04
  1.264445968765591e+09  1.613238553025611e+06  2.183336172735411e+05
  1.260476465948101e+09 -1.147188415280853e+06  1.225198954531718e+06
  1.263299373440783e+09 -1.198529209381058e+06  1.601726835744671e+06
  1.267906827638792e+09  5.303132435589086e+04  1.003327450301719e+06
  1.261579878601963e+09 -2.223131719545200e+06  6.561771219695696e+05
  1.261916161000022e+09  2.655375733799539e+06  9.970807571469364e+04
  1.260361138610622e+09 -3.153635863275931e+05  9.494888045719630e+05
  1.261927124385788e+09 -2.986444795826229e+06  2.703504191030575e+06
  1.261593967771170e+09  1.866308536475322e+06 -3.001755518876664e+06
  1.259572132719208e+09  1.991284300673082e+06 -3.705665958260321e+06
  1.264198585748602e+09  2.885672951219874e+06 -5.475814852303518e+06
  1.260186490698058e+09 -1.103443251938358e+06 -5.525605523017971e+06
  1.260869741701971e+09  2.246436958585397e+04 -1.397961805040316e+06
  1.266390637139437e+09 -8.263852238616546e+05  1.011543170539337e+06
  1.260689870425431e+09 -2.945023236843206e+05 -6.272616131501731e+05
  1.261383671144703e+09  2.590190224751763e+06  6.721701501282817e+04
  1.262479171454186e+09 -1.778249532996284e+06  1.970682324642142e+06
  1.264819840921253e+09 -3.061263868905065e+06  2.102408359568558e+06
  1.263988199015345e+09  1.180459184592345e+06  3.084057575798220e+05
  1.262505512577096e+09 -1.688247734559078e+06 -2.366247890847972e+06
  1.263224995406029e+09  2.249471675864694e+05 -2.446768906564178e+06
  1.260618218671984e+09  6.540304520874396e+05 -6.701679479856004e+05
  1.261770900573300e+09 -1.096699593676723e+06  1.200846431525880e+05
  1.259110423731771e+09 -4.132239595384002e+06 -1.463871195568340e+06
  1.261882199887635e+09 -1.295598160357891e+05 -1.943921833327220e+06
  1.261255955138705e+09  5.173842404301128e+05 -1.900547772820609e+06
  1.268197866954164e+09  2.404400031713855e+06 -2.140067466811050e+06
  1.260973330337046e+09 -6.021308768385482e+05 -2.648129522820635e+06
  1.260983157782131e+09 -7.554813510284488e+05 -1.423407413419287e+06
  1.263143125249959e+09 -2.625762668883788e+06  5.563862988495489e+05
  1.259444799337739e+09  1.600475956915834e+06  4.028375322453945e+05
  1.265042798230627e+09 -1.955261142857759e+06 -3.957973266791363e+05
  1.262944006945238e+09 -3.631215269667235e+06  3.198433019725030e+05
  1.264595469049602e+09 -1.496035648616847e+06  7.935103450904579e+05
  1.260436474754166e+09  4.290670127022262e+05  7.972306972672764e+05
  1.262787255184255e+09 -1.364608774259448e+06  1.511870840508433e+06
  1.263332102951555e+09  9.625328669956677e+05  1.189515177244055e+06
  1.264059515306799e+09  2.194827070543637e+05 -6.481868194061002e+05
  1.263462222957104e+09 -7.724444357455026e+05 -2.205772069342961e+06
  1.260619743398535e+09 -1.993846517436194e+06 -2.272848116894096e+06
  1.262678391410782e+09  1.286328317146980e+05 -1.028950185329414e+06
  1.260902813530725e+09 -1.966147909257111e+06 -1.098868890337947e+06
  1.262701390420832e+09 -2.952472199881168e+05 -5.563872841075389e+05
  1.264044058566368e+09  1.376181473966299e+06 -5.359992817113339e+05
  1.264437707034976e+09 -1.599553534402955e+06  1.893525518368296e+05
  1.261421042812141e+09 -1.936410663680693e+06  5.160509394306490e+05
  1.261197729541633e+09  1.197221623984362e+06 -2.992434633369588e+05
  1.262076645188854e+09 -3.629815032885252e+06 -7.326016897424264e+05
  1.261823976404896e+09 -2.360440016252295e+06 -1.453739815638363e+06
  1.260214967260827e+09 -8.721693656272254e+05 -2.878431703667041e+06
  1.264068028143261e+09 -2.692937737353609e+06 -3.306922741338410e+06
  1.262104353432852e+09 -6.790112028538233e+05 -2.976037076804075e+06
  1.264007859581229e+09  2.056181049208408e+05 -2.207007790863097e+06
  1.261513181684890e+09  1.361118647634521e+06 -2.225529599226533e+06
  1.261989805522316e+09 -1.276198516684730e+04 -2.458924867343616e+06
  1.266755659396890e+09  1.063580185555470e+06 -1.190406294063414e+06
  1.261439409386684e+09 -4.992049739762953e+05 -7.051556148094326e+04
  1.260436057022446e+09 -3.373671537604426e+06 -6.054876740785083e+05
  1.260499168796562e+09 -5.665631448891822e+05 -8.579159094104270e+05
  1.263662834291363e+09  6.591159479960025e+05 -1.248386411290184e+06
  1.263552524052088e+09 -5.531882442057591e+05 -1.748585220013811e+06
  1.262797129311624e+09  2.277862479612186e+06 -1.829060425507392e+06
  1.265408476438168e+09  1.424624171113917e+06 -1.562062654875925e+06
  1.259793880217742e+09 -6.005177227455537e+05 -7.879972957367643e+05
  1.263424691650755e+09 -2.322995985118898e+06  2.241416298558929e+05
  1.262633094467512e+09 -1.568657639591730e+06  6.658588085969167e+05
  1.262244926929432e+09 -3.141748236636591e+06  6.673494493510228e+05
  1.257454711576228e+09 -3.752615291799752e+05  1.636724635842998e+06
  1.261445630536600e+09  9.553604665558767e+05  8.793551248071387e+05
  1.261996427536016e+09 -1.548723323856081e+06 -1.475173395649804e+06
  1.265436520188693e+09  7.319272775946400e+05 -2.161217194752836e+06
  1.263034875954982e+09  1.476647352487024e+06 -9.859285786980537e+05
  1.261813116517270e+09  8.309853488667926e+03 -1.285394774009563e+06
  1.262086114321094e+09 -3.253732077781959e+06 -1.364183369618397e+06
  1.265464435420325e+09  1.030977180491563e+06 -9.571613902613954e+04
  1.262532707182121e+09  2.280261815976525e+06 -8.304794949752500e+05
  1.261581447957353e+09  5.169507973855948e+06 -1.340062415902576e+06
  1.264112953950808e+09 -2.186381782361920e+06 -2.293016737858046e+06
  1.263513367833311e+09 -3.136010334674400e+06 -3.864087723420468e+06
  1.263574980723553e+09 -1.179190442763572e+06 -1.690625349139713e+06
  1.260848720322850e+09  3.711575984948647e+06  2.603559540505526e+05
  1.265952698796028e+09  3.303254308482917e+05 -2.427798065085520e+06
  1.262059482707298e+09  4.854545153798908e+05 -4.799993840641992e+06
  1.261648968805361e+09  3.788715967411107e+05 -2.506966014263881e+06
  1.265832423282388e+09  1.025319814652216e+05  2.226936430319222e+06
  1.264307368863227e+09  1.917875885312610e+06  3.927923426218154e+06
  1.264978415676878e+09  2.446754583460616e+06  1.710470974036743e+06
  1.264025940529599e+09  1.581765358765910e+06 -2.345929872843801e+03
  1.264503619194809e+09 -1.579869604042562e+06 -1.270618688203599e+06
  1.262706585871159e+09 -2.815720089978568e+06  4.149401637512982e+05
  1.268142499778784e+09 -2.499291803301469e+05  2.726747155257416e+06
  1.263669755149643e+09  4.465848224926291e+06  2.211088029711332e+06
  1.261923622095970e+09  4.842011303669805e+06  7.434942051635035e+05
  1.262201241631919e+09 -2.365105052764291e+06  3.994371238067250e+05
  1.259591786298941e+09 -1.677422797934263e+06 -1.223931604139428e+06
  1.262624741954777e+09 -1.605202142638789e+06 -1.315755872418751e+06
  1.265841275873958e+09  3.795359743639122e+06  1.290355552608369e+06
  1.259475154146036e+09 -1.728705360787227e+05  4.860015852260249e+05
  1.261189976289823e+09  2.061950160945851e+06 -1.235128307851167e+06
  1.262146583114476e+09 -2.953805729215124e+06  7.076857969525752e+05
  1.262775994442743e+09  1.775562822312209e+06  8.685786946180819e+05
  1.262295320435928e+09  2.663243159066872e+06 -1.573346813634475e+06
  1.264387514750410e+09  2.054764099380543e+06 -2.629543691993913e+06
  1.262321626422606e+09 -5.685139039108343e+05 -2.060096697934136e+06
  1.260185784501640e+09 -7.246641934353681e+05  2.912696496849767e+05
  1.261274831189481e+09 -7.437090594825094e+05  1.726138323350122e+06
  1.262688965223560e+09 -2.757096109549075e+06  2.307396909607652e+06
  1.260848448069628e+09  3.245154259481616e+06  1.076045860616062e+06
  1.267676386559357e+09  2.082611062244862e+06 -2.646987662787738e+06
  1.261545724525031e+09 -2.732203815482704e+05 -1.391168454357249e+06
  1.261991628259673e+09 -2.807886091160419e+05  2.755004250707719e+06
  1.264390420671233e+09 -1.265101635427358e+06  3.509120803485960e+05
  1.261380701584608e+09  5.188517602636943e+06 -3.183863247114646e+06
  1.260684836956312e+09 -3.446711840705420e+06 -1.734020608926096e+05
  1.264493576781798e+09  1.107883923493457e+06  2.540717146015517e+06
  1.260173275594564e+09 -6.710939871492481e+06  6.584441207901814e+05
  1.266532337018073e+09  7.611371136672433e+05 -5.944913691828516e+05
  1.264669883035197e+09  1.547529786641062e+06 -1.625267551433987e+06
  1.267267147738754e+09  1.464783609529080e+06 -2.103763129531156e+06
  1.262530737683980e+09  2.316452635244437e+05 -1.256419771020310e+06
  1.264401091873587e+09  1.004280289812060e+06 -5.043694097787192e+05
  1.263407392218395e+09  1.146588597732140e+06  1.434426314332055e+06
  1.263640654174394e+09 -2.504921235370965e+06  2.397337402608794e+06
  1.261295874003355e+09 -2.193865929940867e+05  7.107541964254027e+05
  1.265473439698961e+09 -6.610771709889412e+05  4.185451231420253e+05
  1.264409236785664e+09  8.853566590134419e+05  1.330122744385850e+06
  1.260253557248925e+09  5.567991905644764e+05  6.796127134201461e+05
  1.258744440257693e+09 -1.162658887332099e+06  1.615080788562541e+05
  1.263951526786104e+09  4.706154469118444e+06  4.563684029781342e+05
  1.262868061314801e+09 -3.805323094829583e+06  2.444918578082673e+05
  1.262293979099587e+09  4.000713404951084e+05 -5.510819440981258e+05
  1.262218877527225e+09 -6.573049892033221e+06  8.300392972474217e+05
  1.263036013990587e+09  2.476411206642447e+05  9.443237753855721e+05
  1.261432842308643e+09 -3.542778345078658e+05 -1.677412075170716e+06
  1.265180912968943e+09  1.458092742917695e+06 -1.997986881407332e+06
  1.266091751296159e+09  1.560603214538163e+05 -1.191181231634694e+06
  1.264933670667439e+09  2.239880683420905e+06  3.097076750845260e+06
  1.264491437667904e+09  3.604945238239260e+06  2.872733743494382e+06
  1.262605428780202e+09  3.900268250616821e+05  2.381525919987228e+06
  1.265131076883823e+09 -3.274417369032996e+06  1.710601192632998e+06
  1.265050220410986e+09 -1.528111869077557e+06 -1.126819726369119e+06
  1.258946443307078e+09  1.297876825450444e+06 -2.227856503971036e+06
  1.259698181327847e+09 -1.329154986085969e+06 -1.965465441260755e+05
  1.263120604520250e+09  8.455769619696691e+05  8.054558617495499e+05
  1.263750660897630e+09  3.508994779572791e+06 -1.249501812858107e+06
  1.266638905002062e+09  1.368738734505182e+06 -3.002708578248787e+06
  1.265294000791744e+09  2.489879814459868e+06 -2.418831559757753e+06
  1.263377324694315e+09 -2.467248007669109e+06 -1.207475040053697e+06
  1.262877729779117e+09  1.550187373426335e+06 -4.817596083612881e+05
  1.260750248465891e+09 -1.366789472497856e+06 -2.675689571828335e+06
  1.268219895899736e+09  1.418871238218526e+06 -3.957763413594239e+06
  1.262227664264293e+09 -4.530338007543482e+05 -2.276810980077523e+05
  1.265475821711822e+09  2.017600999419666e+06  1.729483705638112e+06
  1.262475984943957e+09  5.065946328627089e+06  1.109348299922951e+06
  1.263442080738993e+09  1.630199176547146e+06 -1.575733023386567e+05
  1.262454371215964e+09 -1.926141841148752e+06 -3.347781447054063e+05
  1.263785439185843e+09 -1.207842026537429e+06 -1.225358616527086e+04
  1.259181775610419e+09  1.802328127161329e+06  1.770579682015824e+05
  1.261563000014200e+09 -2.025007605545556e+06 -3.463240775968768e+04
  1.259402286416648e+09  2.028332974350518e+06  6.159133248630913e+05
  1.260740036477876e+09  1.838723960030833e+06  2.831909391052463e+05
  1.260051781611816e+09  3.885847315675098e+06 -2.685492528935832e+06
  1.265008377799545e+09  3.025604596153688e+06 -5.444950054354953e+06
  1.259914544275515e+09 -1.880916701041874e+06 -4.149765364698721e+06
  1.264217418826550e+09  3.020815526685278e+06 -2.445718656635645e+05
  1.262256672330290e+09 -7.651981786547404e+05  8.442668987470524e+05
  1.265128097137083e+09  1.358380575270621e+06 -6.701208200448841e+05
  1.267760521349794e+09  1.213357436985477e+05 -1.279778449794578e+05
  1.262263365880167e+09 -7.123998631167614e+05 -6.094525899520381e+05
  1.261075144388081e+09  2.715879719525506e+06 -4.458683104431357e+06
  1.266242554674763e+09  3.684042011768978e+05 -2.724578543463956e+06
  1.263461675861848e+09  8.217833034021806e+05 -1.269511493984579e+06
  1.263018669229977e+09  2.342707804307301e+06 -1.677083528753362e+06
  1.261945014581601e+09  2.290106685914728e+05 -3.414571340464684e+05
  1.259096276655610e+09 -7.137866765196411e+05  3.970181478267179e+05
  1.261927054251595e+09 -5.838836758831808e+05  2.245726781313750e+06
  1.264532457839468e+09 -1.582202366039318e+06  4.576867975212855e+06
  1.256718531922817e+09  1.019865152592735e+06  3.299595440655259e+06
  1.262389713960867e+09  3.643988448494826e+05 -5.525729126200716e+05
  1.263901918115617e+09 -2.321941849745501e+06 -3.375330175325224e+05
  1.263438769238118e+09  3.279941851736853e+06  2.493780558094865e+06
  1.262968658372636e+09  8.837102809103423e+05  1.441184817222601e+06
  1.263547623864933e+09  6.257361306092708e+05 -7.830321280730178e+05
  1.262528202851161e+09  2.440688983835669e+05  5.416246890756040e+05
  1.261518526714942e+09 -4.252672048548069e+06 -1.613833055133180e+06
  1.261515186070865e+09 -4.760108404175329e+05  1.018174306628935e+04
  1.261672178563865e+09 -2.199550370401911e+05 -1.134872274819254e+05
  1.262291256069172e+09  1.898317341101963e+06 -1.755465764447764e+06
  1.263707521492222e+09  2.879293230627532e+06 -6.914105691353107e+05
  1.262366717350513e+09 -4.511618987627877e+05  1.530346245585283e+06
  1.261052598837343e+09 -8.594949019020556e+05  1.874663812682149e+06
  1.264685367017284e+09 -2.190505464901344e+06 -4.641072291597761e+05
  1.262205510391621e+09 -2.547610299148752e+06 -6.589118556022625e+05
  1.263028811787807e+09 -2.854087808926678e+05  3.513736269367003e+06
  1.264496605817993e+09 -9.627806016564718e+05  4.853335819226895e+06
  1.267929513890051e+09 -2.081935076822452e+05  1.610500072186724e+06
  1.262184738180655e+09  6.622625697114344e+05 -7.048578700992466e+05
  1.260321377669537e+09  7.950259073567005e+05 -3.907713324784423e+04
  1.263467583010534e+09 -1.920605799492425e+05 -4.111878873130142e+05
  1.264995081712751e+09 -2.407211839806026e+05 -1.871803036206654e+06
  1.263731447289835e+09 -6.356401712596603e+06  3.316432295547081e+06
  1.263276313403432e+09 -1.032011081373913e+06  2.188178861093425e+06
  1.265552698122310e+09  5.473721364348201e+05 -1.428001147418685e+06
  1.261111384212474e+09 -3.983674867229604e+05 -1.454896656470102e+06
  1.262616718675014e+09  4.655572160603405e+05  8.013936656099326e+05
  1.259871497830973e+09  2.551311689241383e+06  3.749418201950760e+06
  1.263555107499709e+09  2.515310430483490e+05  6.133517094520904e+06
  1.264667108143458e+09  9.727808266756404e+04  4.713047201225877e+06
  1.264654724988287e+09  5.394624248166421e+05  1.747499678655722e+06
  1.264790094302816e+09 -9.434364707986460e+04  3.289464840854284e+05
  1.263471161239161e+09 -4.828593274085919e+05  3.624493813381172e+05
  1.262033687710977e+09  1.172803204711752e+06  1.071049221278384e+06
  1.263098532750361e+09 -1.770647051405677e+06  8.768504306277765e+05
  1.263208104230834e+09 -1.055349611199467e+06  1.519337290683930e+06
  1.265318948086499e+09 -9.239375995393102e+05  1.488961782797620e+06
  1.264438733394447e+09 -2.380827675508309e+05  1.184022577831104e+06
  1.264700806964548e+09 -3.112851276757352e+06 -7.349244971071773e+05
  1.262500262942180e+09 -1.624031432325512e+05 -3.986194805103926e+05
  1.262786271039411e+09 -9.563246201441598e+05 -1.141382850236387e+06
  1.263187610136771e+09 -3.699843754812017e+06 -1.778930286253909e+06
  1.266812429307434e+09  1.581946809080816e+06 -7.397787096193131e+05
  1.261781854162021e+09  4.183242889845375e+06  7.537560312311412e+05
  1.263038336916510e+09  1.119224930273671e+06  2.322806061860032e+06
  1.263139722472155e+09  3.246113195282486e+06  3.811384316679299e+06
  1.260231415349834e+09  2.897079403234857e+06  2.841893278718016e+06
  1.264279411693985e+09 -1.093301886680768e+06  1.458024807389527e+06
  1.262687600112310e+09  9.318431531533827e+05  1.116214682447412e+06
  1.260804908683448e+09  5.667690127805248e+05  8.072806244838029e+05
  1.261373726745507e+09 -1.094018824184832e+06  1.274370172471116e+06
  1.264698627171730e+09 -1.954119423894956e+06  8.929922639391301e+05
  1.260443320766294e+09 -1.426548314917537e+06 -3.286870429683140e+05
  1.264611871050668e+09 -1.298590819264725e+06 -9.353771813946671e+05
  1.263232209238034e+09  5.838927628253244e+05 -2.358870309657007e+06
  1.264982857362434e+09  9.996713216789890e+04 -7.207542617365883e+05
  1.264807990069659e+09 -3.077900119299677e+06  1.096744638565968e+06
  1.263929402564016e+09 -2.637583490750053e+06  5.892630389710239e+05
  1.260001761651237e+09  2.900054969025827e+06  3.327566887140813e+05
  1.263013152821147e+09  2.989767766639962e+06  6.502959044573054e+05
  1.262531613847748e+09  1.118187895955318e+06  3.026115685377138e+06
  1.263768672005982e+09  3.517327810634308e+06  5.213341902728221e+06
  1.262400869764808e+09  1.790422915522659e+06  3.999158130244182e+06
  1.263729636682635e+09 -1.721167040942773e+06  2.198644917945612e+06
  1.263925186536768e+09  2.228951772474953e+06  5.512552094310052e+05
  1.261190508658937e+09 -2.399270748128592e+06 -8.232381388276163e+05
  1.265458154151059e+09 -5.556055306396807e+05  2.827069790501088e+05
  1.261218599119585e+09  3.451612638951385e+05  3.130129097712768e+06
  1.261724068469835e+09 -2.237066857478947e+05  4.234211237894194e+06
  1.262336250584414e+09 -4.113229340015194e+06  9.263957983689532e+05
  1.264054036431945e+09 -1.663601777522377e+04 -2.221654834500553e+06
  1.261018280339039e+09  9.871550948628291e+05 -1.850997926929983e+06
  1.263647146558783e+09 -1.573719956353493e+06 -1.330056057838462e+06
  1.262551757625079e+09 -6.531922969373397e+05 -1.058729969607702e+06
  1.263920677518464e+09  2.737283598862817e+06 -2.483380470178372e+06
  1.265069656560788e+09  1.575736153266785e+06 -1.385172397641437e+06
  1.263952214812477e+09  2.950877685698261e+06  4.317603926022355e+05
  1.260871344904684e+09  2.483827660899163e+06  1.476392040040898e+04
  1.263897859653527e+09  7.573200038344967e+05  1.466360043290528e+05
  1.261416047147451e+09 -9.043981097683238e+05 -4.987223578844221e+05
  1.260895717124231e+09  4.686302722171129e+06 -1.910615757084534e+06
  1.265406065600799e+09 -1.929643229213503e+06 -7.523457531836662e+05
  1.263512532806322e+09 -1.065964669445161e+06  1.702002433235635e+06
  1.260354813855084e+09  3.847419992985805e+06  1.358538609829062e+06
  1.263644060790653e+09  4.626701012560378e+05 -3.592352405219433e+05
  1.263125981848006e+09 -2.869800039004320e+06 -1.851877654939171e+06
  1.260708796820112e+09 -1.787999737156078e+05  2.938819311980458e+06
  1.263875942255723e+09  1.728298471815441e+06  3.964091508312175e+06
  1.261363414296175e+09 -3.946092534429758e+05  3.940286979159025e+06
  1.260361377847612e+09 -2.908439340466377e+05  2.092153960670006e+06
  1.262238456122357e+09  3.099539475785260e+06 -6.565201909623548e+05
  1.263545960856209e+09  7.564545488305867e+05 -1.074791346442934e+06
  1.264623089190235e+09  1.766971479443778e+06  7.109573008852148e+05
  1.263134914044433e+09 -3.897331568997166e+05  2.228502112484355e+06
  1.264430934114161e+09 -2.412195377517854e+05  4.404002069338898e+06
  1.264499467921493e+09  9.307788884194843e+05  5.247041971261919e+06
  1.267058418507264e+09  5.253395892062551e+06  3.244896951783851e+06
  1.263012922096922e+09  2.200907474704409e+06  2.082091702346161e+06
  1.262765591982206e+09 -4.080007174063753e+05  2.640169071796872e+06
  1.263840781830332e+09  2.468233067355603e+06  2.950725452145962e+06
  1.262211932024207e+09 -1.401553621231050e+06  1.475629649930983e+06
  1.260463658301376e+09  1.794430345743779e+06  1.208425783134638e+06
  1.260240985456236e+09  1.067827018222778e+06 -1.515395564854081e+05
  1.260134486871364e+09 -9.332762717543717e+04  8.795042198104811e+05
  1.265064906292074e+09 -9.684539833949523e+05  1.989914728010099e+06
  1.259938599904121e+09  7.687947928868681e+05  2.567845368613156e+06
  1.260550072474763e+09  2.223280113036457e+06  2.307905919551896e+06
  1.260228299790637e+09  1.240627932068574e+06  1.416190813909123e+06
  1.261046032185464e+09 -1.197467737030899e+06  1.797654282469966e+06
  1.264641762738660e+09 -3.734887883943322e+06  2.962318235653041e+06
  1.264640818521084e+09 -1.648803274110065e+06  1.672231998437630e+06
  1.265148865241070e+09  1.421598772737980e+06  2.654025384667085e+05
  1.260569387360075e+09  1.348606254756139e+06  8.572018847307740e+05
  1.261365299687659e+09  2.464324611998920e+06 -5.085857511434115e+05
  1.262703884289263e+09  4.165124222230378e+05 -1.443533749295196e+06
  1.264952586222917e+09 -2.014409655261438e+06 -4.887443619122814e+05
  1.262995580103919e+09 -8.553485375435493e+05  2.412538992079861e+05
  1.262171865026585e+09  8.896541990599508e+05  1.771583432314283e+05
  1.264309874604708e+09  7.274240348527868e+05  5.827335894502096e+05
  1.261771988312297e+09 -1.693535401923229e+06 -2.813688673062130e+05
  1.264203270126104e+09 -5.913534325682251e+05 -1.979855720755535e+06
  1.264073805258810e+09 -1.275362284545309e+04 -3.010895302951445e+06
  1.263040465363369e+09  2.039214117787024e+06 -2.306117659245568e+06
  1.263891345522991e+09  1.774743114760973e+06 -7.184024185812700e+05
  1.262587823643287e+09 -8.166160232123600e+05  7.220636293216886e+05
  1.262915957223500e+09 -4.562817955853703e+06  1.711687913409761e+06
  1.260113241223673e+09  2.639863057652044e+05  1.249179132904285e+06
  1.261826721094400e+09 -2.837071271584559e+05  1.427689361175545e+05
  1.263482217172203e+09 -1.903078650383532e+06 -3.338124877931832e+04
  1.261441532657089e+09  2.152516562116922e+06  8.840715835072859e+05
  1.262160734120903e+09 -4.926398109559612e+05  1.474933279185353e+06
  1.261591421766195e+09 -2.043167577687458e+06  5.990483509010025e+05
  1.263474982966431e+09  2.405070806094813e+06 -3.132870478778359e+05
  1.264023599336270e+09  1.304098545065814e+06  6.935775910541110e+04
  1.261316847216640e+09  4.595622313933887e+05  2.561477450617595e+06
  1.261424446017815e+09 -2.226125379230207e+06  1.267227758617307e+06
  1.260971077035108e+09  3.589262643913789e+05  1.316526517610694e+06
  1.262826683453053e+09 -9.011623975618357e+05  2.012925564677520e+06
  1.261646584006755e+09  4.176184892239107e+06  2.085164544684799e+06
  1.263539193584738e+09  2.685376397776287e+05  1.395509254029350e+06
  1.264274594968372e+09 -2.007174975283840e+06 -1.692690118538253e+05
  1.261896991706842e+09 -2.585563463271133e+06 -7.907548960087381e+05
  1.264317083163300e+09  3.381314102874071e+06 -8.350783004726711e+04
  1.261104283153500e+09 -9.423651296841367e+05  9.153066010015731e+05
  1.262863694740805e+09 -1.947570841091488e+06 -3.560980015344449e+05
  1.258704885649072e+09  2.520213795644897e+06 -2.982484061662910e+06
  1.262472036116080e+09 -1.495905758078205e+06 -1.625950329409828e+06
  1.259487708432988e+09  4.795196556395752e+05  4.595521634211843e+05
  1.265240119599205e+09  2.952068374979202e+06  6.668497338424516e+05
  1.261722996671720e+09  4.162238185111503e+06  2.117910689835800e+06
  1.263555615803330e+09  2.233244633608684e+06  4.710485835824793e+05
  1.261430396924071e+09  6.215407757913648e+05  1.842171310428116e+06
  1.263444535245876e+09 -4.570341422826214e+05 -1.571624257418085e+05
  1.261217367244833e+09 -1.540153737139946e+06 -2.133021398052054e+06
  1.262932767183446e+09  2.080421101129219e+06 -9.749265946168295e+05
  1.267514261480070e+09 -9.816685543280855e+05 -4.816847612427884e+05
  1.262794295000975e+09  6.717996824987172e+05 -1.501050631286629e+05
  1.263890915720796e+09 -1.226088834911205e+05  1.370739607754353e+06
  1.264039519407651e+09 -1.493691387415631e+06  5.645351475762313e+05
  1.264275417075449e+09 -2.124349222851897e+06 -1.145900316249907e+06
  1.264637271889474e+09  8.371410508034411e+05 -1.678374122352517e+06
  1.261015035802242e+09  1.173492215666048e+06 -2.031045377833474e+06
  1.264156806249358e+09 -1.048616400187130e+06 -1.544429175375391e+06
  1.263074800281041e+09  2.731933803768652e+06  8.146723584717029e+04
  1.263104654572639e+09  1.773847803450900e+06  8.491060704731329e+05
  1.263615870599641e+09 -1.430675656644309e+06 -1.230338802357292e+05
  1.264295244715180e+09  2.843308508209361e+05  1.197499966108165e+06
  1.264270456539908e+09  8.297660053436127e+05  2.018514398195311e+06
  1.266481259281436e+09  2.336617102668164e+06  2.887402646550944e+06
  1.262929149877078e+09 -1.661891684040632e+06  3.597934989927817e+06
  1.262377493699725e+09 -1.301981472601792e+06  2.752206743994483e+06
  1.262539479865674e+09 -8.351185215524526e+05  5.138214632744812e+05
  1.260630435166040e+09 -8.824869341158774e+00 -8.671005229853631e+05
  1.260549112744149e+09 -1.164515575518478e+05 -7.851333339105237e+05
  1.262309863597207e+09 -1.152814690701640e+06 -1.843654812309734e+06
  1.260047126946759e+09 -1.834415499816865e+06 -1.145209124392230e+06
  1.259027244748621e+09  1.169156503305427e+06  6.115753340547353e+05
  1.262980870528809e+09 -8.671994173176757e+05 -1.041473102713309e+06
  1.262846166160705e+09 -9.045883579005288e+05 -1.467722952426402e+06
  1.261212499498878e+09  1.798228614278324e+06  1.344703118814524e+06
  1.262985823283015e+09  9.564789937070644e+05  2.148193239770030e+06
  1.262066605432369e+09 -3.486680940542790e+06  9.152412335611893e+05
  1.259793643582883e+09 -7.451112926589686e+04  2.383000283175270e+06
  1.262899979107726e+09 -9.800101864251825e+05  2.304253906727463e+06
  1.263344848262406e+09  2.047117749914343e+06  1.227858258028125e+06
  1.263094924771162e+09 -1.619371768469414e+06  6.549454413330986e+05
  1.265778779907581e+09 -2.468553131678603e+06 -1.179855821254320e+05
  1.262440138821353e+09 -1.900434072444765e+06 -4.836561547028116e+05
  1.263045825230642e+09 -3.896782004155553e+05 -4.266791839214615e+05
  1.264339594638021e+09  6.695249114298222e+05 -1.137460787430893e+06
  1.264275502492580e+09  2.193335742030134e+06  2.435440091982618e+05
  1.262646382929681e+09 -1.391408413000378e+06  1.867728199008679e+06
  1.262933624935026e+09  4.953783126363241e+05 -9.168284881217134e+05
  1.261635093093101e+09 -1.185709024838521e+05 -3.039140099090723e+06
  1.263440559855105e+09 -1.086932133563142e+06 -9.675808853538203e+05
  1.265012824867880e+09  8.984757245443810e+05  2.063635426745886e+05
  1.266394923492643e+09 -3.245569007463993e+05  2.265149598206264e+05
  1.267366676936150e+09 -1.601535712338235e+05  1.278809322180417e+06
  1.262472424038140e+09  7.739473162658388e+05  1.223439973357724e+06
  1.264386009827891e+09 -1.983256408516658e+06  2.520407837554639e+06
  1.262985508582426e+09  5.535073048942081e+05  1.672746655058943e+06
  1.258918690932600e+09 -1.036442551466019e+06  7.735260645227607e+05
  1.263383951176788e+09 -2.133062730642971e+06 -8.685267264343151e+05
  1.262020273589297e+09 -1.495786726774935e+06 -1.500671610062038e+06
  1.261113667998542e+09 -1.157222780443019e+06 -8.084831985128202e+05
  1.260854896048825e+09  4.450777713942651e+05 -4.803377102782358e+05
  1.264103383044433e+09  4.337269853015194e+06  1.077241386222011e+06
  1.262687498741221e+09  8.546452439529436e+05  1.466520723786557e+06
  1.262136265922394e+09 -4.852649246864722e+05  5.173622529082273e+05
  1.262674711669105e+09  1.141356012152463e+06  3.741131069831059e+05
  1.264004776223554e+09 -1.626472815764768e+06 -2.908540568134425e+05
  1.263722051818581e+09  8.064263424814383e+05  1.800039148814252e+05
  1.264717863753187e+09  2.403420042929418e+05  1.994356067138670e+06
  1.261540675212647e+09 -3.511650374201150e+05  1.183720025535244e+06
  1.264555158701879e+09  2.113197409079771e+06  1.948788367991738e+06
  1.263404303460755e+09  3.522150153408159e+05  2.364073892729471e+06
  1.262011574188706e+09  7.860265024456404e+05  2.455398079527667e+06
  1.264388028890757e+09 -1.710135504242593e+06  4.237120527975513e+06
  1.262136782824391e+09 -2.193528760137006e+06  4.267217887005237e+06
  1.260101795116845e+09 -9.015541476298744e+05  2.767438573278147e+05
  1.262560976902229e+09 -6.624644665232345e+05 -2.263852036318251e+06
  1.264387909224882e+09 -4.740519822288956e+05 -1.214780855476352e+06
  1.261917060021192e+09  2.193202255314937e+06  1.209623485078177e+06
  1.265268988150125e+09  6.002930760103485e+05  2.399740691962035e+06
  1.266028055021281e+09 -2.493280426580928e+06  1.552498698825319e+06
  1.262568359096588e+09 -3.772019936624347e+04  2.339607182123366e+05
  1.264076762420619e+09 -2.291106468416603e+06  1.668499525398759e+05
  1.258649373035889e+09  1.613720753784578e+05  1.523062690072397e+06
  1.266651167088729e+09  2.580920800665303e+05  2.540647270153022e+06
  1.262664069240853e+09 -2.108868128213494e+06  2.057250182001172e+06
  1.266828322988604e+09  3.536570401123632e+06 -9.022700065892029e+05
  1.262565718273151e+09  4.447836786863004e+06 -2.362770643218706e+06
  1.263541295057789e+09  2.087827226871272e+06 -1.923898288612396e+06
  1.263044616237700e+09 -2.362313540060863e+06 -9.236006581536621e+05
  1.262494360405604e+09 -1.660808256710400e+06  1.869135142928496e+06
  1.260310618113629e+09 -2.888116104165152e+06  3.891107239062979e+06
  1.262572098653619e+09  1.915398981748465e+06  1.696985095556416e+06
  1.259782537279386e+09  3.145842170133212e+05 -9.951292079415151e+05
  1.259199828149021e+09 -7.576752072391690e+03  1.140590346787726e+05
  1.262988164876390e+09 -1.911881499140697e+06  2.261134228670286e+06
  1.265820358819488e+09 -4.787479964818173e+06  1.019610223351265e+06
  1.260672552393925e+09  6.424945180091010e+05 -5.850034892935276e+05
  1.262944846741838e+09 -2.035977313549440e+06  5.942010758541103e+05
  1.261803153725894e+09 -1.844685799622175e+06  7.840399847663116e+05
  1.262693803165158e+09 -4.799521316811290e+05  2.720929869239812e+05
  1.267758260878499e+09 -8.269032240442550e+05  6.701378101994561e+05
  1.259429937757567e+09  2.155302297075999e+06  6.267706982778115e+05
  1.260794075086197e+09  3.921967612733274e+06 -7.798366168560819e+05
  1.264308793565973e+09  3.640678630352526e+06 -3.074419402081848e+06
  1.259802191338567e+09 -1.707890970448995e+06 -3.209948958215176e+06
  1.262712646180489e+09  5.789179858288432e+05 -2.044850311247390e+06
  1.262131160885986e+09 -2.179905554454003e+06  8.362746206590417e+04
  1.259727896735890e+09  2.604615866660402e+06  9.546851126723796e+05
  1.264405520059044e+09  1.506081729823664e+06 -9.713361016846021e+05
  1.263397254053378e+09  1.516763862400031e+06 -2.316682156823427e+06
  1.258086256924461e+09 -2.413485632151082e+06 -2.037196291118953e+06
  1.263319490076877e+09 -3.322032465493391e+06 -8.050815924328935e+05
  1.264690370544362e+09  1.479019448739081e+06 -4.969161612552244e+05
  1.262667763577240e+09 -1.145247971961787e+06 -8.538757618917034e+05
  1.263654830980912e+09 -1.687699922466122e+06 -1.087018037643019e+06
  1.262696666224665e+09 -4.736715531070499e+05 -2.834231582860913e+06
  1.264154186341432e+09 -9.392386650055451e+05 -1.849060291680762e+06
  1.259757239026958e+09  1.525916941228132e+06 -1.279752079469383e+06
  1.261867627323331e+09 -1.461362328873781e+06  3.040260239244421e+05
  1.260713571394364e+09  3.205472825573908e+06  1.966369450414815e+05
  1.262754380665011e+09 -1.636938506918428e+06  4.977515458788743e+05
  1.261941997142119e+09 -5.252282261702679e+05  1.237323814235501e+06
  1.263866704300700e+09 -2.136976295668009e+06  9.174146974706477e+05
  1.261901684778546e+09  1.504682351139979e+06  7.960999027944366e+05
  1.265060033256818e+09  2.953662752496549e+05  4.511891931188947e+05
  1.262214827429524e+09  3.017462931749607e+06 -7.795499110079209e+05
  1.262569269314651e+09 -1.072219845108289e+06 -7.286531809709066e+05
  1.264964977405226e+09 -8.342867557447357e+05  6.769574541924306e+05
  1.264023090562802e+09  2.172520576621322e+06  1.073859021237400e+06
  1.261037015482799e+09 -7.322414946713529e+05  8.609737819088059e+05
  1.262359214993113e+09 -2.436661550418213e+05 -3.031974379126617e+04
  1.263782395782791e+09  2.964282246093420e+05 -2.199597152043417e+06
  1.261880305012391e+09 -2.243945860991671e+06 -2.976174801215497e+06
  1.264024995413252e+09  3.093779869669156e+06 -3.158439720643936e+06
  1.264542393522120e+09 -2.450222438210647e+06 -9.924296291312532e+05
  1.263348872393168e+09  2.213275635630300e+06  4.408519733475814e+05
  1.262604540682907e+09 -1.673793375566456e+06 -1.319491464167201e+06
  1.262238483677387e+09 -3.491500975694310e+06 -2.645684078971900e+06
  1.258842566839793e+09 -4.376176114076459e+06 -3.072451910249830e+06
  1.266171249685794e+09  8.401135960500296e+05 -3.702557884923238e+06
  1.265236063133487e+09 -2.911366715554726e+05 -3.845497082340347e+06
  1.264903832103657e+09  2.702838303154347e+06 -3.996161445142383e+06
  1.265512671348369e+09 -1.023038849224313e+06 -2.585777950022928e+06
  1.263130402376095e+09 -5.668942881399383e+04 -7.923381303032076e+05
  1.264939898234099e+09  2.841403222582497e+06 -2.074173370321564e+06
  1.263691196352638e+09 -6.607733706032336e+05 -2.197799611445950e+06
  1.263645375235148e+09 -6.424005271647198e+05 -2.859125197777839e+04
  1.264829371711637e+09  6.481959701394939e+05 -3.512155366374858e+05
  1.265770831566007e+09 -2.244528894911932e+06 -2.484931776511513e+06
  1.266034147336060e+09  2.429624491549101e+06 -2.067314858568853e+06
  1.260550923377006e+09  1.380647467379600e+06  4.380903257964129e+05
  1.263488226024436e+09  2.084986372555484e+06  3.537266702712043e+06
  1.262402502008893e+09 -1.667953614602437e+06  4.288753055999165e+06
  1.266627901509201e+09 -3.527106299896500e+06  2.731718364524353e+06
  1.263360293060709e+09 -3.999391384223035e+06  1.958435825334426e+06
  1.262948358359661e+09 -1.033624698841748e+06  3.326339850749386e+05
  1.260911438920545e+09  3.619715773285838e+05 -2.221472383909977e+06
  1.262487553681793e+09  2.224369745520797e+06 -2.092999943944957e+06
  1.263297884997903e+09 -1.621944933003127e+06  1.537158564881759e+05
  1.262073060433349e+09  3.576010165243429e+05  8.147496127469590e+05
  1.262307060989794e+09  1.148098079646671e+06  4.154395604611709e+05
  1.259481042612005e+09 -2.704684526152630e+06 -7.199085589782835e+05
  1.263780382795215e+09 -2.018211265837529e+06 -1.342630641661103e+06
  1.258616249704591e+09  2.389850338821566e+05 -1.253011830773865e+06
  1.260462583543797e+09 -5.679288762793497e+05 -2.407198125717437e+06
  1.266242812873834e+09  9.009229508249797e+05  4.398965392585133e+06
  1.264305597110002e+09  2.514239579211938e+06  2.361235826535816e+06
  1.264775346298567e+09  2.974404260549161e+06  2.136746930250661e+06
  1.262030865968933e+09 -2.103951482115960e+06  8.185021670835080e+05
  1.258359653335634e+09 -2.397282474802319e+06  2.310999459519011e+05
  1.262666496604676e+09 -2.681467807427054e+06  1.573807911417578e+06
  1.264233772512844e+09 -2.350681472715422e+06 -6.572706360368291e+05
  1.261901975957401e+09 -1.577448903440567e+06 -2.995935908681527e+06
  1.260950323264145e+09  8.682105503461796e+05 -1.253350820765018e+06
  1.262061039270322e+09 -6.916944874433387e+05  3.185265327625530e+05
  1.262961212585843e+09  5.933136919798182e+05  2.068336743781042e+04
  1.263258290265625e+09 -7.309454870682616e+05  1.187802288667735e+06
  1.264902426824677e+09 -4.486326620824598e+06  2.314196207187365e+06
  1.260049755590989e+09 -9.847416674803749e+05  4.010408784133623e+05
  1.263447191475878e+09 -7.408717534649197e+05 -7.709356290383276e+04
  1.262143383067401e+09 -2.077539312500517e+05  3.448997127507776e+06
  1.264843247046123e+09  8.460285685687086e+05 -6.182877324474414e+05
  1.260945468687317e+09  9.056678964992616e+05 -2.752640224197434e+06
  1.265481261409608e+09  4.350288902579943e+06 -1.588748196718361e+06
  1.262454137870767e+09 -8.953269514432792e+05  2.904124652321020e+06
  1.263001257138332e+09 -2.281667684706891e+06  4.636991896205874e+06
  1.263290407133018e+09 -9.261997383214250e+05  3.199600109827385e+06
  1.264940244468805e+09  1.129637247287989e+06 -4.528775306144394e+05
  1.261909895604707e+09 -1.402131152858475e+06 -3.067942443561414e+06
  1.262986789470119e+09 -1.163914571817859e+06 -1.322128631565325e+06
  1.262210639072082e+09  1.057675549582584e+06  4.116398256952366e+05
  1.261397459073904e+09  4.810014622795651e+05 -1.766405394985108e+06
  1.263735978922500e+09 -1.210418133185473e+06 -2.548117510690484e+06
  1.265631335811113e+09 -1.317167431117200e+06 -6.783499948055166e+05
  1.259254513569524e+09  1.806561737486928e+06  1.632223350888241e+06
  1.266856969353302e+09 -2.549815850398420e+06  3.346751178742005e+06
  1.262340001196820e+09 -2.222479014229965e+06  1.778057833529070e+06
  1.264960469611315e+09  9.235354654368517e+05 -1.294051492123451e+06
  1.264338635552094e+09  1.257564821112689e+06 -2.044155157747088e+06
  1.259594975768306e+09  2.342968595242097e+06 -6.757692679639687e+05
  1.263063199679756e+09  6.907671057961569e+05 -8.024993869928339e+04
  1.265080985679392e+09 -1.917626961573872e+06 -5.145945112099297e+05
  1.262382747617050e+09 -1.621277122752898e+05 -1.310900208092411e+03
  1.266005582052764e+09  3.312256381158057e+06  9.719209306578336e+05
  1.265228185142383e+09  4.184892943682106e+05  1.559439793261125e+06
  1.266902831711308e+09 -7.959467262808982e+05  2.125957765282989e+06
  1.262920800191284e+09  1.177208292933442e+06  2.655632073807131e+06
  1.267992143739577e+09  1.050911069050609e+05  2.643959996172110e+06
  1.262355269001416e+09 -1.769780511662394e+06  3.656724808727393e+05
  1.263635128931828e+09  1.756798447397178e+06 -1.267432236463142e+06
  1.266120371925157e+09  2.766231160728957e+06  1.379980501988897e+06
  1.261880937704429e+09 -3.362234458323258e+06  3.655205741208768e+06
  1.261894046025936e+09 -3.231636093646878e+06  1.810188072286925e+06
  1.257448176308789e+09  9.459412575770258e+05  1.630698387226606e+06
  1.259974378844392e+09  2.476669771377172e+06  1.611821107095163e+06
  1.263103286582821e+09 -6.915128615413894e+05  2.570972567270485e+06
  1.262038428803715e+09  3.608224915112104e+05  3.254472234399083e+06
  1.262339997274458e+09 -8.517737443521980e+04  2.305512961999993e+06
  1.259955577440822e+09 -1.868259878529516e+06 -8.811540169971834e+05
  1.264147531855550e+09  1.909646791036207e+05 -2.178227039361446e+06
  1.262413783942684e+09  6.591909535923637e+05 -1.100505348981270e+06
  1.265569013420652e+09  7.572404808928561e+05 -2.250403916978413e+06
  1.265522370425134e+09 -9.452832659723915e+05 -3.522705460111069e+06
  1.259130953720287e+09  2.361233919050218e+05 -3.046125876657927e+06
  1.261073719908026e+09 -9.796871970320046e+05 -2.138245970306502e+06
  1.262345254635990e+09  1.487897862712179e+05 -1.267458768525513e+06
  1.263194188502172e+09  2.851584918086097e+06 -1.739102241515087e+06
  1.261183036414873e+09 -2.491154202113640e+06 -1.008973071183744e+06
  1.264202310889022e+09 -1.805988365619624e+06  1.271414940207659e+06
  1.264724418181097e+09  1.373485836328513e+05 -5.305619650404954e+05
  1.260149258512177e+09  1.453839599692847e+06 -2.259838089724383e+06
  1.263822793888894e+09 -1.011066102969835e+06 -2.482997964993866e+06
  1.265014856211696e+09  7.271403838244963e+05 -1.431823272605006e+06
  1.261271761487210e+09  2.270796010125187e+06 -2.126495061478353e+06
  1.265431968035246e+09 -2.598247693948849e+06 -2.333727196508490e+06
  1.262721105078658e+09 -1.957841411024499e+06 -8.104105368169193e+05
  1.263714506683527e+09  1.528647362705518e+05 -5.355633865862233e+05
  1.259914880754483e+09  1.527442320003562e+06 -5.960350639864709e+04
  1.265441311953637e+09 -3.134125236384405e+06  1.183998099669902e+06
  1.263414335252301e+09  7.619670466066877e+05  1.982319873538013e+06
  1.262404830568930e+09  4.295962463131726e+05  9.019663263065387e+05
  1.263652613689042e+09 -2.180579076341325e+06 -1.137066421734906e+06
  1.261385301643113e+09  3.082342970351763e+06 -9.196673644102712e+05
  1.263475506258603e+09 -2.618902582270619e+06  8.391938768914921e+04
  1.261967900398913e+09  1.036631278359678e+06  3.137586886237012e+05
  1.263246932476809e+09  1.140460252928859e+06  2.812178302547875e+05
  1.261867616714937e+09  9.516558917538053e+04  8.602380441924069e+05
  1.261458793810457e+09 -1.390815744719014e+06 -5.711924682031493e+05
  1.263192655439176e+09 -3.734499134186411e+04 -2.070601715681620e+06
  1.263569998763123e+09  3.976674838362972e+06  4.925697186196696e+05
  1.265765690179544e+09 -1.631733007348430e+06  3.219534707714730e+06
  1.262850296750431e+09 -4.817069794383168e+05  1.410887875170760e+06
  1.262543549067431e+09 -2.758938529915632e+05 -3.810661436157681e+05
  1.264798490527028e+09  7.001179229655704e+05  1.086109618842822e+06
  1.259538405051179e+09 -3.527176222605184e+06  1.801210052723933e+06
  1.262379584212581e+09  7.840381592783325e+05 -1.805557121167252e+06
  1.262806692397951e+09  1.219329593826982e+06 -3.957972969671193e+06
  1.265172328468158e+09 -1.970441441615971e+06 -6.388714419322994e+05
  1.259228233878320e+09  3.169275225828757e+06  1.400290539474903e+06
  1.263322069781452e+09 -1.051413466554176e+06  6.778467370616666e+05
  1.262209506920342e+09  2.218867656580946e+06  6.137823350880363e+04
